path,validity,family,signed_delta,fraction_below_upper2,gap_region,error
nstxuE202855A01t020/N1/egn01w.1291E+01,good,tae,0.9275,1.0000,below_upper2,
nstxuE202855A01t020/N1/egn01w.2269E+01,good,tae,0.9264,1.0000,below_upper2,
nstxuE202855A01t020/N1/egn01w.2608E+01,bad,none,0.4278,1.0000,below_upper2,
nstxuE202855A01t020/N1/egn01w.8188E+00,good,tae,0.9417,1.0000,below_upper2,
nstxuE202855A01t020/N1/egn01w.8555E+00,good,tae,0.9362,1.0000,below_upper2,
nstxuE202855A01t020/N1/egn01w.9166E+00,good,tae,0.9610,1.0000,below_upper2,
nstxuE202855A01t020/N10/egn10w.1054E+01,good,tae,0.9739,1.0000,below_upper2,
nstxuE202855A01t020/N10/egn10w.1210E+01,bad,none,0.8983,1.0000,below_upper2,
nstxuE202855A01t020/N10/egn10w.1398E+01,good,tae,0.9520,1.0000,below_upper2,
nstxuE202855A01t020/N10/egn10w.1463E+01,good,tae,0.9581,1.0000,below_upper2,
nstxuE202855A01t020/N10/egn10w.1484E+01,good,tae,0.9558,1.0000,below_upper2,
nstxuE202855A01t020/N10/egn10w.1667E+01,good,tae,0.9590,1.0000,below_upper2,
nstxuE202855A01t020/N10/egn10w.1763E+01,bad,none,0.7503,0.9753,below_upper2,
nstxuE202855A01t020/N10/egn10w.2181E+01,good,tae,0.9104,1.0000,below_upper2,
nstxuE202855A01t020/N10/egn10w.2289E+01,good,tae,0.9774,1.0000,below_upper2,
nstxuE202855A01t020/N10/egn10w.2558E+01,good,tae,0.8606,0.9972,below_upper2,
nstxuE202855A01t020/N10/egn10w.2605E+01,good,tae,0.9760,0.9999,below_upper2,
nstxuE202855A01t020/N10/egn10w.3318E+01,bad,none,0.3481,0.6979,below_upper2,
nstxuE202855A01t020/N10/egn10w.3637E+01,good,tae,0.9818,0.9998,below_upper2,
nstxuE202855A01t020/N2/egn02w.1042E+01,good,tae,0.9381,1.0000,below_upper2,
nstxuE202855A01t020/N2/egn02w.1249E+01,good,tae,0.9223,1.0000,below_upper2,
nstxuE202855A01t020/N2/egn02w.1663E+01,good,tae,0.9483,1.0000,below_upper2,
nstxuE202855A01t020/N2/egn02w.7276E+00,bad,none,0.9960,1.0000,below_upper2,
nstxuE202855A01t020/N2/egn02w.8670E+00,good,tae,0.9508,1.0000,below_upper2,
nstxuE202855A01t020/N3/egn03w.1155E+01,good,tae,0.9248,1.0000,below_upper2,
nstxuE202855A01t020/N3/egn03w.1270E+01,good,tae,0.9156,1.0000,below_upper2,
nstxuE202855A01t020/N3/egn03w.1525E+01,good,tae,0.9536,1.0000,below_upper2,
nstxuE202855A01t020/N3/egn03w.2095E+01,good,tae,0.9659,1.0000,below_upper2,
nstxuE202855A01t020/N3/egn03w.3436E+01,bad,none,0.9243,0.9979,below_upper2,
nstxuE202855A01t020/N3/egn03w.3511E+01,bad,none,0.8662,0.9896,below_upper2,
nstxuE202855A01t020/N3/egn03w.3563E+01,bad,none,0.6551,0.6453,below_upper2,
nstxuE202855A01t020/N3/egn03w.9898E+00,good,tae,0.9562,1.0000,below_upper2,
nstxuE202855A01t020/N4/egn04w.1286E+01,good,tae,0.9086,1.0000,below_upper2,
nstxuE202855A01t020/N4/egn04w.1502E+01,good,tae,0.9559,1.0000,below_upper2,
nstxuE202855A01t020/N4/egn04w.1839E+01,good,tae,0.9658,1.0000,below_upper2,
nstxuE202855A01t020/N4/egn04w.3787E+01,bad,none,0.3985,0.7129,below_upper2,
nstxuE202855A01t020/N5/egn05w.1302E+01,good,tae,0.9011,1.0000,below_upper2,
nstxuE202855A01t020/N5/egn05w.1723E+01,good,tae,0.9637,1.0000,below_upper2,
nstxuE202855A01t020/N5/egn05w.3402E+01,bad,none,0.6954,0.9432,below_upper2,
nstxuE202855A01t020/N5/egn05w.4250E+01,bad,none,0.9373,0.9922,below_upper2,
nstxuE202855A01t020/N6/egn06w.2444E+01,good,tae,0.4942,1.0000,below_upper2,
nstxuE202855A01t020/N6/egn06w.2549E+00,bad,none,0.9973,1.0000,below_upper2,
nstxuE202855A01t020/N6/egn06w.2712E+00,bad,none,0.9996,1.0000,below_upper2,
nstxuE202855A01t020/N6/egn06w.2901E+01,bad,none,0.6694,0.9446,below_upper2,
nstxuE202855A01t020/N6/egn06w.4615E+01,bad,none,0.9436,0.9526,below_upper2,
nstxuE202855A01t020/N6/egn06w.8460E+00,bad,none,0.9980,1.0000,below_upper2,
nstxuE202855A01t020/N7/egn07w.1014E+01,good,tae,0.9601,1.0000,below_upper2,
nstxuE202855A01t020/N7/egn07w.1076E+01,good,tae,0.9376,1.0000,below_upper2,
nstxuE202855A01t020/N7/egn07w.1148E+01,good,tae,0.9755,1.0000,below_upper2,
nstxuE202855A01t020/N7/egn07w.1163E+01,bad,none,0.9952,1.0000,below_upper2,
nstxuE202855A01t020/N7/egn07w.1274E+01,good,tae,0.9400,1.0000,below_upper2,
nstxuE202855A01t020/N7/egn07w.1318E+01,good,tae,0.9852,1.0000,below_upper2,
nstxuE202855A01t020/N7/egn07w.1445E+01,good,tae,0.9543,1.0000,below_upper2,
nstxuE202855A01t020/N7/egn07w.1492E+01,good,tae,0.9568,1.0000,below_upper2,
nstxuE202855A01t020/N7/egn07w.3596E+00,bad,none,0.9994,1.0000,below_upper2,
nstxuE202855A01t020/N7/egn07w.8487E+00,bad,none,0.9980,1.0000,below_upper2,
nstxuE202855A01t020/N7/egn07w.9437E+00,good,tae,0.9690,1.0000,below_upper2,
nstxuE202855A01t020/N8/egn08w.1114E+01,good,tae,0.9489,1.0000,below_upper2,
nstxuE202855A01t020/N8/egn08w.1247E+01,bad,none,0.9060,1.0000,below_upper2,
nstxuE202855A01t020/N8/egn08w.1297E+01,good,tae,0.9376,1.0000,below_upper2,
nstxuE202855A01t020/N8/egn08w.1328E+01,good,tae,0.9917,1.0000,below_upper2,
nstxuE202855A01t020/N8/egn08w.1512E+01,good,tae,0.9766,1.0000,below_upper2,
nstxuE202855A01t020/N8/egn08w.1571E+01,good,tae,0.9593,1.0000,below_upper2,
nstxuE202855A01t020/N8/egn08w.1641E+01,bad,none,0.9601,1.0000,below_upper2,
nstxuE202855A01t020/N8/egn08w.3066E+01,bad,none,0.6286,0.9943,below_upper2,
nstxuE202855A01t020/N8/egn08w.9221E+00,good,tae,0.9931,1.0000,below_upper2,
nstxuE202855A01t020/N9/egn09w.1047E+01,good,tae,0.9571,1.0000,below_upper2,
nstxuE202855A01t020/N9/egn09w.1140E+01,good,tae,0.9435,1.0000,below_upper2,
nstxuE202855A01t020/N9/egn09w.1253E+01,good,tae,0.9982,1.0000,below_upper2,
nstxuE202855A01t020/N9/egn09w.1297E+01,good,tae,0.9444,1.0000,below_upper2,
nstxuE202855A01t020/N9/egn09w.1335E+01,good,tae,0.9941,1.0000,below_upper2,
nstxuE202855A01t020/N9/egn09w.1460E+01,good,tae,0.9552,1.0000,below_upper2,
nstxuE202855A01t020/N9/egn09w.1518E+01,good,tae,0.9605,1.0000,below_upper2,
nstxuE202855A01t020/N9/egn09w.2004E+01,good,tae,0.9711,1.0000,below_upper2,
nstxuE202855A01t020/N9/egn09w.2935E+01,bad,none,0.7776,0.9983,below_upper2,
nstxuE202855A01t020/N9/egn09w.3430E+01,bad,none,0.2783,0.4590,mixed,
nstxuE202855A01t020/N9/egn09w.3613E+01,bad,none,0.1816,0.7473,below_upper2,
nstxuE202855A01t020/N9/egn09w.3813E+01,bad,none,0.1299,0.5770,below_upper2,
nstxuE202855A01t020/N9/egn09w.9307E+00,bad,none,0.9753,1.0000,below_upper2,
nstxuE204669M03t025/N1/egn01w.1001E+02,bad,none,0.1128,0.1134,mixed,
nstxuE204669M03t025/N1/egn01w.1044E+02,bad,none,0.4262,0.3787,mixed,
nstxuE204669M03t025/N1/egn01w.1052E+02,bad,none,0.4455,0.4052,mixed,
nstxuE204669M03t025/N1/egn01w.1061E+02,bad,none,0.4349,0.4002,mixed,
nstxuE204669M03t025/N1/egn01w.1071E+02,bad,none,0.4150,0.3888,mixed,
nstxuE204669M03t025/N1/egn01w.1081E+02,bad,none,0.3954,0.3754,mixed,
nstxuE204669M03t025/N1/egn01w.1091E+02,bad,none,0.3807,0.3672,mixed,
nstxuE204669M03t025/N1/egn01w.1101E+02,bad,none,0.3741,0.3667,mixed,
nstxuE204669M03t025/N1/egn01w.1131E+02,bad,none,0.3978,0.4125,mixed,
nstxuE204669M03t025/N1/egn01w.1141E+02,bad,none,0.3353,0.3783,mixed,
nstxuE204669M03t025/N1/egn01w.1149E+02,bad,none,0.0896,0.2308,mixed,
nstxuE204669M03t025/N1/egn01w.1565E+02,bad,none,0.0590,0.3922,mixed,
nstxuE204669M03t025/N1/egn01w.3425E+02,bad,none,0.1327,0.8611,below_upper2,
nstxuE204669M03t025/N1/egn01w.3485E+02,bad,none,-0.0898,0.3632,mixed,
nstxuE204669M03t025/N1/egn01w.4972E+01,bad,none,0.9644,1.0000,below_upper2,
nstxuE204669M03t025/N1/egn01w.5033E+01,bad,none,0.9637,1.0000,below_upper2,
nstxuE204669M03t025/N1/egn01w.5092E+01,bad,none,0.9583,1.0000,below_upper2,
nstxuE204669M03t025/N1/egn01w.5285E+01,bad,none,0.9624,1.0000,below_upper2,
nstxuE204669M03t025/N1/egn01w.5346E+01,bad,none,0.9600,1.0000,below_upper2,
nstxuE204669M03t025/N1/egn01w.5407E+01,bad,none,0.9575,1.0000,below_upper2,
nstxuE204669M03t025/N1/egn01w.5468E+01,bad,none,0.9545,1.0000,below_upper2,
nstxuE204669M03t025/N1/egn01w.5528E+01,bad,none,0.9509,1.0000,below_upper2,
nstxuE204669M03t025/N1/egn01w.5586E+01,bad,none,0.9465,1.0000,below_upper2,
nstxuE204669M03t025/N1/egn01w.5643E+01,bad,none,0.9412,1.0000,below_upper2,
nstxuE204669M03t025/N1/egn01w.5698E+01,bad,none,0.9349,1.0000,below_upper2,
nstxuE204669M03t025/N1/egn01w.7103E+01,bad,none,0.8056,1.0000,below_upper2,
nstxuE204669M03t025/N1/egn01w.7162E+01,bad,none,0.6647,1.0000,below_upper2,
nstxuE204669M03t025/N1/egn01w.7318E+01,bad,none,0.7102,1.0000,below_upper2,
nstxuE204669M03t025/N1/egn01w.9104E+01,bad,none,0.7117,1.0000,below_upper2,
nstxuE204669M03t025/N1/egn01w.9754E+01,bad,none,0.5633,0.4836,mixed,
nstxuE204669M03t025/N1/egn01w.9800E+01,bad,none,0.5290,0.4446,mixed,
nstxuE204669M03t025/N1/egn01w.9851E+01,bad,none,0.4087,0.3094,mixed,
nstxuE204669M03t025/N10/egn10w.1295E+02,bad,none,0.9917,0.9959,below_upper2,
nstxuE204669M03t025/N10/egn10w.1393E+02,good,tae,0.9937,0.9998,below_upper2,
nstxuE204669M03t025/N10/egn10w.1678E+02,good,tae,0.9941,1.0000,below_upper2,
nstxuE204669M03t025/N10/egn10w.1831E+02,good,tae,0.9931,0.9995,below_upper2,
nstxuE204669M03t025/N10/egn10w.1984E+02,good,tae,0.9919,0.9994,below_upper2,
nstxuE204669M03t025/N10/egn10w.2352E+02,bad,none,0.9493,0.9809,below_upper2,
nstxuE204669M03t025/N10/egn10w.3232E+02,bad,none,-0.4800,0.6524,below_upper2,
nstxuE204669M03t025/N10/egn10w.3354E+01,bad,none,0.8813,1.0000,below_upper2,
nstxuE204669M03t025/N10/egn10w.3902E+01,bad,none,0.9577,1.0000,below_upper2,
nstxuE204669M03t025/N10/egn10w.6956E+01,bad,none,1.0000,1.0000,below_upper2,
nstxuE204669M03t025/N10/egn10w.7060E+01,bad,none,0.9997,1.0000,below_upper2,
nstxuE204669M03t025/N10/egn10w.7202E+01,bad,none,0.7378,1.0000,below_upper2,
nstxuE204669M03t025/N10/egn10w.7308E+01,good,tae,0.8316,1.0000,below_upper2,
nstxuE204669M03t025/N10/egn10w.7320E+01,bad,none,0.9971,1.0000,below_upper2,
nstxuE204669M03t025/N10/egn10w.7514E+01,bad,none,0.9974,1.0000,below_upper2,
nstxuE204669M03t025/N10/egn10w.7710E+01,good,tae,0.8190,1.0000,below_upper2,
nstxuE204669M03t025/N10/egn10w.7878E+01,good,tae,0.8238,1.0000,below_upper2,
nstxuE204669M03t025/N10/egn10w.7922E+01,good,tae,0.9224,1.0000,below_upper2,
nstxuE204669M03t025/N10/egn10w.7964E+01,bad,none,1.0000,1.0000,below_upper2,
nstxuE204669M03t025/N10/egn10w.8131E+01,good,tae,0.8211,1.0000,below_upper2,
nstxuE204669M03t025/N10/egn10w.8427E+01,good,tae,0.7858,1.0000,below_upper2,
nstxuE204669M03t025/N10/egn10w.8503E+01,bad,none,0.9638,1.0000,below_upper2,
nstxuE204669M03t025/N10/egn10w.8821E+01,good,tae,0.8058,1.0000,below_upper2,
nstxuE204669M03t025/N10/egn10w.9275E+01,good,tae,0.9594,0.9864,below_upper2,
nstxuE204669M03t025/N10/egn10w.9552E+01,bad,none,0.9783,1.0000,below_upper2,
nstxuE204669M03t025/N2/egn02w.2918E+02,bad,none,0.3233,0.9666,below_upper2,
nstxuE204669M03t025/N2/egn02w.3307E+02,bad,none,0.2081,0.8545,below_upper2,
nstxuE204669M03t025/N2/egn02w.3365E+02,bad,none,0.5895,0.7681,below_upper2,
nstxuE204669M03t025/N2/egn02w.3391E+02,bad,none,0.2566,0.6966,below_upper2,
nstxuE204669M03t025/N2/egn02w.4446E+01,bad,none,0.9787,1.0000,below_upper2,
nstxuE204669M03t025/N2/egn02w.4506E+01,bad,none,0.9763,1.0000,below_upper2,
nstxuE204669M03t025/N2/egn02w.4566E+01,bad,none,0.9740,1.0000,below_upper2,
nstxuE204669M03t025/N2/egn02w.4627E+01,bad,none,0.9717,1.0000,below_upper2,
nstxuE204669M03t025/N2/egn02w.4688E+01,bad,none,0.9695,1.0000,below_upper2,
nstxuE204669M03t025/N2/egn02w.4749E+01,bad,none,0.9674,1.0000,below_upper2,
nstxuE204669M03t025/N2/egn02w.4810E+01,bad,none,0.9653,1.0000,below_upper2,
nstxuE204669M03t025/N2/egn02w.4871E+01,bad,none,0.9633,1.0000,below_upper2,
nstxuE204669M03t025/N2/egn02w.4933E+01,bad,none,0.9613,1.0000,below_upper2,
nstxuE204669M03t025/N2/egn02w.7509E+01,bad,none,0.5054,1.0000,below_upper2,
nstxuE204669M03t025/N2/egn02w.7610E+01,bad,none,0.4469,1.0000,below_upper2,
nstxuE204669M03t025/N2/egn02w.7702E+01,bad,none,0.5419,1.0000,below_upper2,
nstxuE204669M03t025/N2/egn02w.7803E+01,bad,none,0.7302,1.0000,below_upper2,
nstxuE204669M03t025/N2/egn02w.7847E+01,bad,none,0.7878,1.0000,below_upper2,
nstxuE204669M03t025/N2/egn02w.7927E+01,bad,none,0.8269,1.0000,below_upper2,
nstxuE204669M03t025/N2/egn02w.8168E+01,bad,none,0.9534,1.0000,below_upper2,
nstxuE204669M03t025/N2/egn02w.8249E+01,bad,none,0.9329,1.0000,below_upper2,
nstxuE204669M03t025/N2/egn02w.9006E+01,bad,none,0.1780,0.1144,mixed,
nstxuE204669M03t025/N2/egn02w.9225E+01,bad,none,0.5938,0.6000,below_upper2,
nstxuE204669M03t025/N2/egn02w.9291E+01,bad,none,0.6332,0.6690,below_upper2,
nstxuE204669M03t025/N3/egn03w.1022E+02,bad,none,0.9415,0.9873,below_upper2,
nstxuE204669M03t025/N3/egn03w.2984E+02,bad,none,0.6620,0.9437,below_upper2,
nstxuE204669M03t025/N3/egn03w.3046E+02,bad,none,0.6215,0.8882,below_upper2,
nstxuE204669M03t025/N3/egn03w.3084E+02,bad,none,0.3923,0.9530,below_upper2,
nstxuE204669M03t025/N3/egn03w.3347E+02,bad,none,0.5745,0.8411,below_upper2,
nstxuE204669M03t025/N3/egn03w.4502E+01,bad,none,0.9812,1.0000,below_upper2,
nstxuE204669M03t025/N3/egn03w.5337E+01,bad,none,0.9694,1.0000,below_upper2,
nstxuE204669M03t025/N3/egn03w.5403E+01,bad,none,0.9690,1.0000,below_upper2,
nstxuE204669M03t025/N3/egn03w.7689E+01,bad,none,0.6675,1.0000,below_upper2,
nstxuE204669M03t025/N3/egn03w.7750E+01,bad,none,0.5643,1.0000,below_upper2,
nstxuE204669M03t025/N3/egn03w.7867E+01,bad,none,0.5622,1.0000,below_upper2,
nstxuE204669M03t025/N3/egn03w.8010E+01,bad,none,0.9225,1.0000,below_upper2,
nstxuE204669M03t025/N3/egn03w.8262E+01,good,tae,0.7380,1.0000,below_upper2,
nstxuE204669M03t025/N3/egn03w.9617E+01,bad,none,0.6189,0.8847,below_upper2,
nstxuE204669M03t025/N3/egn03w.9634E+01,bad,none,0.6205,0.8928,below_upper2,
nstxuE204669M03t025/N4/egn04w.1002E+02,bad,none,0.3877,0.4525,mixed,
nstxuE204669M03t025/N4/egn04w.1007E+02,bad,none,-0.0565,0.1326,mixed,
nstxuE204669M03t025/N4/egn04w.1099E+02,good,tae,0.9802,0.9991,below_upper2,
nstxuE204669M03t025/N4/egn04w.1398E+02,good,tae,0.9832,0.9989,below_upper2,
nstxuE204669M03t025/N4/egn04w.1691E+02,good,tae,0.9682,0.9966,below_upper2,
nstxuE204669M03t025/N4/egn04w.2546E+02,bad,none,-0.2391,0.4801,mixed,
nstxuE204669M03t025/N4/egn04w.2718E+02,bad,none,0.2033,0.8854,below_upper2,
nstxuE204669M03t025/N4/egn04w.2978E+02,bad,none,0.7475,0.9301,below_upper2,
nstxuE204669M03t025/N4/egn04w.3063E+02,bad,none,0.7449,0.8775,below_upper2,
nstxuE204669M03t025/N4/egn04w.7170E+01,bad,none,0.7848,1.0000,below_upper2,
nstxuE204669M03t025/N4/egn04w.7212E+01,bad,none,0.9965,1.0000,below_upper2,
nstxuE204669M03t025/N4/egn04w.7288E+01,good,tae,0.8125,1.0000,below_upper2,
nstxuE204669M03t025/N4/egn04w.7420E+01,bad,none,0.9994,1.0000,below_upper2,
nstxuE204669M03t025/N4/egn04w.7493E+01,good,tae,0.8387,1.0000,below_upper2,
nstxuE204669M03t025/N4/egn04w.7677E+01,good,tae,0.9524,1.0000,below_upper2,
nstxuE204669M03t025/N4/egn04w.7907E+01,good,tae,0.8295,1.0000,below_upper2,
nstxuE204669M03t025/N4/egn04w.8339E+01,bad,none,0.9987,1.0000,below_upper2,
nstxuE204669M03t025/N4/egn04w.8625E+01,good,tae,0.8243,1.0000,below_upper2,
nstxuE204669M03t025/N4/egn04w.9176E+01,bad,none,0.8232,1.0000,below_upper2,
nstxuE204669M03t025/N4/egn04w.9263E+01,bad,none,0.9833,1.0000,below_upper2,
nstxuE204669M03t025/N5/egn05w.1215E+02,good,tae,0.9881,0.9998,below_upper2,
nstxuE204669M03t025/N5/egn05w.1383E+02,good,tae,0.9894,0.9996,below_upper2,
nstxuE204669M03t025/N5/egn05w.1514E+02,good,tae,0.9876,0.9989,below_upper2,
nstxuE204669M03t025/N5/egn05w.1736E+02,good,tae,0.9788,0.9967,below_upper2,
nstxuE204669M03t025/N5/egn05w.2048E+02,bad,none,0.9477,0.9922,below_upper2,
nstxuE204669M03t025/N5/egn05w.2759E+02,bad,none,0.6056,0.8993,below_upper2,
nstxuE204669M03t025/N5/egn05w.2835E+02,bad,none,0.6307,0.8493,below_upper2,
nstxuE204669M03t025/N5/egn05w.3008E+02,bad,none,0.8029,0.8896,below_upper2,
nstxuE204669M03t025/N5/egn05w.6875E+01,bad,none,0.9041,1.0000,below_upper2,
nstxuE204669M03t025/N5/egn05w.6948E+01,good,tae,0.8031,1.0000,below_upper2,
nstxuE204669M03t025/N5/egn05w.7038E+01,bad,none,0.9981,1.0000,below_upper2,
nstxuE204669M03t025/N5/egn05w.7072E+01,good,tae,0.7500,1.0000,below_upper2,
nstxuE204669M03t025/N5/egn05w.7213E+01,good,tae,0.9367,1.0000,below_upper2,
nstxuE204669M03t025/N5/egn05w.7467E+01,good,tae,0.8272,1.0000,below_upper2,
nstxuE204669M03t025/N5/egn05w.7747E+01,good,tae,0.8427,1.0000,below_upper2,
nstxuE204669M03t025/N5/egn05w.7888E+01,bad,none,0.9762,1.0000,below_upper2,
nstxuE204669M03t025/N5/egn05w.8011E+01,good,tae,0.9698,1.0000,below_upper2,
nstxuE204669M03t025/N5/egn05w.8224E+01,good,tae,0.8159,1.0000,below_upper2,
nstxuE204669M03t025/N5/egn05w.8976E+01,good,tae,0.8173,1.0000,below_upper2,
nstxuE204669M03t025/N5/egn05w.9124E+01,good,tae,0.9349,1.0000,below_upper2,
nstxuE204669M03t025/N5/egn05w.9563E+01,bad,none,0.7334,1.0000,below_upper2,
nstxuE204669M03t025/N6/egn06w.1309E+02,good,tae,0.9905,0.9998,below_upper2,
nstxuE204669M03t025/N6/egn06w.1462E+02,good,tae,0.9914,0.9995,below_upper2,
nstxuE204669M03t025/N6/egn06w.1784E+02,good,tae,0.9849,0.9989,below_upper2,
nstxuE204669M03t025/N6/egn06w.2005E+02,good,tae,0.9699,0.9976,below_upper2,
nstxuE204669M03t025/N6/egn06w.2293E+02,bad,none,0.9070,0.9752,below_upper2,
nstxuE204669M03t025/N6/egn06w.2789E+02,bad,none,0.7368,0.8743,below_upper2,
nstxuE204669M03t025/N6/egn06w.2881E+02,bad,none,0.7537,0.8360,below_upper2,
nstxuE204669M03t025/N6/egn06w.3080E+02,bad,none,0.0169,0.5725,below_upper2,
nstxuE204669M03t025/N6/egn06w.3112E+01,bad,none,0.9885,1.0000,below_upper2,
nstxuE204669M03t025/N6/egn06w.6696E+01,bad,none,0.9571,1.0000,below_upper2,
nstxuE204669M03t025/N6/egn06w.7503E+01,bad,none,0.8268,1.0000,below_upper2,
nstxuE204669M03t025/N6/egn06w.7726E+01,good,tae,0.7874,1.0000,below_upper2,
nstxuE204669M03t025/N6/egn06w.8202E+01,good,tae,0.9682,1.0000,below_upper2,
nstxuE204669M03t025/N6/egn06w.9020E+01,good,tae,0.9803,0.9952,below_upper2,
nstxuE204669M03t025/N7/egn07w.1364E+02,good,tae,0.9924,0.9999,below_upper2,
nstxuE204669M03t025/N7/egn07w.1525E+02,good,tae,0.9927,0.9999,below_upper2,
nstxuE204669M03t025/N7/egn07w.1672E+02,good,tae,0.9918,0.9998,below_upper2,
nstxuE204669M03t025/N7/egn07w.1846E+02,good,tae,0.9881,0.9994,below_upper2,
nstxuE204669M03t025/N7/egn07w.2049E+02,good,tae,0.9781,0.9969,below_upper2,
nstxuE204669M03t025/N7/egn07w.2716E+02,bad,none,-0.2458,0.5237,below_upper2,
nstxuE204669M03t025/N7/egn07w.3222E+02,bad,none,0.0232,0.6191,below_upper2,
nstxuE204669M03t025/N7/egn07w.3388E+02,bad,none,0.4101,0.9153,below_upper2,
nstxuE204669M03t025/N7/egn07w.6640E+01,bad,none,0.9529,1.0000,below_upper2,
nstxuE204669M03t025/N7/egn07w.7397E+01,bad,none,0.6179,1.0000,below_upper2,
nstxuE204669M03t025/N7/egn07w.8030E+01,good,tae,0.9619,1.0000,below_upper2,
nstxuE204669M03t025/N7/egn07w.8867E+01,good,tae,0.9453,0.9957,below_upper2,
nstxuE204669M03t025/N7/egn07w.9754E+01,good,tae,0.9821,0.9958,below_upper2,
nstxuE204669M03t025/N8/egn08w.1026E+02,good,tae,0.9909,0.9998,below_upper2,
nstxuE204669M03t025/N8/egn08w.1241E+02,good,tae,0.9924,1.0000,below_upper2,
nstxuE204669M03t025/N8/egn08w.1394E+02,good,tae,0.9927,1.0000,below_upper2,
nstxuE204669M03t025/N8/egn08w.1548E+02,good,tae,0.9933,1.0000,below_upper2,
nstxuE204669M03t025/N8/egn08w.1700E+02,good,tae,0.9927,0.9996,below_upper2,
nstxuE204669M03t025/N8/egn08w.1857E+02,good,tae,0.9901,0.9993,below_upper2,
nstxuE204669M03t025/N8/egn08w.2045E+02,good,tae,0.9835,0.9987,below_upper2,
nstxuE204669M03t025/N8/egn08w.2270E+02,good,tae,0.9643,0.9918,below_upper2,
nstxuE204669M03t025/N8/egn08w.2505E+02,bad,none,0.0883,0.6590,below_upper2,
nstxuE204669M03t025/N8/egn08w.3282E+02,bad,none,-0.7102,0.4041,mixed,
nstxuE204669M03t025/N8/egn08w.6607E+01,bad,none,0.8634,1.0000,below_upper2,
nstxuE204669M03t025/N8/egn08w.7796E+01,good,tae,0.7894,1.0000,below_upper2,
nstxuE204669M03t025/N8/egn08w.7876E+01,good,tae,0.9586,1.0000,below_upper2,
nstxuE204669M03t025/N8/egn08w.8079E+01,good,tae,0.8384,1.0000,below_upper2,
nstxuE204669M03t025/N8/egn08w.8444E+01,good,tae,0.8164,1.0000,below_upper2,
nstxuE204669M03t025/N8/egn08w.8534E+01,good,tae,0.9600,1.0000,below_upper2,
nstxuE204669M03t025/N8/egn08w.8959E+01,good,tae,0.8355,1.0000,below_upper2,
nstxuE204669M03t025/N8/egn08w.9359E+01,good,tae,0.9883,0.9994,below_upper2,
nstxuE204669M03t025/N8/egn08w.9673E+01,good,tae,0.8018,0.9983,below_upper2,
nstxuE204669M03t025/N9/egn09w.1159E+02,good,tae,0.9939,1.0000,below_upper2,
nstxuE204669M03t025/N9/egn09w.1260E+02,good,tae,0.9934,1.0000,below_upper2,
nstxuE204669M03t025/N9/egn09w.1540E+02,good,tae,0.9939,0.9999,below_upper2,
nstxuE204669M03t025/N9/egn09w.2214E+02,good,tae,0.9784,0.9971,below_upper2,
nstxuE204669M03t025/N9/egn09w.2446E+02,bad,none,0.8377,0.9115,below_upper2,
nstxuE204669M03t025/N9/egn09w.3101E+01,bad,none,0.9413,1.0000,below_upper2,
nstxuE204669M03t025/N9/egn09w.3261E+02,bad,none,-0.3486,0.7312,below_upper2,
nstxuE204669M03t025/N9/egn09w.3299E+01,bad,none,0.9778,1.0000,below_upper2,
nstxuE204669M03t025/N9/egn09w.3319E+01,bad,none,0.9802,1.0000,below_upper2,
nstxuE204669M03t025/N9/egn09w.3359E+02,bad,none,-0.6130,0.4475,mixed,
nstxuE204669M03t025/N9/egn09w.3513E+01,bad,none,0.9493,1.0000,below_upper2,
nstxuE204669M03t025/N9/egn09w.3799E+01,bad,none,0.8669,1.0000,below_upper2,
nstxuE204669M03t025/N9/egn09w.4599E+01,bad,none,0.8857,1.0000,below_upper2,
nstxuE204669M03t025/N9/egn09w.5601E+01,bad,none,0.9320,1.0000,below_upper2,
nstxuE204669M03t025/N9/egn09w.6642E+01,bad,none,0.9206,1.0000,below_upper2,
nstxuE204669M03t025/N9/egn09w.6690E+01,bad,none,0.9130,1.0000,below_upper2,
nstxuE204669M03t025/N9/egn09w.6820E+01,bad,none,0.8759,1.0000,below_upper2,
nstxuE204669M03t025/N9/egn09w.6853E+01,bad,none,0.8702,1.0000,below_upper2,
nstxuE204669M03t025/N9/egn09w.7015E+01,good,tae,0.7466,1.0000,below_upper2,
nstxuE204669M03t025/N9/egn09w.7093E+01,good,tae,0.9105,1.0000,below_upper2,
nstxuE204669M03t025/N9/egn09w.7310E+01,good,tae,0.8369,1.0000,below_upper2,
nstxuE204669M03t025/N9/egn09w.7326E+01,bad,none,0.9990,1.0000,below_upper2,
nstxuE204669M03t025/N9/egn09w.7411E+01,good,tae,0.8428,1.0000,below_upper2,
nstxuE204669M03t025/N9/egn09w.7448E+01,bad,none,0.9991,1.0000,below_upper2,
nstxuE204669M03t025/N9/egn09w.7539E+01,bad,none,0.8088,1.0000,below_upper2,
nstxuE204669M03t025/N9/egn09w.7725E+01,good,tae,0.8432,1.0000,below_upper2,
nstxuE204669M03t025/N9/egn09w.7944E+01,good,tae,0.8574,1.0000,below_upper2,
nstxuE204669M03t025/N9/egn09w.8162E+01,good,tae,0.9683,1.0000,below_upper2,
nstxuE204669M03t025/N9/egn09w.8312E+01,bad,none,0.9422,1.0000,below_upper2,
nstxuE204669M03t025/N9/egn09w.8627E+01,good,tae,0.8602,1.0000,below_upper2,
nstxuE204669M03t025/N9/egn09w.8919E+01,good,tae,0.9867,1.0000,below_upper2,
nstxuE204669M03t025/N9/egn09w.9132E+01,good,tae,0.8391,1.0000,below_upper2,
nstxuE204669M03t025/N9/egn09w.9372E+01,bad,none,0.7383,1.0000,below_upper2,
nstxuE204669M03t025/N9/egn09w.9803E+01,good,tae,0.6920,0.9999,below_upper2,
nstxuE205052A01t022/N1/egn01w.1028E+02,bad,none,0.4442,1.0000,below_upper2,
nstxuE205052A01t022/N1/egn01w.1125E+02,bad,none,0.8801,0.8546,below_upper2,
nstxuE205052A01t022/N1/egn01w.1154E+02,bad,none,0.8651,0.8379,below_upper2,
nstxuE205052A01t022/N1/egn01w.1164E+02,bad,none,0.8705,0.8500,below_upper2,
nstxuE205052A01t022/N1/egn01w.1174E+02,bad,none,0.8700,0.8532,below_upper2,
nstxuE205052A01t022/N1/egn01w.1185E+02,bad,none,0.8673,0.8533,below_upper2,
nstxuE205052A01t022/N1/egn01w.1194E+02,bad,none,0.1678,0.2147,mixed,
nstxuE205052A01t022/N1/egn01w.1196E+02,bad,none,0.8465,0.8300,below_upper2,
nstxuE205052A01t022/N1/egn01w.1209E+02,bad,none,0.8569,0.8479,below_upper2,
nstxuE205052A01t022/N1/egn01w.1222E+02,bad,none,0.8516,0.8453,below_upper2,
nstxuE205052A01t022/N1/egn01w.1235E+02,bad,none,0.8452,0.8416,below_upper2,
nstxuE205052A01t022/N1/egn01w.1249E+02,bad,none,0.8381,0.8374,below_upper2,
nstxuE205052A01t022/N1/egn01w.1264E+02,bad,none,0.8304,0.8328,below_upper2,
nstxuE205052A01t022/N1/egn01w.1280E+02,bad,none,0.8221,0.8279,below_upper2,
nstxuE205052A01t022/N1/egn01w.1296E+02,bad,none,0.8134,0.8230,below_upper2,
nstxuE205052A01t022/N1/egn01w.1313E+02,bad,none,0.8042,0.8180,below_upper2,
nstxuE205052A01t022/N1/egn01w.1330E+02,bad,none,0.7947,0.8131,below_upper2,
nstxuE205052A01t022/N1/egn01w.1349E+02,bad,none,0.7850,0.8085,below_upper2,
nstxuE205052A01t022/N1/egn01w.1367E+02,bad,none,0.7751,0.8042,below_upper2,
nstxuE205052A01t022/N1/egn01w.1387E+02,bad,none,0.7650,0.8002,below_upper2,
nstxuE205052A01t022/N1/egn01w.1407E+02,bad,none,0.7554,0.7970,below_upper2,
nstxuE205052A01t022/N1/egn01w.1427E+02,bad,none,0.7454,0.7941,below_upper2,
nstxuE205052A01t022/N1/egn01w.1448E+02,bad,none,0.7367,0.7930,below_upper2,
nstxuE205052A01t022/N1/egn01w.1470E+02,bad,none,0.7249,0.7901,below_upper2,
nstxuE205052A01t022/N1/egn01w.1492E+02,bad,none,0.7000,0.7808,below_upper2,
nstxuE205052A01t022/N1/egn01w.1625E+02,bad,none,0.0734,0.4891,mixed,
nstxuE205052A01t022/N1/egn01w.1652E+02,bad,none,0.4006,0.6616,below_upper2,
nstxuE205052A01t022/N1/egn01w.1677E+02,bad,none,0.5011,0.7187,below_upper2,
nstxuE205052A01t022/N1/egn01w.1703E+02,bad,none,0.5391,0.7445,below_upper2,
nstxuE205052A01t022/N1/egn01w.1729E+02,bad,none,0.5533,0.7562,below_upper2,
nstxuE205052A01t022/N1/egn01w.1754E+02,bad,none,0.5285,0.7536,below_upper2,
nstxuE205052A01t022/N1/egn01w.1780E+02,bad,none,0.5365,0.7627,below_upper2,
nstxuE205052A01t022/N1/egn01w.9546E+01,bad,none,0.8599,1.0000,below_upper2,
nstxuE205052A01t022/N1/egn01w.9878E+01,bad,none,0.4557,1.0000,below_upper2,
nstxuE205052A01t022/N10/egn10w.1023E+02,good,tae,0.9917,1.0000,below_upper2,
nstxuE205052A01t022/N10/egn10w.1030E+02,good,tae,0.8632,1.0000,below_upper2,
nstxuE205052A01t022/N10/egn10w.1081E+02,good,tae,0.9855,1.0000,below_upper2,
nstxuE205052A01t022/N10/egn10w.1086E+02,good,tae,0.8406,1.0000,below_upper2,
nstxuE205052A01t022/N10/egn10w.1141E+02,good,tae,0.9883,1.0000,below_upper2,
nstxuE205052A01t022/N10/egn10w.1176E+02,good,tae,0.9846,0.9969,below_upper2,
nstxuE205052A01t022/N10/egn10w.1239E+02,good,tae,0.9857,0.9999,below_upper2,
nstxuE205052A01t022/N10/egn10w.1322E+02,good,tae,0.9817,0.9995,below_upper2,
nstxuE205052A01t022/N10/egn10w.1454E+02,good,tae,0.9723,1.0000,below_upper2,
nstxuE205052A01t022/N10/egn10w.1536E+02,good,tae,0.9629,0.9987,below_upper2,
nstxuE205052A01t022/N10/egn10w.1631E+02,good,tae,0.9475,1.0000,below_upper2,
nstxuE205052A01t022/N10/egn10w.1720E+02,bad,none,0.9069,0.9926,below_upper2,
nstxuE205052A01t022/N10/egn10w.1801E+02,bad,none,0.8037,0.9154,below_upper2,
nstxuE205052A01t022/N10/egn10w.1937E+02,bad,none,0.6075,0.7594,below_upper2,
nstxuE205052A01t022/N10/egn10w.2281E+02,bad,none,0.7425,0.8784,below_upper2,
nstxuE205052A01t022/N10/egn10w.5539E+01,bad,none,0.9979,1.0000,below_upper2,
nstxuE205052A01t022/N10/egn10w.6248E+01,bad,none,0.9972,1.0000,below_upper2,
nstxuE205052A01t022/N10/egn10w.6473E+01,bad,none,0.9969,1.0000,below_upper2,
nstxuE205052A01t022/N10/egn10w.6685E+01,bad,none,0.9957,1.0000,below_upper2,
nstxuE205052A01t022/N10/egn10w.6926E+01,bad,none,0.9946,1.0000,below_upper2,
nstxuE205052A01t022/N10/egn10w.6997E+01,bad,none,0.9953,1.0000,below_upper2,
nstxuE205052A01t022/N10/egn10w.7076E+01,bad,none,0.9936,1.0000,below_upper2,
nstxuE205052A01t022/N10/egn10w.7276E+01,bad,none,0.9953,1.0000,below_upper2,
nstxuE205052A01t022/N10/egn10w.7492E+01,bad,none,0.9952,1.0000,below_upper2,
nstxuE205052A01t022/N10/egn10w.7536E+01,bad,none,0.9921,1.0000,below_upper2,
nstxuE205052A01t022/N10/egn10w.7687E+01,bad,none,0.9898,1.0000,below_upper2,
nstxuE205052A01t022/N10/egn10w.7753E+01,bad,none,0.9944,1.0000,below_upper2,
nstxuE205052A01t022/N10/egn10w.7806E+01,bad,none,0.9879,1.0000,below_upper2,
nstxuE205052A01t022/N10/egn10w.7920E+01,bad,none,0.9890,1.0000,below_upper2,
nstxuE205052A01t022/N10/egn10w.8025E+01,bad,none,0.9992,1.0000,below_upper2,
nstxuE205052A01t022/N10/egn10w.8119E+01,bad,none,0.9992,1.0000,below_upper2,
nstxuE205052A01t022/N10/egn10w.8303E+01,bad,none,0.9997,1.0000,below_upper2,
nstxuE205052A01t022/N10/egn10w.8394E+01,bad,none,0.9992,1.0000,below_upper2,
nstxuE205052A01t022/N10/egn10w.8479E+01,bad,none,0.9791,1.0000,below_upper2,
nstxuE205052A01t022/N10/egn10w.8554E+01,good,tae,0.9941,1.0000,below_upper2,
nstxuE205052A01t022/N10/egn10w.8816E+01,bad,none,0.9624,1.0000,below_upper2,
nstxuE205052A01t022/N10/egn10w.9110E+01,good,tae,0.9919,1.0000,below_upper2,
nstxuE205052A01t022/N10/egn10w.9412E+01,bad,none,0.8831,1.0000,below_upper2,
nstxuE205052A01t022/N10/egn10w.9457E+01,bad,none,0.4712,1.0000,below_upper2,
nstxuE205052A01t022/N10/egn10w.9537E+01,good,tae,0.9919,1.0000,below_upper2,
nstxuE205052A01t022/N10/egn10w.9621E+01,bad,none,0.8808,1.0000,below_upper2,
nstxuE205052A01t022/N10/egn10w.9643E+01,bad,none,0.4668,1.0000,below_upper2,
nstxuE205052A01t022/N10/egn10w.9887E+01,bad,none,0.6729,1.0000,below_upper2,
nstxuE205052A01t022/N2/egn02w.1014E+02,bad,none,0.7692,1.0000,below_upper2,
nstxuE205052A01t022/N2/egn02w.1033E+02,bad,none,0.7273,1.0000,below_upper2,
nstxuE205052A01t022/N2/egn02w.1133E+02,bad,none,0.5599,1.0000,below_upper2,
nstxuE205052A01t022/N2/egn02w.1317E+02,bad,none,-0.0435,0.2188,mixed,
nstxuE205052A01t022/N2/egn02w.1326E+02,bad,none,0.0378,0.2623,mixed,
nstxuE205052A01t022/N2/egn02w.1336E+02,bad,none,0.1347,0.3196,mixed,
nstxuE205052A01t022/N2/egn02w.1344E+02,bad,none,0.1698,0.3442,mixed,
nstxuE205052A01t022/N2/egn02w.1352E+02,bad,none,0.0492,0.2867,mixed,
nstxuE205052A01t022/N2/egn02w.1964E+02,bad,none,-0.1754,0.4783,mixed,
nstxuE205052A01t022/N2/egn02w.1994E+02,bad,none,-0.2126,0.5031,below_upper2,
nstxuE205052A01t022/N2/egn02w.2025E+02,bad,none,-0.2797,0.4531,mixed,
nstxuE205052A01t022/N2/egn02w.2175E+02,bad,none,-0.4133,0.4316,mixed,
nstxuE205052A01t022/N2/egn02w.2309E+02,bad,none,-0.4707,0.4713,mixed,
nstxuE205052A01t022/N2/egn02w.2464E+02,bad,none,-0.5140,0.4283,mixed,
nstxuE205052A01t022/N2/egn02w.8524E+01,bad,none,0.7994,1.0000,below_upper2,
nstxuE205052A01t022/N2/egn02w.8620E+01,bad,none,0.9262,1.0000,below_upper2,
nstxuE205052A01t022/N2/egn02w.8671E+01,bad,none,0.9260,1.0000,below_upper2,
nstxuE205052A01t022/N2/egn02w.8697E+01,bad,none,0.9209,1.0000,below_upper2,
nstxuE205052A01t022/N2/egn02w.8751E+01,bad,none,0.9565,1.0000,below_upper2,
nstxuE205052A01t022/N2/egn02w.8805E+01,bad,none,0.9296,1.0000,below_upper2,
nstxuE205052A01t022/N2/egn02w.8884E+01,bad,none,0.9720,1.0000,below_upper2,
nstxuE205052A01t022/N2/egn02w.9108E+01,bad,none,0.7822,1.0000,below_upper2,
nstxuE205052A01t022/N2/egn02w.9240E+01,bad,none,0.8511,1.0000,below_upper2,
nstxuE205052A01t022/N2/egn02w.9495E+01,bad,none,0.7991,1.0000,below_upper2,
nstxuE205052A01t022/N2/egn02w.9679E+01,bad,none,0.8969,1.0000,below_upper2,
nstxuE205052A01t022/N3/egn03w.1074E+02,good,tae,0.9783,1.0000,below_upper2,
nstxuE205052A01t022/N3/egn03w.1083E+02,bad,none,0.7608,1.0000,below_upper2,
nstxuE205052A01t022/N3/egn03w.1109E+02,good,tae,0.9744,1.0000,below_upper2,
nstxuE205052A01t022/N3/egn03w.1204E+02,bad,none,0.2009,0.4157,mixed,
nstxuE205052A01t022/N3/egn03w.1233E+02,bad,none,0.2944,0.4974,mixed,
nstxuE205052A01t022/N3/egn03w.1237E+02,bad,none,0.0982,0.3447,mixed,
nstxuE205052A01t022/N3/egn03w.1304E+02,bad,none,-0.0193,0.2431,mixed,
nstxuE205052A01t022/N3/egn03w.1315E+02,bad,none,0.2396,0.4206,mixed,
nstxuE205052A01t022/N3/egn03w.1323E+02,bad,none,0.4843,0.6506,below_upper2,
nstxuE205052A01t022/N3/egn03w.1329E+02,bad,none,0.2251,0.4139,mixed,
nstxuE205052A01t022/N3/egn03w.1357E+02,bad,none,0.4902,0.6720,below_upper2,
nstxuE205052A01t022/N3/egn03w.6129E+01,bad,none,0.9920,1.0000,below_upper2,
nstxuE205052A01t022/N3/egn03w.6210E+01,bad,none,0.9862,1.0000,below_upper2,
nstxuE205052A01t022/N3/egn03w.8239E+01,bad,none,0.9997,1.0000,below_upper2,
nstxuE205052A01t022/N3/egn03w.8396E+01,bad,none,0.9865,1.0000,below_upper2,
nstxuE205052A01t022/N3/egn03w.8435E+01,bad,none,0.9786,1.0000,below_upper2,
nstxuE205052A01t022/N3/egn03w.8484E+01,bad,none,0.9678,1.0000,below_upper2,
nstxuE205052A01t022/N3/egn03w.8535E+01,bad,none,0.9542,1.0000,below_upper2,
nstxuE205052A01t022/N3/egn03w.8601E+01,bad,none,0.9406,1.0000,below_upper2,
nstxuE205052A01t022/N3/egn03w.8668E+01,bad,none,0.9253,1.0000,below_upper2,
nstxuE205052A01t022/N3/egn03w.8758E+01,bad,none,0.9161,1.0000,below_upper2,
nstxuE205052A01t022/N3/egn03w.8845E+01,bad,none,0.9058,1.0000,below_upper2,
nstxuE205052A01t022/N3/egn03w.8965E+01,bad,none,0.9043,1.0000,below_upper2,
nstxuE205052A01t022/N3/egn03w.9085E+01,bad,none,0.8999,1.0000,below_upper2,
nstxuE205052A01t022/N3/egn03w.9237E+01,bad,none,0.9104,1.0000,below_upper2,
nstxuE205052A01t022/N3/egn03w.9381E+01,bad,none,0.9123,1.0000,below_upper2,
nstxuE205052A01t022/N3/egn03w.9549E+01,bad,none,0.9060,1.0000,below_upper2,
nstxuE205052A01t022/N3/egn03w.9808E+01,bad,none,0.9139,1.0000,below_upper2,
nstxuE205052A01t022/N3/egn03w.9958E+01,bad,none,0.8996,1.0000,below_upper2,
nstxuE205052A01t022/N4/egn04w.1033E+02,bad,none,0.4535,0.3439,mixed,
nstxuE205052A01t022/N4/egn04w.1120E+02,bad,none,-0.0581,0.1503,mixed,
nstxuE205052A01t022/N4/egn04w.1125E+02,bad,none,-0.0329,0.1583,mixed,
nstxuE205052A01t022/N4/egn04w.5349E+01,bad,none,0.9921,1.0000,below_upper2,
nstxuE205052A01t022/N4/egn04w.7009E+01,bad,none,0.9895,1.0000,below_upper2,
nstxuE205052A01t022/N4/egn04w.7258E+01,bad,none,0.9885,1.0000,below_upper2,
nstxuE205052A01t022/N4/egn04w.7632E+01,bad,none,0.9860,1.0000,below_upper2,
nstxuE205052A01t022/N4/egn04w.7963E+01,bad,none,0.9850,1.0000,below_upper2,
nstxuE205052A01t022/N4/egn04w.8855E+01,bad,none,0.9768,1.0000,below_upper2,
nstxuE205052A01t022/N4/egn04w.9702E+01,bad,none,0.5928,1.0000,below_upper2,
nstxuE205052A01t022/N4/egn04w.9744E+01,bad,none,0.7201,1.0000,below_upper2,
nstxuE205052A01t022/N4/egn04w.9789E+01,bad,none,0.6934,1.0000,below_upper2,
nstxuE205052A01t022/N4/egn04w.9849E+01,bad,none,0.9706,1.0000,below_upper2,
nstxuE205052A01t022/N5/egn05w.1024E+02,bad,none,0.8706,1.0000,below_upper2,
nstxuE205052A01t022/N5/egn05w.1134E+02,good,tae,0.8280,1.0000,below_upper2,
nstxuE205052A01t022/N5/egn05w.1151E+02,good,tae,0.9522,1.0000,below_upper2,
nstxuE205052A01t022/N5/egn05w.1257E+02,good,tae,0.9742,0.9998,below_upper2,
nstxuE205052A01t022/N5/egn05w.1342E+02,bad,none,0.9224,0.9404,below_upper2,
nstxuE205052A01t022/N5/egn05w.1348E+02,bad,none,0.5000,0.5167,below_upper2,
nstxuE205052A01t022/N5/egn05w.1358E+02,bad,none,0.3289,0.4351,mixed,
nstxuE205052A01t022/N5/egn05w.1365E+02,bad,none,0.2134,0.3587,mixed,
nstxuE205052A01t022/N5/egn05w.1372E+02,bad,none,0.1116,0.3291,mixed,
nstxuE205052A01t022/N5/egn05w.1380E+02,bad,none,0.0369,0.2877,mixed,
nstxuE205052A01t022/N5/egn05w.1454E+02,good,tae,0.9296,0.9991,below_upper2,
nstxuE205052A01t022/N5/egn05w.1581E+02,bad,none,0.8398,0.9915,below_upper2,
nstxuE205052A01t022/N5/egn05w.1745E+02,bad,none,0.2765,0.5498,below_upper2,
nstxuE205052A01t022/N5/egn05w.2142E+02,bad,none,0.7753,0.9677,below_upper2,
nstxuE205052A01t022/N5/egn05w.5365E+01,bad,none,0.9937,1.0000,below_upper2,
nstxuE205052A01t022/N5/egn05w.5779E+01,bad,none,0.9950,1.0000,below_upper2,
nstxuE205052A01t022/N5/egn05w.5828E+01,bad,none,0.9955,1.0000,below_upper2,
nstxuE205052A01t022/N5/egn05w.6400E+01,bad,none,0.9930,1.0000,below_upper2,
nstxuE205052A01t022/N5/egn05w.6815E+01,bad,none,0.9926,1.0000,below_upper2,
nstxuE205052A01t022/N5/egn05w.7317E+01,bad,none,0.9890,1.0000,below_upper2,
nstxuE205052A01t022/N5/egn05w.7494E+01,bad,none,0.9933,1.0000,below_upper2,
nstxuE205052A01t022/N5/egn05w.7628E+01,bad,none,0.9969,1.0000,below_upper2,
nstxuE205052A01t022/N5/egn05w.7792E+01,bad,none,0.9898,1.0000,below_upper2,
nstxuE205052A01t022/N5/egn05w.8362E+01,bad,none,0.9976,1.0000,below_upper2,
nstxuE205052A01t022/N5/egn05w.8685E+01,bad,none,0.9875,1.0000,below_upper2,
nstxuE205052A01t022/N5/egn05w.8767E+01,bad,none,0.9773,1.0000,below_upper2,
nstxuE205052A01t022/N5/egn05w.9271E+01,bad,none,0.8847,1.0000,below_upper2,
nstxuE205052A01t022/N5/egn05w.9349E+01,bad,none,0.8878,1.0000,below_upper2,
nstxuE205052A01t022/N5/egn05w.9397E+01,bad,none,0.8843,1.0000,below_upper2,
nstxuE205052A01t022/N5/egn05w.9548E+01,bad,none,0.8830,1.0000,below_upper2,
nstxuE205052A01t022/N5/egn05w.9593E+01,bad,none,0.9413,1.0000,below_upper2,
nstxuE205052A01t022/N5/egn05w.9717E+01,bad,none,0.8699,1.0000,below_upper2,
nstxuE205052A01t022/N6/egn06w.1027E+02,good,tae,0.9793,1.0000,below_upper2,
nstxuE205052A01t022/N6/egn06w.1052E+02,good,tae,0.8694,1.0000,below_upper2,
nstxuE205052A01t022/N6/egn06w.1095E+02,good,tae,0.9819,1.0000,below_upper2,
nstxuE205052A01t022/N6/egn06w.1163E+02,bad,none,0.8430,0.9662,below_upper2,
nstxuE205052A01t022/N6/egn06w.1200E+02,good,tae,0.9718,0.9997,below_upper2,
nstxuE205052A01t022/N6/egn06w.1283E+02,good,tae,0.9773,0.9999,below_upper2,
nstxuE205052A01t022/N6/egn06w.1409E+02,bad,none,0.6190,0.8500,below_upper2,
nstxuE205052A01t022/N6/egn06w.1517E+02,good,tae,0.9354,0.9998,below_upper2,
nstxuE205052A01t022/N6/egn06w.1731E+02,bad,none,0.7342,0.8162,below_upper2,
nstxuE205052A01t022/N6/egn06w.1869E+02,bad,none,0.0024,0.3467,mixed,
nstxuE205052A01t022/N6/egn06w.2238E+02,bad,none,0.7230,0.9699,below_upper2,
nstxuE205052A01t022/N6/egn06w.5977E+01,bad,none,0.9958,1.0000,below_upper2,
nstxuE205052A01t022/N6/egn06w.6783E+01,bad,none,0.9932,1.0000,below_upper2,
nstxuE205052A01t022/N6/egn06w.7196E+01,bad,none,0.9902,1.0000,below_upper2,
nstxuE205052A01t022/N6/egn06w.7278E+01,bad,none,0.9917,1.0000,below_upper2,
nstxuE205052A01t022/N6/egn06w.7330E+01,bad,none,0.9931,1.0000,below_upper2,
nstxuE205052A01t022/N6/egn06w.7541E+01,bad,none,0.9912,1.0000,below_upper2,
nstxuE205052A01t022/N6/egn06w.7639E+01,bad,none,0.9915,1.0000,below_upper2,
nstxuE205052A01t022/N6/egn06w.8005E+01,bad,none,0.9889,1.0000,below_upper2,
nstxuE205052A01t022/N6/egn06w.8619E+01,bad,none,0.8422,1.0000,below_upper2,
nstxuE205052A01t022/N6/egn06w.8721E+01,bad,none,0.8449,1.0000,below_upper2,
nstxuE205052A01t022/N6/egn06w.8752E+01,bad,none,0.8528,1.0000,below_upper2,
nstxuE205052A01t022/N6/egn06w.8889E+01,good,tae,0.8435,1.0000,below_upper2,
nstxuE205052A01t022/N6/egn06w.9086E+01,bad,none,0.8320,1.0000,below_upper2,
nstxuE205052A01t022/N6/egn06w.9614E+01,bad,none,0.9728,1.0000,below_upper2,
nstxuE205052A01t022/N6/egn06w.9880E+01,bad,none,0.8704,1.0000,below_upper2,
nstxuE205052A01t022/N7/egn07w.1005E+02,good,tae,0.9690,1.0000,below_upper2,
nstxuE205052A01t022/N7/egn07w.1075E+02,good,tae,0.9382,1.0000,below_upper2,
nstxuE205052A01t022/N7/egn07w.1081E+02,good,tae,0.7950,1.0000,below_upper2,
nstxuE205052A01t022/N7/egn07w.1146E+02,good,tae,0.9813,0.9987,below_upper2,
nstxuE205052A01t022/N7/egn07w.1206E+02,bad,none,0.9370,0.9576,below_upper2,
nstxuE205052A01t022/N7/egn07w.1317E+02,bad,none,0.9708,0.9953,below_upper2,
nstxuE205052A01t022/N7/egn07w.1398E+02,bad,none,0.9632,0.9948,below_upper2,
nstxuE205052A01t022/N7/egn07w.1630E+02,bad,none,0.9026,0.9981,below_upper2,
nstxuE205052A01t022/N7/egn07w.1684E+02,bad,none,0.7780,0.9389,below_upper2,
nstxuE205052A01t022/N7/egn07w.1836E+02,bad,none,0.5364,0.6440,below_upper2,
nstxuE205052A01t022/N7/egn07w.2197E+02,bad,none,0.8208,0.8868,below_upper2,
nstxuE205052A01t022/N7/egn07w.2388E+02,bad,none,0.7460,0.9710,below_upper2,
nstxuE205052A01t022/N7/egn07w.6909E+01,bad,none,0.9880,1.0000,below_upper2,
nstxuE205052A01t022/N7/egn07w.7023E+01,bad,none,0.9940,1.0000,below_upper2,
nstxuE205052A01t022/N7/egn07w.7073E+01,bad,none,0.9946,1.0000,below_upper2,
nstxuE205052A01t022/N7/egn07w.7124E+01,bad,none,0.9899,1.0000,below_upper2,
nstxuE205052A01t022/N7/egn07w.7176E+01,bad,none,0.9924,1.0000,below_upper2,
nstxuE205052A01t022/N7/egn07w.7437E+01,bad,none,0.9895,1.0000,below_upper2,
nstxuE205052A01t022/N7/egn07w.7801E+01,bad,none,0.9872,1.0000,below_upper2,
nstxuE205052A01t022/N7/egn07w.8533E+01,bad,none,0.9897,1.0000,below_upper2,
nstxuE205052A01t022/N7/egn07w.9619E+01,bad,none,0.9642,1.0000,below_upper2,
nstxuE205052A01t022/N8/egn08w.1007E+02,bad,none,0.9515,1.0000,below_upper2,
nstxuE205052A01t022/N8/egn08w.1033E+02,good,tae,0.9055,1.0000,below_upper2,
nstxuE205052A01t022/N8/egn08w.1052E+02,good,tae,0.9848,1.0000,below_upper2,
nstxuE205052A01t022/N8/egn08w.1108E+02,good,tae,0.8884,1.0000,below_upper2,
nstxuE205052A01t022/N8/egn08w.1119E+02,good,tae,0.9788,1.0000,below_upper2,
nstxuE205052A01t022/N8/egn08w.1125E+02,bad,none,0.6924,1.0000,below_upper2,
nstxuE205052A01t022/N8/egn08w.1161E+02,good,tae,0.9839,1.0000,below_upper2,
nstxuE205052A01t022/N8/egn08w.1226E+02,bad,none,0.0975,0.1840,mixed,
nstxuE205052A01t022/N8/egn08w.1388E+02,good,tae,0.9700,0.9997,below_upper2,
nstxuE205052A01t022/N8/egn08w.1484E+02,bad,none,0.8866,0.9187,below_upper2,
nstxuE205052A01t022/N8/egn08w.1678E+02,bad,none,0.8725,0.9856,below_upper2,
nstxuE205052A01t022/N8/egn08w.1771E+02,bad,none,0.7218,0.8263,below_upper2,
nstxuE205052A01t022/N8/egn08w.2217E+02,bad,none,0.4683,0.8143,below_upper2,
nstxuE205052A01t022/N8/egn08w.2361E+02,bad,none,-0.0817,0.7515,below_upper2,
nstxuE205052A01t022/N8/egn08w.5634E+01,bad,none,0.9964,1.0000,below_upper2,
nstxuE205052A01t022/N8/egn08w.6646E+01,bad,none,0.9943,1.0000,below_upper2,
nstxuE205052A01t022/N8/egn08w.6954E+01,bad,none,0.9937,1.0000,below_upper2,
nstxuE205052A01t022/N8/egn08w.7027E+01,bad,none,0.9914,1.0000,below_upper2,
nstxuE205052A01t022/N8/egn08w.7107E+01,bad,none,0.9948,1.0000,below_upper2,
nstxuE205052A01t022/N8/egn08w.7488E+01,bad,none,0.9926,1.0000,below_upper2,
nstxuE205052A01t022/N8/egn08w.7946E+01,bad,none,0.9904,1.0000,below_upper2,
nstxuE205052A01t022/N8/egn08w.8099E+01,bad,none,0.9921,1.0000,below_upper2,
nstxuE205052A01t022/N8/egn08w.8231E+01,bad,none,0.9701,1.0000,below_upper2,
nstxuE205052A01t022/N8/egn08w.8566E+01,bad,none,0.9884,1.0000,below_upper2,
nstxuE205052A01t022/N8/egn08w.8583E+01,bad,none,0.9850,1.0000,below_upper2,
nstxuE205052A01t022/N8/egn08w.8772E+01,bad,none,0.9906,1.0000,below_upper2,
nstxuE205052A01t022/N8/egn08w.9053E+01,bad,none,0.9848,1.0000,below_upper2,
nstxuE205052A01t022/N8/egn08w.9206E+01,bad,none,0.9323,1.0000,below_upper2,
nstxuE205052A01t022/N8/egn08w.9263E+01,bad,none,0.9175,1.0000,below_upper2,
nstxuE205052A01t022/N8/egn08w.9375E+01,bad,none,0.9691,1.0000,below_upper2,
nstxuE205052A01t022/N8/egn08w.9498E+01,good,tae,0.9114,1.0000,below_upper2,
nstxuE205052A01t022/N8/egn08w.9560E+01,good,tae,0.9847,1.0000,below_upper2,
nstxuE205052A01t022/N8/egn08w.9624E+01,bad,none,0.9944,1.0000,below_upper2,
nstxuE205052A01t022/N8/egn08w.9827E+01,good,tae,0.9119,1.0000,below_upper2,
nstxuE205052A01t022/N8/egn08w.9923E+01,good,tae,0.9871,1.0000,below_upper2,
nstxuE205052A01t022/N9/egn09w.1009E+02,good,tae,0.8669,1.0000,below_upper2,
nstxuE205052A01t022/N9/egn09w.1015E+02,good,tae,0.9864,0.9999,below_upper2,
nstxuE205052A01t022/N9/egn09w.1061E+02,good,tae,0.8691,0.9985,below_upper2,
nstxuE205052A01t022/N9/egn09w.1078E+02,good,tae,0.9882,1.0000,below_upper2,
nstxuE205052A01t022/N9/egn09w.1128E+02,good,tae,0.9865,0.9997,below_upper2,
nstxuE205052A01t022/N9/egn09w.1140E+02,bad,none,0.8515,0.9762,below_upper2,
nstxuE205052A01t022/N9/egn09w.1178E+02,good,tae,0.9824,0.9976,below_upper2,
nstxuE205052A01t022/N9/egn09w.1264E+02,good,tae,0.9721,0.9981,below_upper2,
nstxuE205052A01t022/N9/egn09w.1330E+02,good,tae,0.9798,0.9999,below_upper2,
nstxuE205052A01t022/N9/egn09w.1494E+02,good,tae,0.9681,0.9963,below_upper2,
nstxuE205052A01t022/N9/egn09w.1565E+02,good,tae,0.9555,0.9999,below_upper2,
nstxuE205052A01t022/N9/egn09w.1637E+02,good,tae,0.9135,0.9998,below_upper2,
nstxuE205052A01t022/N9/egn09w.1755E+02,bad,none,0.8776,0.9605,below_upper2,
nstxuE205052A01t022/N9/egn09w.2091E+02,bad,none,0.1005,0.5419,below_upper2,
nstxuE205052A01t022/N9/egn09w.2296E+02,bad,none,0.7779,0.8992,below_upper2,
nstxuE205052A01t022/N9/egn09w.6042E+01,bad,none,0.9975,1.0000,below_upper2,
nstxuE205052A01t022/N9/egn09w.6424E+01,bad,none,0.9967,1.0000,below_upper2,
nstxuE205052A01t022/N9/egn09w.6961E+01,bad,none,0.9946,1.0000,below_upper2,
nstxuE205052A01t022/N9/egn09w.7046E+01,bad,none,0.9931,1.0000,below_upper2,
nstxuE205052A01t022/N9/egn09w.7151E+01,bad,none,0.9954,1.0000,below_upper2,
nstxuE205052A01t022/N9/egn09w.7373E+01,bad,none,0.9953,1.0000,below_upper2,
nstxuE205052A01t022/N9/egn09w.7563E+01,bad,none,0.9901,1.0000,below_upper2,
nstxuE205052A01t022/N9/egn09w.7601E+01,bad,none,0.9922,1.0000,below_upper2,
nstxuE205052A01t022/N9/egn09w.7839E+01,bad,none,0.9894,1.0000,below_upper2,
nstxuE205052A01t022/N9/egn09w.8038E+01,good,tae,0.9929,1.0000,below_upper2,
nstxuE205052A01t022/N9/egn09w.8190E+01,bad,none,0.9855,1.0000,below_upper2,
nstxuE205052A01t022/N9/egn09w.8537E+01,good,tae,0.9932,1.0000,below_upper2,
nstxuE205052A01t022/N9/egn09w.8945E+01,bad,none,0.6282,1.0000,below_upper2,
nstxuE205052A01t022/N9/egn09w.9117E+01,bad,none,0.8172,1.0000,below_upper2,
nstxuE205052A01t022/N9/egn09w.9483E+01,good,tae,0.8553,1.0000,below_upper2,
nstxuE205052A01t022/N9/egn09w.9642E+01,bad,none,0.6662,1.0000,below_upper2,
nstxuE205052A01t022/N9/egn09w.9724E+01,good,tae,0.8878,1.0000,below_upper2,
nstxuE205052A01t022/N9/egn09w.9740E+01,good,tae,0.9199,1.0000,below_upper2,
nstxuG121123J38/N1/egn01w.2758E+02,bad,none,0.9997,0.9997,below_upper2,
nstxuG121123J38/N1/egn01w.2840E+02,bad,none,0.5073,0.6317,below_upper2,
nstxuG121123J38/N1/egn01w.2852E+02,bad,none,0.6086,0.8144,below_upper2,
nstxuG121123J38/N1/egn01w.2988E+02,bad,none,0.9847,0.9951,below_upper2,
nstxuG121123J38/N1/egn01w.3002E+02,bad,none,0.5864,0.7769,below_upper2,
nstxuG121123J38/N1/egn01w.3093E+02,bad,none,0.9844,0.9990,below_upper2,
nstxuG121123J38/N1/egn01w.3246E+02,bad,none,0.9560,0.9946,below_upper2,
nstxuG121123J38/N1/egn01w.3276E+02,bad,none,0.7687,0.8789,below_upper2,
nstxuG121123J38/N1/egn01w.3323E+02,bad,none,0.4903,0.7198,below_upper2,
nstxuG121123J38/N2/egn02w.3523E+02,bad,none,0.7354,0.9995,below_upper2,
nstxuG121123J38/N2/egn02w.4164E+02,bad,none,0.4518,0.6168,below_upper2,
nstxuG121123J38/N2/egn02w.4188E+02,bad,none,0.3337,0.5778,below_upper2,
nstxuG121123J38/N2/egn02w.4243E+02,bad,none,0.2983,0.5310,below_upper2,
nstxuG121123J38/N3/egn03w.2614E+02,bad,none,0.9926,0.9999,below_upper2,
nstxuG121123J38/N3/egn03w.2661E+02,bad,none,0.9931,0.9999,below_upper2,
nstxuG121123J38/N3/egn03w.2715E+02,bad,none,0.9913,0.9999,below_upper2,
nstxuG121123J38/N3/egn03w.2781E+02,bad,none,0.9938,1.0000,below_upper2,
nstxuG121123J38/N3/egn03w.2954E+02,bad,none,0.9864,0.9998,below_upper2,
nstxuG121123J38/N3/egn03w.4518E+02,bad,none,-0.4267,0.4582,mixed,
nstxuG121123J38/N3/egn03w.4527E+02,bad,none,-0.4341,0.4518,mixed,
nstxuG121123J38/N3/egn03w.9525E+01,bad,none,0.9675,0.9999,below_upper2,
nstxuG121123J38/N4/egn04w.1007E+02,bad,none,0.9835,1.0000,below_upper2,
nstxuG121123J38/N4/egn04w.9885E+01,bad,none,0.9821,1.0000,below_upper2,
nstxuG121123J38/N5/egn05w.1040E+02,bad,none,0.9931,1.0000,below_upper2,
nstxuG121123J38/N5/egn05w.1753E+02,bad,none,0.9775,1.0000,below_upper2,
nstxuG121123J38/N5/egn05w.1785E+02,bad,none,0.9715,1.0000,below_upper2,
nstxuG121123J38/N5/egn05w.1811E+02,bad,none,0.9691,1.0000,below_upper2,
nstxuG121123J38/N5/egn05w.1834E+02,bad,none,0.9672,1.0000,below_upper2,
nstxuG121123J38/N5/egn05w.1857E+02,bad,none,0.9634,0.9999,below_upper2,
nstxuG121123J38/N5/egn05w.9122E+01,bad,none,0.9753,1.0000,below_upper2,
nstxuG121123J38/N6/egn06w.1051E+02,bad,none,0.9955,1.0000,below_upper2,
nstxuG121123J38/N6/egn06w.1054E+02,bad,none,0.9947,1.0000,below_upper2,
nstxuG121123J38/N6/egn06w.1113E+02,bad,none,0.9928,1.0000,below_upper2,
nstxuG121123J38/N6/egn06w.1130E+02,bad,none,0.9915,1.0000,below_upper2,
nstxuG121123J38/N6/egn06w.1140E+02,bad,none,0.9868,1.0000,below_upper2,
nstxuG121123J38/N6/egn06w.1178E+02,bad,none,0.9790,1.0000,below_upper2,
nstxuG121123J38/N6/egn06w.1184E+02,bad,none,0.9880,1.0000,below_upper2,
nstxuG121123J38/N6/egn06w.1191E+02,bad,none,0.9930,1.0000,below_upper2,
nstxuG121123J38/N6/egn06w.1345E+02,bad,none,0.9763,0.9999,below_upper2,
nstxuG121123J38/N6/egn06w.1470E+02,bad,none,0.9795,0.9996,below_upper2,
nstxuG121123J38/N6/egn06w.1621E+02,bad,none,0.9728,0.9995,below_upper2,
nstxuG121123J38/N6/egn06w.1709E+02,bad,none,0.9923,0.9992,below_upper2,
nstxuG121123J38/N6/egn06w.1780E+02,bad,none,0.9684,0.9998,below_upper2,
nstxuG121123J38/N6/egn06w.1859E+02,bad,none,0.9610,1.0000,below_upper2,
nstxuG121123J38/N6/egn06w.2044E+02,bad,none,0.9166,0.9948,below_upper2,
nstxuG121123J38/N6/egn06w.2392E+02,bad,none,0.9782,1.0000,below_upper2,
nstxuG121123J38/N6/egn06w.2410E+02,bad,none,0.9963,0.9995,below_upper2,
nstxuG121123J38/N6/egn06w.2660E+02,bad,none,0.9855,0.9999,below_upper2,
nstxuG121123J38/N6/egn06w.2722E+02,bad,none,0.9832,1.0000,below_upper2,
nstxuG121123J38/N6/egn06w.4521E+02,bad,none,0.3863,0.8612,below_upper2,
nstxuG121123J38/N6/egn06w.9499E+01,bad,none,0.9872,1.0000,below_upper2,
nstxuG121123J38/N7/egn07w.1025E+02,bad,none,0.9877,1.0000,below_upper2,
nstxuG121123J38/N7/egn07w.1050E+02,bad,none,0.9933,1.0000,below_upper2,
nstxuG121123J38/N7/egn07w.1065E+02,bad,none,0.9963,1.0000,below_upper2,
nstxuG121123J38/N7/egn07w.1071E+02,bad,none,0.9961,1.0000,below_upper2,
nstxuG121123J38/N7/egn07w.1087E+02,bad,none,0.9973,1.0000,below_upper2,
nstxuG121123J38/N7/egn07w.1094E+02,bad,none,0.9908,1.0000,below_upper2,
nstxuG121123J38/N7/egn07w.1106E+02,bad,none,0.9941,1.0000,below_upper2,
nstxuG121123J38/N7/egn07w.1115E+02,bad,none,0.9973,1.0000,below_upper2,
nstxuG121123J38/N7/egn07w.1137E+02,bad,none,0.9966,1.0000,below_upper2,
nstxuG121123J38/N7/egn07w.1145E+02,bad,none,0.9908,1.0000,below_upper2,
nstxuG121123J38/N7/egn07w.1173E+02,bad,none,0.9979,1.0000,below_upper2,
nstxuG121123J38/N7/egn07w.1186E+02,bad,none,0.9889,1.0000,below_upper2,
nstxuG121123J38/N7/egn07w.1236E+02,bad,none,0.9849,1.0000,below_upper2,
nstxuG121123J38/N7/egn07w.1299E+02,bad,none,0.9783,1.0000,below_upper2,
nstxuG121123J38/N7/egn07w.1378E+02,bad,none,0.9731,1.0000,below_upper2,
nstxuG121123J38/N7/egn07w.1564E+02,bad,none,0.9987,1.0000,below_upper2,
nstxuG121123J38/N7/egn07w.1600E+02,bad,none,0.9990,1.0000,below_upper2,
nstxuG121123J38/N7/egn07w.1621E+02,bad,none,0.9728,1.0000,below_upper2,
nstxuG121123J38/N7/egn07w.1765E+02,bad,none,0.9736,1.0000,below_upper2,
nstxuG121123J38/N7/egn07w.1893E+02,bad,none,0.9612,1.0000,below_upper2,
nstxuG121123J38/N7/egn07w.2044E+02,bad,none,0.9475,0.9999,below_upper2,
nstxuG121123J38/N7/egn07w.2680E+02,bad,none,0.9769,1.0000,below_upper2,
nstxuG121123J38/N7/egn07w.2697E+02,bad,none,0.9699,1.0000,below_upper2,
nstxuG121123J38/N7/egn07w.2725E+02,bad,none,0.9819,1.0000,below_upper2,
nstxuG121123J38/N7/egn07w.3028E+02,bad,none,0.2119,0.4624,mixed,
nstxuG121123J38/N7/egn07w.3273E+02,bad,none,-0.0433,0.4209,mixed,
nstxuG121123J38/N7/egn07w.3357E+02,bad,none,0.8918,0.9993,below_upper2,
nstxuG121123J38/N7/egn07w.3384E+02,bad,none,-0.0491,0.4022,mixed,
nstxuG121123J38/N7/egn07w.4270E+02,bad,none,0.6473,0.8603,below_upper2,
nstxuG121123J38/N7/egn07w.4548E+02,bad,none,0.0348,0.7896,below_upper2,
nstxuG121123J38/N7/egn07w.4580E+02,bad,none,0.2456,0.8469,below_upper2,
nstxuG121123J38/N7/egn07w.4876E+02,bad,none,-0.0796,0.1005,mixed,
nstxuG121123J38/N7/egn07w.9174E+01,bad,none,0.9870,1.0000,below_upper2,
nstxuG121123J38/N8/egn08w.1008E+02,bad,none,0.9943,1.0000,below_upper2,
nstxuG121123J38/N8/egn08w.1063E+02,bad,none,0.9957,1.0000,below_upper2,
nstxuG121123J38/N8/egn08w.1070E+02,bad,none,0.9951,1.0000,below_upper2,
nstxuG121123J38/N8/egn08w.1082E+02,bad,none,0.9970,1.0000,below_upper2,
nstxuG121123J38/N8/egn08w.1129E+02,bad,none,0.9963,1.0000,below_upper2,
nstxuG121123J38/N8/egn08w.1255E+02,bad,none,0.9961,1.0000,below_upper2,
nstxuG121123J38/N8/egn08w.1259E+02,bad,none,0.9832,1.0000,below_upper2,
nstxuG121123J38/N8/egn08w.1406E+02,bad,none,0.9729,1.0000,below_upper2,
nstxuG121123J38/N8/egn08w.1491E+02,bad,none,0.9628,1.0000,below_upper2,
nstxuG121123J38/N8/egn08w.1596E+02,bad,none,0.9415,0.9998,below_upper2,
nstxuG121123J38/N8/egn08w.1757E+02,bad,none,0.9261,0.9955,below_upper2,
nstxuG121123J38/N8/egn08w.2222E+02,bad,none,0.9334,0.9967,below_upper2,
nstxuG121123J38/N8/egn08w.2275E+02,bad,none,0.9915,1.0000,below_upper2,
nstxuG121123J38/N8/egn08w.2283E+02,bad,none,0.9978,1.0000,below_upper2,
nstxuG121123J38/N8/egn08w.2421E+02,bad,none,0.8882,0.9833,below_upper2,
nstxuG121123J38/N8/egn08w.2629E+02,bad,none,0.8290,0.9326,below_upper2,
nstxuG121123J38/N8/egn08w.2974E+02,bad,none,0.9792,1.0000,below_upper2,
nstxuG121123J38/N8/egn08w.3044E+02,bad,none,0.4200,0.5935,below_upper2,
nstxuG121123J38/N8/egn08w.3049E+02,bad,none,0.9433,0.9925,below_upper2,
nstxuG121123J38/N8/egn08w.3062E+02,bad,none,0.9504,0.9987,below_upper2,
nstxuG121123J38/N8/egn08w.3359E+02,bad,none,0.0511,0.4641,mixed,
nstxuG121123J38/N8/egn08w.3371E+02,bad,none,0.8348,1.0000,below_upper2,
nstxuG121123J38/N8/egn08w.4131E+02,bad,none,0.8756,0.8962,below_upper2,
nstxuG121123J38/N8/egn08w.4508E+02,bad,none,0.4815,0.9162,below_upper2,
nstxuG121123J38/N9/egn09w.1020E+02,bad,none,0.9970,1.0000,below_upper2,
nstxuG121123J38/N9/egn09w.1048E+02,bad,none,0.9953,1.0000,below_upper2,
nstxuG121123J38/N9/egn09w.1077E+02,bad,none,0.9970,1.0000,below_upper2,
nstxuG121123J38/N9/egn09w.1086E+02,bad,none,0.9943,1.0000,below_upper2,
nstxuG121123J38/N9/egn09w.1103E+02,bad,none,0.9967,1.0000,below_upper2,
nstxuG121123J38/N9/egn09w.1111E+02,bad,none,0.9908,1.0000,below_upper2,
nstxuG121123J38/N9/egn09w.1127E+02,bad,none,0.9961,1.0000,below_upper2,
nstxuG121123J38/N9/egn09w.1182E+02,bad,none,0.9914,1.0000,below_upper2,
nstxuG121123J38/N9/egn09w.1220E+02,bad,none,0.9886,1.0000,below_upper2,
nstxuG121123J38/N9/egn09w.1278E+02,bad,none,0.9850,1.0000,below_upper2,
nstxuG121123J38/N9/egn09w.1333E+02,bad,none,0.9803,1.0000,below_upper2,
nstxuG121123J38/N9/egn09w.1497E+02,bad,none,0.9749,1.0000,below_upper2,
nstxuG121123J38/N9/egn09w.1621E+02,bad,none,0.9992,1.0000,below_upper2,
nstxuG121123J38/N9/egn09w.1673E+02,bad,none,0.9992,0.9999,below_upper2,
nstxuG121123J38/N9/egn09w.1719E+02,bad,none,0.9727,1.0000,below_upper2,
nstxuG121123J38/N9/egn09w.1857E+02,bad,none,0.9728,1.0000,below_upper2,
nstxuG121123J38/N9/egn09w.1983E+02,bad,none,0.9657,1.0000,below_upper2,
nstxuG121123J38/N9/egn09w.2136E+02,good,tae,0.9432,1.0000,below_upper2,
nstxuG121123J38/N9/egn09w.2500E+02,bad,none,0.8346,0.9983,below_upper2,
nstxuG121123J38/N9/egn09w.2517E+02,bad,none,0.9908,1.0000,below_upper2,
nstxuG121123J38/N9/egn09w.2523E+02,bad,none,0.9901,1.0000,below_upper2,
nstxuG121123J38/N9/egn09w.3300E+02,bad,none,-0.0687,0.3878,mixed,
nstxuG121123J38/N9/egn09w.3364E+02,bad,none,0.9688,1.0000,below_upper2,
nstxuG121123J38/N9/egn09w.3378E+02,bad,none,0.9788,1.0000,below_upper2,
nstxuG121123J38/N9/egn09w.3413E+02,bad,none,0.9638,1.0000,below_upper2,
nstxuG121123J38/N9/egn09w.3504E+02,bad,none,0.9488,1.0000,below_upper2,
nstxuG121123J38/N9/egn09w.3593E+02,bad,none,0.6185,0.9869,below_upper2,
nstxuG121123J38/N9/egn09w.4203E+02,bad,none,0.8061,0.9429,below_upper2,
nstxuG121123J38/N9/egn09w.4445E+02,bad,none,0.0302,0.0802,mixed,
nstxuG121123J38/N10/egn10w.1025E+02,bad,none,0.9980,1.0000,below_upper2,
nstxuG121123J38/N10/egn10w.1030E+02,bad,none,0.9952,1.0000,below_upper2,
nstxuG121123J38/N10/egn10w.1054E+02,bad,none,0.9985,1.0000,below_upper2,
nstxuG121123J38/N10/egn10w.1091E+02,bad,none,0.9965,1.0000,below_upper2,
nstxuG121123J38/N10/egn10w.1101E+02,bad,none,0.9934,1.0000,below_upper2,
nstxuG121123J38/N10/egn10w.1163E+02,bad,none,0.9909,1.0000,below_upper2,
nstxuG121123J38/N10/egn10w.1221E+02,bad,none,0.9898,1.0000,below_upper2,
nstxuG121123J38/N10/egn10w.1287E+02,bad,none,0.9882,1.0000,below_upper2,
nstxuG121123J38/N10/egn10w.1337E+02,bad,none,0.9853,1.0000,below_upper2,
nstxuG121123J38/N10/egn10w.1395E+02,bad,none,0.9818,1.0000,below_upper2,
nstxuG121123J38/N10/egn10w.1468E+02,bad,none,0.9786,1.0000,below_upper2,
nstxuG121123J38/N10/egn10w.1564E+02,bad,none,0.9789,1.0000,below_upper2,
nstxuG121123J38/N10/egn10w.1672E+02,bad,none,0.9808,1.0000,below_upper2,
nstxuG121123J38/N10/egn10w.1794E+02,bad,none,0.9756,1.0000,below_upper2,
nstxuG121123J38/N10/egn10w.1795E+02,good,tae,0.9751,1.0000,below_upper2,
nstxuG121123J38/N10/egn10w.1935E+02,bad,none,0.9727,1.0000,below_upper2,
nstxuG121123J38/N10/egn10w.2067E+02,good,tae,0.9610,1.0000,below_upper2,
nstxuG121123J38/N10/egn10w.2187E+02,bad,none,0.9990,1.0000,below_upper2,
nstxuG121123J38/N10/egn10w.2189E+02,bad,none,0.9977,1.0000,below_upper2,
nstxuG121123J38/N10/egn10w.2199E+02,bad,none,0.9169,0.9832,below_upper2,
nstxuG121123J38/N10/egn10w.2227E+02,good,tae,0.9399,1.0000,below_upper2,
nstxuG121123J38/N10/egn10w.2244E+02,bad,none,0.9980,1.0000,below_upper2,
nstxuG121123J38/N10/egn10w.2422E+02,good,tae,0.9068,0.9999,below_upper2,
nstxuG121123J38/N10/egn10w.2620E+02,bad,none,0.8317,0.9978,below_upper2,
nstxuG121123J38/N10/egn10w.2735E+02,bad,none,0.9810,1.0000,below_upper2,
nstxuG121123J38/N10/egn10w.2751E+02,bad,none,0.9919,0.9999,below_upper2,
nstxuG121123J38/N10/egn10w.2920E+02,bad,none,0.9759,1.0000,below_upper2,
nstxuG121123J38/N10/egn10w.2941E+02,bad,none,0.9701,1.0000,below_upper2,
nstxuG121123J38/N10/egn10w.2977E+02,bad,none,0.9974,1.0000,below_upper2,
nstxuG121123J38/N10/egn10w.3071E+02,bad,none,0.9951,1.0000,below_upper2,
nstxuG121123J38/N10/egn10w.3260E+02,bad,none,0.9969,1.0000,below_upper2,
nstxuG121123J38/N10/egn10w.3477E+02,bad,none,0.9955,1.0000,below_upper2,
nstxuG121123J38/N10/egn10w.3559E+02,good,tae,0.7257,1.0000,below_upper2,
nstxuG121123J38/N10/egn10w.3596E+02,good,tae,0.6198,0.9982,below_upper2,
nstxuG121123J38/N10/egn10w.3698E+02,bad,none,0.8453,0.9932,below_upper2,
nstxuG121123J38/N10/egn10w.4584E+02,bad,none,0.4803,0.9275,below_upper2,
nstxuG121123J38/N10/egn10w.9766E+01,bad,none,0.9938,1.0000,below_upper2,
nstxuG121123B12/N1/egn01w.4164E+02,bad,none,0.1046,0.7379,below_upper2,
nstxuG121123B12/N1/egn01w.4181E+02,bad,none,0.7215,0.9667,below_upper2,
nstxuG121123B12/N2/egn02w.4122E+02,bad,none,-0.3651,0.7045,below_upper2,
nstxuG121123B12/N2/egn02w.4228E+02,bad,none,0.7834,0.9829,below_upper2,
nstxuG121123B12/N3/egn03w.3642E+02,bad,none,-0.5656,0.4816,mixed,
nstxuG121123B12/N3/egn03w.3885E+02,bad,none,0.3287,0.8831,below_upper2,
nstxuG121123B12/N4/egn04w.3531E+02,bad,none,0.5718,0.9349,below_upper2,
nstxuG121123B12/N4/egn04w.3843E+02,bad,none,-0.5625,0.4629,mixed,
nstxuG121123B12/N6/egn06w.3574E+02,bad,none,0.4899,0.9023,below_upper2,
nstxuG121123B12/N7/egn07w.1059E+02,bad,none,0.9812,1.0000,below_upper2,
nstxuG121123B12/N7/egn07w.1123E+02,bad,none,0.9994,1.0000,below_upper2,
nstxuG121123B12/N7/egn07w.1224E+02,bad,none,0.9601,1.0000,below_upper2,
nstxuG121123B12/N7/egn07w.1373E+02,bad,none,0.9546,0.9761,below_upper2,
nstxuG121123B12/N7/egn07w.1458E+02,bad,none,0.9006,0.9999,below_upper2,
nstxuG121123B12/N7/egn07w.1583E+02,bad,none,0.9979,1.0000,below_upper2,
nstxuG121123B12/N7/egn07w.1880E+02,bad,none,0.9855,1.0000,below_upper2,
nstxuG121123B12/N7/egn07w.2052E+02,bad,none,0.9757,1.0000,below_upper2,
nstxuG121123B12/N7/egn07w.2666E+02,bad,none,0.9258,1.0000,below_upper2,
nstxuG121123B12/N7/egn07w.2697E+02,bad,none,0.9435,1.0000,below_upper2,
nstxuG121123B12/N7/egn07w.2744E+02,bad,none,0.8532,0.9179,below_upper2,
nstxuG121123B12/N7/egn07w.2755E+02,bad,none,0.9179,0.9609,below_upper2,
nstxuG121123B12/N7/egn07w.2770E+02,bad,none,0.9359,0.9999,below_upper2,
nstxuG121123B12/N7/egn07w.2883E+02,good,tae,0.8572,1.0000,below_upper2,
nstxuG121123B12/N7/egn07w.2949E+02,good,tae,0.5894,1.0000,below_upper2,
nstxuG121123B12/N7/egn07w.2972E+02,good,tae,0.5122,0.9995,below_upper2,
nstxuG121123B12/N7/egn07w.3171E+02,bad,none,0.6561,0.8813,below_upper2,
nstxuG121123B12/N7/egn07w.3281E+02,bad,none,0.7149,0.9111,below_upper2,
nstxuG121123B12/N7/egn07w.3405E+02,bad,none,0.3772,0.9156,below_upper2,
nstxuG121123B12/N7/egn07w.3416E+02,bad,none,-0.0363,0.8031,below_upper2,
nstxuG121123B12/N7/egn07w.3476E+02,bad,none,0.0277,0.8259,below_upper2,
nstxuG121123B12/N7/egn07w.3488E+02,bad,none,0.2264,0.9073,below_upper2,
nstxuG121123B12/N7/egn07w.3496E+02,bad,none,0.2418,0.9187,below_upper2,
nstxuG121123B12/N7/egn07w.3507E+02,bad,none,0.2975,0.9260,below_upper2,
nstxuG121123B12/N7/egn07w.3619E+02,bad,none,0.4009,0.7702,below_upper2,
nstxuG121123B12/N7/egn07w.8411E+01,bad,none,0.9951,1.0000,below_upper2,
nstxuG121123B12/N7/egn07w.9233E+01,bad,none,0.9955,1.0000,below_upper2,
nstxuG121123B12/N7/egn07w.9817E+01,bad,none,0.9735,1.0000,below_upper2,
nstxuG121123B12/N8/egn08w.1061E+02,bad,none,0.9807,1.0000,below_upper2,
nstxuG121123B12/N8/egn08w.1250E+02,bad,none,0.9991,1.0000,below_upper2,
nstxuG121123B12/N8/egn08w.1315E+02,bad,none,0.9478,1.0000,below_upper2,
nstxuG121123B12/N8/egn08w.1436E+02,bad,none,0.9961,1.0000,below_upper2,
nstxuG121123B12/N8/egn08w.2078E+02,bad,none,0.9943,0.9976,below_upper2,
nstxuG121123B12/N8/egn08w.2095E+02,bad,none,0.2238,0.4283,mixed,
nstxuG121123B12/N8/egn08w.2191E+02,bad,none,0.9777,1.0000,below_upper2,
nstxuG121123B12/N8/egn08w.2698E+02,good,tae,0.9845,0.9979,below_upper2,
nstxuG121123B12/N8/egn08w.2892E+02,bad,none,0.8116,0.9800,below_upper2,
nstxuG121123B12/N8/egn08w.2899E+02,bad,none,0.8591,0.9634,below_upper2,
nstxuG121123B12/N8/egn08w.2963E+02,good,tae,0.6312,0.9998,below_upper2,
nstxuG121123B12/N8/egn08w.3027E+02,bad,none,0.8684,0.9769,below_upper2,
nstxuG121123B12/N8/egn08w.3095E+02,bad,none,0.4222,0.8198,below_upper2,
nstxuG121123B12/N8/egn08w.3246E+02,bad,none,0.5677,0.9316,below_upper2,
nstxuG121123B12/N8/egn08w.3259E+02,bad,none,0.6193,0.9622,below_upper2,
nstxuG121123B12/N8/egn08w.3405E+02,bad,none,0.3575,0.8821,below_upper2,
nstxuG121123B12/N8/egn08w.3447E+02,bad,none,0.5574,0.9431,below_upper2,
nstxuG121123B12/N8/egn08w.3472E+02,bad,none,0.0211,0.7840,below_upper2,
nstxuG121123B12/N8/egn08w.3500E+02,bad,none,0.3061,0.8812,below_upper2,
nstxuG121123B12/N8/egn08w.3518E+02,bad,none,0.3751,0.8884,below_upper2,
nstxuG121123B12/N8/egn08w.3614E+02,bad,none,0.0951,0.8440,below_upper2,
nstxuG121123B12/N8/egn08w.8495E+01,bad,none,0.9961,1.0000,below_upper2,
nstxuG121123B12/N8/egn08w.8754E+01,bad,none,0.9926,1.0000,below_upper2,
nstxuG121123B12/N8/egn08w.9855E+01,bad,none,0.9866,1.0000,below_upper2,
nstxuG121123B12/N9/egn09w.1044E+02,bad,none,0.9989,1.0000,below_upper2,
nstxuG121123B12/N9/egn09w.1052E+02,bad,none,0.9727,1.0000,below_upper2,
nstxuG121123B12/N9/egn09w.1126E+02,bad,none,0.9797,1.0000,below_upper2,
nstxuG121123B12/N9/egn09w.1180E+02,bad,none,0.9964,0.9985,below_upper2,
nstxuG121123B12/N9/egn09w.1294E+02,bad,none,0.9660,0.9998,below_upper2,
nstxuG121123B12/N9/egn09w.1374E+02,bad,none,0.9705,0.9906,below_upper2,
nstxuG121123B12/N9/egn09w.1505E+02,bad,none,0.8965,0.9923,below_upper2,
nstxuG121123B12/N9/egn09w.1743E+02,good,tae,0.9919,0.9955,below_upper2,
nstxuG121123B12/N9/egn09w.2202E+02,bad,none,0.9962,1.0000,below_upper2,
nstxuG121123B12/N9/egn09w.2255E+02,bad,none,0.9945,1.0000,below_upper2,
nstxuG121123B12/N9/egn09w.2347E+02,bad,none,0.9772,1.0000,below_upper2,
nstxuG121123B12/N9/egn09w.2392E+02,bad,none,-0.0687,0.3568,mixed,
nstxuG121123B12/N9/egn09w.2431E+02,bad,none,0.9663,1.0000,below_upper2,
nstxuG121123B12/N9/egn09w.2477E+02,bad,none,0.9771,0.9999,below_upper2,
nstxuG121123B12/N9/egn09w.2601E+02,bad,none,0.9814,0.9997,below_upper2,
nstxuG121123B12/N9/egn09w.2661E+02,good,tae,0.9883,0.9991,below_upper2,
nstxuG121123B12/N9/egn09w.2852E+02,bad,none,0.8855,0.9697,below_upper2,
nstxuG121123B12/N9/egn09w.2865E+02,bad,none,0.7175,0.9339,below_upper2,
nstxuG121123B12/N9/egn09w.2884E+02,good,tae,0.8206,0.9965,below_upper2,
nstxuG121123B12/N9/egn09w.2912E+02,good,tae,0.7238,1.0000,below_upper2,
nstxuG121123B12/N9/egn09w.3038E+02,bad,none,0.5396,0.9179,below_upper2,
nstxuG121123B12/N9/egn09w.3049E+02,bad,none,0.5771,0.7449,below_upper2,
nstxuG121123B12/N9/egn09w.3529E+02,bad,none,0.1707,0.8567,below_upper2,
nstxuG121123B12/N9/egn09w.3777E+02,bad,none,-0.5947,0.4728,mixed,
nstxuG121123B12/N9/egn09w.3796E+02,bad,none,-0.0447,0.9119,below_upper2,
nstxuG121123B12/N9/egn09w.8217E+01,bad,none,0.9958,1.0000,below_upper2,
nstxuG121123B12/N9/egn09w.8431E+01,bad,none,0.9923,1.0000,below_upper2,
nstxuG121123B12/N9/egn09w.8529E+01,bad,none,0.9957,1.0000,below_upper2,
nstxuG121123B12/N9/egn09w.8610E+01,bad,none,0.9973,1.0000,below_upper2,
nstxuG121123B12/N9/egn09w.9406E+01,bad,none,0.9975,1.0000,below_upper2,
nstxuG121123B12/N9/egn09w.9892E+01,bad,none,0.9973,1.0000,below_upper2,
nstxuG121123B12/N10/egn10w.1019E+02,bad,none,0.9795,1.0000,below_upper2,
nstxuG121123B12/N10/egn10w.1179E+02,bad,none,0.9805,1.0000,below_upper2,
nstxuG121123B12/N10/egn10w.1245E+02,bad,none,0.9755,1.0000,below_upper2,
nstxuG121123B12/N10/egn10w.1304E+02,bad,none,0.9879,0.9949,below_upper2,
nstxuG121123B12/N10/egn10w.1344E+02,good,tae,0.9633,1.0000,below_upper2,
nstxuG121123B12/N10/egn10w.1414E+02,bad,none,0.9984,1.0000,below_upper2,
nstxuG121123B12/N10/egn10w.1447E+02,bad,none,0.9439,1.0000,below_upper2,
nstxuG121123B12/N10/egn10w.1490E+02,bad,none,0.9798,0.9971,below_upper2,
nstxuG121123B12/N10/egn10w.1503E+02,bad,none,0.9998,1.0000,below_upper2,
nstxuG121123B12/N10/egn10w.1550E+02,good,tae,0.9975,1.0000,below_upper2,
nstxuG121123B12/N10/egn10w.1565E+02,good,tae,0.9087,1.0000,below_upper2,
nstxuG121123B12/N10/egn10w.1766E+02,bad,none,0.9978,1.0000,below_upper2,
nstxuG121123B12/N10/egn10w.1909E+02,bad,none,0.9958,1.0000,below_upper2,
nstxuG121123B12/N10/egn10w.1945E+02,good,tae,0.9928,1.0000,below_upper2,
nstxuG121123B12/N10/egn10w.2406E+02,bad,none,0.9915,1.0000,below_upper2,
nstxuG121123B12/N10/egn10w.2430E+02,bad,none,-0.0841,0.3534,mixed,
nstxuG121123B12/N10/egn10w.2508E+02,good,tae,0.9766,1.0000,below_upper2,
nstxuG121123B12/N10/egn10w.2629E+02,good,tae,0.9778,0.9915,below_upper2,
nstxuG121123B12/N10/egn10w.2640E+02,bad,none,0.7119,0.8104,below_upper2,
nstxuG121123B12/N10/egn10w.2814E+02,good,tae,0.9708,0.9984,below_upper2,
nstxuG121123B12/N10/egn10w.2828E+02,good,tae,0.8146,0.9999,below_upper2,
nstxuG121123B12/N10/egn10w.2876E+02,bad,none,-0.2349,0.4299,mixed,
nstxuG121123B12/N10/egn10w.2921E+02,good,tae,0.7323,1.0000,below_upper2,
nstxuG121123B12/N10/egn10w.2933E+02,good,tae,0.9290,0.9960,below_upper2,
nstxuG121123B12/N10/egn10w.2944E+02,good,tae,0.7738,0.9980,below_upper2,
nstxuG121123B12/N10/egn10w.3038E+02,bad,none,0.9139,0.9881,below_upper2,
nstxuG121123B12/N10/egn10w.3105E+02,bad,none,0.4193,0.8237,below_upper2,
nstxuG121123B12/N10/egn10w.3134E+02,bad,none,0.7379,0.9527,below_upper2,
nstxuG121123B12/N10/egn10w.3216E+02,bad,none,0.7557,0.9382,below_upper2,
nstxuG121123B12/N10/egn10w.3249E+02,bad,none,0.7989,0.9420,below_upper2,
nstxuG121123B12/N10/egn10w.3272E+02,bad,none,0.7638,0.9622,below_upper2,
nstxuG121123B12/N10/egn10w.3306E+02,bad,none,0.6890,0.9701,below_upper2,
nstxuG121123B12/N10/egn10w.3410E+02,bad,none,0.1213,0.8157,below_upper2,
nstxuG121123B12/N10/egn10w.3429E+02,bad,none,0.4155,0.9089,below_upper2,
nstxuG121123B12/N10/egn10w.3461E+02,bad,none,0.4977,0.9519,below_upper2,
nstxuG121123B12/N10/egn10w.3473E+02,bad,none,0.4429,0.9307,below_upper2,
nstxuG121123B12/N10/egn10w.3831E+02,bad,none,0.3208,0.7385,below_upper2,
nstxuG121123B12/N10/egn10w.3865E+02,bad,none,0.3547,0.8484,below_upper2,
nstxuG121123B12/N10/egn10w.3902E+02,bad,none,0.3709,0.8877,below_upper2,
nstxuG121123B12/N10/egn10w.8243E+01,bad,none,0.9960,1.0000,below_upper2,
nstxuG121123B12/N10/egn10w.8485E+01,bad,none,0.9972,1.0000,below_upper2,
nstxuG121123B12/N10/egn10w.8533E+01,bad,none,0.9938,1.0000,below_upper2,
nstxuG121123B12/N10/egn10w.9400E+01,bad,none,0.9979,1.0000,below_upper2,
nstxuG142301W29/N1/egn01w.1998E+02,bad,none,0.9993,1.0000,below_upper2,
nstxuG142301W29/N1/egn01w.2010E+02,bad,none,0.9995,1.0000,below_upper2,
nstxuG142301W29/N1/egn01w.2016E+02,bad,none,0.9977,0.9984,below_upper2,
nstxuG142301W29/N1/egn01w.2024E+02,bad,none,0.9991,0.9997,below_upper2,
nstxuG142301W29/N1/egn01w.2041E+02,bad,none,0.9151,0.9433,below_upper2,
nstxuG142301W29/N1/egn01w.2064E+02,bad,none,0.8079,0.8667,below_upper2,
nstxuG142301W29/N1/egn01w.2079E+02,bad,none,0.9480,0.9653,below_upper2,
nstxuG142301W29/N1/egn01w.2093E+02,bad,none,0.9067,0.9453,below_upper2,
nstxuG142301W29/N1/egn01w.2121E+02,bad,none,0.7555,0.8339,below_upper2,
nstxuG142301W29/N1/egn01w.2158E+02,bad,none,0.8720,0.9523,below_upper2,
nstxuG142301W29/N1/egn01w.2182E+02,bad,none,0.7877,0.8984,below_upper2,
nstxuG142301W29/N1/egn01w.2206E+02,bad,none,0.6996,0.8406,below_upper2,
nstxuG142301W29/N1/egn01w.2503E+02,bad,none,0.8926,0.9579,below_upper2,
nstxuG142301W29/N1/egn01w.2511E+02,bad,none,0.9195,0.9866,below_upper2,
nstxuG142301W29/N2/egn02w.2555E+02,bad,none,0.7668,0.9480,below_upper2,
nstxuG142301W29/N2/egn02w.3052E+02,bad,none,0.1212,0.4350,mixed,
nstxuG142301W29/N2/egn02w.3064E+02,bad,none,-0.0415,0.5201,below_upper2,
nstxuG142301W29/N2/egn02w.3086E+02,bad,none,0.0501,0.6057,below_upper2,
nstxuG142301W29/N2/egn02w.3164E+02,bad,none,-0.2430,0.4208,mixed,
nstxuG142301W29/N2/egn02w.3173E+02,bad,none,-0.2206,0.4446,mixed,
nstxuG142301W29/N2/egn02w.3192E+02,bad,none,-0.1532,0.5919,below_upper2,
nstxuG142301W29/N2/egn02w.3311E+02,bad,none,-0.1186,0.6356,below_upper2,
nstxuG142301W29/N3/egn03w.1831E+02,bad,none,0.9945,0.9996,below_upper2,
nstxuG142301W29/N3/egn03w.1882E+02,bad,none,0.9728,0.9991,below_upper2,
nstxuG142301W29/N3/egn03w.2779E+02,bad,none,0.7004,0.9801,below_upper2,
nstxuG142301W29/N3/egn03w.2803E+02,bad,none,0.0022,0.8033,below_upper2,
nstxuG142301W29/N3/egn03w.2818E+02,bad,none,0.4796,0.9480,below_upper2,
nstxuG142301W29/N3/egn03w.2859E+02,bad,none,0.6497,0.9649,below_upper2,
nstxuG142301W29/N3/egn03w.2894E+02,bad,none,0.5737,0.9792,below_upper2,
nstxuG142301W29/N3/egn03w.3277E+02,bad,none,0.5964,0.8202,below_upper2,
nstxuG142301W29/N3/egn03w.3279E+02,bad,none,0.2678,0.7020,below_upper2,
nstxuG142301W29/N4/egn04w.1142E+02,bad,none,0.7992,0.8944,below_upper2,
nstxuG142301W29/N4/egn04w.1372E+02,bad,none,0.9820,0.9968,below_upper2,
nstxuG142301W29/N4/egn04w.2053E+02,bad,none,0.9544,0.9998,below_upper2,
nstxuG142301W29/N4/egn04w.2072E+02,bad,none,0.9475,0.9998,below_upper2,
nstxuG142301W29/N4/egn04w.2117E+02,bad,none,0.9480,0.9999,below_upper2,
nstxuG142301W29/N4/egn04w.2238E+02,bad,none,0.9386,0.9998,below_upper2,
nstxuG142301W29/N4/egn04w.2347E+02,bad,none,0.9157,0.9909,below_upper2,
nstxuG142301W29/N4/egn04w.2381E+02,bad,none,-0.3104,0.4096,mixed,
nstxuG142301W29/N4/egn04w.2468E+02,bad,none,0.9192,0.9911,below_upper2,
nstxuG142301W29/N4/egn04w.2722E+02,bad,none,0.8267,0.9657,below_upper2,
nstxuG142301W29/N4/egn04w.2778E+02,bad,none,0.0758,0.9061,below_upper2,
nstxuG142301W29/N4/egn04w.2792E+02,bad,none,0.6073,0.9931,below_upper2,
nstxuG142301W29/N4/egn04w.2875E+02,bad,none,-0.1840,0.6373,below_upper2,
nstxuG142301W29/N4/egn04w.2882E+02,bad,none,0.7787,0.9631,below_upper2,
nstxuG142301W29/N4/egn04w.2886E+02,bad,none,-0.0285,0.7489,below_upper2,
nstxuG142301W29/N4/egn04w.4097E+02,bad,none,0.1392,0.8482,below_upper2,
nstxuG142301W29/N5/egn05w.1017E+02,bad,none,0.9575,1.0000,below_upper2,
nstxuG142301W29/N5/egn05w.1099E+02,bad,none,0.9226,0.9982,below_upper2,
nstxuG142301W29/N5/egn05w.1479E+02,bad,none,-0.0066,0.2818,mixed,
nstxuG142301W29/N5/egn05w.1499E+02,bad,none,0.9902,0.9990,below_upper2,
nstxuG142301W29/N5/egn05w.1649E+02,bad,none,0.9869,0.9976,below_upper2,
nstxuG142301W29/N5/egn05w.1750E+02,bad,none,0.9867,0.9972,below_upper2,
nstxuG142301W29/N5/egn05w.2374E+02,bad,none,0.9659,1.0000,below_upper2,
nstxuG142301W29/N5/egn05w.2392E+02,bad,none,0.9374,0.9998,below_upper2,
nstxuG142301W29/N5/egn05w.2505E+02,good,tae,0.9362,0.9987,below_upper2,
nstxuG142301W29/N5/egn05w.2611E+02,bad,none,0.8079,0.9864,below_upper2,
nstxuG142301W29/N5/egn05w.2741E+02,bad,none,0.8179,0.9818,below_upper2,
nstxuG142301W29/N5/egn05w.2764E+02,bad,none,0.7763,0.9974,below_upper2,
nstxuG142301W29/N5/egn05w.2777E+02,bad,none,0.7142,0.9607,below_upper2,
nstxuG142301W29/N5/egn05w.2810E+02,bad,none,0.7875,0.9981,below_upper2,
nstxuG142301W29/N5/egn05w.2834E+02,bad,none,0.7207,0.9867,below_upper2,
nstxuG142301W29/N5/egn05w.2892E+02,bad,none,0.5474,0.9980,below_upper2,
nstxuG142301W29/N5/egn05w.2898E+02,bad,none,0.5299,0.9982,below_upper2,
nstxuG142301W29/N5/egn05w.2903E+02,bad,none,0.5153,0.9994,below_upper2,
nstxuG142301W29/N5/egn05w.3582E+02,bad,none,0.0956,0.7884,below_upper2,
nstxuG142301W29/N5/egn05w.3585E+02,bad,none,0.1871,0.8187,below_upper2,
nstxuG142301W29/N5/egn05w.3596E+02,bad,none,0.0231,0.7217,below_upper2,
nstxuG142301W29/N5/egn05w.3611E+02,bad,none,0.3011,0.7484,below_upper2,
nstxuG142301W29/N6/egn06w.1178E+02,bad,none,0.9922,0.9943,below_upper2,
nstxuG142301W29/N6/egn06w.1226E+02,bad,none,0.9674,0.9971,below_upper2,
nstxuG142301W29/N6/egn06w.1514E+02,bad,none,-0.0572,0.1050,mixed,
nstxuG142301W29/N6/egn06w.1538E+02,bad,none,0.8859,0.8857,below_upper2,
nstxuG142301W29/N6/egn06w.1889E+02,bad,none,0.9984,1.0000,below_upper2,
nstxuG142301W29/N6/egn06w.2590E+02,bad,none,0.8526,0.9786,below_upper2,
nstxuG142301W29/N6/egn06w.2706E+02,bad,none,0.8558,0.9607,below_upper2,
nstxuG142301W29/N6/egn06w.2734E+02,bad,none,0.8248,0.9975,below_upper2,
nstxuG142301W29/N6/egn06w.2755E+02,bad,none,0.7913,0.9697,below_upper2,
nstxuG142301W29/N6/egn06w.2775E+02,bad,none,0.8151,0.9998,below_upper2,
nstxuG142301W29/N6/egn06w.2786E+02,bad,none,0.8306,0.9689,below_upper2,
nstxuG142301W29/N6/egn06w.2853E+02,bad,none,0.7356,0.9944,below_upper2,
nstxuG142301W29/N6/egn06w.2883E+02,bad,none,0.6188,0.9936,below_upper2,
nstxuG142301W29/N7/egn07w.1142E+02,bad,none,0.9798,0.9942,below_upper2,
nstxuG142301W29/N7/egn07w.1198E+02,bad,none,0.9686,0.9983,below_upper2,
nstxuG142301W29/N7/egn07w.1331E+02,bad,none,0.9839,0.9978,below_upper2,
nstxuG142301W29/N7/egn07w.1334E+02,bad,none,0.9922,0.9986,below_upper2,
nstxuG142301W29/N7/egn07w.1459E+02,bad,none,0.6364,0.6431,below_upper2,
nstxuG142301W29/N7/egn07w.2103E+02,good,tae,0.9932,1.0000,below_upper2,
nstxuG142301W29/N7/egn07w.2116E+02,good,tae,0.9907,1.0000,below_upper2,
nstxuG142301W29/N7/egn07w.2341E+02,bad,none,0.9997,0.9999,below_upper2,
nstxuG142301W29/N7/egn07w.2702E+02,bad,none,0.8437,0.9747,below_upper2,
nstxuG142301W29/N7/egn07w.2727E+02,bad,none,0.8334,0.9987,below_upper2,
nstxuG142301W29/N7/egn07w.2784E+02,bad,none,0.8005,0.9579,below_upper2,
nstxuG142301W29/N7/egn07w.2839E+02,bad,none,0.7392,0.9918,below_upper2,
nstxuG142301W29/N7/egn07w.2854E+02,bad,none,0.7546,0.9889,below_upper2,
nstxuG142301W29/N7/egn07w.2875E+02,bad,none,0.6926,0.9628,below_upper2,
nstxuG142301W29/N7/egn07w.2891E+02,bad,none,0.6544,0.9931,below_upper2,
nstxuG142301W29/N7/egn07w.2904E+02,bad,none,0.5845,0.9909,below_upper2,
nstxuG142301W29/N7/egn07w.2913E+02,bad,none,0.6204,0.9873,below_upper2,
nstxuG142301W29/N8/egn08w.1050E+02,bad,none,0.7823,1.0000,below_upper2,
nstxuG142301W29/N8/egn08w.1122E+02,bad,none,0.9611,0.9983,below_upper2,
nstxuG142301W29/N8/egn08w.1198E+02,bad,none,0.9598,0.9955,below_upper2,
nstxuG142301W29/N8/egn08w.1268E+02,bad,none,0.9959,0.9971,below_upper2,
nstxuG142301W29/N8/egn08w.1339E+02,bad,none,-0.0501,0.2513,mixed,
nstxuG142301W29/N8/egn08w.1488E+02,bad,none,0.8966,0.8912,below_upper2,
nstxuG142301W29/N8/egn08w.1521E+02,bad,none,0.9894,0.9918,below_upper2,
nstxuG142301W29/N8/egn08w.2252E+02,bad,none,-0.4869,0.4587,mixed,
nstxuG142301W29/N8/egn08w.2304E+02,bad,none,0.9948,1.0000,below_upper2,
nstxuG142301W29/N8/egn08w.2727E+02,bad,none,0.8354,0.9824,below_upper2,
nstxuG142301W29/N8/egn08w.2745E+02,bad,none,0.8273,0.9955,below_upper2,
nstxuG142301W29/N8/egn08w.2771E+02,bad,none,0.8129,0.9837,below_upper2,
nstxuG142301W29/N8/egn08w.2798E+02,bad,none,0.8031,0.9498,below_upper2,
nstxuG142301W29/N8/egn08w.2846E+02,bad,none,0.7087,0.9836,below_upper2,
nstxuG142301W29/N8/egn08w.2847E+02,good,tae,0.7159,0.9921,below_upper2,
nstxuG142301W29/N8/egn08w.2880E+02,bad,none,0.6485,0.9740,below_upper2,
nstxuG142301W29/N8/egn08w.2920E+02,bad,none,-0.3468,0.6920,below_upper2,
nstxuG142301W29/N9/egn09w.1049E+02,bad,none,0.8010,0.9998,below_upper2,
nstxuG142301W29/N9/egn09w.1192E+02,bad,none,0.9627,0.9948,below_upper2,
nstxuG142301W29/N9/egn09w.1228E+02,bad,none,0.9977,0.9995,below_upper2,
nstxuG142301W29/N9/egn09w.1242E+02,bad,none,0.5028,0.5374,below_upper2,
nstxuG142301W29/N9/egn09w.1285E+02,bad,none,0.9760,0.9992,below_upper2,
nstxuG142301W29/N9/egn09w.1309E+02,bad,none,-0.0842,0.2263,mixed,
nstxuG142301W29/N9/egn09w.1461E+02,bad,none,0.9803,0.9849,below_upper2,
nstxuG142301W29/N9/egn09w.1638E+02,bad,none,0.9982,1.0000,below_upper2,
nstxuG142301W29/N9/egn09w.1982E+02,good,tae,0.9957,1.0000,below_upper2,
nstxuG142301W29/N9/egn09w.2524E+02,bad,none,0.9820,1.0000,below_upper2,
nstxuG142301W29/N9/egn09w.2589E+02,bad,none,0.8446,0.9917,below_upper2,
nstxuG142301W29/N9/egn09w.2647E+02,bad,none,0.8524,0.9817,below_upper2,
nstxuG142301W29/N9/egn09w.2683E+02,bad,none,0.8468,0.9719,below_upper2,
nstxuG142301W29/N9/egn09w.2710E+02,bad,none,0.8378,0.9548,below_upper2,
nstxuG142301W29/N9/egn09w.2747E+02,bad,none,0.8119,0.9987,below_upper2,
nstxuG142301W29/N9/egn09w.2764E+02,bad,none,0.8310,0.9983,below_upper2,
nstxuG142301W29/N9/egn09w.2771E+02,bad,none,0.7267,0.9658,below_upper2,
nstxuG142301W29/N9/egn09w.2782E+02,bad,none,0.8080,0.9773,below_upper2,
nstxuG142301W29/N9/egn09w.2848E+02,bad,none,0.7883,0.9711,below_upper2,
nstxuG142301W29/N9/egn09w.2866E+02,bad,none,0.7404,0.9956,below_upper2,
nstxuG142301W29/N9/egn09w.2877E+02,bad,none,0.6668,0.9795,below_upper2,
nstxuG142301W29/N9/egn09w.2886E+02,bad,none,0.6426,0.9965,below_upper2,
nstxuG142301W29/N9/egn09w.2896E+02,bad,none,0.6510,0.9430,below_upper2,
nstxuG142301W29/N9/egn09w.2905E+02,bad,none,0.6158,0.8210,below_upper2,
nstxuG142301W29/N10/egn10w.1044E+02,bad,none,0.8443,1.0000,below_upper2,
nstxuG142301W29/N10/egn10w.1052E+02,bad,none,0.9204,0.9999,below_upper2,
nstxuG142301W29/N10/egn10w.1205E+02,bad,none,0.9765,0.9956,below_upper2,
nstxuG142301W29/N10/egn10w.1332E+02,bad,none,0.9908,0.9990,below_upper2,
nstxuG142301W29/N10/egn10w.1439E+02,bad,none,0.9922,0.9990,below_upper2,
nstxuG142301W29/N10/egn10w.1536E+02,bad,none,0.9963,1.0000,below_upper2,
nstxuG142301W29/N10/egn10w.1775E+02,good,tae,0.9962,1.0000,below_upper2,
nstxuG142301W29/N10/egn10w.1779E+02,bad,none,0.7465,0.9025,below_upper2,
nstxuG142301W29/N10/egn10w.2625E+02,bad,none,0.8641,0.9642,below_upper2,
nstxuG142301W29/N10/egn10w.2667E+02,bad,none,0.8361,0.9817,below_upper2,
nstxuG142301W29/N10/egn10w.2689E+02,bad,none,0.8565,0.9504,below_upper2,
nstxuG142301W29/N10/egn10w.2712E+02,bad,none,0.7995,0.9804,below_upper2,
nstxuG142301W29/N10/egn10w.2731E+02,bad,none,0.8433,0.9975,below_upper2,
nstxuG142301W29/N10/egn10w.2802E+02,good,tae,0.7791,0.9965,below_upper2,
nstxuG142301W29/N10/egn10w.2807E+02,bad,none,0.6977,0.9688,below_upper2,
nstxuG142301W29/N10/egn10w.2843E+02,bad,none,0.6874,0.9571,below_upper2,
nstxuG142301W29/N10/egn10w.2862E+02,bad,none,0.7356,0.9764,below_upper2,
nstxuG142301W29/N10/egn10w.2908E+02,bad,none,0.5985,0.9316,below_upper2,
nstx_120113/N1/egn01w.1388E+02,bad,none,0.6074,0.5559,below_upper2,
nstx_120113/N1/egn01w.1397E+02,bad,none,0.5917,0.5321,below_upper2,
nstx_120113/N1/egn01w.1406E+02,bad,none,0.5766,0.5111,below_upper2,
nstx_120113/N1/egn01w.1415E+02,bad,none,0.5412,0.4624,mixed,
nstx_120113/N1/egn01w.1425E+02,bad,none,0.5057,0.4181,mixed,
nstx_120113/N1/egn01w.1435E+02,bad,none,0.4535,0.3589,mixed,
nstx_120113/N1/egn01w.1445E+02,bad,none,0.3790,0.2858,mixed,
nstx_120113/N1/egn01w.1455E+02,bad,none,0.2548,0.1900,mixed,
nstx_120113/N1/egn01w.1602E+02,bad,none,0.3107,0.3021,mixed,
nstx_120113/N1/egn01w.1621E+02,bad,none,0.2363,0.2528,mixed,
nstx_120113/N1/egn01w.1642E+02,bad,none,0.1211,0.1903,mixed,
nstx_120113/N1/egn01w.1728E+02,bad,none,0.5047,0.5162,below_upper2,
nstx_120113/N1/egn01w.1754E+02,bad,none,0.4279,0.4440,mixed,
nstx_120113/N1/egn01w.1780E+02,bad,none,0.3638,0.3939,mixed,
nstx_120113/N1/egn01w.1807E+02,bad,none,0.3076,0.3565,mixed,
nstx_120113/N1/egn01w.1833E+02,bad,none,0.2564,0.3273,mixed,
nstx_120113/N1/egn01w.1861E+02,bad,none,0.2075,0.3029,mixed,
nstx_120113/N1/egn01w.1888E+02,bad,none,0.1594,0.2818,mixed,
nstx_120113/N1/egn01w.1916E+02,bad,none,0.1066,0.2607,mixed,
nstx_120113/N1/egn01w.1945E+02,bad,none,0.0420,0.2370,mixed,
nstx_120113/N1/egn01w.1974E+02,bad,none,-0.0615,0.2022,mixed,
nstx_120113/N1/egn01w.2065E+02,bad,none,0.3110,0.4328,mixed,
nstx_120113/N1/egn01w.2096E+02,bad,none,0.2395,0.3763,mixed,
nstx_120113/N1/egn01w.2125E+02,bad,none,0.3301,0.4273,mixed,
nstx_120113/N1/egn01w.2163E+02,bad,none,0.0525,0.2866,mixed,
nstx_120113/N1/egn01w.2196E+02,bad,none,0.0503,0.2892,mixed,
nstx_120113/N1/egn01w.2231E+02,bad,none,0.0429,0.2901,mixed,
nstx_120113/N1/egn01w.2266E+02,bad,none,0.0770,0.3084,mixed,
nstx_120113/N1/egn01w.2340E+02,bad,none,0.0255,0.2916,mixed,
nstx_120113/N1/egn01w.2378E+02,bad,none,0.0114,0.2914,mixed,
nstx_120113/N1/egn01w.2417E+02,bad,none,0.0079,0.2939,mixed,
nstx_120113/N1/egn01w.2456E+02,bad,none,0.0061,0.2967,mixed,
nstx_120113/N1/egn01w.2497E+02,bad,none,0.0041,0.2991,mixed,
nstx_120113/N1/egn01w.2538E+02,bad,none,0.0024,0.3014,mixed,
nstx_120113/N1/egn01w.2580E+02,bad,none,0.0004,0.3035,mixed,
nstx_120113/N1/egn01w.2623E+02,bad,none,-0.0015,0.3054,mixed,
nstx_120113/N1/egn01w.2666E+02,bad,none,-0.0026,0.3074,mixed,
nstx_120113/N1/egn01w.6266E+02,bad,none,-0.0587,0.6624,below_upper2,
nstx_120113/N2/egn02w.1062E+02,bad,none,0.9687,1.0000,below_upper2,
nstx_120113/N2/egn02w.1088E+02,bad,none,0.7137,1.0000,below_upper2,
nstx_120113/N2/egn02w.1148E+02,good,tae,0.9456,1.0000,below_upper2,
nstx_120113/N2/egn02w.1239E+02,good,tae,0.9461,1.0000,below_upper2,
nstx_120113/N2/egn02w.1609E+02,bad,none,0.3389,1.0000,below_upper2,
nstx_120113/N2/egn02w.2030E+02,bad,none,0.4537,0.4140,mixed,
nstx_120113/N3/egn03w.5807E+01,bad,none,0.9915,1.0000,below_upper2,
nstx_120113/N3/egn03w.6981E+01,bad,none,0.8167,1.0000,below_upper2,
nstx_120113/N4/egn04w.1052E+02,bad,none,0.8329,1.0000,below_upper2,
nstx_120113/N4/egn04w.1223E+02,good,tae,0.9776,1.0000,below_upper2,
nstx_120113/N4/egn04w.1498E+02,good,tae,0.9791,1.0000,below_upper2,
nstx_120113/N4/egn04w.2225E+02,bad,none,-0.0370,0.1730,mixed,
nstx_120113/N4/egn04w.2261E+02,bad,none,0.0994,0.2389,mixed,
nstx_120113/N4/egn04w.2334E+02,good,tae,0.9703,0.9989,below_upper2,
nstx_120113/N4/egn04w.2625E+02,bad,none,0.1882,0.4679,mixed,
nstx_120113/N4/egn04w.4455E+02,bad,none,0.2745,0.8744,below_upper2,
nstx_120113/N4/egn04w.4463E+02,bad,none,0.2400,0.8344,below_upper2,
nstx_120113/N4/egn04w.5581E+02,bad,none,0.6076,0.9810,below_upper2,
nstx_120113/N4/egn04w.5664E+02,bad,none,0.3863,0.4184,mixed,
nstx_120113/N4/egn04w.6375E+02,bad,none,0.8993,0.9511,below_upper2,
nstx_120113/N4/egn04w.6761E+01,bad,none,0.9328,1.0000,below_upper2,
nstx_120113/N4/egn04w.8865E+01,bad,none,0.8666,1.0000,below_upper2,
nstx_120113/N4/egn04w.8937E+01,bad,none,0.8697,1.0000,below_upper2,
nstx_120113/N4/egn04w.8982E+01,bad,none,0.8767,1.0000,below_upper2,
nstx_120113/N4/egn04w.9018E+01,bad,none,0.9134,1.0000,below_upper2,
nstx_120113/N4/egn04w.9059E+01,bad,none,0.8631,1.0000,below_upper2,
nstx_120113/N4/egn04w.9198E+01,bad,none,0.8866,1.0000,below_upper2,
nstx_120113/N4/egn04w.9355E+01,bad,none,0.8925,1.0000,below_upper2,
nstx_120113/N4/egn04w.9419E+01,bad,none,0.9090,1.0000,below_upper2,
nstx_120113/N4/egn04w.9542E+01,bad,none,0.8599,1.0000,below_upper2,
nstx_120113/N4/egn04w.9876E+01,good,tae,0.9576,1.0000,below_upper2,
nstx_120113/N5/egn05w.1009E+02,bad,none,0.9492,1.0000,below_upper2,
nstx_120113/N5/egn05w.1161E+02,bad,none,0.9256,1.0000,below_upper2,
nstx_120113/N5/egn05w.1185E+02,bad,none,0.5785,1.0000,below_upper2,
nstx_120113/N5/egn05w.1205E+02,bad,none,0.8124,1.0000,below_upper2,
nstx_120113/N5/egn05w.1226E+02,good,tae,0.9840,1.0000,below_upper2,
nstx_120113/N5/egn05w.1259E+02,bad,none,0.3645,1.0000,below_upper2,
nstx_120113/N5/egn05w.1279E+02,bad,none,0.2847,1.0000,below_upper2,
nstx_120113/N5/egn05w.1530E+02,good,tae,0.9853,1.0000,below_upper2,
nstx_120113/N5/egn05w.1806E+02,good,tae,0.9848,0.9999,below_upper2,
nstx_120113/N5/egn05w.2829E+02,bad,none,0.8950,0.9054,below_upper2,
nstx_120113/N5/egn05w.3147E+02,bad,none,0.3162,0.3631,mixed,
nstx_120113/N5/egn05w.4734E+02,bad,none,0.5638,0.9746,below_upper2,
nstx_120113/N5/egn05w.4776E+02,bad,none,0.4870,0.8727,below_upper2,
nstx_120113/N5/egn05w.4796E+02,bad,none,0.4620,0.7888,below_upper2,
nstx_120113/N5/egn05w.5462E+02,bad,none,-0.0708,0.6535,below_upper2,
nstx_120113/N5/egn05w.5472E+02,bad,none,-0.0896,0.6088,below_upper2,
nstx_120113/N5/egn05w.5637E+02,bad,none,0.9595,0.9810,below_upper2,
nstx_120113/N5/egn05w.5774E+02,bad,none,0.5785,0.9716,below_upper2,
nstx_120113/N5/egn05w.9885E+01,bad,none,0.8471,1.0000,below_upper2,
nstx_120113/N6/egn06w.1055E+02,good,tae,0.9806,1.0000,below_upper2,
nstx_120113/N6/egn06w.1147E+02,bad,none,0.7760,1.0000,below_upper2,
nstx_120113/N6/egn06w.1202E+02,good,tae,0.9822,1.0000,below_upper2,
nstx_120113/N6/egn06w.1418E+02,bad,none,0.9843,1.0000,below_upper2,
nstx_120113/N6/egn06w.1472E+02,good,tae,0.9818,1.0000,below_upper2,
nstx_120113/N6/egn06w.1484E+02,bad,none,0.9862,1.0000,below_upper2,
nstx_120113/N6/egn06w.2071E+02,good,tae,0.9837,1.0000,below_upper2,
nstx_120113/N6/egn06w.2540E+02,bad,none,0.1170,0.2100,mixed,
nstx_120113/N6/egn06w.3039E+02,bad,none,0.8266,0.8062,below_upper2,
nstx_120113/N6/egn06w.5002E+02,bad,none,0.6149,0.9946,below_upper2,
nstx_120113/N6/egn06w.5046E+02,bad,none,0.4813,0.9192,below_upper2,
nstx_120113/N6/egn06w.5825E+02,bad,none,0.6441,0.9673,below_upper2,
nstx_120113/N6/egn06w.8903E+01,bad,none,0.9861,1.0000,below_upper2,
nstx_120113/N6/egn06w.8975E+01,bad,none,0.9898,1.0000,below_upper2,
nstx_120113/N6/egn06w.9044E+01,bad,none,0.9946,1.0000,below_upper2,
nstx_120113/N6/egn06w.9087E+01,bad,none,0.9721,1.0000,below_upper2,
nstx_120113/N6/egn06w.9281E+01,good,tae,0.8835,1.0000,below_upper2,
nstx_120113/N6/egn06w.9423E+01,good,tae,0.9541,1.0000,below_upper2,
nstx_120113/N6/egn06w.9881E+01,bad,none,0.9715,1.0000,below_upper2,
nstx_120113/N7/egn07w.1057E+02,good,tae,0.9863,1.0000,below_upper2,
nstx_120113/N7/egn07w.1117E+02,bad,none,0.9996,1.0000,below_upper2,
nstx_120113/N7/egn07w.1121E+02,bad,none,0.9994,1.0000,below_upper2,
nstx_120113/N7/egn07w.1130E+02,bad,none,0.9991,1.0000,below_upper2,
nstx_120113/N7/egn07w.1146E+02,bad,none,0.9960,1.0000,below_upper2,
nstx_120113/N7/egn07w.1162E+02,bad,none,0.9985,1.0000,below_upper2,
nstx_120113/N7/egn07w.1187E+02,good,tae,0.9869,1.0000,below_upper2,
nstx_120113/N7/egn07w.1216E+02,bad,none,0.9987,1.0000,below_upper2,
nstx_120113/N7/egn07w.1639E+02,good,tae,0.9869,1.0000,below_upper2,
nstx_120113/N7/egn07w.1976E+02,good,tae,0.9871,1.0000,below_upper2,
nstx_120113/N7/egn07w.2630E+02,bad,none,0.9769,0.9936,below_upper2,
nstx_120113/N7/egn07w.3192E+02,bad,none,0.8855,0.9124,below_upper2,
nstx_120113/N7/egn07w.4543E+02,bad,none,0.5322,0.9317,below_upper2,
nstx_120113/N7/egn07w.4562E+02,bad,none,0.4982,0.8180,below_upper2,
nstx_120113/N7/egn07w.4985E+02,bad,none,0.7015,0.8564,below_upper2,
nstx_120113/N7/egn07w.5141E+02,bad,none,-0.2799,0.6989,below_upper2,
nstx_120113/N7/egn07w.5154E+02,bad,none,0.6304,0.8868,below_upper2,
nstx_120113/N7/egn07w.5162E+02,bad,none,-0.2901,0.7636,below_upper2,
nstx_120113/N7/egn07w.5193E+02,bad,none,-0.4630,0.4134,mixed,
nstx_120113/N7/egn07w.5230E+02,bad,none,0.4635,0.9736,below_upper2,
nstx_120113/N7/egn07w.6041E+01,bad,none,0.9614,1.0000,below_upper2,
nstx_120113/N7/egn07w.6461E+02,bad,none,0.7680,0.9049,below_upper2,
nstx_120113/N8/egn08w.1032E+02,good,tae,0.9815,1.0000,below_upper2,
nstx_120113/N8/egn08w.1172E+02,good,tae,0.9860,1.0000,below_upper2,
nstx_120113/N8/egn08w.1321E+02,good,tae,0.9872,1.0000,below_upper2,
nstx_120113/N8/egn08w.1530E+02,good,tae,0.9876,1.0000,below_upper2,
nstx_120113/N8/egn08w.1802E+02,good,tae,0.9872,0.9989,below_upper2,
nstx_120113/N8/egn08w.2101E+02,good,tae,0.9877,1.0000,below_upper2,
nstx_120113/N8/egn08w.2397E+02,good,tae,0.9861,1.0000,below_upper2,
nstx_120113/N8/egn08w.2765E+02,bad,none,0.9749,0.9961,below_upper2,
nstx_120113/N8/egn08w.4617E+02,bad,none,0.6971,0.9246,below_upper2,
nstx_120113/N8/egn08w.4740E+02,bad,none,0.5469,0.9847,below_upper2,
nstx_120113/N8/egn08w.5127E+02,bad,none,0.7422,0.9419,below_upper2,
nstx_120113/N8/egn08w.5319E+02,bad,none,0.6256,0.8911,below_upper2,
nstx_120113/N8/egn08w.9014E+01,good,tae,0.9420,1.0000,below_upper2,
nstx_120113/N8/egn08w.9477E+01,good,tae,0.9467,1.0000,below_upper2,
nstx_120113/N9/egn09w.1011E+02,good,tae,0.9852,1.0000,below_upper2,
nstx_120113/N9/egn09w.1136E+02,good,tae,0.9873,1.0000,below_upper2,
nstx_120113/N9/egn09w.1638E+02,good,tae,0.9879,1.0000,below_upper2,
nstx_120113/N9/egn09w.2203E+02,good,tae,0.9879,1.0000,below_upper2,
nstx_120113/N9/egn09w.2509E+02,good,tae,0.9858,0.9999,below_upper2,
nstx_120113/N9/egn09w.2877E+02,good,tae,0.9749,0.9979,below_upper2,
nstx_120113/N9/egn09w.4356E+02,bad,none,0.5764,0.9534,below_upper2,
nstx_120113/N9/egn09w.4398E+02,bad,none,0.5245,0.8544,below_upper2,
nstx_120113/N9/egn09w.4423E+02,bad,none,0.4780,0.9515,below_upper2,
nstx_120113/N9/egn09w.4806E+02,bad,none,0.7709,0.9946,below_upper2,
nstx_120113/N9/egn09w.4885E+02,bad,none,0.6221,0.9443,below_upper2,
nstx_120113/N9/egn09w.5240E+01,bad,none,0.9912,1.0000,below_upper2,
nstx_120113/N9/egn09w.5398E+02,bad,none,0.6836,0.9179,below_upper2,
nstx_120113/N9/egn09w.9464E+01,bad,none,0.9214,1.0000,below_upper2,
nstx_120113/N9/egn09w.9909E+01,good,tae,0.9610,1.0000,below_upper2,
nstx_120113/N10/egn10w.1089E+02,good,tae,0.9861,1.0000,below_upper2,
nstx_120113/N10/egn10w.1224E+02,good,tae,0.9881,1.0000,below_upper2,
nstx_120113/N10/egn10w.1368E+02,good,tae,0.9893,1.0000,below_upper2,
nstx_120113/N10/egn10w.1534E+02,good,tae,0.9898,1.0000,below_upper2,
nstx_120113/N10/egn10w.2032E+02,good,tae,0.9888,1.0000,below_upper2,
nstx_120113/N10/egn10w.2299E+02,good,tae,0.9884,1.0000,below_upper2,
nstx_120113/N10/egn10w.2591E+02,good,tae,0.9861,1.0000,below_upper2,
nstx_120113/N10/egn10w.2945E+02,good,tae,0.9710,0.9982,below_upper2,
nstx_120113/N10/egn10w.4548E+02,bad,none,0.6287,0.9563,below_upper2,
nstx_120113/N10/egn10w.4585E+02,bad,none,0.5570,0.9944,below_upper2,
nstx_120113/N10/egn10w.4695E+02,bad,none,0.8802,0.9902,below_upper2,
nstx_120113/N10/egn10w.5042E+02,bad,none,0.6077,0.9562,below_upper2,
nstx_120113/N10/egn10w.5561E+02,bad,none,0.8155,0.9894,below_upper2,
nstx_120113/N10/egn10w.6724E+02,bad,none,0.6740,0.9470,below_upper2,
nstx_120113/N10/egn10w.9347E+01,good,tae,0.9707,1.0000,below_upper2,
nstx_120113/N10/egn10w.9510E+01,good,tae,0.9421,1.0000,below_upper2,
nstx_135388/N1/egn01w.1468E+03,bad,none,-0.7120,0.4063,mixed,
nstx_135388/N1/egn01w.1904E+02,bad,none,0.9967,1.0000,below_upper2,
nstx_135388/N1/egn01w.1934E+02,bad,none,0.9965,1.0000,below_upper2,
nstx_135388/N1/egn01w.1963E+02,bad,none,0.9963,1.0000,below_upper2,
nstx_135388/N1/egn01w.1991E+02,bad,none,0.9960,1.0000,below_upper2,
nstx_135388/N1/egn01w.2018E+02,bad,none,0.9958,1.0000,below_upper2,
nstx_135388/N1/egn01w.2043E+02,bad,none,0.9956,1.0000,below_upper2,
nstx_135388/N1/egn01w.2067E+02,bad,none,0.9924,1.0000,below_upper2,
nstx_135388/N1/egn01w.2092E+02,bad,none,0.9936,1.0000,below_upper2,
nstx_135388/N1/egn01w.2115E+02,bad,none,0.9932,1.0000,below_upper2,
nstx_135388/N1/egn01w.2137E+02,bad,none,0.9926,1.0000,below_upper2,
nstx_135388/N1/egn01w.2159E+02,bad,none,0.9919,1.0000,below_upper2,
nstx_135388/N1/egn01w.2180E+02,bad,none,0.9911,1.0000,below_upper2,
nstx_135388/N1/egn01w.2200E+02,bad,none,0.9903,1.0000,below_upper2,
nstx_135388/N1/egn01w.2220E+02,bad,none,0.9892,1.0000,below_upper2,
nstx_135388/N1/egn01w.2240E+02,bad,none,0.9879,1.0000,below_upper2,
nstx_135388/N1/egn01w.2278E+02,bad,none,0.9863,1.0000,below_upper2,
nstx_135388/N1/egn01w.2296E+02,bad,none,0.9847,1.0000,below_upper2,
nstx_135388/N1/egn01w.2330E+02,bad,none,0.9830,1.0000,below_upper2,
nstx_135388/N1/egn01w.2347E+02,bad,none,0.9819,1.0000,below_upper2,
nstx_135388/N1/egn01w.2364E+02,bad,none,0.9810,1.0000,below_upper2,
nstx_135388/N1/egn01w.2395E+02,bad,none,0.9771,1.0000,below_upper2,
nstx_135388/N1/egn01w.2424E+02,bad,none,0.9758,1.0000,below_upper2,
nstx_135388/N1/egn01w.2439E+02,bad,none,0.9727,1.0000,below_upper2,
nstx_135388/N1/egn01w.2504E+02,bad,none,0.9694,1.0000,below_upper2,
nstx_135388/N1/egn01w.2514E+02,bad,none,0.9629,1.0000,below_upper2,
nstx_135388/N1/egn01w.2525E+02,bad,none,0.9582,1.0000,below_upper2,
nstx_135388/N1/egn01w.2721E+02,bad,none,0.9112,1.0000,below_upper2,
nstx_135388/N1/egn01w.2857E+02,bad,none,0.9001,1.0000,below_upper2,
nstx_135388/N1/egn01w.2865E+02,bad,none,0.8996,1.0000,below_upper2,
nstx_135388/N1/egn01w.2876E+02,bad,none,0.9471,1.0000,below_upper2,
nstx_135388/N1/egn01w.2885E+02,bad,none,0.8984,1.0000,below_upper2,
nstx_135388/N1/egn01w.2905E+02,bad,none,0.9322,1.0000,below_upper2,
nstx_135388/N1/egn01w.6037E+02,bad,none,0.3743,0.4633,mixed,
nstx_135388/N1/egn01w.6120E+02,bad,none,0.3644,0.4548,mixed,
nstx_135388/N1/egn01w.6205E+02,bad,none,0.3812,0.4677,mixed,
nstx_135388/N2/egn02w.1187E+03,bad,none,0.6455,0.9329,below_upper2,
nstx_135388/N2/egn02w.1211E+03,bad,none,0.6225,0.9418,below_upper2,
nstx_135388/N2/egn02w.1213E+03,bad,none,0.1493,0.9127,below_upper2,
nstx_135388/N2/egn02w.1753E+02,bad,none,0.9984,1.0000,below_upper2,
nstx_135388/N2/egn02w.1770E+02,bad,none,0.9984,1.0000,below_upper2,
nstx_135388/N2/egn02w.2436E+02,bad,none,0.9105,1.0000,below_upper2,
nstx_135388/N2/egn02w.2444E+02,bad,none,0.9860,1.0000,below_upper2,
nstx_135388/N2/egn02w.2457E+02,bad,none,0.8362,1.0000,below_upper2,
nstx_135388/N2/egn02w.2470E+02,bad,none,0.9860,1.0000,below_upper2,
nstx_135388/N2/egn02w.2483E+02,bad,none,0.9699,1.0000,below_upper2,
nstx_135388/N2/egn02w.2496E+02,bad,none,0.9243,1.0000,below_upper2,
nstx_135388/N2/egn02w.2504E+02,bad,none,0.9880,1.0000,below_upper2,
nstx_135388/N2/egn02w.2514E+02,bad,none,0.9975,1.0000,below_upper2,
nstx_135388/N2/egn02w.2528E+02,bad,none,0.9931,1.0000,below_upper2,
nstx_135388/N2/egn02w.2543E+02,bad,none,0.8459,1.0000,below_upper2,
nstx_135388/N2/egn02w.2560E+02,bad,none,0.9563,1.0000,below_upper2,
nstx_135388/N2/egn02w.2576E+02,bad,none,0.7700,1.0000,below_upper2,
nstx_135388/N2/egn02w.2592E+02,bad,none,0.8060,1.0000,below_upper2,
nstx_135388/N2/egn02w.2608E+02,bad,none,0.8811,1.0000,below_upper2,
nstx_135388/N2/egn02w.2662E+02,bad,none,0.8479,1.0000,below_upper2,
nstx_135388/N2/egn02w.2667E+02,bad,none,0.7911,1.0000,below_upper2,
nstx_135388/N2/egn02w.2675E+02,bad,none,0.8351,1.0000,below_upper2,
nstx_135388/N2/egn02w.2758E+02,bad,none,0.8039,1.0000,below_upper2,
nstx_135388/N2/egn02w.2992E+02,good,tae,0.9640,1.0000,below_upper2,
nstx_135388/N2/egn02w.3169E+02,good,tae,0.7875,1.0000,below_upper2,
nstx_135388/N2/egn02w.3455E+02,bad,none,0.9848,1.0000,below_upper2,
nstx_135388/N2/egn02w.3524E+02,good,tae,0.9813,1.0000,below_upper2,
nstx_135388/N2/egn02w.4018E+02,bad,none,-0.0790,0.1203,mixed,
nstx_135388/N2/egn02w.4216E+02,bad,none,0.6257,0.5265,below_upper2,
nstx_135388/N2/egn02w.4231E+02,bad,none,0.8951,0.8735,below_upper2,
nstx_135388/N2/egn02w.6059E+02,good,tae,0.8973,0.9932,below_upper2,
nstx_135388/N3/egn03w.1151E+03,bad,none,0.5361,0.7458,below_upper2,
nstx_135388/N3/egn03w.1222E+03,bad,none,0.4944,0.8880,below_upper2,
nstx_135388/N3/egn03w.2021E+02,bad,none,0.9959,1.0000,below_upper2,
nstx_135388/N3/egn03w.2121E+02,bad,none,0.8304,1.0000,below_upper2,
nstx_135388/N3/egn03w.2126E+02,bad,none,0.8811,1.0000,below_upper2,
nstx_135388/N3/egn03w.2160E+02,bad,none,0.9964,1.0000,below_upper2,
nstx_135388/N3/egn03w.2179E+02,bad,none,0.9961,1.0000,below_upper2,
nstx_135388/N3/egn03w.2188E+02,bad,none,0.8049,1.0000,below_upper2,
nstx_135388/N3/egn03w.2326E+02,bad,none,0.7063,1.0000,below_upper2,
nstx_135388/N3/egn03w.2558E+02,bad,none,0.9788,1.0000,below_upper2,
nstx_135388/N3/egn03w.2677E+02,bad,none,0.9630,1.0000,below_upper2,
nstx_135388/N3/egn03w.2764E+02,bad,none,0.8103,1.0000,below_upper2,
nstx_135388/N3/egn03w.2917E+02,bad,none,0.7969,1.0000,below_upper2,
nstx_135388/N3/egn03w.2999E+02,bad,none,0.6822,1.0000,below_upper2,
nstx_135388/N3/egn03w.3194E+02,bad,none,0.9446,1.0000,below_upper2,
nstx_135388/N3/egn03w.3321E+02,bad,none,0.9241,1.0000,below_upper2,
nstx_135388/N3/egn03w.3446E+02,bad,none,0.2986,0.1507,mixed,
nstx_135388/N3/egn03w.4023E+02,good,tae,0.9874,0.9962,below_upper2,
nstx_135388/N3/egn03w.4410E+02,bad,none,0.9576,0.9488,below_upper2,
nstx_135388/N3/egn03w.4436E+02,good,tae,0.9882,0.9976,below_upper2,
nstx_135388/N3/egn03w.4934E+02,good,tae,0.9756,0.9997,below_upper2,
nstx_135388/N3/egn03w.5494E+02,good,tae,0.9757,0.9995,below_upper2,
nstx_135388/N3/egn03w.7148E+02,bad,none,0.8432,0.9461,below_upper2,
nstx_135388/N4/egn04w.1135E+03,bad,none,0.3121,0.9279,below_upper2,
nstx_135388/N4/egn04w.1161E+03,bad,none,-0.2335,0.4939,mixed,
nstx_135388/N4/egn04w.1223E+03,bad,none,0.2248,0.8978,below_upper2,
nstx_135388/N4/egn04w.1782E+02,bad,none,0.9975,1.0000,below_upper2,
nstx_135388/N4/egn04w.1787E+02,bad,none,0.9974,1.0000,below_upper2,
nstx_135388/N4/egn04w.1894E+02,bad,none,0.9959,1.0000,below_upper2,
nstx_135388/N4/egn04w.1909E+02,bad,none,0.9973,1.0000,below_upper2,
nstx_135388/N4/egn04w.1910E+02,bad,none,0.9973,1.0000,below_upper2,
nstx_135388/N4/egn04w.1922E+03,bad,none,0.2264,0.2303,mixed,
nstx_135388/N4/egn04w.2013E+02,bad,none,0.9967,1.0000,below_upper2,
nstx_135388/N4/egn04w.2181E+02,bad,none,0.7375,1.0000,below_upper2,
nstx_135388/N4/egn04w.2230E+02,bad,none,0.7034,1.0000,below_upper2,
nstx_135388/N4/egn04w.2289E+02,bad,none,0.9961,1.0000,below_upper2,
nstx_135388/N4/egn04w.2571E+02,good,tae,0.9960,1.0000,below_upper2,
nstx_135388/N4/egn04w.2738E+02,bad,none,0.6446,1.0000,below_upper2,
nstx_135388/N4/egn04w.2739E+02,bad,none,0.5958,1.0000,below_upper2,
nstx_135388/N4/egn04w.2791E+02,good,tae,0.9670,1.0000,below_upper2,
nstx_135388/N4/egn04w.2792E+02,good,tae,0.9682,1.0000,below_upper2,
nstx_135388/N4/egn04w.2835E+02,good,tae,0.8593,1.0000,below_upper2,
nstx_135388/N4/egn04w.2986E+02,bad,none,0.6158,1.0000,below_upper2,
nstx_135388/N4/egn04w.3241E+02,bad,none,0.9600,0.9997,below_upper2,
nstx_135388/N4/egn04w.3287E+02,good,tae,0.8914,0.9983,below_upper2,
nstx_135388/N4/egn04w.3862E+02,bad,none,0.9923,0.9997,below_upper2,
nstx_135388/N4/egn04w.4639E+02,good,tae,0.9938,0.9999,below_upper2,
nstx_135388/N4/egn04w.4640E+02,good,tae,0.9938,0.9999,below_upper2,
nstx_135388/N4/egn04w.5195E+02,good,tae,0.9931,0.9999,below_upper2,
nstx_135388/N4/egn04w.5200E+02,good,tae,0.9931,0.9999,below_upper2,
nstx_135388/N4/egn04w.5270E+02,bad,none,-0.0561,0.0467,mixed,
nstx_135388/N4/egn04w.6100E+02,good,tae,0.9885,0.9993,below_upper2,
nstx_135388/N4/egn04w.6101E+02,good,tae,0.9887,0.9993,below_upper2,
nstx_135388/N4/egn04w.7336E+02,bad,none,0.9346,0.9958,below_upper2,
nstx_135388/N4/egn04w.7832E+02,bad,none,0.8298,0.9964,below_upper2,
nstx_135388/N5/egn05w.1073E+03,bad,none,0.7620,0.8975,below_upper2,
nstx_135388/N5/egn05w.1083E+03,bad,none,0.6939,0.9792,below_upper2,
nstx_135388/N5/egn05w.1186E+03,bad,none,0.5969,0.8692,below_upper2,
nstx_135388/N5/egn05w.1781E+02,bad,none,0.9980,1.0000,below_upper2,
nstx_135388/N5/egn05w.1917E+02,bad,none,0.9977,1.0000,below_upper2,
nstx_135388/N5/egn05w.2098E+02,good,tae,0.9973,1.0000,below_upper2,
nstx_135388/N5/egn05w.2248E+02,good,tae,0.9970,1.0000,below_upper2,
nstx_135388/N5/egn05w.2418E+02,bad,none,0.9833,1.0000,below_upper2,
nstx_135388/N5/egn05w.2653E+02,bad,none,0.9532,1.0000,below_upper2,
nstx_135388/N5/egn05w.2725E+02,good,tae,0.9562,1.0000,below_upper2,
nstx_135388/N5/egn05w.2892E+02,bad,none,0.7779,1.0000,below_upper2,
nstx_135388/N5/egn05w.2950E+02,good,tae,0.9532,1.0000,below_upper2,
nstx_135388/N5/egn05w.3057E+02,good,tae,0.9935,0.9999,below_upper2,
nstx_135388/N5/egn05w.3249E+02,bad,none,0.9195,0.9902,below_upper2,
nstx_135388/N5/egn05w.3319E+02,good,tae,0.9894,0.9998,below_upper2,
nstx_135388/N5/egn05w.3560E+02,good,tae,0.9896,0.9998,below_upper2,
nstx_135388/N5/egn05w.3735E+02,bad,none,0.9793,1.0000,below_upper2,
nstx_135388/N5/egn05w.4285E+02,good,tae,0.9930,1.0000,below_upper2,
nstx_135388/N5/egn05w.5005E+02,good,tae,0.9920,0.9998,below_upper2,
nstx_135388/N5/egn05w.5648E+02,good,tae,0.9911,0.9996,below_upper2,
nstx_135388/N5/egn05w.6202E+02,good,tae,0.9897,0.9997,below_upper2,
nstx_135388/N5/egn05w.7266E+02,good,tae,0.9790,0.9995,below_upper2,
nstx_135388/N6/egn06w.1914E+02,bad,none,0.9986,1.0000,below_upper2,
nstx_135388/N6/egn06w.1917E+02,bad,none,0.9988,1.0000,below_upper2,
nstx_135388/N6/egn06w.1980E+02,bad,none,0.9962,1.0000,below_upper2,
nstx_135388/N6/egn06w.2105E+02,good,tae,0.9967,1.0000,below_upper2,
nstx_135388/N6/egn06w.2279E+02,good,tae,0.9968,1.0000,below_upper2,
nstx_135388/N6/egn06w.2450E+02,good,tae,0.9967,1.0000,below_upper2,
nstx_135388/N6/egn06w.2682E+02,good,tae,0.9051,1.0000,below_upper2,
nstx_135388/N6/egn06w.2786E+02,good,tae,0.9203,1.0000,below_upper2,
nstx_135388/N6/egn06w.2889E+02,good,tae,0.9958,1.0000,below_upper2,
nstx_135388/N6/egn06w.3008E+02,good,tae,0.8738,1.0000,below_upper2,
nstx_135388/N6/egn06w.3147E+02,good,tae,0.9960,1.0000,below_upper2,
nstx_135388/N6/egn06w.3302E+02,good,tae,0.9503,1.0000,below_upper2,
nstx_135388/N6/egn06w.3468E+02,good,tae,0.9961,1.0000,below_upper2,
nstx_135388/N6/egn06w.3792E+02,good,tae,0.9963,0.9999,below_upper2,
nstx_135388/N6/egn06w.4121E+02,good,tae,0.9960,0.9995,below_upper2,
nstx_135388/N6/egn06w.4630E+02,good,tae,0.9946,1.0000,below_upper2,
nstx_135388/N6/egn06w.5263E+02,good,tae,0.9927,1.0000,below_upper2,
nstx_135388/N6/egn06w.6479E+02,good,tae,0.9909,0.9998,below_upper2,
nstx_135388/N6/egn06w.7164E+02,good,tae,0.9861,0.9983,below_upper2,
nstx_135388/N6/egn06w.8307E+02,bad,none,0.8325,0.8583,below_upper2,
nstx_135388/N6/egn06w.9565E+02,bad,none,0.7847,0.9112,below_upper2,
nstx_135388/N7/egn07w.1043E+03,bad,none,0.8703,0.9736,below_upper2,
nstx_135388/N7/egn07w.1071E+03,bad,none,0.7705,0.9751,below_upper2,
nstx_135388/N7/egn07w.1153E+03,bad,none,0.6353,0.8262,below_upper2,
nstx_135388/N7/egn07w.1181E+03,bad,none,0.6746,0.8441,below_upper2,
nstx_135388/N7/egn07w.1218E+03,bad,none,-0.0953,0.3926,mixed,
nstx_135388/N7/egn07w.1739E+02,bad,none,0.9983,1.0000,below_upper2,
nstx_135388/N7/egn07w.1774E+02,bad,none,0.9978,1.0000,below_upper2,
nstx_135388/N7/egn07w.1794E+02,bad,none,0.9980,1.0000,below_upper2,
nstx_135388/N7/egn07w.1863E+02,good,tae,0.9978,1.0000,below_upper2,
nstx_135388/N7/egn07w.1960E+02,bad,none,0.9976,1.0000,below_upper2,
nstx_135388/N7/egn07w.2113E+02,bad,none,0.9973,1.0000,below_upper2,
nstx_135388/N7/egn07w.2223E+02,good,tae,0.9972,1.0000,below_upper2,
nstx_135388/N7/egn07w.2346E+02,bad,none,0.9927,1.0000,below_upper2,
nstx_135388/N7/egn07w.2388E+02,bad,none,0.9897,1.0000,below_upper2,
nstx_135388/N7/egn07w.2394E+02,good,tae,0.9943,1.0000,below_upper2,
nstx_135388/N7/egn07w.2428E+02,bad,none,0.9919,1.0000,below_upper2,
nstx_135388/N7/egn07w.2569E+02,good,tae,0.9950,1.0000,below_upper2,
nstx_135388/N7/egn07w.2645E+02,bad,none,0.9720,1.0000,below_upper2,
nstx_135388/N7/egn07w.2660E+02,bad,none,0.8502,1.0000,below_upper2,
nstx_135388/N7/egn07w.2680E+02,bad,none,0.8922,1.0000,below_upper2,
nstx_135388/N7/egn07w.2755E+02,good,tae,0.9071,1.0000,below_upper2,
nstx_135388/N7/egn07w.2759E+02,good,tae,0.9300,1.0000,below_upper2,
nstx_135388/N7/egn07w.2890E+02,bad,none,0.8981,1.0000,below_upper2,
nstx_135388/N7/egn07w.2971E+02,good,tae,0.9915,1.0000,below_upper2,
nstx_135388/N7/egn07w.2994E+02,good,tae,0.9444,1.0000,below_upper2,
nstx_135388/N7/egn07w.3304E+02,good,tae,0.9462,0.9999,below_upper2,
nstx_135388/N7/egn07w.3518E+02,good,tae,0.9959,0.9999,below_upper2,
nstx_135388/N7/egn07w.3838E+02,good,tae,0.9952,0.9987,below_upper2,
nstx_135388/N7/egn07w.4124E+02,bad,none,0.7485,0.6053,below_upper2,
nstx_135388/N7/egn07w.4463E+02,bad,none,0.9921,0.9944,below_upper2,
nstx_135388/N7/egn07w.4950E+02,good,tae,0.9944,0.9999,below_upper2,
nstx_135388/N7/egn07w.5504E+02,good,tae,0.9924,1.0000,below_upper2,
nstx_135388/N7/egn07w.6105E+02,good,tae,0.9911,0.9999,below_upper2,
nstx_135388/N7/egn07w.6689E+02,bad,none,0.9533,0.9585,below_upper2,
nstx_135388/N7/egn07w.6691E+02,bad,none,0.3778,0.4562,mixed,
nstx_135388/N7/egn07w.7225E+02,good,tae,0.9873,0.9997,below_upper2,
nstx_135388/N7/egn07w.8037E+02,bad,none,0.9724,0.9938,below_upper2,
nstx_135388/N7/egn07w.8499E+02,bad,none,0.0311,0.2966,mixed,
nstx_135388/N8/egn08w.1188E+03,bad,none,0.5962,0.7356,below_upper2,
nstx_135388/N8/egn08w.1210E+03,bad,none,0.4413,0.8330,below_upper2,
nstx_135388/N8/egn08w.1782E+02,bad,none,0.9979,1.0000,below_upper2,
nstx_135388/N8/egn08w.1881E+02,bad,none,0.9971,1.0000,below_upper2,
nstx_135388/N8/egn08w.1968E+02,good,tae,0.9953,1.0000,below_upper2,
nstx_135388/N8/egn08w.1986E+02,bad,none,0.9945,1.0000,below_upper2,
nstx_135388/N8/egn08w.1993E+02,bad,none,0.9967,1.0000,below_upper2,
nstx_135388/N8/egn08w.1998E+02,bad,none,0.9977,1.0000,below_upper2,
nstx_135388/N8/egn08w.2057E+02,good,tae,0.9967,1.0000,below_upper2,
nstx_135388/N8/egn08w.2197E+02,good,tae,0.9969,1.0000,below_upper2,
nstx_135388/N8/egn08w.2326E+02,good,tae,0.9965,1.0000,below_upper2,
nstx_135388/N8/egn08w.2587E+02,bad,none,0.9800,1.0000,below_upper2,
nstx_135388/N8/egn08w.2639E+02,good,tae,0.9956,1.0000,below_upper2,
nstx_135388/N8/egn08w.2654E+02,bad,none,0.9190,1.0000,below_upper2,
nstx_135388/N8/egn08w.2668E+02,good,tae,0.8570,1.0000,below_upper2,
nstx_135388/N8/egn08w.2674E+02,bad,none,0.8328,1.0000,below_upper2,
nstx_135388/N8/egn08w.2714E+02,good,tae,0.9006,1.0000,below_upper2,
nstx_135388/N8/egn08w.2796E+02,good,tae,0.8833,1.0000,below_upper2,
nstx_135388/N8/egn08w.2861E+02,good,tae,0.8772,1.0000,below_upper2,
nstx_135388/N8/egn08w.3062E+02,good,tae,0.9963,1.0000,below_upper2,
nstx_135388/N8/egn08w.3112E+02,good,tae,0.9247,1.0000,below_upper2,
nstx_135388/N8/egn08w.3207E+02,good,tae,0.9962,1.0000,below_upper2,
nstx_135388/N8/egn08w.3344E+02,good,tae,0.9610,1.0000,below_upper2,
nstx_135388/N8/egn08w.3508E+02,good,tae,0.9955,0.9992,below_upper2,
nstx_135388/N8/egn08w.3823E+02,good,tae,0.9956,0.9999,below_upper2,
nstx_135388/N8/egn08w.4081E+02,bad,none,0.9311,0.8844,below_upper2,
nstx_135388/N8/egn08w.4424E+02,good,tae,0.9956,0.9999,below_upper2,
nstx_135388/N8/egn08w.4787E+02,good,tae,0.9956,1.0000,below_upper2,
nstx_135388/N8/egn08w.5182E+02,good,tae,0.9945,1.0000,below_upper2,
nstx_135388/N8/egn08w.5708E+02,good,tae,0.9924,1.0000,below_upper2,
nstx_135388/N8/egn08w.6258E+02,good,tae,0.9906,1.0000,below_upper2,
nstx_135388/N8/egn08w.6825E+02,good,tae,0.9898,1.0000,below_upper2,
nstx_135388/N8/egn08w.7331E+02,good,tae,0.9879,0.9996,below_upper2,
nstx_135388/N8/egn08w.7957E+02,good,tae,0.9827,0.9990,below_upper2,
nstx_135388/N8/egn08w.8814E+02,good,tae,0.9699,0.9987,below_upper2,
nstx_135388/N8/egn08w.9418E+02,bad,none,0.8097,0.9218,below_upper2,
nstx_135388/N8/egn08w.9850E+02,bad,none,0.9140,0.9733,below_upper2,
nstx_135388/N9/egn09w.1047E+03,bad,none,0.8741,0.9802,below_upper2,
nstx_135388/N9/egn09w.1107E+03,bad,none,0.1907,0.7910,below_upper2,
nstx_135388/N9/egn09w.1125E+03,bad,none,0.6757,0.9267,below_upper2,
nstx_135388/N9/egn09w.1129E+03,bad,none,0.4757,0.9682,below_upper2,
nstx_135388/N9/egn09w.1408E+03,bad,none,-0.4336,0.4367,mixed,
nstx_135388/N9/egn09w.1792E+02,bad,none,0.9977,1.0000,below_upper2,
nstx_135388/N9/egn09w.1832E+02,bad,none,0.9978,1.0000,below_upper2,
nstx_135388/N9/egn09w.1874E+02,bad,none,0.9985,1.0000,below_upper2,
nstx_135388/N9/egn09w.1899E+02,good,tae,0.9975,1.0000,below_upper2,
nstx_135388/N9/egn09w.1938E+02,good,tae,0.9974,1.0000,below_upper2,
nstx_135388/N9/egn09w.1953E+02,bad,none,0.9032,1.0000,below_upper2,
nstx_135388/N9/egn09w.1959E+02,bad,none,0.9211,1.0000,below_upper2,
nstx_135388/N9/egn09w.1979E+02,bad,none,0.8515,1.0000,below_upper2,
nstx_135388/N9/egn09w.1996E+02,bad,none,0.9507,1.0000,below_upper2,
nstx_135388/N9/egn09w.2020E+02,bad,none,0.9241,1.0000,below_upper2,
nstx_135388/N9/egn09w.2044E+02,bad,none,0.8554,1.0000,below_upper2,
nstx_135388/N9/egn09w.2049E+02,good,tae,0.9972,1.0000,below_upper2,
nstx_135388/N9/egn09w.2070E+02,bad,none,0.9701,1.0000,below_upper2,
nstx_135388/N9/egn09w.2126E+02,bad,none,0.8635,1.0000,below_upper2,
nstx_135388/N9/egn09w.2150E+02,good,tae,0.9973,1.0000,below_upper2,
nstx_135388/N9/egn09w.2155E+02,bad,none,0.9240,1.0000,below_upper2,
nstx_135388/N9/egn09w.2162E+02,bad,none,0.9640,1.0000,below_upper2,
nstx_135388/N9/egn09w.2175E+02,bad,none,0.9220,1.0000,below_upper2,
nstx_135388/N9/egn09w.2182E+02,bad,none,0.8783,1.0000,below_upper2,
nstx_135388/N9/egn09w.2357E+02,bad,none,0.9899,1.0000,below_upper2,
nstx_135388/N9/egn09w.2407E+02,good,tae,0.9967,1.0000,below_upper2,
nstx_135388/N9/egn09w.2507E+02,bad,none,0.9644,1.0000,below_upper2,
nstx_135388/N9/egn09w.2520E+02,bad,none,0.9987,1.0000,below_upper2,
nstx_135388/N9/egn09w.2590E+02,bad,none,0.9098,1.0000,below_upper2,
nstx_135388/N9/egn09w.2633E+02,bad,none,0.9426,1.0000,below_upper2,
nstx_135388/N9/egn09w.2658E+02,bad,none,0.8830,1.0000,below_upper2,
nstx_135388/N9/egn09w.2699E+02,bad,none,0.8998,1.0000,below_upper2,
nstx_135388/N9/egn09w.2702E+02,bad,none,0.8948,1.0000,below_upper2,
nstx_135388/N9/egn09w.2707E+02,bad,none,0.9941,1.0000,below_upper2,
nstx_135388/N9/egn09w.2761E+02,good,tae,0.8002,1.0000,below_upper2,
nstx_135388/N9/egn09w.2796E+02,good,tae,0.9113,1.0000,below_upper2,
nstx_135388/N9/egn09w.2887E+02,good,tae,0.9958,1.0000,below_upper2,
nstx_135388/N9/egn09w.2926E+02,good,tae,0.9736,1.0000,below_upper2,
nstx_135388/N9/egn09w.3044E+02,good,tae,0.9961,1.0000,below_upper2,
nstx_135388/N9/egn09w.3097E+02,good,tae,0.9053,1.0000,below_upper2,
nstx_135388/N9/egn09w.3312E+02,good,tae,0.9959,1.0000,below_upper2,
nstx_135388/N9/egn09w.3351E+02,good,tae,0.9566,1.0000,below_upper2,
nstx_135388/N9/egn09w.3451E+02,good,tae,0.9958,1.0000,below_upper2,
nstx_135388/N9/egn09w.3605E+02,bad,none,0.5480,1.0000,below_upper2,
nstx_135388/N9/egn09w.4060E+02,bad,none,0.3442,0.2009,mixed,
nstx_135388/N9/egn09w.4641E+02,bad,none,0.9544,0.9402,below_upper2,
nstx_135388/N9/egn09w.5020E+02,bad,none,0.6839,0.6428,below_upper2,
nstx_135388/N9/egn09w.5394E+02,bad,none,0.9772,0.9806,below_upper2,
nstx_135388/N9/egn09w.5860E+02,bad,none,0.9892,0.9966,below_upper2,
nstx_135388/N9/egn09w.6387E+02,good,tae,0.9903,0.9998,below_upper2,
nstx_135388/N9/egn09w.6908E+02,bad,none,0.9755,0.9918,below_upper2,
nstx_135388/N9/egn09w.7416E+02,good,tae,0.9881,0.9998,below_upper2,
nstx_135388/N9/egn09w.7961E+02,good,tae,0.9842,0.9996,below_upper2,
nstx_135388/N9/egn09w.9497E+02,bad,none,0.8878,0.9135,below_upper2,
nstx_135388/N10/egn10w.1102E+03,bad,none,0.8484,0.9223,below_upper2,
nstx_135388/N10/egn10w.1104E+03,bad,none,0.2921,0.7908,below_upper2,
nstx_135388/N10/egn10w.1113E+03,bad,none,0.7694,0.8575,below_upper2,
nstx_135388/N10/egn10w.1150E+03,bad,none,0.6922,0.8942,below_upper2,
nstx_135388/N10/egn10w.1764E+02,bad,none,0.9979,1.0000,below_upper2,
nstx_135388/N10/egn10w.1812E+02,bad,none,0.9979,1.0000,below_upper2,
nstx_135388/N10/egn10w.1833E+02,bad,none,0.9974,1.0000,below_upper2,
nstx_135388/N10/egn10w.1906E+02,bad,none,0.9977,1.0000,below_upper2,
nstx_135388/N10/egn10w.2001E+02,bad,none,0.9975,1.0000,below_upper2,
nstx_135388/N10/egn10w.2033E+02,bad,none,0.9985,1.0000,below_upper2,
nstx_135388/N10/egn10w.2055E+02,bad,none,0.9932,1.0000,below_upper2,
nstx_135388/N10/egn10w.2074E+02,bad,none,0.9015,1.0000,below_upper2,
nstx_135388/N10/egn10w.2086E+02,bad,none,0.9123,1.0000,below_upper2,
nstx_135388/N10/egn10w.2094E+02,good,tae,0.9970,1.0000,below_upper2,
nstx_135388/N10/egn10w.2132E+02,bad,none,0.9289,1.0000,below_upper2,
nstx_135388/N10/egn10w.2167E+02,bad,none,0.8975,1.0000,below_upper2,
nstx_135388/N10/egn10w.2171E+02,bad,none,0.9989,1.0000,below_upper2,
nstx_135388/N10/egn10w.2424E+02,good,tae,0.9960,1.0000,below_upper2,
nstx_135388/N10/egn10w.2567E+02,bad,none,0.9763,1.0000,below_upper2,
nstx_135388/N10/egn10w.2601E+02,good,tae,0.9967,1.0000,below_upper2,
nstx_135388/N10/egn10w.2649E+02,bad,none,0.9166,1.0000,below_upper2,
nstx_135388/N10/egn10w.2660E+02,bad,none,0.8933,1.0000,below_upper2,
nstx_135388/N10/egn10w.2680E+02,good,tae,0.9139,1.0000,below_upper2,
nstx_135388/N10/egn10w.2703E+02,good,tae,0.9967,1.0000,below_upper2,
nstx_135388/N10/egn10w.2723E+02,good,tae,0.7466,1.0000,below_upper2,
nstx_135388/N10/egn10w.2742E+02,good,tae,0.9200,1.0000,below_upper2,
nstx_135388/N10/egn10w.2748E+02,bad,none,0.9885,1.0000,below_upper2,
nstx_135388/N10/egn10w.2832E+02,good,tae,0.9418,1.0000,below_upper2,
nstx_135388/N10/egn10w.2864E+02,good,tae,0.9965,1.0000,below_upper2,
nstx_135388/N10/egn10w.3008E+02,good,tae,0.8886,1.0000,below_upper2,
nstx_135388/N10/egn10w.3102E+02,good,tae,0.9963,1.0000,below_upper2,
nstx_135388/N10/egn10w.3169E+02,good,tae,0.9485,1.0000,below_upper2,
nstx_135388/N10/egn10w.3245E+02,good,tae,0.9962,1.0000,below_upper2,
nstx_135388/N10/egn10w.3375E+02,good,tae,0.9655,1.0000,below_upper2,
nstx_135388/N10/egn10w.3492E+02,good,tae,0.9961,1.0000,below_upper2,
nstx_135388/N10/egn10w.3674E+02,good,tae,0.9959,1.0000,below_upper2,
nstx_135388/N10/egn10w.3680E+02,bad,none,0.5007,1.0000,below_upper2,
nstx_135388/N10/egn10w.3932E+02,good,tae,0.9954,0.9999,below_upper2,
nstx_135388/N10/egn10w.4242E+02,good,tae,0.9955,1.0000,below_upper2,
nstx_135388/N10/egn10w.4546E+02,good,tae,0.9950,1.0000,below_upper2,
nstx_135388/N10/egn10w.4807E+02,good,tae,0.9953,1.0000,below_upper2,
nstx_135388/N10/egn10w.5222E+02,good,tae,0.9948,1.0000,below_upper2,
nstx_135388/N10/egn10w.5525E+02,good,tae,0.9945,1.0000,below_upper2,
nstx_135388/N10/egn10w.5988E+02,good,tae,0.9928,1.0000,below_upper2,
nstx_135388/N10/egn10w.6074E+02,bad,none,-0.0552,0.0828,mixed,
nstx_135388/N10/egn10w.6456E+02,good,tae,0.9904,1.0000,below_upper2,
nstx_135388/N10/egn10w.6967E+02,good,tae,0.9881,1.0000,below_upper2,
nstx_135388/N10/egn10w.7468E+02,good,tae,0.9873,1.0000,below_upper2,
nstx_135388/N10/egn10w.7954E+02,good,tae,0.9853,0.9994,below_upper2,
nstx_135388/N10/egn10w.8536E+02,good,tae,0.9801,0.9994,below_upper2,
nstx_135388/N10/egn10w.9310E+02,bad,none,0.8370,0.9593,below_upper2,
nstxuG133964S31/N3/egn03w.1377E+02,bad,none,0.7428,0.7905,below_upper2,
nstxuG133964S31/N3/egn03w.1633E+02,bad,none,0.8684,0.9214,below_upper2,
nstxuG133964S31/N4/egn04w.1027E+02,bad,none,0.9893,1.0000,below_upper2,
nstxuG133964S31/N4/egn04w.1412E+02,bad,none,0.6915,0.7779,below_upper2,
nstxuG133964S31/N4/egn04w.1428E+02,bad,none,0.6492,0.7105,below_upper2,
nstxuG133964S31/N4/egn04w.1444E+02,bad,none,0.5930,0.7457,below_upper2,
nstxuG133964S31/N4/egn04w.1453E+02,bad,none,0.4030,0.6475,below_upper2,
nstxuG133964S31/N4/egn04w.1467E+02,bad,none,0.3832,0.6710,below_upper2,
nstxuG133964S31/N4/egn04w.1488E+02,bad,none,0.4701,0.6996,below_upper2,
nstxuG133964S31/N4/egn04w.1498E+02,bad,none,0.3934,0.6778,below_upper2,
nstxuG133964S31/N4/egn04w.1532E+02,bad,none,0.1607,0.5913,below_upper2,
nstxuG133964S31/N4/egn04w.1547E+02,bad,none,0.1490,0.5511,below_upper2,
nstxuG133964S31/N4/egn04w.1579E+02,bad,none,0.2036,0.6154,below_upper2,
nstxuG133964S31/N4/egn04w.1592E+02,bad,none,0.2733,0.6386,below_upper2,
nstxuG133964S31/N4/egn04w.1595E+02,bad,none,0.2145,0.6227,below_upper2,
nstxuG133964S31/N4/egn04w.1661E+02,bad,none,0.2055,0.5995,below_upper2,
nstxuG133964S31/N5/egn05w.1486E+02,bad,none,0.2543,0.6131,below_upper2,
nstxuG133964S31/N5/egn05w.1568E+02,bad,none,-0.0694,0.6636,below_upper2,
nstxuG133964S31/N5/egn05w.1574E+02,bad,none,-0.1171,0.6558,below_upper2,
nstxuG133964S31/N5/egn05w.1581E+02,bad,none,-0.1447,0.6355,below_upper2,
nstxuG133964S31/N5/egn05w.1600E+02,bad,none,-0.2100,0.6256,below_upper2,
nstxuG133964S31/N5/egn05w.1605E+02,bad,none,-0.1895,0.6345,below_upper2,
nstxuG133964S31/N5/egn05w.1700E+02,bad,none,-0.1967,0.4438,mixed,
nstxuG133964S31/N5/egn05w.1718E+02,bad,none,0.0827,0.5129,below_upper2,
nstxuG133964S31/N6/egn06w.1604E+02,bad,none,0.0893,0.6287,below_upper2,
nstxuG133964S31/N6/egn06w.1618E+02,bad,none,0.2822,0.6716,below_upper2,
nstxuG133964S31/N6/egn06w.1628E+02,bad,none,0.3152,0.6826,below_upper2,
nstxuG133964S31/N6/egn06w.1640E+02,bad,none,-0.1318,0.5432,below_upper2,
nstxuG133964S31/N6/egn06w.1699E+02,bad,none,-0.0700,0.5064,below_upper2,
nstxuG133964S31/N6/egn06w.1725E+02,bad,none,-0.2267,0.4719,mixed,
nstxuG133964S31/N6/egn06w.1749E+02,bad,none,-0.0504,0.4462,mixed,
nstxuG133964S31/N6/egn06w.1768E+02,bad,none,-0.1178,0.4115,mixed,
nstxuG133964S31/N6/egn06w.9560E+01,bad,none,0.9989,1.0000,below_upper2,
nstxuG133964S31/N6/egn06w.9583E+01,bad,none,0.9703,1.0000,below_upper2,
nstxuG133964S31/N7/egn07w.1695E+02,bad,none,-0.0784,0.5169,below_upper2,
nstxuG133964S31/N7/egn07w.1707E+02,bad,none,-0.0450,0.5355,below_upper2,
nstxuG133964S31/N7/egn07w.1717E+02,bad,none,-0.2184,0.4205,mixed,
nstxuG133964S31/N7/egn07w.1733E+02,bad,none,-0.1659,0.4444,mixed,
nstxuG133964S31/N8/egn08w.1084E+02,bad,none,0.8504,0.8396,below_upper2,
nstxuG133964S31/N8/egn08w.1086E+02,bad,none,0.9768,0.9800,below_upper2,
nstxuG133964S31/N8/egn08w.1569E+02,bad,none,-0.1314,0.5462,below_upper2,
nstxuG133964S31/N8/egn08w.1580E+02,bad,none,-0.1703,0.5225,below_upper2,
nstxuG133964S31/N8/egn08w.1588E+02,bad,none,-0.1441,0.5004,below_upper2,
nstxuG133964S31/N8/egn08w.1628E+02,bad,none,-0.2908,0.5009,below_upper2,
nstxuG133964S31/N8/egn08w.1638E+02,bad,none,-0.2786,0.4965,mixed,
nstxuG133964S31/N8/egn08w.1643E+02,bad,none,-0.1655,0.5417,below_upper2,
nstxuG133964S31/N8/egn08w.1670E+02,bad,none,0.1391,0.6333,below_upper2,
nstxuG133964S31/N8/egn08w.1687E+02,bad,none,0.0249,0.5890,below_upper2,
nstxuG133964S31/N8/egn08w.1691E+02,bad,none,-0.0960,0.5425,below_upper2,
nstxuG133964S31/N8/egn08w.1696E+02,bad,none,-0.2796,0.4567,mixed,
nstxuG133964S31/N8/egn08w.1702E+02,bad,none,-0.3459,0.4358,mixed,
nstxuG133964S31/N8/egn08w.1708E+02,bad,none,-0.3371,0.4463,mixed,
nstxuG133964S31/N8/egn08w.1713E+02,bad,none,-0.2335,0.4762,mixed,
nstxuG133964S31/N8/egn08w.1718E+02,bad,none,-0.2495,0.4706,mixed,
nstxuG133964S31/N8/egn08w.1725E+02,bad,none,-0.2766,0.4323,mixed,
nstxuG133964S31/N8/egn08w.1733E+02,bad,none,-0.3644,0.4033,mixed,
nstxuG133964S31/N9/egn09w.1215E+02,bad,none,0.7305,0.8803,below_upper2,
nstxuG133964S31/N9/egn09w.1262E+02,bad,none,0.7393,0.9204,below_upper2,
nstxuG133964S31/N9/egn09w.1468E+02,bad,none,0.1661,0.5551,below_upper2,
nstxuG133964S31/N9/egn09w.1598E+02,bad,none,-0.5545,0.4229,mixed,
nstxuG133964S31/N9/egn09w.1600E+02,bad,none,-0.4528,0.5354,below_upper2,
nstxuG133964S31/N9/egn09w.1611E+02,bad,none,-0.4805,0.4985,mixed,
nstxuG133964S31/N9/egn09w.1692E+02,bad,none,-0.0365,0.5432,below_upper2,
nstxuG133964S31/N9/egn09w.1696E+02,bad,none,-0.1158,0.5110,below_upper2,
nstxuG133964S31/N9/egn09w.1724E+02,bad,none,-0.3005,0.4217,mixed,
nstxuG133964S31/N10/egn10w.1634E+02,bad,none,-0.4839,0.4058,mixed,
nstxuG133964S31/N10/egn10w.1643E+02,bad,none,-0.3611,0.4631,mixed,
nstxuG133964S31/N10/egn10w.1678E+02,bad,none,0.2106,0.6709,below_upper2,
nstxuG133964S31/N10/egn10w.1693E+02,bad,none,-0.0034,0.5589,below_upper2,
nstxuG133964S31/N10/egn10w.1703E+02,bad,none,-0.1049,0.5182,below_upper2,
nstxuG133964S31/N10/egn10w.1708E+02,bad,none,-0.1054,0.5013,below_upper2,
nstxuG133964S31/N10/egn10w.1712E+02,bad,none,-0.1580,0.4984,mixed,
nstxuG133964S31/N10/egn10w.1716E+02,bad,none,-0.1936,0.4643,mixed,
nstxuG133964S31/N10/egn10w.1722E+02,bad,none,-0.2594,0.4259,mixed,
nstxuG133964S31/N10/egn10w.1729E+02,bad,none,-0.3577,0.4064,mixed,
nstxuG133964S31/N10/egn10w.1734E+02,bad,none,-0.3026,0.4160,mixed,
nstxuG142301H47/N1/egn01w.3450E+02,bad,none,0.8876,0.9525,below_upper2,
nstxuG142301H47/N2/egn02w.1222E+02,bad,none,0.1241,0.0943,mixed,
nstxuG142301H47/N2/egn02w.2016E+02,bad,none,0.4288,0.7975,below_upper2,
nstxuG142301H47/N2/egn02w.2025E+02,bad,none,0.9466,0.9816,below_upper2,
nstxuG142301H47/N2/egn02w.2038E+02,bad,none,-0.1295,0.4969,mixed,
nstxuG142301H47/N2/egn02w.2254E+02,bad,none,0.7585,0.9554,below_upper2,
nstxuG142301H47/N2/egn02w.2312E+02,bad,none,0.1835,0.6984,below_upper2,
nstxuG142301H47/N2/egn02w.8452E+01,bad,none,0.9350,1.0000,below_upper2,
nstxuG142301H47/N2/egn02w.8506E+01,bad,none,0.9634,1.0000,below_upper2,
nstxuG142301H47/N3/egn03w.1659E+02,bad,none,0.9828,0.9966,below_upper2,
nstxuG142301H47/N3/egn03w.2215E+02,bad,none,0.9901,0.9996,below_upper2,
nstxuG142301H47/N3/egn03w.2562E+02,bad,none,0.6724,0.9820,below_upper2,
nstxuG142301H47/N3/egn03w.3059E+02,bad,none,-0.4993,0.4150,mixed,
nstxuG142301H47/N4/egn04w.1897E+02,bad,none,0.9769,0.9899,below_upper2,
nstxuG142301H47/N4/egn04w.2444E+02,bad,none,-0.2194,0.7633,below_upper2,
nstxuG142301H47/N4/egn04w.2516E+02,bad,none,0.7585,0.9954,below_upper2,
nstxuG142301H47/N4/egn04w.2528E+02,bad,none,0.6544,0.9990,below_upper2,
nstxuG142301H47/N4/egn04w.3026E+02,bad,none,0.5899,0.9421,below_upper2,
nstxuG142301H47/N5/egn05w.1335E+02,bad,none,0.9659,0.9635,below_upper2,
nstxuG142301H47/N5/egn05w.1372E+02,bad,none,0.0965,0.1376,mixed,
nstxuG142301H47/N5/egn05w.1376E+02,bad,none,0.8769,0.8407,below_upper2,
nstxuG142301H47/N5/egn05w.1405E+02,bad,none,0.8624,0.8075,below_upper2,
nstxuG142301H47/N5/egn05w.1424E+02,bad,none,0.9667,0.9538,below_upper2,
nstxuG142301H47/N5/egn05w.1759E+02,bad,none,0.1400,0.5091,below_upper2,
nstxuG142301H47/N5/egn05w.1831E+02,bad,none,0.9470,0.9993,below_upper2,
nstxuG142301H47/N5/egn05w.1930E+02,bad,none,0.9474,0.9994,below_upper2,
nstxuG142301H47/N5/egn05w.2251E+02,bad,none,0.8749,0.9818,below_upper2,
nstxuG142301H47/N5/egn05w.2293E+02,bad,none,-0.5877,0.4561,mixed,
nstxuG142301H47/N5/egn05w.2296E+02,bad,none,0.7356,0.9744,below_upper2,
nstxuG142301H47/N5/egn05w.2425E+02,bad,none,0.1217,0.8811,below_upper2,
nstxuG142301H47/N5/egn05w.2449E+02,bad,none,0.7186,0.9930,below_upper2,
nstxuG142301H47/N5/egn05w.2464E+02,bad,none,0.7290,0.9949,below_upper2,
nstxuG142301H47/N5/egn05w.2472E+02,bad,none,0.7397,0.9977,below_upper2,
nstxuG142301H47/N5/egn05w.2482E+02,bad,none,0.7314,0.9997,below_upper2,
nstxuG142301H47/N5/egn05w.2513E+02,bad,none,0.7294,0.9991,below_upper2,
nstxuG142301H47/N5/egn05w.2577E+02,bad,none,0.6715,0.9653,below_upper2,
nstxuG142301H47/N5/egn05w.2721E+02,bad,none,0.5389,0.8328,below_upper2,
nstxuG142301H47/N5/egn05w.2928E+02,bad,none,0.8355,0.9682,below_upper2,
nstxuG142301H47/N5/egn05w.2936E+02,bad,none,0.7390,0.9679,below_upper2,
nstxuG142301H47/N5/egn05w.9759E+01,bad,none,0.9654,1.0000,below_upper2,
nstxuG142301H47/N6/egn06w.1120E+02,bad,none,0.9725,0.9990,below_upper2,
nstxuG142301H47/N6/egn06w.1407E+02,bad,none,0.9911,0.9958,below_upper2,
nstxuG142301H47/N6/egn06w.1623E+02,bad,none,0.9983,0.9999,below_upper2,
nstxuG142301H47/N6/egn06w.1649E+02,bad,none,0.9973,0.9999,below_upper2,
nstxuG142301H47/N6/egn06w.1663E+02,bad,none,0.9965,1.0000,below_upper2,
nstxuG142301H47/N6/egn06w.1930E+02,bad,none,0.9962,1.0000,below_upper2,
nstxuG142301H47/N6/egn06w.1966E+02,bad,none,0.9001,0.9944,below_upper2,
nstxuG142301H47/N6/egn06w.2005E+02,good,tae,0.9293,0.9858,below_upper2,
nstxuG142301H47/N6/egn06w.2369E+02,bad,none,0.8720,0.9708,below_upper2,
nstxuG142301H47/N6/egn06w.2393E+02,bad,none,0.8647,0.9933,below_upper2,
nstxuG142301H47/N6/egn06w.2416E+02,bad,none,0.8375,0.9993,below_upper2,
nstxuG142301H47/N6/egn06w.2447E+02,bad,none,0.7836,0.9995,below_upper2,
nstxuG142301H47/N6/egn06w.2495E+02,bad,none,0.7856,0.9895,below_upper2,
nstxuG142301H47/N6/egn06w.2519E+02,bad,none,0.6094,0.9995,below_upper2,
nstxuG142301H47/N6/egn06w.2533E+02,bad,none,0.7267,0.9827,below_upper2,
nstxuG142301H47/N6/egn06w.2551E+02,bad,none,0.6099,0.9977,below_upper2,
nstxuG142301H47/N6/egn06w.2849E+02,bad,none,0.0395,0.6845,below_upper2,
nstxuG142301H47/N6/egn06w.2859E+02,bad,none,0.1176,0.6866,below_upper2,
nstxuG142301H47/N6/egn06w.9086E+01,bad,none,0.8545,1.0000,below_upper2,
nstxuG142301H47/N7/egn07w.1016E+02,bad,none,0.9719,1.0000,below_upper2,
nstxuG142301H47/N7/egn07w.1038E+02,bad,none,0.9938,1.0000,below_upper2,
nstxuG142301H47/N7/egn07w.1069E+02,bad,none,0.9695,0.9999,below_upper2,
nstxuG142301H47/N7/egn07w.1226E+02,bad,none,0.9876,0.9996,below_upper2,
nstxuG142301H47/N7/egn07w.1234E+02,bad,none,0.9995,1.0000,below_upper2,
nstxuG142301H47/N7/egn07w.1314E+02,bad,none,0.4319,0.4322,mixed,
nstxuG142301H47/N7/egn07w.1317E+02,bad,none,0.9942,0.9998,below_upper2,
nstxuG142301H47/N7/egn07w.1977E+02,bad,none,0.9692,0.9999,below_upper2,
nstxuG142301H47/N7/egn07w.2084E+02,bad,none,0.9862,0.9993,below_upper2,
nstxuG142301H47/N7/egn07w.2133E+02,bad,none,0.9724,0.9997,below_upper2,
nstxuG142301H47/N7/egn07w.2272E+02,bad,none,0.8710,0.9782,below_upper2,
nstxuG142301H47/N7/egn07w.2342E+02,bad,none,0.8651,0.9719,below_upper2,
nstxuG142301H47/N7/egn07w.2362E+02,bad,none,0.8690,0.9608,below_upper2,
nstxuG142301H47/N7/egn07w.2365E+02,bad,none,0.8236,0.9044,below_upper2,
nstxuG142301H47/N7/egn07w.2383E+02,bad,none,0.8657,0.9960,below_upper2,
nstxuG142301H47/N7/egn07w.2401E+02,bad,none,0.8317,0.9994,below_upper2,
nstxuG142301H47/N7/egn07w.2462E+02,bad,none,0.8360,0.9894,below_upper2,
nstxuG142301H47/N7/egn07w.2482E+02,bad,none,0.8015,0.9996,below_upper2,
nstxuG142301H47/N7/egn07w.2489E+02,good,tae,0.7170,1.0000,below_upper2,
nstxuG142301H47/N7/egn07w.2498E+02,bad,none,0.7636,0.9846,below_upper2,
nstxuG142301H47/N7/egn07w.2511E+02,bad,none,0.7251,0.9958,below_upper2,
nstxuG142301H47/N7/egn07w.2520E+02,bad,none,0.6731,0.9986,below_upper2,
nstxuG142301H47/N7/egn07w.2524E+02,bad,none,0.6546,0.9995,below_upper2,
nstxuG142301H47/N7/egn07w.2530E+02,good,tae,0.5775,0.9995,below_upper2,
nstxuG142301H47/N7/egn07w.2557E+02,bad,none,0.7113,0.9950,below_upper2,
nstxuG142301H47/N7/egn07w.2568E+02,bad,none,0.6823,0.9095,below_upper2,
nstxuG142301H47/N7/egn07w.2575E+02,bad,none,0.6322,0.9316,below_upper2,
nstxuG142301H47/N7/egn07w.3131E+02,bad,none,0.2007,0.2946,mixed,
nstxuG142301H47/N7/egn07w.9482E+01,bad,none,0.8088,0.9999,below_upper2,
nstxuG142301H47/N8/egn08w.1001E+02,bad,none,0.9752,1.0000,below_upper2,
nstxuG142301H47/N8/egn08w.1010E+02,bad,none,0.6955,0.9999,below_upper2,
nstxuG142301H47/N8/egn08w.1092E+02,bad,none,0.4769,0.8620,below_upper2,
nstxuG142301H47/N8/egn08w.1194E+02,bad,none,-0.0990,0.2146,mixed,
nstxuG142301H47/N8/egn08w.1377E+02,bad,none,0.9969,1.0000,below_upper2,
nstxuG142301H47/N8/egn08w.1433E+02,good,tae,0.7324,0.9430,below_upper2,
nstxuG142301H47/N8/egn08w.1696E+02,bad,none,0.9966,1.0000,below_upper2,
nstxuG142301H47/N8/egn08w.1707E+02,good,tae,0.9942,1.0000,below_upper2,
nstxuG142301H47/N8/egn08w.2237E+02,bad,none,0.9767,1.0000,below_upper2,
nstxuG142301H47/N8/egn08w.2244E+02,good,tae,0.9830,1.0000,below_upper2,
nstxuG142301H47/N8/egn08w.2248E+02,bad,none,0.8720,0.9760,below_upper2,
nstxuG142301H47/N8/egn08w.2333E+02,bad,none,0.8684,0.9775,below_upper2,
nstxuG142301H47/N8/egn08w.2352E+02,bad,none,0.8785,0.9896,below_upper2,
nstxuG142301H47/N8/egn08w.2385E+02,bad,none,0.8504,0.9992,below_upper2,
nstxuG142301H47/N8/egn08w.2463E+02,bad,none,0.8291,0.9994,below_upper2,
nstxuG142301H47/N8/egn08w.2478E+02,bad,none,0.7893,0.9845,below_upper2,
nstxuG142301H47/N8/egn08w.2488E+02,bad,none,0.7630,0.9927,below_upper2,
nstxuG142301H47/N8/egn08w.2499E+02,bad,none,0.7730,0.9982,below_upper2,
nstxuG142301H47/N8/egn08w.2513E+02,bad,none,0.7175,0.9878,below_upper2,
nstxuG142301H47/N8/egn08w.2541E+02,bad,none,0.7189,0.9809,below_upper2,
nstxuG142301H47/N8/egn08w.2564E+02,bad,none,0.6136,0.8782,below_upper2,
nstxuG142301H47/N8/egn08w.2601E+02,bad,none,0.1760,0.8575,below_upper2,
nstxuG142301H47/N8/egn08w.2614E+02,bad,none,0.0901,0.7678,below_upper2,
nstxuG142301H47/N8/egn08w.2708E+02,bad,none,-0.0365,0.8274,below_upper2,
nstxuG142301H47/N8/egn08w.2727E+02,bad,none,-0.1551,0.7783,below_upper2,
nstxuG142301H47/N9/egn09w.1019E+02,bad,none,0.9438,1.0000,below_upper2,
nstxuG142301H47/N9/egn09w.1082E+02,bad,none,0.9966,0.9999,below_upper2,
nstxuG142301H47/N9/egn09w.1185E+02,bad,none,0.1291,0.2652,mixed,
nstxuG142301H47/N9/egn09w.1231E+02,bad,none,0.5233,0.4673,mixed,
nstxuG142301H47/N9/egn09w.1234E+02,bad,none,0.9914,0.9907,below_upper2,
nstxuG142301H47/N9/egn09w.1283E+02,bad,none,0.9933,0.9991,below_upper2,
nstxuG142301H47/N9/egn09w.1308E+02,bad,none,0.1409,0.2507,mixed,
nstxuG142301H47/N9/egn09w.1415E+02,good,tae,0.7435,0.9386,below_upper2,
nstxuG142301H47/N9/egn09w.1473E+02,bad,none,0.9983,0.9988,below_upper2,
nstxuG142301H47/N9/egn09w.1503E+02,bad,none,0.0782,0.4512,mixed,
nstxuG142301H47/N9/egn09w.1514E+02,bad,none,-0.0162,0.4211,mixed,
nstxuG142301H47/N9/egn09w.1535E+02,bad,none,0.0035,0.4660,mixed,
nstxuG142301H47/N9/egn09w.1813E+02,good,tae,0.9954,0.9998,below_upper2,
nstxuG142301H47/N9/egn09w.1817E+02,good,tae,0.9936,0.9998,below_upper2,
nstxuG142301H47/N9/egn09w.1907E+02,bad,none,0.7384,0.9176,below_upper2,
nstxuG142301H47/N9/egn09w.2281E+02,bad,none,0.8757,0.9810,below_upper2,
nstxuG142301H47/N9/egn09w.2298E+02,bad,none,0.8742,0.9831,below_upper2,
nstxuG142301H47/N9/egn09w.2313E+02,bad,none,0.8486,0.9898,below_upper2,
nstxuG142301H47/N9/egn09w.2342E+02,bad,none,0.8744,0.9958,below_upper2,
nstxuG142301H47/N9/egn09w.2352E+02,bad,none,0.9901,1.0000,below_upper2,
nstxuG142301H47/N9/egn09w.2392E+02,bad,none,0.8454,0.9984,below_upper2,
nstxuG142301H47/N9/egn09w.2399E+02,bad,none,0.8491,0.9882,below_upper2,
nstxuG142301H47/N9/egn09w.2495E+02,bad,none,0.7588,0.9951,below_upper2,
nstxuG142301H47/N9/egn09w.2507E+02,bad,none,0.6695,0.9973,below_upper2,
nstxuG142301H47/N9/egn09w.2531E+02,bad,none,0.6783,0.9698,below_upper2,
nstxuG142301H47/N9/egn09w.2538E+02,bad,none,0.6842,0.9549,below_upper2,
nstxuG142301H47/N9/egn09w.2574E+02,bad,none,0.5949,0.8550,below_upper2,
nstxuG142301H47/N10/egn10w.1046E+02,bad,none,0.6377,0.9999,below_upper2,
nstxuG142301H47/N10/egn10w.1189E+02,bad,none,0.1126,0.2840,mixed,
nstxuG142301H47/N10/egn10w.1329E+02,bad,none,0.9981,1.0000,below_upper2,
nstxuG142301H47/N10/egn10w.1342E+02,bad,none,0.9974,1.0000,below_upper2,
nstxuG142301H47/N10/egn10w.1403E+02,good,tae,0.7701,0.9487,below_upper2,
nstxuG142301H47/N10/egn10w.1503E+02,good,tae,0.9999,1.0000,below_upper2,
nstxuG142301H47/N10/egn10w.1517E+02,bad,none,-0.0240,0.3865,mixed,
nstxuG142301H47/N10/egn10w.1835E+02,bad,none,0.7900,0.8900,below_upper2,
nstxuG142301H47/N10/egn10w.2157E+02,bad,none,0.9929,0.9994,below_upper2,
nstxuG142301H47/N10/egn10w.2206E+02,bad,none,0.8465,0.9323,below_upper2,
nstxuG142301H47/N10/egn10w.2222E+02,bad,none,0.8598,0.9671,below_upper2,
nstxuG142301H47/N10/egn10w.2241E+02,bad,none,0.8897,0.9951,below_upper2,
nstxuG142301H47/N10/egn10w.2262E+02,bad,none,0.8802,0.9791,below_upper2,
nstxuG142301H47/N10/egn10w.2287E+02,bad,none,0.8674,0.9533,below_upper2,
nstxuG142301H47/N10/egn10w.2303E+02,bad,none,0.8611,0.9803,below_upper2,
nstxuG142301H47/N10/egn10w.2314E+02,bad,none,0.8767,0.9960,below_upper2,
nstxuG142301H47/N10/egn10w.2331E+02,bad,none,0.8866,0.9837,below_upper2,
nstxuG142301H47/N10/egn10w.2349E+02,bad,none,0.8640,0.9830,below_upper2,
nstxuG142301H47/N10/egn10w.2367E+02,bad,none,0.8266,0.9794,below_upper2,
nstxuG142301H47/N10/egn10w.2384E+02,bad,none,0.8457,0.9866,below_upper2,
nstxuG142301H47/N10/egn10w.2409E+02,bad,none,0.8501,0.9913,below_upper2,
nstxuG142301H47/N10/egn10w.2416E+02,good,tae,0.8263,0.9995,below_upper2,
nstxuG142301H47/N10/egn10w.2447E+02,bad,none,0.8211,0.9802,below_upper2,
nstxuG142301H47/N10/egn10w.2456E+02,bad,none,0.7877,0.9882,below_upper2,
nstxuG142301H47/N10/egn10w.2470E+02,bad,none,0.8203,0.9860,below_upper2,
nstxuG142301H47/N10/egn10w.2505E+02,bad,none,0.7308,0.9996,below_upper2,
nstxuG142301H47/N10/egn10w.2514E+02,bad,none,0.7259,0.9826,below_upper2,
nstxuG142301H47/N10/egn10w.2564E+02,bad,none,0.6469,0.9546,below_upper2,
nstxuG142301H47/N10/egn10w.2570E+02,bad,none,0.6326,0.8796,below_upper2,
nstxuG142301H47/N10/egn10w.2590E+02,bad,none,0.3213,0.9412,below_upper2,
nstxuG142301H47/N10/egn10w.2595E+02,bad,none,0.2994,0.9481,below_upper2,
nstxuG142301H47/N10/egn10w.2631E+02,bad,none,-0.1272,0.8503,below_upper2,
nstxuG142301H47/N10/egn10w.2708E+02,bad,none,0.1655,0.9804,below_upper2,
nstxuG142301H47/N10/egn10w.2717E+02,bad,none,0.2001,0.9853,below_upper2,
nstxuG142301H47/N10/egn10w.2741E+02,bad,none,0.2910,0.9812,below_upper2,
nstxuG142301H47/N10/egn10w.2753E+02,bad,none,0.3038,0.9901,below_upper2,
nstxuG142301H47/N10/egn10w.2777E+02,bad,none,0.1589,0.9914,below_upper2,
nstxuG142301H47/N10/egn10w.9499E+01,bad,none,0.8431,1.0000,below_upper2,
nstxuG142301Y93/N1/egn01w.1499E+02,bad,none,0.8791,0.9998,below_upper2,
nstxuG142301Y93/N1/egn01w.1613E+02,bad,none,0.8234,0.9177,below_upper2,
nstxuG142301Y93/N1/egn01w.1674E+02,bad,none,0.8448,0.9471,below_upper2,
nstxuG142301Y93/N1/egn01w.1715E+02,bad,none,0.6427,0.7894,below_upper2,
nstxuG142301Y93/N1/egn01w.1732E+02,bad,none,0.4935,0.7007,below_upper2,
nstxuG142301Y93/N1/egn01w.1894E+02,bad,none,0.1166,0.4505,mixed,
nstxuG142301Y93/N1/egn01w.1902E+02,bad,none,0.2737,0.5110,below_upper2,
nstxuG142301Y93/N1/egn01w.1937E+02,bad,none,0.1498,0.4041,mixed,
nstxuG142301Y93/N1/egn01w.2146E+02,bad,none,-0.0999,0.4624,mixed,
nstxuG142301Y93/N1/egn01w.2168E+02,bad,none,-0.0477,0.5191,below_upper2,
nstxuG142301Y93/N1/egn01w.9416E+01,bad,none,0.9524,1.0000,below_upper2,
nstxuG142301Y93/N2/egn02w.1590E+02,bad,none,0.4162,0.5977,below_upper2,
nstxuG142301Y93/N2/egn02w.1646E+02,bad,none,0.6196,0.6560,below_upper2,
nstxuG142301Y93/N2/egn02w.1667E+02,bad,none,0.5667,0.5571,below_upper2,
nstxuG142301Y93/N2/egn02w.1728E+02,bad,none,0.5687,0.6005,below_upper2,
nstxuG142301Y93/N2/egn02w.1804E+02,bad,none,0.0942,0.3598,mixed,
nstxuG142301Y93/N2/egn02w.1821E+02,bad,none,0.1965,0.4149,mixed,
nstxuG142301Y93/N2/egn02w.1855E+02,bad,none,0.2818,0.5079,below_upper2,
nstxuG142301Y93/N2/egn02w.1873E+02,bad,none,0.2513,0.5512,below_upper2,
nstxuG142301Y93/N2/egn02w.1891E+02,bad,none,0.3420,0.5960,below_upper2,
nstxuG142301Y93/N2/egn02w.1897E+02,bad,none,0.3044,0.6757,below_upper2,
nstxuG142301Y93/N2/egn02w.1909E+02,bad,none,0.0251,0.4379,mixed,
nstxuG142301Y93/N2/egn02w.1927E+02,bad,none,0.1375,0.5122,below_upper2,
nstxuG142301Y93/N2/egn02w.1941E+02,bad,none,0.5364,0.7897,below_upper2,
nstxuG142301Y93/N2/egn02w.2035E+02,bad,none,0.1753,0.6540,below_upper2,
nstxuG142301Y93/N2/egn02w.2052E+02,bad,none,0.0612,0.5790,below_upper2,
nstxuG142301Y93/N2/egn02w.2064E+02,bad,none,0.0824,0.5877,below_upper2,
nstxuG142301Y93/N2/egn02w.2082E+02,bad,none,-0.1445,0.4752,mixed,
nstxuG142301Y93/N2/egn02w.2089E+02,bad,none,-0.1343,0.4887,mixed,
nstxuG142301Y93/N2/egn02w.2123E+02,bad,none,-0.2919,0.4239,mixed,
nstxuG142301Y93/N2/egn02w.8189E+01,bad,none,0.9184,1.0000,below_upper2,
nstxuG142301Y93/N2/egn02w.9045E+01,bad,none,0.6412,0.8311,below_upper2,
nstxuG142301Y93/N3/egn03w.1502E+02,bad,none,0.8456,0.9439,below_upper2,
nstxuG142301Y93/N3/egn03w.1589E+02,bad,none,0.2392,0.5569,below_upper2,
nstxuG142301Y93/N3/egn03w.1635E+02,bad,none,-0.0471,0.2256,mixed,
nstxuG142301Y93/N3/egn03w.1668E+02,bad,none,0.4174,0.6501,below_upper2,
nstxuG142301Y93/N3/egn03w.1676E+02,bad,none,0.4741,0.6447,below_upper2,
nstxuG142301Y93/N3/egn03w.1721E+02,bad,none,0.6933,0.7682,below_upper2,
nstxuG142301Y93/N3/egn03w.1969E+02,bad,none,-0.2343,0.5863,below_upper2,
nstxuG142301Y93/N3/egn03w.1980E+02,bad,none,-0.1523,0.4604,mixed,
nstxuG142301Y93/N3/egn03w.2200E+02,bad,none,-0.3037,0.4178,mixed,
nstxuG142301Y93/N3/egn03w.2513E+02,bad,none,-0.1491,0.5199,below_upper2,
nstxuG142301Y93/N3/egn03w.8350E+01,bad,none,0.9806,0.9944,below_upper2,
nstxuG142301Y93/N4/egn04w.1544E+02,bad,none,0.8188,0.8424,below_upper2,
nstxuG142301Y93/N4/egn04w.1570E+02,bad,none,0.7933,0.8023,below_upper2,
nstxuG142301Y93/N4/egn04w.1590E+02,bad,none,0.5993,0.5895,below_upper2,
nstxuG142301Y93/N4/egn04w.1675E+02,bad,none,0.6575,0.8104,below_upper2,
nstxuG142301Y93/N4/egn04w.1706E+02,bad,none,0.5525,0.6331,below_upper2,
nstxuG142301Y93/N4/egn04w.1744E+02,bad,none,0.8613,0.9149,below_upper2,
nstxuG142301Y93/N4/egn04w.1856E+02,bad,none,0.6514,0.7873,below_upper2,
nstxuG142301Y93/N4/egn04w.1939E+02,bad,none,0.2967,0.7038,below_upper2,
nstxuG142301Y93/N4/egn04w.8145E+01,bad,none,0.8960,0.9925,below_upper2,
nstxuG142301Y93/N5/egn05w.1001E+02,bad,none,0.9156,0.9617,below_upper2,
nstxuG142301Y93/N5/egn05w.1008E+02,bad,none,0.7835,0.8398,below_upper2,
nstxuG142301Y93/N5/egn05w.1074E+02,bad,none,0.7008,0.7485,below_upper2,
nstxuG142301Y93/N5/egn05w.1467E+02,bad,none,0.8860,0.9519,below_upper2,
nstxuG142301Y93/N5/egn05w.1481E+02,bad,none,0.8927,0.9608,below_upper2,
nstxuG142301Y93/N5/egn05w.1500E+02,bad,none,0.9006,0.9336,below_upper2,
nstxuG142301Y93/N5/egn05w.1522E+02,bad,none,0.9262,0.9585,below_upper2,
nstxuG142301Y93/N5/egn05w.1553E+02,bad,none,0.9211,0.9523,below_upper2,
nstxuG142301Y93/N5/egn05w.1585E+02,bad,none,0.8150,0.8819,below_upper2,
nstxuG142301Y93/N5/egn05w.1669E+02,bad,none,0.8489,0.8973,below_upper2,
nstxuG142301Y93/N5/egn05w.1738E+02,bad,none,0.8058,0.9018,below_upper2,
nstxuG142301Y93/N5/egn05w.8770E+01,bad,none,0.7616,0.8846,below_upper2,
nstxuG142301Y93/N5/egn05w.8854E+01,bad,none,0.8305,0.9290,below_upper2,
nstxuG142301Y93/N5/egn05w.8989E+01,bad,none,0.7842,0.8894,below_upper2,
nstxuG142301Y93/N5/egn05w.9084E+01,bad,none,0.8309,0.9195,below_upper2,
nstxuG142301Y93/N5/egn05w.9138E+01,bad,none,0.7896,0.8805,below_upper2,
nstxuG142301Y93/N5/egn05w.9261E+01,bad,none,0.7860,0.8729,below_upper2,
nstxuG142301Y93/N5/egn05w.9361E+01,bad,none,0.8825,0.9478,below_upper2,
nstxuG142301Y93/N5/egn05w.9420E+01,bad,none,0.7942,0.8738,below_upper2,
nstxuG142301Y93/N5/egn05w.9565E+01,bad,none,0.8860,0.9467,below_upper2,
nstxuG142301Y93/N5/egn05w.9780E+01,bad,none,0.9130,0.9624,below_upper2,
nstxuG142301Y93/N5/egn05w.9855E+01,bad,none,0.8015,0.8657,below_upper2,
nstxuG142301Y93/N6/egn06w.1112E+02,bad,none,0.9489,0.9530,below_upper2,
nstxuG142301Y93/N6/egn06w.1145E+02,bad,none,0.9551,0.9539,below_upper2,
nstxuG142301Y93/N6/egn06w.1334E+02,bad,none,0.8679,0.8768,below_upper2,
nstxuG142301Y93/N6/egn06w.1508E+02,bad,none,0.9076,0.9154,below_upper2,
nstxuG142301Y93/N6/egn06w.8780E+01,bad,none,0.8786,0.9194,below_upper2,
nstxuG142301Y93/N7/egn07w.1213E+02,bad,none,0.6095,0.6382,below_upper2,
nstxuG142301Y93/N7/egn07w.1428E+02,bad,none,0.0005,0.4309,mixed,
nstxuG142301Y93/N7/egn07w.1492E+02,bad,none,0.9520,0.9990,below_upper2,
nstxuG142301Y93/N7/egn07w.1496E+02,bad,none,0.9277,0.9934,below_upper2,
nstxuG142301Y93/N7/egn07w.1545E+02,bad,none,0.8815,0.9527,below_upper2,
nstxuG142301Y93/N8/egn08w.1058E+02,bad,none,0.8599,0.9337,below_upper2,
nstxuG142301Y93/N8/egn08w.1508E+02,bad,none,0.8995,0.9724,below_upper2,
nstxuG142301Y93/N8/egn08w.1566E+02,bad,none,0.8722,0.9679,below_upper2,
nstxuG142301Y93/N8/egn08w.1596E+02,bad,none,0.8717,0.9695,below_upper2,
nstxuG142301Y93/N8/egn08w.9431E+01,bad,none,0.9973,1.0000,below_upper2,
nstxuG142301Y93/N9/egn09w.1045E+02,bad,none,0.9354,0.9707,below_upper2,
nstxuG142301Y93/N9/egn09w.1153E+02,bad,none,0.8535,0.9347,below_upper2,
nstxuG142301Y93/N9/egn09w.1241E+02,bad,none,0.7309,0.7916,below_upper2,
nstxuG142301Y93/N9/egn09w.1281E+02,bad,none,0.7194,0.8021,below_upper2,
nstxuG142301Y93/N9/egn09w.1340E+02,bad,none,0.9821,0.9994,below_upper2,
nstxuG142301Y93/N9/egn09w.1412E+02,bad,none,0.9774,0.9998,below_upper2,
nstxuG142301Y93/N9/egn09w.1416E+02,bad,none,0.9778,0.9999,below_upper2,
nstxuG142301Y93/N9/egn09w.1423E+02,bad,none,0.9759,0.9998,below_upper2,
nstxuG142301Y93/N9/egn09w.1428E+02,bad,none,0.9739,0.9999,below_upper2,
nstxuG142301Y93/N9/egn09w.1491E+02,bad,none,0.9178,0.9875,below_upper2,
nstxuG142301Y93/N9/egn09w.1527E+02,bad,none,0.6642,0.9804,below_upper2,
nstxuG142301Y93/N9/egn09w.1539E+02,good,tae,0.8918,0.9885,below_upper2,
nstxuG142301Y93/N9/egn09w.1563E+02,bad,none,0.8901,0.9797,below_upper2,
nstxuG142301Y93/N9/egn09w.1593E+02,bad,none,0.8976,0.9939,below_upper2,
nstxuG142301Y93/N9/egn09w.1633E+02,bad,none,0.8774,0.8940,below_upper2,
nstxuG142301Y93/N9/egn09w.1741E+02,bad,none,0.6933,0.8216,below_upper2,
nstxuG142301Y93/N9/egn09w.1748E+02,bad,none,0.5700,0.8200,below_upper2,
nstxuG142301Y93/N9/egn09w.8765E+01,bad,none,0.8645,0.8638,below_upper2,
nstxuG142301Y93/N9/egn09w.9404E+01,bad,none,0.8793,0.9248,below_upper2,
nstxuG142301Y93/N10/egn10w.1324E+02,bad,none,0.4295,0.5808,below_upper2,
nstxuG142301Y93/N10/egn10w.1354E+02,bad,none,0.9936,0.9951,below_upper2,
nstxuG142301Y93/N10/egn10w.1563E+02,bad,none,0.8733,0.9543,below_upper2,
nstxuG142301Y93/N10/egn10w.1591E+02,bad,none,0.8861,0.9360,below_upper2,
nstxuG142301Y93/N10/egn10w.1625E+02,bad,none,0.8414,0.8731,below_upper2,
nstxu_204202/N2/egn02w.6554E+01,bad,none,0.9970,1.0000,below_upper2,
nstxu_204202/N2/egn02w.6557E+01,bad,none,0.9969,1.0000,below_upper2,
nstxu_204202/N3/egn03w.1017E+02,good,tae,0.9952,1.0000,below_upper2,
nstxu_204202/N3/egn03w.1359E+02,good,tae,0.9941,1.0000,below_upper2,
nstxu_204202/N3/egn03w.1740E+02,good,tae,0.9930,1.0000,below_upper2,
nstxu_204202/N3/egn03w.5040E+02,bad,none,0.7869,0.9740,below_upper2,
nstxu_204202/N3/egn03w.5139E+02,bad,none,0.7261,0.9505,below_upper2,
nstxu_204202/N3/egn03w.5236E+02,bad,none,0.6500,0.9146,below_upper2,
nstxu_204202/N3/egn03w.5330E+02,bad,none,0.6017,0.8846,below_upper2,
nstxu_204202/N3/egn03w.5461E+02,bad,none,0.4394,0.9620,below_upper2,
nstxu_204202/N3/egn03w.5470E+02,bad,none,0.0973,0.5649,below_upper2,
nstxu_204202/N3/egn03w.5830E+02,bad,none,0.5962,0.8649,below_upper2,
nstxu_204202/N3/egn03w.5952E+02,bad,none,0.5365,0.9138,below_upper2,
nstxu_204202/N3/egn03w.6963E+01,bad,none,0.9966,1.0000,below_upper2,
nstxu_204202/N3/egn03w.7521E+01,bad,none,0.9952,1.0000,below_upper2,
nstxu_204202/N3/egn03w.9141E+01,good,tae,0.9961,1.0000,below_upper2,
nstxu_204202/N4/egn04w.1363E+02,good,tae,0.9926,1.0000,below_upper2,
nstxu_204202/N4/egn04w.1754E+02,good,tae,0.9931,1.0000,below_upper2,
nstxu_204202/N4/egn04w.2078E+02,good,tae,0.9919,1.0000,below_upper2,
nstxu_204202/N4/egn04w.2635E+02,good,tae,0.9830,0.9999,below_upper2,
nstxu_204202/N4/egn04w.4189E+02,bad,none,-0.2832,0.5259,below_upper2,
nstxu_204202/N4/egn04w.5390E+02,bad,none,0.7771,0.9242,below_upper2,
nstxu_204202/N4/egn04w.5498E+02,bad,none,0.7270,0.8894,below_upper2,
nstxu_204202/N4/egn04w.5557E+02,bad,none,-0.0336,0.4378,mixed,
nstxu_204202/N4/egn04w.5610E+02,bad,none,0.5187,0.7459,below_upper2,
nstxu_204202/N4/egn04w.5691E+02,bad,none,0.6033,0.9917,below_upper2,
nstxu_204202/N4/egn04w.5978E+02,bad,none,0.5960,0.8988,below_upper2,
nstxu_204202/N4/egn04w.8263E+01,good,tae,0.9921,1.0000,below_upper2,
nstxu_204202/N5/egn05w.1266E+02,good,tae,0.9950,1.0000,below_upper2,
nstxu_204202/N5/egn05w.1358E+02,good,tae,0.9940,1.0000,below_upper2,
nstxu_204202/N5/egn05w.1651E+02,good,tae,0.9895,1.0000,below_upper2,
nstxu_204202/N5/egn05w.2135E+02,good,tae,0.9920,1.0000,below_upper2,
nstxu_204202/N5/egn05w.2391E+02,good,tae,0.9911,1.0000,below_upper2,
nstxu_204202/N5/egn05w.4909E+02,bad,none,0.8153,0.9388,below_upper2,
nstxu_204202/N5/egn05w.5039E+02,bad,none,0.7573,0.8790,below_upper2,
nstxu_204202/N5/egn05w.5423E+02,bad,none,0.6253,0.8880,below_upper2,
nstxu_204202/N5/egn05w.5445E+02,bad,none,0.4496,0.7952,below_upper2,
nstxu_204202/N5/egn05w.5473E+02,bad,none,0.5164,0.9493,below_upper2,
nstxu_204202/N5/egn05w.5612E+02,bad,none,0.7502,0.9356,below_upper2,
nstxu_204202/N5/egn05w.5727E+02,bad,none,0.6536,0.8368,below_upper2,
nstxu_204202/N5/egn05w.5813E+02,bad,none,0.2186,0.9259,below_upper2,
nstxu_204202/N5/egn05w.6753E+02,bad,none,-0.5660,0.6182,below_upper2,
nstxu_204202/N6/egn06w.1001E+02,bad,none,0.9992,1.0000,below_upper2,
nstxu_204202/N6/egn06w.1273E+02,good,tae,0.9944,1.0000,below_upper2,
nstxu_204202/N6/egn06w.1439E+02,good,tae,0.9945,1.0000,below_upper2,
nstxu_204202/N6/egn06w.1618E+02,good,tae,0.9931,1.0000,below_upper2,
nstxu_204202/N6/egn06w.1899E+02,good,tae,0.9905,1.0000,below_upper2,
nstxu_204202/N6/egn06w.2315E+02,good,tae,0.9925,1.0000,below_upper2,
nstxu_204202/N6/egn06w.2987E+02,good,tae,0.9821,0.9991,below_upper2,
nstxu_204202/N6/egn06w.4500E+02,bad,none,0.8438,0.9715,below_upper2,
nstxu_204202/N6/egn06w.4624E+02,bad,none,0.7799,0.9073,below_upper2,
nstxu_204202/N6/egn06w.5134E+02,bad,none,0.7197,0.9837,below_upper2,
nstxu_204202/N6/egn06w.5177E+02,bad,none,0.5590,0.9921,below_upper2,
nstxu_204202/N6/egn06w.5736E+02,bad,none,0.7348,0.9006,below_upper2,
nstxu_204202/N6/egn06w.5856E+02,bad,none,0.5943,0.8511,below_upper2,
nstxu_204202/N6/egn06w.6048E+02,bad,none,0.5660,0.8799,below_upper2,
nstxu_204202/N6/egn06w.7914E+01,good,tae,0.9948,1.0000,below_upper2,
nstxu_204202/N6/egn06w.9143E+01,good,tae,0.9956,1.0000,below_upper2,
nstxu_204202/N7/egn07w.1060E+02,good,tae,0.9946,1.0000,below_upper2,
nstxu_204202/N7/egn07w.1162E+02,good,tae,0.9949,1.0000,below_upper2,
nstxu_204202/N7/egn07w.1444E+02,good,tae,0.9949,1.0000,below_upper2,
nstxu_204202/N7/egn07w.1667E+02,good,tae,0.9938,1.0000,below_upper2,
nstxu_204202/N7/egn07w.1819E+02,good,tae,0.9921,1.0000,below_upper2,
nstxu_204202/N7/egn07w.2851E+02,good,tae,0.9887,0.9989,below_upper2,
nstxu_204202/N7/egn07w.3107E+02,good,tae,0.9837,0.9993,below_upper2,
nstxu_204202/N7/egn07w.3718E+02,bad,none,0.9507,0.9893,below_upper2,
nstxu_204202/N7/egn07w.4336E+02,bad,none,0.7732,0.9694,below_upper2,
nstxu_204202/N7/egn07w.5453E+02,bad,none,0.6765,0.9379,below_upper2,
nstxu_204202/N7/egn07w.5724E+02,bad,none,0.3826,0.7799,below_upper2,
nstxu_204202/N7/egn07w.5737E+02,bad,none,0.3130,0.7089,below_upper2,
nstxu_204202/N7/egn07w.5840E+02,bad,none,0.6914,0.9323,below_upper2,
nstxu_204202/N7/egn07w.6286E+02,bad,none,-0.5449,0.5800,below_upper2,
nstxu_204202/N7/egn07w.6448E+02,bad,none,-0.6236,0.4905,mixed,
nstxu_204202/N7/egn07w.6544E+02,bad,none,-0.7327,0.4020,mixed,
nstxu_204202/N7/egn07w.6773E+02,bad,none,-0.5732,0.6191,below_upper2,
nstxu_204202/N7/egn07w.6868E+02,bad,none,-0.6804,0.4297,mixed,
nstxu_204202/N7/egn07w.7246E+02,bad,none,-0.6269,0.5127,below_upper2,
nstxu_204202/N7/egn07w.8631E+01,good,tae,0.9925,1.0000,below_upper2,
nstxu_204202/N7/egn07w.8929E+01,good,tae,0.9925,1.0000,below_upper2,
nstxu_204202/N7/egn07w.9477E+01,good,tae,0.9934,1.0000,below_upper2,
nstxu_204202/N8/egn08w.1072E+02,good,tae,0.9953,1.0000,below_upper2,
nstxu_204202/N8/egn08w.1192E+02,bad,none,0.9928,1.0000,below_upper2,
nstxu_204202/N8/egn08w.1790E+02,good,tae,0.9933,1.0000,below_upper2,
nstxu_204202/N8/egn08w.2025E+02,good,tae,0.9916,1.0000,below_upper2,
nstxu_204202/N8/egn08w.2323E+02,bad,none,0.9888,0.9978,below_upper2,
nstxu_204202/N8/egn08w.2651E+02,good,tae,0.9910,0.9997,below_upper2,
nstxu_204202/N8/egn08w.3013E+02,bad,none,0.9858,0.9969,below_upper2,
nstxu_204202/N8/egn08w.3306E+02,good,tae,0.9817,0.9995,below_upper2,
nstxu_204202/N8/egn08w.3721E+02,good,tae,0.9619,0.9997,below_upper2,
nstxu_204202/N8/egn08w.4253E+02,bad,none,-0.0149,0.0410,mixed,
nstxu_204202/N8/egn08w.4276E+02,bad,none,0.0842,0.1059,mixed,
nstxu_204202/N8/egn08w.4293E+02,bad,none,0.1325,0.1531,mixed,
nstxu_204202/N8/egn08w.4585E+02,bad,none,0.7951,0.8739,below_upper2,
nstxu_204202/N8/egn08w.5180E+02,bad,none,0.8029,0.9807,below_upper2,
nstxu_204202/N8/egn08w.5262E+02,bad,none,0.6478,0.9850,below_upper2,
nstxu_204202/N8/egn08w.5579E+02,bad,none,0.7312,0.9738,below_upper2,
nstxu_204202/N8/egn08w.5676E+02,bad,none,0.6900,0.8453,below_upper2,
nstxu_204202/N8/egn08w.5804E+02,bad,none,0.2414,0.8042,below_upper2,
nstxu_204202/N8/egn08w.5882E+02,bad,none,0.6240,0.9458,below_upper2,
nstxu_204202/N8/egn08w.6547E+02,bad,none,-0.4837,0.7002,below_upper2,
nstxu_204202/N8/egn08w.7126E+02,bad,none,-0.4750,0.4344,mixed,
nstxu_204202/N8/egn08w.9247E+01,good,tae,0.9958,1.0000,below_upper2,
nstxu_204202/N8/egn08w.9915E+01,good,tae,0.9956,1.0000,below_upper2,
nstxu_204202/N9/egn09w.1029E+02,good,tae,0.9949,1.0000,below_upper2,
nstxu_204202/N9/egn09w.1091E+02,good,tae,0.9949,1.0000,below_upper2,
nstxu_204202/N9/egn09w.1197E+02,good,tae,0.9949,1.0000,below_upper2,
nstxu_204202/N9/egn09w.1439E+02,good,tae,0.9942,1.0000,below_upper2,
nstxu_204202/N9/egn09w.1562E+02,good,tae,0.9936,1.0000,below_upper2,
nstxu_204202/N9/egn09w.1804E+02,good,tae,0.9937,1.0000,below_upper2,
nstxu_204202/N9/egn09w.1941E+02,good,tae,0.9927,1.0000,below_upper2,
nstxu_204202/N9/egn09w.2201E+02,good,tae,0.9837,1.0000,below_upper2,
nstxu_204202/N9/egn09w.3150E+02,good,tae,0.9874,1.0000,below_upper2,
nstxu_204202/N9/egn09w.3423E+02,good,tae,0.9787,0.9998,below_upper2,
nstxu_204202/N9/egn09w.3727E+02,bad,none,0.0892,0.1011,mixed,
nstxu_204202/N9/egn09w.3737E+02,good,tae,0.9548,0.9939,below_upper2,
nstxu_204202/N9/egn09w.3911E+02,bad,none,0.8964,0.9165,below_upper2,
nstxu_204202/N9/egn09w.4417E+02,bad,none,0.8130,0.9162,below_upper2,
nstxu_204202/N9/egn09w.4979E+02,bad,none,0.6637,0.9211,below_upper2,
nstxu_204202/N9/egn09w.5019E+02,bad,none,0.5656,0.9862,below_upper2,
nstxu_204202/N9/egn09w.5431E+02,bad,none,0.4593,0.7741,below_upper2,
nstxu_204202/N9/egn09w.9539E+01,good,tae,0.9945,1.0000,below_upper2,
nstxu_204202/N10/egn10w.1026E+02,good,tae,0.9947,1.0000,below_upper2,
nstxu_204202/N10/egn10w.1303E+02,bad,none,0.9920,1.0000,below_upper2,
nstxu_204202/N10/egn10w.1425E+02,good,tae,0.9949,1.0000,below_upper2,
nstxu_204202/N10/egn10w.1568E+02,good,tae,0.9942,1.0000,below_upper2,
nstxu_204202/N10/egn10w.1915E+02,good,tae,0.9939,1.0000,below_upper2,
nstxu_204202/N10/egn10w.2074E+02,good,tae,0.9924,1.0000,below_upper2,
nstxu_204202/N10/egn10w.2304E+02,good,tae,0.9904,1.0000,below_upper2,
nstxu_204202/N10/egn10w.2604E+02,good,tae,0.9898,0.9998,below_upper2,
nstxu_204202/N10/egn10w.2928E+02,good,tae,0.9902,0.9999,below_upper2,
nstxu_204202/N10/egn10w.3236E+02,good,tae,0.9870,0.9999,below_upper2,
nstxu_204202/N10/egn10w.3556E+02,good,tae,0.9783,0.9988,below_upper2,
nstxu_204202/N10/egn10w.3991E+02,bad,none,0.9128,0.9412,below_upper2,
nstxu_204202/N10/egn10w.4230E+02,bad,none,0.8419,0.9837,below_upper2,
nstxu_204202/N10/egn10w.5178E+02,bad,none,-0.6847,0.4520,mixed,
nstxu_204202/N10/egn10w.5250E+02,bad,none,0.7052,0.8939,below_upper2,
nstxu_204202/N10/egn10w.5322E+02,bad,none,0.5712,0.9354,below_upper2,
nstxu_204202/N10/egn10w.5521E+02,bad,none,0.7775,0.9716,below_upper2,
nstxu_204202/N10/egn10w.5652E+02,bad,none,-0.3584,0.6486,below_upper2,
nstxu_204202/N10/egn10w.6318E+02,bad,none,-0.4576,0.6526,below_upper2,
nstx_141711/N1/egn01w.2311E+03,bad,none,-0.2737,0.4640,mixed,
nstx_141711/N1/egn01w.2329E+03,bad,none,0.0792,0.5053,below_upper2,
nstx_141711/N1/egn01w.2349E+03,bad,none,-0.3300,0.6276,below_upper2,
nstx_141711/N1/egn01w.2375E+03,bad,none,-0.1867,0.6886,below_upper2,
nstx_141711/N1/egn01w.2413E+03,bad,none,-0.3024,0.4892,mixed,
nstx_141711/N1/egn01w.2616E+03,bad,none,-0.3352,0.5297,below_upper2,
nstx_141711/N1/egn01w.2778E+03,bad,none,-0.3635,0.5836,below_upper2,
nstx_141711/N1/egn01w.2858E+03,bad,none,-0.0673,0.8440,below_upper2,
nstx_141711/N1/egn01w.2872E+03,bad,none,0.2519,0.9509,below_upper2,
nstx_141711/N1/egn01w.2903E+03,bad,none,-0.2748,0.7419,below_upper2,
nstx_141711/N1/egn01w.7183E+02,bad,none,0.3924,0.4650,mixed,
nstx_141711/N2/egn02w.1352E+03,bad,none,0.2652,0.5408,below_upper2,
nstx_141711/N2/egn02w.2302E+03,bad,none,-0.4579,0.5677,below_upper2,
nstx_141711/N2/egn02w.4308E+02,good,tae,0.8370,1.0000,below_upper2,
nstx_141711/N2/egn02w.4512E+02,good,tae,0.8245,1.0000,below_upper2,
nstx_141711/N2/egn02w.5602E+02,good,tae,0.9100,1.0000,below_upper2,
nstx_141711/N3/egn03w.1493E+03,bad,none,0.6616,0.8696,below_upper2,
nstx_141711/N3/egn03w.3150E+02,bad,none,0.8971,1.0000,below_upper2,
nstx_141711/N3/egn03w.3189E+02,bad,none,0.9082,1.0000,below_upper2,
nstx_141711/N3/egn03w.3229E+02,bad,none,0.8979,1.0000,below_upper2,
nstx_141711/N3/egn03w.3421E+02,bad,none,0.9680,1.0000,below_upper2,
nstx_141711/N3/egn03w.5246E+02,good,tae,0.9806,1.0000,below_upper2,
nstx_141711/N3/egn03w.5980E+02,good,tae,0.9800,1.0000,below_upper2,
nstx_141711/N4/egn04w.1202E+03,bad,none,0.9242,0.9905,below_upper2,
nstx_141711/N4/egn04w.1510E+03,bad,none,0.8339,0.9649,below_upper2,
nstx_141711/N4/egn04w.2552E+03,bad,none,-0.4093,0.4262,mixed,
nstx_141711/N4/egn04w.2722E+02,bad,none,0.9882,1.0000,below_upper2,
nstx_141711/N4/egn04w.2742E+03,bad,none,0.4687,0.8350,below_upper2,
nstx_141711/N4/egn04w.4863E+02,good,tae,0.9836,1.0000,below_upper2,
nstx_141711/N4/egn04w.5818E+02,good,tae,0.9877,0.9997,below_upper2,
nstx_141711/N4/egn04w.7956E+02,good,tae,0.9815,0.9971,below_upper2,
nstx_141711/N5/egn05w.1252E+03,bad,none,0.8740,0.8865,below_upper2,
nstx_141711/N5/egn05w.2234E+03,bad,none,0.7173,0.8213,below_upper2,
nstx_141711/N5/egn05w.2599E+03,bad,none,0.4299,0.8850,below_upper2,
nstx_141711/N5/egn05w.3732E+02,good,tae,0.9544,1.0000,below_upper2,
nstx_141711/N5/egn05w.3996E+02,good,tae,0.9311,1.0000,below_upper2,
nstx_141711/N5/egn05w.4326E+02,good,tae,0.9469,1.0000,below_upper2,
nstx_141711/N5/egn05w.4773E+02,good,tae,0.9734,1.0000,below_upper2,
nstx_141711/N5/egn05w.5596E+02,good,tae,0.9808,1.0000,below_upper2,
nstx_141711/N5/egn05w.6648E+02,good,tae,0.9831,1.0000,below_upper2,
nstx_141711/N5/egn05w.8838E+02,good,tae,0.9581,0.9989,below_upper2,
nstx_141711/N6/egn06w.1028E+03,bad,none,0.9093,0.9778,below_upper2,
nstx_141711/N6/egn06w.1180E+03,bad,none,0.8303,0.9845,below_upper2,
nstx_141711/N6/egn06w.1265E+03,bad,none,0.8236,0.9750,below_upper2,
nstx_141711/N6/egn06w.1429E+03,bad,none,0.8818,0.9914,below_upper2,
nstx_141711/N6/egn06w.1606E+03,bad,none,-0.0988,0.0094,mixed,
nstx_141711/N6/egn06w.2386E+03,bad,none,0.3066,0.7871,below_upper2,
nstx_141711/N6/egn06w.2395E+03,bad,none,0.2868,0.8637,below_upper2,
nstx_141711/N6/egn06w.2400E+03,bad,none,0.2724,0.8947,below_upper2,
nstx_141711/N6/egn06w.3557E+02,good,tae,0.9711,1.0000,below_upper2,
nstx_141711/N6/egn06w.4024E+02,good,tae,0.9549,1.0000,below_upper2,
nstx_141711/N6/egn06w.4312E+02,good,tae,0.9747,1.0000,below_upper2,
nstx_141711/N6/egn06w.4763E+02,good,tae,0.9683,1.0000,below_upper2,
nstx_141711/N6/egn06w.5196E+02,good,tae,0.9720,1.0000,below_upper2,
nstx_141711/N6/egn06w.5877E+02,good,tae,0.9761,1.0000,below_upper2,
nstx_141711/N6/egn06w.6072E+02,good,tae,0.9791,1.0000,below_upper2,
nstx_141711/N6/egn06w.6996E+02,good,tae,0.9728,1.0000,below_upper2,
nstx_141711/N6/egn06w.8126E+02,good,tae,0.9694,0.9999,below_upper2,
nstx_141711/N6/egn06w.9258E+02,good,tae,0.9530,0.9996,below_upper2,
nstx_141711/N7/egn07w.1044E+03,bad,none,0.9551,0.9884,below_upper2,
nstx_141711/N7/egn07w.1168E+03,good,tae,0.9428,0.9964,below_upper2,
nstx_141711/N7/egn07w.1225E+03,bad,none,0.9317,0.9966,below_upper2,
nstx_141711/N7/egn07w.1348E+03,bad,none,0.8799,0.9584,below_upper2,
nstx_141711/N7/egn07w.1500E+03,bad,none,0.8140,0.9690,below_upper2,
nstx_141711/N7/egn07w.1594E+03,bad,none,0.8396,0.9872,below_upper2,
nstx_141711/N7/egn07w.1825E+03,bad,none,0.6167,0.9848,below_upper2,
nstx_141711/N7/egn07w.1840E+03,good,tae,0.4631,0.9932,below_upper2,
nstx_141711/N7/egn07w.2391E+03,bad,none,0.1674,0.4777,mixed,
nstx_141711/N7/egn07w.2558E+03,bad,none,-0.1516,0.4120,mixed,
nstx_141711/N7/egn07w.2912E+02,bad,none,0.9880,1.0000,below_upper2,
nstx_141711/N7/egn07w.3047E+02,bad,none,0.9843,1.0000,below_upper2,
nstx_141711/N7/egn07w.3129E+02,bad,none,0.9723,1.0000,below_upper2,
nstx_141711/N7/egn07w.3787E+02,bad,none,0.9269,1.0000,below_upper2,
nstx_141711/N7/egn07w.3879E+02,good,tae,0.8718,1.0000,below_upper2,
nstx_141711/N7/egn07w.4072E+02,good,tae,0.9619,1.0000,below_upper2,
nstx_141711/N7/egn07w.4304E+02,good,tae,0.9719,1.0000,below_upper2,
nstx_141711/N7/egn07w.4871E+02,good,tae,0.9839,1.0000,below_upper2,
nstx_141711/N7/egn07w.8224E+02,good,tae,0.9763,0.9975,below_upper2,
nstx_141711/N7/egn07w.9318E+02,good,tae,0.9723,0.9964,below_upper2,
nstx_141711/N8/egn08w.1026E+03,bad,none,0.6958,0.9935,below_upper2,
nstx_141711/N8/egn08w.1049E+03,good,tae,0.9305,0.9982,below_upper2,
nstx_141711/N8/egn08w.1166E+03,bad,none,0.9638,0.9832,below_upper2,
nstx_141711/N8/egn08w.1228E+03,bad,none,0.0063,0.0376,mixed,
nstx_141711/N8/egn08w.1296E+03,bad,none,0.9628,0.9896,below_upper2,
nstx_141711/N8/egn08w.1470E+03,good,tae,0.9512,0.9945,below_upper2,
nstx_141711/N8/egn08w.1677E+03,bad,none,0.9059,0.9825,below_upper2,
nstx_141711/N8/egn08w.1878E+03,bad,none,0.8437,0.9608,below_upper2,
nstx_141711/N8/egn08w.1953E+03,bad,none,0.8339,0.9631,below_upper2,
nstx_141711/N8/egn08w.2017E+02,bad,none,0.9984,1.0000,below_upper2,
nstx_141711/N8/egn08w.2242E+03,bad,none,0.4537,0.8921,below_upper2,
nstx_141711/N8/egn08w.2285E+03,bad,none,0.2324,0.8818,below_upper2,
nstx_141711/N8/egn08w.2294E+03,bad,none,0.0590,0.8340,below_upper2,
nstx_141711/N8/egn08w.2576E+03,bad,none,0.7100,0.9240,below_upper2,
nstx_141711/N8/egn08w.2630E+03,bad,none,0.5759,0.8926,below_upper2,
nstx_141711/N8/egn08w.3109E+02,good,tae,0.9682,1.0000,below_upper2,
nstx_141711/N8/egn08w.3275E+02,good,tae,0.9643,1.0000,below_upper2,
nstx_141711/N8/egn08w.3307E+02,good,tae,0.9559,1.0000,below_upper2,
nstx_141711/N8/egn08w.3646E+02,good,tae,0.9931,1.0000,below_upper2,
nstx_141711/N8/egn08w.4015E+02,good,tae,0.9774,1.0000,below_upper2,
nstx_141711/N8/egn08w.4130E+02,good,tae,0.9647,1.0000,below_upper2,
nstx_141711/N8/egn08w.4365E+02,good,tae,0.9877,1.0000,below_upper2,
nstx_141711/N8/egn08w.5014E+02,good,tae,0.9920,1.0000,below_upper2,
nstx_141711/N8/egn08w.5652E+02,good,tae,0.9917,1.0000,below_upper2,
nstx_141711/N8/egn08w.6162E+02,good,tae,0.9900,1.0000,below_upper2,
nstx_141711/N8/egn08w.7043E+02,good,tae,0.9875,1.0000,below_upper2,
nstx_141711/N8/egn08w.8043E+02,good,tae,0.9866,1.0000,below_upper2,
nstx_141711/N8/egn08w.9271E+02,good,tae,0.9854,1.0000,below_upper2,
nstx_141711/N9/egn09w.1010E+03,good,tae,0.9799,0.9998,below_upper2,
nstx_141711/N9/egn09w.1110E+03,good,tae,0.8044,0.9953,below_upper2,
nstx_141711/N9/egn09w.1148E+03,bad,none,0.8932,0.9955,below_upper2,
nstx_141711/N9/egn09w.1261E+03,good,tae,0.9742,0.9997,below_upper2,
nstx_141711/N9/egn09w.1394E+03,good,tae,0.9704,0.9999,below_upper2,
nstx_141711/N9/egn09w.1554E+03,bad,none,0.4364,0.2989,mixed,
nstx_141711/N9/egn09w.1566E+03,bad,none,0.9321,0.9555,below_upper2,
nstx_141711/N9/egn09w.1765E+03,bad,none,0.9063,0.9768,below_upper2,
nstx_141711/N9/egn09w.2105E+03,bad,none,0.8270,0.8912,below_upper2,
nstx_141711/N9/egn09w.2502E+03,bad,none,0.6306,0.8297,below_upper2,
nstx_141711/N9/egn09w.2537E+03,bad,none,0.4296,0.8903,below_upper2,
nstx_141711/N9/egn09w.2629E+02,good,tae,0.9961,1.0000,below_upper2,
nstx_141711/N9/egn09w.2747E+02,good,tae,0.9957,1.0000,below_upper2,
nstx_141711/N9/egn09w.2889E+02,good,tae,0.9954,1.0000,below_upper2,
nstx_141711/N9/egn09w.3127E+02,bad,none,0.9786,1.0000,below_upper2,
nstx_141711/N9/egn09w.3405E+02,good,tae,0.9906,1.0000,below_upper2,
nstx_141711/N9/egn09w.3602E+02,good,tae,0.9999,1.0000,below_upper2,
nstx_141711/N9/egn09w.4027E+02,good,tae,0.9773,1.0000,below_upper2,
nstx_141711/N9/egn09w.4199E+02,good,tae,0.9743,1.0000,below_upper2,
nstx_141711/N9/egn09w.4496E+02,good,tae,0.9858,1.0000,below_upper2,
nstx_141711/N9/egn09w.5019E+02,good,tae,0.9914,1.0000,below_upper2,
nstx_141711/N9/egn09w.5617E+02,good,tae,0.9918,1.0000,below_upper2,
nstx_141711/N9/egn09w.6252E+02,good,tae,0.9916,1.0000,below_upper2,
nstx_141711/N9/egn09w.7772E+02,good,tae,0.9881,1.0000,below_upper2,
nstx_141711/N9/egn09w.8950E+02,good,tae,0.9838,1.0000,below_upper2,
nstx_141711/N10/egn10w.1146E+03,bad,none,0.8713,0.9552,below_upper2,
nstx_141711/N10/egn10w.1341E+03,good,tae,0.9578,0.9992,below_upper2,
nstx_141711/N10/egn10w.1470E+03,good,tae,0.9568,0.9997,below_upper2,
nstx_141711/N10/egn10w.1636E+03,bad,none,0.9246,0.9570,below_upper2,
nstx_141711/N10/egn10w.1822E+03,bad,none,0.5156,0.4650,mixed,
nstx_141711/N10/egn10w.1828E+03,bad,none,0.3643,0.2955,mixed,
nstx_141711/N10/egn10w.2337E+03,bad,none,0.6483,0.9041,below_upper2,
nstx_141711/N10/egn10w.2383E+03,bad,none,0.6129,0.9692,below_upper2,
nstx_141711/N10/egn10w.2415E+03,bad,none,0.5248,0.9488,below_upper2,
nstx_141711/N10/egn10w.2424E+03,bad,none,0.5510,0.9680,below_upper2,
nstx_141711/N10/egn10w.2601E+03,bad,none,0.1435,0.4250,mixed,
nstx_141711/N10/egn10w.2703E+03,bad,none,0.6677,0.9584,below_upper2,
nstx_141711/N10/egn10w.2706E+02,bad,none,0.9942,1.0000,below_upper2,
nstx_141711/N10/egn10w.2824E+02,bad,none,0.9941,1.0000,below_upper2,
nstx_141711/N10/egn10w.3534E+02,bad,none,0.9247,1.0000,below_upper2,
nstx_141711/N10/egn10w.3771E+02,good,tae,0.9781,1.0000,below_upper2,
nstx_141711/N10/egn10w.4012E+02,good,tae,0.9180,1.0000,below_upper2,
nstx_141711/N10/egn10w.4285E+02,good,tae,0.9733,1.0000,below_upper2,
nstx_141711/N10/egn10w.4567E+02,good,tae,0.9754,1.0000,below_upper2,
nstx_141711/N10/egn10w.4978E+02,good,tae,0.9857,1.0000,below_upper2,
nstx_141711/N10/egn10w.5496E+02,good,tae,0.9884,1.0000,below_upper2,
nstx_141711/N10/egn10w.6177E+02,good,tae,0.9888,1.0000,below_upper2,
nstx_141711/N10/egn10w.6830E+02,good,tae,0.9883,1.0000,below_upper2,
nstx_141711/N10/egn10w.7518E+02,good,tae,0.9869,1.0000,below_upper2,
nstx_141711/N10/egn10w.8537E+02,good,tae,0.9822,1.0000,below_upper2,
nstx_141711/N10/egn10w.9564E+02,good,tae,0.9752,0.9954,below_upper2,
nstxuG121123K51/N2/egn02w.6193E+02,bad,none,-0.1714,0.6282,below_upper2,
nstxuG121123K51/N2/egn02w.6212E+02,bad,none,-0.0875,0.6328,below_upper2,
nstxuG121123K51/N2/egn02w.6235E+02,bad,none,-0.0923,0.6187,below_upper2,
nstxuG121123K51/N3/egn03w.1010E+02,bad,none,0.9814,1.0000,below_upper2,
nstxuG121123K51/N3/egn03w.6042E+02,bad,none,-0.1819,0.6719,below_upper2,
nstxuG121123K51/N3/egn03w.6064E+02,bad,none,-0.0752,0.5502,below_upper2,
nstxuG121123K51/N3/egn03w.6118E+02,bad,none,-0.0392,0.7598,below_upper2,
nstxuG121123K51/N3/egn03w.6432E+02,bad,none,-0.2503,0.6528,below_upper2,
nstxuG121123K51/N3/egn03w.6587E+02,bad,none,-0.4118,0.5538,below_upper2,
nstxuG121123K51/N4/egn04w.6011E+02,bad,none,-0.3747,0.5415,below_upper2,
nstxuG121123K51/N4/egn04w.8769E+01,bad,none,0.9990,1.0000,below_upper2,
nstxuG121123K51/N5/egn05w.1022E+02,bad,none,0.9814,1.0000,below_upper2,
nstxuG121123K51/N5/egn05w.1061E+02,bad,none,0.9802,1.0000,below_upper2,
nstxuG121123K51/N5/egn05w.1067E+02,bad,none,0.9895,1.0000,below_upper2,
nstxuG121123K51/N5/egn05w.5581E+02,bad,none,0.3410,0.8972,below_upper2,
nstxuG121123K51/N5/egn05w.9037E+01,bad,none,0.9707,1.0000,below_upper2,
nstxuG121123K51/N6/egn06w.1042E+02,bad,none,0.9820,1.0000,below_upper2,
nstxuG121123K51/N6/egn06w.1091E+02,bad,none,0.9851,1.0000,below_upper2,
nstxuG121123K51/N6/egn06w.1191E+02,bad,none,0.9889,1.0000,below_upper2,
nstxuG121123K51/N6/egn06w.5530E+02,bad,none,0.6407,0.9277,below_upper2,
nstxuG121123K51/N6/egn06w.5561E+02,bad,none,0.4701,0.9466,below_upper2,
nstxuG121123K51/N6/egn06w.5991E+02,bad,none,-0.0821,0.0284,mixed,
nstxuG121123K51/N7/egn07w.1181E+02,bad,none,0.9926,1.0000,below_upper2,
nstxuG121123K51/N7/egn07w.1211E+02,bad,none,0.9923,1.0000,below_upper2,
nstxuG121123K51/N7/egn07w.1323E+02,bad,none,0.9921,1.0000,below_upper2,
nstxuG121123K51/N7/egn07w.1360E+02,bad,none,0.9904,1.0000,below_upper2,
nstxuG121123K51/N7/egn07w.1416E+02,bad,none,0.9891,1.0000,below_upper2,
nstxuG121123K51/N7/egn07w.1494E+02,bad,none,0.9781,1.0000,below_upper2,
nstxuG121123K51/N7/egn07w.1729E+02,bad,none,0.9810,1.0000,below_upper2,
nstxuG121123K51/N7/egn07w.1867E+02,bad,none,0.9822,1.0000,below_upper2,
nstxuG121123K51/N7/egn07w.1931E+02,bad,none,0.9978,0.9995,below_upper2,
nstxuG121123K51/N7/egn07w.1936E+02,bad,none,0.9987,1.0000,below_upper2,
nstxuG121123K51/N7/egn07w.2051E+02,bad,none,0.9748,1.0000,below_upper2,
nstxuG121123K51/N7/egn07w.2206E+02,bad,none,0.9605,1.0000,below_upper2,
nstxuG121123K51/N7/egn07w.2424E+02,bad,none,0.9983,1.0000,below_upper2,
nstxuG121123K51/N7/egn07w.2429E+02,bad,none,0.9998,1.0000,below_upper2,
nstxuG121123K51/N7/egn07w.2619E+02,bad,none,0.8801,0.9959,below_upper2,
nstxuG121123K51/N7/egn07w.2775E+02,bad,none,0.9980,1.0000,below_upper2,
nstxuG121123K51/N7/egn07w.3309E+02,bad,none,0.9683,1.0000,below_upper2,
nstxuG121123K51/N7/egn07w.3313E+02,bad,none,0.9670,1.0000,below_upper2,
nstxuG121123K51/N7/egn07w.5585E+02,bad,none,0.2624,0.8990,below_upper2,
nstxuG121123K51/N8/egn08w.1159E+02,bad,none,0.9938,1.0000,below_upper2,
nstxuG121123K51/N8/egn08w.1204E+02,bad,none,0.9952,1.0000,below_upper2,
nstxuG121123K51/N8/egn08w.1235E+02,bad,none,0.9945,1.0000,below_upper2,
nstxuG121123K51/N8/egn08w.1270E+02,bad,none,0.9929,1.0000,below_upper2,
nstxuG121123K51/N8/egn08w.1288E+02,bad,none,0.9984,1.0000,below_upper2,
nstxuG121123K51/N8/egn08w.1314E+02,bad,none,0.9928,1.0000,below_upper2,
nstxuG121123K51/N8/egn08w.1351E+02,bad,none,0.9926,1.0000,below_upper2,
nstxuG121123K51/N8/egn08w.1405E+02,bad,none,0.9934,1.0000,below_upper2,
nstxuG121123K51/N8/egn08w.1409E+02,bad,none,0.9962,1.0000,below_upper2,
nstxuG121123K51/N8/egn08w.1453E+02,bad,none,0.9916,1.0000,below_upper2,
nstxuG121123K51/N8/egn08w.1525E+02,bad,none,0.9881,1.0000,below_upper2,
nstxuG121123K51/N8/egn08w.1736E+02,bad,none,0.9763,1.0000,below_upper2,
nstxuG121123K51/N8/egn08w.1824E+02,bad,none,0.9990,1.0000,below_upper2,
nstxuG121123K51/N8/egn08w.1890E+02,bad,none,0.9990,0.9998,below_upper2,
nstxuG121123K51/N8/egn08w.2186E+02,bad,none,0.9694,0.9985,below_upper2,
nstxuG121123K51/N8/egn08w.2347E+02,bad,none,0.9497,1.0000,below_upper2,
nstxuG121123K51/N8/egn08w.2418E+02,bad,none,0.9987,1.0000,below_upper2,
nstxuG121123K51/N8/egn08w.2571E+02,good,tae,0.9164,0.9996,below_upper2,
nstxuG121123K51/N8/egn08w.2789E+02,bad,none,0.8361,0.9855,below_upper2,
nstxuG121123K51/N8/egn08w.3077E+02,bad,none,0.9982,1.0000,below_upper2,
nstxuG121123K51/N8/egn08w.3108E+02,bad,none,0.9973,1.0000,below_upper2,
nstxuG121123K51/N8/egn08w.3128E+02,bad,none,0.9973,1.0000,below_upper2,
nstxuG121123K51/N8/egn08w.3247E+02,bad,none,0.9971,1.0000,below_upper2,
nstxuG121123K51/N8/egn08w.3640E+02,bad,none,0.9396,1.0000,below_upper2,
nstxuG121123K51/N8/egn08w.3665E+02,bad,none,0.9589,1.0000,below_upper2,
nstxuG121123K51/N8/egn08w.3943E+02,good,tae,0.9651,1.0000,below_upper2,
nstxuG121123K51/N8/egn08w.4144E+02,bad,none,0.9727,1.0000,below_upper2,
nstxuG121123K51/N8/egn08w.4603E+02,good,tae,0.9861,0.9991,below_upper2,
nstxuG121123K51/N8/egn08w.4689E+02,good,tae,0.6732,1.0000,below_upper2,
nstxuG121123K51/N8/egn08w.4746E+02,good,tae,0.5715,1.0000,below_upper2,
nstxuG121123K51/N8/egn08w.4784E+02,good,tae,0.6925,0.9944,below_upper2,
nstxuG121123K51/N8/egn08w.4850E+02,bad,none,0.7394,0.9849,below_upper2,
nstxuG121123K51/N8/egn08w.5456E+02,bad,none,0.5694,0.9386,below_upper2,
nstxuG121123K51/N8/egn08w.5507E+02,bad,none,0.2079,0.8980,below_upper2,
nstxuG121123K51/N8/egn08w.5542E+02,bad,none,0.4791,0.9536,below_upper2,
nstxuG121123K51/N8/egn08w.5563E+02,bad,none,0.4708,0.8916,below_upper2,
nstxuG121123K51/N8/egn08w.5587E+02,bad,none,0.3725,0.8447,below_upper2,
nstxuG121123K51/N9/egn09w.1126E+02,bad,none,0.9938,1.0000,below_upper2,
nstxuG121123K51/N9/egn09w.1254E+02,bad,none,0.9955,1.0000,below_upper2,
nstxuG121123K51/N9/egn09w.1296E+02,bad,none,0.9966,1.0000,below_upper2,
nstxuG121123K51/N9/egn09w.1425E+02,bad,none,0.9926,1.0000,below_upper2,
nstxuG121123K51/N9/egn09w.1457E+02,bad,none,0.9914,1.0000,below_upper2,
nstxuG121123K51/N9/egn09w.1474E+02,bad,none,0.9902,1.0000,below_upper2,
nstxuG121123K51/N9/egn09w.1537E+02,bad,none,0.9939,1.0000,below_upper2,
nstxuG121123K51/N9/egn09w.1613E+02,bad,none,0.9824,1.0000,below_upper2,
nstxuG121123K51/N9/egn09w.1721E+02,bad,none,0.9789,1.0000,below_upper2,
nstxuG121123K51/N9/egn09w.1834E+02,bad,none,0.9788,1.0000,below_upper2,
nstxuG121123K51/N9/egn09w.2065E+02,bad,none,0.9994,1.0000,below_upper2,
nstxuG121123K51/N9/egn09w.2153E+02,good,tae,0.9753,1.0000,below_upper2,
nstxuG121123K51/N9/egn09w.2242E+02,bad,none,0.9965,0.9978,below_upper2,
nstxuG121123K51/N9/egn09w.2306E+02,bad,none,0.9663,1.0000,below_upper2,
nstxuG121123K51/N9/egn09w.2398E+02,bad,none,0.9870,0.9922,below_upper2,
nstxuG121123K51/N9/egn09w.2422E+02,bad,none,0.9973,0.9987,below_upper2,
nstxuG121123K51/N9/egn09w.2469E+02,good,tae,0.9416,1.0000,below_upper2,
nstxuG121123K51/N9/egn09w.2485E+02,bad,none,0.9983,1.0000,below_upper2,
nstxuG121123K51/N9/egn09w.2702E+02,good,tae,0.9084,0.9996,below_upper2,
nstxuG121123K51/N9/egn09w.2937E+02,bad,none,0.8286,0.9807,below_upper2,
nstxuG121123K51/N9/egn09w.3093E+02,bad,none,0.9978,1.0000,below_upper2,
nstxuG121123K51/N9/egn09w.3219E+02,good,tae,0.9915,1.0000,below_upper2,
nstxuG121123K51/N9/egn09w.3938E+02,bad,none,0.9784,1.0000,below_upper2,
nstxuG121123K51/N9/egn09w.4043E+02,bad,none,0.9758,1.0000,below_upper2,
nstxuG121123K51/N9/egn09w.4156E+02,good,tae,0.9674,1.0000,below_upper2,
nstxuG121123K51/N9/egn09w.4526E+02,good,tae,0.9882,0.9994,below_upper2,
nstxuG121123K51/N9/egn09w.4552E+02,good,tae,0.8294,1.0000,below_upper2,
nstxuG121123K51/N9/egn09w.4698E+02,good,tae,0.7118,1.0000,below_upper2,
nstxuG121123K51/N9/egn09w.4729E+02,good,tae,0.5848,1.0000,below_upper2,
nstxuG121123K51/N9/egn09w.4947E+02,bad,none,0.9172,0.9754,below_upper2,
nstxuG121123K51/N9/egn09w.5024E+02,bad,none,-0.4831,0.4447,mixed,
nstxuG121123K51/N9/egn09w.5276E+02,bad,none,0.3056,0.7973,below_upper2,
nstxuG121123K51/N9/egn09w.5296E+02,bad,none,0.5556,0.9443,below_upper2,
nstxuG121123K51/N9/egn09w.5522E+02,bad,none,-0.1183,0.7558,below_upper2,
nstxuG121123K51/N9/egn09w.5540E+02,bad,none,0.0184,0.8439,below_upper2,
nstxuG121123K51/N9/egn09w.5556E+02,bad,none,0.1767,0.9162,below_upper2,
nstxuG121123K51/N9/egn09w.5568E+02,bad,none,0.3110,0.7197,below_upper2,
nstxuG121123K51/N9/egn09w.5577E+02,bad,none,0.2916,0.7942,below_upper2,
nstxuG121123K51/N9/egn09w.5593E+02,bad,none,0.4884,0.7840,below_upper2,
nstxuG121123K51/N10/egn10w.1318E+02,bad,none,0.9940,1.0000,below_upper2,
nstxuG121123K51/N10/egn10w.1595E+02,bad,none,0.9887,1.0000,below_upper2,
nstxuG121123K51/N10/egn10w.1682E+02,bad,none,0.9836,1.0000,below_upper2,
nstxuG121123K51/N10/egn10w.1794E+02,bad,none,0.9817,1.0000,below_upper2,
nstxuG121123K51/N10/egn10w.1906E+02,bad,none,0.9810,0.9999,below_upper2,
nstxuG121123K51/N10/egn10w.1915E+02,bad,none,0.9980,1.0000,below_upper2,
nstxuG121123K51/N10/egn10w.1994E+02,bad,none,0.9995,0.9999,below_upper2,
nstxuG121123K51/N10/egn10w.2227E+02,bad,none,0.9760,0.9998,below_upper2,
nstxuG121123K51/N10/egn10w.2237E+02,bad,none,0.9961,0.9977,below_upper2,
nstxuG121123K51/N10/egn10w.2327E+02,bad,none,0.9988,1.0000,below_upper2,
nstxuG121123K51/N10/egn10w.2386E+02,good,tae,0.9656,0.9998,below_upper2,
nstxuG121123K51/N10/egn10w.2691E+02,good,tae,0.9990,1.0000,below_upper2,
nstxuG121123K51/N10/egn10w.2700E+02,bad,none,0.9972,0.9976,below_upper2,
nstxuG121123K51/N10/egn10w.2767E+02,bad,none,0.9984,1.0000,below_upper2,
nstxuG121123K51/N10/egn10w.2782E+02,good,tae,0.9114,0.9995,below_upper2,
nstxuG121123K51/N10/egn10w.3021E+02,bad,none,0.8409,0.9933,below_upper2,
nstxuG121123K51/N10/egn10w.3351E+02,bad,none,0.9989,1.0000,below_upper2,
nstxuG121123K51/N10/egn10w.3437E+02,good,tae,0.9910,1.0000,below_upper2,
nstxuG121123K51/N10/egn10w.3951E+02,bad,none,-0.0645,0.3918,mixed,
nstxuG121123K51/N10/egn10w.4354E+02,bad,none,0.9569,1.0000,below_upper2,
nstxuG121123K51/N10/egn10w.4437E+02,good,tae,0.9756,1.0000,below_upper2,
nstxuG121123K51/N10/egn10w.4478E+02,good,tae,0.9895,0.9994,below_upper2,
nstxuG121123K51/N10/egn10w.4557E+02,good,tae,0.8291,1.0000,below_upper2,
nstxuG121123K51/N10/egn10w.4608E+02,bad,none,0.8836,1.0000,below_upper2,
nstxuG121123K51/N10/egn10w.4656E+02,good,tae,0.8803,0.9996,below_upper2,
nstxuG121123K51/N10/egn10w.4703E+02,good,tae,0.7360,0.9961,below_upper2,
nstxuG121123K51/N10/egn10w.4750E+02,bad,none,0.9271,0.9795,below_upper2,
nstxuG121123K51/N10/egn10w.4938E+02,bad,none,0.7867,0.9967,below_upper2,
nstxuG121123K51/N10/egn10w.4964E+02,bad,none,0.6821,0.9636,below_upper2,
nstxuG121123K51/N10/egn10w.5411E+02,bad,none,0.5372,0.8827,below_upper2,
nstxuG121123K51/N10/egn10w.5459E+02,bad,none,0.2142,0.8655,below_upper2,
nstxuG121123K51/N10/egn10w.5479E+02,bad,none,0.3868,0.8813,below_upper2,
nstxuG121123K51/N10/egn10w.5548E+02,bad,none,-0.2476,0.6706,below_upper2,
nstxuG121123K51/N10/egn10w.5564E+02,bad,none,0.2163,0.9000,below_upper2,
nstxuG121123K51/N10/egn10w.5578E+02,bad,none,0.3429,0.8394,below_upper2,
