path,shot,role,n,omega,gamma_d,validity,family,gap_region,signed_delta,fraction_below_upper2,r_peak,ext_kind,r_ext,ext_dr,ext_df_gap,ext_energy_frac,ext_prom_rel,n_cross,n_near_cross,n_secondary_cross,max_cross_W_all,max_cross_W_near,max_cross_W_secondary,max_cross_W_outer,geometry_3pct,localized_gap_side_4pct,robust_secondary_W_lt_0p001,robust_secondary_W_lt_0p01,robust_secondary_W_lt_0p05,secondary_crossings,all_crossings
nstxuG142301M21/N6/egn06w.1800E+02,nstxuG142301M21,candidate,6,4.242750323113103,-0.0003239624401738108,,,mixed,0.06774570488409674,0.3066140304904375,0.875,lower_max,0.37,0.505,-0.5087550142045202,0.018794407779038343,0.15639069889882598,4,0,4,0.14408633370209448,0.0,0.14408633370209448,0.14408633370209448,False,False,False,False,False,low@0.5428:W=0.0558519;low@0.5505:W=0.144086;low@0.5736:W=0.0389771;high@0.8073:W=0.101855,low@0.5428:W=0.0558519;low@0.5505:W=0.144086;low@0.5736:W=0.0389771;high@0.8073:W=0.101855
nstxuG142301M21/N6/egn06w.1850E+02,nstxuG142301M21,candidate,6,4.301007880848212,-0.02674553412390436,,,mixed,-0.05387149785183066,0.3530610328201415,0.895,lower_max,0.37,0.525,-0.4883187851198107,0.0034895990804525152,0.15427237211990932,4,0,4,0.06902018639431641,0.0,0.06902018639431641,0.06902018639431641,False,False,False,False,False,low@0.5395:W=0.0121556;low@0.5535:W=0.0690202;low@0.5719:W=0.0642554;high@0.8049:W=0.0575376,low@0.5395:W=0.0121556;low@0.5535:W=0.0690202;low@0.5719:W=0.0642554;high@0.8049:W=0.0575376
nstxuG142301M21/N6/egn06w.1944E+02,nstxuG142301M21,candidate,6,4.408880210685142,-2.256785108831384e-05,,,below_upper2,0.9991893750916783,0.9999771795115117,0.395,lower_max,0.37,0.025000000000000022,-0.45190400240427087,0.6466042200273444,0.15049778097322486,4,0,4,1.028058997265158e-05,0.0,1.028058997265158e-05,1.028058997265158e-05,False,False,False,False,False,low@0.5361:W=1.02806e-05;low@0.5589:W=6.27245e-06;low@0.5678:W=5.39609e-06;high@0.8007:W=2.41119e-06,low@0.5361:W=1.02806e-05;low@0.5589:W=6.27245e-06;low@0.5678:W=5.39609e-06;high@0.8007:W=2.41119e-06
nstxuG142301M21/N6/egn06w.2356E+02,nstxuG142301M21,candidate,6,4.854291902702675,-0.0001314498773560135,,,below_upper2,0.9972916775431819,0.9999176167203463,0.16,lower_max,0.37,0.21,-0.31868271466138487,0.01171731671904546,0.1366886667683608,4,0,4,0.0003500388009440525,0.0,0.0003500388009440525,0.0003500388009440525,False,False,False,False,False,low@0.4808:W=0.000350039;low@0.5126:W=0.000157127;low@0.5228:W=0.000127671;high@0.7832:W=2.28195e-05,low@0.4808:W=0.000350039;low@0.5126:W=0.000157127;low@0.5228:W=0.000127671;high@0.7832:W=2.28195e-05
nstxuG142301M21/N6/egn06w.2384E+02,nstxuG142301M21,candidate,6,4.882285695265835,-6.496076775796231e-06,,,below_upper2,0.9973353501038679,0.9998906103607421,0.19,lower_max,0.37,0.18,-0.31112172116879805,0.01238782573232568,0.13590492849041474,4,0,4,0.00046452064800368815,0.0,0.00046452064800368815,0.00046452064800368815,False,False,False,False,False,low@0.4800:W=0.000464521;low@0.5142:W=0.000202607;low@0.5212:W=0.000176835;high@0.7820:W=2.5243e-05,low@0.4800:W=0.000464521;low@0.5142:W=0.000202607;low@0.5212:W=0.000176835;high@0.7820:W=2.5243e-05
nstxuG142301M21/N6/egn06w.2420E+02,nstxuG142301M21,candidate,6,4.919437836444804,-1.3059036093040216e-05,,,below_upper2,0.9971887786186237,0.9999204823933271,0.17500000000000002,lower_max,0.37,0.19499999999999998,-0.30121998424129587,0.01164640377468333,0.13487855936897003,2,0,2,0.0005932986094448161,0.0,0.0005932986094448161,0.0005932986094448161,False,False,False,False,False,low@0.4791:W=0.000593299;high@0.7805:W=6.48269e-05,low@0.4791:W=0.000593299;high@0.7805:W=6.48269e-05
nstxuG142301M21/N6/egn06w.2470E+02,nstxuG142301M21,candidate,6,4.96977966408366,-8.079850946036011e-05,,,below_upper2,0.9969780348112468,0.999981108612229,0.16,lower_max,0.37,0.21,-0.2880391600207943,0.01044795033005613,0.13351229493736935,2,0,2,0.0007123411363226394,0.0,0.0007123411363226394,0.0007123411363226394,False,False,False,False,False,low@0.4778:W=0.000712341;high@0.7784:W=3.68487e-05,low@0.4778:W=0.000712341;high@0.7784:W=3.68487e-05
nstxuG142301M21/N6/egn06w.2877E+02,nstxuG142301M21,candidate,6,5.363467777044508,-3.953677105391112e-05,,,below_upper2,0.9966927230992149,0.9994989275163645,0.145,lower_max,0.37,0.225,-0.19349478548412335,0.0031529213653663677,0.12371225406158935,4,0,4,0.001996674023592099,0.0,0.001996674023592099,0.001996674023592099,False,False,False,False,False,low@0.4081:W=0.00199667;low@0.4465:W=0.00108598;low@0.4672:W=0.000899093;high@0.7618:W=0.000257242,low@0.4081:W=0.00199667;low@0.4465:W=0.00108598;low@0.4672:W=0.000899093;high@0.7618:W=0.000257242
nstxuG142301M21/N6/egn06w.3087E+02,nstxuG142301M21,candidate,6,5.556456467065567,-1.5975697637776866e-07,,,below_upper2,0.9995405269016185,0.9996133236846785,0.07,lower_max,0.215,0.145,-0.422143450877611,0.0011174474873569809,0.16639326853030098,2,0,2,1.9692128650460077e-05,0.0,1.9692128650460077e-05,1.9692128650460077e-05,False,False,False,False,False,low@0.4029:W=2.17786e-06;high@0.7529:W=1.96921e-05,low@0.4029:W=2.17786e-06;high@0.7529:W=1.96921e-05
nstxuG142301M21/N6/egn06w.3123E+02,nstxuG142301M21,candidate,6,5.588149578101578,-5.2868967823350986e-08,,,below_upper2,0.9998601230605284,0.9999702995515581,0.075,lower_max,0.215,0.14,-0.4140777844762633,0.0011123010306170376,0.16544957146896228,2,0,2,4.284786590088234e-06,0.0,4.284786590088234e-06,4.284786590088234e-06,False,False,False,False,False,low@0.4021:W=2.57681e-06;high@0.7513:W=4.28479e-06,low@0.4021:W=2.57681e-06;high@0.7513:W=4.28479e-06
nstxuG142301M21/N6/egn06w.3154E+02,nstxuG142301M21,candidate,6,5.6158670374428254,-2.312936863610399e-07,,,below_upper2,0.9988691248787833,0.9999833520948778,0.13,lower_max,0.37,0.24,-0.13985441274434973,4.187851050188697e-06,0.11815213641294002,2,0,2,4.113312964171715e-06,0.0,4.113312964171715e-06,4.113312964171715e-06,False,False,False,False,False,low@0.4014:W=2.57322e-06;high@0.7500:W=4.11331e-06,low@0.4014:W=2.57322e-06;high@0.7500:W=4.11331e-06
nstxuG142301M21/N6/egn06w.3158E+02,nstxuG142301M21,candidate,6,5.620002348578364,-3.9342540430824667e-07,,,below_upper2,0.9988076191440766,0.9999906695043728,0.1,lower_max,0.37,0.27,-0.1390156848660408,4.744993803758451e-06,0.11806519768674541,2,0,2,2.132894530795523e-06,0.0,2.132894530795523e-06,2.132894530795523e-06,False,False,False,False,False,low@0.4013:W=1.51213e-06;high@0.7498:W=2.13289e-06,low@0.4013:W=1.51213e-06;high@0.7498:W=2.13289e-06
nstxuG142301M21/N6/egn06w.3170E+02,nstxuG142301M21,candidate,6,5.630427754094618,-1.5044523723656395e-07,,,below_upper2,0.9985284249065287,0.9999772246381433,0.17,lower_max,0.37,0.19999999999999998,-0.13690666208434066,6.582980864685774e-06,0.1178465859547423,2,0,2,5.1918627896209054e-06,0.0,5.1918627896209054e-06,5.1918627896209054e-06,False,False,False,False,False,low@0.4010:W=4.42044e-06;high@0.7495:W=5.19186e-06,low@0.4010:W=4.42044e-06;high@0.7495:W=5.19186e-06
nstxuG142301M21/N6/egn06w.3181E+02,nstxuG142301M21,candidate,6,5.640268932849606,-0.0014638192997367334,,,mixed,-0.02652632866665758,0.4926608091916948,0.8300000000000001,lower_max,0.37,0.4600000000000001,-0.13492297977725315,0.0008711402431375375,0.11764096644761363,2,0,2,0.16424081794068443,0.0,0.16424081794068443,0.16424081794068443,False,False,False,False,False,low@0.4008:W=0.00201016;high@0.7492:W=0.164241,low@0.4008:W=0.00201016;high@0.7492:W=0.164241
nstxuG142301M21/N6/egn06w.3275E+02,nstxuG142301M21,candidate,6,5.722503801072525,-3.5082944948653613e-08,,,below_upper2,0.997409648753851,0.9999968319143677,0.13,lower_max,0.37,0.24,-0.11861364300273622,1.0049911127599405e-05,0.11595041460007738,4,1,3,1.716546836920792e-05,5.44080836676268e-06,1.716546836920792e-05,6.548635674388821e-07,False,False,False,False,False,low@0.3143:W=1.71655e-05;low@0.3307:W=1.27275e-05;high@0.7463:W=6.54864e-07,low@0.3143:W=1.71655e-05;low@0.3307:W=1.27275e-05;low@0.3987:W=5.44081e-06;high@0.7463:W=6.54864e-07
nstxuG142301M21/N6/egn06w.3280E+02,nstxuG142301M21,candidate,6,5.726777512208949,-7.057713554748644e-07,,,below_upper2,0.9973782161121811,0.9999432313480501,0.125,lower_max,0.37,0.245,-0.11777885737098003,2.5343186363865323e-05,0.11586388450927275,4,1,3,2.285099552091729e-05,2.285099552091729e-05,1.8583031843292575e-05,9.515699618324624e-06,False,False,False,False,False,low@0.3139:W=1.83655e-05;low@0.3311:W=1.8583e-05;high@0.7462:W=9.5157e-06,low@0.3139:W=1.83655e-05;low@0.3311:W=1.8583e-05;low@0.3986:W=2.2851e-05;high@0.7462:W=9.5157e-06
nstxuG142301M21/N6/egn06w.3293E+02,nstxuG142301M21,candidate,6,5.738675024444601,-9.369533478168025e-08,,,below_upper2,0.9957799381332899,0.9999759394844332,0.21,lower_max,0.37,0.16,-0.11546146048482146,1.598250536979959e-05,0.11562367366308486,4,1,3,2.8154795786338686e-05,1.7461732689616377e-05,2.8154795786338686e-05,8.483505546610159e-06,False,False,False,False,False,low@0.3129:W=2.81548e-05;low@0.3322:W=2.11946e-05;high@0.7458:W=8.48351e-06,low@0.3129:W=2.81548e-05;low@0.3322:W=2.11946e-05;low@0.3983:W=1.74617e-05;high@0.7458:W=8.48351e-06
nstxuG142301M21/N6/egn06w.3355E+02,nstxuG142301M21,candidate,6,5.792634594272555,-3.791815682373916e-05,,,below_upper2,0.995666690792615,0.9999361925095359,0.105,lower_max,0.215,0.11,-0.36415961444158645,0.2093751866818141,0.15960905835757713,4,0,4,3.9216627399975294e-05,0.0,3.9216627399975294e-05,2.948470956387683e-05,False,False,False,False,False,low@0.3086:W=3.92166e-05;low@0.3365:W=2.71862e-05;low@0.3970:W=1.44332e-05;high@0.7425:W=2.94847e-05,low@0.3086:W=3.92166e-05;low@0.3365:W=2.71862e-05;low@0.3970:W=1.44332e-05;high@0.7425:W=2.94847e-05
nstxuG142301M21/N6/egn06w.3532E+02,nstxuG142301M21,candidate,6,5.943239089226558,-0.0028272210825731597,,,below_upper2,0.9962557933653959,0.9998141764328984,0.08,lower_max,0.215,0.135,-0.32959116335200417,0.10330760209799389,0.15556448918188961,4,0,4,6.101795343242506e-05,0.0,6.101795343242506e-05,3.357791569679445e-05,False,False,False,False,False,low@0.3005:W=4.62841e-05;low@0.3449:W=5.01874e-05;low@0.3932:W=6.1018e-05;high@0.7363:W=3.35779e-05,low@0.3005:W=4.62841e-05;low@0.3449:W=5.01874e-05;low@0.3932:W=6.1018e-05;high@0.7363:W=3.35779e-05
nstxuG142301M21/N6/egn06w.3631E+02,nstxuG142301M21,candidate,6,6.025484700147411,-0.000322769719023654,,,below_upper2,0.013549740517773964,0.5053933950685776,0.845,lower_max,0.37,0.475,-0.06236612365112116,0.00017411145717384006,0.1101200519633956,4,2,2,0.10987218221632178,0.0003671679067871814,0.10987218221632178,0.10987218221632178,False,False,False,False,False,low@0.2971:W=0.000108838;high@0.7306:W=0.109872,low@0.2971:W=0.000108838;low@0.3487:W=0.000202011;low@0.3910:W=0.000367168;high@0.7306:W=0.109872
nstxuG142301M21/N6/egn06w.3856E+02,nstxuG142301M21,candidate,6,6.2092859749796485,-6.053490131142729e-07,,,below_upper2,0.9964320191613762,0.9999760922597491,0.32,lower_max,0.37,0.04999999999999999,-0.03091898968878199,0.0004779794410227327,0.10686038474609841,4,2,2,0.4595636028843716,0.0007399168455686915,0.4595636028843716,1.0562008029209074e-05,False,False,False,False,False,low@0.2902:W=0.459564;high@0.7239:W=1.0562e-05,low@0.2902:W=0.459564;low@0.3570:W=0.000739917;low@0.3855:W=0.000561825;high@0.7239:W=1.0562e-05
nstxuG142301M21/N6/egn06w.3869E+02,nstxuG142301M21,candidate,6,6.220384604002436,-0.0005787741839559319,,,below_upper2,0.5075752445169602,0.7328152198907321,0.46,lower_max,0.37,0.09000000000000002,-0.02907958776309715,0.0010464785289976575,0.10666972068864349,4,2,2,0.2650557154714944,0.002714166934239673,0.2650557154714944,0.2650557154714944,False,False,False,False,False,low@0.2898:W=0.00238991;high@0.7226:W=0.265056,low@0.2898:W=0.00238991;low@0.3575:W=0.0016718;low@0.3851:W=0.00271417;high@0.7226:W=0.265056
nstxuG142301M21/N6/egn06w.3965E+02,nstxuG142301M21,candidate,6,6.297209040049327,-9.672536620864831e-06,,,below_upper2,0.9491632504180596,0.984185024640567,0.45,lower_max,0.37,0.08000000000000002,-0.016525064247287675,0.04388802319727718,0.1053683757462942,4,2,2,0.023747744112307564,0.023747744112307564,0.01252752162582185,0.006802929691935772,False,False,False,False,False,low@0.2872:W=0.0125275;high@0.7180:W=0.00680293,low@0.2872:W=0.0125275;low@0.3615:W=0.0012934;low@0.3818:W=0.0237477;high@0.7180:W=0.00680293
nstxuG142301M21/N6/egn06w.3979E+02,nstxuG142301M21,candidate,6,6.308267047410674,-6.088051511025527e-07,,,below_upper2,0.9716562031797104,0.9923014250170652,0.44,lower_max,0.37,0.07,-0.014743157812610897,0.29057698776512264,0.10518367141055526,4,2,2,0.3002432092001585,0.3002432092001585,0.0027068756072357193,0.0027068756072357193,False,False,False,False,False,low@0.2869:W=0.000574807;high@0.7176:W=0.00270688,low@0.2869:W=0.000574807;low@0.3622:W=0.0490982;low@0.3814:W=0.300243;high@0.7176:W=0.00270688
nstxuG142301M21/N6/egn06w.3985E+02,nstxuG142301M21,candidate,6,6.312925825918807,-2.778481924188274e-07,,,below_upper2,0.9957787096213371,0.9997520408625822,0.34500000000000003,lower_max,0.37,0.024999999999999967,-0.013994303201412605,0.12389507144139013,0.10510604853943549,4,2,2,0.104053344792924,0.025134818623999144,0.104053344792924,0.00011558626060804308,False,False,False,False,False,low@0.2867:W=0.104053;high@0.7174:W=0.000115586,low@0.2867:W=0.104053;low@0.3625:W=0.0251348;low@0.3811:W=0.0104682;high@0.7174:W=0.000115586
nstxuG142301M21/N6/egn06w.3993E+02,nstxuG142301M21,candidate,6,6.318728200285163,-1.1155553077712642e-09,,,below_upper2,0.9632954757642369,0.9916488121240703,0.365,lower_max,0.37,0.0050000000000000044,-0.01306317048513892,0.25394523072587283,0.10500953154701816,4,2,2,0.5940659171119044,0.5940659171119044,0.008355329693486848,0.005029996764049869,True,False,False,False,False,low@0.2865:W=0.00835533;high@0.7172:W=0.00503,low@0.2865:W=0.00835533;low@0.3628:W=0.594066;low@0.3809:W=0.119475;high@0.7172:W=0.00503
nstxuG142301M21/N6/egn06w.4006E+02,nstxuG142301M21,candidate,6,6.329074611985465,-1.485226364690846e-06,,,below_upper2,0.9682359512325831,0.9898684360438987,0.36,lower_max,0.37,0.010000000000000009,-0.011407072353446197,0.5247041583586922,0.10483786792911991,4,2,2,0.6765246102168376,0.6765246102168376,0.0019414554494930378,0.0019414554494930378,True,False,False,False,False,low@0.2862:W=0.000300195;high@0.7168:W=0.00194146,low@0.2862:W=0.000300195;low@0.3634:W=0.676525;low@0.3804:W=0.15715;high@0.7168:W=0.00194146
nstxuG142301M21/N6/egn06w.4014E+02,nstxuG142301M21,candidate,6,6.335430115887119,-1.6220515009592817e-06,,,below_upper2,0.9696486533552516,0.994274563382481,0.355,lower_max,0.37,0.015000000000000013,-0.010392460641704106,0.19737507714205965,0.1047326978828126,4,2,2,0.3986744298033702,0.3986744298033702,0.0715419903926621,0.004170352714008544,True,False,False,False,False,low@0.2860:W=0.071542;high@0.7166:W=0.00417035,low@0.2860:W=0.071542;low@0.3638:W=0.398674;low@0.3802:W=0.153745;high@0.7166:W=0.00417035
nstxuG142301M21/N6/egn06w.4030E+02,nstxuG142301M21,candidate,6,6.34835683127822,-3.0648843308231223e-06,,,below_upper2,0.9626486963830625,0.9896685188375982,0.36,lower_max,0.37,0.010000000000000009,-0.008335069080524334,0.17074901656822106,0.10451943800885546,4,2,2,0.20212986678128803,0.1310840148825973,0.20212986678128803,0.011846594189705925,True,False,False,False,False,low@0.2855:W=0.20213;high@0.7161:W=0.0118466,low@0.2855:W=0.20213;low@0.3646:W=0.128829;low@0.3792:W=0.131084;high@0.7161:W=0.0118466
nstxuG142301M21/N6/egn06w.4048E+02,nstxuG142301M21,candidate,6,6.3620652123699095,-1.4174283161110405e-06,,,below_upper2,0.9626361724060065,0.9904561994782047,0.35000000000000003,lower_max,0.37,0.019999999999999962,-0.006162403297690978,0.15361441635985892,0.10429422933213069,4,2,2,0.8020746074905031,0.8020746074905031,0.32805255383542226,0.011877806740705911,True,False,False,False,False,low@0.2851:W=0.328053;high@0.7156:W=0.0118778,low@0.2851:W=0.328053;low@0.3658:W=0.802075;low@0.3781:W=0.486596;high@0.7156:W=0.0118778
nstxuG142301M21/N6/egn06w.4072E+02,nstxuG142301M21,candidate,6,6.38152159327184,-5.202916016275199e-05,,,below_upper2,0.9092702104091432,0.9509311511703796,0.355,lower_max,0.37,0.015000000000000013,-0.003094752631366948,0.13752257805590673,0.10397625058331651,4,2,2,0.49278564122031726,0.49278564122031726,0.41477448505510234,0.05705026310370041,True,False,False,False,False,low@0.2845:W=0.414774;high@0.7148:W=0.0570503,low@0.2845:W=0.414774;low@0.3679:W=0.492786;low@0.3764:W=0.434633;high@0.7148:W=0.0570503
nstxuG142301M21/N6/egn06w.4095E+02,nstxuG142301M21,candidate,6,6.399240388463473,-0.00023740876092985362,,,below_upper2,0.8417114220974374,0.9008872327848246,0.36,lower_max,0.37,0.010000000000000009,-0.0003172932141962661,0.1253593697907306,0.10368835174266645,4,2,2,0.3756386729005675,0.3756386729005675,0.37282296797597997,0.1542939485817407,True,False,False,False,False,low@0.2839:W=0.372823;high@0.7140:W=0.154294,low@0.2839:W=0.372823;low@0.3698:W=0.137659;low@0.3737:W=0.375639;high@0.7140:W=0.154294
nstxuG142301M21/N6/egn06w.4110E+02,nstxuG142301M21,candidate,6,6.411212776056369,-0.0002685183192768106,,,below_upper2,0.8649081995330026,0.9174209116527653,0.365,lower_max,0.37,0.0050000000000000044,0.001550713162844338,0.1207165409305131,0.10349472267757474,2,0,2,0.25467303806954733,0.0,0.25467303806954733,0.14175409427915645,True,False,False,False,False,low@0.2835:W=0.254673;high@0.7135:W=0.141754,low@0.2835:W=0.254673;high@0.7135:W=0.141754
nstxuG142301M21/N6/egn06w.4151E+02,nstxuG142301M21,candidate,6,6.442674051271029,-9.512131827854452e-05,,,below_upper2,0.9516722313596724,0.9803308643763792,0.355,lower_max,0.37,0.015000000000000013,0.006426404149394828,0.12866088268788595,0.1029893306730263,2,0,2,0.18511280320118692,0.0,0.18511280320118692,0.021828304374761718,True,False,False,False,False,low@0.2825:W=0.185113;high@0.7121:W=0.0218283,low@0.2825:W=0.185113;high@0.7121:W=0.0218283
nstxuG142301M21/N6/egn06w.4184E+02,nstxuG142301M21,candidate,6,6.46864511738009,-5.893133350666977e-06,,,below_upper2,0.9683769842225033,0.9959355193870679,0.34,lower_max,0.37,0.02999999999999997,0.01041551857348373,0.12410086506998791,0.10257583717216157,2,0,2,0.4192610947895458,0.0,0.4192610947895458,0.010933612893244639,False,False,False,False,False,low@0.2817:W=0.419261;high@0.7109:W=0.0109336,low@0.2817:W=0.419261;high@0.7109:W=0.0109336
nstxuG142301M21/N6/egn06w.4193E+02,nstxuG142301M21,candidate,6,6.4750303227800465,-5.5962949989154715e-05,,,mixed,0.17171601092578917,0.4420470053305942,0.78,lower_max,0.37,0.41000000000000003,0.01139137503430796,0.043345256731129995,0.10247468431931507,2,0,2,0.375489598970435,0.0,0.375489598970435,0.375489598970435,False,False,False,False,False,low@0.2815:W=0.105886;high@0.7106:W=0.37549,low@0.2815:W=0.105886;high@0.7106:W=0.37549
nstxuG142301M21/N6/egn06w.4246E+02,nstxuG142301M21,candidate,6,6.51575062197466,-5.013354073097206e-06,,,below_upper2,0.9634171390353123,0.9902635378339386,0.115,lower_max,0.215,0.09999999999999999,-0.2127655942008789,0.12486389623682544,0.14189569347286846,2,0,2,0.5120125791127319,0.0,0.5120125791127319,0.013598234163839892,False,False,False,False,False,low@0.2802:W=0.512013;high@0.7051:W=0.0135982,low@0.2802:W=0.512013;high@0.7051:W=0.0135982
nstxuG142301M21/N6/egn06w.4291E+02,nstxuG142301M21,candidate,6,6.55021798678045,-8.098906546112669e-05,,,below_upper2,0.9629818052948051,0.9884199055289209,0.14,lower_max,0.215,0.07499999999999998,-0.20638399984118055,0.08473282784420479,0.1411490357828236,2,0,2,0.31044406221126325,0.0,0.31044406221126325,0.010770376874154901,False,False,False,False,False,low@0.2792:W=0.310444;high@0.7041:W=0.0107704,low@0.2792:W=0.310444;high@0.7041:W=0.0107704
nstxuG142301M21/N6/egn06w.4309E+02,nstxuG142301M21,candidate,6,6.564655817580196,-0.006475588245950766,,,mixed,0.17129207691898662,0.42867296292996665,0.78,lower_max,0.37,0.41000000000000003,0.02488858488634036,0.034645012996658564,0.10107562478872827,2,0,2,0.1902793990494021,0.0,0.1902793990494021,0.1902793990494021,False,False,False,False,False,low@0.2787:W=0.0673601;high@0.7037:W=0.190279,low@0.2787:W=0.0673601;high@0.7037:W=0.190279
nstxuG142301M21/N6/egn06w.4363E+02,nstxuG142301M21,candidate,6,6.605033685270095,-0.0007539252264722747,,,below_upper2,0.9141810709285351,0.9415846870815028,0.185,lower_max,0.215,0.03,-0.1963721233316785,0.16754101861724066,0.13997762873840078,2,0,2,0.47566559221879906,0.0,0.47566559221879906,0.06424515519534461,False,False,False,False,False,low@0.2775:W=0.475666;high@0.7026:W=0.0642452,low@0.2775:W=0.475666;high@0.7026:W=0.0642452
nstxuG142301M21/N6/egn06w.4452E+02,nstxuG142301M21,candidate,6,6.672459876681242,-0.0005725550643854347,,,below_upper2,0.8708678060693591,0.920428748817045,0.225,lower_max,0.215,0.010000000000000009,-0.184282606530141,0.23690544936712754,0.13856313414974417,2,0,2,0.3475297322921109,0.0,0.3475297322921109,0.06812343245779245,False,False,False,False,False,low@0.2755:W=0.34753;high@0.7008:W=0.0681234,low@0.2755:W=0.34753;high@0.7008:W=0.0681234
nstxuG142301M21/N6/egn06w.4461E+02,nstxuG142301M21,candidate,6,6.679127352244453,-0.001319631749315673,,,below_upper2,0.5901752139353679,0.7315684956974696,0.23,lower_max,0.215,0.015000000000000013,-0.18310038991372593,0.16969205860304548,0.13842481274004761,2,0,2,0.3781181974582765,0.0,0.3781181974582765,0.25194925806926605,False,False,False,False,False,low@0.2753:W=0.378118;high@0.7006:W=0.251949,low@0.2753:W=0.378118;high@0.7006:W=0.251949
nstxuG142301M21/N6/egn06w.4528E+02,nstxuG142301M21,candidate,6,6.728991582236955,-0.0005137241859844724,,,below_upper2,0.9194363489803457,0.9607365176911478,0.245,lower_max,0.215,0.03,-0.17433319363685604,0.18506124321472797,0.13739903545755558,2,0,2,0.575969234522739,0.0,0.575969234522739,0.016589050962442384,False,False,False,False,False,low@0.2738:W=0.575969;high@0.6977:W=0.0165891,low@0.2738:W=0.575969;high@0.6977:W=0.0165891
nstxuG142301M21/N6/egn06w.4568E+02,nstxuG142301M21,candidate,6,6.758449116271932,-0.0010819525244989026,,,below_upper2,0.8848387185789605,0.9424184579464361,0.245,lower_max,0.215,0.03,-0.1692147175745486,0.20194655827341956,0.13680016481523333,2,0,2,0.6370382056638872,0.0,0.6370382056638872,0.01223759963147394,False,False,False,False,False,low@0.2729:W=0.637038;high@0.6951:W=0.0122376,low@0.2729:W=0.637038;high@0.6951:W=0.0122376
nstxuG142301M21/N6/egn06w.4643E+02,nstxuG142301M21,candidate,6,6.813958227563014,-0.003010688762127597,,,mixed,-0.04669385252503149,0.4477713367013406,0.8150000000000001,lower_max,0.37,0.44500000000000006,0.0605650034482039,0.027089948261496,0.09737756911993659,2,0,2,0.43288389100859487,0.0,0.43288389100859487,0.43288389100859487,False,False,False,False,False,low@0.2712:W=0.222851;high@0.6893:W=0.432884,low@0.2712:W=0.222851;high@0.6893:W=0.432884
nstxuG142301M21/N6/egn06w.4681E+02,nstxuG142301M21,candidate,6,6.842118587094823,-1.2669044646558664e-05,,,below_upper2,0.8788772315386147,0.9245711899246062,0.265,lower_max,0.37,0.10499999999999998,0.06443147067219492,0.08723481402090158,0.09697678867133065,2,0,2,0.9893247612689225,0.0,0.9893247612689225,0.03477347279038234,False,False,False,False,False,low@0.2703:W=0.989325;high@0.6886:W=0.0347735,low@0.2703:W=0.989325;high@0.6886:W=0.0347735
nstxuG142301M21/N6/egn06w.4712E+02,nstxuG142301M21,candidate,6,6.864310619399829,-0.0001617796655220198,,,below_upper2,0.847539978068031,0.9061539575746292,0.27,lower_max,0.37,0.09999999999999998,0.06745612502972238,0.08868126288251514,0.09666326672479349,2,0,2,0.9989039724150576,0.0,0.9989039724150576,0.07105288467672335,False,False,False,False,False,low@0.2697:W=0.998904;high@0.6880:W=0.0710529,low@0.2697:W=0.998904;high@0.6880:W=0.0710529
nstxuG142301M21/N6/egn06w.4868E+02,nstxuG142301M21,candidate,6,6.977306229512559,-1.6755993409795583e-06,,,below_upper2,0.20814881320638748,0.5652868229419141,0.925,lower_max,0.37,0.555,0.08255842391742899,0.13857087542783722,0.0950978309477514,3,0,3,0.48816743799250994,0.0,0.48816743799250994,0.025245315289345746,False,False,False,False,False,low@0.0443:W=2.95085e-05;low@0.2662:W=0.488167;high@0.6851:W=0.0252453,low@0.0443:W=2.95085e-05;low@0.2662:W=0.488167;high@0.6851:W=0.0252453
nstxuG142301M21/N6/egn06w.4882E+02,nstxuG142301M21,candidate,6,6.986927555169313,-9.664243649929824e-05,,,below_upper2,0.8300334660355538,0.9027650810033842,0.29,lower_max,0.37,0.08000000000000002,0.0838217838284682,0.18028742606546347,0.09496687679178305,3,0,3,0.7462502142509928,0.0,0.7462502142509928,0.06357475231270265,False,False,False,False,False,low@0.0536:W=0.000187696;low@0.2659:W=0.74625;high@0.6846:W=0.0635748,low@0.0536:W=0.000187696;low@0.2659:W=0.74625;high@0.6846:W=0.0635748
nstxuG142301M21/N6/egn06w.4931E+02,nstxuG142301M21,candidate,6,7.02242721313762,-0.0004973834606379118,,,below_upper2,0.9643427291019437,0.9899602231086863,0.3,lower_max,0.37,0.07,0.08845323280258599,0.18698667375835426,0.0944868018060118,3,0,3,0.6071923525631715,0.0,0.6071923525631715,0.005565378417808793,False,False,False,False,False,low@0.0744:W=0.00163941;low@0.2648:W=0.607192;high@0.6825:W=0.00556538,low@0.0744:W=0.00163941;low@0.2648:W=0.607192;high@0.6825:W=0.00556538
nstxuG142301M21/N6/egn06w.4989E+02,nstxuG142301M21,candidate,6,7.063273566158595,-0.008255282186107358,,,below_upper2,0.6910401797313853,0.8289568472697227,0.31,lower_max,0.37,0.06,0.09372463574335074,0.17449355317039664,0.09394039209580567,5,0,5,0.49260765342847734,0.0,0.49260765342847734,0.026680864986007673,False,False,False,False,False,low@0.0888:W=0.00533885;low@0.2635:W=0.492608;high@0.6744:W=0.0238611;high@0.6794:W=0.0263721;high@0.6801:W=0.0266809,low@0.0888:W=0.00533885;low@0.2635:W=0.492608;high@0.6744:W=0.0238611;high@0.6794:W=0.0263721;high@0.6801:W=0.0266809
nstxuG142301M21/N6/egn06w.5040E+02,nstxuG142301M21,candidate,6,7.099528135960128,-0.007342638788017974,,,below_upper2,0.5100576647528593,0.7445570792623922,0.315,lower_max,0.37,0.05499999999999999,0.09835263676308452,0.19371304756071006,0.09346067450934101,3,0,3,0.4137020662396885,0.0,0.4137020662396885,0.026150969736720944,False,False,False,False,False,low@0.0982:W=0.00668072;low@0.2624:W=0.413702;high@0.6730:W=0.026151,low@0.0982:W=0.00668072;low@0.2624:W=0.413702;high@0.6730:W=0.026151
nstxuG142301M21/N6/egn06w.5127E+02,nstxuG142301M21,candidate,6,7.16057097772054,-0.0016909609430395252,,,below_upper2,0.9795473239401958,0.9972509520882489,0.37,lower_max,0.37,0.0,0.10603905136451966,0.41208511359697714,0.09266393564834152,3,0,3,0.16056281753342835,0.0,0.16056281753342835,0.0023400765908649333,False,False,False,False,False,low@0.1110:W=0.00221603;low@0.2604:W=0.160563;high@0.6708:W=0.00234008,low@0.1110:W=0.00221603;low@0.2604:W=0.160563;high@0.6708:W=0.00234008
nstxuG142301M21/N6/egn06w.5169E+02,nstxuG142301M21,candidate,6,7.189614963429435,-0.0023004152407896943,,,below_upper2,0.6804401041711942,0.8319662302305302,0.38,lower_max,0.37,0.010000000000000009,0.10965039761164802,0.3088020723469188,0.09228959988260302,3,0,3,0.10714045707973373,0.0,0.10714045707973373,0.10714045707973373,False,False,False,False,False,low@0.1162:W=0.000836945;low@0.2595:W=0.097376;high@0.6698:W=0.10714,low@0.1162:W=0.000836945;low@0.2595:W=0.097376;high@0.6698:W=0.10714
nstxuG142301M21/N7/egn07w.1923E+02,nstxuG142301M21,candidate,7,4.385098190815357,-4.3848090888784384e-05,,,below_upper2,0.9986535312213458,0.9999290957067908,0.4,lower_max,0.38,0.020000000000000018,-0.4387264695507763,0.7320562731221331,0.1110758845017208,4,0,4,9.981854038035658e-06,0.0,9.981854038035658e-06,9.981854038035658e-06,False,False,False,False,False,low@0.5271:W=9.98185e-06;low@0.5383:W=7.57788e-06;low@0.5579:W=9.38707e-06;high@0.8017:W=2.97735e-06,low@0.5271:W=9.98185e-06;low@0.5383:W=7.57788e-06;low@0.5579:W=9.38707e-06;high@0.8017:W=2.97735e-06
nstxuG142301M21/N7/egn07w.1943E+02,nstxuG142301M21,candidate,7,4.408192344381742,-0.060991788384782725,,,below_upper2,0.04837689516104848,0.5028855095153852,0.805,lower_max,0.38,0.42500000000000004,-0.4311891010713413,0.00022400107695574398,0.11049396716830993,4,0,4,0.8104593483444544,0.0,0.8104593483444544,0.8104593483444544,False,False,False,False,False,low@0.5261:W=0.0059302;low@0.5394:W=0.0214907;low@0.5574:W=0.025955;high@0.8008:W=0.810459,low@0.5261:W=0.0059302;low@0.5394:W=0.0214907;low@0.5574:W=0.025955;high@0.8008:W=0.810459
nstxuG142301M21/N7/egn07w.2003E+02,nstxuG142301M21,candidate,7,4.475525664693364,-0.01169459994463099,,,mixed,-0.04382056493110003,0.45444440461368885,0.81,lower_max,0.38,0.43000000000000005,-0.40965716909535954,3.027867279731804e-05,0.10883160921502237,4,0,4,0.5543949572634747,0.0,0.5543949572634747,0.5543949572634747,False,False,False,False,False,low@0.5241:W=0.0016236;low@0.5420:W=0.00534724;low@0.5557:W=0.0154221;high@0.7980:W=0.554395,low@0.5241:W=0.0016236;low@0.5420:W=0.00534724;low@0.5557:W=0.0154221;high@0.7980:W=0.554395
nstxuG142301M21/N7/egn07w.2419E+02,nstxuG142301M21,candidate,7,4.918194373586874,-3.1639812579665315e-07,,,below_upper2,0.9998623633662097,0.9999036334567485,0.145,lower_max,0.38,0.23500000000000001,-0.2827790769286142,4.250309662887598e-06,0.09903607364270996,4,0,4,2.7126709325328522e-06,0.0,2.7126709325328522e-06,2.7126709325328522e-06,False,False,False,False,False,low@0.4733:W=2.23442e-07;low@0.5004:W=1.34984e-07;low@0.5129:W=1.08985e-07;high@0.7805:W=2.71267e-06,low@0.4733:W=2.23442e-07;low@0.5004:W=1.34984e-07;low@0.5129:W=1.08985e-07;high@0.7805:W=2.71267e-06
nstxuG142301M21/N7/egn07w.2424E+02,nstxuG142301M21,candidate,7,4.92348475137676,-0.0010155996304076988,,,below_upper2,0.9502951741223993,0.946809320375425,0.125,lower_max,0.38,0.255,-0.28140070646935444,0.0024707608915543115,0.09892965750234303,4,0,4,0.003800192561954557,0.0,0.003800192561954557,0.003800192561954557,False,False,False,False,False,low@0.4732:W=0.000149012;low@0.5007:W=0.000110072;low@0.5127:W=0.00010715;high@0.7803:W=0.00380019,low@0.4732:W=0.000149012;low@0.5007:W=0.000110072;low@0.5127:W=0.00010715;high@0.7803:W=0.00380019
nstxuG142301M21/N7/egn07w.2449E+02,nstxuG142301M21,candidate,7,4.948584846388703,-7.142024307332149e-07,,,below_upper2,0.9993713606007902,0.9999911075851996,0.135,lower_max,0.38,0.245,-0.274901216114203,9.48540745346591e-06,0.0984278688334835,4,0,4,4.52535942454202e-06,0.0,4.52535942454202e-06,4.52535942454202e-06,False,False,False,False,False,low@0.4726:W=4.52536e-06;low@0.5020:W=4.1336e-06;low@0.5118:W=4.0576e-06;high@0.7793:W=6.95311e-07,low@0.4726:W=4.52536e-06;low@0.5020:W=4.1336e-06;low@0.5118:W=4.0576e-06;high@0.7793:W=6.95311e-07
nstxuG142301M21/N7/egn07w.2467E+02,nstxuG142301M21,candidate,7,4.967322804795305,-5.591098400809768e-05,,,below_upper2,0.9963544714435015,0.9995540379511221,0.145,lower_max,0.38,0.23500000000000001,-0.2700919764293948,0.0026314653730268303,0.0980565748015209,4,0,4,8.135946438062573e-05,0.0,8.135946438062573e-05,8.135946438062573e-05,False,False,False,False,False,low@0.4722:W=7.60706e-05;low@0.5029:W=3.21118e-05;low@0.5111:W=2.773e-05;high@0.7785:W=8.13595e-05,low@0.4722:W=7.60706e-05;low@0.5029:W=3.21118e-05;low@0.5111:W=2.773e-05;high@0.7785:W=8.13595e-05
nstxuG142301M21/N7/egn07w.2520E+02,nstxuG142301M21,candidate,7,5.020164417750678,-0.0001024116848298061,,,below_upper2,0.9972254966906499,0.9999239011880806,0.13,lower_max,0.38,0.25,-0.2567231496238622,0.002083274862586014,0.09702444375117711,2,0,2,7.321757674384394e-05,0.0,7.321757674384394e-05,7.321757674384394e-05,False,False,False,False,False,low@0.4710:W=7.32176e-05;high@0.7763:W=3.74259e-05,low@0.4710:W=7.32176e-05;high@0.7763:W=3.74259e-05
nstxuG142301M21/N7/egn07w.2598E+02,nstxuG142301M21,candidate,7,5.096703615741311,-0.0010747981039007188,,,below_upper2,0.9975574379200884,0.99988698846539,0.1,lower_max,0.38,0.28,-0.23785044498563454,0.0013111425990793737,0.09556738960989519,4,0,4,0.00045878812956683297,0.0,0.00045878812956683297,0.00045878812956683297,False,False,False,False,False,low@0.4184:W=0.000458788;low@0.4319:W=0.000362696;low@0.4692:W=0.000300685;high@0.7732:W=0.000128343,low@0.4184:W=0.000458788;low@0.4319:W=0.000362696;low@0.4692:W=0.000300685;high@0.7732:W=0.000128343
nstxuG142301M21/N7/egn07w.3078E+02,nstxuG142301M21,candidate,7,5.54800465702239,-3.5128932288287458e-06,,,below_upper2,0.9997077289862316,0.9999860238277579,0.095,lower_max,0.265,0.17,-0.3451406315192298,4.835578637956457e-06,0.17823552115024535,4,0,4,5.2853876983118795e-06,0.0,5.2853876983118795e-06,5.2853876983118795e-06,False,False,False,False,False,low@0.4052:W=4.38352e-07;low@0.4518:W=4.06591e-07;low@0.4556:W=4.05877e-07;high@0.7530:W=5.28539e-06,low@0.4052:W=4.38352e-07;low@0.4518:W=4.06591e-07;low@0.4556:W=4.05877e-07;high@0.7530:W=5.28539e-06
nstxuG142301M21/N7/egn07w.3079E+02,nstxuG142301M21,candidate,7,5.548931003319944,-6.108072032365685e-06,,,below_upper2,0.9996892325297775,0.9999853091519093,0.09,lower_max,0.265,0.17500000000000002,-0.3449160718620721,1.211906271337778e-05,0.1782057662632209,4,0,4,2.881273646058565e-06,0.0,2.881273646058565e-06,2.881273646058565e-06,False,False,False,False,False,low@0.4051:W=1.42764e-06;low@0.4521:W=1.13888e-06;low@0.4555:W=1.12612e-06;high@0.7530:W=2.88127e-06,low@0.4051:W=1.42764e-06;low@0.4521:W=1.13888e-06;low@0.4555:W=1.12612e-06;high@0.7530:W=2.88127e-06
nstxuG142301M21/N7/egn07w.3109E+02,nstxuG142301M21,candidate,7,5.575608261306802,-3.872731564804689e-06,,,below_upper2,0.9993975447679692,0.9999862317069864,0.165,lower_max,0.38,0.215,-0.13152799533778425,2.736395126331296e-05,0.08735883823687977,2,1,1,2.3123000643962275e-05,2.3123000643962275e-05,5.82885202319302e-06,2.3123000643962275e-05,False,False,False,False,False,high@0.7520:W=5.82885e-06,low@0.4045:W=2.3123e-05;high@0.7520:W=5.82885e-06
nstxuG142301M21/N7/egn07w.3141E+02,nstxuG142301M21,candidate,7,5.604570906799388,-4.731942821542002e-06,,,below_upper2,0.9993877927468532,0.9999809924396178,0.145,lower_max,0.38,0.23500000000000001,-0.12568061741378536,7.926717977350863e-06,0.08690739545837387,4,1,3,8.734122853755013e-06,6.79005624590074e-06,8.734122853755013e-06,6.79005624590074e-06,False,False,False,False,False,low@0.3341:W=8.73412e-06;low@0.3453:W=8.36798e-06;high@0.7509:W=5.75649e-06,low@0.3341:W=8.73412e-06;low@0.3453:W=8.36798e-06;low@0.4039:W=6.79006e-06;high@0.7509:W=5.75649e-06
nstxuG142301M21/N7/egn07w.3218E+02,nstxuG142301M21,candidate,7,5.672309275458044,-4.4508914972248855e-06,,,below_upper2,0.999360620285673,0.9999498424250222,0.1,lower_max,0.265,0.165,-0.3156628324741856,0.0001347932997156988,0.17432961662840982,4,0,4,5.212255090446322e-05,0.0,5.212255090446322e-05,2.9659029758955708e-05,False,False,False,False,False,low@0.3291:W=5.21226e-05;low@0.3502:W=4.1559e-05;low@0.4024:W=2.9659e-05;high@0.7484:W=1.26462e-05,low@0.3291:W=5.21226e-05;low@0.3502:W=4.1559e-05;low@0.4024:W=2.9659e-05;high@0.7484:W=1.26462e-05
nstxuG142301M21/N7/egn07w.3538E+02,nstxuG142301M21,candidate,7,5.948330668911282,-0.0011107092754034235,,,below_upper2,0.8547891997073157,0.9079044977094073,0.55,lower_max,0.38,0.17000000000000004,-0.060626449648939436,0.0005363088901948153,0.08188493331707482,4,2,2,0.032013297192641,0.0005662349873228173,0.032013297192641,0.032013297192641,False,False,False,False,False,low@0.3182:W=8.4426e-05;high@0.7358:W=0.0320133,low@0.3182:W=8.4426e-05;low@0.3619:W=0.000252404;low@0.3962:W=0.000566235;high@0.7358:W=0.0320133
nstxuG142301M21/N7/egn07w.3780E+02,nstxuG142301M21,candidate,7,6.1485625258972885,-0.00014204059341807644,,,below_upper2,0.9981115608112011,0.9995605299453045,0.075,lower_max,0.265,0.19,-0.2137546713700594,0.02419025098372392,0.16082645288608594,4,0,4,0.024968351423869037,0.0,0.024968351423869037,0.00019210666623014087,False,False,False,False,False,low@0.3125:W=0.0249684;low@0.3694:W=0.000146713;low@0.3907:W=0.000126214;high@0.7258:W=0.000192107,low@0.3125:W=0.0249684;low@0.3694:W=0.000146713;low@0.3907:W=0.000126214;high@0.7258:W=0.000192107
nstxuG142301M21/N7/egn07w.3784E+02,nstxuG142301M21,candidate,7,6.151220226882247,-0.015248176931566288,,,below_upper2,0.0720574708251458,0.5787429936362717,0.805,lower_max,0.38,0.42500000000000004,-0.025643141686536017,0.00027739843496302907,0.07918407116088377,4,2,2,0.4316365013616108,0.0009464104713359004,0.4316365013616108,0.4316365013616108,False,False,False,False,False,low@0.3124:W=0.000206188;high@0.7256:W=0.431637,low@0.3124:W=0.000206188;low@0.3695:W=0.000575726;low@0.3906:W=0.00094641;high@0.7256:W=0.431637
nstxuG142301M21/N7/egn07w.3805E+02,nstxuG142301M21,candidate,7,6.168184064585403,-0.0006578482849970413,,,below_upper2,0.984106534612654,0.9898702454442615,0.075,lower_max,0.265,0.19,-0.20989361048199265,0.03766106064385488,0.16031484972471227,4,0,4,0.056271612840637156,0.0,0.056271612840637156,0.0030348219043524055,False,False,False,False,False,low@0.3119:W=0.0562716;low@0.3702:W=0.000235499;low@0.3901:W=0.000220455;high@0.7248:W=0.00303482,low@0.3119:W=0.0562716;low@0.3702:W=0.000235499;low@0.3901:W=0.000220455;high@0.7248:W=0.00303482
nstxuG142301M21/N7/egn07w.3820E+02,nstxuG142301M21,candidate,7,6.180437722692378,-0.0010755241946537658,,,below_upper2,0.9937188622602857,0.9985791724066194,0.335,lower_max,0.38,0.044999999999999984,-0.02079450061296133,0.0003771105218526545,0.07880973517188453,4,2,2,0.11551675050560295,0.00045180590275369623,0.11551675050560295,0.0002652413235094302,False,False,False,False,False,low@0.3116:W=0.115517;high@0.7243:W=0.000265241,low@0.3116:W=0.115517;low@0.3708:W=0.000427124;low@0.3896:W=0.000451806;high@0.7243:W=0.000265241
nstxuG142301M21/N7/egn07w.3839E+02,nstxuG142301M21,candidate,7,6.196044240236967,-0.0006773000758047304,,,below_upper2,0.9105744232936109,0.953778605878786,0.49,lower_max,0.38,0.10999999999999999,-0.018223336388571227,0.0006663489057642371,0.07861123021179126,4,2,2,0.00466388375012384,0.0003477429496037222,0.00466388375012384,0.00466388375012384,False,False,False,False,False,low@0.3112:W=5.38081e-05;high@0.7236:W=0.00466388,low@0.3112:W=5.38081e-05;low@0.3716:W=0.000224777;low@0.3889:W=0.000347743;high@0.7236:W=0.00466388
nstxuG142301M21/N7/egn07w.3870E+02,nstxuG142301M21,candidate,7,6.220921665246364,-6.241240304994604e-05,,,below_upper2,0.9952496637848596,0.9993545224784132,0.34,lower_max,0.38,0.03999999999999998,-0.01415146793291498,0.0004344309369294276,0.0782968644168616,4,2,2,0.2195783435041965,0.0004217691969006693,0.2195783435041965,0.00042470544775373014,False,False,False,False,False,low@0.3105:W=0.219578;high@0.7224:W=0.000424705,low@0.3105:W=0.219578;low@0.3728:W=0.000421769;low@0.3878:W=0.000358712;high@0.7224:W=0.000424705
nstxuG142301M21/N7/egn07w.3948E+02,nstxuG142301M21,candidate,7,6.283162840449487,-0.0003469222454157169,,,below_upper2,0.9381511979169418,0.9753511537877984,0.45,lower_max,0.38,0.07,-0.004105257003643452,0.050718400210883044,0.07752125363296594,4,2,2,0.00940616783390111,0.008552759986521108,0.00940616783390111,0.00940616783390111,False,False,False,False,False,low@0.3089:W=0.000112009;high@0.7195:W=0.00940617,low@0.3089:W=0.000112009;low@0.3771:W=0.00115161;low@0.3845:W=0.00855276;high@0.7195:W=0.00940617
nstxuG142301M21/N7/egn07w.3982E+02,nstxuG142301M21,candidate,7,6.310409535306682,-0.0008064600284739672,,,below_upper2,0.8875981124020851,0.9450831424076037,0.445,lower_max,0.38,0.065,0.00023020639045364793,0.10399161712622562,0.07718653717266857,2,0,2,0.011447758849753622,0.0,0.011447758849753622,0.011447758849753622,False,False,False,False,False,low@0.3082:W=0.000216768;high@0.7181:W=0.0114478,low@0.3082:W=0.000216768;high@0.7181:W=0.0114478
nstxuG142301M21/N7/egn07w.3999E+02,nstxuG142301M21,candidate,7,6.323810054229468,-9.740232606756446e-05,,,below_upper2,0.9802032028712365,0.9961848365189305,0.36,lower_max,0.38,0.020000000000000018,0.0023487763542580685,0.1529765898092233,0.07702297444021824,2,0,2,0.2340037330693769,0.0,0.2340037330693769,0.0018615180277581527,False,False,False,False,False,low@0.3079:W=0.234004;high@0.7174:W=0.00186152,low@0.3079:W=0.234004;high@0.7174:W=0.00186152
nstxuG142301M21/N7/egn07w.4002E+02,nstxuG142301M21,candidate,7,6.325841652707695,-0.0003139564588402114,,,below_upper2,0.940067841779484,0.9827197268111296,0.385,lower_max,0.38,0.0050000000000000044,0.002669180629140935,0.18655107170546784,0.07699823784922338,2,0,2,0.07202374593153597,0.0,0.07202374593153597,0.009623641421892478,True,False,False,False,False,low@0.3078:W=0.0720237;high@0.7173:W=0.00962364,low@0.3078:W=0.0720237;high@0.7173:W=0.00962364
nstxuG142301M21/N7/egn07w.4020E+02,nstxuG142301M21,candidate,7,6.340612070685374,-0.00035671035503071066,,,below_upper2,0.9406847386403921,0.9819017890198783,0.38,lower_max,0.38,0.0,0.004992456820762114,0.2338541700199728,0.07681887091368164,2,0,2,0.03818371477188593,0.0,0.03818371477188593,0.010398622414754885,True,False,False,False,False,low@0.3074:W=0.0381837;high@0.7165:W=0.0103986,low@0.3074:W=0.0381837;high@0.7165:W=0.0103986
nstxuG142301M21/N7/egn07w.4027E+02,nstxuG142301M21,candidate,7,6.345652100112162,-0.00014531316025668734,,,below_upper2,0.9776011618883352,0.9957148593104441,0.365,lower_max,0.38,0.015000000000000013,0.005782740816541053,0.23565181142056943,0.07675785758300586,2,0,2,0.06888155441687423,0.0,0.06888155441687423,0.0019189807402332467,True,False,False,False,False,low@0.3073:W=0.0688816;high@0.7163:W=0.00191898,low@0.3073:W=0.0688816;high@0.7163:W=0.00191898
nstxuG142301M21/N7/egn07w.4036E+02,nstxuG142301M21,candidate,7,6.352735404667075,-0.0003970434583005891,,,below_upper2,0.9467333749162639,0.9839255557345566,0.375,lower_max,0.38,0.0050000000000000044,0.006891293777108747,0.26329802790280704,0.07667227251647789,2,0,2,0.028728973632700026,0.0,0.028728973632700026,0.007889156728317337,True,True,False,False,True,low@0.3071:W=0.028729;high@0.7159:W=0.00788916,low@0.3071:W=0.028729;high@0.7159:W=0.00788916
nstxuG142301M21/N7/egn07w.4050E+02,nstxuG142301M21,candidate,7,6.364124979906384,-0.0005953756404302435,,,below_upper2,0.9445039588536225,0.9814777614689902,0.37,lower_max,0.38,0.010000000000000009,0.008668613733277297,0.1686801529974751,0.07653505575543809,2,0,2,0.07138581908470117,0.0,0.07138581908470117,0.022701749527691398,True,False,False,False,False,low@0.3068:W=0.0713858;high@0.7153:W=0.0227017,low@0.3068:W=0.0713858;high@0.7153:W=0.0227017
nstxuG142301M21/N7/egn07w.4072E+02,nstxuG142301M21,candidate,7,6.381328289637793,-0.0015017833522662088,,,below_upper2,0.9259507149612723,0.9651931370911002,0.375,lower_max,0.38,0.0050000000000000044,0.011341126431316424,0.15310425677415376,0.07632872625635724,2,0,2,0.15555674521254223,0.0,0.15555674521254223,0.053517094370438,True,False,False,False,False,low@0.3064:W=0.155557;high@0.7143:W=0.0535171,low@0.3064:W=0.155557;high@0.7143:W=0.0535171
nstxuG142301M21/N7/egn07w.4098E+02,nstxuG142301M21,candidate,7,6.40167359003015,-0.0048820150666513875,,,below_upper2,0.850426950172266,0.9023313502203634,0.2,lower_max,0.265,0.065,-0.16576491804287355,0.08359433342065528,0.15446765404102972,2,0,2,0.39026860947276043,0.0,0.39026860947276043,0.21790432048556704,False,False,False,False,False,low@0.3059:W=0.390269;high@0.7131:W=0.217904,low@0.3059:W=0.390269;high@0.7131:W=0.217904
nstxuG142301M21/N7/egn07w.4123E+02,nstxuG142301M21,candidate,7,6.421378158203884,-0.02285144508813769,,,below_upper2,0.38866271606134994,0.605072035944674,0.705,lower_max,0.38,0.32499999999999996,0.017507350716447212,0.05423702940340267,0.0758526671645128,2,0,2,0.6740570078770132,0.0,0.6740570078770132,0.6740570078770132,False,False,False,False,False,low@0.3054:W=0.18038;high@0.7119:W=0.674057,low@0.3054:W=0.18038;high@0.7119:W=0.674057
nstxuG142301M21/N7/egn07w.4184E+02,nstxuG142301M21,candidate,7,6.468708682807283,-0.015024879253017626,,,below_upper2,0.2827401874514562,0.5159961700232112,0.8200000000000001,lower_max,0.38,0.44000000000000006,0.024696094991354563,0.06401254911880755,0.07529766512229602,4,0,4,0.10227015454249777,0.0,0.10227015454249777,0.0725037752686308,False,False,False,False,False,low@0.1586:W=0.0213361;low@0.1869:W=0.10227;low@0.3042:W=0.0401961;high@0.7095:W=0.0725038,low@0.1586:W=0.0213361;low@0.1869:W=0.10227;low@0.3042:W=0.0401961;high@0.7095:W=0.0725038
nstxuG142301M21/N7/egn07w.4228E+02,nstxuG142301M21,candidate,7,6.502382059726874,-0.0004613270832534092,,,below_upper2,0.9484831614743385,0.9835445107616514,0.225,lower_max,0.265,0.04000000000000001,-0.147709626944344,0.15791614255481892,0.15207526907914568,4,0,4,0.5247161419108437,0.0,0.5247161419108437,0.00931620115778923,False,False,False,False,False,low@0.1487:W=0.0406611;low@0.1942:W=0.524716;low@0.3034:W=0.155039;high@0.7083:W=0.0093162,low@0.1487:W=0.0406611;low@0.1942:W=0.524716;low@0.3034:W=0.155039;high@0.7083:W=0.0093162
nstxuG142301M21/N7/egn07w.4287E+02,nstxuG142301M21,candidate,7,6.547502442926738,-0.0006557106763293078,,,below_upper2,0.9574326630737996,0.9890440109354307,0.23500000000000001,lower_max,0.265,0.03,-0.13980048928134936,0.1938943418180605,0.15102728254139552,4,0,4,0.46370265178625847,0.0,0.46370265178625847,0.012193157196533294,False,False,False,False,False,low@0.1389:W=0.00940557;low@0.2008:W=0.463703;low@0.3023:W=0.402885;high@0.7067:W=0.0121932,low@0.1389:W=0.00940557;low@0.2008:W=0.463703;low@0.3023:W=0.402885;high@0.7067:W=0.0121932
nstxuG142301M21/N7/egn07w.4356E+02,nstxuG142301M21,candidate,7,6.5999736779279745,-0.0002727560479382363,,,below_upper2,0.9652798310596438,0.9935813770375793,0.25,lower_max,0.265,0.015000000000000013,-0.13073882597084013,0.25032878608641584,0.14982658259613216,4,0,4,0.38864435062875596,0.0,0.38864435062875596,0.008294138780357917,False,False,False,False,False,low@0.1297:W=0.00383486;low@0.2065:W=0.363805;low@0.3010:W=0.388644;high@0.7037:W=0.00829414,low@0.1297:W=0.00383486;low@0.2065:W=0.363805;low@0.3010:W=0.388644;high@0.7037:W=0.00829414
nstxuG142301M21/N7/egn07w.4441E+02,nstxuG142301M21,candidate,7,6.664220271393939,-0.0007614575806807297,,,below_upper2,0.9263432623523463,0.9631279683486527,0.26,lower_max,0.265,0.0050000000000000044,-0.11983790812750857,0.28447446707641844,0.14838217542613402,4,0,4,0.28207392570196677,0.0,0.28207392570196677,0.0622398224087994,False,False,False,False,False,low@0.1202:W=0.00107037;low@0.2122:W=0.282074;low@0.2993:W=0.263492;high@0.6986:W=0.0622398,low@0.1202:W=0.00107037;low@0.2122:W=0.282074;low@0.2993:W=0.263492;high@0.6986:W=0.0622398
nstxuG142301M21/N7/egn07w.4472E+02,nstxuG142301M21,candidate,7,6.687363961970998,-0.0018868268545338487,,,below_upper2,0.5467456997647627,0.7293228576175221,0.8300000000000001,lower_max,0.38,0.45000000000000007,0.05658539379905297,0.07218681655020458,0.07283567380833156,4,0,4,0.5007963734897465,0.0,0.5007963734897465,0.5007963734897465,False,False,False,False,False,low@0.1171:W=0.000412406;low@0.2141:W=0.177176;low@0.2988:W=0.217488;high@0.6980:W=0.500796,low@0.1171:W=0.000412406;low@0.2141:W=0.177176;low@0.2988:W=0.217488;high@0.6980:W=0.500796
nstxuG142301M21/N7/egn07w.4549E+02,nstxuG142301M21,candidate,7,6.744776701026546,-0.00034340786223801824,,,below_upper2,0.9689627255142245,0.9931608326664072,0.28,lower_max,0.265,0.015000000000000013,-0.10646309267479388,0.2806966027052866,0.1466099687537279,4,0,4,0.7042017442507992,0.0,0.7042017442507992,0.008325678667145201,False,False,False,False,False,low@0.1099:W=0.000449617;low@0.2183:W=0.159382;low@0.2973:W=0.704202;high@0.6966:W=0.00832568,low@0.1099:W=0.000449617;low@0.2183:W=0.159382;low@0.2973:W=0.704202;high@0.6966:W=0.00832568
nstxuG142301M21/N7/egn07w.4663E+02,nstxuG142301M21,candidate,7,6.828576064530509,-0.0015959937608468085,,,below_upper2,0.30441084962647297,0.6182204153028985,0.9550000000000001,lower_max,0.38,0.5750000000000001,0.07609481404538772,0.0769717986166374,0.07132946247779696,4,0,4,0.975092598958221,0.0,0.975092598958221,0.1348808716455174,False,False,False,False,False,low@0.0999:W=0.000164363;low@0.2238:W=0.120137;low@0.2952:W=0.975093;high@0.6896:W=0.134881,low@0.0999:W=0.000164363;low@0.2238:W=0.120137;low@0.2952:W=0.975093;high@0.6896:W=0.134881
nstxuG142301M21/N7/egn07w.4690E+02,nstxuG142301M21,candidate,7,6.8484482791532315,-0.0168293309010279,,,below_upper2,0.9358402067323448,0.9756131187453638,0.295,lower_max,0.265,0.02999999999999997,-0.08971349184832579,0.2290137676038675,0.14439059201168988,4,1,3,0.9977519733053414,0.9977519733053414,0.1049464756476596,0.00477748170488609,False,False,False,False,False,low@0.0976:W=6.83452e-05;low@0.2251:W=0.104946;high@0.6884:W=0.00477748,low@0.0976:W=6.83452e-05;low@0.2251:W=0.104946;low@0.2947:W=0.997752;high@0.6884:W=0.00477748
nstxuG142301M21/N7/egn07w.4854E+02,nstxuG142301M21,candidate,7,6.96694866971527,-0.021452918279312366,,,below_upper2,0.6010113170057282,0.7259750944945862,0.315,lower_max,0.265,0.04999999999999999,-0.07117862378677782,0.08328210247330821,0.14193466153795947,4,1,3,0.6505093655071847,0.6505093655071847,0.2933647503308901,0.2933647503308901,False,False,False,False,False,low@0.0837:W=4.72656e-05;low@0.2318:W=0.0452337;high@0.6834:W=0.293365,low@0.0837:W=4.72656e-05;low@0.2318:W=0.0452337;low@0.2915:W=0.650509;high@0.6834:W=0.293365
nstxuG142301M21/N7/egn07w.4876E+02,nstxuG142301M21,candidate,7,6.982711115535737,-0.006388788232045215,,,below_upper2,0.8910844094333572,0.9277786762127773,0.32,lower_max,0.265,0.05499999999999999,-0.06876059520989528,0.0938926707864935,0.14161426486458703,4,1,3,0.5786685956911486,0.5786685956911486,0.06090664009871123,0.06090664009871123,False,False,False,False,False,low@0.0818:W=2.69593e-05;low@0.2327:W=0.0401648;high@0.6830:W=0.0609066,low@0.0818:W=2.69593e-05;low@0.2327:W=0.0401648;low@0.2910:W=0.578669;high@0.6830:W=0.0609066
nstxuG142301M21/N7/egn07w.5022E+02,nstxuG142301M21,candidate,7,7.086463043747194,-0.00660160066803009,,,below_upper2,0.9834558667420656,0.9978067095592928,0.355,lower_max,0.38,0.025000000000000022,0.10971710432159229,0.4742317872840045,0.06873367675310038,6,0,6,0.1649187993722358,0.0,0.1649187993722358,0.0015807338192500384,False,False,False,False,False,low@0.0683:W=4.81717e-05;low@0.2383:W=0.015727;low@0.2880:W=0.164919;high@0.6742:W=0.00151977;high@0.6780:W=0.00157347;high@0.6802:W=0.00158073,low@0.0683:W=4.81717e-05;low@0.2383:W=0.015727;low@0.2880:W=0.164919;high@0.6742:W=0.00151977;high@0.6780:W=0.00157347;high@0.6802:W=0.00158073
nstxuG142301M21/N8/egn08w.1579E+02,nstxuG142301M21,candidate,8,3.9741215462218484,-0.5895271689928183,,,below_upper2,0.8781817424714996,0.9647865027773889,0.64,lower_max,0.385,0.255,-0.5712545929143021,0.025345549284877783,0.07794160073989946,6,0,6,0.21350846792323297,0.0,0.21350846792323297,0.21350846792323297,False,False,False,False,False,low@0.5832:W=0.146308;low@0.5878:W=0.170074;low@0.6026:W=0.213508;low@0.9340:W=0.0971608;high@0.8179:W=0.0355819;high@0.9270:W=0.0772562,low@0.5832:W=0.146308;low@0.5878:W=0.170074;low@0.6026:W=0.213508;low@0.9340:W=0.0971608;high@0.8179:W=0.0355819;high@0.9270:W=0.0772562
nstxuG142301M21/N8/egn08w.1710E+02,nstxuG142301M21,candidate,8,4.134708098627434,-0.08538694748491266,,,below_upper2,0.919324823077476,0.996552951311059,0.68,lower_max,0.385,0.29500000000000004,-0.5102291584679597,0.017481675531844168,0.07491445283653282,6,0,6,0.08895536769189036,0.0,0.08895536769189036,0.08895536769189036,False,False,False,False,False,low@0.5782:W=0.0310286;low@0.5947:W=0.0554936;low@0.5956:W=0.0889554;low@0.9344:W=0.00648643;high@0.8116:W=0.00824402;high@0.9274:W=0.00504458,low@0.5782:W=0.0310286;low@0.5947:W=0.0554936;low@0.5956:W=0.0889554;low@0.9344:W=0.00648643;high@0.8116:W=0.00824402;high@0.9274:W=0.00504458
nstxuG142301M21/N8/egn08w.1748E+02,nstxuG142301M21,candidate,8,4.180412427911177,-0.04075019940655447,,,below_upper2,0.9102367762233675,0.9973524353286835,0.6950000000000001,lower_max,0.385,0.31000000000000005,-0.49371786635436815,0.016303103459343462,0.07409541527036063,6,0,6,0.16204042939414115,0.0,0.16204042939414115,0.16204042939414115,False,False,False,False,False,low@0.5535:W=0.144009;low@0.5600:W=0.123938;low@0.5772:W=0.16204;low@0.9346:W=0.00251824;high@0.8098:W=0.0028502;high@0.9275:W=0.00242536,low@0.5535:W=0.144009;low@0.5600:W=0.123938;low@0.5772:W=0.16204;low@0.9346:W=0.00251824;high@0.8098:W=0.0028502;high@0.9275:W=0.00242536
nstxuG142301M21/N8/egn08w.2330E+02,nstxuG142301M21,candidate,8,4.8273603231108355,-0.08825963171727985,,,below_upper2,0.9070326008547529,0.9496465460989226,0.51,lower_max,0.385,0.125,-0.29353441929870167,0.033557932010689295,0.0641653769586123,6,0,6,0.8252248195943992,0.0,0.8252248195943992,0.8252248195943992,False,False,False,False,False,low@0.4707:W=0.676791;low@0.4871:W=0.162567;low@0.5080:W=0.825225;low@0.9352:W=0.159162;high@0.7842:W=0.27381;high@0.9293:W=0.120621,low@0.4707:W=0.676791;low@0.4871:W=0.162567;low@0.5080:W=0.825225;low@0.9352:W=0.159162;high@0.7842:W=0.27381;high@0.9293:W=0.120621
nstxuG142301M21/N8/egn08w.2541E+02,nstxuG142301M21,candidate,8,5.0407473086117225,-0.008053169914416614,,,below_upper2,0.9432811751735969,0.9620953797784113,0.5,lower_max,0.385,0.11499999999999999,-0.23877598895560037,0.09783833683351616,0.06144910186596194,8,0,8,0.8294454289056632,0.0,0.8294454289056632,0.8294454289056632,False,False,False,False,False,low@0.4231:W=0.0963457;low@0.4264:W=0.195057;low@0.4659:W=0.226367;low@0.4940:W=0.134179;low@0.5023:W=0.829445;low@0.9352:W=0.0110519;high@0.7748:W=0.0661487;high@0.9300:W=0.0126346,low@0.4231:W=0.0963457;low@0.4264:W=0.195057;low@0.4659:W=0.226367;low@0.4940:W=0.134179;low@0.5023:W=0.829445;low@0.9352:W=0.0110519;high@0.7748:W=0.0661487;high@0.9300:W=0.0126346
nstxuG142301M21/N8/egn08w.2653E+02,nstxuG142301M21,candidate,8,5.15048321857944,-0.012369772344122527,,,below_upper2,0.8962690407384748,0.9121648271355994,0.23500000000000001,lower_max,0.385,0.15,-0.21238269639931562,0.09388616444671358,0.060139870707682355,6,0,6,0.652186988665584,0.0,0.652186988665584,0.652186988665584,False,False,False,False,False,low@0.4168:W=0.200604;low@0.4326:W=0.652187;low@0.4637:W=0.0532381;low@0.9353:W=0.0110922;high@0.7701:W=0.162554;high@0.9301:W=0.0566167,low@0.4168:W=0.200604;low@0.4326:W=0.652187;low@0.4637:W=0.0532381;low@0.9353:W=0.0110922;high@0.7701:W=0.162554;high@0.9301:W=0.0566167
nstxuG142301M21/N8/egn08w.3290E+02,nstxuG142301M21,candidate,8,5.736121874680161,-0.00033540485919014864,,,below_upper2,0.9941038006894429,0.99998945139449,0.215,lower_max,0.385,0.17,-0.08860252078394777,0.007226769238927973,0.05399979317293123,6,2,4,0.47053036311182506,0.006301283138764241,0.47053036311182506,0.0007705706020372436,False,False,False,False,False,low@0.3374:W=0.47053;low@0.9355:W=3.41757e-06;high@0.7460:W=1.597e-06;high@0.9305:W=5.72636e-06,low@0.3374:W=0.47053;low@0.3660:W=0.00630128;low@0.4034:W=0.000770571;low@0.9355:W=3.41757e-06;high@0.7460:W=1.597e-06;high@0.9305:W=5.72636e-06
nstxuG142301M21/N8/egn08w.3397E+02,nstxuG142301M21,candidate,8,5.82830953390658,-3.628370824589654e-05,,,below_upper2,0.9931818688422431,0.9979220324035858,0.45,lower_max,0.385,0.065,-0.0713838542674861,0.06349678481635138,0.0531456665171037,6,2,4,0.027153566675413056,0.027153566675413056,0.0002287460119286312,0.004175138722764397,False,False,False,False,False,low@0.3346:W=0.000197359;low@0.9355:W=0.000113662;high@0.7403:W=2.31547e-05;high@0.9306:W=0.000228746,low@0.3346:W=0.000197359;low@0.3690:W=0.0271536;low@0.4015:W=0.00417514;low@0.9355:W=0.000113662;high@0.7403:W=2.31547e-05;high@0.9306:W=0.000228746
nstxuG142301M21/N8/egn08w.3451E+02,nstxuG142301M21,candidate,8,5.8746351720430505,-0.0004969516746212543,,,below_upper2,0.9943113777599404,0.9999932621374177,0.21,lower_max,0.295,0.08499999999999999,-0.22218635615005425,0.31026632826167344,0.1628597382223983,6,0,6,0.5284396749424454,0.0,0.5284396749424454,0.0002615754337254298,False,False,False,False,False,low@0.3335:W=0.52844;low@0.3705:W=0.00408595;low@0.4006:W=0.000261575;low@0.9356:W=2.35546e-06;high@0.7381:W=2.92937e-06;high@0.9306:W=5.54051e-06,low@0.3335:W=0.52844;low@0.3705:W=0.00408595;low@0.4006:W=0.000261575;low@0.9356:W=2.35546e-06;high@0.7381:W=2.92937e-06;high@0.9306:W=5.54051e-06
nstxuG142301M21/N8/egn08w.3744E+02,nstxuG142301M21,candidate,8,6.119159238505255,-0.00026807674864969195,,,below_upper2,0.9904176319970578,0.9967735880359758,0.24,lower_max,0.295,0.05499999999999999,-0.17334729736239018,0.2265800510693326,0.15635179752320533,6,0,6,0.1193600732061538,0.0,0.1193600732061538,0.003287358209339328,False,False,False,False,False,low@0.3276:W=0.11936;low@0.3784:W=0.000986485;low@0.3945:W=0.000383161;low@0.9357:W=0.000601023;high@0.7270:W=4.07158e-05;high@0.9309:W=0.00328736,low@0.3276:W=0.11936;low@0.3784:W=0.000986485;low@0.3945:W=0.000383161;low@0.9357:W=0.000601023;high@0.7270:W=4.07158e-05;high@0.9309:W=0.00328736
nstxuG142301M21/N8/egn08w.3797E+02,nstxuG142301M21,candidate,8,6.161697763251451,-3.372001365776415e-05,,,below_upper2,0.9958817335887649,0.9997056341504992,0.23,lower_max,0.295,0.06499999999999997,-0.1652468573598943,0.12438005306503341,0.15527239131673418,6,0,6,0.11874517572879643,0.0,0.11874517572879643,0.00016449223620533553,False,False,False,False,False,low@0.3266:W=0.118745;low@0.3799:W=0.0102993;low@0.3928:W=0.0029492;low@0.9357:W=3.2239e-05;high@0.7242:W=9.5539e-07;high@0.9309:W=0.000164492,low@0.3266:W=0.118745;low@0.3799:W=0.0102993;low@0.3928:W=0.0029492;low@0.9357:W=3.2239e-05;high@0.7242:W=9.5539e-07;high@0.9309:W=0.000164492
nstxuG142301M21/N8/egn08w.4042E+02,nstxuG142301M21,candidate,8,6.357887086700805,-0.0018770410493159273,,,below_upper2,0.21212047059673275,0.555283011953809,0.385,lower_max,0.385,0.0,0.017856616962813928,0.45012511118119947,0.04871892039343977,6,0,6,0.25261688223735645,0.0,0.25261688223735645,0.25261688223735645,True,True,False,False,False,low@0.2104:W=0.000314252;low@0.2550:W=0.00833535;low@0.3223:W=0.00308981;low@0.9358:W=0.0907444;high@0.7150:W=0.00231192;high@0.9311:W=0.252617,low@0.2104:W=0.000314252;low@0.2550:W=0.00833535;low@0.3223:W=0.00308981;low@0.9358:W=0.0907444;high@0.7150:W=0.00231192;high@0.9311:W=0.252617
nstxuG142301M21/N9/egn09w.1414E+03,nstxuG142301M21,candidate,9,11.892381669636903,-6.376975930237162e-08,,,below_upper2,0.46922033686188586,0.8082167233594314,0.015,upper_min,0.17,0.15500000000000003,-0.11167245273915205,5.448055718508994e-06,0.11392662145860076,5,0,5,0.10837680544866654,0.0,0.10837680544866654,5.046898960970104e-07,False,False,False,False,False,low@0.9103:W=5.0469e-07;high@0.0427:W=0.108377;high@0.2329:W=6.83116e-07;high@0.2835:W=5.36355e-07;high@0.9077:W=4.83714e-07,low@0.9103:W=5.0469e-07;high@0.0427:W=0.108377;high@0.2329:W=6.83116e-07;high@0.2835:W=5.36355e-07;high@0.9077:W=4.83714e-07
nstxuG142301M21/N9/egn09w.1417E+03,nstxuG142301M21,candidate,9,11.903302491215136,-2.5221937327680915e-08,,,below_upper2,0.2862110111826593,0.9266858289951198,0.015,upper_min,0.17,0.15500000000000003,-0.11248745904969698,1.0284359520642957e-05,0.11382209817131317,5,0,5,0.02478149629897413,0.0,0.02478149629897413,3.737034108043467e-06,False,False,False,False,False,low@0.9103:W=3.5959e-06;high@0.0399:W=0.0247815;high@0.2333:W=9.82766e-07;high@0.2832:W=9.12369e-07;high@0.9077:W=3.73703e-06,low@0.9103:W=3.5959e-06;high@0.0399:W=0.0247815;high@0.2333:W=9.82766e-07;high@0.2832:W=9.12369e-07;high@0.9077:W=3.73703e-06
nstxuG142301M21/N9/egn09w.1612E+02,nstxuG142301M21,candidate,9,4.015403242392121,-0.3431531892273721,,,below_upper2,0.5599718766849321,0.5243224129662283,0.915,lower_max,0.39,0.525,-0.5434225527703873,0.018154081439599744,0.04379939322887863,6,0,6,0.2829015142429179,0.0,0.2829015142429179,0.2829015142429179,False,False,False,False,False,low@0.5913:W=0.00571973;low@0.6036:W=0.00738401;low@0.6071:W=0.00828764;low@0.9054:W=0.157692;high@0.8163:W=0.0241908;high@0.9007:W=0.282902,low@0.5913:W=0.00571973;low@0.6036:W=0.00738401;low@0.6071:W=0.00828764;low@0.9054:W=0.157692;high@0.8163:W=0.0241908;high@0.9007:W=0.282902
nstxuG142301M21/N9/egn09w.1861E+02,nstxuG142301M21,candidate,9,4.31435350614514,-0.07579503384728582,,,below_upper2,0.5199555753455493,0.6481076289787912,0.845,lower_max,0.39,0.45499999999999996,-0.4364756884080067,0.09886558317451953,0.04076444485495766,6,0,6,0.2691645116673995,0.0,0.2691645116673995,0.2691645116673995,False,False,False,False,False,low@0.5406:W=0.000740031;low@0.5504:W=0.00430094;low@0.5645:W=0.000965175;low@0.9055:W=0.023925;high@0.8044:W=0.269165;high@0.9010:W=0.0202757,low@0.5406:W=0.000740031;low@0.5504:W=0.00430094;low@0.5645:W=0.000965175;low@0.9055:W=0.023925;high@0.8044:W=0.269165;high@0.9010:W=0.0202757
nstxuG142301M21/N9/egn09w.1969E+02,nstxuG142301M21,candidate,9,4.436817150018399,-0.7715988037923585,,,below_upper2,0.5145688740857166,0.7808940751627419,0.775,lower_max,0.39,0.385,-0.3968265342531947,0.00721981873085556,0.03963927735568671,6,0,6,0.07248500643607533,0.0,0.07248500643607533,0.07248500643607533,False,False,False,False,False,low@0.5379:W=0.00304657;low@0.5539:W=0.0104576;low@0.5615:W=0.0125046;low@0.9056:W=0.0109176;high@0.7997:W=0.072485;high@0.9011:W=0.0111036,low@0.5379:W=0.00304657;low@0.5539:W=0.0104576;low@0.5615:W=0.0125046;low@0.9056:W=0.0109176;high@0.7997:W=0.072485;high@0.9011:W=0.0111036
nstxuG142301M21/N9/egn09w.2123E+02,nstxuG142301M21,candidate,9,4.6080609746100025,-0.0018559769929077025,,,below_upper2,0.9961363338771586,0.9999317514411837,0.185,lower_max,0.39,0.20500000000000002,-0.3449179507221802,0.0019390420355345213,0.0381662105938022,6,0,6,3.612228938274806e-05,0.0,3.612228938274806e-05,3.612228938274806e-05,False,False,False,False,False,low@0.5057:W=2.65119e-06;low@0.5198:W=2.44994e-06;low@0.5345:W=2.21214e-06;low@0.9056:W=3.61223e-05;high@0.7928:W=1.9622e-05;high@0.9013:W=3.41273e-05,low@0.5057:W=2.65119e-06;low@0.5198:W=2.44994e-06;low@0.5345:W=2.21214e-06;low@0.9056:W=3.61223e-05;high@0.7928:W=1.9622e-05;high@0.9013:W=3.41273e-05
nstxuG142301M21/N9/egn09w.2156E+02,nstxuG142301M21,candidate,9,4.642919034705318,-0.0026185192822029634,,,below_upper2,0.9958207983842488,0.9999499324378089,0.16,lower_max,0.39,0.23,-0.334820589471831,0.0013337800529539894,0.03787966670782344,6,0,6,3.5830526960616935e-05,0.0,3.5830526960616935e-05,3.5830526960616935e-05,False,False,False,False,False,low@0.5048:W=2.91604e-06;low@0.5208:W=2.2825e-06;low@0.5337:W=2.40438e-06;low@0.9056:W=3.58305e-05;high@0.7913:W=1.63186e-05;high@0.9013:W=3.41891e-05,low@0.5048:W=2.91604e-06;low@0.5208:W=2.2825e-06;low@0.5337:W=2.40438e-06;low@0.9056:W=3.58305e-05;high@0.7913:W=1.63186e-05;high@0.9013:W=3.41891e-05
nstxuG142301M21/N9/egn09w.2398E+02,nstxuG142301M21,candidate,9,4.896545359290786,-0.008266939383938285,,,mixed,0.11096291921707092,0.4132962429064866,0.79,lower_max,0.39,0.4,-0.26568089704635667,1.3196942157189426e-05,0.03591761388513309,6,0,6,0.5698723122626859,0.0,0.5698723122626859,0.5698723122626859,False,False,False,False,False,low@0.4649:W=6.51049e-05;low@0.4814:W=9.78724e-05;low@0.5002:W=0.000171024;low@0.9057:W=0.411908;high@0.7809:W=0.569872;high@0.9016:W=0.497411,low@0.4649:W=6.51049e-05;low@0.4814:W=9.78724e-05;low@0.5002:W=0.000171024;low@0.9057:W=0.411908;high@0.7809:W=0.569872;high@0.9016:W=0.497411
nstxuG142301M21/N9/egn09w.2515E+02,nstxuG142301M21,candidate,9,5.015334728852523,-0.0582908389420077,,,below_upper2,0.9983454823401,0.999037201998263,0.085,lower_max,0.39,0.305,-0.23570295061707222,8.291929591090233e-05,0.03506689684624205,6,0,6,0.0003111300933957162,0.0,0.0003111300933957162,0.0003111300933957162,False,False,False,False,False,low@0.4627:W=2.58277e-05;low@0.4845:W=2.62126e-05;low@0.4975:W=2.70953e-05;low@0.9058:W=0.00031113;high@0.7761:W=0.000126722;high@0.9017:W=0.000301439,low@0.4627:W=2.58277e-05;low@0.4845:W=2.62126e-05;low@0.4975:W=2.70953e-05;low@0.9058:W=0.00031113;high@0.7761:W=0.000126722;high@0.9017:W=0.000301439
nstxuG142301M21/N9/egn09w.2586E+02,nstxuG142301M21,candidate,9,5.0852750776267355,-0.001559505680606892,,,below_upper2,0.9997509125486518,0.9999514231864917,0.08,lower_max,0.39,0.31,-0.21870770571326748,4.170706783282691e-06,0.03458460415638424,8,1,7,1.6418946754989555e-05,1.7959896917559934e-06,1.6418946754989555e-05,1.6418946754989555e-05,False,False,False,False,False,low@0.4287:W=1.79691e-06;low@0.4614:W=1.80222e-06;low@0.4869:W=1.85087e-06;low@0.4959:W=1.88182e-06;low@0.9058:W=1.64189e-05;high@0.7734:W=5.85012e-06;high@0.9018:W=1.60217e-05,low@0.4194:W=1.79599e-06;low@0.4287:W=1.79691e-06;low@0.4614:W=1.80222e-06;low@0.4869:W=1.85087e-06;low@0.4959:W=1.88182e-06;low@0.9058:W=1.64189e-05;high@0.7734:W=5.85012e-06;high@0.9018:W=1.60217e-05
nstxuG142301M21/N9/egn09w.3039E+02,nstxuG142301M21,candidate,9,5.513098375746428,-6.672231736989984e-05,,,below_upper2,0.9995607714356562,0.9999927214983971,0.075,lower_max,0.315,0.24,-0.26803255082806443,1.0910133076235142e-06,0.16615966278124278,8,0,8,3.3600970265891972e-06,0.0,3.3600970265891972e-06,3.3600970265891972e-06,False,False,False,False,False,low@0.3540:W=7.25534e-07;low@0.3670:W=7.34513e-07;low@0.4092:W=7.66693e-07;low@0.4415:W=7.60902e-07;low@0.4526:W=7.5766e-07;low@0.9060:W=3.3601e-06;high@0.7557:W=1.48469e-06;high@0.9023:W=3.19837e-06,low@0.3540:W=7.25534e-07;low@0.3670:W=7.34513e-07;low@0.4092:W=7.66693e-07;low@0.4415:W=7.60902e-07;low@0.4526:W=7.5766e-07;low@0.9060:W=3.3601e-06;high@0.7557:W=1.48469e-06;high@0.9023:W=3.19837e-06
nstxuG142301M21/N9/egn09w.3139E+02,nstxuG142301M21,candidate,9,5.602974971939838,-0.0016118224849405486,,,below_upper2,0.9990342596112276,0.9997391103506362,0.065,lower_max,0.315,0.25,-0.2476922048330124,1.0133562629205248e-05,0.16349431714071916,8,0,8,0.00013880284239204408,0.0,0.00013880284239204408,0.00013880284239204408,False,False,False,False,False,low@0.3505:W=7.04492e-06;low@0.3707:W=7.18313e-06;low@0.4076:W=7.68515e-06;low@0.4448:W=7.92834e-06;low@0.4485:W=7.94701e-06;low@0.9060:W=0.00013755;high@0.7519:W=5.58508e-05;high@0.9024:W=0.000138803,low@0.3505:W=7.04492e-06;low@0.3707:W=7.18313e-06;low@0.4076:W=7.68515e-06;low@0.4448:W=7.92834e-06;low@0.4485:W=7.94701e-06;low@0.9060:W=0.00013755;high@0.7519:W=5.58508e-05;high@0.9024:W=0.000138803
nstxuG142301M21/N9/egn09w.3312E+02,nstxuG142301M21,candidate,9,5.754925843467993,-0.0005208182424426709,,,below_upper2,0.9984777325008309,0.9999286896872606,0.105,lower_max,0.315,0.21000000000000002,-0.214748614753837,1.1124821989982166e-05,0.15917747542022495,6,0,6,3.2151956547745205e-05,0.0,3.2151956547745205e-05,3.2151956547745205e-05,False,False,False,False,False,low@0.3464:W=5.4762e-06;low@0.3752:W=5.94252e-06;low@0.4048:W=6.86046e-06;low@0.9061:W=2.82177e-05;high@0.7452:W=1.02063e-05;high@0.9026:W=3.2152e-05,low@0.3464:W=5.4762e-06;low@0.3752:W=5.94252e-06;low@0.4048:W=6.86046e-06;low@0.9061:W=2.82177e-05;high@0.7452:W=1.02063e-05;high@0.9026:W=3.2152e-05
nstxuG142301M21/N9/egn09w.3346E+02,nstxuG142301M21,candidate,9,5.784652270573174,-0.006499034122542224,,,below_upper2,0.9968548868095533,0.9991481870991157,0.11,lower_max,0.315,0.20500000000000002,-0.2085062108099918,4.0438805434945676e-05,0.15835948716465825,6,0,6,0.0004884458504737293,0.0,0.0004884458504737293,0.0004884458504737293,False,False,False,False,False,low@0.3457:W=3.08299e-05;low@0.3760:W=3.27226e-05;low@0.4043:W=3.57822e-05;low@0.9061:W=0.000488446;high@0.7435:W=0.000166234;high@0.9026:W=0.000423631,low@0.3457:W=3.08299e-05;low@0.3760:W=3.27226e-05;low@0.4043:W=3.57822e-05;low@0.9061:W=0.000488446;high@0.7435:W=0.000166234;high@0.9026:W=0.000423631
nstxuG142301M21/N9/egn09w.3355E+02,nstxuG142301M21,candidate,9,5.792297410593069,-0.1335758938698099,,,below_upper2,0.5709127754554755,0.7317598656566868,0.605,lower_max,0.39,0.21499999999999997,-0.06994919001246223,0.0006839290721377537,0.030363120730715263,6,2,4,0.25340942027556057,0.0009834812084703437,0.25340942027556057,0.25340942027556057,False,False,False,False,False,low@0.3455:W=0.00085037;low@0.9061:W=0.125363;high@0.7430:W=0.0628014;high@0.9026:W=0.253409,low@0.3455:W=0.00085037;low@0.3762:W=0.000791814;low@0.4041:W=0.000983481;low@0.9061:W=0.125363;high@0.7430:W=0.0628014;high@0.9026:W=0.253409
nstxuG142301M21/N9/egn09w.3363E+02,nstxuG142301M21,candidate,9,5.799462777127679,-0.02943551384500948,,,below_upper2,0.9943329872783652,0.9964136229084358,0.065,lower_max,0.315,0.25,-0.2054199612996146,9.132371749455766e-05,0.15795507311584842,6,0,6,0.001543742505131283,0.0,0.001543742505131283,0.001543742505131283,False,False,False,False,False,low@0.3453:W=4.97447e-05;low@0.3764:W=5.32731e-05;low@0.4040:W=5.83628e-05;low@0.9061:W=0.00149586;high@0.7426:W=0.000410747;high@0.9027:W=0.00154374,low@0.3453:W=4.97447e-05;low@0.3764:W=5.32731e-05;low@0.4040:W=5.83628e-05;low@0.9061:W=0.00149586;high@0.7426:W=0.000410747;high@0.9027:W=0.00154374
nstxuG142301M21/N9/egn09w.3409E+02,nstxuG142301M21,candidate,9,5.838776732634384,-0.001838162584754564,,,below_upper2,0.9974077848027648,0.9997082770694254,0.145,lower_max,0.315,0.17,-0.19730356485298334,7.083757111890033e-06,0.15689152179321839,6,1,5,0.00014664734762042867,4.387214628860374e-06,0.00014664734762042867,0.00014664734762042867,False,False,False,False,False,low@0.3774:W=4.88362e-06;low@0.4032:W=5.54383e-06;low@0.9061:W=0.000146647;high@0.7403:W=3.36481e-05;high@0.9027:W=0.000143526,low@0.3444:W=4.38721e-06;low@0.3774:W=4.88362e-06;low@0.4032:W=5.54383e-06;low@0.9061:W=0.000146647;high@0.7403:W=3.36481e-05;high@0.9027:W=0.000143526
nstxuG142301M21/N9/egn09w.3624E+02,nstxuG142301M21,candidate,9,6.020321773781566,-0.00023787159020428907,,,below_upper2,0.9979215136955714,0.999967694603277,0.215,lower_max,0.315,0.1,-0.16119843075641013,3.7883631160212703e-06,0.15216039962901173,8,1,7,1.7624983784532793e-05,2.370676435646281e-06,1.7624983784532793e-05,1.7624983784532793e-05,False,False,False,False,False,low@0.2607:W=4.61518e-06;low@0.2728:W=3.87511e-06;low@0.3824:W=1.71224e-06;low@0.3994:W=1.64237e-06;low@0.9062:W=1.7625e-05;high@0.7318:W=4.88122e-06;high@0.9029:W=1.7253e-05,low@0.2607:W=4.61518e-06;low@0.2728:W=3.87511e-06;low@0.3406:W=2.37068e-06;low@0.3824:W=1.71224e-06;low@0.3994:W=1.64237e-06;low@0.9062:W=1.7625e-05;high@0.7318:W=4.88122e-06;high@0.9029:W=1.7253e-05
nstxuG142301M21/N9/egn09w.3692E+02,nstxuG142301M21,candidate,9,6.076331380262532,-0.0002436835664344511,,,below_upper2,0.995474036908913,0.9999712150413285,0.225,lower_max,0.315,0.09,-0.150494888917951,4.383660377800782e-06,0.15075783555344294,8,1,7,0.005582023763222456,3.652276525516294e-06,0.005582023763222456,1.757212831519164e-05,False,False,False,False,False,low@0.2563:W=0.00558202;low@0.2773:W=6.97588e-06;low@0.3841:W=2.40895e-06;low@0.3977:W=2.22209e-06;low@0.9063:W=1.75721e-05;high@0.7297:W=6.39658e-06;high@0.9030:W=1.69791e-05,low@0.2563:W=0.00558202;low@0.2773:W=6.97588e-06;low@0.3395:W=3.65228e-06;low@0.3841:W=2.40895e-06;low@0.3977:W=2.22209e-06;low@0.9063:W=1.75721e-05;high@0.7297:W=6.39658e-06;high@0.9030:W=1.69791e-05
nstxuG142301M21/N9/egn09w.3705E+02,nstxuG142301M21,candidate,9,6.086785831608374,-4.734207801152731e-05,,,below_upper2,0.994891448716925,0.9999945002998738,0.23500000000000001,lower_max,0.315,0.07999999999999999,-0.14851883896768453,3.2808440541450658e-06,0.15049889914588718,8,1,7,0.002908928327558574,2.1025710389927812e-06,0.002908928327558574,2.203874919799128e-06,False,False,False,False,False,low@0.2555:W=0.00290893;low@0.2779:W=3.76664e-06;low@0.3844:W=1.20643e-06;low@0.3974:W=1.0884e-06;low@0.9063:W=2.20387e-06;high@0.7293:W=1.58716e-06;high@0.9030:W=2.13151e-06,low@0.2555:W=0.00290893;low@0.2779:W=3.76664e-06;low@0.3393:W=2.10257e-06;low@0.3844:W=1.20643e-06;low@0.3974:W=1.0884e-06;low@0.9063:W=2.20387e-06;high@0.7293:W=1.58716e-06;high@0.9030:W=2.13151e-06
nstxuG142301M21/N9/egn09w.3741E+02,nstxuG142301M21,candidate,9,6.116487606580052,-0.5642798767861372,,,below_upper2,0.9167771454911828,0.9442048546963515,0.065,lower_max,0.165,0.1,-0.3536937296513422,0.04264224079688428,0.17246520891886566,8,0,8,0.030447969109177964,0.0,0.030447969109177964,0.030259836454179425,False,False,False,False,False,low@0.2538:W=0.030448;low@0.2797:W=0.00158959;low@0.3388:W=0.000948862;low@0.3856:W=0.000705259;low@0.3965:W=0.000731435;low@0.9063:W=0.0302598;high@0.7282:W=0.0085059;high@0.9031:W=0.0293646,low@0.2538:W=0.030448;low@0.2797:W=0.00158959;low@0.3388:W=0.000948862;low@0.3856:W=0.000705259;low@0.3965:W=0.000731435;low@0.9063:W=0.0302598;high@0.7282:W=0.0085059;high@0.9031:W=0.0293646
nstxuG142301M21/N9/egn09w.3774E+02,nstxuG142301M21,candidate,9,6.14360342760321,-0.026552935233352996,,,below_upper2,0.9941408817302023,0.9974983005500477,0.065,lower_max,0.165,0.1,-0.347718976019219,0.004459372799946616,0.1717040048807349,8,0,8,0.004668148130267703,0.0,0.004668148130267703,0.0009626648752720847,False,False,False,False,False,low@0.2525:W=0.00466815;low@0.2810:W=6.38169e-05;low@0.3382:W=3.10897e-05;low@0.3870:W=2.32168e-05;low@0.3956:W=2.40017e-05;low@0.9063:W=0.000962665;high@0.7271:W=0.000404854;high@0.9031:W=0.000932096,low@0.2525:W=0.00466815;low@0.2810:W=6.38169e-05;low@0.3382:W=3.10897e-05;low@0.3870:W=2.32168e-05;low@0.3956:W=2.40017e-05;low@0.9063:W=0.000962665;high@0.7271:W=0.000404854;high@0.9031:W=0.000932096
nstxuG142301M21/N9/egn09w.3807E+02,nstxuG142301M21,candidate,9,6.1699586881774025,-9.1003046340996e-05,,,below_upper2,0.9910645553939161,0.999923969581002,0.26,lower_max,0.315,0.05499999999999999,-0.13303646744981226,0.0013696815604194417,0.14847012975129742,8,1,7,0.10424901848454562,1.0718075983842365e-05,0.10424901848454562,3.4085595195505854e-05,False,False,False,False,False,low@0.2511:W=0.104249;low@0.2821:W=0.00874219;low@0.3885:W=3.36708e-06;low@0.3942:W=3.19254e-06;low@0.9063:W=2.13482e-05;high@0.7260:W=3.40856e-05;high@0.9031:W=2.27981e-05,low@0.2511:W=0.104249;low@0.2821:W=0.00874219;low@0.3377:W=1.07181e-05;low@0.3885:W=3.36708e-06;low@0.3942:W=3.19254e-06;low@0.9063:W=2.13482e-05;high@0.7260:W=3.40856e-05;high@0.9031:W=2.27981e-05
nstxuG142301M21/N9/egn09w.3824E+02,nstxuG142301M21,candidate,9,6.184153966356697,-0.0001920607236064055,,,below_upper2,0.9909939162274503,0.9998506560323595,0.265,lower_max,0.315,0.04999999999999999,-0.13043566418226185,0.004045416647415393,0.1481293273061123,8,1,7,0.4893529291798911,1.5094615835435139e-05,0.4893529291798911,6.289838092605453e-05,False,False,False,False,False,low@0.2504:W=0.489353;low@0.2827:W=0.0961538;low@0.3893:W=2.04199e-06;low@0.3920:W=1.96231e-06;low@0.9063:W=5.48607e-05;high@0.7255:W=4.35765e-05;high@0.9032:W=6.28984e-05,low@0.2504:W=0.489353;low@0.2827:W=0.0961538;low@0.3375:W=1.50946e-05;low@0.3893:W=2.04199e-06;low@0.3920:W=1.96231e-06;low@0.9063:W=5.48607e-05;high@0.7255:W=4.35765e-05;high@0.9032:W=6.28984e-05
nstxuG142301M21/N9/egn09w.3840E+02,nstxuG142301M21,candidate,9,6.19713912268565,-1.128903235746699e-05,,,below_upper2,0.9916689143519152,0.9999847314653015,0.27,lower_max,0.315,0.044999999999999984,-0.12806700930319095,0.0520176863338725,0.1478189449774453,8,1,7,0.41165183645169673,0.006621153884027894,0.41165183645169673,5.60019187938801e-06,False,False,False,False,False,low@0.2498:W=0.0602757;low@0.2833:W=0.411652;low@0.3900:W=3.85308e-06;low@0.3900:W=3.83866e-06;low@0.9063:W=5.60019e-06;high@0.7248:W=4.62848e-06;high@0.9032:W=5.1597e-06,low@0.2498:W=0.0602757;low@0.2833:W=0.411652;low@0.3372:W=0.00662115;low@0.3900:W=3.85308e-06;low@0.3900:W=3.83866e-06;low@0.9063:W=5.60019e-06;high@0.7248:W=4.62848e-06;high@0.9032:W=5.1597e-06
nstxuG142301M21/N9/egn09w.3845E+02,nstxuG142301M21,candidate,9,6.200762467706779,-0.00010887347514032144,,,below_upper2,0.9952360132500851,0.999990272064873,0.32,lower_max,0.39,0.07,0.0005319579565611247,0.146956965282808,0.02836299995395395,6,0,6,0.16391625725450634,0.0,0.16391625725450634,2.3426946219192792e-06,False,False,False,False,False,low@0.2497:W=0.00782963;low@0.2834:W=0.0100702;low@0.3371:W=0.163916;low@0.9063:W=2.34269e-06;high@0.7243:W=5.84298e-07;high@0.9032:W=2.26662e-06,low@0.2497:W=0.00782963;low@0.2834:W=0.0100702;low@0.3371:W=0.163916;low@0.9063:W=2.34269e-06;high@0.7243:W=5.84298e-07;high@0.9032:W=2.26662e-06
nstxuG142301M21/N9/egn09w.3849E+02,nstxuG142301M21,candidate,9,6.203654648937954,-0.06374465225575103,,,below_upper2,0.8139864535485177,0.9192088321171408,0.485,lower_max,0.39,0.09499999999999997,0.0009979159887111254,0.0004941059067450827,0.028349776952228557,6,0,6,0.04581641061048296,0.0,0.04581641061048296,0.04581641061048296,False,False,False,False,False,low@0.2495:W=0.000548905;low@0.2835:W=0.00135167;low@0.3371:W=0.000256805;low@0.9063:W=0.0437186;high@0.7239:W=0.0286871;high@0.9032:W=0.0458164,low@0.2495:W=0.000548905;low@0.2835:W=0.00135167;low@0.3371:W=0.000256805;low@0.9063:W=0.0437186;high@0.7239:W=0.0286871;high@0.9032:W=0.0458164
nstxuG142301M21/N9/egn09w.3854E+02,nstxuG142301M21,candidate,9,6.208276024844411,-1.4300857046626217e-05,,,below_upper2,0.9925410384027062,0.9999877046075412,0.29,lower_max,0.315,0.025000000000000022,-0.12604339246320836,0.18952475960439816,0.14755377552930268,6,1,5,0.3656819517886234,0.0008064023358444125,0.3656819517886234,5.736251883407383e-06,False,False,False,False,False,low@0.2494:W=0.0922658;low@0.2837:W=0.365682;low@0.9063:W=5.73625e-06;high@0.7233:W=2.97766e-06;high@0.9032:W=5.72745e-06,low@0.2494:W=0.0922658;low@0.2837:W=0.365682;low@0.3370:W=0.000806402;low@0.9063:W=5.73625e-06;high@0.7233:W=2.97766e-06;high@0.9032:W=5.72745e-06
nstxuG142301M21/N9/egn09w.3871E+02,nstxuG142301M21,candidate,9,6.221896519498063,-5.658137899246139e-05,,,below_upper2,0.9932244085950207,0.9999898943591102,0.315,lower_max,0.39,0.07500000000000001,0.003926872882915994,0.05521282056061369,0.028266658732574813,6,0,6,0.766311901194962,0.0,0.766311901194962,9.337374231253175e-06,False,False,False,False,False,low@0.2488:W=0.591754;low@0.2843:W=0.766312;low@0.3367:W=0.28425;low@0.9063:W=9.33737e-06;high@0.7214:W=3.71606e-06;high@0.9032:W=9.15851e-06,low@0.2488:W=0.591754;low@0.2843:W=0.766312;low@0.3367:W=0.28425;low@0.9063:W=9.33737e-06;high@0.7214:W=3.71606e-06;high@0.9032:W=9.15851e-06
nstxuG142301M21/N9/egn09w.3875E+02,nstxuG142301M21,candidate,9,6.225290794571263,-0.0008769857044232121,,,below_upper2,0.9925250430812569,0.9998444885512531,0.305,lower_max,0.315,0.010000000000000009,-0.12296572594810948,0.6129773485551707,0.14715048617370374,6,1,5,0.30950183614874066,0.008613893021826935,0.30950183614874066,4.146953182441812e-05,False,False,False,False,False,low@0.2487:W=0.0138755;low@0.2845:W=0.309502;low@0.9063:W=4.14695e-05;high@0.7209:W=8.79399e-06;high@0.9032:W=4.05419e-05,low@0.2487:W=0.0138755;low@0.2845:W=0.309502;low@0.3367:W=0.00861389;low@0.9063:W=4.14695e-05;high@0.7209:W=8.79399e-06;high@0.9032:W=4.05419e-05
nstxuG142301M21/N9/egn09w.3903E+02,nstxuG142301M21,candidate,9,6.2470741506787775,-0.0001788551418197533,,,below_upper2,0.9932065679042816,0.9999802147498384,0.37,lower_max,0.39,0.020000000000000018,0.007941354097429769,0.06545860200330166,0.02815273539964902,6,0,6,0.8564062999921498,0.0,0.8564062999921498,2.0551442375864696e-05,False,False,False,False,False,low@0.2478:W=0.220505;low@0.2853:W=0.856406;low@0.3363:W=0.31172;low@0.9063:W=2.05514e-05;high@0.7195:W=7.16136e-06;high@0.9032:W=2.00289e-05,low@0.2478:W=0.220505;low@0.2853:W=0.856406;low@0.3363:W=0.31172;low@0.9063:W=2.05514e-05;high@0.7195:W=7.16136e-06;high@0.9032:W=2.00289e-05
nstxuG142301M21/N9/egn09w.3908E+02,nstxuG142301M21,candidate,9,6.251638765418992,-0.0007214457950258574,,,below_upper2,0.9444081162775907,0.9787656462077297,0.485,lower_max,0.39,0.09499999999999997,0.008665702654370203,0.001516694954254608,0.02813217976682944,6,0,6,0.005335134314986633,0.0,0.005335134314986633,0.005335134314986633,False,False,False,False,False,low@0.2476:W=5.90619e-05;low@0.2855:W=8.33249e-05;low@0.3362:W=0.000111754;low@0.9063:W=0.00466368;high@0.7194:W=0.00533513;high@0.9033:W=0.00526404,low@0.2476:W=5.90619e-05;low@0.2855:W=8.33249e-05;low@0.3362:W=0.000111754;low@0.9063:W=0.00466368;high@0.7194:W=0.00533513;high@0.9033:W=0.00526404
nstxuG142301M21/N9/egn09w.3911E+02,nstxuG142301M21,candidate,9,6.2537102474093444,-0.1817208254958681,,,below_upper2,0.9789973652713351,0.988993370468363,0.29,lower_max,0.315,0.025000000000000022,-0.1178625039847023,0.7013097664003627,0.14648177333980697,6,2,4,0.8198952797552784,0.8198952797552784,0.006236127854375518,0.0038537095593244443,False,False,False,False,False,low@0.2475:W=0.00623613;low@0.9063:W=0.00385371;high@0.7193:W=0.000807529;high@0.9033:W=0.00376573,low@0.2475:W=0.00623613;low@0.2856:W=0.819895;low@0.3361:W=0.00535585;low@0.9063:W=0.00385371;high@0.7193:W=0.000807529;high@0.9033:W=0.00376573
nstxuG142301M21/N9/egn09w.3922E+02,nstxuG142301M21,candidate,9,6.262309424298507,-0.0002240337804927151,,,below_upper2,0.9930860705438334,0.999974726558657,0.37,lower_max,0.39,0.020000000000000018,0.010354886213632534,0.06773046912577792,0.028084243953778707,6,0,6,0.3249323700374148,0.0,0.3249323700374148,2.8468443050936585e-05,False,False,False,False,False,low@0.2472:W=0.324932;low@0.2858:W=0.268981;low@0.3360:W=0.117849;low@0.9063:W=2.84684e-05;high@0.7190:W=9.35193e-06;high@0.9033:W=2.76834e-05,low@0.2472:W=0.324932;low@0.2858:W=0.268981;low@0.3360:W=0.117849;low@0.9063:W=2.84684e-05;high@0.7190:W=9.35193e-06;high@0.9033:W=2.76834e-05
nstxuG142301M21/N9/egn09w.3943E+02,nstxuG142301M21,candidate,9,6.279226893359523,-0.0005440127918167458,,,below_upper2,0.9928997959096492,0.9999471556837185,0.16,lower_max,0.315,0.155,-0.11331989034458641,0.18967393331728274,0.14588652115160863,6,2,4,0.5360437089543525,0.42878427141210573,0.5360437089543525,6.0752577955357764e-05,False,False,False,False,False,low@0.2465:W=0.536044;low@0.9064:W=6.07526e-05;high@0.7185:W=1.88346e-05;high@0.9033:W=5.90067e-05,low@0.2465:W=0.536044;low@0.2864:W=0.428784;low@0.3356:W=0.35686;low@0.9064:W=6.07526e-05;high@0.7185:W=1.88346e-05;high@0.9033:W=5.90067e-05
nstxuG142301M21/N9/egn09w.3949E+02,nstxuG142301M21,candidate,9,6.284307975184992,-0.00562255968787995,,,below_upper2,0.8292549089931582,0.9213927236060304,0.48,lower_max,0.39,0.08999999999999997,0.013819191031467387,0.0015291040029943646,0.027985933579404116,6,0,6,0.03050151772060429,0.0,0.03050151772060429,0.03050151772060429,False,False,False,False,False,low@0.2463:W=6.59347e-05;low@0.2866:W=6.52462e-05;low@0.3355:W=0.000176968;low@0.9064:W=0.0305015;high@0.7183:W=0.0227952;high@0.9033:W=0.0288271,low@0.2463:W=6.59347e-05;low@0.2866:W=6.52462e-05;low@0.3355:W=0.000176968;low@0.9064:W=0.0305015;high@0.7183:W=0.0227952;high@0.9033:W=0.0288271
nstxuG142301M21/N9/egn09w.3989E+02,nstxuG142301M21,candidate,9,6.315782920432457,-0.015170087882327312,,,below_upper2,0.8307164184545806,0.9157322068399172,0.445,lower_max,0.39,0.05499999999999999,0.01873386073393073,0.029647240625265046,0.027846464611232136,6,0,6,0.027564264863085518,0.0,0.027564264863085518,0.027564264863085518,False,False,False,False,False,low@0.2450:W=0.00229598;low@0.2877:W=0.00304374;low@0.3349:W=0.000906889;low@0.9064:W=0.0257487;high@0.7173:W=0.0130112;high@0.9033:W=0.0275643,low@0.2450:W=0.00229598;low@0.2877:W=0.00304374;low@0.3349:W=0.000906889;low@0.9064:W=0.0257487;high@0.7173:W=0.0130112;high@0.9033:W=0.0275643
nstxuG142301M21/N9/egn09w.3991E+02,nstxuG142301M21,candidate,9,6.317483539592829,-0.00029101442754158913,,,below_upper2,0.9893606533558085,0.9981981497997194,0.17,lower_max,0.315,0.145,-0.10657798355171781,0.17305525733729799,0.14500307935157436,6,2,4,0.23194036073836455,0.23194036073836455,0.17925111916707964,0.001514996814595245,False,False,False,False,False,low@0.2450:W=0.179251;low@0.9064:W=0.00142511;high@0.7173:W=0.000578133;high@0.9033:W=0.001515,low@0.2450:W=0.179251;low@0.2877:W=0.23194;low@0.3349:W=0.0640865;low@0.9064:W=0.00142511;high@0.7173:W=0.000578133;high@0.9033:W=0.001515
nstxuG142301M21/N9/egn09w.4005E+02,nstxuG142301M21,candidate,9,6.328652309089364,-0.005672143786319674,,,below_upper2,0.8878171671107091,0.9440340348697975,0.44,lower_max,0.39,0.04999999999999999,0.020729276930826317,0.19687658910414407,0.027789838499020527,6,0,6,0.01934010607779234,0.0,0.01934010607779234,0.01934010607779234,False,False,False,False,False,low@0.2446:W=0.00381133;low@0.2881:W=0.00287512;low@0.3347:W=0.00412024;low@0.9064:W=0.0169557;high@0.7169:W=0.00838442;high@0.9034:W=0.0193401,low@0.2446:W=0.00381133;low@0.2881:W=0.00287512;low@0.3347:W=0.00412024;low@0.9064:W=0.0169557;high@0.7169:W=0.00838442;high@0.9034:W=0.0193401
nstxuG142301M21/N9/egn09w.4032E+02,nstxuG142301M21,candidate,9,6.350024444368616,-0.0026359164362876773,,,below_upper2,0.9295994810051381,0.9711621115285216,0.4,lower_max,0.39,0.010000000000000009,0.02402518650594709,0.16360520578797097,0.027696306860994103,6,0,6,0.0267581375513005,0.0,0.0267581375513005,0.007090995663789023,True,False,False,False,False,low@0.2439:W=0.0235164;low@0.2889:W=0.0267581;low@0.3343:W=0.00615256;low@0.9064:W=0.007091;high@0.7162:W=0.00685565;high@0.9034:W=0.0065915,low@0.2439:W=0.0235164;low@0.2889:W=0.0267581;low@0.3343:W=0.00615256;low@0.9064:W=0.007091;high@0.7162:W=0.00685565;high@0.9034:W=0.0065915
nstxuG142301M21/N9/egn09w.4043E+02,nstxuG142301M21,candidate,9,6.358768196512096,-0.0022462323097697068,,,below_upper2,0.9895212696733113,0.9987914390769054,0.385,lower_max,0.39,0.0050000000000000044,0.025367220309310434,0.1422195595869658,0.02765822249701066,6,0,6,0.41627715470544363,0.0,0.41627715470544363,0.0007063306345574198,True,False,False,False,False,low@0.2436:W=0.360836;low@0.2892:W=0.416277;low@0.3341:W=0.0964476;low@0.9064:W=0.000706331;high@0.7160:W=0.000296706;high@0.9034:W=0.00069011,low@0.2436:W=0.360836;low@0.2892:W=0.416277;low@0.3341:W=0.0964476;low@0.9064:W=0.000706331;high@0.7160:W=0.000296706;high@0.9034:W=0.00069011
nstxuG142301M21/N9/egn09w.4056E+02,nstxuG142301M21,candidate,9,6.368750968441641,-8.508069547643269e-05,,,below_upper2,0.9381187012451161,0.975692998847166,0.395,lower_max,0.39,0.0050000000000000044,0.026894919665577062,0.2785577279734112,0.027614869298160146,6,0,6,0.028359808915021413,0.0,0.028359808915021413,0.004738628688187564,True,True,False,False,True,low@0.2432:W=0.0283598;low@0.2895:W=0.0278577;low@0.3339:W=0.0217096;low@0.9064:W=0.00473649;high@0.7156:W=0.00394014;high@0.9034:W=0.00473863,low@0.2432:W=0.0283598;low@0.2895:W=0.0278577;low@0.3339:W=0.0217096;low@0.9064:W=0.00473649;high@0.7156:W=0.00394014;high@0.9034:W=0.00473863
nstxuG142301M21/N9/egn09w.4067E+02,nstxuG142301M21,candidate,9,6.377275619389358,-0.008921628952114251,,,below_upper2,0.9678041029442808,0.9910242609855147,0.39,lower_max,0.39,0.0,0.02819569160023824,0.1426193311514908,0.027577955867444073,6,0,6,0.3702424132443609,0.0,0.3702424132443609,0.00562502143333056,True,False,False,False,False,low@0.2429:W=0.322972;low@0.2898:W=0.208232;low@0.3337:W=0.370242;low@0.9064:W=0.00548928;high@0.7154:W=0.00562502;high@0.9034:W=0.00554642,low@0.2429:W=0.322972;low@0.2898:W=0.208232;low@0.3337:W=0.370242;low@0.9064:W=0.00548928;high@0.7154:W=0.00562502;high@0.9034:W=0.00554642
nstxuG142301M21/N9/egn09w.4086E+02,nstxuG142301M21,candidate,9,6.392264901868344,-3.27185694071434e-05,,,below_upper2,0.9583644938986504,0.9866064622581098,0.19,lower_max,0.315,0.125,-0.09363242977000528,0.10354490360991811,0.14330672790580026,6,2,4,0.27012658732275924,0.16465214012112617,0.27012658732275924,0.010121505641798374,False,False,False,False,False,low@0.2424:W=0.270127;low@0.9064:W=0.00991828;high@0.7148:W=0.00846013;high@0.9034:W=0.0101215,low@0.2424:W=0.270127;low@0.2903:W=0.13178;low@0.3334:W=0.164652;low@0.9064:W=0.00991828;high@0.7148:W=0.00846013;high@0.9034:W=0.0101215
nstxuG142301M21/N9/egn09w.4108E+02,nstxuG142301M21,candidate,9,6.408999730795917,-0.009532841117496384,,,below_upper2,0.9602483349115176,0.9882503306797895,0.2,lower_max,0.315,0.11499999999999999,-0.09077679669298946,0.10638990821855716,0.14293253323012411,6,2,4,0.33861858335774625,0.33861858335774625,0.30786714623351574,0.008363140017358212,False,False,False,False,False,low@0.2418:W=0.307867;low@0.9064:W=0.00742232;high@0.7137:W=0.00836314;high@0.9035:W=0.00762322,low@0.2418:W=0.307867;low@0.2908:W=0.338619;low@0.3331:W=0.203139;low@0.9064:W=0.00742232;high@0.7137:W=0.00836314;high@0.9035:W=0.00762322
nstxuG142301M21/N9/egn09w.4133E+02,nstxuG142301M21,candidate,9,6.429145543364465,-0.0008233582143587462,,,below_upper2,0.9561752171386496,0.9858955450964578,0.20500000000000002,lower_max,0.315,0.10999999999999999,-0.08735883317791894,0.11227757177723863,0.14248465224734347,6,2,4,0.47939678851679507,0.47939678851679507,0.4353410635688447,0.010364780201664094,False,False,False,False,False,low@0.2411:W=0.435341;low@0.9064:W=0.0101046;high@0.7125:W=0.00892792;high@0.9035:W=0.0103648,low@0.2411:W=0.435341;low@0.2914:W=0.479397;low@0.3327:W=0.356862;low@0.9064:W=0.0101046;high@0.7125:W=0.00892792;high@0.9035:W=0.0103648
nstxuG142301M21/N9/egn09w.4162E+02,nstxuG142301M21,candidate,9,6.451435638116773,-0.017130052820080795,,,below_upper2,0.9577993047156133,0.9879357151046049,0.21,lower_max,0.315,0.10500000000000001,-0.08360194358297443,0.11176915044713769,0.14199235927915846,6,2,4,0.5737748924494913,0.3420438920240425,0.5737748924494913,0.009305425116680597,False,False,False,False,False,low@0.2404:W=0.573775;low@0.9064:W=0.00725097;high@0.7111:W=0.00930543;high@0.9035:W=0.00740481,low@0.2404:W=0.573775;low@0.2921:W=0.342044;low@0.3323:W=0.12312;low@0.9064:W=0.00725097;high@0.7111:W=0.00930543;high@0.9035:W=0.00740481
nstxuG142301M21/N9/egn09w.4196E+02,nstxuG142301M21,candidate,9,6.477387444684212,-0.0003916293618235379,,,below_upper2,0.9509021111998747,0.9834347177615409,0.215,lower_max,0.315,0.1,-0.07926046667177851,0.10372868736634146,0.14142346352087073,6,2,4,0.6810428957158063,0.32191045249724165,0.6810428957158063,0.011119285618967403,False,False,False,False,False,low@0.2395:W=0.681043;low@0.9065:W=0.0103532;high@0.7095:W=0.0111193;high@0.9036:W=0.0098039,low@0.2395:W=0.681043;low@0.2929:W=0.173902;low@0.3318:W=0.32191;low@0.9065:W=0.0103532;high@0.7095:W=0.0111193;high@0.9036:W=0.0098039
nstxuG142301M21/N9/egn09w.4233E+02,nstxuG142301M21,candidate,9,6.506506896187199,-0.021971775585525134,,,below_upper2,0.9550449809982056,0.987633783659079,0.225,lower_max,0.315,0.09,-0.0744303061386734,0.11777590248077753,0.14079053194128635,6,2,4,0.8300853552181711,0.2836857920487054,0.8300853552181711,0.010128817414932179,False,False,False,False,False,low@0.2386:W=0.830085;low@0.9065:W=0.00763313;high@0.7075:W=0.0101288;high@0.9036:W=0.00828469,low@0.2386:W=0.830085;low@0.2938:W=0.283686;low@0.3312:W=0.248799;low@0.9065:W=0.00763313;high@0.7075:W=0.0101288;high@0.9036:W=0.00828469
nstxuG142301M21/N9/egn09w.4277E+02,nstxuG142301M21,candidate,9,6.539852053744674,-0.0015287108014583096,,,below_upper2,0.9464910252265628,0.9827333085872737,0.23500000000000001,lower_max,0.315,0.07999999999999999,-0.06895204033872979,0.11592667197327924,0.14007267434579307,6,2,4,0.9757878185051967,0.4590109194878282,0.9757878185051967,0.012986201865045146,False,False,False,False,False,low@0.2376:W=0.975788;low@0.9065:W=0.0121501;high@0.7053:W=0.0125436;high@0.9037:W=0.0129862,low@0.2376:W=0.975788;low@0.2948:W=0.459011;low@0.3305:W=0.170031;low@0.9065:W=0.0121501;high@0.7053:W=0.0125436;high@0.9037:W=0.0129862
nstxuG142301M21/N9/egn09w.4327E+02,nstxuG142301M21,candidate,9,6.577749356382831,-0.03881745183032641,,,below_upper2,0.9458952572460965,0.9831823826130147,0.24,lower_max,0.315,0.07500000000000001,-0.06279333820772176,0.11616569568448132,0.13926565415645317,6,2,4,0.963274294436804,0.4037972184976493,0.963274294436804,0.016337562757185606,False,False,False,False,False,low@0.2364:W=0.963274;low@0.9065:W=0.00977818;high@0.7039:W=0.0163376;high@0.9037:W=0.0104283,low@0.2364:W=0.963274;low@0.2960:W=0.318597;low@0.3297:W=0.403797;low@0.9065:W=0.00977818;high@0.7039:W=0.0163376;high@0.9037:W=0.0104283
nstxuG142301M21/N9/egn09w.4374E+02,nstxuG142301M21,candidate,9,6.613362575567824,-0.0780125959972736,,,below_upper2,0.6550097360756767,0.7823138091133613,0.76,lower_max,0.39,0.37,0.06288762305713716,0.06541325679784028,0.026593464909331142,6,0,6,0.347855825941607,0.0,0.347855825941607,0.22683257829623327,False,False,False,False,False,low@0.2353:W=0.347856;low@0.2971:W=0.114544;low@0.3289:W=0.0732904;low@0.9065:W=0.0293322;high@0.7026:W=0.226833;high@0.9038:W=0.0334289,low@0.2353:W=0.347856;low@0.2971:W=0.114544;low@0.3289:W=0.0732904;low@0.9065:W=0.0293322;high@0.7026:W=0.226833;high@0.9038:W=0.0334289
nstxuG142301M21/N9/egn09w.4389E+02,nstxuG142301M21,candidate,9,6.625079908902393,-0.07987354069111505,,,below_upper2,0.8795333824437104,0.924555053541609,0.255,lower_max,0.315,0.06,-0.055200585123507985,0.10685138054996145,0.1382707196879095,6,2,4,0.6704867076904213,0.2253106605403682,0.6704867076904213,0.06691691012248131,False,False,False,False,False,low@0.2349:W=0.670487;low@0.9065:W=0.00956233;high@0.7022:W=0.0669169;high@0.9038:W=0.00946156,low@0.2349:W=0.670487;low@0.2974:W=0.225311;low@0.3286:W=0.133033;low@0.9065:W=0.00956233;high@0.7022:W=0.0669169;high@0.9038:W=0.00946156
nstxuG142301M21/N9/egn09w.4454E+02,nstxuG142301M21,candidate,9,6.673699946086485,-0.017084342846845565,,,below_upper2,0.9499052594540849,0.9850830861212566,0.265,lower_max,0.315,0.04999999999999999,-0.04751311159310667,0.15607905528309043,0.1372633733002974,6,2,4,0.4734389895698434,0.4734389895698434,0.3921538354853989,0.006814400999837037,False,False,False,False,False,low@0.2335:W=0.392154;low@0.9066:W=0.00568799;high@0.7005:W=0.0068144;high@0.9039:W=0.00592537,low@0.2335:W=0.392154;low@0.2989:W=0.473439;low@0.3275:W=0.360222;low@0.9066:W=0.00568799;high@0.7005:W=0.0068144;high@0.9039:W=0.00592537
nstxuG142301M21/N9/egn09w.4528E+02,nstxuG142301M21,candidate,9,6.7293734861759145,-0.01583753269597514,,,below_upper2,0.935287564166382,0.9741369929322574,0.28500000000000003,lower_max,0.315,0.02999999999999997,-0.038846812519012223,0.2247626281139844,0.13612776417829767,6,2,4,0.8552087954404428,0.8552087954404428,0.14738002504886333,0.016821936792089216,False,False,False,False,False,low@0.2319:W=0.14738;low@0.9066:W=0.0162181;high@0.6947:W=0.00857978;high@0.9039:W=0.0168219,low@0.2319:W=0.14738;low@0.3006:W=0.855209;low@0.3262:W=0.235183;low@0.9066:W=0.0162181;high@0.6947:W=0.00857978;high@0.9039:W=0.0168219
nstxuG142301M21/N9/egn09w.4615E+02,nstxuG142301M21,candidate,9,6.793455544870488,-0.04202858165327334,,,below_upper2,0.7184729686439209,0.8246928821128858,0.305,lower_max,0.315,0.010000000000000009,-0.029047463428580632,0.26002324283862355,0.13484368315113596,6,2,4,0.9955094924808212,0.9955094924808212,0.15634928061033396,0.15634928061033396,True,False,False,False,False,low@0.2300:W=0.0356274;low@0.9066:W=0.156349;high@0.6926:W=0.0430299;high@0.9040:W=0.136692,low@0.2300:W=0.0356274;low@0.3028:W=0.995509;low@0.3246:W=0.519397;low@0.9066:W=0.156349;high@0.6926:W=0.0430299;high@0.9040:W=0.136692
nstxuG142301M21/N9/egn09w.4621E+02,nstxuG142301M21,candidate,9,6.797736447224257,-0.033727469905672894,,,below_upper2,0.9481684142278605,0.9806250153771824,0.305,lower_max,0.315,0.010000000000000009,-0.028399416576141926,0.3065640384347754,0.13475876478969695,6,2,4,0.9984823915745513,0.9984823915745513,0.042513657449228665,0.008806439997377095,True,False,False,False,False,low@0.2299:W=0.0425137;low@0.9066:W=0.00880644;high@0.6925:W=0.00752963;high@0.9040:W=0.00856483,low@0.2299:W=0.0425137;low@0.3030:W=0.998482;low@0.3245:W=0.507803;low@0.9066:W=0.00880644;high@0.6925:W=0.00752963;high@0.9040:W=0.00856483
nstxuG142301M21/N9/egn09w.4700E+02,nstxuG142301M21,candidate,9,6.855424433336293,-1.8597371707331933,,,mixed,0.04662422711751608,0.4822364033477394,0.855,lower_max,0.39,0.46499999999999997,0.09597662653262595,0.04025577423186646,0.025654461995208072,6,0,6,0.8327367469022862,0.0,0.8327367469022862,0.8327367469022862,False,False,False,False,False,low@0.2282:W=0.00767701;low@0.3049:W=0.498243;low@0.3226:W=0.669409;low@0.9067:W=0.826892;high@0.6907:W=0.320474;high@0.9041:W=0.832737,low@0.2282:W=0.00767701;low@0.3049:W=0.498243;low@0.3226:W=0.669409;low@0.9067:W=0.826892;high@0.6907:W=0.320474;high@0.9041:W=0.832737
nstxuG142301M21/N9/egn09w.4721E+02,nstxuG142301M21,candidate,9,6.871128545119254,-0.12890585851435082,,,below_upper2,0.9137175811035583,0.9511194713872569,0.32,lower_max,0.315,0.0050000000000000044,-0.017414846841942,0.35784509424457295,0.13331937555505954,6,2,4,0.9913938091149032,0.9913938091149032,0.028517027142401546,0.028517027142401546,True,False,False,False,False,low@0.2278:W=0.00954944;low@0.9067:W=0.0188739;high@0.6902:W=0.028517;high@0.9041:W=0.0192984,low@0.2278:W=0.00954944;low@0.3057:W=0.854555;low@0.3220:W=0.991394;low@0.9067:W=0.0188739;high@0.6902:W=0.028517;high@0.9041:W=0.0192984
nstxuG142301M21/N9/egn09w.4857E+02,nstxuG142301M21,candidate,9,6.969545033714446,-0.006606350669430479,,,below_upper2,0.9855654217360761,0.9987447666318123,0.34,lower_max,0.315,0.025000000000000022,-0.0030479984771738687,0.3101062433146663,0.1314367813914001,6,2,4,0.6528318919823504,0.6528318919823504,0.002393822679306979,0.0011023722195983767,False,False,False,False,False,low@0.2250:W=0.00239382;low@0.9067:W=0.000560932;high@0.6825:W=0.00110237;high@0.9043:W=0.000623586,low@0.2250:W=0.00239382;low@0.3115:W=0.564268;low@0.3168:W=0.652832;low@0.9067:W=0.000560932;high@0.6825:W=0.00110237;high@0.9043:W=0.000623586
nstxuG142301M21/N9/egn09w.4951E+02,nstxuG142301M21,candidate,9,7.036341723649706,-0.2605340792765467,,,below_upper2,0.9736925341657556,0.9926564473512846,0.37,lower_max,0.315,0.05499999999999999,0.006474035667255151,0.14487525630983664,0.1301890389881025,4,0,4,0.005783469094502346,0.0,0.005783469094502346,0.005783469094502346,False,False,False,False,False,low@0.2231:W=0.000930167;low@0.9068:W=0.00578347;high@0.6794:W=0.00184491;high@0.9044:W=0.00565104,low@0.2231:W=0.000930167;low@0.9068:W=0.00578347;high@0.6794:W=0.00184491;high@0.9044:W=0.00565104
nstxuG142301M21/N10/egn10w.1535E+03,nstxuG142301M21,candidate,10,12.387863795178518,-3.10363948738072e-07,,,below_upper2,0.6743096180134863,0.9308196728070365,0.105,upper_min,0.225,0.12000000000000001,-0.13595678167549585,2.11402933567022e-07,0.11612704323851483,4,0,4,0.08625013250064503,0.0,0.08625013250064503,1.9818828308269937e-07,False,False,False,False,False,low@0.8899:W=1.64709e-07;high@0.0799:W=0.0862501;high@0.1413:W=0.0138256;high@0.8878:W=1.98188e-07,low@0.8899:W=1.64709e-07;high@0.0799:W=0.0862501;high@0.1413:W=0.0138256;high@0.8878:W=1.98188e-07
nstxuG142301M21/N10/egn10w.1575E+02,nstxuG142301M21,candidate,10,3.9683232520254426,-0.006732238006185161,,,below_upper2,0.9844768657746508,0.9995534963387781,0.72,lower_max,0.395,0.32499999999999996,-0.5541230791714247,8.79010361136585e-07,0.020129513916942763,6,0,6,0.00047807209155396646,0.0,0.00047807209155396646,0.00047807209155396646,False,False,False,False,False,low@0.5838:W=2.79107e-06;low@0.5865:W=3.03683e-06;low@0.5998:W=3.3096e-06;low@0.8854:W=0.000113624;high@0.8182:W=0.000478072;high@0.8810:W=0.000182197,low@0.5838:W=2.79107e-06;low@0.5865:W=3.03683e-06;low@0.5998:W=3.3096e-06;low@0.8854:W=0.000113624;high@0.8182:W=0.000478072;high@0.8810:W=0.000182197
nstxuG142301M21/N10/egn10w.2261E+02,nstxuG142301M21,candidate,10,4.755024069996914,-0.0002579815576689322,,,below_upper2,0.9965629564543794,0.9999954799405458,0.19,lower_max,0.395,0.20500000000000002,-0.2969992708342579,1.801146357865264e-05,0.016799161676720086,8,0,8,4.342238359399204e-06,0.0,4.342238359399204e-06,4.342238359399204e-06,False,False,False,False,False,low@0.4677:W=4.15813e-07;low@0.4705:W=4.01582e-07;low@0.4971:W=2.91412e-07;low@0.5139:W=2.04586e-07;low@0.5244:W=1.56833e-07;low@0.8856:W=4.34224e-06;high@0.7870:W=5.8727e-07;high@0.8820:W=4.00506e-06,low@0.4677:W=4.15813e-07;low@0.4705:W=4.01582e-07;low@0.4971:W=2.91412e-07;low@0.5139:W=2.04586e-07;low@0.5244:W=1.56833e-07;low@0.8856:W=4.34224e-06;high@0.7870:W=5.8727e-07;high@0.8820:W=4.00506e-06
nstxuG142301M21/N10/egn10w.2272E+02,nstxuG142301M21,candidate,10,4.766543537450163,-0.0003287992715948995,,,below_upper2,0.9969640663069761,0.9999955396712419,0.195,lower_max,0.395,0.2,-0.2938647687008198,9.017853050388332e-06,0.01675856257285029,8,0,8,3.733227590403512e-06,0.0,3.733227590403512e-06,3.733227590403512e-06,False,False,False,False,False,low@0.4659:W=1.46341e-07;low@0.4709:W=1.38106e-07;low@0.4969:W=1.23724e-07;low@0.5142:W=1.25533e-07;low@0.5240:W=1.2669e-07;low@0.8856:W=3.73323e-06;high@0.7866:W=5.17781e-07;high@0.8820:W=3.44674e-06,low@0.4659:W=1.46341e-07;low@0.4709:W=1.38106e-07;low@0.4969:W=1.23724e-07;low@0.5142:W=1.25533e-07;low@0.5240:W=1.2669e-07;low@0.8856:W=3.73323e-06;high@0.7866:W=5.17781e-07;high@0.8820:W=3.44674e-06
nstxuG142301M21/N10/egn10w.2287E+02,nstxuG142301M21,candidate,10,4.782234053360254,-0.002994412757372315,,,below_upper2,0.9988826735320295,0.9999787528058204,0.17500000000000002,lower_max,0.395,0.22,-0.28961959677650934,6.795406914066568e-07,0.01670357770808927,8,0,8,1.617881580581117e-05,0.0,1.617881580581117e-05,1.617881580581117e-05,False,False,False,False,False,low@0.4648:W=2.55338e-08;low@0.4715:W=3.07823e-08;low@0.4966:W=4.68786e-08;low@0.5145:W=3.70933e-08;low@0.5236:W=2.95143e-08;low@0.8856:W=1.61788e-05;high@0.7860:W=1.97493e-06;high@0.8820:W=1.49235e-05,low@0.4648:W=2.55338e-08;low@0.4715:W=3.07823e-08;low@0.4966:W=4.68786e-08;low@0.5145:W=3.70933e-08;low@0.5236:W=2.95143e-08;low@0.8856:W=1.61788e-05;high@0.7860:W=1.97493e-06;high@0.8820:W=1.49235e-05
nstxuG142301M21/N10/egn10w.2292E+02,nstxuG142301M21,candidate,10,4.787116391632806,-2.0499129034992406e-05,,,below_upper2,0.9951574020566298,0.9999994874326801,0.17,lower_max,0.395,0.225,-0.28830432499298203,1.9910016007761723e-05,0.01668654187481074,8,0,8,1.2654094420114817e-06,0.0,1.2654094420114817e-06,1.2654094420114817e-06,False,False,False,False,False,low@0.4647:W=1.26541e-06;low@0.4716:W=1.12215e-06;low@0.4965:W=7.58094e-07;low@0.5147:W=5.46004e-07;low@0.5234:W=4.64971e-07;low@0.8856:W=5.57522e-07;high@0.7858:W=2.68783e-07;high@0.8821:W=5.355e-07,low@0.4647:W=1.26541e-06;low@0.4716:W=1.12215e-06;low@0.4965:W=7.58094e-07;low@0.5147:W=5.46004e-07;low@0.5234:W=4.64971e-07;low@0.8856:W=5.57522e-07;high@0.7858:W=2.68783e-07;high@0.8821:W=5.355e-07
nstxuG142301M21/N10/egn10w.2322E+02,nstxuG142301M21,candidate,10,4.8186003500893895,-1.6116555007664097e-05,,,below_upper2,0.9952794162956645,0.9999984552546949,0.2,lower_max,0.395,0.195,-0.2798867520671089,1.34322733172258e-05,0.016577514698244658,8,0,8,4.959128975657699e-06,0.0,4.959128975657699e-06,4.959128975657699e-06,False,False,False,False,False,low@0.4639:W=4.14342e-06;low@0.4728:W=4.33016e-06;low@0.4959:W=4.69433e-06;low@0.5159:W=4.86639e-06;low@0.5225:W=4.95913e-06;low@0.8856:W=1.37675e-06;high@0.7845:W=1.42531e-06;high@0.8821:W=1.3842e-06,low@0.4639:W=4.14342e-06;low@0.4728:W=4.33016e-06;low@0.4959:W=4.69433e-06;low@0.5159:W=4.86639e-06;low@0.5225:W=4.95913e-06;low@0.8856:W=1.37675e-06;high@0.7845:W=1.42531e-06;high@0.8821:W=1.3842e-06
nstxuG142301M21/N10/egn10w.2366E+02,nstxuG142301M21,candidate,10,4.864007406551398,-0.00030015093449402644,,,below_upper2,0.9975243358847898,0.9999955049036311,0.165,lower_max,0.395,0.23,-0.2679386020832477,7.904842305013187e-06,0.01642275832495273,8,0,8,5.409801588686126e-06,0.0,5.409801588686126e-06,5.409801588686126e-06,False,False,False,False,False,low@0.4628:W=4.27491e-06;low@0.4744:W=4.23394e-06;low@0.4951:W=4.17832e-06;low@0.5182:W=4.06136e-06;low@0.5211:W=4.05336e-06;low@0.8856:W=5.4098e-06;high@0.7824:W=3.51962e-06;high@0.8822:W=5.16253e-06,low@0.4628:W=4.27491e-06;low@0.4744:W=4.23394e-06;low@0.4951:W=4.17832e-06;low@0.5182:W=4.06136e-06;low@0.5211:W=4.05336e-06;low@0.8856:W=5.4098e-06;high@0.7824:W=3.51962e-06;high@0.8822:W=5.16253e-06
nstxuG142301M21/N10/egn10w.2386E+02,nstxuG142301M21,candidate,10,4.885169365397524,-7.353777789556246e-05,,,below_upper2,0.9986428935246252,0.9999949023033031,0.07,lower_max,0.395,0.325,-0.26244604645011926,1.1826598589495818e-05,0.016351616935613357,8,0,8,2.5445287708731744e-06,0.0,2.5445287708731744e-06,2.5445287708731744e-06,False,False,False,False,False,low@0.4623:W=2.54453e-06;low@0.4751:W=2.51332e-06;low@0.4947:W=2.45591e-06;low@0.5193:W=2.30844e-06;low@0.5204:W=2.30188e-06;low@0.8856:W=1.90216e-06;high@0.7814:W=1.24089e-06;high@0.8822:W=1.8317e-06,low@0.4623:W=2.54453e-06;low@0.4751:W=2.51332e-06;low@0.4947:W=2.45591e-06;low@0.5193:W=2.30844e-06;low@0.5204:W=2.30188e-06;low@0.8856:W=1.90216e-06;high@0.7814:W=1.24089e-06;high@0.8822:W=1.8317e-06
nstxuG142301M21/N10/egn10w.2399E+02,nstxuG142301M21,candidate,10,4.898103885117987,-0.0007595765764998249,,,below_upper2,0.5254348134041965,0.8296245555138471,0.77,lower_max,0.395,0.375,-0.259112280228165,5.55697878623758e-06,0.016308436897648514,6,0,6,0.18598629798255908,0.0,0.18598629798255908,0.18598629798255908,False,False,False,False,False,low@0.4620:W=3.38334e-05;low@0.4754:W=5.81425e-05;low@0.4945:W=0.000261604;low@0.8856:W=0.00572257;high@0.7808:W=0.185986;high@0.8822:W=0.00592455,low@0.4620:W=3.38334e-05;low@0.4754:W=5.81425e-05;low@0.4945:W=0.000261604;low@0.8856:W=0.00572257;high@0.7808:W=0.185986;high@0.8822:W=0.00592455
nstxuG142301M21/N10/egn10w.2440E+02,nstxuG142301M21,candidate,10,4.9400762557706495,-0.020004904794985404,,,below_upper2,0.5111249797709984,0.5838355950947985,0.885,lower_max,0.395,0.49,-0.24841448436776256,4.827752112219004e-06,0.016169875522723566,6,0,6,0.9638694001433935,0.0,0.9638694001433935,0.9638694001433935,False,False,False,False,False,low@0.4610:W=3.10703e-06;low@0.4763:W=4.87063e-06;low@0.4937:W=1.57278e-05;low@0.8857:W=0.963869;high@0.7791:W=0.00482852;high@0.8823:W=0.860608,low@0.4610:W=3.10703e-06;low@0.4763:W=4.87063e-06;low@0.4937:W=1.57278e-05;low@0.8857:W=0.963869;high@0.7791:W=0.00482852;high@0.8823:W=0.860608
nstxuG142301M21/N10/egn10w.2445E+02,nstxuG142301M21,candidate,10,4.944360968468338,-2.3083736495239326e-05,,,below_upper2,0.9999342058020565,0.9999623501166478,0.075,lower_max,0.395,0.32,-0.2473326261807771,7.543630020169022e-06,0.01615586293921397,6,0,6,4.6730537536768916e-05,0.0,4.6730537536768916e-05,4.6730537536768916e-05,False,False,False,False,False,low@0.4609:W=1.99536e-06;low@0.4764:W=1.96132e-06;low@0.4937:W=1.93231e-06;low@0.8857:W=4.67305e-05;high@0.7790:W=2.21976e-06;high@0.8823:W=4.18108e-05,low@0.4609:W=1.99536e-06;low@0.4764:W=1.96132e-06;low@0.4937:W=1.93231e-06;low@0.8857:W=4.67305e-05;high@0.7790:W=2.21976e-06;high@0.8823:W=4.18108e-05
nstxuG142301M21/N10/egn10w.2527E+02,nstxuG142301M21,candidate,10,5.027397695673233,-0.00951773629574901,,,below_upper2,0.6112466288781646,0.7232409650189651,0.015,lower_max,0.33,0.315,-0.36079079208974113,5.598277330517677e-06,0.1713858866122608,6,0,6,0.2135681797615371,0.0,0.2135681797615371,0.2135681797615371,False,False,False,False,False,low@0.4592:W=9.82843e-05;low@0.4783:W=0.000166739;low@0.4922:W=0.000245665;low@0.8857:W=0.0267967;high@0.7760:W=0.213568;high@0.8824:W=0.0239678,low@0.4592:W=9.82843e-05;low@0.4783:W=0.000166739;low@0.4922:W=0.000245665;low@0.8857:W=0.0267967;high@0.7760:W=0.213568;high@0.8824:W=0.0239678
nstxuG142301M21/N10/egn10w.2571E+02,nstxuG142301M21,candidate,10,5.070365275757289,-0.021666361431938466,,,below_upper2,0.9901395028606192,0.9908739211214002,0.01,lower_max,0.33,0.32,-0.3492591007505943,7.055264841391196e-06,0.16993351850704785,8,0,8,0.0031242483335529366,0.0,0.0031242483335529366,0.0031242483335529366,False,False,False,False,False,low@0.4201:W=1.54443e-06;low@0.4270:W=1.548e-06;low@0.4585:W=1.6432e-06;low@0.4793:W=1.9227e-06;low@0.4914:W=2.14606e-06;low@0.8857:W=0.000587704;high@0.7742:W=0.00312425;high@0.8825:W=0.000582313,low@0.4201:W=1.54443e-06;low@0.4270:W=1.548e-06;low@0.4585:W=1.6432e-06;low@0.4793:W=1.9227e-06;low@0.4914:W=2.14606e-06;low@0.8857:W=0.000587704;high@0.7742:W=0.00312425;high@0.8825:W=0.000582313
nstxuG142301M21/N10/egn10w.2679E+02,nstxuG142301M21,candidate,10,5.175977016531074,-0.0002765935150896517,,,below_upper2,0.3896454862000739,0.5716393578834266,0.885,lower_max,0.395,0.49,-0.1915166415709136,1.0739443592234788e-05,0.015432915925524987,8,1,7,0.9774337633749922,1.0665938801119824e-05,0.9774337633749922,0.9774337633749922,False,False,False,False,False,low@0.4310:W=1.60761e-05;low@0.4568:W=3.52475e-05;low@0.4828:W=7.65466e-05;low@0.4883:W=9.05147e-05;low@0.8857:W=0.977434;high@0.7692:W=0.262939;high@0.8826:W=0.837177,low@0.4172:W=1.06659e-05;low@0.4310:W=1.60761e-05;low@0.4568:W=3.52475e-05;low@0.4828:W=7.65466e-05;low@0.4883:W=9.05147e-05;low@0.8857:W=0.977434;high@0.7692:W=0.262939;high@0.8826:W=0.837177
nstxuG142301M21/N10/egn10w.2747E+02,nstxuG142301M21,candidate,10,5.2411844454710215,-0.0010543139852695102,,,mixed,-0.11737378868478454,0.40603781237026804,0.78,lower_max,0.395,0.385,-0.17669256171943304,1.301674001987541e-05,0.015240909561501783,6,1,5,0.38192668934448487,1.3142021111903223e-05,0.38192668934448487,0.38192668934448487,False,False,False,False,False,low@0.4326:W=1.8174e-05;low@0.4557:W=3.06487e-05;low@0.8858:W=0.0393322;high@0.7663:W=0.381927;high@0.8827:W=0.0407443,low@0.4154:W=1.3142e-05;low@0.4326:W=1.8174e-05;low@0.4557:W=3.06487e-05;low@0.8858:W=0.0393322;high@0.7663:W=0.381927;high@0.8827:W=0.0407443
nstxuG142301M21/N10/egn10w.3032E+02,nstxuG142301M21,candidate,10,5.5064844773541415,-0.00613559010818431,,,mixed,0.2287267209717402,0.4429735669893067,0.775,lower_max,0.395,0.38,-0.12000002487044222,5.888897688537079e-06,0.01450660915455012,8,2,6,0.2581545640126415,1.2172747418684374e-05,0.2581545640126415,0.2581545640126415,False,False,False,False,False,low@0.3601:W=2.86048e-06;low@0.4390:W=3.32016e-05;low@0.4508:W=4.85927e-05;low@0.8859:W=0.0578358;high@0.7559:W=0.258155;high@0.8832:W=0.0697775,low@0.3601:W=2.86048e-06;low@0.3749:W=4.0123e-06;low@0.4105:W=1.21727e-05;low@0.4390:W=3.32016e-05;low@0.4508:W=4.85927e-05;low@0.8859:W=0.0578358;high@0.7559:W=0.258155;high@0.8832:W=0.0697775
nstxuG142301M21/N10/egn10w.3039E+02,nstxuG142301M21,candidate,10,5.512268575820094,-3.4096279676628218e-06,,,below_upper2,0.99992917126245,0.9999967707456006,0.045,lower_max,0.33,0.28500000000000003,-0.24109273674632326,3.5164684280191048e-06,0.15631041912670315,8,1,7,1.2945970800749034e-06,1.2945970800749034e-06,1.2626904628003472e-06,1.2418634856506834e-06,False,False,False,False,False,low@0.3751:W=1.26269e-06;low@0.4104:W=1.24186e-06;low@0.4391:W=1.23155e-06;low@0.4507:W=1.21654e-06;low@0.8859:W=4.68513e-07;high@0.7556:W=6.02002e-07;high@0.8832:W=4.70597e-07,low@0.3599:W=1.2946e-06;low@0.3751:W=1.26269e-06;low@0.4104:W=1.24186e-06;low@0.4391:W=1.23155e-06;low@0.4507:W=1.21654e-06;low@0.8859:W=4.68513e-07;high@0.7556:W=6.02002e-07;high@0.8832:W=4.70597e-07
nstxuG142301M21/N10/egn10w.3064E+02,nstxuG142301M21,candidate,10,5.535660225148351,-1.4908839586721375e-08,,,below_upper2,0.9999208893439699,0.9999984201233776,0.06,lower_max,0.33,0.27,-0.23584833862558457,1.832127982331122e-06,0.1556499092034326,8,1,7,8.167044519559925e-07,8.167044519559925e-07,8.150696726244264e-07,8.049588289620946e-07,False,False,False,False,False,low@0.3757:W=8.1507e-07;low@0.4100:W=8.04959e-07;low@0.4397:W=8.01484e-07;low@0.4502:W=7.93565e-07;low@0.8859:W=2.01916e-07;high@0.7547:W=3.09324e-07;high@0.8832:W=2.06418e-07,low@0.3593:W=8.16704e-07;low@0.3757:W=8.1507e-07;low@0.4100:W=8.04959e-07;low@0.4397:W=8.01484e-07;low@0.4502:W=7.93565e-07;low@0.8859:W=2.01916e-07;high@0.7547:W=3.09324e-07;high@0.8832:W=2.06418e-07
nstxuG142301M21/N10/egn10w.3242E+02,nstxuG142301M21,candidate,10,5.694023694964378,-1.4196151352373019e-06,,,below_upper2,0.9998750458300497,0.9999795986408176,0.1,lower_max,0.33,0.23,-0.20147664620635505,1.1059358111583765e-05,0.15132093886215983,6,1,5,3.2312783366430184e-06,3.2312783366430184e-06,2.7663719190418953e-06,2.4048032335107397e-06,False,False,False,False,False,low@0.3801:W=2.76637e-06;low@0.4074:W=2.4048e-06;low@0.8859:W=1.20178e-06;high@0.7478:W=1.35895e-06;high@0.8835:W=1.54973e-06,low@0.3553:W=3.23128e-06;low@0.3801:W=2.76637e-06;low@0.4074:W=2.4048e-06;low@0.8859:W=1.20178e-06;high@0.7478:W=1.35895e-06;high@0.8835:W=1.54973e-06
nstxuG142301M21/N10/egn10w.3268E+02,nstxuG142301M21,candidate,10,5.716716635919148,-0.0006096939705631384,,,below_upper2,0.5770562281462099,0.7526935273587347,0.615,lower_max,0.395,0.21999999999999997,-0.07881204270915453,0.00027012508315026615,0.013973128845790751,6,2,4,0.04609750554555374,0.00024927378928424066,0.04609750554555374,0.04609750554555374,False,False,False,False,False,low@0.3548:W=5.13825e-05;low@0.8859:W=0.0299601;high@0.7468:W=0.0347589;high@0.8835:W=0.0460975,low@0.3548:W=5.13825e-05;low@0.3806:W=0.000111929;low@0.4071:W=0.000249274;low@0.8859:W=0.0299601;high@0.7468:W=0.0347589;high@0.8835:W=0.0460975
nstxuG142301M21/N10/egn10w.3276E+02,nstxuG142301M21,candidate,10,5.723832943847939,-3.18759337504957e-07,,,below_upper2,0.9998906853565478,0.9999853389731277,0.105,lower_max,0.33,0.22500000000000003,-0.19521945513772923,1.947766968982566e-06,0.15053287191959042,6,1,5,1.6040598795510225e-06,6.220336634059717e-07,1.6040598795510225e-06,1.6040598795510225e-06,False,False,False,False,False,low@0.3807:W=6.13727e-07;low@0.4069:W=6.11791e-07;low@0.8859:W=1.19883e-06;high@0.7465:W=1.58423e-06;high@0.8836:W=1.60406e-06,low@0.3547:W=6.22034e-07;low@0.3807:W=6.13727e-07;low@0.4069:W=6.11791e-07;low@0.8859:W=1.19883e-06;high@0.7465:W=1.58423e-06;high@0.8836:W=1.60406e-06
nstxuG142301M21/N10/egn10w.3335E+02,nstxuG142301M21,candidate,10,5.774825733586207,-6.161174205801104e-08,,,below_upper2,0.9991983197271468,0.9999981929933397,0.13,lower_max,0.33,0.2,-0.18466544412879857,1.63551224632077e-06,0.14920363854691057,6,1,5,1.0379238495492895e-06,1.0379238495492895e-06,9.907007670765104e-07,9.839845112099384e-07,False,False,False,False,False,low@0.3819:W=9.90701e-07;low@0.4061:W=9.83985e-07;low@0.8860:W=5.06187e-07;high@0.7441:W=8.02939e-07;high@0.8836:W=5.21823e-07,low@0.3537:W=1.03792e-06;low@0.3819:W=9.90701e-07;low@0.4061:W=9.83985e-07;low@0.8860:W=5.06187e-07;high@0.7441:W=8.02939e-07;high@0.8836:W=5.21823e-07
nstxuG142301M21/N10/egn10w.3343E+02,nstxuG142301M21,candidate,10,5.782208313177042,-3.3371632130794327e-07,,,below_upper2,0.9985725462240899,0.9999992676620746,0.17500000000000002,lower_max,0.33,0.155,-0.1831528927892243,2.0959806787633384e-06,0.1490131390565507,6,1,5,7.7764217287533e-07,7.7764217287533e-07,6.155054267773271e-07,5.39791355035584e-07,False,False,False,False,False,low@0.3821:W=6.15505e-07;low@0.4060:W=5.39791e-07;low@0.8860:W=1.46411e-07;high@0.7438:W=1.93872e-07;high@0.8837:W=1.47017e-07,low@0.3536:W=7.77642e-07;low@0.3821:W=6.15505e-07;low@0.4060:W=5.39791e-07;low@0.8860:W=1.46411e-07;high@0.7438:W=1.93872e-07;high@0.8837:W=1.47017e-07
nstxuG142301M21/N10/egn10w.3351E+02,nstxuG142301M21,candidate,10,5.789146456437163,-5.57334742191307e-07,,,below_upper2,0.9983779554793872,0.9999982464665423,0.18,lower_max,0.33,0.15000000000000002,-0.18173491445155926,1.588799247634748e-06,0.14883455063869075,6,1,5,9.300261105199483e-07,9.300261105199483e-07,8.903928105580174e-07,8.869127444908427e-07,False,False,False,False,False,low@0.3822:W=8.90393e-07;low@0.4059:W=8.86913e-07;low@0.8860:W=4.40728e-07;high@0.7434:W=6.88002e-07;high@0.8837:W=4.55301e-07,low@0.3534:W=9.30026e-07;low@0.3822:W=8.90393e-07;low@0.4059:W=8.86913e-07;low@0.8860:W=4.40728e-07;high@0.7434:W=6.88002e-07;high@0.8837:W=4.55301e-07
nstxuG142301M21/N10/egn10w.3391E+02,nstxuG142301M21,candidate,10,5.823254234950459,-1.3446265789686693e-06,,,below_upper2,0.9967855127832596,0.999999129159784,0.17,lower_max,0.33,0.16,-0.17481329449520772,2.6780311944482404e-06,0.14796280166749826,6,1,5,1.5173413763691882e-06,1.5173413763691882e-06,1.1372408648327821e-06,9.998724676598352e-07,False,False,False,False,False,low@0.3830:W=1.13724e-06;low@0.4053:W=9.99872e-07;low@0.8860:W=2.70095e-07;high@0.7417:W=6.4163e-07;high@0.8837:W=2.67113e-07,low@0.3528:W=1.51734e-06;low@0.3830:W=1.13724e-06;low@0.4053:W=9.99872e-07;low@0.8860:W=2.70095e-07;high@0.7417:W=6.4163e-07;high@0.8837:W=2.67113e-07
nstxuG142301M21/N10/egn10w.3419E+02,nstxuG142301M21,candidate,10,5.846948885226155,-5.266246225960042e-07,,,below_upper2,0.9955223940121604,0.9999991612887421,0.21,lower_max,0.33,0.12000000000000002,-0.1700523857377121,2.3088830256439705e-06,0.14736318519946615,6,1,5,1.2634718462806754e-06,1.2634718462806754e-06,9.106350180763066e-07,8.032456724989013e-07,False,False,False,False,False,low@0.3835:W=9.10635e-07;low@0.4048:W=8.03246e-07;low@0.8860:W=2.51886e-07;high@0.7405:W=8.00962e-07;high@0.8838:W=2.48756e-07,low@0.3523:W=1.26347e-06;low@0.3835:W=9.10635e-07;low@0.4048:W=8.03246e-07;low@0.8860:W=2.51886e-07;high@0.7405:W=8.00962e-07;high@0.8838:W=2.48756e-07
nstxuG142301M21/N10/egn10w.3432E+02,nstxuG142301M21,candidate,10,5.858488310102297,-2.6697296405397333e-07,,,below_upper2,0.9949226260665457,0.9999980137888232,0.215,lower_max,0.33,0.11500000000000002,-0.16774774145207116,1.2830046974864007e-06,0.14707292492836754,6,1,5,1.7942592495727455e-06,1.1654197692304287e-06,1.7942592495727455e-06,1.7942592495727455e-06,False,False,False,False,False,low@0.3838:W=1.10614e-06;low@0.4046:W=1.10161e-06;low@0.8860:W=7.52721e-07;high@0.7399:W=1.79426e-06;high@0.8838:W=7.44337e-07,low@0.3521:W=1.16542e-06;low@0.3838:W=1.10614e-06;low@0.4046:W=1.10161e-06;low@0.8860:W=7.52721e-07;high@0.7399:W=1.79426e-06;high@0.8838:W=7.44337e-07
nstxuG142301M21/N10/egn10w.3448E+02,nstxuG142301M21,candidate,10,5.8722461700985304,-8.907480710522917e-07,,,below_upper2,0.994321121684473,0.9999968746323556,0.21,lower_max,0.33,0.12000000000000002,-0.1650118701223538,2.1666595842665633e-06,0.14672835342169194,8,1,7,4.983402996083193e-06,1.3872056355495531e-06,4.983402996083193e-06,2.5538056750511e-06,False,False,False,False,False,low@0.2879:W=4.9834e-06;low@0.2911:W=4.65516e-06;low@0.3841:W=9.6666e-07;low@0.4043:W=8.66813e-07;low@0.8860:W=4.25822e-07;high@0.7391:W=2.55381e-06;high@0.8838:W=3.89512e-07,low@0.2879:W=4.9834e-06;low@0.2911:W=4.65516e-06;low@0.3518:W=1.38721e-06;low@0.3841:W=9.6666e-07;low@0.4043:W=8.66813e-07;low@0.8860:W=4.25822e-07;high@0.7391:W=2.55381e-06;high@0.8838:W=3.89512e-07
nstxuG142301M21/N10/egn10w.3455E+02,nstxuG142301M21,candidate,10,5.877714063743795,-0.010080871762856854,,,below_upper2,0.756050139989737,0.8752424727108611,0.595,lower_max,0.395,0.19999999999999996,-0.04926212549664587,0.00020422733504776535,0.013590388586833379,8,2,6,0.012776426195508714,0.0002004746672164162,0.012776426195508714,0.012776426195508714,False,False,False,False,False,low@0.2865:W=1.68735e-05;low@0.2918:W=1.68633e-05;low@0.3517:W=4.14323e-05;low@0.8860:W=0.00281851;high@0.7388:W=0.0127764;high@0.8838:W=0.00735108,low@0.2865:W=1.68735e-05;low@0.2918:W=1.68633e-05;low@0.3517:W=4.14323e-05;low@0.3843:W=0.000106367;low@0.4042:W=0.000200475;low@0.8860:W=0.00281851;high@0.7388:W=0.0127764;high@0.8838:W=0.00735108
nstxuG142301M21/N10/egn10w.3463E+02,nstxuG142301M21,candidate,10,5.884443523023899,-2.462511229565463e-06,,,below_upper2,0.9938086358625958,0.9999954082434713,0.215,lower_max,0.33,0.11500000000000002,-0.162597017998015,1.3243419403221693e-06,0.14642421293604702,8,1,7,2.5314742459131387e-06,1.098519763725026e-06,2.5314742459131387e-06,2.5314742459131387e-06,False,False,False,False,False,low@0.2850:W=1.3258e-06;low@0.2927:W=1.30842e-06;low@0.3844:W=1.00926e-06;low@0.4041:W=9.82285e-07;low@0.8860:W=1.43609e-06;high@0.7384:W=2.53147e-06;high@0.8838:W=1.73121e-06,low@0.2850:W=1.3258e-06;low@0.2927:W=1.30842e-06;low@0.3516:W=1.09852e-06;low@0.3844:W=1.00926e-06;low@0.4041:W=9.82285e-07;low@0.8860:W=1.43609e-06;high@0.7384:W=2.53147e-06;high@0.8838:W=1.73121e-06
nstxuG142301M21/N10/egn10w.3526E+02,nstxuG142301M21,candidate,10,5.938298942092584,-1.503111324591912e-05,,,below_upper2,0.992632916258427,0.9999980759481489,0.21,lower_max,0.33,0.12000000000000002,-0.15205323261050754,1.5535053550806291e-06,0.14509626743745035,8,1,7,1.5463293347279291e-06,1.3232906868530824e-06,1.5463293347279291e-06,1.1547656130748043e-06,False,False,False,False,False,low@0.2815:W=1.54633e-06;low@0.2969:W=1.4699e-06;low@0.3858:W=1.19288e-06;low@0.4029:W=1.15477e-06;low@0.8860:W=5.18102e-07;high@0.7351:W=8.1683e-07;high@0.8839:W=5.21482e-07,low@0.2815:W=1.54633e-06;low@0.2969:W=1.4699e-06;low@0.3506:W=1.32329e-06;low@0.3858:W=1.19288e-06;low@0.4029:W=1.15477e-06;low@0.8860:W=5.18102e-07;high@0.7351:W=8.1683e-07;high@0.8839:W=5.21482e-07
nstxuG142301M21/N10/egn10w.3540E+02,nstxuG142301M21,candidate,10,5.950006737888711,-0.0006822443865713133,,,below_upper2,0.9254158949855301,0.9661989620302386,0.58,lower_max,0.395,0.18499999999999994,-0.03651357439869421,0.0002804649655444738,0.01342526515472793,8,2,6,0.021453904333532742,0.00019692230593195065,0.021453904333532742,0.021453904333532742,False,False,False,False,False,low@0.2808:W=3.99296e-06;low@0.2975:W=6.53628e-06;low@0.3503:W=3.45562e-05;low@0.8860:W=0.00687257;high@0.7345:W=0.0214539;high@0.8840:W=0.00932115,low@0.2808:W=3.99296e-06;low@0.2975:W=6.53628e-06;low@0.3503:W=3.45562e-05;low@0.3861:W=0.000113306;low@0.4027:W=0.000196922;low@0.8860:W=0.00687257;high@0.7345:W=0.0214539;high@0.8840:W=0.00932115
nstxuG142301M21/N10/egn10w.3555E+02,nstxuG142301M21,candidate,10,5.962157078023551,-2.0028648045910157e-06,,,below_upper2,0.9946675547681805,0.9999956727400269,0.17,lower_max,0.33,0.16,-0.14744318254580135,3.7728253835355742e-06,0.14451565098835367,8,1,7,5.639155151199461e-06,3.2880640093045597e-06,5.639155151199461e-06,2.822242938888247e-06,False,False,False,False,False,low@0.2800:W=5.63916e-06;low@0.2981:W=4.13336e-06;low@0.3864:W=2.93757e-06;low@0.4024:W=2.82224e-06;low@0.8860:W=1.22874e-06;high@0.7338:W=1.64581e-06;high@0.8840:W=1.23847e-06,low@0.2800:W=5.63916e-06;low@0.2981:W=4.13336e-06;low@0.3501:W=3.28806e-06;low@0.3864:W=2.93757e-06;low@0.4024:W=2.82224e-06;low@0.8860:W=1.22874e-06;high@0.7338:W=1.64581e-06;high@0.8840:W=1.23847e-06
nstxuG142301M21/N10/egn10w.3618E+02,nstxuG142301M21,candidate,10,6.015094602386391,-0.003574380577532824,,,below_upper2,0.9180158336108413,0.9758990364746483,0.55,lower_max,0.395,0.15500000000000003,-0.02529771504151926,0.0002544790826175033,0.013279993650786881,8,2,6,0.017028622106546508,0.00019148487264068702,0.017028622106546508,0.017028622106546508,False,False,False,False,False,low@0.2779:W=1.51255e-05;low@0.3005:W=1.07539e-05;low@0.3492:W=3.63352e-05;low@0.8860:W=0.000846693;high@0.7309:W=0.0170286;high@0.8841:W=0.00141515,low@0.2779:W=1.51255e-05;low@0.3005:W=1.07539e-05;low@0.3492:W=3.63352e-05;low@0.3878:W=0.000123636;low@0.4013:W=0.000191485;low@0.8860:W=0.000846693;high@0.7309:W=0.0170286;high@0.8841:W=0.00141515
nstxuG142301M21/N10/egn10w.3625E+02,nstxuG142301M21,candidate,10,6.020654724024711,-9.798119176990703e-06,,,below_upper2,0.9976384427900878,0.9999916239019906,0.135,lower_max,0.33,0.195,-0.13629444072688196,1.0588653152300016e-05,0.14311151376729533,8,2,6,0.0002832873919571823,1.602023126875973e-05,0.0002832873919571823,8.11587616962756e-06,False,False,False,False,False,low@0.2777:W=0.000283287;low@0.3880:W=8.47905e-06;low@0.4012:W=8.11588e-06;low@0.8860:W=3.1387e-06;high@0.7306:W=5.27712e-06;high@0.8841:W=3.13997e-06,low@0.2777:W=0.000283287;low@0.3007:W=1.60202e-05;low@0.3491:W=1.02491e-05;low@0.3880:W=8.47905e-06;low@0.4012:W=8.11588e-06;low@0.8860:W=3.1387e-06;high@0.7306:W=5.27712e-06;high@0.8841:W=3.13997e-06
nstxuG142301M21/N10/egn10w.3730E+02,nstxuG142301M21,candidate,10,6.1075568956459705,-0.00016941846444229735,,,below_upper2,0.8794205939088003,0.9347794964192493,0.525,lower_max,0.395,0.13,-0.009775734710213797,0.00027125442127236006,0.013078947849920128,8,2,6,0.025765418212106737,0.00015479753830556264,0.025765418212106737,0.025765418212106737,False,False,False,False,False,low@0.2745:W=1.30325e-05;low@0.3037:W=7.22704e-06;low@0.3476:W=2.91226e-05;low@0.8861:W=0.00199861;high@0.7273:W=0.0257654;high@0.8842:W=0.00320008,low@0.2745:W=1.30325e-05;low@0.3037:W=7.22704e-06;low@0.3476:W=2.91226e-05;low@0.3909:W=0.000121098;low@0.3983:W=0.000154798;low@0.8861:W=0.00199861;high@0.7273:W=0.0257654;high@0.8842:W=0.00320008
nstxuG142301M21/N10/egn10w.3775E+02,nstxuG142301M21,candidate,10,6.143737283811867,-1.1779454166862274e-05,,,below_upper2,0.9952669433166964,0.9999946170488555,0.275,lower_max,0.33,0.05499999999999999,-0.11353011634649354,1.5924061456678138e-05,0.14024444269381273,8,2,6,0.7683515966056593,5.4096577240761394e-05,0.7683515966056593,1.8634763435225646e-06,False,False,False,False,False,low@0.2735:W=0.768352;low@0.3934:W=4.44082e-06;low@0.3963:W=4.48218e-06;low@0.8861:W=1.08126e-06;high@0.7260:W=1.86348e-06;high@0.8843:W=1.11625e-06,low@0.2735:W=0.768352;low@0.3049:W=5.40966e-05;low@0.3470:W=3.36621e-06;low@0.3934:W=4.44082e-06;low@0.3963:W=4.48218e-06;low@0.8861:W=1.08126e-06;high@0.7260:W=1.86348e-06;high@0.8843:W=1.11625e-06
nstxuG142301M21/N10/egn10w.3799E+02,nstxuG142301M21,candidate,10,6.163407540999329,-2.942372528025189e-06,,,below_upper2,0.9955826976993795,0.9999951903252317,0.145,lower_max,0.225,0.08000000000000002,-0.27330869897804044,0.17906226188395805,0.19673247394834817,8,0,8,0.4361171775381375,0.0,0.4361171775381375,2.4308354056869743e-06,False,False,False,False,False,low@0.2729:W=0.436117;low@0.3055:W=0.000120987;low@0.3466:W=5.39163e-06;low@0.3947:W=6.45438e-06;low@0.3952:W=6.47304e-06;low@0.8861:W=1.91844e-06;high@0.7253:W=2.43084e-06;high@0.8843:W=1.92297e-06,low@0.2729:W=0.436117;low@0.3055:W=0.000120987;low@0.3466:W=5.39163e-06;low@0.3947:W=6.45438e-06;low@0.3952:W=6.47304e-06;low@0.8861:W=1.91844e-06;high@0.7253:W=2.43084e-06;high@0.8843:W=1.92297e-06
nstxuG142301M21/N10/egn10w.3823E+02,nstxuG142301M21,candidate,10,6.183139911176538,-0.00010155568835782652,,,below_upper2,0.9957302489791905,0.9999947699742717,0.28,lower_max,0.33,0.04999999999999999,-0.10643404333762788,0.00037473530143661586,0.13935072209314484,6,2,4,0.06420333692050874,6.599267055837658e-05,0.06420333692050874,3.088238697222602e-06,False,False,False,False,False,low@0.2723:W=0.0642033;low@0.8861:W=2.08223e-06;high@0.7246:W=3.08824e-06;high@0.8844:W=2.08039e-06,low@0.2723:W=0.0642033;low@0.3060:W=6.59927e-05;low@0.3463:W=6.35431e-06;low@0.8861:W=2.08223e-06;high@0.7246:W=3.08824e-06;high@0.8844:W=2.08039e-06
nstxuG142301M21/N10/egn10w.3929E+02,nstxuG142301M21,candidate,10,6.2678224506622975,-3.2169065259177495e-06,,,below_upper2,0.9961429655708349,0.9999962883450396,0.3,lower_max,0.33,0.030000000000000027,-0.09148536773284485,0.12170951631467805,0.1374679991668158,6,2,4,0.2398425772221633,0.12913837181482657,0.2398425772221633,1.0758579885246518e-06,False,False,False,False,False,low@0.2698:W=0.239843;low@0.8861:W=8.0333e-07;high@0.7214:W=1.07586e-06;high@0.8845:W=8.06488e-07,low@0.2698:W=0.239843;low@0.3083:W=0.129138;low@0.3448:W=0.00737116;low@0.8861:W=8.0333e-07;high@0.7214:W=1.07586e-06;high@0.8845:W=8.06488e-07
nstxuG142301M21/N10/egn10w.3939E+02,nstxuG142301M21,candidate,10,6.276443238044518,-9.5173956090783e-07,,,below_upper2,0.9998968235051352,0.999999303728556,0.1,lower_max,0.225,0.125,-0.25037702718815463,1.3972151535499868e-05,0.1931894175578463,6,0,6,2.84567493114858e-06,0.0,2.84567493114858e-06,2.1688953330602184e-07,False,False,False,False,False,low@0.2696:W=2.84567e-06;low@0.3086:W=1.71464e-06;low@0.3447:W=6.59216e-07;low@0.8862:W=1.64546e-07;high@0.7211:W=2.1689e-07;high@0.8846:W=1.64098e-07,low@0.2696:W=2.84567e-06;low@0.3086:W=1.71464e-06;low@0.3447:W=6.59216e-07;low@0.8862:W=1.64546e-07;high@0.7211:W=2.1689e-07;high@0.8846:W=1.64098e-07
nstxuG142301M21/N10/egn10w.3949E+02,nstxuG142301M21,candidate,10,6.284283438771345,-4.9737891419629716e-05,,,below_upper2,0.9948510885073465,0.9999927801880859,0.335,lower_max,0.33,0.0050000000000000044,-0.0886263420643651,0.38870832906125125,0.13710791688827015,6,2,4,0.26796726854608915,0.26796726854608915,0.06101992657734181,3.7087075037503856e-06,False,False,False,False,False,low@0.2694:W=0.0610199;low@0.8862:W=3.70871e-06;high@0.7208:W=1.47882e-06;high@0.8846:W=3.60915e-06,low@0.2694:W=0.0610199;low@0.3088:W=0.267967;low@0.3445:W=0.244245;low@0.8862:W=3.70871e-06;high@0.7208:W=1.47882e-06;high@0.8846:W=3.60915e-06
nstxuG142301M21/N10/egn10w.3966E+02,nstxuG142301M21,candidate,10,6.297902774618916,-5.277785691796975e-06,,,below_upper2,0.9949576447583949,0.9999964623699883,0.315,lower_max,0.33,0.015000000000000013,-0.08627216666730447,0.3749931052919518,0.1368114183816581,6,2,4,0.49804266164860983,0.49804266164860983,0.06430244876167882,1.3969343587381437e-06,False,False,False,False,False,low@0.2691:W=0.0643024;low@0.8862:W=5.67071e-07;high@0.7203:W=1.39693e-06;high@0.8846:W=5.70049e-07,low@0.2691:W=0.0643024;low@0.3092:W=0.498043;low@0.3443:W=0.111905;low@0.8862:W=5.67071e-07;high@0.7203:W=1.39693e-06;high@0.8846:W=5.70049e-07
nstxuG142301M21/N10/egn10w.3973E+02,nstxuG142301M21,candidate,10,6.303025882828444,-1.3262175262129843e-05,,,below_upper2,0.9531039047654647,0.9836115026941437,0.45,lower_max,0.395,0.05499999999999999,0.021539358042772103,0.0007300788772524706,0.012673344456064311,6,0,6,0.008965528750892224,0.0,0.008965528750892224,0.008965528750892224,False,False,False,False,False,low@0.2690:W=1.0011e-05;low@0.3093:W=2.82757e-05;low@0.3442:W=9.00457e-05;low@0.8862:W=0.0025096;high@0.7201:W=0.00896553;high@0.8846:W=0.00295883,low@0.2690:W=1.0011e-05;low@0.3093:W=2.82757e-05;low@0.3442:W=9.00457e-05;low@0.8862:W=0.0025096;high@0.7201:W=0.00896553;high@0.8846:W=0.00295883
nstxuG142301M21/N10/egn10w.3981E+02,nstxuG142301M21,candidate,10,6.3097090299603495,-3.0628832966469067e-05,,,below_upper2,0.995116467711761,0.9999972445421484,0.31,lower_max,0.33,0.020000000000000018,-0.08423961548165228,0.25589598516791257,0.13655542709404597,6,2,4,0.9091814648958578,0.9091814648958578,0.21241641013043888,1.791216528262021e-06,False,False,False,False,False,low@0.2688:W=0.212416;low@0.8862:W=1.15214e-06;high@0.7194:W=1.79122e-06;high@0.8846:W=1.17097e-06,low@0.2688:W=0.212416;low@0.3095:W=0.909181;low@0.3441:W=0.139651;low@0.8862:W=1.15214e-06;high@0.7194:W=1.79122e-06;high@0.8846:W=1.17097e-06
nstxuG142301M21/N10/egn10w.4017E+02,nstxuG142301M21,candidate,10,6.33835004809902,-4.79082077309031e-05,,,below_upper2,0.9521183433562689,0.9858053484149893,0.445,lower_max,0.395,0.04999999999999999,0.02699240263086915,0.10980807102716081,0.012602714826791749,6,0,6,0.011347558734674081,0.0,0.011347558734674081,0.011347558734674081,False,False,False,False,False,low@0.2681:W=0.0100773;low@0.3103:W=0.00294206;low@0.3435:W=0.00566137;low@0.8862:W=0.00333221;high@0.7153:W=0.0113476;high@0.8847:W=0.00389064,low@0.2681:W=0.0100773;low@0.3103:W=0.00294206;low@0.3435:W=0.00566137;low@0.8862:W=0.00333221;high@0.7153:W=0.0113476;high@0.8847:W=0.00389064
nstxuG142301M21/N10/egn10w.4027E+02,nstxuG142301M21,candidate,10,6.345611601366313,-1.5710541883414594e-06,,,below_upper2,0.9929926993649876,0.9996731199365766,0.21,lower_max,0.33,0.12000000000000002,-0.07810514135032932,0.23037596758562567,0.13578281583446933,6,2,4,0.40828378066313253,0.38999914901185473,0.40828378066313253,0.00035096131066688756,False,False,False,False,False,low@0.2679:W=0.408284;low@0.8862:W=0.000118952;high@0.7148:W=0.000350961;high@0.8847:W=0.000138261,low@0.2679:W=0.408284;low@0.3105:W=0.261222;low@0.3434:W=0.389999;low@0.8862:W=0.000118952;high@0.7148:W=0.000350961;high@0.8847:W=0.000138261
nstxuG142301M21/N10/egn10w.4047E+02,nstxuG142301M21,candidate,10,6.361822842933339,-5.143254504513737e-05,,,below_upper2,0.953783237006003,0.9872288107790135,0.405,lower_max,0.395,0.010000000000000009,0.030582444081119382,0.187052464499953,0.012556215427674827,6,0,6,0.040490184691628864,0.0,0.040490184691628864,0.008043677898730906,False,False,False,False,False,low@0.2675:W=0.0195298;low@0.3109:W=0.0404902;low@0.3431:W=0.0159681;low@0.8862:W=0.00285951;high@0.7141:W=0.00804368;high@0.8847:W=0.00328744,low@0.2675:W=0.0195298;low@0.3109:W=0.0404902;low@0.3431:W=0.0159681;low@0.8862:W=0.00285951;high@0.7141:W=0.00804368;high@0.8847:W=0.00328744
nstxuG142301M21/N10/egn10w.4052E+02,nstxuG142301M21,candidate,10,6.36568349810343,-2.788719432466511e-06,,,below_upper2,0.99250698576855,0.9997137400827977,0.39,lower_max,0.395,0.0050000000000000044,0.031170375746328673,0.16630299956759959,0.012548600343132519,6,0,6,0.4305353134238667,0.0,0.4305353134238667,0.0002259075394686963,False,False,False,False,False,low@0.2674:W=0.184898;low@0.3110:W=0.430535;low@0.3430:W=0.139023;low@0.8862:W=9.69645e-05;high@0.7139:W=0.000225908;high@0.8847:W=0.000110975,low@0.2674:W=0.184898;low@0.3110:W=0.430535;low@0.3430:W=0.139023;low@0.8862:W=9.69645e-05;high@0.7139:W=0.000225908;high@0.8847:W=0.000110975
nstxuG142301M21/N10/egn10w.4070E+02,nstxuG142301M21,candidate,10,6.379628576416212,-3.6577592744801593e-07,,,below_upper2,0.9644020086974713,0.9922799408317757,0.4,lower_max,0.395,0.0050000000000000044,0.03328811737033241,0.2387424417078619,0.012521170656215058,6,0,6,0.15268203504807545,0.0,0.15268203504807545,0.004830801251205519,False,False,False,False,False,low@0.2671:W=0.0597381;low@0.3113:W=0.152682;low@0.3428:W=0.106918;low@0.8862:W=0.00277888;high@0.7133:W=0.0048308;high@0.8848:W=0.00312413,low@0.2671:W=0.0597381;low@0.3113:W=0.152682;low@0.3428:W=0.106918;low@0.8862:W=0.00277888;high@0.7133:W=0.0048308;high@0.8848:W=0.00312413
nstxuG142301M21/N10/egn10w.4082E+02,nstxuG142301M21,candidate,10,6.389007604811731,-3.896347330089609e-06,,,below_upper2,0.9587052329867766,0.988465439625223,0.22,lower_max,0.33,0.11000000000000001,-0.07078233672675585,0.1326932197735705,0.13486053933892353,6,2,4,0.4076247895958929,0.4076247895958929,0.20034809359602673,0.017586120791367222,False,False,False,False,False,low@0.2669:W=0.200348;low@0.8862:W=0.0160405;high@0.7129:W=0.0122124;high@0.8848:W=0.0175861,low@0.2669:W=0.200348;low@0.3115:W=0.376506;low@0.3426:W=0.407625;low@0.8862:W=0.0160405;high@0.7129:W=0.0122124;high@0.8848:W=0.0175861
nstxuG142301M21/N10/egn10w.4103E+02,nstxuG142301M21,candidate,10,6.405590466691865,-2.8098431849191423e-06,,,below_upper2,0.9617143139151014,0.9879272056591204,0.22,lower_max,0.33,0.11000000000000001,-0.06801028383234138,0.1317617164700103,0.13451141091609248,6,2,4,0.2795351356711381,0.23118142706964054,0.2795351356711381,0.028023050433010906,False,False,False,False,False,low@0.2665:W=0.279535;low@0.8862:W=0.000616522;high@0.7122:W=0.0280231;high@0.8848:W=0.000909951,low@0.2665:W=0.279535;low@0.3120:W=0.231181;low@0.3423:W=0.184137;low@0.8862:W=0.000616522;high@0.7122:W=0.0280231;high@0.8848:W=0.000909951
nstxuG142301M21/N10/egn10w.4126E+02,nstxuG142301M21,candidate,10,6.4231308398774045,-4.0222147733001803e-07,,,below_upper2,0.9549675985090598,0.9851279861246228,0.225,lower_max,0.33,0.10500000000000001,-0.06509374680212715,0.13428818920701843,0.13414408532301353,6,2,4,0.4060241391901897,0.3286358804112222,0.4060241391901897,0.04078550230243323,False,False,False,False,False,low@0.2660:W=0.406024;low@0.8862:W=0.00538018;high@0.7115:W=0.0407855;high@0.8848:W=0.00633787,low@0.2660:W=0.406024;low@0.3124:W=0.26489;low@0.3420:W=0.328636;low@0.8862:W=0.00538018;high@0.7115:W=0.0407855;high@0.8848:W=0.00633787
nstxuG142301M21/N10/egn10w.4151E+02,nstxuG142301M21,candidate,10,6.443001130612888,-1.4641922520904222e-05,,,below_upper2,0.9044133561212172,0.9536023993936404,0.23,lower_max,0.33,0.1,-0.0618089852476168,0.11501211548028603,0.1337303833971906,6,2,4,0.4890813502445534,0.42961102951473884,0.4890813502445534,0.14853340241340496,False,False,False,False,False,low@0.2655:W=0.489081;low@0.8862:W=0.0324967;high@0.7106:W=0.148533;high@0.8849:W=0.0368592,low@0.2655:W=0.489081;low@0.3129:W=0.429611;low@0.3416:W=0.374148;low@0.8862:W=0.0324967;high@0.7106:W=0.148533;high@0.8849:W=0.0368592
nstxuG142301M21/N10/egn10w.4169E+02,nstxuG142301M21,candidate,10,6.456707580462761,-4.6373393684441e-05,,,below_upper2,0.5732402133468049,0.7754297418903662,0.735,lower_max,0.395,0.33999999999999997,0.0448285484932359,0.05139874926737256,0.012371695191878052,6,0,6,0.48450032787955577,0.0,0.48450032787955577,0.48450032787955577,False,False,False,False,False,low@0.2652:W=0.164234;low@0.3133:W=0.167019;low@0.3414:W=0.0586367;low@0.8862:W=0.13604;high@0.7100:W=0.4845;high@0.8849:W=0.151583,low@0.2652:W=0.164234;low@0.3133:W=0.167019;low@0.3414:W=0.0586367;low@0.8862:W=0.13604;high@0.7100:W=0.4845;high@0.8849:W=0.151583
nstxuG142301M21/N10/egn10w.4187E+02,nstxuG142301M21,candidate,10,6.470766276157555,-6.435721778984423e-05,,,below_upper2,0.9181277870750192,0.954455350115993,0.23500000000000001,lower_max,0.33,0.095,-0.057252912634599896,0.11886666213410299,0.13315656518149513,6,2,4,0.4876661125933951,0.4876661125933951,0.4876265218170069,0.08681964386947164,False,False,False,False,False,low@0.2648:W=0.487627;low@0.8862:W=0.0359261;high@0.7095:W=0.0868196;high@0.8849:W=0.0394303,low@0.2648:W=0.487627;low@0.3136:W=0.487666;low@0.3411:W=0.158995;low@0.8862:W=0.0359261;high@0.7095:W=0.0868196;high@0.8849:W=0.0394303
nstxuG142301M21/N10/egn10w.4220E+02,nstxuG142301M21,candidate,10,6.496474720903801,-2.5741450721944225e-06,,,below_upper2,0.9549508999695809,0.9825873966394102,0.24,lower_max,0.33,0.09000000000000002,-0.053069054580043684,0.1316801379700442,0.13262962582659343,6,2,4,0.4779933225939409,0.44552575257264376,0.4779933225939409,0.016862353162559397,False,False,False,False,False,low@0.2643:W=0.477993;low@0.8862:W=0.0155503;high@0.7087:W=0.0104116;high@0.8850:W=0.0168624,low@0.2643:W=0.477993;low@0.3143:W=0.259588;low@0.3406:W=0.445526;low@0.8862:W=0.0155503;high@0.7087:W=0.0104116;high@0.8850:W=0.0168624
nstxuG142301M21/N10/egn10w.4259E+02,nstxuG142301M21,candidate,10,6.526406854534973,-2.8410259149076163e-06,,,below_upper2,0.9690291615120811,0.9959313522571377,0.245,lower_max,0.33,0.08500000000000002,-0.04823935205504102,0.13429036112059015,0.13202134507239321,6,2,4,0.6023429392834525,0.18352719930225034,0.6023429392834525,0.004309301609049664,False,False,False,False,False,low@0.2636:W=0.602343;low@0.8863:W=0.00200259;high@0.7077:W=0.0043093;high@0.8850:W=0.00231523,low@0.2636:W=0.602343;low@0.3151:W=0.171023;low@0.3401:W=0.183527;low@0.8863:W=0.00200259;high@0.7077:W=0.0043093;high@0.8850:W=0.00231523
nstxuG142301M21/N10/egn10w.4283E+02,nstxuG142301M21,candidate,10,6.544699385712236,-8.545941502118549e-09,,,below_upper2,0.999874173131049,0.9999968550190002,0.055,lower_max,0.225,0.17,-0.19912618972754217,3.579554480127795e-05,0.18527091040114238,6,0,6,6.607097359722213e-05,0.0,6.607097359722213e-05,8.427050348359549e-07,False,False,False,False,False,low@0.2632:W=6.6071e-05;low@0.3156:W=3.55425e-05;low@0.3397:W=4.23042e-05;low@0.8863:W=4.29003e-07;high@0.7070:W=8.42705e-07;high@0.8850:W=4.32188e-07,low@0.2632:W=6.6071e-05;low@0.3156:W=3.55425e-05;low@0.3397:W=4.23042e-05;low@0.8863:W=4.29003e-07;high@0.7070:W=8.42705e-07;high@0.8850:W=4.32188e-07
nstxuG142301M21/N10/egn10w.4305E+02,nstxuG142301M21,candidate,10,6.561523266912713,-8.647954156133151e-06,,,below_upper2,0.9312082491330026,0.9654758308639723,0.255,lower_max,0.33,0.07500000000000001,-0.04262931245601068,0.12943960916398373,0.13131478414017733,6,2,4,0.8346790843808277,0.39079348904107875,0.8346790843808277,0.036301407846361614,False,False,False,False,False,low@0.2628:W=0.834679;low@0.8863:W=0.0321332;high@0.7065:W=0.0111465;high@0.8850:W=0.0363014,low@0.2628:W=0.834679;low@0.3160:W=0.390793;low@0.3393:W=0.286649;low@0.8863:W=0.0321332;high@0.7065:W=0.0111465;high@0.8850:W=0.0363014
nstxuG142301M21/N10/egn10w.4356E+02,nstxuG142301M21,candidate,10,6.599911376747499,-9.24454688656336e-06,,,below_upper2,0.9666020773693558,0.9957008431516566,0.26,lower_max,0.33,0.07,-0.036564902454303466,0.12752963029820516,0.13055099716354243,8,2,6,0.9845735638479228,0.4145754154313714,0.9845735638479228,0.003263489203234575,False,False,False,False,False,low@0.1161:W=2.13112e-05;low@0.1241:W=3.46976e-05;low@0.2620:W=0.984574;low@0.8863:W=0.000196208;high@0.7052:W=0.00326349;high@0.8850:W=0.000218815,low@0.1161:W=2.13112e-05;low@0.1241:W=3.46976e-05;low@0.2620:W=0.984574;low@0.3171:W=0.414575;low@0.3384:W=0.364594;low@0.8863:W=0.000196208;high@0.7052:W=0.00326349;high@0.8850:W=0.000218815
nstxuG142301M21/N10/egn10w.4415E+02,nstxuG142301M21,candidate,10,6.644276666256693,-1.0992203822045103e-07,,,below_upper2,0.9655277888171451,0.9956537836894072,0.27,lower_max,0.33,0.06,-0.029643531731436832,0.14347023185683025,0.1296792795822609,8,2,6,0.9030861517149468,0.24611270276010888,0.9030861517149468,0.00467568333762036,False,False,False,False,False,low@0.0995:W=4.22303e-06;low@0.1398:W=5.79781e-05;low@0.2610:W=0.903086;low@0.8863:W=0.000183056;high@0.6990:W=0.00467568;high@0.8850:W=0.000197603,low@0.0995:W=4.22303e-06;low@0.1398:W=5.79781e-05;low@0.2610:W=0.903086;low@0.3184:W=0.246113;low@0.3373:W=0.180228;low@0.8863:W=0.000183056;high@0.6990:W=0.00467568;high@0.8850:W=0.000197603
nstxuG142301M21/N10/egn10w.4482E+02,nstxuG142301M21,candidate,10,6.694914882177763,-8.431884178060723e-06,,,below_upper2,0.9652858685151339,0.9959123919600346,0.275,lower_max,0.33,0.05499999999999999,-0.021855634140632955,0.16075668482788452,0.12869842658031216,8,2,6,0.61867448378471,0.4034762540150299,0.61867448378471,0.004905003622596947,False,False,False,False,False,low@0.0892:W=2.88937e-06;low@0.1483:W=7.17696e-05;low@0.2598:W=0.618674;low@0.8863:W=0.000237908;high@0.6978:W=0.004905;high@0.8851:W=0.000248194,low@0.0892:W=2.88937e-06;low@0.1483:W=7.17696e-05;low@0.2598:W=0.618674;low@0.3198:W=0.253564;low@0.3361:W=0.403476;low@0.8863:W=0.000237908;high@0.6978:W=0.004905;high@0.8851:W=0.000248194
nstxuG142301M21/N10/egn10w.4558E+02,nstxuG142301M21,candidate,10,6.751426049410444,-5.355858115366141e-07,,,below_upper2,0.9653137408165334,0.9949166728816633,0.29,lower_max,0.33,0.040000000000000036,-0.013302440458888985,0.20257619572497687,0.127621187749014,8,2,6,0.5194469303251891,0.5194469303251891,0.309492391669418,0.006204115147448161,False,False,False,False,False,low@0.0794:W=8.99535e-07;low@0.1554:W=8.10467e-05;low@0.2586:W=0.309492;low@0.8864:W=0.00155083;high@0.6964:W=0.00620412;high@0.8851:W=0.0016836,low@0.0794:W=8.99535e-07;low@0.1554:W=8.10467e-05;low@0.2586:W=0.309492;low@0.3220:W=0.519447;low@0.3344:W=0.209717;low@0.8864:W=0.00155083;high@0.6964:W=0.00620412;high@0.8851:W=0.0016836
nstxuG142301M21/N10/egn10w.4647E+02,nstxuG142301M21,candidate,10,6.8172386645817555,-0.0003426586840453909,,,below_upper2,0.8844899072167296,0.9309975918685152,0.3,lower_max,0.33,0.030000000000000027,-0.0035201683620438968,0.2538979317991793,0.1263891516519549,8,2,6,0.8307321575797938,0.8307321575797938,0.12409335835722879,0.09249905820490269,False,False,False,False,False,low@0.0685:W=5.84712e-07;low@0.1618:W=6.63691e-05;low@0.2572:W=0.124093;low@0.8864:W=0.0827652;high@0.6894:W=0.0918758;high@0.8851:W=0.0924991,low@0.0685:W=5.84712e-07;low@0.1618:W=6.63691e-05;low@0.2572:W=0.124093;low@0.3248:W=0.830732;low@0.3312:W=0.629666;low@0.8864:W=0.0827652;high@0.6894:W=0.0918758;high@0.8851:W=0.0924991
nstxuG142301M21/N10/egn10w.4747E+02,nstxuG142301M21,candidate,10,6.8898486479346825,-6.328551740215666e-05,,,below_upper2,0.9764087384746438,0.9966002421752542,0.33,lower_max,0.33,0.0,0.0070556202281651026,0.35372630034588937,0.12505717548435216,6,0,6,0.0338994577420422,0.0,0.0338994577420422,0.004198853777315803,True,True,False,False,True,low@0.0558:W=1.10683e-07;low@0.1676:W=8.28683e-05;low@0.2556:W=0.0338995;low@0.8864:W=0.00368322;high@0.6875:W=0.00196155;high@0.8851:W=0.00419885,low@0.0558:W=1.10683e-07;low@0.1676:W=8.28683e-05;low@0.2556:W=0.0338995;low@0.8864:W=0.00368322;high@0.6875:W=0.00196155;high@0.8851:W=0.00419885
nstxuG142301M21/N10/egn10w.4868E+02,nstxuG142301M21,candidate,10,6.977320962411004,-0.000803293272141067,,,below_upper2,0.9852090955413491,0.998150319657507,0.34500000000000003,lower_max,0.33,0.015000000000000013,0.019503828288653293,0.37430861952611133,0.12348937594633179,8,0,8,0.008608366107799411,0.0,0.008608366107799411,0.0013972830416713214,True,True,False,True,True,low@0.0371:W=2.0984e-05;low@0.1736:W=3.80597e-05;low@0.2538:W=0.00860837;low@0.8865:W=0.00121015;high@0.6798:W=0.000768115;high@0.6824:W=0.000758215;high@0.6853:W=0.000759955;high@0.8852:W=0.00139728,low@0.0371:W=2.0984e-05;low@0.1736:W=3.80597e-05;low@0.2538:W=0.00860837;low@0.8865:W=0.00121015;high@0.6798:W=0.000768115;high@0.6824:W=0.000758215;high@0.6853:W=0.000759955;high@0.8852:W=0.00139728
nstxuG142301M21/N10/egn10w.4956E+02,nstxuG142301M21,candidate,10,7.039737567299464,-0.00011609048540524078,,,below_upper2,0.9906052482525969,0.9997014806402762,0.375,lower_max,0.33,0.044999999999999984,0.028197226523927508,0.24580569262687746,0.12239447894020355,6,0,6,0.0022660534992444145,0.0,0.0022660534992444145,0.00015772826736337294,False,False,False,False,False,low@0.0138:W=2.32739e-05;low@0.1774:W=4.82259e-05;low@0.2524:W=0.00226605;low@0.8865:W=0.000124543;high@0.6783:W=0.000157728;high@0.8852:W=0.000144396,low@0.0138:W=2.32739e-05;low@0.1774:W=4.82259e-05;low@0.2524:W=0.00226605;low@0.8865:W=0.000124543;high@0.6783:W=0.000157728;high@0.8852:W=0.000144396
nstxuG142301M21/N10/egn10w.6756E+02,nstxuG142301M21,candidate,10,8.21920213385127,-6.115959705518844e-07,,,below_upper2,0.9999297460325016,0.9999998749134272,0.035,lower_max,0.225,0.19,0.04517247422603535,3.3341502156781713e-07,0.1475255619397381,3,0,3,1.825870927446803e-08,0.0,1.825870927446803e-08,1.825870927446803e-08,False,False,False,False,False,low@0.8871:W=9.7288e-09;high@0.6083:W=1.82587e-08;high@0.8856:W=9.79426e-09,low@0.8871:W=9.7288e-09;high@0.6083:W=1.82587e-08;high@0.8856:W=9.79426e-09
nstxuG142301M21/N10/egn10w.6770E+02,nstxuG142301M21,candidate,10,8.228239593571066,-0.002075798229593417,,,below_upper2,0.9561850926082475,0.9720276573334772,0.035,lower_max,0.225,0.19,0.04622120587821969,2.709318079564385e-06,0.147363527727133,3,0,3,0.002316011150602528,0.0,0.002316011150602528,0.002316011150602528,False,False,False,False,False,low@0.8871:W=0.000885291;high@0.6082:W=0.00231601;high@0.8856:W=0.00107034,low@0.8871:W=0.000885291;high@0.6082:W=0.00231601;high@0.8856:W=0.00107034
nstxuG142301M21/N10/egn10w.7487E+02,nstxuG142301M21,candidate,10,8.652807243362671,-1.8520301865086755e-05,,,below_upper2,0.9925641149996408,0.9965499918149225,0.02,lower_max,0.225,0.20500000000000002,0.09302030929659023,0.0034139468568423433,0.14013283543589983,5,0,5,0.00022927591110904696,0.0,0.00022927591110904696,0.00022927591110904696,False,False,False,False,False,low@0.8873:W=0.000117397;high@0.5697:W=0.000229276;high@0.5800:W=0.000222095;high@0.5861:W=0.00022433;high@0.8858:W=0.000120788,low@0.8873:W=0.000117397;high@0.5697:W=0.000229276;high@0.5800:W=0.000222095;high@0.5861:W=0.00022433;high@0.8858:W=0.000120788
nstxuG142301E55/N6/egn06w.1017E+02,nstxuG142301E55,candidate,6,3.189259946922805,-0.38096207967330953,,,below_upper2,0.869412839261639,0.8466901492750066,0.9550000000000001,lower_max,0.34500000000000003,0.6100000000000001,-0.854862784147977,0.009317470971063757,0.09645464715233772,3,0,3,0.8383069968815202,0.0,0.8383069968815202,0.8383069968815202,False,False,False,False,False,low@0.6935:W=0.253327;high@0.8298:W=0.0212212;high@0.9571:W=0.838307,low@0.6935:W=0.253327;high@0.8298:W=0.0212212;high@0.9571:W=0.838307
nstxuG142301E55/N6/egn06w.1282E+02,nstxuG142301E55,candidate,6,3.579809560940174,-0.058494415874443324,,,below_upper2,0.6635689306843262,0.6423218114138715,0.9550000000000001,lower_max,0.34500000000000003,0.6100000000000001,-0.6525011970098278,0.00841874378546278,0.08593165016765075,3,0,3,0.15524582169873252,0.0,0.15524582169873252,0.15524582169873252,False,False,False,False,False,low@0.6432:W=0.0964997;high@0.8110:W=0.0205253;high@0.9670:W=0.155246,low@0.6432:W=0.0964997;high@0.8110:W=0.0205253;high@0.9670:W=0.155246
nstxuG142301E55/N6/egn06w.1553E+02,nstxuG142301E55,candidate,6,3.9404691969074332,-0.1548204572063723,,,below_upper2,0.8605156044531092,0.9351663592474563,0.6950000000000001,lower_max,0.34500000000000003,0.35000000000000003,-0.5012525892001864,0.02186104933815207,0.07806657722358255,3,0,3,0.03221475104771819,0.0,0.03221475104771819,0.03221475104771819,False,False,False,False,False,low@0.5964:W=0.0322148;high@0.7946:W=0.0111339;high@0.9702:W=0.00973219,low@0.5964:W=0.0322148;high@0.7946:W=0.0111339;high@0.9702:W=0.00973219
nstxuG142301E55/N6/egn06w.1627E+02,nstxuG142301E55,candidate,6,4.033347450066821,-0.004710418572068998,,,mixed,0.3347928508808474,0.44974410902141504,0.895,lower_max,0.34500000000000003,0.55,-0.466682366881846,0.036126858940240654,0.07626889244377548,5,0,5,0.18956463020245637,0.0,0.18956463020245637,0.18956463020245637,False,False,False,False,False,low@0.5746:W=0.022814;low@0.5751:W=0.0252632;low@0.5928:W=0.189565;high@0.7906:W=0.00454774;high@0.9704:W=0.00299389,low@0.5746:W=0.022814;low@0.5751:W=0.0252632;low@0.5928:W=0.189565;high@0.7906:W=0.00454774;high@0.9704:W=0.00299389
nstxuG142301E55/N6/egn06w.1905E+02,nstxuG142301E55,candidate,6,4.3648089717875855,-0.014326241460042726,,,mixed,0.36794737287251233,0.49384691654389934,0.9550000000000001,lower_max,0.34500000000000003,0.6100000000000001,-0.3553032040479295,0.0032814121713868015,0.0704770689498328,5,0,5,0.16302463789581167,0.0,0.16302463789581167,0.16302463789581167,False,False,False,False,False,low@0.5278:W=0.163025;low@0.5444:W=0.116056;low@0.5569:W=0.0382064;high@0.7757:W=0.0301966;high@0.9709:W=0.0395949,low@0.5278:W=0.163025;low@0.5444:W=0.116056;low@0.5569:W=0.0382064;high@0.7757:W=0.0301966;high@0.9709:W=0.0395949
nstxuG142301E55/N6/egn06w.1949E+02,nstxuG142301E55,candidate,6,4.414629606676504,-0.009330852864361592,,,mixed,0.2430771618237476,0.435496051015428,0.9550000000000001,lower_max,0.34500000000000003,0.6100000000000001,-0.3400081346743775,0.0061263511741975404,0.06968171064505439,5,0,5,0.09666558546572138,0.0,0.09666558546572138,0.09666558546572138,False,False,False,False,False,low@0.5253:W=0.0876433;low@0.5491:W=0.0209303;low@0.5525:W=0.0966656;high@0.7735:W=0.019095;high@0.9710:W=0.0377505,low@0.5253:W=0.0876433;low@0.5491:W=0.0209303;low@0.5525:W=0.0966656;high@0.7735:W=0.019095;high@0.9710:W=0.0377505
nstxuG142301E55/N6/egn06w.2024E+02,nstxuG142301E55,candidate,6,4.498704012027125,-0.006052104369914664,,,below_upper2,0.3547653348708168,0.5045175580927402,0.9550000000000001,lower_max,0.34500000000000003,0.6100000000000001,-0.3149652808243466,0.008485146646966295,0.06837945818064806,3,0,3,0.04745784433957794,0.0,0.04745784433957794,0.04745784433957794,False,False,False,False,False,low@0.5221:W=0.0474578;high@0.7698:W=0.0139313;high@0.9712:W=0.0343045,low@0.5221:W=0.0474578;high@0.7698:W=0.0139313;high@0.9712:W=0.0343045
nstxuG142301E55/N6/egn06w.2055E+02,nstxuG142301E55,candidate,6,4.533705663990261,-0.003457825139213098,,,mixed,0.27275447998032465,0.4640817853516751,0.9550000000000001,lower_max,0.34500000000000003,0.6100000000000001,-0.3048133299668857,0.08233161175737627,0.06785154698083709,3,0,3,0.3234254079192212,0.0,0.3234254079192212,0.3234254079192212,False,False,False,False,False,low@0.5208:W=0.323425;high@0.7682:W=0.0165196;high@0.9712:W=0.0342334,low@0.5208:W=0.323425;high@0.7682:W=0.0165196;high@0.9712:W=0.0342334
nstxuG142301E55/N6/egn06w.2123E+02,nstxuG142301E55,candidate,6,4.607436311743909,-0.07568588100908868,,,below_upper2,0.35649011106643325,0.5232365762601808,0.895,lower_max,0.34500000000000003,0.55,-0.28393301269134663,0.10063888734120097,0.06676575041817324,5,0,5,0.3188341357155026,0.0,0.3188341357155026,0.3188341357155026,False,False,False,False,False,low@0.4818:W=0.10952;low@0.4862:W=0.318834;low@0.5179:W=0.163985;high@0.7649:W=0.0204364;high@0.9714:W=0.0207859,low@0.4818:W=0.10952;low@0.4862:W=0.318834;low@0.5179:W=0.163985;high@0.7649:W=0.0204364;high@0.9714:W=0.0207859
nstxuG142301E55/N6/egn06w.2230E+02,nstxuG142301E55,candidate,6,4.72185927102121,-0.00017471193518308074,,,below_upper2,0.39280412273649246,0.5556212814879671,0.9450000000000001,lower_max,0.34500000000000003,0.6000000000000001,-0.25281996878349805,0.12454993181044816,0.06514784223778715,5,0,5,0.3038770794338471,0.0,0.3038770794338471,0.3038770794338471,False,False,False,False,False,low@0.4721:W=0.0679873;low@0.4977:W=0.038182;low@0.5126:W=0.303877;high@0.7594:W=0.0423579;high@0.9716:W=0.00463416,low@0.4721:W=0.0679873;low@0.4977:W=0.038182;low@0.5126:W=0.303877;high@0.7594:W=0.0423579;high@0.9716:W=0.00463416
nstxuG142301E55/N6/egn06w.2243E+02,nstxuG142301E55,candidate,6,4.736460859337853,-0.0007366969163255016,,,mixed,-0.09255695191554494,0.31887424651355756,0.885,lower_max,0.34500000000000003,0.54,-0.24895776830041333,0.06405346952818546,0.06494700410139712,5,0,5,0.09724712787399928,0.0,0.09724712787399928,0.09724712787399928,False,False,False,False,False,low@0.4713:W=0.024729;low@0.4989:W=0.0951002;low@0.5117:W=0.035668;high@0.7587:W=0.0972471;high@0.9716:W=0.00326292,low@0.4713:W=0.024729;low@0.4989:W=0.0951002;low@0.5117:W=0.035668;high@0.7587:W=0.0972471;high@0.9716:W=0.00326292
nstxuG142301E55/N6/egn06w.2312E+02,nstxuG142301E55,candidate,6,4.808258661605873,-0.00120479617622076,,,below_upper2,0.9347430060083903,0.9477631814416823,0.4,lower_max,0.34500000000000003,0.05499999999999999,-0.23030810130026266,0.2957125332352225,0.0639772034965322,3,0,3,0.6357877706877788,0.0,0.6357877706877788,0.6357877706877788,False,False,False,False,False,low@0.4680:W=0.635788;high@0.7550:W=0.0085732;high@0.9717:W=0.000184648,low@0.4680:W=0.635788;high@0.7550:W=0.0085732;high@0.9717:W=0.000184648
nstxuG142301E55/N6/egn06w.2762E+02,nstxuG142301E55,candidate,6,5.255335830134932,-6.749431487246468e-06,,,below_upper2,0.9948565385529993,0.9989187720338899,0.445,lower_max,0.34500000000000003,0.09999999999999998,-0.1256444451370062,0.16634646748817955,0.058534592802535375,3,0,3,0.029177477451245347,0.0,0.029177477451245347,1.4582400275534869e-05,False,False,False,False,False,low@0.3882:W=0.0291775;high@0.7332:W=1.45824e-05;high@0.9726:W=6.96045e-06,low@0.3882:W=0.0291775;high@0.7332:W=1.45824e-05;high@0.9726:W=6.96045e-06
nstxuG142301E55/N6/egn06w.2870E+02,nstxuG142301E55,candidate,6,5.3569857628909014,-1.667093098623446e-05,,,below_upper2,0.9589216741628535,0.9790111123892399,0.445,lower_max,0.34500000000000003,0.09999999999999998,-0.10428510478782456,0.18039562639371168,0.057423886579738764,3,0,3,0.0511588935494141,0.0,0.0511588935494141,5.846517960222277e-05,False,False,False,False,False,low@0.3833:W=0.0511589;high@0.7287:W=5.84652e-05;high@0.9728:W=4.9196e-05,low@0.3833:W=0.0511589;high@0.7287:W=5.84652e-05;high@0.9728:W=4.9196e-05
nstxuG142301E55/N6/egn06w.3060E+02,nstxuG142301E55,candidate,6,5.532075094571087,-4.1923376053800016e-05,,,below_upper2,0.9411397445773377,0.965136619953444,0.3,lower_max,0.34500000000000003,0.04500000000000004,-0.0693346499085286,0.30248099286958324,0.055606429341388534,3,0,3,0.6582627942812653,0.0,0.6582627942812653,9.957055206150924e-05,False,False,False,False,False,low@0.3754:W=0.658263;high@0.7189:W=9.95706e-05;high@0.9732:W=4.56256e-05,low@0.3754:W=0.658263;high@0.7189:W=9.95706e-05;high@0.9732:W=4.56256e-05
nstxuG142301E55/N6/egn06w.4490E+02,nstxuG142301E55,candidate,6,6.700424825740138,-1.4698167222897922e-07,,,below_upper2,0.9992946305351982,0.9999168433420185,0.13,lower_max,0.125,0.0050000000000000044,-0.0011462067640311718,0.9345898760422137,0.052158549002668066,3,2,1,0.4944704374907132,0.4944704374907132,3.32953373095043e-06,3.32953373095043e-06,True,False,False,False,False,high@0.6502:W=3.32953e-06,low@0.1147:W=0.0210591;low@0.1335:W=0.49447;high@0.6502:W=3.32953e-06
nstxuG142301E55/N6/egn06w.4515E+02,nstxuG142301E55,candidate,6,6.719566963794694,-1.3834923467733186e-06,,,below_upper2,0.9994902406317562,0.999979265127689,0.12,lower_max,0.125,0.0050000000000000044,0.0017057744731421138,0.9182161766596325,0.05200996410856493,1,0,1,2.274621373873962e-06,0.0,2.274621373873962e-06,2.274621373873962e-06,True,True,True,True,True,high@0.6493:W=2.27462e-06,high@0.6493:W=2.27462e-06
nstxuG142301E55/N6/egn06w.4545E+02,nstxuG142301E55,candidate,6,6.741438131115489,-0.00020883071749618623,,,below_upper2,0.9926539624524865,0.9996258497973075,0.12,lower_max,0.125,0.0050000000000000044,0.004944528521941506,0.5840569197163398,0.05184122880235235,1,0,1,4.017040853098587e-05,0.0,4.017040853098587e-05,4.017040853098587e-05,True,True,True,True,True,high@0.6482:W=4.01704e-05,high@0.6482:W=4.01704e-05
nstxuG142301E55/N6/egn06w.4647E+02,nstxuG142301E55,candidate,6,6.816778744440655,-7.888128557924316e-05,,,below_upper2,0.9693032681980892,0.9941801784637954,0.105,lower_max,0.125,0.020000000000000004,0.01594211144552677,0.5610887370209015,0.051268267566565606,1,0,1,0.0006026644627087583,0.0,0.0006026644627087583,0.0006026644627087583,False,False,False,False,False,high@0.6352:W=0.000602664,high@0.6352:W=0.000602664
nstxuG142301E55/N6/egn06w.4867E+02,nstxuG142301E55,candidate,6,6.976105393686065,3.4091233829491674e-05,,,below_upper2,0.9797802327390426,0.9976210649870995,0.085,lower_max,0.125,0.039999999999999994,0.03841692184457856,0.2113355692551257,0.050097356173599686,1,0,1,0.0003323828181016123,0.0,0.0003323828181016123,0.0003323828181016123,False,False,False,False,False,high@0.6304:W=0.000332383,high@0.6304:W=0.000332383
nstxuG142301E55/N6/egn06w.5076E+02,nstxuG142301E55,candidate,6,7.12454046879147,6.354245591695825e-06,,,below_upper2,0.9882070591288983,0.9993733112719069,0.09,lower_max,0.125,0.035,0.05845086747957313,0.28539204179886335,0.04905361098627367,1,0,1,9.673141179769233e-05,0.0,9.673141179769233e-05,9.673141179769233e-05,False,False,False,False,False,high@0.6118:W=9.67314e-05,high@0.6118:W=9.67314e-05
nstxuG142301E55/N6/egn06w.7337E+02,nstxuG142301E55,candidate,6,8.565811643495444,-1.4951859117268092e-05,,,mixed,-0.19452340179842956,0.45445288259355704,0.47500000000000003,upper_min,0.355,0.12000000000000005,-0.006028407389370324,0.009062280213561404,0.05164113393329636,6,2,4,0.96799332419644,0.002234018521055763,0.96799332419644,0.96799332419644,False,False,False,False,False,high@0.1700:W=5.42581e-05;high@0.4296:W=0.0153191;high@0.4748:W=0.967993;high@0.4768:W=0.919198,high@0.1700:W=5.42581e-05;high@0.3442:W=0.000940672;high@0.3641:W=0.00223402;high@0.4296:W=0.0153191;high@0.4748:W=0.967993;high@0.4768:W=0.919198
nstxuG142301E55/N6/egn06w.8727E+02,nstxuG142301E55,candidate,6,9.341595091240265,-2.046399134434983e-05,,,below_upper2,-0.13456704105067493,0.9007536863061126,0.275,upper_min,0.355,0.07999999999999996,-0.08857391504030267,0.007805765487597588,0.04735253690709987,2,0,2,0.04959167956860209,0.0,0.04959167956860209,0.0,False,False,False,False,False,high@0.2673:W=0.0289886;high@0.2828:W=0.0495917,high@0.2673:W=0.0289886;high@0.2828:W=0.0495917
nstxuG142301E55/N7/egn07w.1030E+02,nstxuG142301E55,candidate,7,3.2100182566551254,-0.24916692217545422,,,below_upper2,0.8860899159999903,0.939527122978514,0.055,lower_max,0.32,0.265,-0.8963102420927518,0.06454427419670192,0.11217439889560882,4,0,4,0.013361925715061425,0.0,0.013361925715061425,0.013361925715061425,False,False,False,False,False,low@0.6924:W=0.00672014;low@0.9453:W=0.0133619;high@0.8288:W=0.0080371;high@0.9340:W=0.0124863,low@0.6924:W=0.00672014;low@0.9453:W=0.0133619;high@0.8288:W=0.0080371;high@0.9340:W=0.0124863
nstxuG142301E55/N7/egn07w.1076E+02,nstxuG142301E55,candidate,7,3.279650691068734,-0.47174233306124813,,,below_upper2,0.7257368716349158,0.8417925030029124,0.005,lower_max,0.125,0.12,-0.9398748165993622,0.005806523175362674,0.08385217595035811,4,0,4,0.06157924444142371,0.0,0.06157924444142371,0.06157924444142371,False,False,False,False,False,low@0.6824:W=0.0281993;low@0.9454:W=0.0571522;high@0.8253:W=0.039473;high@0.9350:W=0.0615792,low@0.6824:W=0.0281993;low@0.9454:W=0.0571522;high@0.8253:W=0.039473;high@0.9350:W=0.0615792
nstxuG142301E55/N7/egn07w.1086E+02,nstxuG142301E55,candidate,7,3.2961351751600887,-0.02013116467420042,,,below_upper2,0.7755211036725881,0.8676802480526877,0.005,lower_max,0.125,0.12,-0.9301732012668239,0.010180374676615334,0.08343281819133902,4,0,4,0.050114018004321,0.0,0.050114018004321,0.050114018004321,False,False,False,False,False,low@0.6813:W=0.0180371;low@0.9454:W=0.050114;high@0.8245:W=0.0252353;high@0.9351:W=0.0447,low@0.6813:W=0.0180371;low@0.9454:W=0.050114;high@0.8245:W=0.0252353;high@0.9351:W=0.0447
nstxuG142301E55/N7/egn07w.1136E+02,nstxuG142301E55,candidate,7,3.3708235153853723,0.008439887993975671,,,below_upper2,0.9916790444824652,0.9955330994040165,0.025,lower_max,0.125,0.1,-0.8874057789761141,0.001964610723269234,0.08158417239823033,4,0,4,0.0005392574316156384,0.0,0.0005392574316156384,0.0005392574316156384,False,False,False,False,False,low@0.6689:W=0.000259332;low@0.9454:W=0.000539257;high@0.8208:W=0.000285666;high@0.9354:W=0.000487747,low@0.6689:W=0.000259332;low@0.9454:W=0.000539257;high@0.8208:W=0.000285666;high@0.9354:W=0.000487747
nstxuG142301E55/N7/egn07w.1176E+02,nstxuG142301E55,candidate,7,3.4292316078431124,2.6423949194105264e-05,,,below_upper2,0.9980183755582064,0.9989186986259184,0.015,lower_max,0.125,0.11,-0.8552587023565072,8.240936855045288e-05,0.08019459699783293,4,0,4,0.00018445895012058117,0.0,0.00018445895012058117,0.00018445895012058117,False,False,False,False,False,low@0.6668:W=5.87988e-05;low@0.9454:W=0.000184459;high@0.8180:W=9.7375e-05;high@0.9356:W=0.000168019,low@0.6668:W=5.87988e-05;low@0.9454:W=0.000184459;high@0.8180:W=9.7375e-05;high@0.9356:W=0.000168019
nstxuG142301E55/N7/egn07w.1201E+02,nstxuG142301E55,candidate,7,3.4658026685510417,0.000694615498844711,,,below_upper2,0.7651054046132404,0.8639912054303545,0.025,lower_max,0.125,0.1,-0.8356820601984124,0.009659879011935399,0.07934838567083842,6,0,6,0.08633587271239977,0.0,0.08633587271239977,0.08633587271239977,False,False,False,False,False,low@0.6556:W=0.0299826;low@0.6632:W=0.0324254;low@0.6654:W=0.0320296;low@0.9454:W=0.0863359;high@0.8162:W=0.0437205;high@0.9357:W=0.078483,low@0.6556:W=0.0299826;low@0.6632:W=0.0324254;low@0.6654:W=0.0320296;low@0.9454:W=0.0863359;high@0.8162:W=0.0437205;high@0.9357:W=0.078483
nstxuG142301E55/N7/egn07w.1219E+02,nstxuG142301E55,candidate,7,3.4908270155461882,0.0025738436038176705,,,below_upper2,0.8056325023247007,0.8910762236945275,0.015,lower_max,0.125,0.11,-0.8225227874408125,0.014300290948745544,0.0787795687321334,4,0,4,0.1139702205587956,0.0,0.1139702205587956,0.1139702205587956,False,False,False,False,False,low@0.6542:W=0.055924;low@0.9454:W=0.11397;high@0.8150:W=0.0534742;high@0.9358:W=0.10404,low@0.6542:W=0.055924;low@0.9454:W=0.11397;high@0.8150:W=0.0534742;high@0.9358:W=0.10404
nstxuG142301E55/N7/egn07w.1221E+02,nstxuG142301E55,candidate,7,3.494193447636604,0.0019130713007816935,,,below_upper2,0.8888323251038944,0.9411886763804974,0.045,lower_max,0.125,0.08,-0.820766903203406,0.005416248141746249,0.07870366965206721,4,0,4,0.013747233605317533,0.0,0.013747233605317533,0.013747233605317533,False,False,False,False,False,low@0.6541:W=0.00683512;low@0.9454:W=0.0137472;high@0.8148:W=0.00550792;high@0.9358:W=0.0132244,low@0.6541:W=0.00683512;low@0.9454:W=0.0137472;high@0.8148:W=0.00550792;high@0.9358:W=0.0132244
nstxuG142301E55/N7/egn07w.1226E+02,nstxuG142301E55,candidate,7,3.501562518348247,3.499985300265721e-05,,,below_upper2,0.9922410584130565,0.9978635192131855,0.065,lower_max,0.125,0.06,-0.8169350824123112,0.02310278537190159,0.07853803705122321,4,0,4,0.006518331011530634,0.0,0.006518331011530634,0.006518331011530634,False,False,False,False,False,low@0.6538:W=0.00651833;low@0.9454:W=0.000205859;high@0.8145:W=0.000194725;high@0.9358:W=0.000551957,low@0.6538:W=0.00651833;low@0.9454:W=0.000205859;high@0.8145:W=0.000194725;high@0.9358:W=0.000551957
nstxuG142301E55/N7/egn07w.1237E+02,nstxuG142301E55,candidate,7,3.5172262435320802,1.686705891620353e-06,,,below_upper2,0.9850235759141587,0.9926700531564803,0.05,lower_max,0.125,0.075,-0.808843486979658,0.010798024762839253,0.07818827330454631,4,0,4,0.00199727880165994,0.0,0.00199727880165994,0.00199727880165994,False,False,False,False,False,low@0.6532:W=0.00137938;low@0.9455:W=0.00199728;high@0.8138:W=0.000816392;high@0.9359:W=0.00186458,low@0.6532:W=0.00137938;low@0.9455:W=0.00199728;high@0.8138:W=0.000816392;high@0.9359:W=0.00186458
nstxuG142301E55/N7/egn07w.1307E+02,nstxuG142301E55,candidate,7,3.615083276639622,-0.05406491939981975,,,below_upper2,0.8651648016159146,0.9208516470489458,0.06,lower_max,0.125,0.065,-0.7598797305606726,0.013077080175895886,0.07607178749664627,4,0,4,0.017996128594187945,0.0,0.017996128594187945,0.017996128594187945,False,False,False,False,False,low@0.6383:W=0.0171189;low@0.9455:W=0.0164811;high@0.8092:W=0.0100483;high@0.9363:W=0.0179961,low@0.6383:W=0.0171189;low@0.9455:W=0.0164811;high@0.8092:W=0.0100483;high@0.9363:W=0.0179961
nstxuG142301E55/N7/egn07w.1355E+02,nstxuG142301E55,candidate,7,3.6815371894498945,-1.2250098789904718,,,below_upper2,0.6064017667954552,0.7506780277581913,0.925,lower_max,0.32,0.605,-0.6534371878257187,0.0796099586796476,0.09780747819581942,6,0,6,0.403478425400847,0.0,0.403478425400847,0.403478425400847,False,False,False,False,False,low@0.6244:W=0.0963696;low@0.6255:W=0.0962855;low@0.6361:W=0.153275;low@0.9455:W=0.312937;high@0.8062:W=0.187599;high@0.9365:W=0.403478,low@0.6244:W=0.0963696;low@0.6255:W=0.0962855;low@0.6361:W=0.153275;low@0.9455:W=0.312937;high@0.8062:W=0.187599;high@0.9365:W=0.403478
nstxuG142301E55/N7/egn07w.1391E+02,nstxuG142301E55,candidate,7,3.7297362319871046,-0.1696081830289832,,,mixed,0.4012414613555827,0.42769442551088577,0.925,lower_max,0.32,0.605,-0.6320699692366021,0.046270998730474716,0.0965435210393891,6,0,6,0.17567843473920608,0.0,0.17567843473920608,0.17567843473920608,False,False,False,False,False,low@0.6207:W=0.0293615;low@0.6288:W=0.0438033;low@0.6325:W=0.0461283;low@0.9455:W=0.0112034;high@0.8040:W=0.00772754;high@0.9367:W=0.175678,low@0.6207:W=0.0293615;low@0.6288:W=0.0438033;low@0.6325:W=0.0461283;low@0.9455:W=0.0112034;high@0.8040:W=0.00772754;high@0.9367:W=0.175678
nstxuG142301E55/N7/egn07w.1447E+02,nstxuG142301E55,candidate,7,3.8044099616431977,-0.11237335492430596,,,below_upper2,0.6893029177408846,0.7604292497285478,0.92,lower_max,0.32,0.6000000000000001,-0.6000353691563407,0.0995022226979752,0.09464854524476447,4,0,4,0.22973647725138216,0.0,0.22973647725138216,0.22973647725138216,False,False,False,False,False,low@0.6179:W=0.228877;low@0.9456:W=0.100903;high@0.8006:W=0.0553176;high@0.9370:W=0.229736,low@0.6179:W=0.228877;low@0.9456:W=0.100903;high@0.8006:W=0.0553176;high@0.9370:W=0.229736
nstxuG142301E55/N7/egn07w.1575E+02,nstxuG142301E55,candidate,7,3.968983752958683,-13.218935200360388,,,below_upper2,0.6250782926617661,0.7383516756994427,0.92,lower_max,0.32,0.6000000000000001,-0.5336899509508275,0.15226674101095355,0.09072394617785862,4,0,4,0.3676377877364209,0.0,0.3676377877364209,0.3676377877364209,False,False,False,False,False,low@0.5961:W=0.124529;low@0.9456:W=0.301045;high@0.7934:W=0.168466;high@0.9377:W=0.367638,low@0.5961:W=0.124529;low@0.9456:W=0.301045;high@0.7934:W=0.168466;high@0.9377:W=0.367638
nstxuG142301E55/N7/egn07w.2618E+02,nstxuG142301E55,candidate,7,5.116682314858351,-0.10739235158616879,,,below_upper2,0.86132839165236,0.9310093355679196,0.38,lower_max,0.32,0.06,-0.1896752862149016,0.03010663993384711,0.0703740913010323,4,0,4,0.5612841695054822,0.0,0.5612841695054822,0.5612841695054822,False,False,False,False,False,low@0.4341:W=0.561284;low@0.9462:W=0.0168834;high@0.7404:W=0.00807548;high@0.9406:W=0.0205807,low@0.4341:W=0.561284;low@0.9462:W=0.0168834;high@0.7404:W=0.00807548;high@0.9406:W=0.0205807
nstxuG142301E55/N7/egn07w.2651E+02,nstxuG142301E55,candidate,7,5.148966147186097,-0.015071286961945773,,,below_upper2,0.963708209623243,0.982231299305635,0.39,lower_max,0.32,0.07,-0.1822160650107353,0.30651252083739494,0.06993284828275732,4,0,4,0.24928749051409874,0.0,0.24928749051409874,0.24928749051409874,False,False,False,False,False,low@0.4330:W=0.249287;low@0.9463:W=0.0047251;high@0.7390:W=0.00369885;high@0.9407:W=0.00493686,low@0.4330:W=0.249287;low@0.9463:W=0.0047251;high@0.7390:W=0.00369885;high@0.9407:W=0.00493686
nstxuG142301E55/N7/egn07w.2958E+02,nstxuG142301E55,candidate,7,5.438693721055396,-0.001126991855598557,,,below_upper2,0.9913741506640135,0.9965810612021888,0.3,lower_max,0.32,0.020000000000000018,-0.11923759814490811,0.5998996730674367,0.06620741796696429,6,0,6,0.3997944818940903,0.0,0.3997944818940903,0.001876171255538283,False,False,False,False,False,low@0.3583:W=0.399794;low@0.4102:W=0.00125374;low@0.4176:W=0.00169062;low@0.9464:W=0.000580051;high@0.7237:W=0.000347914;high@0.9410:W=0.00187617,low@0.3583:W=0.399794;low@0.4102:W=0.00125374;low@0.4176:W=0.00169062;low@0.9464:W=0.000580051;high@0.7237:W=0.000347914;high@0.9410:W=0.00187617
nstxuG142301E55/N7/egn07w.3060E+02,nstxuG142301E55,candidate,7,5.531424692453969,-0.009075797609870111,,,below_upper2,0.9891418479537029,0.9922797710020732,0.28500000000000003,lower_max,0.32,0.034999999999999976,-0.10047426040239625,0.46219233006666693,0.06509749086441446,4,0,4,0.4210811718286421,0.0,0.4210811718286421,0.004398271656208318,False,False,False,False,False,low@0.3541:W=0.421081;low@0.9465:W=0.000428262;high@0.7202:W=0.00439827;high@0.9411:W=0.00220902,low@0.3541:W=0.421081;low@0.9465:W=0.000428262;high@0.7202:W=0.00439827;high@0.9411:W=0.00220902
nstxuG142301E55/N7/egn07w.3081E+02,nstxuG142301E55,candidate,7,5.550801751300154,-0.00013901259380958006,,,below_upper2,0.9971570023049904,0.9991562232388581,0.41500000000000004,lower_max,0.32,0.09500000000000003,-0.09663266139419266,0.016794851655370202,0.06487024478939056,4,0,4,0.0012225928493002649,0.0,0.0012225928493002649,6.250702629624757e-05,False,False,False,False,False,low@0.3533:W=0.00122259;low@0.9465:W=3.60635e-05;high@0.7192:W=6.2507e-05;high@0.9411:W=3.7204e-05,low@0.3533:W=0.00122259;low@0.9465:W=3.60635e-05;high@0.7192:W=6.2507e-05;high@0.9411:W=3.7204e-05
nstxuG142301E55/N7/egn07w.3139E+02,nstxuG142301E55,candidate,7,5.602369498409627,-0.004695875871796258,,,below_upper2,0.9905842047897249,0.9964396438622698,0.265,lower_max,0.32,0.05499999999999999,-0.08653856178672893,0.1875363196073951,0.06427313808673939,4,0,4,0.4426806292049327,0.0,0.4426806292049327,0.0009526021873582126,False,False,False,False,False,low@0.3511:W=0.442681;low@0.9465:W=0.000952602;high@0.7160:W=0.000881591;high@0.9412:W=0.000917717,low@0.3511:W=0.442681;low@0.9465:W=0.000952602;high@0.7160:W=0.000881591;high@0.9412:W=0.000917717
nstxuG142301E55/N7/egn07w.3169E+02,nstxuG142301E55,candidate,7,5.629505688136675,-0.03445572240041327,,,below_upper2,0.945862738921432,0.9761026230012356,0.28,lower_max,0.32,0.03999999999999998,-0.08130106524763979,0.3800456283733077,0.06396331904291996,4,1,3,0.21805544006440325,0.21805544006440325,0.011766037616435899,0.011766037616435899,False,False,False,False,False,low@0.9466:W=0.00716688;high@0.7143:W=0.00397458;high@0.9412:W=0.011766,low@0.3500:W=0.218055;low@0.9466:W=0.00716688;high@0.7143:W=0.00397458;high@0.9412:W=0.011766
nstxuG142301E55/N7/egn07w.3213E+02,nstxuG142301E55,candidate,7,5.668592959003885,-0.010139226504210404,,,below_upper2,0.9735912595837358,0.99138171945833,0.255,lower_max,0.32,0.065,-0.07384505139517152,0.3169291672763098,0.06352226575243362,4,1,3,0.11062062415064457,0.11062062415064457,0.003366560162407183,0.003366560162407183,False,False,False,False,False,low@0.9466:W=0.00280536;high@0.7115:W=0.00120633;high@0.9412:W=0.00336656,low@0.3483:W=0.110621;low@0.9466:W=0.00280536;high@0.7115:W=0.00120633;high@0.9412:W=0.00336656
nstxuG142301E55/N7/egn07w.4008E+02,nstxuG142301E55,candidate,7,6.33102333724261,-4.620609886692218e-06,,,below_upper2,0.9998945713626086,0.999968992012479,0.055,lower_max,0.125,0.07,-0.004910492972193345,0.3217638032174602,0.04343781915720817,5,2,3,0.26948895441819687,0.26948895441819687,1.3124862017724694e-06,1.3124862017724694e-06,False,False,False,False,False,low@0.9470:W=4.10261e-07;high@0.6732:W=1.31249e-06;high@0.9420:W=4.70619e-07,low@0.1075:W=0.269489;low@0.1491:W=0.000769697;low@0.9470:W=4.10261e-07;high@0.6732:W=1.31249e-06;high@0.9420:W=4.70619e-07
nstxuG142301E55/N7/egn07w.4043E+02,nstxuG142301E55,candidate,7,6.358598450906334,-0.00024899223370656454,,,below_upper2,0.990659728090799,0.9974979555644219,0.11,lower_max,0.125,0.015,-0.0005525324437017679,0.5711699566654316,0.04324944387139443,5,2,3,0.38639392382007737,0.38639392382007737,0.00018963803041480875,0.00018963803041480875,True,False,False,False,False,low@0.9471:W=0.000120405;high@0.6723:W=0.000106934;high@0.9421:W=0.000189638,low@0.1200:W=0.386394;low@0.1336:W=0.172192;low@0.9471:W=0.000120405;high@0.6723:W=0.000106934;high@0.9421:W=0.000189638
nstxuG142301E55/N7/egn07w.4066E+02,nstxuG142301E55,candidate,7,6.376477673170932,-3.385020560818771e-05,,,below_upper2,0.9877880386048075,0.9964099978231569,0.125,lower_max,0.125,0.0,0.0022529507763266563,0.9889383058388206,0.04312817528716486,3,0,3,0.00010580735837870343,0.0,0.00010580735837870343,0.00010580735837870343,True,True,True,True,True,low@0.9471:W=3.47552e-05;high@0.6717:W=2.88518e-05;high@0.9421:W=0.000105807,low@0.9471:W=3.47552e-05;high@0.6717:W=2.88518e-05;high@0.9421:W=0.000105807
nstxuG142301E55/N7/egn07w.4081E+02,nstxuG142301E55,candidate,7,6.388468583222101,-0.5824947314943328,,,below_upper2,0.8031151549395765,0.9402282118399726,0.12,lower_max,0.125,0.0050000000000000044,0.00412568364887789,0.5288555906502749,0.04304722535936876,3,0,3,0.010263071565027922,0.0,0.010263071565027922,0.010263071565027922,True,True,False,False,True,low@0.9471:W=0.00451175;high@0.6712:W=0.00390643;high@0.9421:W=0.0102631,low@0.9471:W=0.00451175;high@0.6712:W=0.00390643;high@0.9421:W=0.0102631
nstxuG142301E55/N7/egn07w.4136E+02,nstxuG142301E55,candidate,7,6.431455548860902,-0.002271421645185238,,,below_upper2,0.990672100962372,0.9977063510880476,0.1,lower_max,0.125,0.024999999999999994,0.010781970813162524,0.6195377082439681,0.04275950361686264,3,0,3,0.00037808894449934435,0.0,0.00037808894449934435,0.00037808894449934435,False,False,False,False,False,low@0.9471:W=0.000361279;high@0.6639:W=0.000213177;high@0.9422:W=0.000378089,low@0.9471:W=0.000361279;high@0.6639:W=0.000213177;high@0.9422:W=0.000378089
nstxuG142301E55/N8/egn08w.2283E+02,nstxuG142301E55,candidate,8,4.777637201443664,-0.007030459439259654,,,below_upper2,0.9324844154401171,0.9563181856313899,0.5,lower_max,0.39,0.10999999999999999,-0.17673612734079108,0.15539807481812787,0.020680106229671077,6,0,6,0.5336469003231552,0.0,0.5336469003231552,0.5336469003231552,False,False,False,False,False,low@0.4716:W=0.15639;low@0.4951:W=0.533647;low@0.5053:W=0.0542047;low@0.9073:W=0.000421438;high@0.7563:W=0.312747;high@0.9030:W=0.000637696,low@0.4716:W=0.15639;low@0.4951:W=0.533647;low@0.5053:W=0.0542047;low@0.9073:W=0.000421438;high@0.7563:W=0.312747;high@0.9030:W=0.000637696
nstxuG142301E55/N8/egn08w.2704E+02,nstxuG142301E55,candidate,8,5.199576739795879,-0.0030273992259466647,,,below_upper2,0.9619318903377645,0.9556751298353305,0.375,lower_max,0.39,0.015000000000000013,-0.08124537430845125,0.33494105123857193,0.019001939926472186,4,1,3,0.2362481642865476,0.2362481642865476,0.06054694177787229,0.2362481642865476,False,False,False,False,False,low@0.9078:W=0.00013239;high@0.7356:W=0.0605469;high@0.9039:W=0.000191757,low@0.4118:W=0.236248;low@0.9078:W=0.00013239;high@0.7356:W=0.0605469;high@0.9039:W=0.000191757
nstxuG142301E55/N8/egn08w.2771E+02,nstxuG142301E55,candidate,8,5.263798634928864,-0.00017782313755429523,,,below_upper2,0.9978348809995775,0.9999570070790113,0.36,lower_max,0.39,0.030000000000000027,-0.06805345116361758,0.3596473605821414,0.018770103437670473,4,1,3,0.4170689511023044,0.4170689511023044,1.3471826968039374e-05,0.4170689511023044,False,False,False,False,False,low@0.9079:W=1.57463e-06;high@0.7325:W=1.34718e-05;high@0.9040:W=1.57701e-06,low@0.4095:W=0.417069;low@0.9079:W=1.57463e-06;high@0.7325:W=1.34718e-05;high@0.9040:W=1.57701e-06
nstxuG142301E55/N8/egn08w.3171E+02,nstxuG142301E55,candidate,8,5.63151395490965,-0.0007507606159155123,,,below_upper2,0.9979292262996858,0.999962976018978,0.25,lower_max,0.295,0.044999999999999984,-0.10758260859102235,0.27097987122600786,0.07355148214523857,4,0,4,0.6976379127619718,0.0,0.6976379127619718,1.2383614752060341e-05,False,False,False,False,False,low@0.3311:W=0.697638;low@0.9083:W=9.86775e-06;high@0.7133:W=1.23836e-05;high@0.9048:W=1.01429e-05,low@0.3311:W=0.697638;low@0.9083:W=9.86775e-06;high@0.7133:W=1.23836e-05;high@0.9048:W=1.01429e-05
nstxuG142301E55/N8/egn08w.3264E+02,nstxuG142301E55,candidate,8,5.713568978928469,-0.0005701990483379263,,,below_upper2,0.9973352188236141,0.9999286589649736,0.24,lower_max,0.295,0.05499999999999999,-0.091676137891896,0.19603164298240985,0.07249517764339301,4,0,4,0.13201388427887542,0.0,0.13201388427887542,2.5065419037286642e-05,False,False,False,False,False,low@0.3277:W=0.132014;low@0.9085:W=5.02979e-06;high@0.7097:W=2.50654e-05;high@0.9050:W=5.08694e-06,low@0.3277:W=0.132014;low@0.9085:W=5.02979e-06;high@0.7097:W=2.50654e-05;high@0.9050:W=5.08694e-06
nstxuG142301E55/N8/egn08w.3269E+02,nstxuG142301E55,candidate,8,5.717130199131012,-2.419007066318751e-05,,,below_upper2,0.9955523103129135,0.999988523922492,0.39,lower_max,0.39,0.0,0.01663630135261865,0.8105480512907933,0.01728175525330891,4,0,4,0.008072423893195534,0.0,0.008072423893195534,1.2705351332487069e-06,True,True,False,True,True,low@0.3275:W=0.00807242;low@0.9085:W=1.27054e-06;high@0.7096:W=6.64194e-07;high@0.9050:W=1.22687e-06,low@0.3275:W=0.00807242;low@0.9085:W=1.27054e-06;high@0.7096:W=6.64194e-07;high@0.9050:W=1.22687e-06
nstxuG142301E55/N8/egn08w.3338E+02,nstxuG142301E55,candidate,8,5.7773528827861,-7.540248554549869e-05,,,below_upper2,0.9971186518244773,0.9999764077019092,0.23,lower_max,0.295,0.06499999999999997,-0.07962366901286387,0.1962062948768903,0.07169480668895027,4,0,4,0.23451700502862918,0.0,0.23451700502862918,4.9790956553683995e-06,False,False,False,False,False,low@0.3251:W=0.234517;low@0.9085:W=9.45308e-07;high@0.7070:W=4.9791e-06;high@0.9050:W=9.53979e-07,low@0.3251:W=0.234517;low@0.9085:W=9.45308e-07;high@0.7070:W=4.9791e-06;high@0.9050:W=9.53979e-07
nstxuG142301E55/N8/egn08w.3739E+02,nstxuG142301E55,candidate,8,6.1143276045629955,-2.281341522868212e-06,,,below_upper2,0.9996463646009783,0.9999896225111019,0.14,lower_max,0.125,0.015000000000000013,0.00042482041181348274,0.7014272753040128,0.014653559744498878,5,0,5,4.742320231689189e-05,0.0,4.742320231689189e-05,4.778338980001934e-07,True,True,True,True,True,low@0.2763:W=4.74232e-05;low@0.3095:W=8.41509e-06;low@0.9090:W=2.04809e-07;high@0.6870:W=4.77834e-07;high@0.9053:W=3.33683e-07,low@0.2763:W=4.74232e-05;low@0.3095:W=8.41509e-06;low@0.9090:W=2.04809e-07;high@0.6870:W=4.77834e-07;high@0.9053:W=3.33683e-07
nstxuG142301E55/N8/egn08w.3748E+02,nstxuG142301E55,candidate,8,6.122484546573093,-1.5777087072211144e-06,,,below_upper2,0.9993466188531321,0.999995353536986,0.135,lower_max,0.125,0.010000000000000009,0.0017565472153048736,0.7060256705074968,0.014634036912523046,5,0,5,3.6307505264129774e-05,0.0,3.6307505264129774e-05,4.0438492340026705e-07,True,True,True,True,True,low@0.2771:W=3.63075e-05;low@0.3089:W=6.84149e-06;low@0.9090:W=1.7627e-07;high@0.6867:W=4.04385e-07;high@0.9053:W=2.95381e-07,low@0.2771:W=3.63075e-05;low@0.3089:W=6.84149e-06;low@0.9090:W=1.7627e-07;high@0.6867:W=4.04385e-07;high@0.9053:W=2.95381e-07
nstxuG142301E55/N8/egn08w.3754E+02,nstxuG142301E55,candidate,8,6.126965816383473,-4.130370029854651e-07,,,below_upper2,0.9994773470816463,0.9999993586107705,0.125,lower_max,0.125,0.0,0.00248666361915556,0.6614971559095807,0.014623333561176654,5,0,5,5.107119553895597e-06,0.0,5.107119553895597e-06,5.325059924322257e-08,True,True,True,True,True,low@0.2776:W=5.10712e-06;low@0.3086:W=9.96676e-07;low@0.9091:W=2.49888e-08;high@0.6865:W=5.32506e-08;high@0.9053:W=4.26362e-08,low@0.2776:W=5.10712e-06;low@0.3086:W=9.96676e-07;low@0.9091:W=2.49888e-08;high@0.6865:W=5.32506e-08;high@0.9053:W=4.26362e-08
nstxuG142301E55/N8/egn08w.3758E+02,nstxuG142301E55,candidate,8,6.12985927679335,-2.6169119255326913e-05,,,below_upper2,0.9993701730143217,0.9999982431571165,0.095,lower_max,0.125,0.03,0.0029575170624097837,0.5228707360124906,0.014616430949744795,5,0,5,1.7225416184644146e-05,0.0,1.7225416184644146e-05,1.8656903042248244e-07,False,False,False,False,False,low@0.2778:W=1.72254e-05;low@0.3084:W=3.31379e-06;low@0.9091:W=8.90644e-08;high@0.6864:W=1.86569e-07;high@0.9053:W=1.5366e-07,low@0.2778:W=1.72254e-05;low@0.3084:W=3.31379e-06;low@0.9091:W=8.90644e-08;high@0.6864:W=1.86569e-07;high@0.9053:W=1.5366e-07
nstxuG142301E55/N8/egn08w.3773E+02,nstxuG142301E55,candidate,8,6.14271655654719,-5.60190971652789e-06,,,below_upper2,0.9991411893102471,0.9999887293654017,0.12,lower_max,0.125,0.0050000000000000044,0.005044420146995134,0.551779490518204,0.014585837393946872,5,0,5,4.238270135150031e-05,0.0,4.238270135150031e-05,3.1232317258813655e-06,True,True,True,True,True,low@0.2791:W=4.23827e-05;low@0.3075:W=9.45702e-06;low@0.9091:W=1.24183e-07;high@0.6860:W=3.12323e-06;high@0.9053:W=1.40277e-07,low@0.2791:W=4.23827e-05;low@0.3075:W=9.45702e-06;low@0.9091:W=1.24183e-07;high@0.6860:W=3.12323e-06;high@0.9053:W=1.40277e-07
nstxuG142301E55/N8/egn08w.3779E+02,nstxuG142301E55,candidate,8,6.147751614839621,-4.425007894509032e-06,,,below_upper2,0.9991009053376999,0.9999961770441824,0.115,lower_max,0.125,0.009999999999999995,0.005859296813587774,0.48150008018762985,0.01457389147515842,5,0,5,4.9140080111458835e-05,0.0,4.9140080111458835e-05,1.5728707655034727e-06,True,True,True,True,True,low@0.2796:W=4.91401e-05;low@0.3071:W=1.1252e-05;low@0.9091:W=2.05682e-07;high@0.6858:W=1.57287e-06;high@0.9053:W=3.05807e-07,low@0.2796:W=4.91401e-05;low@0.3071:W=1.1252e-05;low@0.9091:W=2.05682e-07;high@0.6858:W=1.57287e-06;high@0.9053:W=3.05807e-07
nstxuG142301E55/N8/egn08w.3791E+02,nstxuG142301E55,candidate,8,6.157467151919993,-1.972977599336471e-05,,,below_upper2,0.9987745427036178,0.9999947555233987,0.07,lower_max,0.125,0.05499999999999999,0.007427898095025742,0.37301514880648784,0.014550896113666632,5,0,5,0.00010014648299970551,0.0,0.00010014648299970551,2.847067514969822e-06,False,False,False,False,False,low@0.2806:W=0.000100146;low@0.3065:W=2.5497e-05;low@0.9091:W=5.72983e-07;high@0.6855:W=2.84707e-06;high@0.9053:W=1.05007e-06,low@0.2806:W=0.000100146;low@0.3065:W=2.5497e-05;low@0.9091:W=5.72983e-07;high@0.6855:W=2.84707e-06;high@0.9053:W=1.05007e-06
nstxuG142301E55/N8/egn08w.3809E+02,nstxuG142301E55,candidate,8,6.171399673568475,-7.441559023312724e-06,,,below_upper2,0.9986520326131868,0.9999897984870215,0.065,lower_max,0.125,0.06,0.009668724006317637,0.40241972936300296,0.014518046081934487,5,0,5,0.00013152484471084936,0.0,0.00013152484471084936,8.270583118654083e-06,False,False,False,False,False,low@0.2822:W=0.000131525;low@0.3055:W=4.0967e-05;low@0.9091:W=2.7259e-06;high@0.6850:W=4.62339e-06;high@0.9053:W=8.27058e-06,low@0.2822:W=0.000131525;low@0.3055:W=4.0967e-05;low@0.9091:W=2.7259e-06;high@0.6850:W=4.62339e-06;high@0.9053:W=8.27058e-06
nstxuG142301E55/N8/egn08w.3833E+02,nstxuG142301E55,candidate,8,6.190732973831894,-1.4792229469896518e-05,,,below_upper2,0.9985992505711002,0.9999879854735667,0.12,lower_max,0.125,0.0050000000000000044,0.012761471181809154,0.41345037415636354,0.01447270706548415,5,0,5,0.00017094389222500593,0.0,0.00017094389222500593,8.785602484995258e-06,True,True,True,True,True,low@0.2844:W=0.000170944;low@0.3036:W=6.38385e-05;low@0.9091:W=6.93508e-07;high@0.6797:W=8.7856e-06;high@0.9053:W=7.29788e-07,low@0.2844:W=0.000170944;low@0.3036:W=6.38385e-05;low@0.9091:W=6.93508e-07;high@0.6797:W=8.7856e-06;high@0.9053:W=7.29788e-07
nstxuG142301E55/N8/egn08w.3860E+02,nstxuG142301E55,candidate,8,6.212885690399727,-9.214390595783323e-06,,,below_upper2,0.9984281704308945,0.9999076065214383,0.045,lower_max,0.125,0.08,0.01628157703979196,0.4036376884661493,0.014421103061553038,5,0,5,0.00013288470897562118,0.0,0.00013288470897562118,3.7795666199918514e-05,False,False,False,False,False,low@0.2877:W=0.000132885;low@0.3011:W=7.15657e-05;low@0.9092:W=6.05308e-07;high@0.6791:W=3.77957e-05;high@0.9053:W=6.53647e-07,low@0.2877:W=0.000132885;low@0.3011:W=7.15657e-05;low@0.9092:W=6.05308e-07;high@0.6791:W=3.77957e-05;high@0.9053:W=6.53647e-07
nstxuG142301E55/N8/egn08w.3864E+02,nstxuG142301E55,candidate,8,6.216243544082079,-4.592771611061043e-05,,,below_upper2,0.9978959732234906,0.9994739781282278,0.045,lower_max,0.125,0.08,0.016812956240994544,0.38225780307611423,0.01441331315537008,5,0,5,0.00909396276940244,0.0,0.00909396276940244,0.00017291557018587396,False,False,False,False,False,low@0.2882:W=0.00909396;low@0.3007:W=0.00665302;low@0.9092:W=2.10143e-06;high@0.6790:W=0.000172916;high@0.9053:W=2.40549e-06,low@0.2882:W=0.00909396;low@0.3007:W=0.00665302;low@0.9092:W=2.10143e-06;high@0.6790:W=0.000172916;high@0.9053:W=2.40549e-06
nstxuG142301E55/N8/egn08w.3894E+02,nstxuG142301E55,candidate,8,6.240571012535634,-2.5584360763327877e-06,,,below_upper2,0.9983883867580172,0.9999811562481117,0.055,lower_max,0.125,0.07,0.020645690736434956,0.44087555810566154,0.014357126082040712,3,0,3,3.934719809632019e-06,0.0,3.934719809632019e-06,3.934719809632019e-06,False,False,False,False,False,low@0.9092:W=9.64283e-07;high@0.6782:W=3.93472e-06;high@0.9054:W=9.92647e-07,low@0.9092:W=9.64283e-07;high@0.6782:W=3.93472e-06;high@0.9054:W=9.92647e-07
nstxuG142301E55/N8/egn08w.3921E+02,nstxuG142301E55,candidate,8,6.262161687205986,-1.5268619511935692e-05,,,below_upper2,0.9981687267823021,0.999974491472453,0.02,lower_max,0.125,0.105,0.024022307523816483,0.13412823122003104,0.014307625597396267,3,0,3,2.8585391483836004e-06,0.0,2.8585391483836004e-06,2.8585391483836004e-06,False,False,False,False,False,low@0.9093:W=2.32281e-06;high@0.6776:W=2.85854e-06;high@0.9054:W=2.36201e-06,low@0.9093:W=2.32281e-06;high@0.6776:W=2.85854e-06;high@0.9054:W=2.36201e-06
nstxuG142301E55/N8/egn08w.3932E+02,nstxuG142301E55,candidate,8,6.270642719461186,-0.00021962801370323587,,,below_upper2,0.9983230884007884,0.9999884895012725,0.04,lower_max,0.125,0.08499999999999999,0.025342315481622354,0.4239905217375352,0.014288274561208182,3,0,3,7.43737366597298e-06,0.0,7.43737366597298e-06,7.43737366597298e-06,False,False,False,False,False,low@0.9093:W=1.15341e-06;high@0.6773:W=7.43737e-06;high@0.9054:W=1.27443e-06,low@0.9093:W=1.15341e-06;high@0.6773:W=7.43737e-06;high@0.9054:W=1.27443e-06
nstxuG142301E55/N8/egn08w.3987E+02,nstxuG142301E55,candidate,8,6.314163244924275,-1.255784573804449e-05,,,below_upper2,0.9983027455135636,0.9999816224210916,0.035,lower_max,0.125,0.09,0.03206016754396417,0.36748411230536476,0.014189792277373577,3,0,3,1.5484424501540947e-05,0.0,1.5484424501540947e-05,1.5484424501540947e-05,False,False,False,False,False,low@0.9093:W=1.14477e-06;high@0.6759:W=1.54844e-05;high@0.9054:W=1.30045e-06,low@0.9093:W=1.14477e-06;high@0.6759:W=1.54844e-05;high@0.9054:W=1.30045e-06
nstxuG142301E55/N8/egn08w.4066E+02,nstxuG142301E55,candidate,8,6.376598580531541,-6.540908759524825e-06,,,below_upper2,0.9978592321918571,0.9996185255799696,0.045,lower_max,0.125,0.08,0.04153757897637633,0.344677494398063,0.014050855439520855,3,0,3,0.00015532592879972224,0.0,0.00015532592879972224,0.00015532592879972224,False,False,False,False,False,low@0.9094:W=3.51432e-06;high@0.6686:W=0.000155326;high@0.9055:W=5.21546e-06,low@0.9094:W=3.51432e-06;high@0.6686:W=0.000155326;high@0.9055:W=5.21546e-06
nstxuG142301E55/N8/egn08w.4109E+02,nstxuG142301E55,candidate,8,6.409761553626011,-0.028350115939228777,,,mixed,0.10836713788051094,0.4704563323997949,0.775,lower_max,0.39,0.385,0.12289743522741058,6.299606818939963e-05,0.015414308945204201,3,0,3,0.20188815014424835,0.0,0.20188815014424835,0.20188815014424835,False,False,False,False,False,low@0.9095:W=0.00178397;high@0.6676:W=0.201888;high@0.9055:W=0.00236749,low@0.9095:W=0.00178397;high@0.6676:W=0.201888;high@0.9055:W=0.00236749
nstxuG142301E55/N8/egn08w.4146E+02,nstxuG142301E55,candidate,8,6.438907453448834,-0.0002560415777482751,,,below_upper2,0.9219458388979935,0.9861048570802741,0.03,lower_max,0.125,0.095,0.05081255514575347,0.37240839972758955,0.01391488625961108,3,0,3,0.008265756989974102,0.0,0.008265756989974102,0.008265756989974102,False,False,False,False,False,low@0.9095:W=0.00741966;high@0.6668:W=0.000854473;high@0.9055:W=0.00826576,low@0.9095:W=0.00741966;high@0.6668:W=0.000854473;high@0.9055:W=0.00826576
nstxuG142301E55/N8/egn08w.4158E+02,nstxuG142301E55,candidate,8,6.448248085465582,5.35160416543557e-05,,,below_upper2,0.22088129512961646,0.6762912393803312,0.03,lower_max,0.125,0.095,0.05218750389459025,0.2592555080663316,0.013894729803100222,3,0,3,0.3510067003460384,0.0,0.3510067003460384,0.3510067003460384,False,False,False,False,False,low@0.9095:W=0.0899815;high@0.6666:W=0.0217764;high@0.9055:W=0.351007,low@0.9095:W=0.0899815;high@0.6666:W=0.0217764;high@0.9055:W=0.351007
nstxuG142301E55/N8/egn08w.4172E+02,nstxuG142301E55,candidate,8,6.458816744075701,-1.7354755477155074e-05,,,below_upper2,0.9978889657425389,0.99994004846251,0.03,lower_max,0.125,0.095,0.05373842368294489,0.4166414920193009,0.013871993648540097,3,0,3,5.957889329029718e-05,0.0,5.957889329029718e-05,5.957889329029718e-05,False,False,False,False,False,low@0.9096:W=1.48599e-06;high@0.6663:W=5.95789e-05;high@0.9055:W=1.55356e-06,low@0.9096:W=1.48599e-06;high@0.6663:W=5.95789e-05;high@0.9055:W=1.55356e-06
nstxuG142301E55/N8/egn08w.4284E+02,nstxuG142301E55,candidate,8,6.54553179130016,-3.559138887696313e-05,,,below_upper2,0.997526999964489,0.999911505854057,0.025,lower_max,0.125,0.1,0.06627447421226719,0.3961821424809788,0.01368821781142181,3,0,3,2.9367356012834862e-05,0.0,2.9367356012834862e-05,2.9367356012834862e-05,False,False,False,False,False,low@0.9097:W=1.92251e-06;high@0.6575:W=2.93674e-05;high@0.9056:W=1.90172e-06,low@0.9097:W=1.92251e-06;high@0.6575:W=2.93674e-05;high@0.9056:W=1.90172e-06
nstxuG142301E55/N8/egn08w.4529E+02,nstxuG142301E55,candidate,8,6.729847016961866,-0.0015280220934763115,,,below_upper2,0.9970708911874464,0.999758707428507,0.02,lower_max,0.125,0.105,0.09184709578269838,0.31970899340332265,0.013313328612832307,3,0,3,5.832391065171387e-05,0.0,5.832391065171387e-05,5.832391065171387e-05,False,False,False,False,False,low@0.9100:W=5.62603e-05;high@0.6433:W=5.83239e-05;high@0.9057:W=5.55402e-05,low@0.9100:W=5.62603e-05;high@0.6433:W=5.83239e-05;high@0.9057:W=5.55402e-05
nstxuG142301E55/N8/egn08w.4973E+02,nstxuG142301E55,candidate,8,7.052058390948144,-0.00823256483239032,,,below_upper2,0.9877941026247744,0.9970848498305341,0.025,lower_max,0.125,0.1,0.1333409659175631,0.1277759054138555,0.012705037293211686,3,0,3,0.0006643926960508827,0.0,0.0006643926960508827,0.0006643926960508827,False,False,False,False,False,low@0.9101:W=0.000302216;high@0.6237:W=0.000664393;high@0.9060:W=0.000334993,low@0.9101:W=0.000302216;high@0.6237:W=0.000664393;high@0.9060:W=0.000334993
nstxuG142301E55/N8/egn08w.5605E+02,nstxuG142301E55,candidate,8,7.486829169931479,-0.00021185557491242542,,,below_upper2,0.9572856666016478,0.9926580649857593,0.01,lower_max,0.125,0.115,0.18366908411134503,0.012996173713125116,0.011967237774135372,3,0,3,3.798761288209054e-05,0.0,3.798761288209054e-05,3.798761288209054e-05,False,False,False,False,False,low@0.9103:W=1.27454e-05;high@0.5857:W=3.79876e-05;high@0.9063:W=1.34719e-05,low@0.9103:W=1.27454e-05;high@0.5857:W=3.79876e-05;high@0.9063:W=1.34719e-05
nstxuG142301E55/N8/egn08w.6658E+02,nstxuG142301E55,candidate,8,8.159616289594815,-0.017345641808125062,,,below_upper2,0.20188964489161662,0.9092717400900123,0.015,lower_max,0.125,0.11,0.2509782449959354,0.01745704195300615,0.01098049977731878,5,0,5,0.03208461310010997,0.0,0.03208461310010997,0.03208461310010997,False,False,False,False,False,low@0.9107:W=0.00267109;high@0.4952:W=0.00339298;high@0.5132:W=0.0050878;high@0.5255:W=0.0320846;high@0.9069:W=0.00274062,low@0.9107:W=0.00267109;high@0.4952:W=0.00339298;high@0.5132:W=0.0050878;high@0.5255:W=0.0320846;high@0.9069:W=0.00274062
nstxuG142301E55/N9/egn09w.1217E+02,nstxuG142301E55,candidate,9,3.4888866236283596,-2.130240634026529,,,below_upper2,0.9707956902937707,0.9990644573198174,0.655,lower_max,0.37,0.28500000000000003,-0.6528321232921473,0.09657162880777928,0.09538018914981669,4,0,4,0.964381948459337,0.0,0.964381948459337,0.964381948459337,False,False,False,False,False,low@0.6570:W=0.964382;low@0.8804:W=0.00152906;high@0.8152:W=0.00405415;high@0.8756:W=0.00216264,low@0.6570:W=0.964382;low@0.8804:W=0.00152906;high@0.8152:W=0.00405415;high@0.8756:W=0.00216264
nstxuG142301E55/N9/egn09w.1222E+02,nstxuG142301E55,candidate,9,3.4955905759265598,-2.9606086331364163,,,below_upper2,0.974817715218212,0.9991194884072623,0.46,lower_max,0.37,0.09000000000000002,-0.6496622704530326,0.10067913260721557,0.09519726605731917,4,0,4,0.8927485613336631,0.0,0.8927485613336631,0.8927485613336631,False,False,False,False,False,low@0.6567:W=0.892749;low@0.8804:W=0.000995478;high@0.8149:W=0.00381578;high@0.8756:W=0.0016758,low@0.6567:W=0.892749;low@0.8804:W=0.000995478;high@0.8149:W=0.00381578;high@0.8756:W=0.0016758
nstxuG142301E55/N9/egn09w.1484E+02,nstxuG142301E55,candidate,9,3.852766089166191,-0.07948785965439291,,,below_upper2,0.9527852497969647,0.9991243215858326,0.68,lower_max,0.37,0.31000000000000005,-0.4967282603199039,0.05653576772744103,0.08637188409119223,6,0,6,0.8976596680805863,0.0,0.8976596680805863,0.8976596680805863,False,False,False,False,False,low@0.6038:W=0.676557;low@0.6052:W=0.737595;low@0.6135:W=0.89766;low@0.8805:W=0.000366795;high@0.7986:W=0.00199168;high@0.8760:W=0.000575118,low@0.6038:W=0.676557;low@0.6052:W=0.737595;low@0.6135:W=0.89766;low@0.8805:W=0.000366795;high@0.7986:W=0.00199168;high@0.8760:W=0.000575118
nstxuG142301E55/N9/egn09w.1612E+02,nstxuG142301E55,candidate,9,4.015403242392121,0.014673687559297467,,,below_upper2,0.5429050992769279,0.594483104927757,0.875,lower_max,0.37,0.505,-0.43610580007946953,0.07085694767934997,0.08287353622937624,6,0,6,0.783855369599493,0.0,0.783855369599493,0.783855369599493,False,False,False,False,False,low@0.5799:W=0.0290295;low@0.5871:W=0.0105559;low@0.5959:W=0.0825199;low@0.8805:W=0.100065;high@0.7913:W=0.0044404;high@0.8762:W=0.783855,low@0.5799:W=0.0290295;low@0.5871:W=0.0105559;low@0.5959:W=0.0825199;low@0.8805:W=0.100065;high@0.7913:W=0.0044404;high@0.8762:W=0.783855
nstxuG142301E55/N9/egn09w.1686E+02,nstxuG142301E55,candidate,9,4.1057609307805185,-0.05569653954401339,,,below_upper2,0.7865741471131967,0.871910377579713,0.88,lower_max,0.37,0.51,-0.40450064757204307,0.08558709696804732,0.08104969375815008,4,0,4,0.886264423871513,0.0,0.886264423871513,0.886264423871513,False,False,False,False,False,low@0.5775:W=0.0602435;low@0.8806:W=0.886264;high@0.7873:W=0.00235921;high@0.8763:W=0.799298,low@0.5775:W=0.0602435;low@0.8806:W=0.886264;high@0.7873:W=0.00235921;high@0.8763:W=0.799298
nstxuG142301E55/N9/egn09w.2152E+02,nstxuG142301E55,candidate,9,4.639203497064024,-0.10316301070815907,,,below_upper2,0.9991624515854328,0.999761267625391,0.14,lower_max,0.27,0.13,-0.3714691697228754,0.0007479622099772962,0.09725181905515075,6,0,6,0.0005132111813327606,0.0,0.0005132111813327606,0.0005132111813327606,False,False,False,False,False,low@0.4931:W=8.35097e-05;low@0.5109:W=0.000513211;low@0.5207:W=0.000431393;low@0.8808:W=3.12323e-05;high@0.7633:W=6.34418e-05;high@0.8771:W=2.93097e-05,low@0.4931:W=8.35097e-05;low@0.5109:W=0.000513211;low@0.5207:W=0.000431393;low@0.8808:W=3.12323e-05;high@0.7633:W=6.34418e-05;high@0.8771:W=2.93097e-05
nstxuG142301E55/N9/egn09w.2234E+02,nstxuG142301E55,candidate,9,4.726673484451663,-0.5962448050126559,,,below_upper2,0.9982978051198591,0.9994295874336939,0.17500000000000002,lower_max,0.37,0.19499999999999998,-0.22000047285394503,0.0009594294403942186,0.070402719201693,4,0,4,0.00014625293837115206,0.0,0.00014625293837115206,0.00014625293837115206,False,False,False,False,False,low@0.4904:W=7.02251e-05;low@0.8808:W=0.000146253;high@0.7592:W=4.3807e-05;high@0.8772:W=0.000136608,low@0.4904:W=7.02251e-05;low@0.8808:W=0.000146253;high@0.7592:W=4.3807e-05;high@0.8772:W=0.000136608
nstxuG142301E55/N9/egn09w.2476E+02,nstxuG142301E55,candidate,9,4.9756970013929775,-12.022065790598853,,,below_upper2,0.7856579417525806,0.8781780691219367,0.405,lower_max,0.37,0.03500000000000003,-0.15894193003369222,0.08785738829846929,0.06687920626814234,6,0,6,0.5955087137024453,0.0,0.5955087137024453,0.5955087137024453,False,False,False,False,False,low@0.4475:W=0.595509;low@0.4776:W=0.268312;low@0.4808:W=0.440809;low@0.8809:W=0.0422878;high@0.7475:W=0.590304;high@0.8776:W=0.0395107,low@0.4475:W=0.595509;low@0.4776:W=0.268312;low@0.4808:W=0.440809;low@0.8809:W=0.0422878;high@0.7475:W=0.590304;high@0.8776:W=0.0395107
nstxuG142301E55/N9/egn09w.2521E+02,nstxuG142301E55,candidate,9,5.020962942838283,-0.5800026582324086,,,below_upper2,0.9889112025328685,0.9940175908781924,0.405,lower_max,0.37,0.03500000000000003,-0.1484936160069492,0.1940205608014415,0.06627626410957485,4,0,4,0.15939716990420186,0.0,0.15939716990420186,0.15939716990420186,False,False,False,False,False,low@0.4461:W=0.159397;low@0.8810:W=0.000537777;high@0.7455:W=0.00812054;high@0.8777:W=0.00050328,low@0.4461:W=0.159397;low@0.8810:W=0.000537777;high@0.7455:W=0.00812054;high@0.8777:W=0.00050328
nstxuG142301E55/N9/egn09w.2769E+02,nstxuG142301E55,candidate,9,5.262304464113258,-0.0020299871741166976,,,below_upper2,0.99684102037017,0.9992923448100958,0.315,lower_max,0.37,0.05499999999999999,-0.09582102772324912,0.3180692399748052,0.06323668049868582,6,1,5,0.2926909190090068,0.2926909190090068,0.16263426411233173,0.16263426411233173,False,False,False,False,False,low@0.4247:W=0.162634;low@0.4376:W=0.0755391;low@0.8811:W=9.10125e-06;high@0.7341:W=0.0011918;high@0.8781:W=9.15868e-06,low@0.3924:W=0.292691;low@0.4247:W=0.162634;low@0.4376:W=0.0755391;low@0.8811:W=9.10125e-06;high@0.7341:W=0.0011918;high@0.8781:W=9.15868e-06
nstxuG142301E55/N9/egn09w.2847E+02,nstxuG142301E55,candidate,9,5.335595116452384,-8.693035374428272,,,below_upper2,0.9290608131231655,0.9238487689926067,0.34500000000000003,lower_max,0.37,0.024999999999999967,-0.08076864158526786,0.26913715902778984,0.062368050577495115,4,1,3,0.8616341956923292,0.8616341956923292,0.13695797628536507,0.13695797628536507,False,False,False,False,False,low@0.8811:W=0.00152424;high@0.7304:W=0.136958;high@0.8782:W=0.00155433,low@0.3898:W=0.861634;low@0.8811:W=0.00152424;high@0.7304:W=0.136958;high@0.8782:W=0.00155433
nstxuG142301E55/N9/egn09w.2858E+02,nstxuG142301E55,candidate,9,5.345748318265354,-0.2725026677429723,,,below_upper2,0.9924758079582859,0.9931941413504883,0.34,lower_max,0.37,0.02999999999999997,-0.07871593325000058,0.33694741183839877,0.06224959468198818,4,1,3,0.6522387957925169,0.6522387957925169,0.007132052790553916,0.007132052790553916,False,False,False,False,False,low@0.8811:W=3.21933e-05;high@0.7298:W=0.00713205;high@0.8782:W=3.45774e-05,low@0.3895:W=0.652239;low@0.8811:W=3.21933e-05;high@0.7298:W=0.00713205;high@0.8782:W=3.45774e-05
nstxuG142301E55/N9/egn09w.2974E+02,nstxuG142301E55,candidate,9,5.453463597917915,-0.025359448406909665,,,mixed,-0.05706938608488757,0.2796138594435526,0.76,lower_max,0.37,0.39,-0.05740943943567321,0.005980307221431928,0.06102005819035579,6,2,4,0.12149857108634456,0.011104605707258948,0.12149857108634456,0.12149857108634456,False,False,False,False,False,low@0.3239:W=0.00306158;low@0.8812:W=0.00476994;high@0.7234:W=0.121499;high@0.8784:W=0.00486859,low@0.3239:W=0.00306158;low@0.3460:W=0.0111046;low@0.3860:W=0.00471903;low@0.8812:W=0.00476994;high@0.7234:W=0.121499;high@0.8784:W=0.00486859
nstxuG142301E55/N9/egn09w.3057E+02,nstxuG142301E55,candidate,9,5.529222048698696,-0.0002954526558628877,,,below_upper2,0.9982258867746399,0.9999082954540128,0.43,lower_max,0.37,0.06,-0.042921379403525785,0.0667328350120284,0.060183993906024434,6,2,4,0.05857048264694929,0.05857048264694929,0.013775799975038973,1.1661303500721099e-05,False,False,False,False,False,low@0.3191:W=0.0137758;low@0.8812:W=1.47174e-06;high@0.7186:W=1.16613e-05;high@0.8786:W=1.43509e-06,low@0.3191:W=0.0137758;low@0.3511:W=0.0585705;low@0.3834:W=0.0136147;low@0.8812:W=1.47174e-06;high@0.7186:W=1.16613e-05;high@0.8786:W=1.43509e-06
nstxuG142301E55/N9/egn09w.3339E+02,nstxuG142301E55,candidate,9,5.778144614053984,-0.0004970896043739342,,,below_upper2,0.9981199583058772,0.9999511651436078,0.22,lower_max,0.27,0.05000000000000002,-0.10113626315591093,0.19180323682228234,0.0780823273199368,4,0,4,0.11752705023801618,0.0,0.11752705023801618,1.066599769503273e-05,False,False,False,False,False,low@0.3077:W=0.117527;low@0.8813:W=1.03938e-05;high@0.7072:W=9.55561e-06;high@0.8790:W=1.0666e-05,low@0.3077:W=0.117527;low@0.8813:W=1.03938e-05;high@0.7072:W=9.55561e-06;high@0.8790:W=1.0666e-05
nstxuG142301E55/N9/egn09w.3424E+02,nstxuG142301E55,candidate,9,5.851430359603494,-1.6786854495324496e-05,,,below_upper2,0.9963887993535808,0.9999983851424685,0.215,lower_max,0.27,0.05500000000000002,-0.08734517498811958,0.22346904481190769,0.07710439180328302,4,0,4,0.3227590220676744,0.0,0.3227590220676744,5.344697379282201e-07,False,False,False,False,False,low@0.3048:W=0.322759;low@0.8814:W=1.91234e-07;high@0.7002:W=5.3447e-07;high@0.8791:W=2.06674e-07,low@0.3048:W=0.322759;low@0.8814:W=1.91234e-07;high@0.7002:W=5.3447e-07;high@0.8791:W=2.06674e-07
nstxuG142301E55/N9/egn09w.3431E+02,nstxuG142301E55,candidate,9,5.857374000430659,-1.1839539657674372e-05,,,below_upper2,0.9989380197497999,0.9999848034802938,0.37,lower_max,0.37,0.0,0.015506968543710625,0.8184115040487995,0.05681226195552333,4,0,4,0.0018160353212768137,0.0,0.0018160353212768137,1.6414531954093867e-06,True,True,False,True,True,low@0.3045:W=0.00181604;low@0.8814:W=8.37487e-07;high@0.6998:W=1.64145e-06;high@0.8792:W=8.13333e-07,low@0.3045:W=0.00181604;low@0.8814:W=8.37487e-07;high@0.6998:W=1.64145e-06;high@0.8792:W=8.13333e-07
nstxuG142301E55/N9/egn09w.3463E+02,nstxuG142301E55,candidate,9,5.884504664627799,-7.5814375522199e-05,,,below_upper2,0.997548392527035,0.999996652750706,0.2,lower_max,0.27,0.07,-0.0812336689168541,0.13894242625293904,0.07667102071794009,4,0,4,0.031905740208209236,0.0,0.031905740208209236,4.61146226169192e-07,False,False,False,False,False,low@0.3034:W=0.0319057;low@0.8814:W=4.60597e-07;high@0.6988:W=2.77373e-07;high@0.8792:W=4.61146e-07,low@0.3034:W=0.0319057;low@0.8814:W=4.60597e-07;high@0.6988:W=2.77373e-07;high@0.8792:W=4.61146e-07
nstxuG142301E55/N9/egn09w.3474E+02,nstxuG142301E55,candidate,9,5.894000106319094,-5.757269427138238e-05,,,below_upper2,0.9976569656995042,0.9998954651912382,0.20500000000000002,lower_max,0.27,0.065,-0.07949176340740932,0.14306358905494024,0.07654750100407738,6,0,6,0.723834624943422,0.0,0.723834624943422,1.0843817446496453e-05,False,False,False,False,False,low@0.1949:W=0.723835;low@0.2005:W=0.128349;low@0.3031:W=0.0286816;low@0.8814:W=9.95238e-08;high@0.6985:W=1.08438e-05;high@0.8792:W=1.20232e-07,low@0.1949:W=0.723835;low@0.2005:W=0.128349;low@0.3031:W=0.0286816;low@0.8814:W=9.95238e-08;high@0.6985:W=1.08438e-05;high@0.8792:W=1.20232e-07
nstxuG142301E55/N9/egn09w.3835E+02,nstxuG142301E55,candidate,9,6.192824828666853,-6.648296246714273e-05,,,below_upper2,0.99970465120798,0.9999583551312992,0.18,lower_max,0.27,0.09000000000000002,-0.027402638427855456,0.006499620408568468,0.0728538254413403,6,2,4,0.0018507675221143241,0.0018507675221143241,0.00034942406992351737,3.3021116237519967e-06,False,False,False,False,False,low@0.0138:W=0.000349424;low@0.8816:W=3.21117e-06;high@0.6823:W=2.63819e-06;high@0.8798:W=3.30211e-06,low@0.0138:W=0.000349424;low@0.2497:W=0.00185077;low@0.2900:W=0.00021561;low@0.8816:W=3.21117e-06;high@0.6823:W=2.63819e-06;high@0.8798:W=3.30211e-06
nstxuG142301E55/N9/egn09w.3981E+02,nstxuG142301E55,candidate,9,6.309684592323556,-1.2179046698753678e-06,,,below_upper2,0.9977263666757832,0.999995857688349,0.08,lower_max,0.27,0.19,-0.008374424299209258,2.334962203022337e-05,0.07150452173241646,5,2,3,1.610411570797444e-05,1.610411570797444e-05,8.584808906675223e-07,8.584808906675223e-07,False,False,False,False,False,low@0.8816:W=1.0542e-07;high@0.6734:W=8.58481e-07;high@0.8800:W=1.04642e-07,low@0.2612:W=1.61041e-05;low@0.2822:W=7.0459e-06;low@0.8816:W=1.0542e-07;high@0.6734:W=8.58481e-07;high@0.8800:W=1.04642e-07
nstxuG142301E55/N9/egn09w.3991E+02,nstxuG142301E55,candidate,9,6.317288276449254,-0.0009666721995801565,,,below_upper2,0.9976880300958566,0.9998127526002429,0.08,lower_max,0.27,0.19,-0.007160713563324774,0.12854181666720318,0.07141845667205832,5,2,3,0.18263749683669145,0.18263749683669145,2.2405862873017985e-05,2.2405862873017985e-05,False,False,False,False,False,low@0.8816:W=9.89629e-07;high@0.6731:W=2.24059e-05;high@0.8800:W=1.11271e-06,low@0.2622:W=0.143068;low@0.2815:W=0.182637;low@0.8816:W=9.89629e-07;high@0.6731:W=2.24059e-05;high@0.8800:W=1.11271e-06
nstxuG142301E55/N9/egn09w.4057E+02,nstxuG142301E55,candidate,9,6.369186752236774,-5.155174626864029e-06,,,below_upper2,0.9973579999861456,0.9999764993306836,0.095,lower_max,0.27,0.17500000000000002,0.0010460022922985602,0.00014671969460925156,0.07083651282450586,3,0,3,6.50751067234225e-06,0.0,6.50751067234225e-06,6.50751067234225e-06,False,False,False,False,False,low@0.8817:W=2.81304e-06;high@0.6717:W=6.50751e-06;high@0.8800:W=2.86137e-06,low@0.8817:W=2.81304e-06;high@0.6717:W=6.50751e-06;high@0.8800:W=2.86137e-06
nstxuG142301E55/N9/egn09w.4135E+02,nstxuG142301E55,candidate,9,6.430112809285043,-1.751971230222422e-05,,,below_upper2,0.9970262014295712,0.9999386065431304,0.1,lower_max,0.27,0.17,0.010511206101017214,0.00021162950627203313,0.07016532873342517,3,0,3,3.644513288437845e-05,0.0,3.644513288437845e-05,3.644513288437845e-05,False,False,False,False,False,low@0.8817:W=6.43892e-06;high@0.6642:W=3.64451e-05;high@0.8801:W=6.47472e-06,low@0.8817:W=6.43892e-06;high@0.6642:W=3.64451e-05;high@0.8801:W=6.47472e-06
nstxuG142301E55/N9/egn09w.4203E+02,nstxuG142301E55,candidate,9,6.482995057669194,-9.391098834691035e-06,,,below_upper2,0.9979987586725554,0.9999031542039355,0.11,lower_max,0.27,0.16000000000000003,0.01858253605065204,0.00010059968641677332,0.06959298519328207,3,0,3,1.0158415630001009e-05,0.0,1.0158415630001009e-05,1.0158415630001009e-05,False,False,False,False,False,low@0.8817:W=4.13215e-06;high@0.6626:W=1.01584e-05;high@0.8801:W=4.2671e-06,low@0.8817:W=4.13215e-06;high@0.6626:W=1.01584e-05;high@0.8801:W=4.2671e-06
nstxuG142301E55/N9/egn09w.4276E+02,nstxuG142301E55,candidate,9,6.538869579544273,-2.4813389075827566e-07,,,below_upper2,0.9956757522421114,0.9999996164705062,0.115,lower_max,0.27,0.15500000000000003,0.02696873046712556,2.800602004700084e-06,0.06899831439793565,3,0,3,7.869479530832888e-08,0.0,7.869479530832888e-08,7.869479530832888e-08,False,False,False,False,False,low@0.8818:W=6.1728e-08;high@0.6610:W=7.86948e-08;high@0.8801:W=6.27389e-08,low@0.8818:W=6.1728e-08;high@0.6610:W=7.86948e-08;high@0.8801:W=6.27389e-08
nstxuG142301E55/N9/egn09w.4295E+02,nstxuG142301E55,candidate,9,6.553795135213042,-1.3229629672234313e-05,,,below_upper2,0.9983686289827436,0.9999738745825459,0.1,lower_max,0.27,0.17,0.029184703362407926,0.00011039580226771136,0.0688411782407396,3,0,3,1.1346050904460674e-05,0.0,1.1346050904460674e-05,1.1346050904460674e-05,False,False,False,False,False,low@0.8818:W=4.33468e-06;high@0.6606:W=1.13461e-05;high@0.8801:W=4.39498e-06,low@0.8818:W=4.33468e-06;high@0.6606:W=1.13461e-05;high@0.8801:W=4.39498e-06
nstxuG142301E55/N9/egn09w.4409E+02,nstxuG142301E55,candidate,9,6.640361256372398,-2.377613244946768e-05,,,below_upper2,0.9984550524163746,0.9999832377125518,0.08,lower_max,0.27,0.19,0.041840598327676295,9.867671933940416e-06,0.06794374005232448,3,0,3,6.965227036817353e-06,0.0,6.965227036817353e-06,6.965227036817353e-06,False,False,False,False,False,low@0.8818:W=2.51656e-06;high@0.6516:W=6.96523e-06;high@0.8801:W=2.52243e-06,low@0.8818:W=2.51656e-06;high@0.6516:W=6.96523e-06;high@0.8801:W=2.52243e-06
nstxuG142301E55/N9/egn09w.4587E+02,nstxuG142301E55,candidate,9,6.773050160038293,-2.7804567991608486e-05,,,below_upper2,0.9986118811934912,0.9999822429813623,0.085,lower_max,0.27,0.185,0.06061162726456397,9.647558532543262e-06,0.0666126735216652,5,0,5,8.333778004092341e-06,0.0,8.333778004092341e-06,8.333778004092341e-06,False,False,False,False,False,low@0.8819:W=1.88955e-06;high@0.6392:W=6.44992e-06;high@0.6437:W=6.59487e-06;high@0.6455:W=8.33378e-06;high@0.8802:W=1.89528e-06,low@0.8819:W=1.88955e-06;high@0.6392:W=6.44992e-06;high@0.6437:W=6.59487e-06;high@0.6455:W=8.33378e-06;high@0.8802:W=1.89528e-06
nstxuG142301E55/N9/egn09w.4753E+02,nstxuG142301E55,candidate,9,6.893935496382998,-8.273337405023402e-06,,,below_upper2,0.9966037497189979,0.9997331478376072,0.085,lower_max,0.27,0.185,0.07708382655566667,4.139701514244702e-05,0.06544461857718373,3,0,3,0.00010703624006203062,0.0,0.00010703624006203062,0.00010703624006203062,False,False,False,False,False,low@0.8820:W=2.71082e-06;high@0.6362:W=0.000107036;high@0.8803:W=2.68569e-06,low@0.8820:W=2.71082e-06;high@0.6362:W=0.000107036;high@0.8803:W=2.68569e-06
nstxuG142301E55/N9/egn09w.4783E+02,nstxuG142301E55,candidate,9,6.915983555228008,-0.000238838420413561,,,below_upper2,0.9986558128247512,0.9999170962686846,0.1,lower_max,0.27,0.17,0.08002607040841998,0.00020734697330359052,0.06523598204848807,3,0,3,1.6780494760077663e-05,0.0,1.6780494760077663e-05,1.6780494760077663e-05,False,False,False,False,False,low@0.8820:W=1.10373e-05;high@0.6357:W=1.67805e-05;high@0.8803:W=1.11085e-05,low@0.8820:W=1.10373e-05;high@0.6357:W=1.67805e-05;high@0.8803:W=1.11085e-05
nstxuG142301E55/N10/egn10w.1204E+02,nstxuG142301E55,candidate,10,3.4692563493634596,-0.014055830942151964,,,below_upper2,0.537683478672988,0.6248327622533074,0.935,lower_max,0.35000000000000003,0.585,-0.698578266403874,0.024377231288172572,0.1066906167215021,6,0,6,0.12763767154247202,0.0,0.12763767154247202,0.12763767154247202,False,False,False,False,False,low@0.6544:W=0.0052709;low@0.6563:W=0.00538951;low@0.6617:W=0.00532348;low@0.8607:W=0.127638;high@0.8160:W=0.0616928;high@0.8599:W=0.109934,low@0.6544:W=0.0052709;low@0.6563:W=0.00538951;low@0.6617:W=0.00532348;low@0.8607:W=0.127638;high@0.8160:W=0.0616928;high@0.8599:W=0.109934
nstxuG142301E55/N10/egn10w.1237E+03,nstxuG142301E55,candidate,10,11.121981775673841,-1.4927045773814544e-06,,,mixed,0.025050480094270668,0.48315913673948346,0.9450000000000001,upper_min,0.355,0.5900000000000001,-0.23515122710058967,7.678891525022573e-05,0.04155685344690787,2,0,2,0.7266448755575196,0.0,0.7266448755575196,0.7266448755575196,False,False,False,False,False,low@0.8662:W=0.726645;high@0.8647:W=0.641196,low@0.8662:W=0.726645;high@0.8647:W=0.641196
nstxuG142301E55/N10/egn10w.1260E+02,nstxuG142301E55,candidate,10,3.549812573235196,-4.350716471637452e-06,,,below_upper2,0.995302114128051,0.9998998059375713,0.335,lower_max,0.35000000000000003,0.015000000000000013,-0.6600322732650328,0.7523142982971532,0.1042694767237365,4,0,4,0.0026019924426417514,0.0,0.0026019924426417514,0.0026019924426417514,False,False,False,False,False,low@0.6515:W=0.00260199;low@0.8607:W=1.1165e-05;high@0.8123:W=5.52951e-05;high@0.8600:W=1.10648e-05,low@0.6515:W=0.00260199;low@0.8607:W=1.1165e-05;high@0.8123:W=5.52951e-05;high@0.8600:W=1.10648e-05
nstxuG142301E55/N10/egn10w.1292E+02,nstxuG142301E55,candidate,10,3.5939437876813205,-0.0011759574449753795,,,below_upper2,0.9918995605812613,0.9998311969456284,0.33,lower_max,0.35000000000000003,0.020000000000000018,-0.6396481925540178,0.3009373334255105,0.10298911762261401,4,0,4,0.02758066014383015,0.0,0.02758066014383015,0.02758066014383015,False,False,False,False,False,low@0.6422:W=0.0275807;low@0.8608:W=8.05606e-05;high@0.8102:W=0.000635372;high@0.8600:W=7.92795e-05,low@0.6422:W=0.0275807;low@0.8608:W=8.05606e-05;high@0.8102:W=0.000635372;high@0.8600:W=7.92795e-05
nstxuG142301E55/N10/egn10w.1298E+02,nstxuG142301E55,candidate,10,3.60332035178192,-0.002655361224871323,,,below_upper2,0.5691007819732239,0.5982710661821279,0.935,lower_max,0.35000000000000003,0.585,-0.635381498261263,0.03694594074446582,0.10272111922980526,4,0,4,0.25799631330606626,0.0,0.25799631330606626,0.25799631330606626,False,False,False,False,False,low@0.6416:W=0.00437558;low@0.8608:W=0.226079;high@0.8097:W=0.0133679;high@0.8600:W=0.257996,low@0.6416:W=0.00437558;low@0.8608:W=0.226079;high@0.8097:W=0.0133679;high@0.8600:W=0.257996
nstxuG142301E55/N10/egn10w.1375E+02,nstxuG142301E55,candidate,10,3.707898946443857,-0.026025793673534012,,,below_upper2,0.9950505742765177,0.9997126497777644,0.335,lower_max,0.35000000000000003,0.015000000000000013,-0.5892567517957958,0.3242178739790621,0.09982394472577594,4,0,4,0.02530334224255552,0.0,0.02530334224255552,0.02530334224255552,False,False,False,False,False,low@0.6280:W=0.0253033;low@0.8608:W=0.000211311;high@0.8050:W=0.00144845;high@0.8601:W=0.000218815,low@0.6280:W=0.0253033;low@0.8608:W=0.000211311;high@0.8050:W=0.00144845;high@0.8601:W=0.000218815
nstxuG142301E55/N10/egn10w.1406E+02,nstxuG142301E55,candidate,10,3.7491919359639834,-0.0005398816038568801,,,below_upper2,0.5082576227673699,0.5667987016719714,0.935,lower_max,0.35000000000000003,0.585,-0.5717529367024189,0.0023271952161932966,0.0987245000524108,4,0,4,0.1591052105079562,0.0,0.1591052105079562,0.1591052105079562,False,False,False,False,False,low@0.6269:W=0.00354715;low@0.8609:W=0.158844;high@0.8032:W=0.0292519;high@0.8601:W=0.159105,low@0.6269:W=0.00354715;low@0.8609:W=0.158844;high@0.8032:W=0.0292519;high@0.8601:W=0.159105
nstxuG142301E55/N10/egn10w.1451E+02,nstxuG142301E55,candidate,10,3.809796685027955,-0.003341295373698178,,,below_upper2,0.7879905189593592,0.951608329931981,0.725,lower_max,0.35000000000000003,0.37499999999999994,-0.546750108416659,0.00546923993797182,0.09715402948749703,6,0,6,0.2787117964540097,0.0,0.2787117964540097,0.2787117964540097,False,False,False,False,False,low@0.6139:W=0.111588;low@0.6245:W=0.145093;low@0.6252:W=0.142729;low@0.8609:W=0.0244239;high@0.8005:W=0.278712;high@0.8601:W=0.0251429,low@0.6139:W=0.111588;low@0.6245:W=0.145093;low@0.6252:W=0.142729;low@0.8609:W=0.0244239;high@0.8005:W=0.278712;high@0.8601:W=0.0251429
nstxuG142301E55/N10/egn10w.1460E+02,nstxuG142301E55,candidate,10,3.8211392355638893,-2.426413482917469e-06,,,below_upper2,0.9985927720102793,0.9998068390130865,0.27,lower_max,0.35000000000000003,0.08000000000000002,-0.5421587836337534,0.03747240882824409,0.09686564049633563,4,0,4,9.658072273896288e-05,0.0,9.658072273896288e-05,9.658072273896288e-05,False,False,False,False,False,low@0.6136:W=4.89658e-05;low@0.8609:W=9.43116e-06;high@0.8000:W=9.65807e-05;high@0.8601:W=9.69185e-06,low@0.6136:W=4.89658e-05;low@0.8609:W=9.43116e-06;high@0.8000:W=9.65807e-05;high@0.8601:W=9.69185e-06
nstxuG142301E55/N10/egn10w.1478E+02,nstxuG142301E55,candidate,10,3.843857641838948,-0.00012758275742379255,,,below_upper2,0.9987187042550293,0.9999384728717207,0.265,lower_max,0.35000000000000003,0.08500000000000002,-0.5330441407276544,0.045718700777815854,0.09629313412905072,4,0,4,8.954788359109549e-05,0.0,8.954788359109549e-05,8.954788359109549e-05,False,False,False,False,False,low@0.6130:W=8.95479e-05;low@0.8609:W=5.82816e-06;high@0.7990:W=6.86193e-05;high@0.8601:W=6.01157e-06,low@0.6130:W=8.95479e-05;low@0.8609:W=5.82816e-06;high@0.7990:W=6.86193e-05;high@0.8601:W=6.01157e-06
nstxuG142301E55/N10/egn10w.1487E+02,nstxuG142301E55,candidate,10,3.8562330727684437,-1.1152671905860612e-06,,,below_upper2,0.9999688181227048,0.999999968174229,0.08,lower_max,0.35000000000000003,0.27,-0.5281242923892803,2.5236756275373482e-05,0.09598411000942114,4,0,4,1.7975206744493107e-08,0.0,1.7975206744493107e-08,1.7975206744493107e-08,False,False,False,False,False,low@0.6126:W=1.79752e-08;low@0.8610:W=3.40525e-09;high@0.7984:W=4.27959e-09;high@0.8601:W=3.39711e-09,low@0.6126:W=1.79752e-08;low@0.8610:W=3.40525e-09;high@0.7984:W=4.27959e-09;high@0.8601:W=3.39711e-09
nstxuG142301E55/N10/egn10w.1523E+02,nstxuG142301E55,candidate,10,3.901965413374528,-6.141446898379396e-05,,,below_upper2,0.42563440065075614,0.7321632153780172,0.9400000000000001,lower_max,0.35000000000000003,0.5900000000000001,-0.510214164229651,0.0006625234148646541,0.09485914411488071,6,0,6,0.20122317420165245,0.0,0.20122317420165245,0.20122317420165245,False,False,False,False,False,low@0.5991:W=0.0245159;low@0.6074:W=0.0202659;low@0.6113:W=0.0207421;low@0.8610:W=0.0687271;high@0.7963:W=0.201223;high@0.8601:W=0.0384581,low@0.5991:W=0.0245159;low@0.6074:W=0.0202659;low@0.6113:W=0.0207421;low@0.8610:W=0.0687271;high@0.7963:W=0.201223;high@0.8601:W=0.0384581
nstxuG142301E55/N10/egn10w.1652E+02,nstxuG142301E55,candidate,10,4.064714098065592,-0.00019677205174962973,,,below_upper2,0.49101582170113667,0.7492914276660049,0.9400000000000001,lower_max,0.35000000000000003,0.5900000000000001,-0.4497461059848758,0.0003969759665688565,0.09106104157601728,4,0,4,0.22023876144190038,0.0,0.22023876144190038,0.22023876144190038,False,False,False,False,False,low@0.5808:W=0.0585046;low@0.8611:W=0.187339;high@0.7892:W=0.153674;high@0.8602:W=0.220239,low@0.5808:W=0.0585046;low@0.8611:W=0.187339;high@0.7892:W=0.153674;high@0.8602:W=0.220239
nstxuG142301E55/N10/egn10w.1660E+02,nstxuG142301E55,candidate,10,4.07435706402831,-0.0014948150877492077,,,below_upper2,0.5325748747659501,0.7389191058203186,0.725,lower_max,0.35000000000000003,0.37499999999999994,-0.4463149260134342,0.0005443344496643817,0.09084552327198847,4,0,4,0.2738195735028619,0.0,0.2738195735028619,0.2738195735028619,False,False,False,False,False,low@0.5805:W=0.105413;low@0.8611:W=0.116053;high@0.7887:W=0.27382;high@0.8602:W=0.134784,low@0.5805:W=0.105413;low@0.8611:W=0.116053;high@0.7887:W=0.27382;high@0.8602:W=0.134784
nstxuG142301E55/N10/egn10w.1737E+02,nstxuG142301E55,candidate,10,4.167710875186131,-0.00022565984398349766,,,below_upper2,0.8393134855683999,0.8957359480438648,0.195,lower_max,0.35000000000000003,0.15500000000000003,-0.413918482372951,0.0009145628887810025,0.08881064703463722,6,0,6,0.05662831128246771,0.0,0.05662831128246771,0.05662831128246771,False,False,False,False,False,low@0.5617:W=0.0288931;low@0.5705:W=0.0455175;low@0.5774:W=0.0566283;low@0.8612:W=0.012622;high@0.7846:W=0.0048849;high@0.8602:W=0.0133858,low@0.5617:W=0.0288931;low@0.5705:W=0.0455175;low@0.5774:W=0.0566283;low@0.8612:W=0.012622;high@0.7846:W=0.0048849;high@0.8602:W=0.0133858
nstxuG142301E55/N10/egn10w.1751E+02,nstxuG142301E55,candidate,10,4.184013301945307,-1.6377133612378378e-06,,,below_upper2,0.9998686233716877,0.9999971016281387,0.19,lower_max,0.35000000000000003,0.16000000000000003,-0.4084093453700611,0.0001580514625792262,0.08846460868240634,6,0,6,3.472171350867975e-07,0.0,3.472171350867975e-07,3.472171350867975e-07,False,False,False,False,False,low@0.5611:W=2.45522e-07;low@0.5715:W=1.57903e-07;low@0.5769:W=1.51803e-07;low@0.8612:W=2.01031e-07;high@0.7839:W=3.47217e-07;high@0.8602:W=1.97516e-07,low@0.5611:W=2.45522e-07;low@0.5715:W=1.57903e-07;low@0.5769:W=1.51803e-07;low@0.8612:W=2.01031e-07;high@0.7839:W=3.47217e-07;high@0.8602:W=1.97516e-07
nstxuG142301E55/N10/egn10w.1799E+02,nstxuG142301E55,candidate,10,4.241847710415272,-3.1200913845084836e-05,,,mixed,0.35057239018213476,0.4669377465775122,0.9450000000000001,lower_max,0.35000000000000003,0.595,-0.38920674147340356,0.0005258452926062879,0.08725846016813706,6,0,6,0.12071396386425212,0.0,0.12071396386425212,0.12071396386425212,False,False,False,False,False,low@0.5592:W=0.0292833;low@0.5750:W=0.057455;low@0.5750:W=0.0574333;low@0.8612:W=0.120714;high@0.7814:W=0.0875162;high@0.8602:W=0.103584,low@0.5592:W=0.0292833;low@0.5750:W=0.057455;low@0.5750:W=0.0574333;low@0.8612:W=0.120714;high@0.7814:W=0.0875162;high@0.8602:W=0.103584
nstxuG142301E55/N10/egn10w.1827E+02,nstxuG142301E55,candidate,10,4.273927059300813,-1.291757018169446e-06,,,mixed,0.048298978223070374,0.12755809904414664,0.8300000000000001,lower_max,0.35000000000000003,0.48000000000000004,-0.37877959868047983,0.00016752160782540935,0.08660351342990082,6,0,6,0.24082959614583807,0.0,0.24082959614583807,0.24082959614583807,False,False,False,False,False,low@0.5394:W=0.00397416;low@0.5457:W=0.00683024;low@0.5584:W=0.00535126;low@0.8613:W=0.233638;high@0.7799:W=0.0411865;high@0.8603:W=0.24083,low@0.5394:W=0.00397416;low@0.5457:W=0.00683024;low@0.5584:W=0.00535126;low@0.8613:W=0.233638;high@0.7799:W=0.0411865;high@0.8603:W=0.24083
nstxuG142301E55/N10/egn10w.1985E+02,nstxuG142301E55,candidate,10,4.454794527757649,-4.159761278765338e-06,,,mixed,0.2646663682013854,0.22994201091955915,0.855,lower_max,0.35000000000000003,0.5049999999999999,-0.32280027707105063,6.800857951411832e-07,0.08308735614454602,6,0,6,0.8261175973930299,0.0,0.8261175973930299,0.8261175973930299,False,False,False,False,False,low@0.5117:W=1.34347e-05;low@0.5186:W=1.55343e-05;low@0.5341:W=2.15227e-05;low@0.8614:W=0.762207;high@0.7717:W=0.0100033;high@0.8603:W=0.826118,low@0.5117:W=1.34347e-05;low@0.5186:W=1.55343e-05;low@0.5341:W=2.15227e-05;low@0.8614:W=0.762207;high@0.7717:W=0.0100033;high@0.8603:W=0.826118
nstxuG142301E55/N10/egn10w.2049E+02,nstxuG142301E55,candidate,10,4.526733797491882,-7.322416183418703e-05,,,below_upper2,0.9820790771948341,0.9999744121425248,0.61,lower_max,0.35000000000000003,0.25999999999999995,-0.3017782134388885,0.05313294270505099,0.08176692424097382,6,0,6,0.3110699282211441,0.0,0.3110699282211441,0.3110699282211441,False,False,False,False,False,low@0.5088:W=0.239589;low@0.5221:W=0.10251;low@0.5320:W=0.31107;low@0.8615:W=5.41498e-05;high@0.7682:W=1.6711e-05;high@0.8604:W=5.6171e-05,low@0.5088:W=0.239589;low@0.5221:W=0.10251;low@0.5320:W=0.31107;low@0.8615:W=5.41498e-05;high@0.7682:W=1.6711e-05;high@0.8604:W=5.6171e-05
nstxuG142301E55/N10/egn10w.2149E+02,nstxuG142301E55,candidate,10,4.635967282003039,-2.491088064736054e-08,,,below_upper2,0.999954001281804,0.9999998218912348,0.115,lower_max,0.35000000000000003,0.23500000000000004,-0.2711054839598317,7.629361567222859e-07,0.07984031744905913,6,0,6,2.8157323574315393e-08,0.0,2.8157323574315393e-08,2.8157323574315393e-08,False,False,False,False,False,low@0.4787:W=2.62217e-08;low@0.4853:W=2.46826e-08;low@0.5058:W=2.09995e-08;low@0.8616:W=2.81573e-08;high@0.7633:W=1.54124e-08;high@0.8604:W=2.79343e-08,low@0.4787:W=2.62217e-08;low@0.4853:W=2.46826e-08;low@0.5058:W=2.09995e-08;low@0.8616:W=2.81573e-08;high@0.7633:W=1.54124e-08;high@0.8604:W=2.79343e-08
nstxuG142301E55/N10/egn10w.2165E+02,nstxuG142301E55,candidate,10,4.653225019691353,-5.766654381337323e-07,,,below_upper2,0.6499127610927161,0.5888196372106996,0.9450000000000001,lower_max,0.35000000000000003,0.595,-0.2663912470760516,1.1382415085581123e-07,0.07954420813784877,6,0,6,0.13853156292270888,0.0,0.13853156292270888,0.13853156292270888,False,False,False,False,False,low@0.4778:W=4.79141e-07;low@0.4860:W=5.76327e-07;low@0.5054:W=7.09835e-07;low@0.8616:W=0.138532;high@0.7626:W=0.000811461;high@0.8604:W=0.132134,low@0.4778:W=4.79141e-07;low@0.4860:W=5.76327e-07;low@0.5054:W=7.09835e-07;low@0.8616:W=0.138532;high@0.7626:W=0.000811461;high@0.8604:W=0.132134
nstxuG142301E55/N10/egn10w.2285E+02,nstxuG142301E55,candidate,10,4.779799078956916,-9.029706360821808e-06,,,below_upper2,0.9893668017785142,0.9999902602834485,0.585,lower_max,0.35000000000000003,0.23499999999999993,-0.23285588751115244,0.2532377514443693,0.07743779463620226,6,0,6,0.5376400528352888,0.0,0.5376400528352888,0.5376400528352888,False,False,False,False,False,low@0.4730:W=0.169073;low@0.4918:W=0.195504;low@0.5015:W=0.53764;low@0.8617:W=1.72161e-05;high@0.7565:W=5.02754e-06;high@0.8605:W=1.70906e-05,low@0.4730:W=0.169073;low@0.4918:W=0.195504;low@0.5015:W=0.53764;low@0.8617:W=1.72161e-05;high@0.7565:W=5.02754e-06;high@0.8605:W=1.70906e-05
nstxuG142301E55/N10/egn10w.2343E+02,nstxuG142301E55,candidate,10,4.83996084813846,-8.638812950892927e-05,,,below_upper2,0.9938511806380338,0.9999839332595543,0.52,lower_max,0.35000000000000003,0.16999999999999998,-0.21753121988143778,0.22146868502525763,0.07647522595579179,8,0,8,0.4168998428040437,0.0,0.4168998428040437,0.4168998428040437,False,False,False,False,False,low@0.4397:W=0.133541;low@0.4404:W=0.138891;low@0.4713:W=0.4169;low@0.4947:W=0.197711;low@0.4967:W=0.239615;low@0.8617:W=2.32558e-05;high@0.7535:W=6.48087e-06;high@0.8605:W=2.30374e-05,low@0.4397:W=0.133541;low@0.4404:W=0.138891;low@0.4713:W=0.4169;low@0.4947:W=0.197711;low@0.4967:W=0.239615;low@0.8617:W=2.32558e-05;high@0.7535:W=6.48087e-06;high@0.8605:W=2.30374e-05
nstxuG142301E55/N10/egn10w.2388E+02,nstxuG142301E55,candidate,10,4.886694706675466,-1.5849847554230188e-07,,,mixed,0.41729692446685174,0.35550995952318765,0.9500000000000001,lower_max,0.35000000000000003,0.6000000000000001,-0.20588737159343262,6.203668092418567e-07,0.07574385585679189,6,0,6,0.2441110592779144,0.0,0.2441110592779144,0.2441110592779144,False,False,False,False,False,low@0.4353:W=8.04148e-07;low@0.4456:W=1.09138e-06;low@0.4700:W=1.91505e-06;low@0.8618:W=0.244111;high@0.7515:W=0.0128625;high@0.8605:W=0.22413,low@0.4353:W=8.04148e-07;low@0.4456:W=1.09138e-06;low@0.4700:W=1.91505e-06;low@0.8618:W=0.244111;high@0.7515:W=0.0128625;high@0.8605:W=0.22413
nstxuG142301E55/N10/egn10w.2450E+02,nstxuG142301E55,candidate,10,4.94952472715018,-0.00033017523784851274,,,below_upper2,0.9964993519475953,0.999972525038862,0.27,lower_max,0.35000000000000003,0.08000000000000002,-0.1905796536964379,0.1218866178141234,0.07478235181818975,6,0,6,0.36255358750976285,0.0,0.36255358750976285,0.36255358750976285,False,False,False,False,False,low@0.4328:W=0.302358;low@0.4487:W=0.291048;low@0.4682:W=0.362554;low@0.8618:W=3.37799e-05;high@0.7488:W=9.31804e-06;high@0.8605:W=3.34508e-05,low@0.4328:W=0.302358;low@0.4487:W=0.291048;low@0.4682:W=0.362554;low@0.8618:W=3.37799e-05;high@0.7488:W=9.31804e-06;high@0.8605:W=3.34508e-05
nstxuG142301E55/N10/egn10w.2503E+02,nstxuG142301E55,candidate,10,5.003032078183087,-3.824899400654081e-05,,,below_upper2,0.9959073278836191,0.9992864174069296,0.265,lower_max,0.35000000000000003,0.08500000000000002,-0.17784642263426434,0.1705459511374966,0.07398255571709113,6,0,6,0.7120216737906252,0.0,0.7120216737906252,0.7120216737906252,False,False,False,False,False,low@0.4307:W=0.712022;low@0.4511:W=0.415147;low@0.4666:W=0.441613;low@0.8619:W=0.000949444;high@0.7465:W=0.000189247;high@0.8605:W=0.000938235,low@0.4307:W=0.712022;low@0.4511:W=0.415147;low@0.4666:W=0.441613;low@0.8619:W=0.000949444;high@0.7465:W=0.000189247;high@0.8605:W=0.000938235
nstxuG142301E55/N10/egn10w.2565E+02,nstxuG142301E55,candidate,10,5.064139902520728,-0.00010825105985258497,,,below_upper2,0.997713698520015,0.9999995078064898,0.195,lower_max,0.35000000000000003,0.15500000000000003,-0.16363361775989121,0.10628912785245995,0.07308982504498639,6,0,6,0.3439081750998343,0.0,0.3439081750998343,0.3439081750998343,False,False,False,False,False,low@0.4288:W=0.343908;low@0.4538:W=0.228496;low@0.4646:W=0.0070173;low@0.8619:W=4.3435e-07;high@0.7436:W=8.58148e-08;high@0.8606:W=4.29345e-07,low@0.4288:W=0.343908;low@0.4538:W=0.228496;low@0.4646:W=0.0070173;low@0.8619:W=4.3435e-07;high@0.7436:W=8.58148e-08;high@0.8606:W=4.29345e-07
nstxuG142301E55/N10/egn10w.2578E+02,nstxuG142301E55,candidate,10,5.077000634634485,-0.00010631388010548068,,,below_upper2,0.9979739244045976,0.9999996619119599,0.195,lower_max,0.35000000000000003,0.15500000000000003,-0.1606859757733053,0.08927449327785937,0.07290467859183597,6,0,6,0.38049678452734836,0.0,0.38049678452734836,0.38049678452734836,False,False,False,False,False,low@0.4284:W=0.380497;low@0.4544:W=0.20534;low@0.4638:W=0.00316937;low@0.8620:W=2.25154e-07;high@0.7429:W=5.22329e-08;high@0.8606:W=2.23123e-07,low@0.4284:W=0.380497;low@0.4544:W=0.20534;low@0.4638:W=0.00316937;low@0.8620:W=2.25154e-07;high@0.7429:W=5.22329e-08;high@0.8606:W=2.23123e-07
nstxuG142301E55/N10/egn10w.2655E+02,nstxuG142301E55,candidate,10,5.153087147973075,-1.947172270575986e-08,,,mixed,0.03691301431974177,0.1404140504607419,0.795,lower_max,0.35000000000000003,0.445,-0.14354818119664528,2.1440447436750188e-07,0.07182822429544294,6,0,6,0.3185318752669718,0.0,0.3185318752669718,0.3185318752669718,False,False,False,False,False,low@0.3829:W=6.56329e-07;low@0.3930:W=7.54179e-07;low@0.4263:W=1.52932e-06;low@0.8620:W=0.125633;high@0.7386:W=0.318532;high@0.8606:W=0.0676882,low@0.3829:W=6.56329e-07;low@0.3930:W=7.54179e-07;low@0.4263:W=1.52932e-06;low@0.8620:W=0.125633;high@0.7386:W=0.318532;high@0.8606:W=0.0676882
nstxuG142301E55/N10/egn10w.2662E+02,nstxuG142301E55,candidate,10,5.159815354267205,-0.001121869231607154,,,below_upper2,0.9975962220998514,0.9999947118761146,0.335,lower_max,0.35000000000000003,0.015000000000000013,-0.1420570371261496,0.29263683361631576,0.07173456297665155,6,0,6,0.5583741093692048,0.0,0.5583741093692048,0.0007458428045307171,False,False,False,False,False,low@0.3824:W=0.558374;low@0.3937:W=0.0600446;low@0.4261:W=0.000745843;low@0.8620:W=1.91823e-06;high@0.7382:W=7.73997e-07;high@0.8606:W=1.80116e-06,low@0.3824:W=0.558374;low@0.3937:W=0.0600446;low@0.4261:W=0.000745843;low@0.8620:W=1.91823e-06;high@0.7382:W=7.73997e-07;high@0.8606:W=1.80116e-06
nstxuG142301E55/N10/egn10w.2685E+02,nstxuG142301E55,candidate,10,5.181931657908744,-0.00010129255304812535,,,below_upper2,0.997747553403862,0.9999939371239889,0.33,lower_max,0.35000000000000003,0.020000000000000018,-0.1371827775109173,0.2709058780290854,0.0714284023629809,6,0,6,0.4012310354941996,0.0,0.4012310354941996,0.00047771038829937936,False,False,False,False,False,low@0.3808:W=0.401231;low@0.3954:W=0.0548495;low@0.4254:W=0.00047771;low@0.8621:W=4.80247e-06;high@0.7370:W=7.45074e-07;high@0.8606:W=4.58283e-06,low@0.3808:W=0.401231;low@0.3954:W=0.0548495;low@0.4254:W=0.00047771;low@0.8621:W=4.80247e-06;high@0.7370:W=7.45074e-07;high@0.8606:W=4.58283e-06
nstxuG142301E55/N10/egn10w.2715E+02,nstxuG142301E55,candidate,10,5.210350157757861,-8.370409328286481e-05,,,below_upper2,0.9895002706744166,0.9980954558286868,0.19,lower_max,0.25,0.06,-0.2439144172935449,0.21901077235177469,0.08832514522858179,6,0,6,0.018127723171659914,0.0,0.018127723171659914,0.0016037476625497167,False,False,False,False,False,low@0.3792:W=0.0181277;low@0.3968:W=0.000199428;low@0.4246:W=1.21846e-05;low@0.8621:W=0.0015688;high@0.7354:W=0.000430479;high@0.8606:W=0.00160375,low@0.3792:W=0.0181277;low@0.3968:W=0.000199428;low@0.4246:W=1.21846e-05;low@0.8621:W=0.0015688;high@0.7354:W=0.000430479;high@0.8606:W=0.00160375
nstxuG142301E55/N10/egn10w.2724E+02,nstxuG142301E55,candidate,10,5.219654034524853,-2.3113295694325976e-05,,,below_upper2,0.9760356873039067,0.9947104439231209,0.025,lower_max,0.25,0.225,-0.24169717715260175,0.15301717079075713,0.08816770830628809,6,0,6,0.0025855622439393032,0.0,0.0025855622439393032,0.0025855622439393032,False,False,False,False,False,low@0.3789:W=0.00247628;low@0.3973:W=2.28144e-05;low@0.4243:W=2.03806e-06;low@0.8621:W=0.00255352;high@0.7348:W=0.000541467;high@0.8606:W=0.00258556,low@0.3789:W=0.00247628;low@0.3973:W=2.28144e-05;low@0.4243:W=2.03806e-06;low@0.8621:W=0.00255352;high@0.7348:W=0.000541467;high@0.8606:W=0.00258556
nstxuG142301E55/N10/egn10w.2735E+02,nstxuG142301E55,candidate,10,5.229845595298001,-4.534720573905885e-07,,,below_upper2,0.976869670022269,0.9939618938266224,0.025,lower_max,0.25,0.225,-0.23927744371837295,2.1817616476206985e-06,0.08799589318458725,6,0,6,0.001337636841216557,0.0,0.001337636841216557,0.001337636841216557,False,False,False,False,False,low@0.3784:W=3.97054e-07;low@0.3978:W=1.62767e-06;low@0.4240:W=9.80228e-07;low@0.8621:W=0.00133044;high@0.7343:W=0.000240711;high@0.8606:W=0.00133764,low@0.3784:W=3.97054e-07;low@0.3978:W=1.62767e-06;low@0.4240:W=9.80228e-07;low@0.8621:W=0.00133044;high@0.7343:W=0.000240711;high@0.8606:W=0.00133764
nstxuG142301E55/N10/egn10w.2746E+02,nstxuG142301E55,candidate,10,5.2405960184209475,-2.7475333657777064e-05,,,below_upper2,0.9950717508966218,0.9995315817897013,0.025,lower_max,0.25,0.225,-0.2367352220245302,0.026486377037215045,0.08781538068534277,6,0,6,0.0009875859533097248,0.0,0.0009875859533097248,0.00010859434938042102,False,False,False,False,False,low@0.3780:W=0.000987586;low@0.3983:W=0.000103213;low@0.4237:W=1.86916e-06;low@0.8621:W=0.000108569;high@0.7337:W=1.72553e-05;high@0.8606:W=0.000108594,low@0.3780:W=0.000987586;low@0.3983:W=0.000103213;low@0.4237:W=1.86916e-06;low@0.8621:W=0.000108569;high@0.7337:W=1.72553e-05;high@0.8606:W=0.000108594
nstxuG142301E55/N10/egn10w.2784E+02,nstxuG142301E55,candidate,10,5.275970578269289,-2.6209341993216142e-05,,,below_upper2,0.999843864825295,0.9999939865991457,0.115,lower_max,0.25,0.135,-0.228443105251125,0.0005411893199049328,0.08722659225417649,6,0,6,1.0194089566916496e-06,0.0,1.0194089566916496e-06,1.0194089566916496e-06,False,False,False,False,False,low@0.3765:W=1.62555e-07;low@0.4001:W=9.70445e-09;low@0.4226:W=7.02158e-09;low@0.8621:W=1.01941e-06;high@0.7319:W=1.1232e-07;high@0.8607:W=1.00269e-06,low@0.3765:W=1.62555e-07;low@0.4001:W=9.70445e-09;low@0.4226:W=7.02158e-09;low@0.8621:W=1.01941e-06;high@0.7319:W=1.1232e-07;high@0.8607:W=1.00269e-06
nstxuG142301E55/N10/egn10w.2788E+02,nstxuG142301E55,candidate,10,5.2803331499387545,-0.0011516151833153765,,,below_upper2,0.9897476627753746,0.999438902888605,0.02,lower_max,0.25,0.23,-0.2274281747654263,0.10050737196715599,0.08715452629746759,6,0,6,0.1399869662147949,0.0,0.1399869662147949,0.00031390034356940083,False,False,False,False,False,low@0.3763:W=0.139987;low@0.4003:W=0.0003139;low@0.4225:W=2.06411e-05;low@0.8622:W=0.000242981;high@0.7316:W=2.57713e-05;high@0.8607:W=0.000239052,low@0.3763:W=0.139987;low@0.4003:W=0.0003139;low@0.4225:W=2.06411e-05;low@0.8622:W=0.000242981;high@0.7316:W=2.57713e-05;high@0.8607:W=0.000239052
nstxuG142301E55/N10/egn10w.2789E+02,nstxuG142301E55,candidate,10,5.281423229796762,-0.0006186997596574966,,,below_upper2,0.9908454058759067,0.9994396226802682,0.02,lower_max,0.25,0.23,-0.2271748349605581,0.040498642702563675,0.0871365377005464,6,0,6,0.27275782459875947,0.0,0.27275782459875947,0.0005536322928684102,False,False,False,False,False,low@0.3763:W=0.272758;low@0.4004:W=0.000553632;low@0.4224:W=2.38002e-05;low@0.8622:W=0.000199;high@0.7316:W=2.11078e-05;high@0.8607:W=0.00019562,low@0.3763:W=0.272758;low@0.4004:W=0.000553632;low@0.4224:W=2.38002e-05;low@0.8622:W=0.000199;high@0.7316:W=2.11078e-05;high@0.8607:W=0.00019562
nstxuG142301E55/N10/egn10w.2798E+02,nstxuG142301E55,candidate,10,5.290028907181493,-1.5777160516772585e-05,,,below_upper2,0.9999479783288548,0.9999993581808054,0.02,lower_max,0.25,0.23,-0.2251784997968704,6.072468927851014e-06,0.08699478631411156,6,0,6,1.80502481541586e-07,0.0,1.80502481541586e-07,1.5568480236802828e-07,False,False,False,False,False,low@0.3759:W=1.80502e-07;low@0.4008:W=1.55685e-07;low@0.4222:W=1.34992e-07;low@0.8622:W=3.47153e-08;high@0.7311:W=1.01534e-07;high@0.8607:W=3.35314e-08,low@0.3759:W=1.80502e-07;low@0.4008:W=1.55685e-07;low@0.4222:W=1.34992e-07;low@0.8622:W=3.47153e-08;high@0.7311:W=1.01534e-07;high@0.8607:W=3.35314e-08
nstxuG142301E55/N10/egn10w.2804E+02,nstxuG142301E55,candidate,10,5.295709728601568,-9.438764972435533e-06,,,below_upper2,0.9968710745101442,0.9993621758640343,0.02,lower_max,0.25,0.23,-0.22386422453977484,4.4032636081431573e-05,0.08690146514077403,6,0,6,0.0021734479541754086,0.0,0.0021734479541754086,0.0021734479541754086,False,False,False,False,False,low@0.3757:W=7.46334e-06;low@0.4010:W=0.00217345;low@0.4220:W=1.18752e-05;low@0.8622:W=0.000132161;high@0.7308:W=2.28444e-05;high@0.8607:W=0.000127825,low@0.3757:W=7.46334e-06;low@0.4010:W=0.00217345;low@0.4220:W=1.18752e-05;low@0.8622:W=0.000132161;high@0.7308:W=2.28444e-05;high@0.8607:W=0.000127825
nstxuG142301E55/N10/egn10w.2834E+02,nstxuG142301E55,candidate,10,5.323202261710422,-1.3688905306619775e-07,,,mixed,0.1426393735441379,0.29176674064732727,0.755,lower_max,0.35000000000000003,0.40499999999999997,-0.10700348134413633,4.886412414008219e-07,0.06953278896444637,6,1,5,0.757748215126336,1.1451118575239504e-06,0.757748215126336,0.757748215126336,False,False,False,False,False,low@0.4022:W=2.18208e-06;low@0.4212:W=3.43835e-06;low@0.8622:W=0.166641;high@0.7293:W=0.757748;high@0.8607:W=0.141596,low@0.3746:W=1.14511e-06;low@0.4022:W=2.18208e-06;low@0.4212:W=3.43835e-06;low@0.8622:W=0.166641;high@0.7293:W=0.757748;high@0.8607:W=0.141596
nstxuG142301E55/N10/egn10w.2935E+02,nstxuG142301E55,candidate,10,5.41791030342152,-1.1625687964347307e-08,,,below_upper2,0.14290223090913823,0.5916825793446985,0.715,lower_max,0.35000000000000003,0.36499999999999994,-0.08765245373128333,7.85163821441011e-08,0.06831731770177615,6,1,5,0.6095838695102256,1.684107704439414e-07,0.6095838695102256,0.6095838695102256,False,False,False,False,False,low@0.4072:W=9.93871e-07;low@0.4171:W=1.00755e-06;low@0.8623:W=0.126542;high@0.7245:W=0.609584;high@0.8607:W=0.182471,low@0.3716:W=1.68411e-07;low@0.4072:W=9.93871e-07;low@0.4171:W=1.00755e-06;low@0.8623:W=0.126542;high@0.7245:W=0.609584;high@0.8607:W=0.182471
nstxuG142301E55/N10/egn10w.3026E+02,nstxuG142301E55,candidate,10,5.501189502053171,-2.7713015654309733e-07,,,below_upper2,0.2065216633946733,0.7357119714303643,0.6900000000000001,lower_max,0.35000000000000003,0.34,-0.07118713751145782,4.019394282686991e-07,0.06728310292536382,6,2,4,0.41028854885825555,8.391214715053432e-07,0.41028854885825555,0.41028854885825555,False,False,False,False,False,low@0.3079:W=1.77357e-07;low@0.8624:W=0.207603;high@0.7203:W=0.410289;high@0.8608:W=0.185108,low@0.3079:W=1.77357e-07;low@0.3228:W=2.58778e-07;low@0.3689:W=8.39121e-07;low@0.8624:W=0.207603;high@0.7203:W=0.410289;high@0.8608:W=0.185108
nstxuG142301E55/N10/egn10w.3200E+02,nstxuG142301E55,candidate,10,5.656575303236424,-1.8119104536726436e-08,,,below_upper2,0.22714149939737918,0.7421745865880827,0.66,lower_max,0.35000000000000003,0.31,-0.041761687896355905,2.572601547771682e-07,0.06543483992280621,6,2,4,0.2564386140410061,5.588674968144189e-07,0.2564386140410061,0.2564386140410061,False,False,False,False,False,low@0.2975:W=4.61722e-08;low@0.8625:W=0.256439;high@0.7134:W=0.232007;high@0.8608:W=0.184076,low@0.2975:W=4.61722e-08;low@0.3333:W=1.30493e-07;low@0.3640:W=5.58867e-07;low@0.8625:W=0.256439;high@0.7134:W=0.232007;high@0.8608:W=0.184076
nstxuG142301E55/N10/egn10w.3475E+02,nstxuG142301E55,candidate,10,5.895116211579407,-1.4610374667862307e-09,,,mixed,0.14488836428126345,0.3656294540390794,0.885,lower_max,0.35000000000000003,0.5349999999999999,0.0003923206742636149,1.8714123718929536e-06,0.06278707428218927,4,0,4,0.5616321886034974,0.0,0.5616321886034974,0.5616321886034974,False,False,False,False,False,low@0.2870:W=4.83383e-07;low@0.8628:W=0.561632;high@0.6981:W=0.128322;high@0.8609:W=0.486821,low@0.2870:W=4.83383e-07;low@0.8628:W=0.561632;high@0.6981:W=0.128322;high@0.8609:W=0.486821
nstxuG142301E55/N10/egn10w.3497E+02,nstxuG142301E55,candidate,10,5.9132147044942815,-4.849927327622009e-10,,,below_upper2,0.20987891471397238,0.6477931745597955,0.625,lower_max,0.35000000000000003,0.27499999999999997,0.0034518058115410952,1.6363256143145462e-06,0.06259490276875204,4,0,4,0.24359852836149395,0.0,0.24359852836149395,0.24359852836149395,False,False,False,False,False,low@0.2863:W=3.15308e-07;low@0.8628:W=0.196135;high@0.6972:W=0.0988308;high@0.8610:W=0.243599,low@0.2863:W=3.15308e-07;low@0.8628:W=0.196135;high@0.6972:W=0.0988308;high@0.8610:W=0.243599
nstxuG142301E55/N10/egn10w.3617E+02,nstxuG142301E55,candidate,10,6.014137504061838,-1.7083836175344096e-09,,,mixed,0.1916156708832016,0.40380498841582413,0.88,lower_max,0.35000000000000003,0.53,0.020174807836946463,2.424673829467539e-06,0.06154450230454336,6,0,6,0.7300968185936891,0.0,0.7300968185936891,0.7300968185936891,False,False,False,False,False,low@0.1486:W=3.83126e-08;low@0.1803:W=8.05336e-08;low@0.2822:W=7.78287e-07;low@0.8629:W=0.718616;high@0.6930:W=0.107274;high@0.8610:W=0.730097,low@0.1486:W=3.83126e-08;low@0.1803:W=8.05336e-08;low@0.2822:W=7.78287e-07;low@0.8629:W=0.718616;high@0.6930:W=0.107274;high@0.8610:W=0.730097
nstxuG142301E55/N10/egn10w.3676E+02,nstxuG142301E55,candidate,10,6.063070544232693,-6.6700273037160815e-12,,,below_upper2,0.2030501314360504,0.6738589991413257,0.625,lower_max,0.35000000000000003,0.27499999999999997,0.028082653397829366,2.1804922243080975e-06,0.06104779695012056,6,0,6,0.20826693834271295,0.0,0.20826693834271295,0.20826693834271295,False,False,False,False,False,low@0.1155:W=8.23826e-10;low@0.1968:W=2.60779e-09;low@0.2803:W=3.14208e-08;low@0.8630:W=0.208267;high@0.6912:W=0.17112;high@0.8610:W=0.190079,low@0.1155:W=8.23826e-10;low@0.1968:W=2.60779e-09;low@0.2803:W=3.14208e-08;low@0.8630:W=0.208267;high@0.6912:W=0.17112;high@0.8610:W=0.190079
nstxuG142301E55/N10/egn10w.3770E+02,nstxuG142301E55,candidate,10,6.139988206904071,-1.3043606966825698e-11,,,below_upper2,0.16103077591433,0.6272582253382248,0.605,lower_max,0.35000000000000003,0.25499999999999995,0.040258183397438474,4.504232884580259e-06,0.06028303101012085,6,0,6,0.3503721926584264,0.0,0.3503721926584264,0.3503721926584264,False,False,False,False,False,low@0.0944:W=1.675e-07;low@0.2096:W=1.96715e-07;low@0.2771:W=8.99876e-07;low@0.8631:W=0.274891;high@0.6837:W=0.13607;high@0.8611:W=0.350372,low@0.0944:W=1.675e-07;low@0.2096:W=1.96715e-07;low@0.2771:W=8.99876e-07;low@0.8631:W=0.274891;high@0.6837:W=0.13607;high@0.8611:W=0.350372
nstxuG142301E55/N10/egn10w.3881E+02,nstxuG142301E55,candidate,10,6.22947534513605,-1.4717197209020336e-11,,,below_upper2,0.21177837249006978,0.6643192349185612,0.605,lower_max,0.35000000000000003,0.25499999999999995,0.0540449862742461,6.632180282054036e-06,0.05941705825476555,6,0,6,0.32994423942933204,0.0,0.32994423942933204,0.32994423942933204,False,False,False,False,False,low@0.0791:W=4.29564e-07;low@0.2200:W=1.6374e-08;low@0.2732:W=6.55574e-08;low@0.8632:W=0.329944;high@0.6795:W=0.195018;high@0.8611:W=0.230632,low@0.0791:W=4.29564e-07;low@0.2200:W=1.6374e-08;low@0.2732:W=6.55574e-08;low@0.8632:W=0.329944;high@0.6795:W=0.195018;high@0.8611:W=0.230632
nstxuG142301E55/N10/egn10w.4012E+02,nstxuG142301E55,candidate,10,6.334107592763998,-5.4730837211634185e-11,,,below_upper2,0.0037931201080485238,0.5275319115960947,0.585,lower_max,0.35000000000000003,0.23499999999999993,0.06967108636672362,1.4280774373965552e-05,0.05843555608392478,6,0,6,0.2641462644516895,0.0,0.2641462644516895,0.2641462644516895,False,False,False,False,False,low@0.0628:W=6.18869e-09;low@0.2303:W=2.11851e-07;low@0.2678:W=5.53729e-07;low@0.8633:W=0.264146;high@0.6704:W=0.200791;high@0.8612:W=0.244183,low@0.0628:W=6.18869e-09;low@0.2303:W=2.11851e-07;low@0.2678:W=5.53729e-07;low@0.8633:W=0.264146;high@0.6704:W=0.200791;high@0.8612:W=0.244183
nstxuG142301E55/N10/egn10w.4177E+02,nstxuG142301E55,candidate,10,6.462778517616334,-0.0,,,below_upper2,0.9966440449739113,0.99922664307763,0.075,lower_max,0.25,0.175,-0.0028549891839974167,2.0835142482122684e-09,0.07120852635152108,6,2,4,0.001797973525563799,4.738971471745664e-10,0.001797973525563799,4.5867796971779505e-05,False,False,False,False,False,low@0.0396:W=0.00179797;low@0.8634:W=4.58678e-05;high@0.6662:W=2.53162e-05;high@0.8612:W=4.48212e-05,low@0.0396:W=0.00179797;low@0.2450:W=4.73897e-10;low@0.2571:W=4.47784e-10;low@0.8634:W=4.58678e-05;high@0.6662:W=2.53162e-05;high@0.8612:W=4.48212e-05
nstxuG142301E55/N10/egn10w.4227E+02,nstxuG142301E55,candidate,10,6.501330677304293,-0.0,,,below_upper2,0.07060330551969536,0.6162287607091581,0.585,lower_max,0.35000000000000003,0.23499999999999993,0.09360041380700763,2.9749879589756614e-05,0.056932513949905374,6,0,6,0.19766398879487257,0.0,0.19766398879487257,0.19766398879487257,False,False,False,False,False,low@0.0296:W=5.07116e-10;low@0.8635:W=0.121732;high@0.6592:W=0.122398;high@0.6647:W=0.192702;high@0.6650:W=0.197664;high@0.8613:W=0.192705,low@0.0296:W=5.07116e-10;low@0.8635:W=0.121732;high@0.6592:W=0.122398;high@0.6647:W=0.192702;high@0.6650:W=0.197664;high@0.8613:W=0.192705
nstxuG142301E55/N10/egn10w.4412E+02,nstxuG142301E55,candidate,10,6.64242758042451,-0.0,,,below_upper2,0.14005526387710074,0.66363675873792,0.56,lower_max,0.35000000000000003,0.21000000000000002,0.1128539431910802,7.100101047004488e-05,0.055723166718351994,5,0,5,0.27225412198189625,0.0,0.27225412198189625,0.27225412198189625,False,False,False,False,False,low@0.8636:W=0.271327;high@0.6493:W=0.224418;high@0.6530:W=0.259183;high@0.6554:W=0.272254;high@0.8613:W=0.147022,low@0.8636:W=0.271327;high@0.6493:W=0.224418;high@0.6530:W=0.259183;high@0.6554:W=0.272254;high@0.8613:W=0.147022
nstxuG142301E55/N10/egn10w.4567E+02,nstxuG142301E55,candidate,10,6.757680967308318,-0.0,,,below_upper2,-0.02980471795974344,0.5444961166027872,0.5650000000000001,lower_max,0.35000000000000003,0.21500000000000002,0.12798436858441883,0.00010367613028823231,0.05477279872624786,3,0,3,0.3536468336087625,0.0,0.3536468336087625,0.3536468336087625,False,False,False,False,False,low@0.8638:W=0.268111;high@0.6457:W=0.149208;high@0.8614:W=0.353647,low@0.8638:W=0.268111;high@0.6457:W=0.149208;high@0.8614:W=0.353647
nstxuG142301E55/N10/egn10w.4772E+02,nstxuG142301E55,candidate,10,6.907721919830773,-0.0,,,below_upper2,0.03669520013938577,0.621718958295095,0.5650000000000001,lower_max,0.35000000000000003,0.21500000000000002,0.14692520862843575,0.00022826548927749196,0.05358309204891128,3,0,3,0.2823375864756887,0.0,0.2823375864756887,0.2823375864756887,False,False,False,False,False,low@0.8640:W=0.198941;high@0.6332:W=0.243577;high@0.8615:W=0.282338,low@0.8640:W=0.198941;high@0.6332:W=0.243577;high@0.8615:W=0.282338
nstxuG142301E55/N10/egn10w.4909E+02,nstxuG142301E55,candidate,10,7.006350649542324,-0.0,,,below_upper2,0.20258634177216928,0.6066108516036183,0.91,lower_max,0.35000000000000003,0.56,0.15893398284350022,0.0002033337685752989,0.05282880032599466,5,0,5,0.4416251236923253,0.0,0.4416251236923253,0.4416251236923253,False,False,False,False,False,low@0.8641:W=0.441625;high@0.6229:W=0.0820518;high@0.6292:W=0.0563321;high@0.6304:W=0.0529166;high@0.8615:W=0.30644,low@0.8641:W=0.441625;high@0.6229:W=0.0820518;high@0.6292:W=0.0563321;high@0.6304:W=0.0529166;high@0.8615:W=0.30644
nstxuG142301E55/N10/egn10w.4992E+02,nstxuG142301E55,candidate,10,7.065288952121754,-0.0,,,below_upper2,0.1952999216396775,0.6341319071266266,0.895,lower_max,0.35000000000000003,0.5449999999999999,0.16595011533919365,0.0002391050542098032,0.0523881049999264,3,0,3,0.431106190615698,0.0,0.431106190615698,0.431106190615698,False,False,False,False,False,low@0.8642:W=0.431106;high@0.6212:W=0.169015;high@0.8616:W=0.309121,low@0.8642:W=0.431106;high@0.6212:W=0.169015;high@0.8616:W=0.309121
nstxuG142301E55/N10/egn10w.5135E+02,nstxuG142301E55,candidate,10,7.16557941632849,-0.0,,,below_upper2,-0.009833035314483667,0.6311385927918626,0.54,upper_min,0.355,0.18500000000000005,0.1871523039643295,0.0006783819317769663,0.0645020506838061,5,0,5,0.23518485834566447,0.0,0.23518485834566447,0.23518485834566447,False,False,False,False,False,low@0.8643:W=0.0661854;high@0.6084:W=0.13639;high@0.6137:W=0.193866;high@0.6164:W=0.235185;high@0.8616:W=0.205503,low@0.8643:W=0.0661854;high@0.6084:W=0.13639;high@0.6137:W=0.193866;high@0.6164:W=0.235185;high@0.8616:W=0.205503
nstxuG142301E55/N10/egn10w.5310E+02,nstxuG142301E55,candidate,10,7.287249758726034,-0.0,,,below_upper2,-0.11238019812353868,0.5634651316869166,0.51,upper_min,0.355,0.15500000000000003,0.16733121479026714,0.0007551637774633054,0.06342510302153544,5,0,5,0.21423426305225315,0.0,0.21423426305225315,0.21423426305225315,False,False,False,False,False,low@0.8645:W=0.153135;high@0.5946:W=0.214234;high@0.5954:W=0.212758;high@0.6053:W=0.191889;high@0.8617:W=0.10823,low@0.8645:W=0.153135;high@0.5946:W=0.214234;high@0.5954:W=0.212758;high@0.6053:W=0.191889;high@0.8617:W=0.10823
nstxuG142301E55/N10/egn10w.5504E+02,nstxuG142301E55,candidate,10,7.418871795435294,-0.0,,,below_upper2,-0.006995568607972421,0.615979159974847,0.51,upper_min,0.355,0.15500000000000003,0.14662098872873505,0.001346325893941952,0.06229984550686514,3,0,3,0.26621277053868986,0.0,0.26621277053868986,0.26621277053868986,False,False,False,False,False,low@0.8647:W=0.266213;high@0.5896:W=0.142007;high@0.8618:W=0.192708,low@0.8647:W=0.266213;high@0.5896:W=0.142007;high@0.8618:W=0.192708
nstxuG142301E55/N10/egn10w.5673E+02,nstxuG142301E55,candidate,10,7.532139197343469,-0.0,,,below_upper2,-0.0061250605292653415,0.5826467263193558,0.89,upper_min,0.355,0.535,0.12937824042523952,0.0015088810954709884,0.06136298793493762,5,0,5,0.8261089686951054,0.0,0.8261089686951054,0.8261089686951054,False,False,False,False,False,low@0.8648:W=0.763805;high@0.5731:W=0.132307;high@0.5796:W=0.124939;high@0.5867:W=0.0984151;high@0.8619:W=0.826109,low@0.8648:W=0.763805;high@0.5731:W=0.132307;high@0.5796:W=0.124939;high@0.5867:W=0.0984151;high@0.8619:W=0.826109
nstxuG142301E55/N10/egn10w.5748E+02,nstxuG142301E55,candidate,10,7.5817488283411665,-0.0,,,below_upper2,-0.03314723479813094,0.5809178046959133,0.48,upper_min,0.355,0.125,0.12198838367413108,0.0022235100433278094,0.060961471707310956,5,0,5,0.5582948901408659,0.0,0.5582948901408659,0.5582948901408659,False,False,False,False,False,low@0.8649:W=0.472134;high@0.5717:W=0.187976;high@0.5836:W=0.188465;high@0.5854:W=0.179718;high@0.8619:W=0.558295,low@0.8649:W=0.472134;high@0.5717:W=0.187976;high@0.5836:W=0.188465;high@0.5854:W=0.179718;high@0.8619:W=0.558295
nstxuG142301E55/N10/egn10w.5927E+02,nstxuG142301E55,candidate,10,7.698535884811919,-0.0,,,below_upper2,-0.1208808224432118,0.6036797982214998,0.48,upper_min,0.355,0.125,0.10496778096677864,0.00422766776566562,0.06003668406647295,5,0,5,0.1456796179622722,0.0,0.1456796179622722,0.1456796179622722,False,False,False,False,False,low@0.8650:W=0.14568;high@0.5525:W=0.0809163;high@0.5572:W=0.0922192;high@0.5685:W=0.127992;high@0.8620:W=0.142089,low@0.8650:W=0.14568;high@0.5525:W=0.0809163;high@0.5572:W=0.0922192;high@0.5685:W=0.127992;high@0.8620:W=0.142089
nstxuG142301E55/N10/egn10w.6118E+02,nstxuG142301E55,candidate,10,7.821703789103349,-0.0,,,below_upper2,-0.31007512170583845,0.5461756756106748,0.445,upper_min,0.355,0.09000000000000002,0.08756791904911948,0.008758373071299666,0.0590912899737721,3,0,3,0.21331185773721423,0.0,0.21331185773721423,0.21331185773721423,False,False,False,False,False,low@0.8650:W=0.0835851;high@0.5484:W=0.213312;high@0.8621:W=0.0491478,low@0.8650:W=0.0835851;high@0.5484:W=0.213312;high@0.8621:W=0.0491478
nstxuG142301E55/N10/egn10w.6397E+02,nstxuG142301E55,candidate,10,7.997929676600197,-3.0965801843480854e-05,,,below_upper2,-0.28104294617021275,0.542732690206722,0.445,upper_min,0.355,0.09000000000000002,0.06360451483111663,0.018706695375837214,0.05778927614769053,5,0,5,0.14524131666762438,0.0,0.14524131666762438,0.14524131666762438,False,False,False,False,False,low@0.8651:W=0.0253823;high@0.5231:W=0.0901193;high@0.5371:W=0.135538;high@0.5435:W=0.145241;high@0.8622:W=0.0576429,low@0.8651:W=0.0253823;high@0.5231:W=0.0901193;high@0.5371:W=0.135538;high@0.5435:W=0.145241;high@0.8622:W=0.0576429
nstxuG142301E55/N10/egn10w.6604E+02,nstxuG142301E55,candidate,10,8.126289118381546,-4.5809043355949806e-05,,,below_upper2,-0.39217338251581585,0.5176039171255059,0.745,upper_min,0.355,0.39,0.046804265687749334,0.03326698636635066,0.05687646107069717,6,0,6,0.27560553744252986,0.0,0.27560553744252986,0.27560553744252986,False,False,False,False,False,low@0.8651:W=0.0194992;high@0.0269:W=2.47279e-09;high@0.4939:W=0.191368;high@0.5042:W=0.275606;high@0.5201:W=0.186201;high@0.8623:W=0.0104381,low@0.8651:W=0.0194992;high@0.0269:W=2.47279e-09;high@0.4939:W=0.191368;high@0.5042:W=0.275606;high@0.5201:W=0.186201;high@0.8623:W=0.0104381
nstxuG142301E55/N10/egn10w.8510E+02,nstxuG142301E55,candidate,10,9.224893693225727,-0.00018409715467332413,,,mixed,0.1914532030341236,0.4541321710534098,0.88,upper_min,0.355,0.525,-0.07786101431384912,0.0022718796438257727,0.05010296942828395,4,0,4,0.7811726612060229,0.0,0.7811726612060229,0.7811726612060229,False,False,False,False,False,low@0.8655:W=0.781173;high@0.3026:W=0.000275092;high@0.3187:W=0.00041004;high@0.8631:W=0.668921,low@0.8655:W=0.781173;high@0.3026:W=0.000275092;high@0.3187:W=0.00041004;high@0.8631:W=0.668921
nstxuG142301B37/N6/egn06w.1080E+03,nstxuG142301B37,candidate,6,10.392773694533597,-6.879448134905066e-05,,,below_upper2,-0.11069840328701769,0.5540126567498255,0.455,upper_min,0.355,0.10000000000000003,0.005569403119023363,0.017291102081100088,0.05818276116885931,5,0,5,0.9895495783858588,0.0,0.9895495783858588,0.9895495783858588,False,False,False,False,False,low@0.9310:W=4.20603e-05;high@0.4147:W=0.010679;high@0.4543:W=0.947874;high@0.4551:W=0.98955;high@0.9273:W=4.12848e-05,low@0.9310:W=4.20603e-05;high@0.4147:W=0.010679;high@0.4543:W=0.947874;high@0.4551:W=0.98955;high@0.9273:W=4.12848e-05
nstxuG142301B37/N6/egn06w.1164E+03,nstxuG142301B37,candidate,6,10.788766925664666,-0.0031245002340610957,,,below_upper2,-0.04265420041097083,0.6461200388944064,0.01,upper_min,0.215,0.205,-0.0018027725210669724,0.14264194408595146,0.06831271420463761,7,2,5,0.16735599455682507,0.09380870669854466,0.16735599455682507,0.16735599455682507,False,False,False,False,False,low@0.9312:W=0.0185971;high@0.3409:W=0.0447144;high@0.3729:W=0.139392;high@0.4065:W=0.167356;high@0.9277:W=0.0192547,low@0.9312:W=0.0185971;high@0.2095:W=0.0699176;high@0.2237:W=0.0938087;high@0.3409:W=0.0447144;high@0.3729:W=0.139392;high@0.4065:W=0.167356;high@0.9277:W=0.0192547
nstxuG142301B37/N6/egn06w.1214E+03,nstxuG142301B37,candidate,6,11.016634775480025,-0.0012406591061445754,,,below_upper2,0.19363063464759164,0.7188432353830698,0.01,upper_min,0.215,0.205,-0.022449463688821197,0.06735024871679506,0.0668997354122837,7,2,5,0.5489368769143461,0.10174127008635411,0.5489368769143461,0.5489368769143461,False,False,False,False,False,low@0.9314:W=0.000731143;high@0.3353:W=0.157821;high@0.3810:W=0.229797;high@0.4004:W=0.548937;high@0.9279:W=0.000895633,low@0.9314:W=0.000731143;high@0.1855:W=0.053587;high@0.2415:W=0.101741;high@0.3353:W=0.157821;high@0.3810:W=0.229797;high@0.4004:W=0.548937;high@0.9279:W=0.000895633
nstxuG142301B37/N6/egn06w.1232E+03,nstxuG142301B37,candidate,6,11.097554481079438,-0.00018371365798412992,,,below_upper2,0.07719069908928478,0.7064788177460913,0.01,upper_min,0.215,0.205,-0.029577439653410018,0.01744719635071134,0.06641192461545721,7,0,7,0.4627868501974885,0.0,0.4627868501974885,0.0033003993588809205,False,False,False,False,False,low@0.9314:W=0.00163467;high@0.1784:W=0.0119046;high@0.2456:W=0.0403775;high@0.3334:W=0.462787;high@0.3847:W=0.0437295;high@0.3967:W=0.0894988;high@0.9280:W=0.0033004,low@0.9314:W=0.00163467;high@0.1784:W=0.0119046;high@0.2456:W=0.0403775;high@0.3334:W=0.462787;high@0.3847:W=0.0437295;high@0.3967:W=0.0894988;high@0.9280:W=0.0033004
nstxuG142301B37/N6/egn06w.2453E+02,nstxuG142301B37,candidate,6,4.953173511716611,-0.011346961016496938,,,below_upper2,0.732084507716925,0.7768629295668614,0.025,lower_max,0.35000000000000003,0.325,-0.4772269198340076,0.015798003358939272,0.12457371896560242,6,0,6,0.46977076920465716,0.0,0.46977076920465716,0.46977076920465716,False,False,False,False,False,low@0.5363:W=0.469771;low@0.5462:W=0.44272;low@0.5606:W=0.229054;low@0.9264:W=0.125422;high@0.7667:W=0.0348368;high@0.9211:W=0.365766,low@0.5363:W=0.469771;low@0.5462:W=0.44272;low@0.5606:W=0.229054;low@0.9264:W=0.125422;high@0.7667:W=0.0348368;high@0.9211:W=0.365766
nstxuG142301B37/N6/egn06w.3430E+02,nstxuG142301B37,candidate,6,5.856549099254073,-0.009628816060828792,,,below_upper2,0.4598563669148197,0.542984986061188,0.75,lower_max,0.35000000000000003,0.39999999999999997,-0.24936393874823976,0.05792139586697457,0.10535816136417957,6,0,6,0.3657922313572767,0.0,0.3657922313572767,0.3657922313572767,False,False,False,False,False,low@0.4448:W=0.341238;low@0.4738:W=0.11243;low@0.4824:W=0.365792;low@0.9271:W=0.0268312;high@0.7262:W=0.264311;high@0.9223:W=0.0641266,low@0.4448:W=0.341238;low@0.4738:W=0.11243;low@0.4824:W=0.365792;low@0.9271:W=0.0268312;high@0.7262:W=0.264311;high@0.9223:W=0.0641266
nstxuG142301B37/N6/egn06w.3443E+02,nstxuG142301B37,candidate,6,5.868078404485086,-0.003920003049492298,,,below_upper2,0.5842800390467384,0.617938225408348,0.75,lower_max,0.35000000000000003,0.39999999999999997,-0.24690925133584254,0.06323325660058993,0.10515115894921226,6,0,6,0.732875241276642,0.0,0.732875241276642,0.732875241276642,False,False,False,False,False,low@0.4445:W=0.396422;low@0.4742:W=0.241813;low@0.4819:W=0.732875;low@0.9271:W=0.0134087;high@0.7255:W=0.290814;high@0.9223:W=0.0306975,low@0.4445:W=0.396422;low@0.4742:W=0.241813;low@0.4819:W=0.732875;low@0.9271:W=0.0134087;high@0.7255:W=0.290814;high@0.9223:W=0.0306975
nstxuG142301B37/N6/egn06w.3916E+02,nstxuG142301B37,candidate,6,6.257456900255297,-0.00046785282712234554,,,below_upper2,0.9669757897286786,0.9689744463002369,0.48,lower_max,0.35000000000000003,0.12999999999999995,-0.16931868117509527,0.020822458536914546,0.09860798961496271,6,0,6,0.35535683745953317,0.0,0.35535683745953317,0.35535683745953317,False,False,False,False,False,low@0.3838:W=0.00663712;low@0.4123:W=0.355357;low@0.4359:W=0.231331;low@0.9274:W=7.48691e-06;high@0.7073:W=0.0117439;high@0.9229:W=7.11453e-06,low@0.3838:W=0.00663712;low@0.4123:W=0.355357;low@0.4359:W=0.231331;low@0.9274:W=7.48691e-06;high@0.7073:W=0.0117439;high@0.9229:W=7.11453e-06
nstxuG142301B37/N6/egn06w.4151E+02,nstxuG142301B37,candidate,6,6.443168652626146,-0.0007474842212612542,,,below_upper2,0.994666633435624,0.9992675973081127,0.31,lower_max,0.35000000000000003,0.040000000000000036,-0.1356153539662868,0.2691841301006993,0.09576580690386804,6,1,5,0.6572438046938441,0.6572438046938441,0.03676193176844783,0.03676193176844783,False,False,False,False,False,low@0.4197:W=0.0222135;low@0.4303:W=0.0367619;low@0.9276:W=0.000274644;high@0.6974:W=0.000389371;high@0.9232:W=0.000239938,low@0.3788:W=0.657244;low@0.4197:W=0.0222135;low@0.4303:W=0.0367619;low@0.9276:W=0.000274644;high@0.6974:W=0.000389371;high@0.9232:W=0.000239938
nstxuG142301B37/N6/egn06w.4344E+02,nstxuG142301B37,candidate,6,6.590590724811676,-0.0006097599442128469,,,below_upper2,0.9933569888873724,0.9986536564582329,0.305,lower_max,0.35000000000000003,0.04500000000000004,-0.11021326549231344,0.19947936189494778,0.09362366300694278,4,1,3,0.51023330241996,0.51023330241996,0.00040994442668291684,0.00040994442668291684,False,False,False,False,False,low@0.9277:W=0.000274511;high@0.6907:W=5.71824e-05;high@0.9234:W=0.000409944,low@0.3753:W=0.510233;low@0.9277:W=0.000274511;high@0.6907:W=5.71824e-05;high@0.9234:W=0.000409944
nstxuG142301B37/N6/egn06w.5448E+02,nstxuG142301B37,candidate,6,7.381003633528295,-0.0002565283389245769,,,below_upper2,0.9715341250223524,0.9861247458126776,0.35000000000000003,lower_max,0.35000000000000003,0.0,0.008676649760861532,0.9511743598515559,0.08359774302691864,4,0,4,0.0018515652410200005,0.0,0.0018515652410200005,0.0013846229175983956,True,True,False,True,True,low@0.2677:W=0.00185157;low@0.9285:W=0.00126111;high@0.6429:W=0.00138462;high@0.9248:W=0.00074799,low@0.2677:W=0.00185157;low@0.9285:W=0.00126111;high@0.6429:W=0.00138462;high@0.9248:W=0.00074799
nstxuG142301B37/N6/egn06w.6547E+02,nstxuG142301B37,candidate,6,8.091643319613272,-0.0002585971397787684,,,below_upper2,0.996735420858243,0.9994897671624695,0.20500000000000002,lower_max,0.20500000000000002,0.0,-0.06668944087541637,0.8182583915931682,0.05193813765964677,4,0,4,0.4057456104061048,0.0,0.4057456104061048,0.00037296252692606963,False,False,False,False,False,low@0.2448:W=0.405746;low@0.9293:W=9.4357e-05;high@0.6016:W=0.000372963;high@0.9254:W=8.27165e-05,low@0.2448:W=0.405746;low@0.9293:W=9.4357e-05;high@0.6016:W=0.000372963;high@0.9254:W=8.27165e-05
nstxuG142301B37/N6/egn06w.6700E+02,nstxuG142301B37,candidate,6,8.18510034139376,-5.412431534017767e-05,,,below_upper2,0.9969050464159676,0.9997182629281136,0.18,lower_max,0.20500000000000002,0.025000000000000022,-0.05451003999443283,0.5920153548630526,0.05134511088415961,4,0,4,0.37412434366683334,0.0,0.37412434366683334,0.0005519608098094808,False,False,False,False,False,low@0.2414:W=0.374124;low@0.9294:W=4.51909e-05;high@0.5994:W=0.000551961;high@0.9255:W=4.06886e-05,low@0.2414:W=0.374124;low@0.9294:W=4.51909e-05;high@0.5994:W=0.000551961;high@0.9255:W=4.06886e-05
nstxuG142301B37/N6/egn06w.7060E+02,nstxuG142301B37,candidate,6,8.40223992104424,-0.0008357963107303844,,,below_upper2,0.9945543647881879,0.9962939109829335,0.13,lower_max,0.20500000000000002,0.07500000000000001,-0.027258275111105783,0.07039700040068327,0.05001819616864789,5,1,4,0.507636975174405,0.022603761319242754,0.507636975174405,0.012804129684638482,False,False,False,False,False,low@0.1644:W=0.507637;low@0.9297:W=0.000143641;high@0.5782:W=0.0128041;high@0.9256:W=0.000142245,low@0.1644:W=0.507637;low@0.2319:W=0.0226038;low@0.9297:W=0.000143641;high@0.5782:W=0.0128041;high@0.9256:W=0.000142245
nstxuG142301B37/N6/egn06w.7117E+02,nstxuG142301B37,candidate,6,8.436304739900857,-0.0004179021264713114,,,below_upper2,0.9940455691726806,0.996938166494231,0.125,lower_max,0.20500000000000002,0.08000000000000002,-0.023110325488670504,0.08253463523679885,0.04981622850098398,5,1,4,0.4185191567474428,0.029826767982963832,0.4185191567474428,0.006499275208243915,False,False,False,False,False,low@0.1699:W=0.418519;low@0.9297:W=0.000252424;high@0.5775:W=0.00649928;high@0.9257:W=0.00024187,low@0.1699:W=0.418519;low@0.2302:W=0.0298268;low@0.9297:W=0.000252424;high@0.5775:W=0.00649928;high@0.9257:W=0.00024187
nstxuG142301B37/N6/egn06w.7759E+02,nstxuG142301B37,candidate,6,8.808753636298384,-4.159873781354663e-06,,,below_upper2,0.9994220832482557,0.9996695810248672,0.025,lower_max,0.20500000000000002,0.18000000000000002,0.020148497195499573,0.001004509486517648,0.047709914702920346,3,0,3,0.00047756890519105416,0.0,0.00047756890519105416,0.00047756890519105416,False,False,False,False,False,low@0.9301:W=1.14427e-05;high@0.5491:W=0.000477569;high@0.9260:W=9.6565e-06,low@0.9301:W=1.14427e-05;high@0.5491:W=0.000477569;high@0.9260:W=9.6565e-06
nstxuG142301B37/N6/egn06w.8501E+02,nstxuG142301B37,candidate,6,9.220290348565067,0.27413663959579626,,,below_upper2,-0.08029538673512933,0.5894745507076168,0.01,lower_max,0.20500000000000002,0.195,0.06388300562521389,0.059268557420160066,0.045580439307124444,3,0,3,0.1558979517220624,0.0,0.1558979517220624,0.1558979517220624,False,False,False,False,False,low@0.9303:W=0.155898;high@0.5149:W=0.0247062;high@0.9263:W=0.14831,low@0.9303:W=0.155898;high@0.5149:W=0.0247062;high@0.9263:W=0.14831
nstxuG142301B37/N7/egn07w.1067E+03,nstxuG142301B37,candidate,7,10.32758466119792,-0.00028022543412775116,,,below_upper2,0.492964951575716,0.9417873315444844,0.015,upper_min,0.195,0.18,0.03769763380055397,0.021204443652144456,0.04721351312463636,5,0,5,0.007018005332794714,0.0,0.007018005332794714,0.006130077037606677,False,False,False,False,False,low@0.8914:W=5.53603e-05;high@0.3977:W=0.00701801;high@0.4154:W=0.00299356;high@0.4416:W=0.00613008;high@0.8891:W=5.55814e-05,low@0.8914:W=5.53603e-05;high@0.3977:W=0.00701801;high@0.4154:W=0.00299356;high@0.4416:W=0.00613008;high@0.8891:W=5.55814e-05
nstxuG142301B37/N7/egn07w.2221E+02,nstxuG142301B37,candidate,7,4.712974092269965,-0.04999023550343388,,,below_upper2,0.8748557472907968,0.9966410231496687,0.66,lower_max,0.33,0.33,-0.596890023874573,0.03159557702341527,0.14875642414567197,6,0,6,0.020123022850129655,0.0,0.020123022850129655,0.020123022850129655,False,False,False,False,False,low@0.5676:W=0.020123;low@0.5757:W=0.0127984;low@0.5854:W=0.0186003;low@0.8867:W=0.00106652;high@0.7771:W=0.00532148;high@0.8850:W=0.00135567,low@0.5676:W=0.020123;low@0.5757:W=0.0127984;low@0.5854:W=0.0186003;low@0.8867:W=0.00106652;high@0.7771:W=0.00532148;high@0.8850:W=0.00135567
nstxuG142301B37/N7/egn07w.2361E+02,nstxuG142301B37,candidate,7,4.859435024591202,-0.11420047595399743,,,below_upper2,0.903672437258166,0.996162420184488,0.605,lower_max,0.33,0.27499999999999997,-0.548760560155521,0.048715682783370476,0.14427298019408186,6,0,6,0.06543467015502383,0.0,0.06543467015502383,0.06543467015502383,False,False,False,False,False,low@0.5442:W=0.0649781;low@0.5461:W=0.0654347;low@0.5636:W=0.0586252;low@0.8868:W=0.00633794;high@0.7708:W=0.0091978;high@0.8851:W=0.00614933,low@0.5442:W=0.0649781;low@0.5461:W=0.0654347;low@0.5636:W=0.0586252;low@0.8868:W=0.00633794;high@0.7708:W=0.0091978;high@0.8851:W=0.00614933
nstxuG142301B37/N7/egn07w.3600E+02,nstxuG142301B37,candidate,7,6.000011136228703,-0.0027485443216260052,,,mixed,0.325452734842264,0.42037414810341023,0.77,lower_max,0.33,0.44,-0.2543478903367081,0.07668913188868458,0.11684731196981414,6,0,6,0.08377853026058951,0.0,0.08377853026058951,0.08377853026058951,False,False,False,False,False,low@0.4227:W=0.0446891;low@0.4458:W=0.0650478;low@0.4615:W=0.0837785;low@0.8881:W=0.0131572;high@0.7195:W=0.0211347;high@0.8857:W=0.012724,low@0.4227:W=0.0446891;low@0.4458:W=0.0650478;low@0.4615:W=0.0837785;low@0.8881:W=0.0131572;high@0.7195:W=0.0211347;high@0.8857:W=0.012724
nstxuG142301B37/N7/egn07w.3759E+02,nstxuG142301B37,candidate,7,6.130965978721204,-0.026987073709149455,,,below_upper2,0.4865104910500094,0.5441734987163901,0.77,lower_max,0.33,0.44,-0.22755554945927478,0.10036062541049744,0.1143515027632736,6,0,6,0.4203874756416497,0.0,0.4203874756416497,0.4203874756416497,False,False,False,False,False,low@0.4198:W=0.0350854;low@0.4501:W=0.060396;low@0.4573:W=0.420387;low@0.8882:W=0.024452;high@0.7151:W=0.208824;high@0.8858:W=0.0242622,low@0.4198:W=0.0350854;low@0.4501:W=0.060396;low@0.4573:W=0.420387;low@0.8882:W=0.024452;high@0.7151:W=0.208824;high@0.8858:W=0.0242622
nstxuG142301B37/N7/egn07w.4258E+02,nstxuG142301B37,candidate,7,6.525075777186525,-0.00018762777299378148,,,below_upper2,0.9777398330350974,0.9993192877218782,0.455,lower_max,0.33,0.125,-0.15341209324167027,0.034158725828896924,0.10744475573884713,6,1,5,0.1426063835580852,0.05130916282381375,0.1426063835580852,0.142244431439218,False,False,False,False,False,low@0.3919:W=0.142606;low@0.4120:W=0.142244;low@0.8888:W=5.87707e-05;high@0.6929:W=5.3477e-05;high@0.8860:W=5.67772e-05,low@0.3595:W=0.0513092;low@0.3919:W=0.142606;low@0.4120:W=0.142244;low@0.8888:W=5.87707e-05;high@0.6929:W=5.3477e-05;high@0.8860:W=5.67772e-05
nstxuG142301B37/N7/egn07w.4434E+02,nstxuG142301B37,candidate,7,6.658518269312113,-0.00023476460161164694,,,below_upper2,0.9929444435037283,0.9999625789864719,0.28,lower_max,0.33,0.04999999999999999,-0.13029671262023057,0.2964835931394544,0.105291469468282,6,1,5,0.42613297442366926,0.42613297442366926,0.0039055077206168526,0.0007965380815629925,False,False,False,False,False,low@0.3965:W=0.00390551;low@0.4083:W=0.000796538;low@0.8889:W=1.54406e-05;high@0.6843:W=6.86935e-06;high@0.8861:W=1.45858e-05,low@0.3565:W=0.426133;low@0.3965:W=0.00390551;low@0.4083:W=0.000796538;low@0.8889:W=1.54406e-05;high@0.6843:W=6.86935e-06;high@0.8861:W=1.45858e-05
nstxuG142301B37/N7/egn07w.5766E+02,nstxuG142301B37,candidate,7,7.593630197235604,-0.002561004484691695,,,below_upper2,0.7907091989115843,0.9175067483003917,0.005,lower_max,0.185,0.18,-0.1554308518193448,0.01588155461560996,0.0425505711645086,4,0,4,0.021575209600304745,0.0,0.021575209600304745,0.021575209600304745,False,False,False,False,False,low@0.2463:W=0.0112176;low@0.8901:W=0.00682382;high@0.6326:W=0.0215752;high@0.8867:W=0.00664301,low@0.2463:W=0.0112176;low@0.8901:W=0.00682382;high@0.6326:W=0.0215752;high@0.8867:W=0.00664301
nstxuG142301B37/N7/egn07w.6898E+02,nstxuG142301B37,candidate,7,8.305335505675982,-2.0298370676411096e-05,,,below_upper2,0.9977255406672878,0.9992715584444347,0.16,lower_max,0.185,0.024999999999999994,-0.05641904546743685,0.6052800416774182,0.03890430457428419,6,0,6,0.19169665260378138,0.0,0.19169665260378138,3.720052864382879e-05,False,False,False,False,False,low@0.2232:W=0.191697;low@0.8904:W=3.53487e-06;high@0.5794:W=1.87404e-05;high@0.5875:W=3.03096e-05;high@0.5935:W=3.72005e-05;high@0.8873:W=3.8338e-06,low@0.2232:W=0.191697;low@0.8904:W=3.53487e-06;high@0.5794:W=1.87404e-05;high@0.5875:W=3.03096e-05;high@0.5935:W=3.72005e-05;high@0.8873:W=3.8338e-06
nstxuG142301B37/N7/egn07w.7020E+02,nstxuG142301B37,candidate,7,8.378545253157645,-4.936543235473474e-05,,,below_upper2,0.9987678444694866,0.9999621846913433,0.145,lower_max,0.185,0.04000000000000001,-0.04718830561742019,0.26801135764222317,0.03856436795906335,4,0,4,0.20163189595091818,0.0,0.20163189595091818,7.629398430232977e-06,False,False,False,False,False,low@0.2204:W=0.201632;low@0.8904:W=7.6294e-06;high@0.5780:W=3.38543e-06;high@0.8874:W=7.27314e-06,low@0.2204:W=0.201632;low@0.8904:W=7.6294e-06;high@0.5780:W=3.38543e-06;high@0.8874:W=7.27314e-06
nstxuG142301B37/N7/egn07w.7097E+02,nstxuG142301B37,candidate,7,8.424367216202121,-2.565240910172167e-05,,,below_upper2,0.9986953700497267,0.9999023730861836,0.11,lower_max,0.185,0.075,-0.04149242097598104,0.1249499805087152,0.03835460798563113,4,0,4,0.019312136443764293,0.0,0.019312136443764293,4.460130655891959e-05,False,False,False,False,False,low@0.2184:W=0.0193121;low@0.8904:W=6.27361e-06;high@0.5771:W=4.46013e-05;high@0.8874:W=5.94777e-06,low@0.2184:W=0.0193121;low@0.8904:W=6.27361e-06;high@0.5771:W=4.46013e-05;high@0.8874:W=5.94777e-06
nstxuG142301B37/N7/egn07w.7126E+02,nstxuG142301B37,candidate,7,8.441640066158882,-1.989448631347119e-05,,,below_upper2,0.9989530610127432,0.9999500970069338,0.1,lower_max,0.185,0.08499999999999999,-0.03936137272260442,0.0747289152631256,0.03827612875840821,4,0,4,0.030474972833237787,0.0,0.030474972833237787,8.914058733655316e-06,False,False,False,False,False,low@0.2177:W=0.030475;low@0.8904:W=6.32694e-06;high@0.5767:W=8.91406e-06;high@0.8874:W=6.00357e-06,low@0.2177:W=0.030475;low@0.8904:W=6.32694e-06;high@0.5767:W=8.91406e-06;high@0.8874:W=6.00357e-06
nstxuG142301B37/N7/egn07w.7710E+02,nstxuG142301B37,candidate,7,8.780443983424338,-0.013446929986757785,,,below_upper2,0.39817896115586315,0.7532085984072576,0.005,lower_max,0.185,0.18,0.0007436271153976328,0.004582105282480122,0.036799198618476026,3,0,3,0.0691622811065403,0.0,0.0691622811065403,0.0691622811065403,False,False,False,False,False,low@0.8906:W=0.0239099;high@0.5521:W=0.0691623;high@0.8877:W=0.0231401,low@0.8906:W=0.0239099;high@0.5521:W=0.0691623;high@0.8877:W=0.0231401
nstxuG142301B37/N7/egn07w.8876E+02,nstxuG142301B37,candidate,7,9.421189940836339,-0.00027727192724216266,,,below_upper2,0.5351504582221439,0.8784467416280453,0.015,lower_max,0.185,0.16999999999999998,0.06870420166752794,0.004559735058008872,0.03429644282023164,5,0,5,0.12513868220580585,0.0,0.12513868220580585,0.12513868220580585,False,False,False,False,False,low@0.8909:W=0.0434244;high@0.4919:W=0.00473615;high@0.5043:W=0.0508165;high@0.5180:W=0.125139;high@0.8883:W=0.0342226,low@0.8909:W=0.0434244;high@0.4919:W=0.00473615;high@0.5043:W=0.0508165;high@0.5180:W=0.125139;high@0.8883:W=0.0342226
nstxuG142301B37/N7/egn07w.8904E+02,nstxuG142301B37,candidate,7,9.4362571070732,-0.00024231495632347588,,,below_upper2,0.3690066527483261,0.8881082506617529,0.015,lower_max,0.185,0.16999999999999998,0.07019123073529755,0.006638464629248405,0.03424168061955802,5,0,5,0.05472930652836064,0.0,0.05472930652836064,0.05472930652836064,False,False,False,False,False,low@0.8909:W=0.0471219;high@0.4915:W=0.00190377;high@0.5049:W=0.0113753;high@0.5177:W=0.00434365;high@0.8883:W=0.0547293,low@0.8909:W=0.0471219;high@0.4915:W=0.00190377;high@0.5049:W=0.0113753;high@0.5177:W=0.00434365;high@0.8883:W=0.0547293
nstxuG142301B37/N7/egn07w.8907E+02,nstxuG142301B37,candidate,7,9.43792370084092,-0.00024088318302341254,,,below_upper2,0.45023211404688057,0.6985344203168917,0.015,lower_max,0.185,0.16999999999999998,0.0703554208208658,0.004416084617135383,0.034235634059602074,5,0,5,0.20550458115158227,0.0,0.20550458115158227,0.20550458115158227,False,False,False,False,False,low@0.8909:W=0.00183219;high@0.4915:W=0.137443;high@0.5049:W=0.0520185;high@0.5176:W=0.205505;high@0.8883:W=0.00249973,low@0.8909:W=0.00183219;high@0.4915:W=0.137443;high@0.5049:W=0.0520185;high@0.5176:W=0.205505;high@0.8883:W=0.00249973
nstxuG142301B37/N7/egn07w.8917E+02,nstxuG142301B37,candidate,7,9.443226521595141,-3.1091382032673804e-05,,,below_upper2,0.9767589506366405,0.9861970051904756,0.015,lower_max,0.185,0.16999999999999998,0.07087746046030978,0.008147987885262113,0.03421640912303934,5,0,5,0.006315858442052323,0.0,0.006315858442052323,0.006315858442052323,False,False,False,False,False,low@0.8909:W=0.000113101;high@0.4913:W=0.00275223;high@0.5051:W=0.000769694;high@0.5175:W=0.00631586;high@0.8883:W=0.000116885,low@0.8909:W=0.000113101;high@0.4913:W=0.00275223;high@0.5051:W=0.000769694;high@0.5175:W=0.00631586;high@0.8883:W=0.000116885
nstxuG142301B37/N7/egn07w.8979E+02,nstxuG142301B37,candidate,7,9.475632052589033,-5.301043414153233e-05,,,below_upper2,0.9714792458447957,0.9939728233543357,0.015,lower_max,0.185,0.16999999999999998,0.07405494868326687,0.008698392591541383,0.034099393086517174,5,0,5,0.0025542743622591125,0.0,0.0025542743622591125,0.0025542743622591125,False,False,False,False,False,low@0.8909:W=0.000236497;high@0.4905:W=0.00100075;high@0.5063:W=0.000669605;high@0.5167:W=0.00255427;high@0.8883:W=0.000225766,low@0.8909:W=0.000236497;high@0.4905:W=0.00100075;high@0.5063:W=0.000669605;high@0.5167:W=0.00255427;high@0.8883:W=0.000225766
nstxuG142301B37/N9/egn09w.2151E+02,nstxuG142301B37,candidate,9,4.638128703482235,-0.07629279048594607,,,below_upper2,0.9283075663463106,0.9988681690744025,0.64,lower_max,0.365,0.275,-0.5361312723106928,0.12623690649097183,0.12151983337816723,6,0,6,0.47297137661486216,0.0,0.47297137661486216,0.47297137661486216,False,False,False,False,False,low@0.5700:W=0.422826;low@0.5701:W=0.42332;low@0.5839:W=0.472971;low@0.5939:W=0.160963;low@0.5960:W=0.15261;high@0.7799:W=0.00359627,low@0.5700:W=0.422826;low@0.5701:W=0.42332;low@0.5839:W=0.472971;low@0.5939:W=0.160963;low@0.5960:W=0.15261;high@0.7799:W=0.00359627
nstxuG142301B37/N9/egn09w.2872E+02,nstxuG142301B37,candidate,9,5.3590002458358255,-0.0005174361763560082,,,below_upper2,0.6299069139902804,0.8354240619995166,0.66,lower_max,0.365,0.29500000000000004,-0.32949696204197176,0.0140911264365659,0.10517346545591534,4,0,4,0.7923508802624037,0.0,0.7923508802624037,0.7923508802624037,False,False,False,False,False,low@0.4975:W=0.212531;low@0.5091:W=0.187726;low@0.5196:W=0.792351;high@0.7493:W=0.0987765,low@0.4975:W=0.212531;low@0.5091:W=0.187726;low@0.5196:W=0.792351;high@0.7493:W=0.0987765
nstxuG142301B37/N9/egn09w.3948E+02,nstxuG142301B37,candidate,9,6.283179200986595,-0.0007441974292632795,,,below_upper2,0.9903893019788723,0.997968354306863,0.265,lower_max,0.365,0.09999999999999998,-0.13394418948009093,0.24241285447307803,0.08970373264941334,4,1,3,0.18915605503933058,0.18915605503933058,0.1413112018824318,0.1413112018824318,False,False,False,False,False,low@0.4061:W=0.0537893;low@0.4248:W=0.141311;high@0.7042:W=0.000620396,low@0.3864:W=0.189156;low@0.4061:W=0.0537893;low@0.4248:W=0.141311;high@0.7042:W=0.000620396
nstxuG142301B37/N9/egn09w.4094E+02,nstxuG142301B37,candidate,9,6.3986861637144345,-0.0006848431990939592,,,below_upper2,0.9933645155098242,0.9986193072322553,0.34,lower_max,0.365,0.024999999999999967,-0.1134746046499304,0.29345910389902835,0.08808443058668033,4,1,3,0.36411234774969825,0.36411234774969825,0.08858300370467281,0.08858300370467281,False,False,False,False,False,low@0.4086:W=0.088583;low@0.4227:W=0.0727626;high@0.6993:W=3.76199e-05,low@0.3842:W=0.364112;low@0.4086:W=0.088583;low@0.4227:W=0.0727626;high@0.6993:W=3.76199e-05
nstxuG142301B37/N9/egn09w.4200E+02,nstxuG142301B37,candidate,9,6.481036513765617,-0.0014885524819071973,,,below_upper2,0.9672925512245352,0.9724063541007313,0.41500000000000004,lower_max,0.365,0.050000000000000044,-0.09932640115327285,0.16902855783479526,0.08696519855065257,6,2,4,0.4538232287289734,0.26326638423137816,0.4538232287289734,0.4538232287289734,False,False,False,False,False,low@0.3343:W=0.450421;low@0.4107:W=0.453823;low@0.4211:W=0.170986;high@0.6967:W=0.00346734,low@0.3343:W=0.450421;low@0.3463:W=0.228342;low@0.3828:W=0.263266;low@0.4107:W=0.453823;low@0.4211:W=0.170986;high@0.6967:W=0.00346734
nstxuG142301B37/N9/egn09w.4348E+02,nstxuG142301B37,candidate,9,6.59387315923893,-0.0006018249400882502,,,below_upper2,0.9948725217456735,0.9989821902455014,0.25,lower_max,0.365,0.11499999999999999,-0.08051434632741054,0.05863596619096792,0.08547701989746949,6,2,4,0.844837593534128,0.08015354438150682,0.844837593534128,0.002789696573932745,False,False,False,False,False,low@0.3303:W=0.844838;low@0.4146:W=0.00100245;low@0.4158:W=0.0027897;high@0.6893:W=1.2373e-05,low@0.3303:W=0.844838;low@0.3504:W=0.0801535;low@0.3809:W=0.0407079;low@0.4146:W=0.00100245;low@0.4158:W=0.0027897;high@0.6893:W=1.2373e-05
nstxuG142301B37/N9/egn09w.4510E+02,nstxuG142301B37,candidate,9,6.715917395547372,-0.0035106225391379003,,,below_upper2,0.6152176992315483,0.6582804765249778,0.015,lower_max,0.14,0.125,-0.344331652240544,0.025380176290301135,0.008058974160762154,4,0,4,0.045888243893755634,0.0,0.045888243893755634,0.015926179536874866,False,False,False,False,False,low@0.3274:W=0.0458882;low@0.3535:W=0.0113051;low@0.3789:W=0.0168058;high@0.6828:W=0.0159262,low@0.3274:W=0.0458882;low@0.3535:W=0.0113051;low@0.3789:W=0.0168058;high@0.6828:W=0.0159262
nstxuG142301B37/N9/egn09w.4533E+02,nstxuG142301B37,candidate,9,6.73277911088141,-0.00020730072232252606,,,below_upper2,0.992850283212109,0.9998939607781322,0.245,lower_max,0.3,0.05499999999999999,-0.16554641821657853,0.337877246052305,0.12453574625423951,4,1,3,0.2940843616209423,0.2940843616209423,0.10052380071903219,6.086625126903891e-06,False,False,False,False,False,low@0.3540:W=0.100524;low@0.3786:W=0.0371684;high@0.6824:W=6.08663e-06,low@0.3270:W=0.294084;low@0.3540:W=0.100524;low@0.3786:W=0.0371684;high@0.6824:W=6.08663e-06
nstxuG142301B37/N9/egn09w.4707E+02,nstxuG142301B37,candidate,9,6.86083543828186,-0.00011889965634111689,,,below_upper2,0.995404223994302,0.9999926418438719,0.245,lower_max,0.3,0.05499999999999999,-0.14379169241470993,0.32295290036812924,0.12221130771627248,4,1,3,0.4871994327170736,0.4871994327170736,0.011113106370152852,2.481439711033021e-06,False,False,False,False,False,low@0.3571:W=0.00727743;low@0.3764:W=0.0111131;high@0.6737:W=2.48144e-06,low@0.3242:W=0.487199;low@0.3571:W=0.00727743;low@0.3764:W=0.0111131;high@0.6737:W=2.48144e-06
nstxuG142301B37/N9/egn09w.4834E+02,nstxuG142301B37,candidate,9,6.952370412927712,-3.207835896822263e-05,,,below_upper2,0.9962101154782539,0.999587212851712,0.41500000000000004,lower_max,0.365,0.050000000000000044,-0.024797892409848882,0.10887316761261452,0.08106941859507572,6,2,4,0.07248525425084221,0.07248525425084221,0.0010134659849322305,1.9146150050954906e-05,False,False,False,False,False,low@0.2489:W=0.000741425;low@0.2626:W=0.000650285;low@0.3224:W=0.00101347;high@0.6703:W=1.91462e-05,low@0.2489:W=0.000741425;low@0.2626:W=0.000650285;low@0.3224:W=0.00101347;low@0.3593:W=0.0724853;low@0.3747:W=0.00634268;high@0.6703:W=1.91462e-05
nstxuG142301B37/N9/egn09w.6263E+02,nstxuG142301B37,candidate,9,7.913984281254757,-1.144272818719229e-06,,,below_upper2,0.9993743717739078,0.9999112387900487,0.3,lower_max,0.3,0.0,0.008417720020157516,0.9954310281900491,0.10594810921277599,2,0,2,1.1827889368459873e-05,0.0,1.1827889368459873e-05,4.175325078372148e-06,True,True,True,True,True,low@0.2111:W=1.18279e-05;high@0.6088:W=4.17533e-06,low@0.2111:W=1.18279e-05;high@0.6088:W=4.17533e-06
nstxuG142301B37/N9/egn09w.7085E+02,nstxuG142301B37,candidate,9,8.417225885756075,-9.35688031702074e-05,,,below_upper2,0.9986275627327439,0.9999851463417775,0.14,lower_max,0.14,0.0,-0.0726123370343927,0.8170051989480235,0.006430076309122089,2,0,2,0.18419014033155684,0.0,0.18419014033155684,3.814883962155747e-06,False,False,False,False,False,low@0.1940:W=0.18419;high@0.5763:W=3.81488e-06,low@0.1940:W=0.18419;high@0.5763:W=3.81488e-06
nstxuG142301B37/N9/egn09w.7199E+02,nstxuG142301B37,candidate,9,8.484904600850049,-4.532697273707252e-06,,,below_upper2,0.999312493809848,0.9999915762683655,0.12,lower_max,0.14,0.020000000000000018,-0.06405678712789642,0.6832983988234865,0.006378787659098376,2,0,2,0.24400192251050304,0.0,0.24400192251050304,1.3920290618775742e-06,False,False,False,False,False,low@0.1914:W=0.244002;high@0.5747:W=1.39203e-06,low@0.1914:W=0.244002;high@0.5747:W=1.39203e-06
nstxuG142301B37/N9/egn09w.7302E+02,nstxuG142301B37,candidate,9,8.54492890742192,-5.18759778139375e-05,,,below_upper2,0.9993635401767242,0.9999907947865101,0.105,lower_max,0.14,0.03500000000000002,-0.05658226375942591,0.45838893714367956,0.006333979526677985,4,0,4,0.1371954042691511,0.0,0.1371954042691511,3.3941272010517704e-06,False,False,False,False,False,low@0.1889:W=0.137195;high@0.5596:W=1.67572e-06;high@0.5614:W=1.85267e-06;high@0.5735:W=3.39413e-06,low@0.1889:W=0.137195;high@0.5596:W=1.67572e-06;high@0.5614:W=1.85267e-06;high@0.5735:W=3.39413e-06
nstxuG142301B37/N9/egn09w.7403E+02,nstxuG142301B37,candidate,9,8.604295563156692,-1.509302564419924e-05,,,below_upper2,0.9994781249933369,0.9999634808667457,0.1,lower_max,0.14,0.04000000000000001,-0.04929221252308048,0.3715570417751659,0.0062902772643334045,4,0,4,0.307367903674573,0.0,0.307367903674573,7.46224553864232e-05,False,False,False,False,False,low@0.1863:W=0.307368;high@0.5585:W=6.99004e-06;high@0.5650:W=6.4134e-05;high@0.5724:W=7.46225e-05,low@0.1863:W=0.307368;high@0.5585:W=6.99004e-06;high@0.5650:W=6.4134e-05;high@0.5724:W=7.46225e-05
nstxuG142301B37/N9/egn09w.7580E+02,nstxuG142301B37,candidate,9,8.70636322989051,-2.5721019137216233e-06,,,below_upper2,0.9997117101265003,0.999987713552017,0.09,lower_max,0.14,0.05000000000000002,-0.036991001899739244,0.39220263282680967,0.006216534197736426,4,0,4,0.2671950572452955,0.0,0.2671950572452955,6.974770226195442e-06,False,False,False,False,False,low@0.1814:W=0.267195;high@0.5568:W=6.97477e-06;high@0.5694:W=2.72558e-06;high@0.5703:W=3.1179e-06,low@0.1814:W=0.267195;high@0.5568:W=6.97477e-06;high@0.5694:W=2.72558e-06;high@0.5703:W=3.1179e-06
nstxuG142301B37/N9/egn09w.7653E+02,nstxuG142301B37,candidate,9,8.747930911379168,-1.0144118432962174e-05,,,below_upper2,0.9997925376900564,0.9999818272099192,0.085,lower_max,0.14,0.05500000000000001,-0.03206351537632579,0.3356122119594266,0.0061869949939964055,2,0,2,0.11928101149495879,0.0,0.11928101149495879,2.845595070627884e-06,False,False,False,False,False,low@0.1792:W=0.119281;high@0.5560:W=2.8456e-06,low@0.1792:W=0.119281;high@0.5560:W=2.8456e-06
nstxuG142301B37/N9/egn09w.7715E+02,nstxuG142301B37,candidate,9,8.78376825194901,-2.0571728723371223e-06,,,below_upper2,0.99984334077747,0.9999859359285491,0.08,lower_max,0.14,0.06000000000000001,-0.027852747215173265,0.3379518497447751,0.006161752360044337,4,0,4,0.17243585067951123,0.0,0.17243585067951123,7.156471761723684e-06,False,False,False,False,False,low@0.1771:W=0.172436;high@0.5397:W=2.16036e-06;high@0.5405:W=2.15652e-06;high@0.5554:W=7.15647e-06,low@0.1771:W=0.172436;high@0.5397:W=2.16036e-06;high@0.5405:W=2.15652e-06;high@0.5554:W=7.15647e-06
nstxuG142301B37/N9/egn09w.7770E+02,nstxuG142301B37,candidate,9,8.8144932889412,-2.024845715911053e-06,,,below_upper2,0.9998675203740613,0.999985112140364,0.075,lower_max,0.14,0.06500000000000002,-0.024269919178951025,0.3293195915377035,0.0061402740897691065,4,0,4,0.1235968336570391,0.0,0.1235968336570391,1.13754371957171e-05,False,False,False,False,False,low@0.1753:W=0.123597;high@0.5390:W=4.24068e-06;high@0.5416:W=4.33592e-06;high@0.5548:W=1.13754e-05,low@0.1753:W=0.123597;high@0.5390:W=4.24068e-06;high@0.5416:W=4.33592e-06;high@0.5548:W=1.13754e-05
nstxuG142301B37/N9/egn09w.7816E+02,nstxuG142301B37,candidate,9,8.840601192271341,-2.374198369736227e-06,,,below_upper2,0.9998832278089655,0.9999806589213222,0.075,lower_max,0.14,0.06500000000000002,-0.021245063804039024,0.28708772421351536,0.006122140743532833,4,0,4,0.09672699218494613,0.0,0.09672699218494613,2.0479606494428553e-05,False,False,False,False,False,low@0.1735:W=0.096727;high@0.5384:W=7.46914e-06;high@0.5425:W=8.44501e-06;high@0.5542:W=2.04796e-05,low@0.1735:W=0.096727;high@0.5384:W=7.46914e-06;high@0.5425:W=8.44501e-06;high@0.5542:W=2.04796e-05
nstxuG142301B37/N9/egn09w.7855E+02,nstxuG142301B37,candidate,9,8.862654729181557,-3.1822587143382583e-06,,,below_upper2,0.9998761517465838,0.9999630775829766,0.07,lower_max,0.14,0.07,-0.01870383136328731,0.28389874019195493,0.006106906610986467,4,0,4,0.1041455700642779,0.0,0.1041455700642779,5.067373501176138e-05,False,False,False,False,False,low@0.1719:W=0.104146;high@0.5378:W=1.61036e-05;high@0.5432:W=2.2401e-05;high@0.5537:W=5.06737e-05,low@0.1719:W=0.104146;high@0.5378:W=1.61036e-05;high@0.5432:W=2.2401e-05;high@0.5537:W=5.06737e-05
nstxuG142301B37/N9/egn09w.7888E+02,nstxuG142301B37,candidate,9,8.881170251317938,-5.492940902761994e-06,,,below_upper2,0.9997888643138512,0.9998650348850109,0.07,lower_max,0.14,0.07,-0.01658003091736926,0.26475002813233,0.006094174891929088,4,0,4,0.07467695461972625,0.0,0.07467695461972625,0.00020269543964485104,False,False,False,False,False,low@0.1706:W=0.074677;high@0.5374:W=4.94268e-05;high@0.5439:W=0.000100591;high@0.5533:W=0.000202695,low@0.1706:W=0.074677;high@0.5374:W=4.94268e-05;high@0.5439:W=0.000100591;high@0.5533:W=0.000202695
nstxuG142301B37/N9/egn09w.7938E+02,nstxuG142301B37,candidate,9,8.909782886553764,-0.00010644049575068388,,,below_upper2,0.9998059129322318,0.999882951753197,0.065,lower_max,0.14,0.07500000000000001,-0.013315413363493756,0.23151599593803132,0.006074604223881806,4,1,3,0.05116975976847762,0.05116975976847762,0.00013331464407141918,0.00013331464407141918,False,False,False,False,False,high@0.5367:W=9.63913e-06;high@0.5449:W=0.000133315;high@0.5527:W=0.00011922,low@0.1680:W=0.0511698;high@0.5367:W=9.63913e-06;high@0.5449:W=0.000133315;high@0.5527:W=0.00011922
nstxuG142301B37/N9/egn09w.7976E+02,nstxuG142301B37,candidate,9,8.930813886630467,-8.327246414450045e-07,,,below_upper2,0.9998384106081948,0.99989890731645,0.06,lower_max,0.14,0.08000000000000002,-0.010929176587461996,0.21485669526516474,0.006060299256437612,4,1,3,0.04049882759683994,0.04049882759683994,3.752104546760217e-05,3.752104546760217e-05,False,False,False,False,False,high@0.5362:W=3.51357e-05;high@0.5458:W=2.09116e-05;high@0.5522:W=3.7521e-05,low@0.1661:W=0.0404988;high@0.5362:W=3.51357e-05;high@0.5458:W=2.09116e-05;high@0.5522:W=3.7521e-05
nstxuG142301B37/N9/egn09w.7992E+02,nstxuG142301B37,candidate,9,8.939867877349961,-3.585477349050143e-07,,,below_upper2,0.9998612632206593,0.9999380754523303,0.06,lower_max,0.14,0.08000000000000002,-0.00990534228605378,0.21266959196808335,0.0060541615937810805,4,1,3,0.029228414861504196,0.029228414861504196,1.5821698315074314e-05,1.5821698315074314e-05,False,False,False,False,False,high@0.5360:W=1.00673e-05;high@0.5462:W=9.36882e-06;high@0.5520:W=1.58217e-05,low@0.1652:W=0.0292284;high@0.5360:W=1.00673e-05;high@0.5462:W=9.36882e-06;high@0.5520:W=1.58217e-05
nstxuG142301B37/N9/egn09w.8008E+02,nstxuG142301B37,candidate,9,8.9485451166068,-1.0682895641065318e-06,,,below_upper2,0.9998519394948551,0.999944077899483,0.06,lower_max,0.14,0.08000000000000002,-0.008926055690569897,0.20933628518099748,0.006048290984876029,4,1,3,0.03211351846871473,0.03211351846871473,1.1919965798869148e-05,1.1919965798869148e-05,False,False,False,False,False,high@0.5358:W=6.55458e-06;high@0.5465:W=7.61263e-06;high@0.5518:W=1.192e-05,low@0.1642:W=0.0321135;high@0.5358:W=6.55458e-06;high@0.5465:W=7.61263e-06;high@0.5518:W=1.192e-05
nstxuG142301B37/N9/egn09w.8023E+02,nstxuG142301B37,candidate,9,8.957110662176374,-6.222511900361403e-07,,,below_upper2,0.9998291628201977,0.9999418882299372,0.055,lower_max,0.14,0.08500000000000002,-0.007961235400602791,0.22311031247900293,0.0060425070983078115,4,1,3,0.03479910463347104,0.03479910463347104,6.830477742513475e-06,6.830477742513475e-06,False,False,False,False,False,high@0.5356:W=3.67182e-06;high@0.5469:W=4.6529e-06;high@0.5516:W=6.83048e-06,low@0.1631:W=0.0347991;high@0.5356:W=3.67182e-06;high@0.5469:W=4.6529e-06;high@0.5516:W=6.83048e-06
nstxuG142301B37/N9/egn09w.8038E+02,nstxuG142301B37,candidate,9,8.965759748166471,-6.897927344778587e-07,,,below_upper2,0.9996904596406827,0.9998949482568298,0.055,lower_max,0.14,0.08500000000000002,-0.006988875707220753,0.2125780587778778,0.006036678014665489,4,1,3,0.03407191296565236,0.03407191296565236,4.722018462536181e-06,4.722018462536181e-06,False,False,False,False,False,high@0.5354:W=2.66354e-06;high@0.5472:W=3.40226e-06;high@0.5515:W=4.72202e-06,low@0.1620:W=0.0340719;high@0.5354:W=2.66354e-06;high@0.5472:W=3.40226e-06;high@0.5515:W=4.72202e-06
nstxuG142301B37/N9/egn09w.8089E+02,nstxuG142301B37,candidate,9,8.993931845021661,-1.7370079875984346e-06,,,below_upper2,0.9997676508807153,0.9999407222204965,0.05,lower_max,0.14,0.09000000000000001,-0.0038346392033911467,0.19113300726421692,0.006017769056865582,5,2,3,0.0472772068277025,0.0472772068277025,5.12626906608151e-06,5.12626906608151e-06,False,False,False,False,False,high@0.5348:W=5.12627e-06;high@0.5484:W=3.43426e-06;high@0.5508:W=3.76405e-06,low@0.1137:W=0.0472772;low@0.1575:W=0.0394838;high@0.5348:W=5.12627e-06;high@0.5484:W=3.43426e-06;high@0.5508:W=3.76405e-06
nstxuG142301B37/N9/egn09w.8109E+02,nstxuG142301B37,candidate,9,9.005034456303349,-1.1296924732362003e-06,,,below_upper2,0.999842340696436,0.9999645949823774,0.05,lower_max,0.14,0.09000000000000001,-0.0025969775548710773,0.14507838961908454,0.006010349546041325,5,2,3,0.05761164591322061,0.05761164591322061,8.974674119989349e-06,8.974674119989349e-06,False,False,False,False,False,high@0.5347:W=8.97467e-06;high@0.5489:W=5.31191e-06;high@0.5506:W=5.62364e-06,low@0.1213:W=0.00994599;low@0.1553:W=0.0576116;high@0.5347:W=8.97467e-06;high@0.5489:W=5.31191e-06;high@0.5506:W=5.62364e-06
nstxuG142301B37/N9/egn09w.8131E+02,nstxuG142301B37,candidate,9,9.017434456519858,-6.150190331076285e-07,,,below_upper2,0.9999323106881697,0.9999923087983934,0.045,lower_max,0.14,0.09500000000000001,-0.0012182924312145545,0.16566859693498387,0.006002084630334805,5,2,3,0.06382205146912545,0.06382205146912545,2.4400281580064974e-06,2.4400281580064974e-06,False,False,False,False,False,high@0.5345:W=2.44003e-06;high@0.5494:W=1.36001e-06;high@0.5503:W=1.40582e-06,low@0.1294:W=0.0564377;low@0.1514:W=0.0638221;high@0.5345:W=2.44003e-06;high@0.5494:W=1.36001e-06;high@0.5503:W=1.40582e-06
nstxuG142301B37/N9/egn09w.8156E+02,nstxuG142301B37,candidate,9,9.030978528974005,-1.5960263513404876e-07,,,below_upper2,0.9997934632428098,0.9999630678663987,0.045,lower_max,0.14,0.09500000000000001,0.00028326944844218204,0.14963115602823676,0.005993083095357353,1,0,1,1.5597772382118325e-07,0.0,1.5597772382118325e-07,1.5597772382118325e-07,False,False,False,False,False,high@0.5343:W=1.55978e-07,high@0.5343:W=1.55978e-07
nstxuG142301B37/N9/egn09w.8177E+02,nstxuG142301B37,candidate,9,9.04282005639659,-2.1277996650967203e-06,,,below_upper2,0.9743093387402434,0.955607848508269,0.015,lower_max,0.14,0.125,0.0015923934834016775,0.07666442716271313,0.005985235183159952,1,0,1,0.010567940056817467,0.0,0.010567940056817467,0.010567940056817467,False,False,False,False,False,high@0.5341:W=0.0105679,high@0.5341:W=0.0105679
nstxuG142301B37/N9/egn09w.8187E+02,nstxuG142301B37,candidate,9,9.048024964409578,-4.7090253365250145e-07,,,below_upper2,0.9999229511406499,0.999987779365759,0.04,lower_max,0.14,0.1,0.0021667309517251696,0.1256850595649344,0.005981792155683017,1,0,1,8.448772012202502e-06,0.0,8.448772012202502e-06,8.448772012202502e-06,False,False,False,False,False,high@0.5340:W=8.44877e-06,high@0.5340:W=8.44877e-06
nstxuG142301B37/N9/egn09w.8202E+02,nstxuG142301B37,candidate,9,9.0567007306745,-3.36594033488167e-06,,,below_upper2,0.9997627623287699,0.9999245831428691,0.04,lower_max,0.14,0.1,0.0031225942921472706,0.14303686834721005,0.005976061964067843,1,0,1,6.078213644890364e-05,0.0,6.078213644890364e-05,6.078213644890364e-05,False,False,False,False,False,high@0.5339:W=6.07821e-05,high@0.5339:W=6.07821e-05
nstxuG142301B37/N9/egn09w.8226E+02,nstxuG142301B37,candidate,9,9.069902829442348,-2.0770911302755794e-05,,,below_upper2,0.9982278205751861,0.9992685176039448,0.03,lower_max,0.14,0.11000000000000001,0.0045736433515561085,0.013599413179568275,0.0059673632423972766,3,0,3,0.0008194905279381056,0.0,0.0008194905279381056,0.0008194905279381056,False,False,False,False,False,high@0.5149:W=0.000237599;high@0.5153:W=0.000239893;high@0.5337:W=0.000819491,high@0.5149:W=0.000237599;high@0.5153:W=0.000239893;high@0.5337:W=0.000819491
nstxuG142301B37/N9/egn09w.8350E+02,nstxuG142301B37,candidate,9,9.137809817269067,-0.00012565548223319098,,,below_upper2,0.9928919877892773,0.9952959815743013,0.03,lower_max,0.14,0.11000000000000001,0.011971083967531078,0.002659697873861562,0.0059230172042149904,3,0,3,0.0035830593862931108,0.0,0.0035830593862931108,0.0035830593862931108,False,False,False,False,False,high@0.5136:W=0.000416771;high@0.5195:W=0.00100331;high@0.5326:W=0.00358306,high@0.5136:W=0.000416771;high@0.5195:W=0.00100331;high@0.5326:W=0.00358306
nstxuG142301B37/N9/egn09w.8683E+02,nstxuG142301B37,candidate,9,9.318270245160424,-5.5011359374642596e-06,,,below_upper2,0.9982624118673461,0.9997830356871943,0.02,lower_max,0.14,0.12000000000000001,0.031105549513736383,0.00196582262041838,0.005808310269241127,3,0,3,3.507373791551833e-05,0.0,3.507373791551833e-05,3.507373791551833e-05,False,False,False,False,False,high@0.5101:W=3.50737e-05;high@0.5242:W=2.57533e-05;high@0.5284:W=1.66091e-05,high@0.5101:W=3.50737e-05;high@0.5242:W=2.57533e-05;high@0.5284:W=1.66091e-05
nstxuG142301B37/N9/egn09w.8891E+02,nstxuG142301B37,candidate,9,9.429293443070181,-8.947060322843848e-05,,,below_upper2,0.9303660184145682,0.972790844891747,0.02,lower_max,0.14,0.12000000000000001,0.0425135898912535,0.008274432113328517,0.005739921562872343,3,0,3,0.024551120460706535,0.0,0.024551120460706535,0.024551120460706535,False,False,False,False,False,high@0.4863:W=0.00474396;high@0.4916:W=0.00781712;high@0.5084:W=0.0245511,high@0.4863:W=0.00474396;high@0.4916:W=0.00781712;high@0.5084:W=0.0245511
nstxuG142301B37/N9/egn09w.9511E+02,nstxuG142301B37,candidate,9,9.752465739156484,-2.9123951069124885e-05,,,below_upper2,0.6794026619090189,0.9703632912363063,0.015,lower_max,0.14,0.125,0.07424229213974141,0.014617663226032666,0.00554971493406247,3,0,3,9.692982909497862e-05,0.0,9.692982909497862e-05,9.692982909497862e-05,False,False,False,False,False,high@0.4538:W=9.69298e-05;high@0.4602:W=9.45792e-05;high@0.4805:W=8.85104e-05,high@0.4538:W=9.69298e-05;high@0.4602:W=9.45792e-05;high@0.4805:W=8.85104e-05
nstxuG142301B37/N10/egn10w.2074E+02,nstxuG142301B37,candidate,10,4.553755927911251,-0.027468432616548667,,,below_upper2,0.9672982710951846,0.9999496455922039,0.635,lower_max,0.355,0.28,-0.599895039851938,0.00025148265124061566,0.13099374374626804,4,0,4,0.38571733114752205,0.0,0.38571733114752205,0.38571733114752205,False,False,False,False,False,low@0.5845:W=0.00740683;low@0.5866:W=0.00575237;low@0.5970:W=0.385717;high@0.7834:W=4.81519e-05,low@0.5845:W=0.00740683;low@0.5866:W=0.00575237;low@0.5970:W=0.385717;high@0.7834:W=4.81519e-05
nstxuG142301B37/N10/egn10w.2082E+02,nstxuG142301B37,candidate,10,4.563221486753746,-0.022395082648420703,,,below_upper2,0.9379753607699443,0.9999378900979201,0.635,lower_max,0.355,0.28,-0.5965763535498387,0.04567772447308534,0.13072202145686607,4,0,4,0.16034483360842883,0.0,0.16034483360842883,0.16034483360842883,False,False,False,False,False,low@0.5844:W=0.132496;low@0.5872:W=0.160345;low@0.5968:W=0.0705815;high@0.7831:W=8.1339e-05,low@0.5844:W=0.132496;low@0.5872:W=0.160345;low@0.5968:W=0.0705815;high@0.7831:W=8.1339e-05
nstxuG142301B37/N10/egn10w.2704E+02,nstxuG142301B37,candidate,10,5.2000314317749465,-0.02840491466928706,,,below_upper2,0.9046613317973694,0.9998220105761318,0.5650000000000001,lower_max,0.355,0.21000000000000008,-0.4010552854052214,0.1350436679004766,0.11471344835703141,4,0,4,0.43716694206879747,0.0,0.43716694206879747,0.43716694206879747,False,False,False,False,False,low@0.5082:W=0.126903;low@0.5139:W=0.0256398;low@0.5271:W=0.437167;high@0.7562:W=0.00150939,low@0.5082:W=0.126903;low@0.5139:W=0.0256398;low@0.5271:W=0.437167;high@0.7562:W=0.00150939
nstxuG142301B37/N10/egn10w.3971E+02,nstxuG142301B37,candidate,10,6.3019086172678485,-0.0009479781599039113,,,below_upper2,0.9855691303465972,0.9949183804618738,0.255,lower_max,0.355,0.09999999999999998,-0.15608333351557938,0.21883040321046276,0.09465601190555982,6,1,5,0.3995430253410278,0.1275756471151929,0.3995430253410278,0.3995430253410278,False,False,False,False,False,low@0.3881:W=0.254686;low@0.4112:W=0.399543;low@0.4362:W=0.233622;low@0.4410:W=0.0424642;high@0.7055:W=0.000874003,low@0.3736:W=0.127576;low@0.3881:W=0.254686;low@0.4112:W=0.399543;low@0.4362:W=0.233622;low@0.4410:W=0.0424642;high@0.7055:W=0.000874003
nstxuG142301B37/N10/egn10w.4030E+02,nstxuG142301B37,candidate,10,6.348591618836667,-0.002981976026310389,,,below_upper2,0.9683398806809718,0.9688674110272867,0.25,lower_max,0.355,0.10499999999999998,-0.14758232363615,0.23275339405962966,0.09395997930217509,6,1,5,0.5350405104982634,0.3242014032062744,0.5350405104982634,0.24869707182710907,False,False,False,False,False,low@0.3892:W=0.535041;low@0.4105:W=0.19752;low@0.4400:W=0.248697;low@0.4400:W=0.246118;high@0.7036:W=0.00900536,low@0.3726:W=0.324201;low@0.3892:W=0.535041;low@0.4105:W=0.19752;low@0.4400:W=0.248697;low@0.4400:W=0.246118;high@0.7036:W=0.00900536
nstxuG142301B37/N10/egn10w.4074E+02,nstxuG142301B37,candidate,10,6.382665186649573,-0.019627192033093946,,,below_upper2,0.8879114462044198,0.864069666985938,0.25,lower_max,0.355,0.10499999999999998,-0.1414560075938958,0.21408482790586114,0.09345837822600575,4,1,3,0.48009189714333744,0.48009189714333744,0.28429969822405765,0.28429969822405765,False,False,False,False,False,low@0.3901:W=0.0168229;low@0.4099:W=0.2843;high@0.7022:W=0.0643744,low@0.3719:W=0.480092;low@0.3901:W=0.0168229;low@0.4099:W=0.2843;high@0.7022:W=0.0643744
nstxuG142301B37/N10/egn10w.4180E+02,nstxuG142301B37,candidate,10,6.465179856404454,-0.0005053620729803178,,,below_upper2,0.9919221993557287,0.9978130760511305,0.325,lower_max,0.355,0.02999999999999997,-0.1268876788546678,0.21224274447459454,0.09226557502695688,4,1,3,0.5183473123459157,0.5183473123459157,0.2675182388117577,0.2675182388117577,False,False,False,False,False,low@0.3917:W=0.225109;low@0.4086:W=0.267518;high@0.6982:W=0.000542047,low@0.3703:W=0.518347;low@0.3917:W=0.225109;low@0.4086:W=0.267518;high@0.6982:W=0.000542047
nstxuG142301B37/N10/egn10w.4222E+02,nstxuG142301B37,candidate,10,6.49763763371573,-0.002117294393781713,,,below_upper2,0.9864442973920355,0.9938560669998548,0.325,lower_max,0.355,0.02999999999999997,-0.12125851462653452,0.19432788747091506,0.09180467898188008,4,1,3,0.3870202404214646,0.12691982984468697,0.3870202404214646,0.3870202404214646,False,False,False,False,False,low@0.3924:W=0.364185;low@0.4081:W=0.38702;high@0.6962:W=0.000587245,low@0.3697:W=0.12692;low@0.3924:W=0.364185;low@0.4081:W=0.38702;high@0.6962:W=0.000587245
nstxuG142301B37/N10/egn10w.4318E+02,nstxuG142301B37,candidate,10,6.571166739558429,-0.00038453007039607965,,,below_upper2,0.9956215811447277,0.9993085952167103,0.24,lower_max,0.355,0.11499999999999999,-0.1087120157677121,0.13414400153325962,0.09077741605807133,6,2,4,0.8027695231082632,0.2145916457966382,0.8027695231082632,0.009565148091789911,False,False,False,False,False,low@0.3206:W=0.80277;low@0.3938:W=0.0708985;low@0.4069:W=0.00956515;high@0.6889:W=4.42262e-05,low@0.3206:W=0.80277;low@0.3318:W=0.201014;low@0.3686:W=0.214592;low@0.3938:W=0.0708985;low@0.4069:W=0.00956515;high@0.6889:W=4.42262e-05
nstxuG142301B37/N10/egn10w.4491E+02,nstxuG142301B37,candidate,10,6.70127623719817,-0.0002701344325687375,,,below_upper2,0.9940707752063386,0.999649311905427,0.23500000000000001,lower_max,0.355,0.11999999999999997,-0.08718567387511242,0.06332484880832977,0.08901491536681679,6,2,4,0.4841834792645002,0.09878876793126574,0.4841834792645002,0.008990473103559955,False,False,False,False,False,low@0.3165:W=0.484183;low@0.3974:W=0.00572541;low@0.4041:W=0.00899047;high@0.6835:W=3.54785e-05,low@0.3165:W=0.484183;low@0.3362:W=0.0987888;low@0.3666:W=0.0350705;low@0.3974:W=0.00572541;low@0.4041:W=0.00899047;high@0.6835:W=3.54785e-05
nstxuG142301B37/N10/egn10w.4679E+02,nstxuG142301B37,candidate,10,6.840029931019078,-0.0002283585237981293,,,below_upper2,0.9929756790758845,0.9999380279069252,0.23500000000000001,lower_max,0.28500000000000003,0.05000000000000002,-0.1647695017066449,0.34404987950679333,0.13029370643600427,4,1,3,0.26503757427164265,0.26503757427164265,0.11122998228229472,1.5291002694454563e-05,False,False,False,False,False,low@0.3397:W=0.11123;low@0.3644:W=0.0721827;high@0.6768:W=1.5291e-05,low@0.3132:W=0.265038;low@0.3397:W=0.11123;low@0.3644:W=0.0721827;high@0.6768:W=1.5291e-05
nstxuG142301B37/N10/egn10w.4825E+02,nstxuG142301B37,candidate,10,6.946046626214989,-8.303831190873224e-05,,,below_upper2,0.996825849046359,0.999841066713953,0.25,lower_max,0.28500000000000003,0.03500000000000003,-0.1469917613773642,0.27902584879001596,0.1283050488722847,4,1,3,0.40692193933374954,0.40692193933374954,0.001474051999823751,4.917042609744168e-05,False,False,False,False,False,low@0.3420:W=0.00147405;low@0.3627:W=0.000653585;high@0.6691:W=4.91704e-05,low@0.3110:W=0.406922;low@0.3420:W=0.00147405;low@0.3627:W=0.000653585;high@0.6691:W=4.91704e-05
nstxuG142301B37/N10/egn10w.7190E+02,nstxuG142301B37,candidate,10,8.479572250957624,-0.00024424383057050945,,,below_upper2,0.9966155646513705,0.9998539486590006,0.13,lower_max,0.28500000000000003,0.15500000000000003,0.060441020063024466,1.7029606565509167e-05,0.10510115669396354,2,0,2,0.18370824660347918,0.0,0.18370824660347918,9.971583180431476e-05,False,False,False,False,False,low@0.1794:W=0.183708;high@0.5743:W=9.97158e-05,low@0.1794:W=0.183708;high@0.5743:W=9.97158e-05
nstxuG142301B37/N10/egn10w.7301E+02,nstxuG142301B37,candidate,10,8.544543936660771,-0.0024644004933126015,,,below_upper2,0.9955249031197004,0.9992134579033488,0.115,lower_max,0.28500000000000003,0.17000000000000004,0.06758531368437501,1.183368135235557e-05,0.10430198012346702,2,0,2,0.2949178196723917,0.0,0.2949178196723917,0.00029565283050436025,False,False,False,False,False,low@0.1766:W=0.294918;high@0.5732:W=0.000295653,low@0.1766:W=0.294918;high@0.5732:W=0.000295653
nstxuG142301B37/N10/egn10w.7410E+02,nstxuG142301B37,candidate,10,8.607855051377568,-0.00010026295247187102,,,below_upper2,0.9956322293799951,0.9984131456742228,0.105,lower_max,0.28500000000000003,0.18000000000000005,0.07444326061965795,5.917964146410272e-06,0.10353483492999294,4,0,4,0.1879185943069488,0.0,0.1879185943069488,0.0022130632312625134,False,False,False,False,False,low@0.1739:W=0.187919;high@0.5591:W=0.000333972;high@0.5662:W=0.00221306;high@0.5720:W=0.00221012,low@0.1739:W=0.187919;high@0.5591:W=0.000333972;high@0.5662:W=0.00221306;high@0.5720:W=0.00221012
nstxuG142301B37/N10/egn10w.7517E+02,nstxuG142301B37,candidate,10,8.66993325226234,-2.6603527699435167e-05,,,below_upper2,0.9969779293363704,0.9999388868681889,0.1,lower_max,0.28500000000000003,0.18500000000000003,0.0810704047424243,6.076936528804397e-06,0.10279350785233883,4,0,4,0.33700409267353676,0.0,0.33700409267353676,5.1166981257138225e-05,False,False,False,False,False,low@0.1710:W=0.337004;high@0.5582:W=5.1167e-05;high@0.5683:W=3.73932e-05;high@0.5709:W=2.32272e-05,low@0.1710:W=0.337004;high@0.5582:W=5.1167e-05;high@0.5683:W=3.73932e-05;high@0.5709:W=2.32272e-05
nstxuG142301B37/N10/egn10w.7603E+02,nstxuG142301B37,candidate,10,8.719294102056537,-3.258354671258837e-05,,,below_upper2,0.9760304392361541,0.9906926908385136,0.09,lower_max,0.28500000000000003,0.19500000000000003,0.08627256276026816,1.5150653254301914e-05,0.10221158288897268,4,0,4,0.29282328093296783,0.0,0.29282328093296783,0.009008444553285427,False,False,False,False,False,low@0.1685:W=0.292823;high@0.5575:W=0.00900844;high@0.5700:W=0.00248466;high@0.5700:W=0.00248528,low@0.1685:W=0.292823;high@0.5575:W=0.00900844;high@0.5700:W=0.00248466;high@0.5700:W=0.00248528
nstxuG142301B37/N10/egn10w.7617E+02,nstxuG142301B37,candidate,10,8.727790186871625,-2.5517975957680675e-05,,,below_upper2,0.9968272072333957,0.9997355104078165,0.09,lower_max,0.28500000000000003,0.19500000000000003,0.08716203256172358,5.401543523967523e-06,0.10211208481916169,2,0,2,0.2740520422098151,0.0,0.2740520422098151,0.0002890386823325034,False,False,False,False,False,low@0.1681:W=0.274052;high@0.5574:W=0.000289039,low@0.1681:W=0.274052;high@0.5574:W=0.000289039
nstxuG142301B37/N10/egn10w.7710E+02,nstxuG142301B37,candidate,10,8.780420568619826,-6.154985624222205e-05,,,below_upper2,0.9947310631262849,0.9968358480511056,0.09,lower_max,0.28500000000000003,0.19500000000000003,0.09263363956791063,8.717989258705036e-06,0.10150001869281416,4,0,4,0.25911908599027733,0.0,0.25911908599027733,0.0018110237970844106,False,False,False,False,False,low@0.1654:W=0.259119;high@0.5437:W=0.000612527;high@0.5456:W=0.000768672;high@0.5566:W=0.00181102,low@0.1654:W=0.259119;high@0.5437:W=0.000612527;high@0.5456:W=0.000768672;high@0.5566:W=0.00181102
nstxuG142301B37/N10/egn10w.7793E+02,nstxuG142301B37,candidate,10,8.827906232734204,-4.681770551102431e-05,,,below_upper2,0.9973498123126151,0.9998342918764153,0.085,lower_max,0.28500000000000003,0.2,0.09751439986194227,5.816392570776351e-06,0.10095404599349186,4,0,4,0.2701899489355868,0.0,0.2701899489355868,2.7189242258516745e-05,False,False,False,False,False,low@0.1626:W=0.27019;high@0.5412:W=5.79895e-06;high@0.5467:W=1.00595e-05;high@0.5560:W=2.71892e-05,low@0.1626:W=0.27019;high@0.5412:W=5.79895e-06;high@0.5467:W=1.00595e-05;high@0.5560:W=2.71892e-05
nstxuG142301B37/N10/egn10w.7869E+02,nstxuG142301B37,candidate,10,8.870607929161041,-2.7710658716882453e-05,,,below_upper2,0.9813182313363699,0.994576125733714,0.08,lower_max,0.28500000000000003,0.20500000000000002,0.10185882207453938,5.076547973748969e-06,0.10046806926455726,4,0,4,0.1491173349154668,0.0,0.1491173349154668,1.4623097148390043e-05,False,False,False,False,False,low@0.1600:W=0.149117;high@0.5397:W=6.45906e-06;high@0.5476:W=1.07634e-05;high@0.5553:W=1.46231e-05,low@0.1600:W=0.149117;high@0.5397:W=6.45906e-06;high@0.5476:W=1.07634e-05;high@0.5553:W=1.46231e-05
nstxuG142301B37/N10/egn10w.7937E+02,nstxuG142301B37,candidate,10,8.908905998242787,-1.173288495902855e-05,,,below_upper2,0.9980599585966495,0.9999097359619127,0.075,lower_max,0.28500000000000003,0.21000000000000002,0.10571979814546598,4.979811093576293e-06,0.10003617189601811,4,0,4,0.19999821718127847,0.0,0.19999821718127847,3.582532758365378e-05,False,False,False,False,False,low@0.1573:W=0.199998;high@0.5392:W=2.36826e-05;high@0.5485:W=3.58253e-05;high@0.5540:W=1.47466e-05,low@0.1573:W=0.199998;high@0.5392:W=2.36826e-05;high@0.5485:W=3.58253e-05;high@0.5540:W=1.47466e-05
nstxuG142301B37/N10/egn10w.7998E+02,nstxuG142301B37,candidate,10,8.94316736948852,-8.002459465551423e-06,,,below_upper2,0.9982874628854548,0.9999541879343133,0.075,lower_max,0.28500000000000003,0.21000000000000002,0.10914579530369652,4.889955251205803e-06,0.09965293223586989,4,0,4,0.14205680655344732,0.0,0.14205680655344732,2.579169373580584e-05,False,False,False,False,False,low@0.1549:W=0.142057;high@0.5387:W=2.57917e-05;high@0.5493:W=4.92804e-06;high@0.5519:W=5.08069e-06,low@0.1549:W=0.142057;high@0.5387:W=2.57917e-05;high@0.5493:W=4.92804e-06;high@0.5519:W=5.08069e-06
nstxuG142301B37/N10/egn10w.8053E+02,nstxuG142301B37,candidate,10,8.973827762106167,-1.120730879037251e-05,,,below_upper2,0.9983705510168316,0.9999171606868033,0.07,lower_max,0.28500000000000003,0.21500000000000002,0.11218952874779138,4.929627877664557e-06,0.09931245344478438,2,0,2,0.1608863493388905,0.0,0.1608863493388905,8.233753914640404e-05,False,False,False,False,False,low@0.1523:W=0.160886;high@0.5383:W=8.23375e-05,low@0.1523:W=0.160886;high@0.5383:W=8.23375e-05
nstxuG142301B37/N10/egn10w.8102E+02,nstxuG142301B37,candidate,10,9.001198065360084,-1.9852619626345095e-05,,,below_upper2,0.9980125628660769,0.9992450801761441,0.065,lower_max,0.28500000000000003,0.22000000000000003,0.11488912958467222,3.0155610023771446e-06,0.09901047009235323,2,0,2,0.10127876956911458,0.0,0.10127876956911458,0.0006773914067630146,False,False,False,False,False,low@0.1499:W=0.101279;high@0.5379:W=0.000677391,low@0.1499:W=0.101279;high@0.5379:W=0.000677391
nstxuG142301B37/N10/egn10w.8146E+02,nstxuG142301B37,candidate,10,9.025615730198716,-2.3461576340908705e-05,,,below_upper2,0.9985683863202972,0.9999188250022581,0.065,lower_max,0.28500000000000003,0.22000000000000003,0.11728368539392507,3.92990275790459e-06,0.098742609755009,2,0,2,0.11463200806061082,0.0,0.11463200806061082,1.808432961881428e-05,False,False,False,False,False,low@0.1474:W=0.114632;high@0.5376:W=1.80843e-05,low@0.1474:W=0.114632;high@0.5376:W=1.80843e-05
nstxuG142301B37/N10/egn10w.8185E+02,nstxuG142301B37,candidate,10,9.047354631181893,-2.1317406810863986e-05,,,below_upper2,0.9986658246777985,0.9999161248438605,0.06,lower_max,0.28500000000000003,0.22500000000000003,0.11940466808353029,3.0282199176607694e-06,0.09850535191514423,4,0,4,0.09753003637137891,0.0,0.09753003637137891,6.621569165751687e-05,False,False,False,False,False,low@0.1451:W=0.09753;high@0.5199:W=6.93154e-06;high@0.5252:W=1.59502e-05;high@0.5373:W=6.62157e-05,low@0.1451:W=0.09753;high@0.5199:W=6.93154e-06;high@0.5252:W=1.59502e-05;high@0.5373:W=6.62157e-05
nstxuG142301B37/N10/egn10w.8233E+02,nstxuG142301B37,candidate,10,9.073472259762754,-0.0001751367032644232,,,below_upper2,0.9963069115573387,0.9996352379738922,0.065,lower_max,0.28500000000000003,0.22000000000000003,0.1219394266798646,1.2596735986619511e-05,0.09822180818228292,4,0,4,0.10847671844463147,0.0,0.10847671844463147,3.379196076790382e-05,False,False,False,False,False,low@0.1417:W=0.108477;high@0.5195:W=6.71008e-06;high@0.5257:W=1.2253e-05;high@0.5369:W=3.3792e-05,low@0.1417:W=0.108477;high@0.5195:W=6.71008e-06;high@0.5257:W=1.2253e-05;high@0.5369:W=3.3792e-05
nstxuG142301B37/N10/egn10w.8259E+02,nstxuG142301B37,candidate,10,9.087679403499525,-0.00028825805466775503,,,below_upper2,0.9985407595820008,0.9999345510496409,0.06,lower_max,0.28500000000000003,0.22500000000000003,0.12331213496113899,5.177375710160603e-06,0.09806825398159293,4,0,4,0.06975556232531734,0.0,0.06975556232531734,9.327155867727146e-06,False,False,False,False,False,low@0.1398:W=0.0697556;high@0.5193:W=1.71416e-06;high@0.5260:W=3.1774e-06;high@0.5367:W=9.32716e-06,low@0.1398:W=0.0697556;high@0.5193:W=1.71416e-06;high@0.5260:W=3.1774e-06;high@0.5367:W=9.32716e-06
nstxuG142301B37/N10/egn10w.8290E+02,nstxuG142301B37,candidate,10,9.104710003257713,-0.00021675014868052136,,,below_upper2,0.9987695142440746,0.9999589702748285,0.055,lower_max,0.28500000000000003,0.23000000000000004,0.1249520026930047,4.058523343611943e-06,0.0978848147307055,4,0,4,0.08174705804560567,0.0,0.08174705804560567,5.339482434449601e-06,False,False,False,False,False,low@0.1369:W=0.0817471;high@0.5191:W=1.17852e-06;high@0.5264:W=1.93146e-06;high@0.5365:W=5.33948e-06,low@0.1369:W=0.0817471;high@0.5191:W=1.17852e-06;high@0.5264:W=1.93146e-06;high@0.5365:W=5.33948e-06
nstxuG142301B37/N10/egn10w.8320E+02,nstxuG142301B37,candidate,10,9.121596111701065,-5.897786827236287e-05,,,below_upper2,0.9988433976698428,0.9999630715868129,0.055,lower_max,0.28500000000000003,0.23000000000000004,0.12657191166449588,3.6899993366623687e-06,0.09770360811113377,4,0,4,0.07453414650595018,0.0,0.07453414650595018,3.630277845614156e-06,False,False,False,False,False,low@0.1337:W=0.0745341;high@0.5188:W=9.18732e-07;high@0.5267:W=1.42036e-06;high@0.5363:W=3.63028e-06,low@0.1337:W=0.0745341;high@0.5188:W=9.18732e-07;high@0.5267:W=1.42036e-06;high@0.5363:W=3.63028e-06
nstxuG142301B37/N10/egn10w.8351E+02,nstxuG142301B37,candidate,10,9.138518510087428,-2.4929670169877432e-05,,,below_upper2,0.9988609635251954,0.9999598396529693,0.055,lower_max,0.28500000000000003,0.23000000000000004,0.128189296151526,3.599432324547669e-06,0.09752268388600727,4,0,4,0.0962200154744164,0.0,0.0962200154744164,4.5717674294773364e-06,False,False,False,False,False,low@0.1299:W=0.09622;high@0.5186:W=9.39321e-07;high@0.5271:W=2.04001e-06;high@0.5360:W=4.57177e-06,low@0.1299:W=0.09622;high@0.5186:W=9.39321e-07;high@0.5271:W=2.04001e-06;high@0.5360:W=4.57177e-06
nstxuG142301B37/N10/egn10w.8415E+02,nstxuG142301B37,candidate,10,9.173199800089847,-1.7430490008269269e-06,,,below_upper2,0.9979804515407874,0.9997948826238058,0.05,lower_max,0.28500000000000003,0.23500000000000004,0.13148536737054448,4.172626558443084e-06,0.09715397803032191,4,0,4,0.06336556517087075,0.0,0.06336556517087075,4.974243556866414e-06,False,False,False,False,False,low@0.1171:W=0.0633656;high@0.5181:W=4.97424e-06;high@0.5278:W=2.94965e-06;high@0.5355:W=4.59002e-06,low@0.1171:W=0.0633656;high@0.5181:W=4.97424e-06;high@0.5278:W=2.94965e-06;high@0.5355:W=4.59002e-06
nstxuG142301B37/N10/egn10w.8447E+02,nstxuG142301B37,candidate,10,9.190866058999756,-4.634600949358447e-06,,,below_upper2,0.9968387575230503,0.9995965216636561,0.045,lower_max,0.28500000000000003,0.24000000000000005,0.13315478614659682,4.590234058855292e-06,0.09696723313392222,4,0,4,0.027992476206354328,0.0,0.027992476206354328,2.7752558789106097e-06,False,False,False,False,False,low@0.1057:W=0.0279925;high@0.5179:W=2.07321e-06;high@0.5282:W=1.21338e-06;high@0.5353:W=2.77526e-06,low@0.1057:W=0.0279925;high@0.5179:W=2.07321e-06;high@0.5282:W=1.21338e-06;high@0.5353:W=2.77526e-06
nstxuG142301B37/N10/egn10w.8612E+02,nstxuG142301B37,candidate,10,9.280332335459704,-4.654503404459689e-06,,,below_upper2,0.9993573982161478,0.9999846565770243,0.03,lower_max,0.28500000000000003,0.255,0.14151153574857642,1.704843584174923e-06,0.09603242854142204,4,0,4,0.008590166504048126,0.0,0.008590166504048126,8.132183543319721e-07,False,False,False,False,False,low@0.0102:W=0.00859017;high@0.4992:W=3.07066e-07;high@0.5004:W=3.18959e-07;high@0.5166:W=8.13218e-07,low@0.0102:W=0.00859017;high@0.4992:W=3.07066e-07;high@0.5004:W=3.18959e-07;high@0.5166:W=8.13218e-07
nstxuG142301B37/N10/egn10w.8626E+02,nstxuG142301B37,candidate,10,9.287429827247829,-3.97472226532146e-06,,,below_upper2,0.9992538576313416,0.9999755275433185,0.025,lower_max,0.28500000000000003,0.26,0.14216759613757105,2.7995226444260424e-06,0.0959590401674968,3,0,3,6.8694575788190005e-06,0.0,6.8694575788190005e-06,6.8694575788190005e-06,False,False,False,False,False,high@0.4988:W=6.5985e-07;high@0.5005:W=7.54418e-07;high@0.5165:W=6.86946e-06,high@0.4988:W=6.5985e-07;high@0.5005:W=7.54418e-07;high@0.5165:W=6.86946e-06
nstxuG142301B37/N10/egn10w.8708E+02,nstxuG142301B37,candidate,10,9.331498855390699,-8.881901953808169e-06,,,below_upper2,0.9991610541778119,0.9999865859122349,0.03,lower_max,0.28500000000000003,0.255,0.14621880387316863,1.9652875514601827e-06,0.09550586306194947,3,0,3,2.9622257560537426e-06,0.0,2.9622257560537426e-06,2.9622257560537426e-06,False,False,False,False,False,high@0.4967:W=5.52192e-07;high@0.5015:W=5.71021e-07;high@0.5159:W=2.96223e-06,high@0.4967:W=5.52192e-07;high@0.5015:W=5.71021e-07;high@0.5159:W=2.96223e-06
nstxuG142301B37/N10/egn10w.8835E+02,nstxuG142301B37,candidate,10,9.399386046929369,-6.623360238674212e-06,,,below_upper2,0.9934365668327843,0.9995461337882854,0.03,lower_max,0.28500000000000003,0.255,0.15238524999041392,2.2246962922956503e-05,0.09481607068759854,3,0,3,7.798849773959325e-05,0.0,7.798849773959325e-05,7.798849773959325e-05,False,False,False,False,False,high@0.4946:W=8.44111e-06;high@0.5029:W=4.37443e-05;high@0.5149:W=7.79885e-05,high@0.4946:W=8.44111e-06;high@0.5029:W=4.37443e-05;high@0.5149:W=7.79885e-05
nstxuG142301B37/N10/egn10w.8857E+02,nstxuG142301B37,candidate,10,9.41092786723862,-6.149472709830518e-07,,,below_upper2,0.9986290573833878,0.9999000223676912,0.02,lower_max,0.28500000000000003,0.265,0.1534247879907144,1.6899930895240749e-06,0.0946997856553739,3,0,3,4.87102935488776e-05,0.0,4.87102935488776e-05,4.87102935488776e-05,False,False,False,False,False,high@0.4944:W=1.01572e-05;high@0.5032:W=4.87103e-05;high@0.5146:W=2.51063e-05,high@0.4944:W=1.01572e-05;high@0.5032:W=4.87103e-05;high@0.5146:W=2.51063e-05
nstxuG142301B37/N10/egn10w.9109E+02,nstxuG142301B37,candidate,10,9.544163491025344,-1.103134518346774e-05,,,below_upper2,0.9959992792626853,0.9975995514403718,0.015,upper_min,0.29,0.27499999999999997,0.1210928534930494,2.395095945184449e-05,0.09896385480815424,3,0,3,0.004278781374290613,0.0,0.004278781374290613,0.004278781374290613,False,False,False,False,False,high@0.4927:W=0.00427878;high@0.5069:W=0.00205717;high@0.5118:W=0.000634791,high@0.4927:W=0.00427878;high@0.5069:W=0.00205717;high@0.5118:W=0.000634791
nstxuG142301B37/N10/egn10w.9237E+02,nstxuG142301B37,candidate,10,9.610976412346677,-0.0006669229203760321,,,below_upper2,0.9621550094352549,0.9981033466189403,0.01,upper_min,0.29,0.27999999999999997,0.11329931770639247,0.00013351372511869546,0.09827588472465067,5,0,5,0.0001773921571697636,0.0,0.0001773921571697636,0.0001773921571697636,False,False,False,False,False,high@0.4690:W=3.17768e-05;high@0.4745:W=2.23791e-05;high@0.4918:W=1.85681e-05;high@0.5094:W=0.000171148;high@0.5103:W=0.000177392,high@0.4690:W=3.17768e-05;high@0.4745:W=2.23791e-05;high@0.4918:W=1.85681e-05;high@0.5094:W=0.000171148;high@0.5103:W=0.000177392
nstxuG142301B37/N10/egn10w.9841E+02,nstxuG142301B37,candidate,10,9.920177926765437,-4.640286192028214e-06,,,below_upper2,0.9776028890702149,0.9997473080362405,0.03,upper_min,0.29,0.26,0.07859894866286773,2.702435134492545e-05,0.09521272873974451,5,0,5,3.67182780894769e-05,0.0,3.67182780894769e-05,3.67182780894769e-05,False,False,False,False,False,high@0.4374:W=1.58913e-05;high@0.4430:W=1.73813e-05;high@0.4639:W=3.67183e-05;high@0.4819:W=1.30965e-05;high@0.4863:W=1.04879e-05,high@0.4374:W=1.58913e-05;high@0.4430:W=1.73813e-05;high@0.4639:W=3.67183e-05;high@0.4819:W=1.30965e-05;high@0.4863:W=1.04879e-05
nstxuG142301F62/N6/egn06w.1262E+03,nstxuG142301F62,candidate,6,11.232565071794832,-0.0002873044929599499,,,below_upper2,-0.09517710924946282,0.8348714078797652,0.215,upper_min,0.3,0.08499999999999999,-0.12941149946185931,0.00027801843983146513,0.06203205814437898,4,0,4,0.687929453676953,0.0,0.687929453676953,9.013913542958447e-05,False,False,False,False,False,low@0.9479:W=9.01391e-05;high@0.2131:W=0.687929;high@0.2202:W=0.368262;high@0.9452:W=8.72343e-05,low@0.9479:W=9.01391e-05;high@0.2131:W=0.687929;high@0.2202:W=0.368262;high@0.9452:W=8.72343e-05
nstxuG142301F62/N6/egn06w.3083E+02,nstxuG142301F62,candidate,6,5.552708894681853,-0.022662779680655474,,,below_upper2,0.9426318797501766,0.9664490221724269,0.355,lower_max,0.385,0.030000000000000027,-0.1571198947986435,0.3804452003368611,0.060693907524409466,6,1,5,0.5111856618828716,0.2249574464576144,0.5111856618828716,0.5111856618828716,False,False,False,False,False,low@0.4284:W=0.511186;low@0.4572:W=0.440552;low@0.9452:W=0.0272452;high@0.7251:W=0.0180401;high@0.9391:W=0.025987,low@0.4150:W=0.224957;low@0.4284:W=0.511186;low@0.4572:W=0.440552;low@0.9452:W=0.0272452;high@0.7251:W=0.0180401;high@0.9391:W=0.025987
nstxuG142301F62/N6/egn06w.3184E+02,nstxuG142301F62,candidate,6,5.642774366332764,-0.4067293352202558,,,below_upper2,0.7676123721027203,0.8346662884086463,0.34500000000000003,lower_max,0.385,0.03999999999999998,-0.13865086833827434,0.13581655035766588,0.059725159697075134,6,1,5,0.14657952351044032,0.09450977319775472,0.14657952351044032,0.14657952351044032,False,False,False,False,False,low@0.4330:W=0.061313;low@0.4548:W=0.116651;low@0.9452:W=0.140061;high@0.7201:W=0.0979866;high@0.9393:W=0.14658,low@0.4114:W=0.0945098;low@0.4330:W=0.061313;low@0.4548:W=0.116651;low@0.9452:W=0.140061;high@0.7201:W=0.0979866;high@0.9393:W=0.14658
nstxuG142301F62/N6/egn06w.3242E+02,nstxuG142301F62,candidate,6,5.693454986868694,-0.03606911850516703,,,below_upper2,0.20995855429052682,0.5193691104203684,0.89,lower_max,0.385,0.505,-0.1285151014420303,0.2225386849836538,0.05919351271610549,6,1,5,0.16288594528557315,0.16288594528557315,0.04587294318248224,0.16288594528557315,False,False,False,False,False,low@0.4353:W=0.0259832;low@0.4531:W=0.0458729;low@0.9452:W=0.0260935;high@0.7162:W=0.0125377;high@0.9394:W=0.032426,low@0.4095:W=0.162886;low@0.4353:W=0.0259832;low@0.4531:W=0.0458729;low@0.9452:W=0.0260935;high@0.7162:W=0.0125377;high@0.9394:W=0.032426
nstxuG142301F62/N6/egn06w.3316E+02,nstxuG142301F62,candidate,6,5.758595370526338,-0.0057605601235360395,,,below_upper2,0.9619577700258949,0.97529460661983,0.34500000000000003,lower_max,0.385,0.03999999999999998,-0.11574950463562371,0.21504201852980598,0.05852392440849389,6,1,5,0.421095934785119,0.421095934785119,0.0970780905081751,0.421095934785119,False,False,False,False,False,low@0.4384:W=0.0970781;low@0.4509:W=0.00679691;low@0.9452:W=0.00445978;high@0.7133:W=0.00349477;high@0.9395:W=0.00633582,low@0.4077:W=0.421096;low@0.4384:W=0.0970781;low@0.4509:W=0.00679691;low@0.9452:W=0.00445978;high@0.7133:W=0.00349477;high@0.9395:W=0.00633582
nstxuG142301F62/N6/egn06w.3501E+02,nstxuG142301F62,candidate,6,5.917281191060551,-0.27068123424085816,,,below_upper2,0.5168718505173105,0.7060013046942802,0.35000000000000003,lower_max,0.385,0.034999999999999976,-0.08582805592684388,0.126107779289912,0.056954467648576146,4,1,3,0.3250045692598717,0.25103558021335687,0.3250045692598717,0.3250045692598717,False,False,False,False,False,low@0.9453:W=0.325005;high@0.7038:W=0.134244;high@0.9399:W=0.262254,low@0.4033:W=0.251036;low@0.9453:W=0.325005;high@0.7038:W=0.134244;high@0.9399:W=0.262254
nstxuG142301F62/N6/egn06w.4064E+02,nstxuG142301F62,candidate,6,6.375163665339771,-0.006482108136627763,,,below_upper2,0.7133813051999709,0.8452289328111745,0.265,lower_max,0.29,0.024999999999999967,-0.13888560244200876,0.5042939320973395,0.09752779939185402,6,0,6,0.30727583058980246,0.0,0.30727583058980246,0.045686773457992755,False,False,False,False,False,low@0.3281:W=0.307276;low@0.3780:W=0.00497965;low@0.3891:W=0.0272186;low@0.9455:W=0.0249767;high@0.6801:W=0.0120229;high@0.9403:W=0.0456868,low@0.3281:W=0.307276;low@0.3780:W=0.00497965;low@0.3891:W=0.0272186;low@0.9455:W=0.0249767;high@0.6801:W=0.0120229;high@0.9403:W=0.0456868
nstxuG142301F62/N6/egn06w.4228E+02,nstxuG142301F62,candidate,6,6.5019472981379325,-0.018454858979300128,,,below_upper2,0.9180209562772773,0.9540728347157279,0.245,lower_max,0.29,0.044999999999999984,-0.11667809330694211,0.29193589284474286,0.09562607239550469,4,0,4,0.5778276469249157,0.0,0.5778276469249157,0.018594611280490593,False,False,False,False,False,low@0.3243:W=0.577828;low@0.9455:W=0.0181501;high@0.6699:W=0.00396074;high@0.9404:W=0.0185946,low@0.3243:W=0.577828;low@0.9455:W=0.0181501;high@0.6699:W=0.00396074;high@0.9404:W=0.0185946
nstxuG142301F62/N6/egn06w.4275E+02,nstxuG142301F62,candidate,6,6.538004880122071,-2.6635465502095086e-06,,,below_upper2,0.9991210973813459,0.999986848779763,0.385,lower_max,0.385,0.0,0.017261374093407875,0.9977564087139237,0.05154716252788937,4,0,4,0.00012615862413977802,0.0,0.00012615862413977802,6.167546154176892e-07,True,True,True,True,True,low@0.3232:W=0.000126159;low@0.9455:W=6.16755e-07;high@0.6683:W=5.03915e-07;high@0.9404:W=5.49073e-07,low@0.3232:W=0.000126159;low@0.9455:W=6.16755e-07;high@0.6683:W=5.03915e-07;high@0.9404:W=5.49073e-07
nstxuG142301F62/N6/egn06w.4342E+02,nstxuG142301F62,candidate,6,6.589522216577099,1.5407568534357248,,,below_upper2,0.43396769641261523,0.6685795389443594,0.23,lower_max,0.29,0.05999999999999997,-0.10183741294651415,0.07945102389317092,0.09435519945275525,4,0,4,0.17519616397448465,0.0,0.17519616397448465,0.17519616397448465,False,False,False,False,False,low@0.3218:W=0.174402;low@0.9455:W=0.166005;high@0.6659:W=0.10343;high@0.9405:W=0.175196,low@0.3218:W=0.174402;low@0.9455:W=0.166005;high@0.6659:W=0.10343;high@0.9405:W=0.175196
nstxuG142301F62/N6/egn06w.4359E+02,nstxuG142301F62,candidate,6,6.60248081241358,-0.027263355340509488,,,below_upper2,0.958681264960128,0.9777923595045831,0.23500000000000001,lower_max,0.29,0.054999999999999966,-0.09967485221857648,0.12610074046584605,0.0941700098354708,6,0,6,0.14128250833393463,0.0,0.14128250833393463,0.004034687774791562,False,False,False,False,False,low@0.3214:W=0.141283;low@0.9455:W=0.00395581;high@0.6598:W=0.00091419;high@0.6627:W=0.00139986;high@0.6652:W=0.00180592;high@0.9405:W=0.00403469,low@0.3214:W=0.141283;low@0.9455:W=0.00395581;high@0.6598:W=0.00091419;high@0.6627:W=0.00139986;high@0.6652:W=0.00180592;high@0.9405:W=0.00403469
nstxuG142301F62/N6/egn06w.4658E+02,nstxuG142301F62,candidate,6,6.8249772568061395,-0.03364170972423322,,,below_upper2,0.9787895058939232,0.9915074397377055,0.095,lower_max,0.29,0.19499999999999998,-0.06382509984576845,0.007755007300447681,0.09110003735520943,8,1,7,0.4558363838551437,0.002886083399966449,0.4558363838551437,0.001637463763748517,False,False,False,False,False,low@0.1968:W=0.455836;low@0.2599:W=0.0191888;low@0.9456:W=0.00148944;high@0.6447:W=0.00118522;high@0.6495:W=0.00157883;high@0.6501:W=0.00163746;high@0.9407:W=0.00134482,low@0.1968:W=0.455836;low@0.2599:W=0.0191888;low@0.3149:W=0.00288608;low@0.9456:W=0.00148944;high@0.6447:W=0.00118522;high@0.6495:W=0.00157883;high@0.6501:W=0.00163746;high@0.9407:W=0.00134482
nstxuG142301F62/N6/egn06w.5322E+02,nstxuG142301F62,candidate,6,7.295060457074253,-0.039231615625915615,,,below_upper2,0.9122903212174063,0.9481546155805969,0.29,lower_max,0.29,0.0,0.004726259036541419,0.9328139550394124,0.08522968201593965,6,0,6,0.002503448860829648,0.0,0.002503448860829648,0.0021740395102260906,True,True,False,True,True,low@0.1568:W=0.00250345;low@0.9458:W=0.000369091;high@0.6098:W=0.00116217;high@0.6107:W=0.00127739;high@0.6209:W=0.00217404;high@0.9411:W=0.000279276,low@0.1568:W=0.00250345;low@0.9458:W=0.000369091;high@0.6098:W=0.00116217;high@0.6107:W=0.00127739;high@0.6209:W=0.00217404;high@0.9411:W=0.000279276
nstxuG142301F62/N7/egn07w.2179E+02,nstxuG142301F62,candidate,7,4.66803028959105,-0.11173080022879729,,,below_upper2,0.8828327947804488,0.9957638467303339,0.645,lower_max,0.355,0.29000000000000004,-0.43010323493753705,0.051236347018534543,0.10094997947211391,6,0,6,0.23510154944094067,0.0,0.23510154944094067,0.23510154944094067,False,False,False,False,False,low@0.5434:W=0.113692;low@0.5533:W=0.146068;low@0.5625:W=0.235102;low@0.9014:W=0.00111476;high@0.7676:W=0.0164347;high@0.8974:W=0.00190261,low@0.5434:W=0.113692;low@0.5533:W=0.146068;low@0.5625:W=0.235102;low@0.9014:W=0.00111476;high@0.7676:W=0.0164347;high@0.8974:W=0.00190261
nstxuG142301F62/N7/egn07w.2915E+02,nstxuG142301F62,candidate,7,5.399398609604105,0.006340321006940193,,,below_upper2,0.31294303606089025,0.6077035512875782,0.895,lower_max,0.355,0.54,-0.23639051320570112,0.1249943556820786,0.08727593496638963,6,0,6,0.866712960240906,0.0,0.866712960240906,0.866712960240906,False,False,False,False,False,low@0.4394:W=0.210912;low@0.4510:W=0.169277;low@0.4732:W=0.0242911;low@0.9020:W=0.495626;high@0.7317:W=0.0105308;high@0.8988:W=0.866713,low@0.4394:W=0.210912;low@0.4510:W=0.169277;low@0.4732:W=0.0242911;low@0.9020:W=0.495626;high@0.7317:W=0.0105308;high@0.8988:W=0.866713
nstxuG142301F62/N7/egn07w.3209E+02,nstxuG142301F62,candidate,7,5.664638298772578,-0.6648905811784123,,,mixed,0.3041067667759379,0.43222665944650984,0.77,lower_max,0.355,0.41500000000000004,-0.1784980550968421,0.05321089242298317,0.08318934714887813,4,0,4,0.2722732532839742,0.0,0.2722732532839742,0.2722732532839742,False,False,False,False,False,low@0.4321:W=0.272273;low@0.9023:W=0.127023;high@0.7194:W=0.0547108;high@0.8993:W=0.126942,low@0.4321:W=0.272273;low@0.9023:W=0.127023;high@0.7194:W=0.0547108;high@0.8993:W=0.126942
nstxuG142301F62/N7/egn07w.3717E+02,nstxuG142301F62,candidate,7,6.096539509976994,-0.001062487121521141,,,below_upper2,0.9861659571431887,0.9981656724407216,0.42,lower_max,0.355,0.065,-0.09500893203524238,0.21848833882978605,0.07729590879190426,4,1,3,0.17833983585856247,0.17833983585856247,0.00028589176946985337,0.00028589176946985337,False,False,False,False,False,low@0.9027:W=0.000285892;high@0.6952:W=0.000130751;high@0.9001:W=0.000274355,low@0.3769:W=0.17834;low@0.9027:W=0.000285892;high@0.6952:W=0.000130751;high@0.9001:W=0.000274355
nstxuG142301F62/N7/egn07w.4002E+02,nstxuG142301F62,candidate,7,6.326264143226115,-5.610211986500668e-05,,,below_upper2,0.9958796346374962,0.9999893861268566,0.42,lower_max,0.355,0.065,-0.055246045184294705,0.1273522372750948,0.07448907463245949,6,2,4,0.050683405852487054,0.050683405852487054,0.001107812339235498,2.13421059715196e-06,False,False,False,False,False,low@0.3085:W=0.00110781;low@0.9029:W=2.13421e-06;high@0.6809:W=5.68015e-07;high@0.9002:W=2.04465e-06,low@0.3085:W=0.00110781;low@0.3388:W=0.0506834;low@0.3715:W=0.0105902;low@0.9029:W=2.13421e-06;high@0.6809:W=5.68015e-07;high@0.9002:W=2.04465e-06
nstxuG142301F62/N7/egn07w.4203E+02,nstxuG142301F62,candidate,7,6.483153618326178,-0.003934035302795913,,,below_upper2,0.9920853520343683,0.9996177315217452,0.24,lower_max,0.265,0.025000000000000022,-0.15532532248362851,0.5845886226883013,0.1107294756863199,6,0,6,0.29068399212615026,0.0,0.29068399212615026,0.00029502508816443265,False,False,False,False,False,low@0.3031:W=0.290684;low@0.3450:W=0.00119451;low@0.3673:W=0.000551658;low@0.9031:W=0.000295025;high@0.6704:W=0.000119872;high@0.9003:W=0.000285207,low@0.3031:W=0.290684;low@0.3450:W=0.00119451;low@0.3673:W=0.000551658;low@0.9031:W=0.000295025;high@0.6704:W=0.000119872;high@0.9003:W=0.000285207
nstxuG142301F62/N7/egn07w.4345E+02,nstxuG142301F62,candidate,7,6.591627870031324,-0.0013318379336441164,,,below_upper2,0.9949525528334248,0.9998551336128514,0.215,lower_max,0.265,0.05000000000000002,-0.13631286421027905,0.24495467362930143,0.10890727072366026,6,0,6,0.3532459095484915,0.0,0.3532459095484915,7.585933064142706e-05,False,False,False,False,False,low@0.2997:W=0.353246;low@0.3495:W=0.000161518;low@0.3637:W=9.61858e-05;low@0.9032:W=7.58593e-05;high@0.6654:W=2.75261e-05;high@0.9004:W=7.38717e-05,low@0.2997:W=0.353246;low@0.3495:W=0.000161518;low@0.3637:W=9.61858e-05;low@0.9032:W=7.58593e-05;high@0.6654:W=2.75261e-05;high@0.9004:W=7.38717e-05
nstxuG142301F62/N7/egn07w.4460E+02,nstxuG142301F62,candidate,7,6.678642529450444,-0.0003059620140840312,,,below_upper2,0.9950242037975442,0.9999680389705854,0.2,lower_max,0.265,0.065,-0.12150807769313658,0.14539039596554273,0.10748834030052457,4,0,4,0.10275586205787128,0.0,0.10275586205787128,1.2596671700647255e-05,False,False,False,False,False,low@0.2973:W=0.102756;low@0.9033:W=1.07962e-06;high@0.6580:W=1.25967e-05;high@0.9004:W=1.22439e-06,low@0.2973:W=0.102756;low@0.9033:W=1.07962e-06;high@0.6580:W=1.25967e-05;high@0.9004:W=1.22439e-06
nstxuG142301F62/N7/egn07w.4536E+02,nstxuG142301F62,candidate,7,6.735259703458087,-5.577096832718556e-05,,,below_upper2,0.997252513865328,0.9999751146380944,0.195,lower_max,0.265,0.07,-0.11208058405794259,0.09541706837903324,0.10658478404070239,4,0,4,0.09715367666401632,0.0,0.09715367666401632,4.919195563596122e-06,False,False,False,False,False,low@0.2957:W=0.0971537;low@0.9034:W=1.43669e-06;high@0.6565:W=4.9192e-06;high@0.9004:W=1.40213e-06,low@0.2957:W=0.0971537;low@0.9034:W=1.43669e-06;high@0.6565:W=4.9192e-06;high@0.9004:W=1.40213e-06
nstxuG142301F62/N7/egn07w.4606E+02,nstxuG142301F62,candidate,7,6.787104857888503,-0.0039364141231931086,,,below_upper2,0.9987423904734186,0.9998889677475572,0.355,lower_max,0.355,0.0,0.016404585208157952,0.9925183369217965,0.06943130712968335,8,0,8,0.00048359236765444327,0.0,0.00048359236765444327,6.033951579243831e-06,True,True,True,True,True,low@0.1788:W=0.000483592;low@0.2131:W=5.71457e-05;low@0.2943:W=4.90225e-05;low@0.9035:W=4.63254e-06;high@0.6488:W=4.92179e-06;high@0.6549:W=5.93161e-06;high@0.6550:W=6.03395e-06;high@0.9005:W=4.43708e-06,low@0.1788:W=0.000483592;low@0.2131:W=5.71457e-05;low@0.2943:W=4.90225e-05;low@0.9035:W=4.63254e-06;high@0.6488:W=4.92179e-06;high@0.6549:W=5.93161e-06;high@0.6550:W=6.03395e-06;high@0.9005:W=4.43708e-06
nstxuG142301F62/N8/egn08w.1039E+03,nstxuG142301F62,candidate,8,10.194464038853328,-0.002729002562599671,,,below_upper2,0.7476099819573986,0.8986537550045216,0.02,upper_min,0.245,0.225,-0.034132501520085255,0.01050704069742453,0.09415432710837349,7,2,5,0.06744815168859569,0.0025908591564977883,0.06744815168859569,0.00032687986370028276,False,False,False,False,False,low@0.8772:W=0.00032688;high@0.3194:W=0.0173393;high@0.3568:W=0.0330044;high@0.3749:W=0.0674482;high@0.8756:W=0.000310842,low@0.8772:W=0.00032688;high@0.2248:W=0.00259086;high@0.2640:W=0.00183745;high@0.3194:W=0.0173393;high@0.3568:W=0.0330044;high@0.3749:W=0.0674482;high@0.8756:W=0.000310842
nstxuG142301F62/N8/egn08w.1042E+03,nstxuG142301F62,candidate,8,10.207241930558292,-0.0006767869196490563,,,below_upper2,0.866577365459191,0.9456231181283458,0.02,upper_min,0.245,0.225,-0.03534161857451425,0.013916501697450488,0.0940364604208266,7,2,5,0.020367967928699056,0.003155180924453649,0.020367967928699056,7.666983805270868e-05,False,False,False,False,False,low@0.8772:W=7.66698e-05;high@0.3191:W=0.0159408;high@0.3573:W=0.0113874;high@0.3744:W=0.020368;high@0.8756:W=7.28403e-05,low@0.8772:W=7.66698e-05;high@0.2244:W=0.00315518;high@0.2644:W=0.00290292;high@0.3191:W=0.0159408;high@0.3573:W=0.0113874;high@0.3744:W=0.020368;high@0.8756:W=7.28403e-05
nstxuG142301F62/N8/egn08w.2035E+02,nstxuG142301F62,candidate,8,4.510661597924062,-0.048501593627444155,,,below_upper2,0.9227585476685877,0.9998446697274288,0.62,lower_max,0.395,0.22499999999999998,-0.4037804089290218,0.10111104146161107,0.019844853970755194,6,0,6,0.34022570539752833,0.0,0.34022570539752833,0.34022570539752833,False,False,False,False,False,low@0.5650:W=0.00851542;low@0.5737:W=0.332179;low@0.5807:W=0.340226;low@0.8751:W=0.000200985;high@0.7746:W=0.000592433;high@0.8707:W=0.000179074,low@0.5650:W=0.00851542;low@0.5737:W=0.332179;low@0.5807:W=0.340226;low@0.8751:W=0.000200985;high@0.7746:W=0.000592433;high@0.8707:W=0.000179074
nstxuG142301F62/N8/egn08w.2049E+02,nstxuG142301F62,candidate,8,4.526342056179525,-0.5682537076314469,,,below_upper2,0.893306347760184,0.9972676632810009,0.655,lower_max,0.395,0.26,-0.39891733852275496,0.0782950644096408,0.019776106094343743,6,0,6,0.7071397649617216,0.0,0.7071397649617216,0.7071397649617216,False,False,False,False,False,low@0.5646:W=0.0603406;low@0.5743:W=0.119015;low@0.5803:W=0.70714;low@0.8751:W=0.0047734;high@0.7739:W=0.00223422;high@0.8707:W=0.00434933,low@0.5646:W=0.0603406;low@0.5743:W=0.119015;low@0.5803:W=0.70714;low@0.8751:W=0.0047734;high@0.7739:W=0.00223422;high@0.8707:W=0.00434933
nstxuG142301F62/N8/egn08w.2147E+02,nstxuG142301F62,candidate,8,4.633982320464936,-0.08233412414229314,,,below_upper2,0.9014184740596326,0.997316265372379,0.63,lower_max,0.395,0.235,-0.36642264570378763,0.13960261404961058,0.01931673764204505,6,0,6,0.01591137569824952,0.0,0.01591137569824952,0.01591137569824952,False,False,False,False,False,low@0.5446:W=0.00159196;low@0.5511:W=0.00373705;low@0.5621:W=0.0159114;low@0.8751:W=0.000459564;high@0.7689:W=0.00715944;high@0.8708:W=0.00139983,low@0.5446:W=0.00159196;low@0.5511:W=0.00373705;low@0.5621:W=0.0159114;low@0.8751:W=0.000459564;high@0.7689:W=0.00715944;high@0.8708:W=0.00139983
nstxuG142301F62/N8/egn08w.3319E+02,nstxuG142301F62,candidate,8,5.7608619874820635,-0.043899562930821534,,,below_upper2,0.9867392513551299,0.9955416890116715,0.3,lower_max,0.395,0.09500000000000003,-0.09913731594910727,0.25858293038072494,0.015538199130061174,6,1,5,0.5559107827998049,0.1482247777791682,0.5559107827998049,0.5559107827998049,False,False,False,False,False,low@0.4326:W=0.555911;low@0.4454:W=0.0643283;low@0.8754:W=0.00105412;high@0.7140:W=0.0021214;high@0.8717:W=0.000928143,low@0.4099:W=0.148225;low@0.4326:W=0.555911;low@0.4454:W=0.0643283;low@0.8754:W=0.00105412;high@0.7140:W=0.0021214;high@0.8717:W=0.000928143
nstxuG142301F62/N8/egn08w.3654E+02,nstxuG142301F62,candidate,8,6.044851039967383,-0.844238306506132,,,mixed,0.14066543645501756,0.34053011587529497,0.765,lower_max,0.395,0.37,-0.047499490162530356,0.025738390940779024,0.014808209520871715,6,2,4,0.07420354902836616,0.07420354902836616,0.04890024303619434,0.03443677952431527,False,False,False,False,False,low@0.3589:W=0.0489002;low@0.8755:W=0.0344368;high@0.6985:W=0.0198175;high@0.8719:W=0.0305233,low@0.3589:W=0.0489002;low@0.3814:W=0.0742035;low@0.4040:W=0.0223701;low@0.8755:W=0.0344368;high@0.6985:W=0.0198175;high@0.8719:W=0.0305233
nstxuG142301F62/N8/egn08w.3756E+02,nstxuG142301F62,candidate,8,6.128920100261934,-0.6016495573536512,,,mixed,0.111931014433534,0.3352148986802097,0.765,lower_max,0.395,0.37,-0.03313116811616827,0.02418663339946891,0.01460508854055231,6,2,4,0.17708522475097144,0.035554097230676984,0.17708522475097144,0.17708522475097144,False,False,False,False,False,low@0.3568:W=0.0330864;low@0.8755:W=0.0293668;high@0.6910:W=0.177085;high@0.8720:W=0.0263769,low@0.3568:W=0.0330864;low@0.3841:W=0.035367;low@0.4021:W=0.0355541;low@0.8755:W=0.0293668;high@0.6910:W=0.177085;high@0.8720:W=0.0263769
nstxuG142301F62/N8/egn08w.3777E+02,nstxuG142301F62,candidate,8,6.146012393317786,-0.0015958907797208365,,,below_upper2,0.9917038078824343,0.9980129251723897,0.29,lower_max,0.335,0.04500000000000004,-0.12215471952242783,0.28421379631892074,0.08848003186531556,6,1,5,0.5962515891686868,0.5962515891686868,0.5596940233402005,0.07581014615290374,False,False,False,False,False,low@0.3846:W=0.559694;low@0.4017:W=0.0758101;low@0.8755:W=3.49155e-05;high@0.6898:W=0.000560568;high@0.8720:W=3.24366e-05,low@0.3563:W=0.596252;low@0.3846:W=0.559694;low@0.4017:W=0.0758101;low@0.8755:W=3.49155e-05;high@0.6898:W=0.000560568;high@0.8720:W=3.24366e-05
nstxuG142301F62/N8/egn08w.3800E+02,nstxuG142301F62,candidate,8,6.164057966027952,-0.00873733557629684,,,below_upper2,0.9908597736524879,0.9988321327852093,0.39,lower_max,0.395,0.0050000000000000044,-0.027241861996072102,0.16896631575734958,0.014521833054723477,6,2,4,0.41410908481271363,0.41410908481271363,0.3456442708384582,0.1565735634706268,True,False,False,False,False,low@0.3559:W=0.345644;low@0.8755:W=0.000359223;high@0.6892:W=0.000256357;high@0.8720:W=0.000319113,low@0.3559:W=0.345644;low@0.3852:W=0.414109;low@0.4013:W=0.156574;low@0.8755:W=0.000359223;high@0.6892:W=0.000256357;high@0.8720:W=0.000319113
nstxuG142301F62/N8/egn08w.3844E+02,nstxuG142301F62,candidate,8,6.200348004611474,-1.1094716426171018,,,mixed,-0.007546520578472769,0.2746077159366052,0.765,lower_max,0.395,0.37,-0.021229514499009026,0.002821790903535589,0.01443683816710307,6,2,4,0.0555309698181883,0.006713244990972337,0.0555309698181883,0.0555309698181883,False,False,False,False,False,low@0.3549:W=0.00127713;low@0.8755:W=0.0430428;high@0.6880:W=0.055531;high@0.8721:W=0.0383382,low@0.3549:W=0.00127713;low@0.3865:W=0.00587204;low@0.4005:W=0.00671324;low@0.8755:W=0.0430428;high@0.6880:W=0.055531;high@0.8721:W=0.0383382
nstxuG142301F62/N8/egn08w.3913E+02,nstxuG142301F62,candidate,8,6.25501690093009,-0.0004513093834404664,,,below_upper2,0.9962578563381974,0.9999812256234374,0.305,lower_max,0.335,0.030000000000000027,-0.10259922916904815,0.3496249991665169,0.08693811400006317,8,1,7,0.31377304944899514,0.31377304944899514,0.23188684691123018,5.531617167686467e-06,False,False,False,False,False,low@0.2998:W=0.21215;low@0.3001:W=0.231887;low@0.3885:W=0.017492;low@0.3985:W=0.0129896;low@0.8755:W=5.53162e-06;high@0.6863:W=1.34988e-06;high@0.8721:W=4.96735e-06,low@0.2998:W=0.21215;low@0.3001:W=0.231887;low@0.3538:W=0.313773;low@0.3885:W=0.017492;low@0.3985:W=0.0129896;low@0.8755:W=5.53162e-06;high@0.6863:W=1.34988e-06;high@0.8721:W=4.96735e-06
nstxuG142301F62/N8/egn08w.3932E+02,nstxuG142301F62,candidate,8,6.2703804223864585,-0.7799387412647827,,,below_upper2,0.6118056803922691,0.8802454409450693,0.005,lower_max,0.24,0.235,-0.22534844995510236,0.004290951909175539,0.1273587567728909,8,0,8,0.05901859833982956,0.0,0.05901859833982956,0.019188918191666158,False,False,False,False,False,low@0.2962:W=0.00348562;low@0.3028:W=0.0112875;low@0.3534:W=0.00534504;low@0.3890:W=0.0393749;low@0.3978:W=0.0590186;low@0.8755:W=0.0191889;high@0.6858:W=0.000556275;high@0.8721:W=0.0170799,low@0.2962:W=0.00348562;low@0.3028:W=0.0112875;low@0.3534:W=0.00534504;low@0.3890:W=0.0393749;low@0.3978:W=0.0590186;low@0.8755:W=0.0191889;high@0.6858:W=0.000556275;high@0.8721:W=0.0170799
nstxuG142301F62/N8/egn08w.4539E+02,nstxuG142301F62,candidate,8,6.736938355410807,-0.19628666006900794,,,below_upper2,0.9901252896092885,0.9987372232992836,0.19,lower_max,0.24,0.04999999999999999,-0.140488531415625,0.18241387356452768,0.118538691161813,6,0,6,0.4144894463114096,0.0,0.4144894463114096,0.001866126869873239,False,False,False,False,False,low@0.2760:W=0.414489;low@0.3242:W=4.05726e-05;low@0.3425:W=2.65466e-05;low@0.8757:W=0.00186613;high@0.6560:W=4.41237e-05;high@0.8726:W=0.00168024,low@0.2760:W=0.414489;low@0.3242:W=4.05726e-05;low@0.3425:W=2.65466e-05;low@0.8757:W=0.00186613;high@0.6560:W=4.41237e-05;high@0.8726:W=0.00168024
nstxuG142301F62/N8/egn08w.4652E+02,nstxuG142301F62,candidate,8,6.820374342201693,-0.15873249224153507,,,below_upper2,0.9875618892728598,0.9983196643382133,0.17,lower_max,0.24,0.06999999999999998,-0.12653654267307848,0.16261017269078645,0.11708856655372686,6,0,6,0.07742249952942314,0.0,0.07742249952942314,0.0011557856644908238,False,False,False,False,False,low@0.2737:W=0.0774225;low@0.3278:W=9.41701e-05;low@0.3400:W=4.05544e-05;low@0.8757:W=0.00115579;high@0.6483:W=6.77969e-05;high@0.8726:W=0.00104267,low@0.2737:W=0.0774225;low@0.3278:W=9.41701e-05;low@0.3400:W=4.05544e-05;low@0.8757:W=0.00115579;high@0.6483:W=6.77969e-05;high@0.8726:W=0.00104267
nstxuG142301F62/N8/egn08w.4898E+02,nstxuG142301F62,candidate,8,6.9985188458833365,-0.0610710837414642,,,below_upper2,0.8982909167622225,0.9897518367864792,0.335,lower_max,0.335,0.0,0.01453765214025214,0.8019570635050822,0.07770206587716132,6,0,6,0.004848369827378971,0.0,0.004848369827378971,0.0026677357685030464,True,True,False,True,True,low@0.1051:W=0.00484837;low@0.1932:W=0.00191081;low@0.2689:W=0.00027645;low@0.8758:W=0.00266774;high@0.6369:W=0.000132453;high@0.8728:W=0.00242951,low@0.1051:W=0.00484837;low@0.1932:W=0.00191081;low@0.2689:W=0.00027645;low@0.8758:W=0.00266774;high@0.6369:W=0.000132453;high@0.8728:W=0.00242951
nstxuG142301F62/N8/egn08w.5030E+02,nstxuG142301F62,candidate,8,7.092393505823502,-0.45743266137339783,,,below_upper2,0.8203770476627644,0.9644345640535696,0.005,lower_max,0.24,0.235,-0.0833297567163038,0.28475789843848576,0.11259779289354158,6,1,5,0.5428666917782071,0.34544647542187557,0.5428666917782071,0.036389342000161286,False,False,False,False,False,low@0.0774:W=0.138477;low@0.2011:W=0.542867;low@0.8758:W=0.0347937;high@0.6322:W=0.000491474;high@0.8729:W=0.0363893,low@0.0774:W=0.138477;low@0.2011:W=0.542867;low@0.2665:W=0.345446;low@0.8758:W=0.0347937;high@0.6322:W=0.000491474;high@0.8729:W=0.0363893
nstxuG142301F62/N8/egn08w.5179E+02,nstxuG142301F62,candidate,8,7.1962175394439,-0.09225552557378693,,,below_upper2,0.9913595802895053,0.9985697780536019,0.06,lower_max,0.24,0.18,-0.0676999255630917,0.00038054190526620697,0.11097327876915825,8,1,7,0.0030711065339322713,2.235861539600673e-05,0.0030711065339322713,0.00047214412192814024,False,False,False,False,False,low@0.0141:W=0.000530273;low@0.0191:W=0.000190884;low@0.0219:W=0.00307111;low@0.2080:W=0.000105969;low@0.8759:W=0.000472144;high@0.6229:W=7.20587e-06;high@0.8730:W=0.000432138,low@0.0141:W=0.000530273;low@0.0191:W=0.000190884;low@0.0219:W=0.00307111;low@0.2080:W=0.000105969;low@0.2637:W=2.23586e-05;low@0.8759:W=0.000472144;high@0.6229:W=7.20587e-06;high@0.8730:W=0.000432138
nstxuG142301F62/N8/egn08w.5212E+02,nstxuG142301F62,candidate,8,7.21917932762954,-0.060570660070273945,,,below_upper2,0.9910495715686817,0.9985555637989234,0.055,lower_max,0.24,0.185,-0.06430393019797127,0.0002757485086578755,0.11062030998895202,6,1,5,0.0004893550905916886,1.0497039651796731e-05,0.0004893550905916886,0.0004893550905916886,False,False,False,False,False,low@0.0102:W=0.000195086;low@0.2095:W=0.00023963;low@0.8759:W=0.000489355;high@0.6224:W=1.27234e-05;high@0.8731:W=0.000447022,low@0.0102:W=0.000195086;low@0.2095:W=0.00023963;low@0.2630:W=1.0497e-05;low@0.8759:W=0.000489355;high@0.6224:W=1.27234e-05;high@0.8731:W=0.000447022
nstxuG142301F62/N8/egn08w.5247E+02,nstxuG142301F62,candidate,8,7.2435727522476965,-0.06534051049088259,,,below_upper2,0.9888791832730696,0.998082096787736,0.05,lower_max,0.24,0.19,-0.06071978483489255,0.0002843262801631795,0.11024778550618,5,2,3,0.0006961217417617284,0.00031306099032253024,0.0006961217417617284,0.0006961217417617284,False,False,False,False,False,low@0.8759:W=0.000696122;high@0.6219:W=0.000144067;high@0.8731:W=0.000635794,low@0.2109:W=0.000313061;low@0.2623:W=3.46518e-05;low@0.8759:W=0.000696122;high@0.6219:W=0.000144067;high@0.8731:W=0.000635794
nstxuG142301F62/N8/egn08w.5288E+02,nstxuG142301F62,candidate,8,7.271900056218567,-0.04888519381731097,,,below_upper2,0.9908132623811684,0.9985216373951842,0.045,lower_max,0.24,0.195,-0.05658780673554566,0.00035136052441208325,0.10981832105974852,5,2,3,0.0005694167341341529,0.00019497652817518482,0.0005694167341341529,0.0005694167341341529,False,False,False,False,False,low@0.8759:W=0.000569417;high@0.6212:W=2.7531e-05;high@0.8731:W=0.000519224,low@0.2125:W=0.000194977;low@0.2616:W=7.93195e-06;low@0.8759:W=0.000569417;high@0.6212:W=2.7531e-05;high@0.8731:W=0.000519224
nstxuG142301F62/N8/egn08w.5331E+02,nstxuG142301F62,candidate,8,7.30146913163804,-0.015123831686666317,,,below_upper2,0.9959657442693491,0.9994100145460162,0.04,lower_max,0.24,0.19999999999999998,-0.05230889738437379,9.233343539464337e-05,0.1093735850539788,7,2,5,0.0002415168795188094,6.671991919440977e-05,0.0002415168795188094,0.0002415168795188094,False,False,False,False,False,low@0.8759:W=0.000241517;high@0.6128:W=2.48582e-06;high@0.6169:W=2.75649e-06;high@0.6205:W=3.05963e-06;high@0.8731:W=0.000220307,low@0.2142:W=6.67199e-05;low@0.2607:W=6.15621e-06;low@0.8759:W=0.000241517;high@0.6128:W=2.48582e-06;high@0.6169:W=2.75649e-06;high@0.6205:W=3.05963e-06;high@0.8731:W=0.000220307
nstxuG142301F62/N8/egn08w.5414E+02,nstxuG142301F62,candidate,8,7.35768065616862,-0.45763533943515117,,,below_upper2,0.9817593866586681,0.9972769503665535,0.035,lower_max,0.24,0.205,-0.04426942269618153,0.0002822582077347358,0.10853798804364856,5,2,3,0.0009431041287716374,0.00011615953373405543,0.0009431041287716374,0.0009431041287716374,False,False,False,False,False,low@0.8759:W=0.000943104;high@0.6092:W=9.04797e-06;high@0.8732:W=0.000861104,low@0.2172:W=0.00011616;low@0.2590:W=1.04994e-05;low@0.8759:W=0.000943104;high@0.6092:W=9.04797e-06;high@0.8732:W=0.000861104
nstxuG142301F62/N8/egn08w.5448E+02,nstxuG142301F62,candidate,8,7.3808504337237455,-0.23319980889213363,,,below_upper2,0.9689159789445563,0.9953076821179112,0.03,lower_max,0.24,0.21,-0.04099127874126024,0.0009705007773914602,0.10819726835804676,5,2,3,0.0028295332356242354,0.0013600589791669133,0.0028295332356242354,0.0028295332356242354,False,False,False,False,False,low@0.8759:W=0.00282953;high@0.6087:W=2.55221e-05;high@0.8732:W=0.00258477,low@0.2185:W=0.00136006;low@0.2583:W=0.000133869;low@0.8759:W=0.00282953;high@0.6087:W=2.55221e-05;high@0.8732:W=0.00258477
nstxuG142301F62/N8/egn08w.5573E+02,nstxuG142301F62,candidate,8,7.465034998772261,-0.04311710631321315,,,below_upper2,0.9855662407584506,0.9980366902441594,0.025,lower_max,0.24,0.215,-0.02925182969185276,0.0001055334564201702,0.10697710797331211,5,2,3,0.0006144919344245326,3.506338501454195e-05,0.0006144919344245326,0.0006144919344245326,False,False,False,False,False,low@0.8760:W=0.000614492;high@0.6068:W=6.09845e-06;high@0.8733:W=0.000562353,low@0.2230:W=3.50634e-05;low@0.2556:W=4.17317e-06;low@0.8760:W=0.000614492;high@0.6068:W=6.09845e-06;high@0.8733:W=0.000562353
nstxuG142301F62/N8/egn08w.5743E+02,nstxuG142301F62,candidate,8,7.578521252526776,-0.012517984521250058,,,below_upper2,0.9952480765277124,0.9993974949037511,0.025,lower_max,0.24,0.215,-0.013839069018685283,2.51445875478819e-05,0.105375155452913,5,2,3,0.0002152405647991639,7.875157092746424e-06,0.0002152405647991639,0.0002152405647991639,False,False,False,False,False,low@0.8760:W=0.000215241;high@0.5931:W=3.06731e-06;high@0.8734:W=0.000197569,low@0.2296:W=7.87516e-06;low@0.2510:W=3.41246e-06;low@0.8760:W=0.000215241;high@0.5931:W=3.06731e-06;high@0.8734:W=0.000197569
nstxuG142301F62/N8/egn08w.5836E+02,nstxuG142301F62,candidate,8,7.639625479505214,-0.7318025694471795,,,below_upper2,0.503796691441858,0.8158735533294743,0.015,lower_max,0.24,0.22499999999999998,-0.005730052057170785,0.22040280403602275,0.10453233044349906,5,2,3,0.7381877369335164,0.7381877369335164,0.05810153588831723,0.05810153588831723,False,False,False,False,False,low@0.8760:W=0.0581015;high@0.5918:W=0.0576736;high@0.8735:W=0.0534325,low@0.2341:W=0.738188;low@0.2472:W=0.564709;low@0.8760:W=0.0581015;high@0.5918:W=0.0576736;high@0.8735:W=0.0534325
nstxuG142301F62/N8/egn08w.5942E+02,nstxuG142301F62,candidate,8,7.708383860668919,-0.16382884906764195,,,below_upper2,0.7556625783109155,0.9749396414462931,0.24,lower_max,0.24,0.0,0.003241007443379156,0.5530240618912363,0.1035999075192545,5,0,5,0.009242034749651488,0.0,0.009242034749651488,0.009242034749651488,True,True,False,True,True,low@0.8761:W=0.00924203;high@0.5789:W=5.62981e-05;high@0.5811:W=5.93577e-05;high@0.5904:W=8.1956e-05;high@0.8736:W=0.00851089,low@0.8761:W=0.00924203;high@0.5789:W=5.62981e-05;high@0.5811:W=5.93577e-05;high@0.5904:W=8.1956e-05;high@0.8736:W=0.00851089
nstxuG142301F62/N8/egn08w.6207E+02,nstxuG142301F62,candidate,8,7.878626723360656,-4.607471554959801,,,below_upper2,0.43717007758661436,0.7700103538388928,0.025,lower_max,0.24,0.215,0.02477916507730107,0.0001416650853828546,0.10136130103998295,3,0,3,0.11708329896479404,0.0,0.11708329896479404,0.11708329896479404,False,False,False,False,False,low@0.8761:W=0.117083;high@0.5732:W=0.000650764;high@0.8738:W=0.108243,low@0.8761:W=0.117083;high@0.5732:W=0.000650764;high@0.8738:W=0.108243
nstxuG142301F62/N8/egn08w.7749E+02,nstxuG142301F62,candidate,8,8.803068628026073,-0.14223211500553215,,,below_upper2,0.40878998488778445,0.8613903819005962,0.005,lower_max,0.24,0.235,0.12719061319837413,0.001852906538994441,0.09071698618204259,5,0,5,0.010119226292970965,0.0,0.010119226292970965,0.010119226292970965,False,False,False,False,False,low@0.8765:W=0.0101192;high@0.4744:W=0.000172865;high@0.4826:W=0.000375538;high@0.4998:W=0.00130935;high@0.8749:W=0.00958051,low@0.8765:W=0.0101192;high@0.4744:W=0.000172865;high@0.4826:W=0.000375538;high@0.4998:W=0.00130935;high@0.8749:W=0.00958051
nstxuG142301F62/N9/egn09w.2119E+02,nstxuG142301F62,candidate,9,4.603457675922867,-0.1351872426579185,,,below_upper2,0.9139802867805865,0.9984669107602289,0.63,lower_max,0.37,0.26,-0.4126394536493637,0.1312370856978116,0.08689079332127146,6,0,6,0.26159856558064537,0.0,0.26159856558064537,0.26159856558064537,False,False,False,False,False,low@0.5617:W=0.195924;low@0.5750:W=0.259895;low@0.5750:W=0.261599;low@0.8555:W=0.00259285;high@0.7707:W=0.00635729;high@0.8528:W=0.00230702,low@0.5617:W=0.195924;low@0.5750:W=0.259895;low@0.5750:W=0.261599;low@0.8555:W=0.00259285;high@0.7707:W=0.00635729;high@0.8528:W=0.00230702
nstxuG142301F62/N9/egn09w.2323E+02,nstxuG142301F62,candidate,9,4.820061451173845,-0.0007951291130054861,,,below_upper2,0.6492935625720396,0.9665402315922591,0.855,lower_max,0.37,0.485,-0.34915830474110354,0.05997604952684992,0.08298609748728861,6,0,6,0.9313560632467202,0.0,0.9313560632467202,0.9313560632467202,False,False,False,False,False,low@0.5228:W=0.0321378;low@0.5298:W=0.0302994;low@0.5408:W=0.0135198;low@0.8555:W=0.931356;high@0.7601:W=0.00023734;high@0.8533:W=0.677212,low@0.5228:W=0.0321378;low@0.5298:W=0.0302994;low@0.5408:W=0.0135198;low@0.8555:W=0.931356;high@0.7601:W=0.00023734;high@0.8533:W=0.677212
nstxuG142301F62/N9/egn09w.3419E+02,nstxuG142301F62,candidate,9,5.847458716186033,-0.0021507301397849354,,,below_upper2,0.9871501780542628,0.9928560142074041,0.28500000000000003,lower_max,0.37,0.08499999999999996,-0.11211147471857737,0.2958494558144163,0.06840545763489043,6,1,5,0.8249716543068428,0.1624677754937185,0.8249716543068428,0.8249716543068428,False,False,False,False,False,low@0.4086:W=0.824972;low@0.4263:W=0.0665487;low@0.8558:W=9.78114e-06;high@0.7101:W=0.00334415;high@0.8551:W=7.54482e-06,low@0.3906:W=0.162468;low@0.4086:W=0.824972;low@0.4263:W=0.0665487;low@0.8558:W=9.78114e-06;high@0.7101:W=0.00334415;high@0.8551:W=7.54482e-06
nstxuG142301F62/N9/egn09w.4039E+02,nstxuG142301F62,candidate,9,6.355331986183355,-0.00012636999697756684,,,below_upper2,0.9960883640775072,0.9999714333205731,0.28500000000000003,lower_max,0.315,0.02999999999999997,-0.11403189184443288,0.3525998555076745,0.09529362066500735,6,1,5,0.5044645801991954,0.5044645801991954,0.009993427646504845,4.230660476289648e-06,False,False,False,False,False,low@0.3649:W=0.000813007;low@0.3805:W=0.00999343;low@0.8560:W=6.20962e-07;high@0.6782:W=4.23066e-06;high@0.8552:W=6.33911e-07,low@0.3341:W=0.504465;low@0.3649:W=0.000813007;low@0.3805:W=0.00999343;low@0.8560:W=6.20962e-07;high@0.6782:W=4.23066e-06;high@0.8552:W=6.33911e-07
nstxuG142301F62/N9/egn09w.4180E+02,nstxuG142301F62,candidate,9,6.46537860275589,-0.8650244273710127,,,below_upper2,0.899896660163546,0.9565861946382879,0.01,lower_max,0.215,0.205,-0.2137635239008375,0.020032789345841552,0.13183142784859636,8,0,8,0.03603419992271566,0.0,0.03603419992271566,0.004283842871084253,False,False,False,False,False,low@0.2686:W=0.0360342;low@0.2881:W=0.00182238;low@0.3319:W=0.00167709;low@0.3687:W=0.00484348;low@0.3770:W=0.00636029;low@0.8561:W=0.00428384;high@0.6705:W=0.000823354;high@0.8552:W=0.00425637,low@0.2686:W=0.0360342;low@0.2881:W=0.00182238;low@0.3319:W=0.00167709;low@0.3687:W=0.00484348;low@0.3770:W=0.00636029;low@0.8561:W=0.00428384;high@0.6705:W=0.000823354;high@0.8552:W=0.00425637
nstxuG142301F62/N9/egn09w.4545E+02,nstxuG142301F62,candidate,9,6.741430506918044,-0.030782789623413406,,,below_upper2,0.9698125503112852,0.9945204136275985,0.375,lower_max,0.37,0.0050000000000000044,0.03536409230351711,0.711792496679087,0.05933430435444779,6,0,6,0.012502023111637393,0.0,0.012502023111637393,0.0007606057604242969,False,True,False,False,True,low@0.2581:W=0.012502;low@0.2985:W=0.00753644;low@0.3261:W=0.00557636;low@0.8562:W=0.000751788;high@0.6538:W=0.000230902;high@0.8553:W=0.000760606,low@0.2581:W=0.012502;low@0.2985:W=0.00753644;low@0.3261:W=0.00557636;low@0.8562:W=0.000751788;high@0.6538:W=0.000230902;high@0.8553:W=0.000760606
nstxuG142301F62/N9/egn09w.4692E+02,nstxuG142301F62,candidate,9,6.850084187198765,-9.028745991103304e-05,,,below_upper2,0.994082554099029,0.9999825985231895,0.185,lower_max,0.215,0.03,-0.1455977038791914,0.5185746549042748,0.12442768139636878,6,0,6,0.6008362996313186,0.0,0.6008362996313186,5.582233993384034e-06,False,False,False,False,False,low@0.2548:W=0.600836;low@0.3020:W=0.00023612;low@0.3236:W=2.47211e-05;low@0.8562:W=3.66785e-06;high@0.6470:W=5.58223e-06;high@0.8553:W=3.88241e-06,low@0.2548:W=0.600836;low@0.3020:W=0.00023612;low@0.3236:W=2.47211e-05;low@0.8562:W=3.66785e-06;high@0.6470:W=5.58223e-06;high@0.8553:W=3.88241e-06
nstxuG142301F62/N9/egn09w.4788E+02,nstxuG142301F62,candidate,9,6.919564743071103,-0.00031947134825346637,,,below_upper2,0.9974270653581635,0.9999893196030449,0.155,lower_max,0.215,0.06,-0.13409455762258554,0.08620271547434456,0.12317828135600023,6,0,6,0.06265610591325238,0.0,0.06265610591325238,2.086548847609748e-06,False,False,False,False,False,low@0.2529:W=0.0626561;low@0.3043:W=7.66751e-05;low@0.3218:W=3.42589e-05;low@0.8562:W=5.63176e-07;high@0.6420:W=2.08655e-06;high@0.8554:W=5.85753e-07,low@0.2529:W=0.0626561;low@0.3043:W=7.66751e-05;low@0.3218:W=3.42589e-05;low@0.8562:W=5.63176e-07;high@0.6420:W=2.08655e-06;high@0.8554:W=5.85753e-07
nstxuG142301F62/N9/egn09w.4824E+02,nstxuG142301F62,candidate,9,6.945735835701075,-9.988482487759718e-05,,,below_upper2,0.9997127157179639,0.9999872821296464,0.12,lower_max,0.215,0.095,-0.12982136117216342,0.006324795262980328,0.12271415339495703,6,0,6,0.006863580384430477,0.0,0.006863580384430477,2.0413419431492045e-06,False,False,False,False,False,low@0.2522:W=0.00686358;low@0.3051:W=4.9459e-06;low@0.3211:W=4.87887e-06;low@0.8562:W=3.34376e-07;high@0.6404:W=2.04134e-06;high@0.8554:W=3.46361e-07,low@0.2522:W=0.00686358;low@0.3051:W=4.9459e-06;low@0.3211:W=4.87887e-06;low@0.8562:W=3.34376e-07;high@0.6404:W=2.04134e-06;high@0.8554:W=3.46361e-07
nstxuG142301F62/N9/egn09w.4836E+02,nstxuG142301F62,candidate,9,6.954491845250658,-6.596422120624288e-05,,,below_upper2,0.9980380800713636,0.9999878718337442,0.105,lower_max,0.215,0.11,-0.12839886663943884,0.06061969953431422,0.12255965090607583,6,0,6,0.02503695586010125,0.0,0.02503695586010125,2.4102821754695915e-06,False,False,False,False,False,low@0.2520:W=0.025037;low@0.3055:W=1.9798e-05;low@0.3209:W=5.00293e-05;low@0.8563:W=2.05857e-07;high@0.6399:W=2.41028e-06;high@0.8554:W=2.13598e-07,low@0.2520:W=0.025037;low@0.3055:W=1.9798e-05;low@0.3209:W=5.00293e-05;low@0.8563:W=2.05857e-07;high@0.6399:W=2.41028e-06;high@0.8554:W=2.13598e-07
nstxuG142301F62/N9/egn09w.4853E+02,nstxuG142301F62,candidate,9,6.966159242280915,-3.0182024445320856e-05,,,below_upper2,0.9988219754718622,0.999669106147634,0.1,lower_max,0.215,0.11499999999999999,-0.12650894751360742,0.028587508730347926,0.12235437967162976,6,0,6,0.030268617948421707,0.0,0.030268617948421707,8.127806227515577e-05,False,False,False,False,False,low@0.2517:W=0.0302686;low@0.3060:W=6.5428e-06;low@0.3205:W=4.67478e-06;low@0.8563:W=2.31335e-07;high@0.6393:W=8.12781e-05;high@0.8554:W=2.50774e-07,low@0.2517:W=0.0302686;low@0.3060:W=6.5428e-06;low@0.3205:W=4.67478e-06;low@0.8563:W=2.31335e-07;high@0.6393:W=8.12781e-05;high@0.8554:W=2.50774e-07
nstxuG142301F62/N9/egn09w.4964E+02,nstxuG142301F62,candidate,9,7.0458167821970425,-1.688219976236989e-05,,,below_upper2,0.9998411230665866,0.9999929124767057,0.05,lower_max,0.215,0.16499999999999998,-0.11377303140531782,0.0037031740503831543,0.1209710838545667,8,0,8,0.010273761871735706,0.0,0.010273761871735706,5.192657731177341e-07,False,False,False,False,False,low@0.0131:W=1.68461e-05;low@0.1496:W=0.0102738;low@0.2495:W=0.000557783;low@0.3095:W=1.71707e-06;low@0.3168:W=1.65297e-06;low@0.8563:W=8.204e-08;high@0.6353:W=5.19266e-07;high@0.8554:W=8.24581e-08,low@0.0131:W=1.68461e-05;low@0.1496:W=0.0102738;low@0.2495:W=0.000557783;low@0.3095:W=1.71707e-06;low@0.3168:W=1.65297e-06;low@0.8563:W=8.204e-08;high@0.6353:W=5.19266e-07;high@0.8554:W=8.24581e-08
nstxuG142301F62/N9/egn09w.4981E+02,nstxuG142301F62,candidate,9,7.057595380109442,-5.106291014507739e-06,,,below_upper2,0.9998276616242613,0.9999888645157905,0.05,lower_max,0.215,0.16499999999999998,-0.11191422766324302,0.003672053694930453,0.12076919217914339,8,0,8,0.010788424675396459,0.0,0.010788424675396459,1.0701493239772482e-06,False,False,False,False,False,low@0.0110:W=4.53764e-05;low@0.1517:W=0.0107884;low@0.2492:W=0.000700398;low@0.3103:W=1.3196e-06;low@0.3162:W=1.29361e-06;low@0.8563:W=1.13397e-07;high@0.6297:W=1.07015e-06;high@0.8554:W=1.21075e-07,low@0.0110:W=4.53764e-05;low@0.1517:W=0.0107884;low@0.2492:W=0.000700398;low@0.3103:W=1.3196e-06;low@0.3162:W=1.29361e-06;low@0.8563:W=1.13397e-07;high@0.6297:W=1.07015e-06;high@0.8554:W=1.21075e-07
nstxuG142301F62/N9/egn09w.5004E+02,nstxuG142301F62,candidate,9,7.074180344700164,-4.639709219815172e-05,,,below_upper2,0.9997331589270493,0.9997467347875443,0.045,lower_max,0.215,0.16999999999999998,-0.1093074156800667,0.000689039115184539,0.12048605651135656,7,0,7,0.001489270868843297,0.0,0.001489270868843297,3.3589128218486397e-06,False,False,False,False,False,low@0.1546:W=0.00148927;low@0.2488:W=8.51866e-06;low@0.3138:W=1.11486e-06;low@0.3153:W=1.10881e-06;low@0.8563:W=6.96375e-08;high@0.6293:W=3.35891e-06;high@0.8554:W=6.80171e-08,low@0.1546:W=0.00148927;low@0.2488:W=8.51866e-06;low@0.3138:W=1.11486e-06;low@0.3153:W=1.10881e-06;low@0.8563:W=6.96375e-08;high@0.6293:W=3.35891e-06;high@0.8554:W=6.80171e-08
nstxuG142301F62/N9/egn09w.5152E+02,nstxuG142301F62,candidate,9,7.177537431844318,-0.015863582854927376,,,below_upper2,0.9945952312211966,0.9989908489483714,0.045,lower_max,0.215,0.16999999999999998,-0.09333330418001151,0.00014257806427254782,0.11875104809645794,7,0,7,0.00042315630329258966,0.0,0.00042315630329258966,0.00021741583011530732,False,False,False,False,False,low@0.1674:W=0.000423156;low@0.2461:W=2.43388e-05;low@0.8563:W=0.000214338;high@0.6196:W=4.1485e-05;high@0.6209:W=4.69934e-05;high@0.6268:W=6.87311e-05;high@0.8554:W=0.000217416,low@0.1674:W=0.000423156;low@0.2461:W=2.43388e-05;low@0.8563:W=0.000214338;high@0.6196:W=4.1485e-05;high@0.6209:W=4.69934e-05;high@0.6268:W=6.87311e-05;high@0.8554:W=0.000217416
nstxuG142301F62/N9/egn09w.5205E+02,nstxuG142301F62,candidate,9,7.214607064746094,-7.81301710973389e-05,,,below_upper2,0.9999122821372716,0.9999737414113047,0.04,lower_max,0.215,0.175,-0.08771560887637056,0.0011652146697750032,0.1181408890510475,7,0,7,0.0007601353432570989,0.0,0.0007601353432570989,1.059385221904322e-05,False,False,False,False,False,low@0.1710:W=0.000760135;low@0.2451:W=1.82262e-05;low@0.8564:W=1.51143e-07;high@0.6187:W=1.05939e-05;high@0.6230:W=8.7653e-06;high@0.6259:W=8.25774e-06;high@0.8555:W=1.45805e-07,low@0.1710:W=0.000760135;low@0.2451:W=1.82262e-05;low@0.8564:W=1.51143e-07;high@0.6187:W=1.05939e-05;high@0.6230:W=8.7653e-06;high@0.6259:W=8.25774e-06;high@0.8555:W=1.45805e-07
nstxuG142301F62/N9/egn09w.5291E+02,nstxuG142301F62,candidate,9,7.274232133015829,-0.00020482370794664163,,,below_upper2,0.9998597548163247,0.9999816540684813,0.02,lower_max,0.215,0.195,-0.0787998750571335,0.003010076739825016,0.1171725176207292,5,1,4,0.0014631527767056914,0.0002553729219293871,0.0014631527767056914,3.593767752732272e-06,False,False,False,False,False,low@0.1760:W=0.00146315;low@0.8564:W=1.10122e-06;high@0.6172:W=3.59377e-06;high@0.8555:W=1.07621e-06,low@0.1760:W=0.00146315;low@0.2435:W=0.000255373;low@0.8564:W=1.10122e-06;high@0.6172:W=3.59377e-06;high@0.8555:W=1.07621e-06
nstxuG142301F62/N9/egn09w.6024E+02,nstxuG142301F62,candidate,9,7.761132443735935,-0.47795190926649167,,,below_upper2,0.8805340435144052,0.9564162491429536,0.01,lower_max,0.215,0.205,-0.011120577199759943,0.0021986300288503284,0.10982161417319988,7,2,5,0.003252811266584763,0.0008772680700526872,0.003252811266584763,0.003252811266584763,False,False,False,False,False,low@0.8566:W=0.00325281;high@0.5741:W=0.000754398;high@0.5770:W=0.00162551;high@0.5861:W=0.00284042;high@0.8556:W=0.00324812,low@0.2068:W=0.000709474;low@0.2274:W=0.000877268;low@0.8566:W=0.00325281;high@0.5741:W=0.000754398;high@0.5770:W=0.00162551;high@0.5861:W=0.00284042;high@0.8556:W=0.00324812
nstxuG142301F62/N9/egn09w.6089E+02,nstxuG142301F62,candidate,9,7.803085116511696,-0.06857638453784737,,,below_upper2,0.8968237057587578,0.9825087358337805,0.01,lower_max,0.215,0.205,-0.005684367024077159,0.3842329721109665,0.10923116691108238,7,2,5,0.4744271090218575,0.4744271090218575,0.0030444349673429518,0.0030444349673429518,False,False,False,False,False,low@0.8566:W=0.00304443;high@0.5732:W=0.000351804;high@0.5791:W=0.000623469;high@0.5853:W=0.000566725;high@0.8556:W=0.00302989,low@0.2099:W=0.474427;low@0.2252:W=0.414107;low@0.8566:W=0.00304443;high@0.5732:W=0.000351804;high@0.5791:W=0.000623469;high@0.5853:W=0.000566725;high@0.8556:W=0.00302989
nstxuG142301F62/N9/egn09w.6894E+02,nstxuG142301F62,candidate,9,8.30319398952184,-0.03476412000734269,,,below_upper2,0.6512989537915593,0.8027749600505776,0.01,lower_max,0.215,0.205,0.054888910684600827,0.0005940144375061423,0.1026520750760101,5,0,5,0.057435382301335144,0.0,0.057435382301335144,0.057435382301335144,False,False,False,False,False,low@0.8569:W=0.000785392;high@0.5328:W=0.0574354;high@0.5433:W=0.015857;high@0.5477:W=0.0209775;high@0.8558:W=0.000826606,low@0.8569:W=0.000785392;high@0.5328:W=0.0574354;high@0.5433:W=0.015857;high@0.5477:W=0.0209775;high@0.8558:W=0.000826606
nstxuG142301F62/N9/egn09w.7022E+02,nstxuG142301F62,candidate,9,8.379833395137588,-0.006563103557165951,,,mixed,0.46589544505047714,0.35410955333428396,0.545,upper_min,0.375,0.17000000000000004,0.12938113980764598,0.0005398104266384378,0.04825075382460215,3,0,3,0.1427621149583983,0.0,0.1427621149583983,0.1427621149583983,False,False,False,False,False,low@0.8569:W=0.000163119;high@0.5313:W=0.142762;high@0.8558:W=0.000160474,low@0.8569:W=0.000163119;high@0.5313:W=0.142762;high@0.8558:W=0.000160474
nstxuG142301F62/N9/egn09w.7232E+02,nstxuG142301F62,candidate,9,8.504363479460968,-9.772513207065234e-05,,,below_upper2,0.9994095668006923,0.9996162282884311,0.01,lower_max,0.215,0.205,0.07724537701304178,0.00030386494391754833,0.10022385506470563,5,0,5,9.87842818210992e-05,0.0,9.87842818210992e-05,9.87842818210992e-05,False,False,False,False,False,low@0.8570:W=1.87838e-06;high@0.5097:W=1.65824e-05;high@0.5184:W=5.83004e-05;high@0.5286:W=9.87843e-05;high@0.8559:W=1.894e-06,low@0.8570:W=1.87838e-06;high@0.5097:W=1.65824e-05;high@0.5184:W=5.83004e-05;high@0.5286:W=9.87843e-05;high@0.8559:W=1.894e-06
nstxuG142301F62/N9/egn09w.9917E+02,nstxuG142301F62,candidate,9,9.958609860911416,0.1360058775665106,,,mixed,-0.08191682079429856,0.301201856898305,0.005,upper_min,0.22,0.215,-0.011406967268496654,0.03929538205593862,0.10821239324096231,9,2,7,0.31684644020130615,0.023388152865161844,0.31684644020130615,0.04566866457833035,False,False,False,False,False,low@0.8577:W=0.0213097;high@0.3060:W=0.0341321;high@0.3264:W=0.0795463;high@0.3623:W=0.316846;high@0.3904:W=0.301568;high@0.4023:W=0.0456687;high@0.8564:W=0.0207376,low@0.8577:W=0.0213097;high@0.2101:W=0.0105294;high@0.2316:W=0.0233882;high@0.3060:W=0.0341321;high@0.3264:W=0.0795463;high@0.3623:W=0.316846;high@0.3904:W=0.301568;high@0.4023:W=0.0456687;high@0.8564:W=0.0207376
nstxuG142301F62/N10/egn10w.3523E+02,nstxuG142301F62,candidate,10,5.935216839418849,-0.0007167459801701261,,,below_upper2,0.9026838317230853,0.8819400819736373,0.265,lower_max,0.355,0.08999999999999997,-0.13046594607038117,0.19291661603816057,0.07766740228710489,4,1,3,0.3249506903849813,0.13455575644028675,0.3249506903849813,0.18478009071863416,False,False,False,False,False,low@0.3883:W=0.324951;low@0.4086:W=0.18478;high@0.7039:W=0.030932,low@0.3732:W=0.134556;low@0.3883:W=0.324951;low@0.4086:W=0.18478;high@0.7039:W=0.030932
nstxuG142301F62/N10/egn10w.3553E+02,nstxuG142301F62,candidate,10,5.960493048806318,-0.0012113613959141537,,,below_upper2,0.8102990763723079,0.7675755374641506,0.74,lower_max,0.355,0.385,-0.12567206514068183,0.18772798025491783,0.07733804404329606,4,1,3,0.4469498769252298,0.19430707789184745,0.4469498769252298,0.0838421920635415,False,False,False,False,False,low@0.3890:W=0.44695;low@0.4081:W=0.0838422;high@0.7028:W=0.0779211,low@0.3726:W=0.194307;low@0.3890:W=0.44695;low@0.4081:W=0.0838422;high@0.7028:W=0.0779211
nstxuG142301F62/N10/egn10w.3581E+02,nstxuG142301F62,candidate,10,5.984262701639765,-0.0006913109838466436,,,below_upper2,0.9683229100249096,0.965522781465707,0.26,lower_max,0.355,0.09499999999999997,-0.1212008653410186,0.26885590138705134,0.07703085524671743,4,1,3,0.3811801853627247,0.3811801853627247,0.29715365569071167,0.29715365569071167,False,False,False,False,False,low@0.3897:W=0.171694;low@0.4077:W=0.297154;high@0.7017:W=0.0138403,low@0.3720:W=0.38118;low@0.3897:W=0.171694;low@0.4077:W=0.297154;high@0.7017:W=0.0138403
nstxuG142301F62/N10/egn10w.3649E+02,nstxuG142301F62,candidate,10,6.0410405944519034,-0.001048690903221141,,,below_upper2,0.9853850561079865,0.9905409897145573,0.39,lower_max,0.355,0.03500000000000003,-0.11066304134233963,0.23696268438611465,0.07630686579919704,4,1,3,0.9683257874102563,0.5732674755458589,0.9683257874102563,0.1845163075590331,False,False,False,False,False,low@0.3911:W=0.968326;low@0.4067:W=0.184516;high@0.6990:W=0.00401554,low@0.3708:W=0.573267;low@0.3911:W=0.968326;low@0.4067:W=0.184516;high@0.6990:W=0.00401554
nstxuG142301F62/N10/egn10w.3911E+02,nstxuG142301F62,candidate,10,6.253956806704982,-0.0016826915756595602,,,below_upper2,0.9579725691919928,0.9588621314936974,0.25,lower_max,0.295,0.044999999999999984,-0.15868773397008207,0.2708183203883913,0.10800896469587405,6,1,5,0.5276955392932007,0.5276955392932007,0.43300577473809004,0.19496701912186054,False,False,False,False,False,low@0.3400:W=0.433006;low@0.3669:W=0.197876;low@0.3982:W=0.426205;low@0.4010:W=0.194967;high@0.6834:W=0.00786979,low@0.3211:W=0.527696;low@0.3400:W=0.433006;low@0.3669:W=0.197876;low@0.3982:W=0.426205;low@0.4010:W=0.194967;high@0.6834:W=0.00786979
nstxuG142301F62/N10/egn10w.3929E+02,nstxuG142301F62,candidate,10,6.267888052721378,-0.0009614181132202392,,,below_upper2,0.986979109542193,0.9926164037668698,0.25,lower_max,0.295,0.044999999999999984,-0.15611239061003146,0.2905785490356478,0.10776889986917361,6,1,5,0.31973696326023826,0.31973696326023826,0.07415951081431073,0.04818194955618362,False,False,False,False,False,low@0.3404:W=0.0741595;low@0.3666:W=0.0615756;low@0.3991:W=0.0636332;low@0.4005:W=0.0481819;high@0.6828:W=0.00107647,low@0.3206:W=0.319737;low@0.3404:W=0.0741595;low@0.3666:W=0.0615756;low@0.3991:W=0.0636332;low@0.4005:W=0.0481819;high@0.6828:W=0.00107647
nstxuG142301F62/N10/egn10w.4069E+02,nstxuG142301F62,candidate,10,6.378621423665727,-0.00027613637853553973,,,below_upper2,0.9941300316980092,0.9999121487441903,0.25,lower_max,0.295,0.044999999999999984,-0.13604218833594703,0.38328281123190194,0.10589802326859625,4,1,3,0.31574235453153926,0.31574235453153926,0.07529193832513113,1.1325400677300436e-06,False,False,False,False,False,low@0.3432:W=0.0752919;low@0.3646:W=0.0738722;high@0.6783:W=1.13254e-06,low@0.3180:W=0.315742;low@0.3432:W=0.0752919;low@0.3646:W=0.0738722;high@0.6783:W=1.13254e-06
nstxuG142301F62/N10/egn10w.4175E+02,nstxuG142301F62,candidate,10,6.4611956906821435,-9.415952732297782e-05,,,below_upper2,0.99463021501119,0.9997984759606374,0.265,lower_max,0.295,0.02999999999999997,-0.12152353644975683,0.3100721157070041,0.10454464348124476,4,1,3,0.19326227939581536,0.19326227939581536,0.04686388123233481,9.919724978586175e-06,False,False,False,False,False,low@0.3454:W=0.0468639;low@0.3630:W=0.0216216;high@0.6698:W=9.91972e-06,low@0.3161:W=0.193262;low@0.3454:W=0.0468639;low@0.3630:W=0.0216216;high@0.6698:W=9.91972e-06
nstxuG142301F62/N10/egn10w.4774E+02,nstxuG142301F62,candidate,10,6.909150379302495,-9.886550767291241e-05,,,below_upper2,0.9864693495495124,0.9995563988426951,0.005,lower_max,0.195,0.19,-0.1597750063808593,0.0004985274445031318,0.12621613773400778,4,0,4,0.08533492905987569,0.0,0.08533492905987569,1.2744516261350925e-05,False,False,False,False,False,low@0.2363:W=1.57043e-05;low@0.2811:W=0.0853349;low@0.3071:W=0.0410372;high@0.6427:W=1.27445e-05,low@0.2363:W=1.57043e-05;low@0.2811:W=0.0853349;low@0.3071:W=0.0410372;high@0.6427:W=1.27445e-05
nstxuG142301F62/N10/egn10w.5008E+02,nstxuG142301F62,candidate,10,7.076759155717138,-8.99048642762257e-06,,,below_upper2,0.9996447045791343,0.9999942581400529,0.1,lower_max,0.195,0.095,-0.13230643419146393,0.009670318907587756,0.1232267845648684,4,0,4,0.0067390694788584905,0.0,0.0067390694788584905,7.202620627848141e-07,False,False,False,False,False,low@0.2315:W=0.00673907;low@0.2862:W=2.12262e-06;low@0.3031:W=2.02451e-06;high@0.6323:W=7.20262e-07,low@0.2315:W=0.00673907;low@0.2862:W=2.12262e-06;low@0.3031:W=2.02451e-06;high@0.6323:W=7.20262e-07
nstxuG142301F62/N10/egn10w.5016E+02,nstxuG142301F62,candidate,10,7.0822768336197015,-5.751252977549898e-05,,,below_upper2,0.9944992185064342,0.9999890408349739,0.165,lower_max,0.195,0.03,-0.13142427407012966,0.31949312767023014,0.12313078073415538,4,0,4,0.5241837548936759,0.0,0.5241837548936759,3.859353047594291e-06,False,False,False,False,False,low@0.2313:W=0.524184;low@0.2864:W=3.42636e-05;low@0.3030:W=1.33614e-05;high@0.6322:W=3.85935e-06,low@0.2313:W=0.524184;low@0.2864:W=3.42636e-05;low@0.3030:W=1.33614e-05;high@0.6322:W=3.85935e-06
nstxuG142301F62/N10/egn10w.5045E+02,nstxuG142301F62,candidate,10,7.102553660711722,-0.00044564797362986637,,,below_upper2,0.9922665795916124,0.999973186529623,0.08,lower_max,0.195,0.115,-0.12819421126892358,0.0406027821796255,0.12277925906041391,6,0,6,0.1801541947928617,0.0,0.1801541947928617,1.8731249736619831e-06,False,False,False,False,False,low@0.2307:W=0.042515;low@0.2871:W=0.180154;low@0.3024:W=0.162097;high@0.6247:W=1.78392e-06;high@0.6258:W=1.79071e-06;high@0.6317:W=1.87312e-06,low@0.2307:W=0.042515;low@0.2871:W=0.180154;low@0.3024:W=0.162097;high@0.6247:W=1.78392e-06;high@0.6258:W=1.79071e-06;high@0.6317:W=1.87312e-06
nstxuG142301F62/N10/egn10w.5047E+02,nstxuG142301F62,candidate,10,7.104167229382084,-5.3118788125866064e-06,,,below_upper2,0.9977460398211285,0.9999991157241283,0.085,lower_max,0.195,0.11,-0.12793796464991686,0.06595008544582179,0.12275137222169047,6,0,6,0.04601630315316458,0.0,0.04601630315316458,1.2326489310510508e-07,False,False,False,False,False,low@0.2307:W=0.0460163;low@0.2872:W=7.23115e-06;low@0.3024:W=5.05204e-06;high@0.6247:W=1.23265e-07;high@0.6258:W=1.20623e-07;high@0.6316:W=1.17267e-07,low@0.2307:W=0.0460163;low@0.2872:W=7.23115e-06;low@0.3024:W=5.05204e-06;high@0.6247:W=1.23265e-07;high@0.6258:W=1.20623e-07;high@0.6316:W=1.17267e-07
nstxuG142301F62/N10/egn10w.5125E+02,nstxuG142301F62,candidate,10,7.15885524859909,-0.00011947938647120928,,,below_upper2,0.9977769697715337,0.9999957627377464,0.045,lower_max,0.195,0.15000000000000002,-0.11932140642317585,0.05089279986709013,0.12181364835804799,7,0,7,0.12071842978186934,0.0,0.12071842978186934,8.181408603298375e-07,False,False,False,False,False,low@0.0911:W=0.120718;low@0.2292:W=0.0336814;low@0.2891:W=2.53724e-06;low@0.3008:W=2.26852e-06;high@0.6235:W=8.18141e-07;high@0.6290:W=7.33058e-07;high@0.6304:W=6.89064e-07,low@0.0911:W=0.120718;low@0.2292:W=0.0336814;low@0.2891:W=2.53724e-06;low@0.3008:W=2.26852e-06;high@0.6235:W=8.18141e-07;high@0.6290:W=7.33058e-07;high@0.6304:W=6.89064e-07
nstxuG142301F62/N10/egn10w.5167E+02,nstxuG142301F62,candidate,10,7.188227937966207,-6.967311416447736e-06,,,below_upper2,0.9966047376300795,0.9999961298246538,0.035,lower_max,0.195,0.16,-0.11474761156628442,0.10889038172679587,0.12131589084607508,5,0,5,0.21025987877097427,0.0,0.21025987877097427,4.2746472199399625e-07,False,False,False,False,False,low@0.1028:W=0.21026;low@0.2284:W=0.0290472;low@0.2904:W=5.33484e-06;low@0.2999:W=1.17151e-06;high@0.6229:W=4.27465e-07,low@0.1028:W=0.21026;low@0.2284:W=0.0290472;low@0.2904:W=5.33484e-06;low@0.2999:W=1.17151e-06;high@0.6229:W=4.27465e-07
nstxuG142301F62/N10/egn10w.5179E+02,nstxuG142301F62,candidate,10,7.196503228450974,-0.00036490972127405135,,,below_upper2,0.99680407637588,0.9999984382867402,0.03,lower_max,0.195,0.165,-0.11346575842037872,0.11127167389372071,0.1211763891734849,5,0,5,0.11788231567198852,0.0,0.11788231567198852,5.044411779394272e-07,False,False,False,False,False,low@0.1055:W=0.117882;low@0.2282:W=0.0464902;low@0.2910:W=2.4996e-06;low@0.2992:W=1.42742e-06;high@0.6227:W=5.04441e-07,low@0.1055:W=0.117882;low@0.2282:W=0.0464902;low@0.2910:W=2.4996e-06;low@0.2992:W=1.42742e-06;high@0.6227:W=5.04441e-07
nstxuG142301F62/N10/egn10w.5191E+02,nstxuG142301F62,candidate,10,7.205139966772991,-2.810262235028793e-06,,,below_upper2,0.996586110684154,0.9999981280826569,0.03,lower_max,0.195,0.165,-0.11213105674485929,0.12049925984641345,0.12103113609458224,5,0,5,0.2400730500479439,0.0,0.2400730500479439,2.1537401698327318e-07,False,False,False,False,False,low@0.1079:W=0.240073;low@0.2280:W=0.0317236;low@0.2917:W=2.18614e-06;low@0.2985:W=9.77228e-07;high@0.6225:W=2.15374e-07,low@0.1079:W=0.240073;low@0.2280:W=0.0317236;low@0.2917:W=2.18614e-06;low@0.2985:W=9.77228e-07;high@0.6225:W=2.15374e-07
nstxuG142301F62/N10/egn10w.5264E+02,nstxuG142301F62,candidate,10,7.255214492730475,-4.846134917021601e-05,,,below_upper2,0.9953837741793438,0.999992051163107,0.045,lower_max,0.195,0.15000000000000002,-0.10445527603225692,0.14677609669038794,0.12019579528252157,5,0,5,0.4598026209444584,0.0,0.4598026209444584,5.844398774464401e-06,False,False,False,False,False,low@0.1197:W=0.459803;low@0.2266:W=0.176743;high@0.6148:W=4.75672e-06;high@0.6154:W=4.74026e-06;high@0.6215:W=5.8444e-06,low@0.1197:W=0.459803;low@0.2266:W=0.176743;high@0.6148:W=4.75672e-06;high@0.6154:W=4.74026e-06;high@0.6215:W=5.8444e-06
nstxuG142301F62/N10/egn10w.5306E+02,nstxuG142301F62,candidate,10,7.2845690707174064,-6.29725357994583e-05,,,below_upper2,0.9989488992420597,0.9999744577014287,0.02,lower_max,0.195,0.17500000000000002,-0.10000466018681278,0.018493119892323145,0.11971144311123046,5,0,5,0.015042559507004914,0.0,0.015042559507004914,7.505679023607924e-06,False,False,False,False,False,low@0.1252:W=0.00493286;low@0.2258:W=0.0150426;high@0.6139:W=3.22972e-06;high@0.6174:W=4.26801e-06;high@0.6208:W=7.50568e-06,low@0.1252:W=0.00493286;low@0.2258:W=0.0150426;high@0.6139:W=3.22972e-06;high@0.6174:W=4.26801e-06;high@0.6208:W=7.50568e-06
nstxuG142301F62/N10/egn10w.5380E+02,nstxuG142301F62,candidate,10,7.334521777454027,-5.352305602434381e-06,,,below_upper2,0.9996471385080254,0.9999469714135797,0.005,lower_max,0.195,0.19,-0.09251293654531567,0.0003506052019348073,0.11889613288485211,3,1,2,0.0006532053956449695,0.00016796944528721285,0.0006532053956449695,7.0799815271241526e-06,False,False,False,False,False,low@0.1328:W=0.000653205;high@0.6123:W=7.07998e-06,low@0.1328:W=0.000653205;low@0.2244:W=0.000167969;high@0.6123:W=7.07998e-06
nstxuG142301F62/N10/egn10w.5636E+02,nstxuG142301F62,candidate,10,7.507629069381429,-2.3705989875522694e-07,,,below_upper2,0.9998047121587517,0.9998080101842455,0.005,lower_max,0.195,0.19,-0.0673222999151291,1.3950734580141734e-05,0.11615468316828625,3,1,2,2.2711401370540672e-05,2.1903100198936685e-06,2.2711401370540672e-05,8.755864602377742e-06,False,False,False,False,False,low@0.1517:W=2.27114e-05;high@0.5985:W=8.75586e-06,low@0.1517:W=2.27114e-05;low@0.2196:W=2.19031e-06;high@0.5985:W=8.75586e-06
nstxuG142301F62/N10/egn10w.5721E+02,nstxuG142301F62,candidate,10,7.563844215027867,-6.697300999630828e-06,,,below_upper2,0.9922608075749735,0.9999884480129234,0.01,lower_max,0.195,0.185,-0.05938986809399077,0.16353957265623287,0.11529141149766566,3,1,2,0.11653119915009529,0.05620480661295055,0.11653119915009529,2.2461615998357334e-06,False,False,False,False,False,low@0.1565:W=0.116531;high@0.5975:W=2.24616e-06,low@0.1565:W=0.116531;low@0.2180:W=0.0562048;high@0.5975:W=2.24616e-06
nstxuG142301F62/N10/egn10w.5824E+02,nstxuG142301F62,candidate,10,7.6318172178094414,-5.863493325586575e-07,,,below_upper2,0.9999298344901304,0.9999389592637452,0.01,lower_max,0.195,0.185,-0.0499543813159946,9.540808672914004e-05,0.11426456517643369,5,1,4,2.0960588096352743e-05,1.0064246938970559e-05,2.0960588096352743e-05,1.4110604496069722e-05,False,False,False,False,False,low@0.1617:W=2.09606e-05;high@0.5880:W=3.18351e-06;high@0.5914:W=5.20333e-06;high@0.5962:W=1.41106e-05,low@0.1617:W=2.09606e-05;low@0.2160:W=1.00642e-05;high@0.5880:W=3.18351e-06;high@0.5914:W=5.20333e-06;high@0.5962:W=1.41106e-05
nstxuG142301F62/N10/egn10w.5948E+02,nstxuG142301F62,candidate,10,7.7121969039649345,-2.9736137700539327e-05,,,below_upper2,0.9950114706789837,0.9999419377433398,0.005,lower_max,0.195,0.19,-0.039011325180540374,0.6939626768846634,0.11307365291084387,3,2,1,0.3879971606148011,0.3879971606148011,9.063408448096445e-07,9.063408448096445e-07,False,False,False,False,False,high@0.5840:W=9.06341e-07,low@0.1675:W=0.387997;low@0.2133:W=0.171629;high@0.5840:W=9.06341e-07
nstxuG142301F62/N10/egn10w.6027E+02,nstxuG142301F62,candidate,10,7.763370522846376,-3.134365489301711e-05,,,below_upper2,0.9825607300680037,0.9984945044272255,0.005,lower_max,0.195,0.19,-0.032162499736511946,0.06235542469435278,0.11232830808895711,3,2,1,0.00996534118769273,0.00996534118769273,1.6630503575259798e-06,1.6630503575259798e-06,False,False,False,False,False,high@0.5830:W=1.66305e-06,low@0.1710:W=0.00874692;low@0.2116:W=0.00996534;high@0.5830:W=1.66305e-06
nstxuG142301F62/N10/egn10w.6106E+02,nstxuG142301F62,candidate,10,7.8140116958509065,-5.11907516099963e-05,,,below_upper2,0.9803758905098148,0.9979611755513003,0.005,lower_max,0.195,0.19,-0.02547324436392278,0.06858964187211071,0.1116003289785266,5,2,3,0.015431796850296204,0.015431796850296204,2.457935096582141e-06,2.457935096582141e-06,False,False,False,False,False,high@0.5725:W=2.16659e-06;high@0.5762:W=2.24573e-06;high@0.5820:W=2.45794e-06,low@0.1744:W=0.0154318;low@0.2098:W=0.00872295;high@0.5725:W=2.16659e-06;high@0.5762:W=2.24573e-06;high@0.5820:W=2.45794e-06
nstxuG142301F62/N10/egn10w.6158E+02,nstxuG142301F62,candidate,10,7.847001449179238,-8.85060655089523e-05,,,mixed,0.04717937458232271,0.3187718438869344,0.005,lower_max,0.195,0.19,-0.02116202948834652,4.634078600529355e-06,0.1111311475532132,5,2,3,0.0874778408008829,9.37867608933718e-07,0.0874778408008829,0.0874778408008829,False,False,False,False,False,high@0.5699:W=0.0233498;high@0.5775:W=0.0874778;high@0.5813:W=0.0837977,low@0.1767:W=9.37868e-07;low@0.2083:W=8.17023e-07;high@0.5699:W=0.0233498;high@0.5775:W=0.0874778;high@0.5813:W=0.0837977
nstxuG142301F62/N10/egn10w.6183E+02,nstxuG142301F62,candidate,10,7.86330716089477,-6.88606038938142e-05,,,below_upper2,0.9880556633823799,0.9965197166604157,0.005,lower_max,0.195,0.19,-0.019044501414345945,0.013009929600554733,0.1109007009462651,5,2,3,0.0030022893694525267,0.0030022893694525267,3.4673416878822343e-06,3.4673416878822343e-06,False,False,False,False,False,high@0.5696:W=3.15724e-06;high@0.5782:W=3.38801e-06;high@0.5809:W=3.46734e-06,low@0.1779:W=0.00300229;low@0.2075:W=0.00220682;high@0.5696:W=3.15724e-06;high@0.5782:W=3.38801e-06;high@0.5809:W=3.46734e-06
nstxuG142301F62/N10/egn10w.6257E+02,nstxuG142301F62,candidate,10,7.9102165263297985,-0.0001812777251268982,,,below_upper2,0.9888018183859684,0.9954205788901263,0.005,lower_max,0.195,0.19,-0.013001338025292495,0.00316875260675664,0.110243034814071,3,2,1,0.0006459863881009508,0.0006459863881009508,4.367227431365406e-06,4.367227431365406e-06,False,False,False,False,False,high@0.5687:W=4.36723e-06,low@0.1814:W=0.000604871;low@0.2054:W=0.000645986;high@0.5687:W=4.36723e-06
nstxuG142301F62/N10/egn10w.6327E+02,nstxuG142301F62,candidate,10,7.953954918698258,-0.0001445419621811935,,,below_upper2,0.9874175240814432,0.9944247438250589,0.005,lower_max,0.195,0.19,-0.007430895340463164,0.00035342070565413236,0.10963681398910098,3,2,1,9.401187785723918e-05,9.401187785723918e-05,9.952169276823298e-06,9.952169276823298e-06,False,False,False,False,False,high@0.5679:W=9.95217e-06,low@0.1849:W=8.92241e-05;low@0.2025:W=9.40119e-05;high@0.5679:W=9.95217e-06
nstxuG142301F62/N10/egn10w.6443E+02,nstxuG142301F62,candidate,10,8.026834875902209,-0.00016713369822955474,,,below_upper2,0.9827885869188372,0.9925803254570714,0.005,lower_max,0.195,0.19,0.0017161123747164411,8.843411375165355e-06,0.10864136230297108,3,0,3,1.4079291389962586e-05,0.0,1.4079291389962586e-05,1.4079291389962586e-05,False,False,False,False,False,high@0.5538:W=7.83597e-06;high@0.5596:W=1.27011e-05;high@0.5666:W=1.40793e-05,high@0.5538:W=7.83597e-06;high@0.5596:W=1.27011e-05;high@0.5666:W=1.40793e-05
nstxuG142301F62/N10/egn10w.7430E+02,nstxuG142301F62,candidate,10,8.619943931845373,-0.00459871161659996,,,below_upper2,0.6384288768324445,0.5508546364370495,0.005,lower_max,0.195,0.19,0.0704046350419339,2.1098154490451604e-05,0.10116611926875103,3,0,3,0.014964836653958886,0.0,0.014964836653958886,0.014964836653958886,False,False,False,False,False,high@0.4934:W=0.000100381;high@0.4961:W=0.000128097;high@0.5114:W=0.0149648,high@0.4934:W=0.000100381;high@0.4961:W=0.000128097;high@0.5114:W=0.0149648
nstxuG121123B12/N6/egn06w.3574E+02,nstxuG121123B12,candidate,6,5.977877768500423,-0.00025186322509992704,,,below_upper2,0.48989208306741516,0.9023136133223043,0.5650000000000001,upper_min,0.245,0.32000000000000006,-0.05770549948114699,5.803628742050825e-06,0.08629460833632312,9,0,9,0.5315990794422614,0.0,0.5315990794422614,0.5315990794422614,False,False,False,False,False,high@0.0601:W=4.29619e-05;high@0.1240:W=0.000321964;high@0.1809:W=8.13545e-06;high@0.3079:W=3.82224e-06;high@0.3927:W=3.60566e-05;high@0.4210:W=0.000364166;high@0.4790:W=0.00665818;high@0.5026:W=0.531599;high@0.7838:W=0.232459,high@0.0601:W=4.29619e-05;high@0.1240:W=0.000321964;high@0.1809:W=8.13545e-06;high@0.3079:W=3.82224e-06;high@0.3927:W=3.60566e-05;high@0.4210:W=0.000364166;high@0.4790:W=0.00665818;high@0.5026:W=0.531599;high@0.7838:W=0.232459
nstxuG121123B12/N7/egn07w.1059E+02,nstxuG121123B12,candidate,7,3.2543489216405317,-0.000930148892822328,,,below_upper2,0.9812198875683337,0.9999988020518928,0.795,lower_max,0.34500000000000003,0.45,-0.13480835230735355,0.0005852776740148265,0.055130430337640444,4,0,4,0.2696224595517455,0.0,0.2696224595517455,0.1588720675447672,False,False,False,False,False,low@0.3890:W=0.269622;low@0.4230:W=0.158872;low@0.4460:W=0.0495056;high@0.9808:W=2.32094e-05,low@0.3890:W=0.269622;low@0.4230:W=0.158872;low@0.4460:W=0.0495056;high@0.9808:W=2.32094e-05
nstxuG121123B12/N7/egn07w.1123E+02,nstxuG121123B12,candidate,7,3.3512608554909673,-6.5707263539334615e-06,,,below_upper2,0.9993932858556116,0.9999510955167794,0.435,lower_max,0.34500000000000003,0.08999999999999997,-0.10199190598640004,0.00014564757884121617,0.05353616571652824,2,0,2,0.0011673258238118886,0.0,0.0011673258238118886,3.620755793678948e-05,False,False,False,False,False,low@0.3811:W=0.00116733;high@0.9788:W=3.62076e-05,low@0.3811:W=0.00116733;high@0.9788:W=3.62076e-05
nstxuG121123B12/N7/egn07w.1224E+02,nstxuG121123B12,candidate,7,3.4990883005481437,-0.0012603986954517136,,,below_upper2,0.9601197642329509,0.9999922169993807,0.8150000000000001,lower_max,0.34500000000000003,0.47000000000000003,-0.05543559361493514,0.007937205872580556,0.051274400960608195,2,1,1,0.09679034793878656,0.09679034793878656,8.608232817299718e-05,8.608232817299718e-05,False,False,False,False,False,high@0.9753:W=8.60823e-05,low@0.3705:W=0.0967903;high@0.9753:W=8.60823e-05
nstxuG121123B12/N7/egn07w.1373E+02,nstxuG121123B12,candidate,7,3.705097811719401,-0.00023850561835733758,,,below_upper2,0.954645491661504,0.9761310949117865,0.34500000000000003,lower_max,0.34500000000000003,0.0,0.0032483553015058082,0.6587484584764844,0.048423460225904075,2,0,2,0.009348073872130902,0.0,0.009348073872130902,0.009348073872130902,True,True,False,True,True,low@0.2414:W=0.00329856;high@0.9690:W=0.00934807,low@0.2414:W=0.00329856;high@0.9690:W=0.00934807
nstxuG121123B12/N7/egn07w.1458E+02,nstxuG121123B12,candidate,7,3.818710563798438,-5.958651646951344e-05,,,below_upper2,0.9005762333703677,0.9998651034175352,0.93,lower_max,0.34500000000000003,0.585,0.032903312282812076,0.0017437985235150865,0.046982784770264824,2,0,2,0.1762186496868209,0.0,0.1762186496868209,0.0013851321950614903,False,False,False,False,False,low@0.2275:W=0.176219;high@0.9642:W=0.00138513,low@0.2275:W=0.176219;high@0.9642:W=0.00138513
nstxuG121123B12/N7/egn07w.1583E+02,nstxuG121123B12,candidate,7,3.9784259638292943,-5.254174485250219e-05,,,below_upper2,0.9978717474121472,0.9999996539507567,0.34500000000000003,lower_max,0.34500000000000003,0.0,0.07172777093846505,0.42798432381011214,0.045096643283061205,4,0,4,0.20112193266444098,0.0,0.20112193266444098,3.730000982440355e-06,False,False,False,False,False,low@0.1071:W=9.68835e-05;low@0.1353:W=9.5192e-05;low@0.2111:W=0.201122;high@0.9551:W=3.73e-06,low@0.1071:W=9.68835e-05;low@0.1353:W=9.5192e-05;low@0.2111:W=0.201122;high@0.9551:W=3.73e-06
nstxuG121123B12/N7/egn07w.1880E+02,nstxuG121123B12,candidate,7,4.335963652718665,-1.9522907258127373e-05,,,below_upper2,0.985547401139151,0.9999999691501337,0.18,lower_max,0.17500000000000002,0.004999999999999977,0.00042799231885488914,0.8184628943926306,0.09130814701571562,2,0,2,0.10035197871443946,0.0,0.10035197871443946,2.517108264744642e-08,True,True,False,False,False,low@0.0848:W=0.100352;high@0.9196:W=2.51711e-08,low@0.0848:W=0.100352;high@0.9196:W=2.51711e-08
nstxuG121123B12/N7/egn07w.1888E+02,nstxuG121123B12,candidate,7,4.345454157378905,-1.7295596554846684e-06,,,below_upper2,0.9883631567005228,0.9999909818632149,0.17500000000000002,lower_max,0.17500000000000002,0.0,0.00261106512403776,0.8894492192514791,0.09110872933383787,2,0,2,0.03696585667232789,0.0,0.03696585667232789,1.3842168404777936e-06,True,True,False,False,True,low@0.0844:W=0.0369659;high@0.9187:W=1.38422e-06,low@0.0844:W=0.0369659;high@0.9187:W=1.38422e-06
nstxuG121123B12/N7/egn07w.2052E+02,nstxuG121123B12,candidate,7,4.52981544896089,-9.64084841544639e-06,,,below_upper2,0.9756604882314107,0.9999962624510431,0.17,lower_max,0.17500000000000002,0.0050000000000000044,0.04320431098916319,0.6621711145268846,0.08740064824231505,2,0,2,0.33056873472082254,0.0,0.33056873472082254,5.887883823119017e-06,False,False,False,False,False,low@0.0771:W=0.330569;high@0.9002:W=5.88788e-06,low@0.0771:W=0.330569;high@0.9002:W=5.88788e-06
nstxuG121123B12/N7/egn07w.2666E+02,nstxuG121123B12,candidate,7,5.163718673859293,-5.143270282316082e-08,,,below_upper2,0.9258077864875053,0.9999769079401413,0.05,lower_max,0.05,0.0,0.009191850422211795,0.8937459639184824,0.0405562800550108,1,0,1,7.098597699080554e-06,0.0,7.098597699080554e-06,7.098597699080554e-06,True,True,True,True,True,high@0.8438:W=7.0986e-06,high@0.8438:W=7.0986e-06
nstxuG121123B12/N7/egn07w.2697E+02,nstxuG121123B12,candidate,7,5.1930188224318625,-2.8903547679670933e-08,,,below_upper2,0.94352262640355,0.9999997167407703,0.055,lower_max,0.05,0.0049999999999999975,0.014782206818406569,0.9498275935707078,0.040327452648102606,1,0,1,1.48955563580096e-07,0.0,1.48955563580096e-07,1.48955563580096e-07,True,True,True,True,True,high@0.8426:W=1.48956e-07,high@0.8426:W=1.48956e-07
nstxuG121123B12/N7/egn07w.2744E+02,nstxuG121123B12,candidate,7,5.2387518523399015,-0.002576527212552571,,,below_upper2,0.8531988588102597,0.9179474591663432,0.505,upper_min,0.35000000000000003,0.15499999999999997,0.11776632992307297,0.06680673785938962,0.06093164805505789,1,0,1,0.27609315261563155,0.0,0.27609315261563155,0.27609315261563155,False,False,False,False,False,high@0.8408:W=0.276093,high@0.8408:W=0.276093
nstxuG121123B12/N7/egn07w.2755E+02,nstxuG121123B12,candidate,7,5.248955292359064,-0.00200253169674556,,,below_upper2,0.9178970817665709,0.9608541001868981,0.505,upper_min,0.35000000000000003,0.15499999999999997,0.11559350484311628,0.08400589517485774,0.06081320307285285,1,0,1,0.07272840710177517,0.0,0.07272840710177517,0.07272840710177517,False,False,False,False,False,high@0.8404:W=0.0727284,high@0.8404:W=0.0727284
nstxuG121123B12/N7/egn07w.2770E+02,nstxuG121123B12,candidate,7,5.2631443770385635,-1.0173979024518425e-06,,,below_upper2,0.9359079097734018,0.9999001675409099,0.045,lower_max,0.05,0.0050000000000000044,0.027909139922628928,0.9025018894319722,0.039790134121337264,1,0,1,7.823121139186346e-05,0.0,7.823121139186346e-05,7.823121139186346e-05,True,True,True,True,True,high@0.8346:W=7.82312e-05,high@0.8346:W=7.82312e-05
nstxuG121123B12/N7/egn07w.2883E+02,nstxuG121123B12,candidate,7,5.36925277959459,-1.234060995610559e-06,,,below_upper2,0.8571541621534998,0.9999703176838877,0.05,upper_min,0.055,0.0049999999999999975,0.022669485026609846,0.9098949909330833,0.06316330485894077,1,0,1,1.1774090135700337e-05,0.0,1.1774090135700337e-05,1.1774090135700337e-05,True,True,True,True,True,high@0.8310:W=1.17741e-05,high@0.8310:W=1.17741e-05
nstxuG121123B12/N7/egn07w.2949E+02,nstxuG121123B12,candidate,7,5.430588658178975,-5.210365311492653e-06,,,below_upper2,0.5893771480230409,0.9999957646426739,0.17500000000000002,upper_min,0.18,0.004999999999999977,0.005649147045029377,0.9272368699007414,0.14021037209578888,1,0,1,6.792482092944266e-07,0.0,6.792482092944266e-07,6.792482092944266e-07,True,True,True,True,True,high@0.8236:W=6.79248e-07,high@0.8236:W=6.79248e-07
nstxuG121123B12/N7/egn07w.2972E+02,nstxuG121123B12,candidate,7,5.451634872183323,-2.655056175200614e-06,,,below_upper2,0.5121665900964807,0.9995196343106477,0.18,upper_min,0.18,0.0,0.0017668057550809,0.8986254018105305,0.13966908538713307,1,0,1,0.00020211442185041824,0.0,0.00020211442185041824,0.00020211442185041824,True,True,True,True,True,high@0.8229:W=0.000202114,high@0.8229:W=0.000202114
nstxuG121123B12/N7/egn07w.3171E+02,nstxuG121123B12,candidate,7,5.630875038629246,-0.0020536284906803306,,,below_upper2,0.6561117580056334,0.8812969861450449,0.335,upper_min,0.35000000000000003,0.015000000000000013,0.039927256633483434,0.19218427654271317,0.05668848658951299,5,0,5,0.3780855065925545,0.0,0.3780855065925545,0.3780855065925545,False,False,False,False,False,high@0.0441:W=0.00139638;high@0.0642:W=0.00569215;high@0.1594:W=0.0128309;high@0.2014:W=0.0321024;high@0.8114:W=0.378086,high@0.0441:W=0.00139638;high@0.0642:W=0.00569215;high@0.1594:W=0.0128309;high@0.2014:W=0.0321024;high@0.8114:W=0.378086
nstxuG121123B12/N7/egn07w.3281E+02,nstxuG121123B12,candidate,7,5.727791601332008,-0.0004937136388401361,,,below_upper2,0.7148997292002162,0.9111057522977288,0.325,upper_min,0.35000000000000003,0.025000000000000022,0.02233126463712794,0.19965771636400928,0.05572929434798668,5,0,5,0.7049576511094784,0.0,0.7049576511094784,0.7049576511094784,False,False,False,False,False,high@0.0393:W=0.000139794;high@0.0685:W=0.0021395;high@0.1542:W=0.00121579;high@0.2108:W=0.561226;high@0.8018:W=0.704958,high@0.0393:W=0.000139794;high@0.0685:W=0.0021395;high@0.1542:W=0.00121579;high@0.2108:W=0.561226;high@0.8018:W=0.704958
nstxuG121123B12/N7/egn07w.3405E+02,nstxuG121123B12,candidate,7,5.835324985030489,-0.0007246834853421969,,,below_upper2,0.37716172159862865,0.91555540425107,0.34,upper_min,0.35000000000000003,0.010000000000000009,0.003491741486455761,0.21176671747932652,0.0547023147696871,7,0,7,0.3603513384139405,0.0,0.3603513384139405,0.16879260011662753,True,False,False,False,False,high@0.0333:W=2.34481e-05;high@0.0732:W=0.00158673;high@0.1489:W=0.00128923;high@0.2218:W=0.360351;high@0.7897:W=0.0753291;high@0.7915:W=0.114737;high@0.7963:W=0.168793,high@0.0333:W=2.34481e-05;high@0.0732:W=0.00158673;high@0.1489:W=0.00128923;high@0.2218:W=0.360351;high@0.7897:W=0.0753291;high@0.7915:W=0.114737;high@0.7963:W=0.168793
nstxuG121123B12/N7/egn07w.3416E+02,nstxuG121123B12,candidate,7,5.844742035131819,-0.008589688401451804,,,below_upper2,-0.03631819171393036,0.8031376010969332,0.35000000000000003,upper_min,0.35000000000000003,0.0,0.0018749152948040154,0.2190462996318894,0.05461417838389822,7,0,7,0.31876120724711465,0.0,0.31876120724711465,0.250904018518397,True,False,False,False,False,high@0.0327:W=5.49148e-05;high@0.0736:W=0.000430662;high@0.1484:W=0.000271928;high@0.2228:W=0.318761;high@0.7894:W=0.250904;high@0.7928:W=0.239597;high@0.7958:W=0.19125,high@0.0327:W=5.49148e-05;high@0.0736:W=0.000430662;high@0.1484:W=0.000271928;high@0.2228:W=0.318761;high@0.7894:W=0.250904;high@0.7928:W=0.239597;high@0.7958:W=0.19125
nstxuG121123B12/N7/egn07w.3476E+02,nstxuG121123B12,candidate,7,5.89588341138611,-0.00042927428483469695,,,below_upper2,0.027681875810328667,0.8258503836802003,0.505,upper_min,0.35000000000000003,0.15499999999999997,-0.006815429888053153,0.11600984801409782,0.054140450521478825,7,2,5,0.6173794530644178,0.6173794530644178,0.12251800843382528,0.12251800843382528,False,False,False,False,False,high@0.0295:W=1.89154e-06;high@0.0759:W=0.000835926;high@0.1459:W=8.701e-05;high@0.2284:W=0.00302448;high@0.7879:W=0.122518,high@0.0295:W=1.89154e-06;high@0.0759:W=0.000835926;high@0.1459:W=8.701e-05;high@0.2284:W=0.00302448;high@0.3376:W=0.00190934;high@0.3603:W=0.617379;high@0.7879:W=0.122518
nstxuG121123B12/N7/egn07w.3488E+02,nstxuG121123B12,candidate,7,5.905952373453415,-0.0002597726254732267,,,below_upper2,0.22637885716891798,0.9073002002781886,0.51,upper_min,0.35000000000000003,0.15999999999999998,-0.008508694095065817,0.12199338627986543,0.05404814734865645,7,2,5,0.33028074339759184,0.33028074339759184,0.16835446242408036,0.16835446242408036,False,False,False,False,False,high@0.0288:W=7.98829e-07;high@0.0764:W=2.40149e-06;high@0.1454:W=1.98358e-06;high@0.2296:W=0.000677024;high@0.7876:W=0.168354,high@0.0288:W=7.98829e-07;high@0.0764:W=2.40149e-06;high@0.1454:W=1.98358e-06;high@0.2296:W=0.000677024;high@0.3359:W=0.000889232;high@0.3615:W=0.330281;high@0.7876:W=0.168354
nstxuG121123B12/N7/egn07w.3496E+02,nstxuG121123B12,candidate,7,5.913075629873618,-0.00015329850355805637,,,below_upper2,0.2418063193459204,0.9187408268723746,0.44,upper_min,0.35000000000000003,0.08999999999999997,-0.009703105811141569,0.055177457717560295,0.05398303760937689,7,2,5,0.1641911357323018,0.1641911357323018,0.1402532017174109,0.1402532017174109,False,False,False,False,False,high@0.0283:W=3.20916e-06;high@0.0767:W=7.08587e-05;high@0.1451:W=2.68442e-05;high@0.2304:W=9.52834e-05;high@0.7874:W=0.140253,high@0.0283:W=3.20916e-06;high@0.0767:W=7.08587e-05;high@0.1451:W=2.68442e-05;high@0.2304:W=9.52834e-05;high@0.3348:W=0.000168103;high@0.3623:W=0.164191;high@0.7874:W=0.140253
nstxuG121123B12/N7/egn07w.3507E+02,nstxuG121123B12,candidate,7,5.922073970758185,-0.00041892735463713285,,,below_upper2,0.2974906253491819,0.9260422097324982,0.505,upper_min,0.35000000000000003,0.15499999999999997,-0.011207820050585345,0.03833209198557458,0.053901012667305556,9,2,7,0.3208145262329023,0.11734436150298161,0.3208145262329023,0.3208145262329023,False,False,False,False,False,high@0.0276:W=4.99798e-05;high@0.0771:W=1.17884e-06;high@0.1446:W=7.00207e-06;high@0.2314:W=5.32964e-05;high@0.4368:W=0.0825256;high@0.4428:W=0.320815;high@0.7871:W=0.0619221,high@0.0276:W=4.99798e-05;high@0.0771:W=1.17884e-06;high@0.1446:W=7.00207e-06;high@0.2314:W=5.32964e-05;high@0.3336:W=0.000136539;high@0.3634:W=0.117344;high@0.4368:W=0.0825256;high@0.4428:W=0.320815;high@0.7871:W=0.0619221
nstxuG121123B12/N7/egn07w.3619E+02,nstxuG121123B12,candidate,7,6.016094265702276,-9.113861123529169e-05,,,below_upper2,0.4009005216376416,0.7701563229738144,0.5700000000000001,upper_min,0.35000000000000003,0.22000000000000003,-0.026660791412296936,1.6592803016477627e-06,0.05305864070886457,15,2,13,0.9960245569065789,2.2960291870508823e-06,0.9960245569065789,0.9960245569065789,False,False,False,False,False,high@0.0196:W=4.75936e-07;high@0.0819:W=1.17337e-05;high@0.1397:W=1.24315e-05;high@0.2430:W=3.15849e-06;high@0.4257:W=2.48224e-05;high@0.4542:W=0.000105187;high@0.4935:W=0.000525153;high@0.5204:W=0.322639;high@0.5691:W=0.932908;high@0.5705:W=0.996025;high@0.7742:W=0.072161;high@0.7790:W=0.0939641;high@0.7811:W=0.0952535,high@0.0196:W=4.75936e-07;high@0.0819:W=1.17337e-05;high@0.1397:W=1.24315e-05;high@0.2430:W=3.15849e-06;high@0.3216:W=7.4101e-07;high@0.3722:W=2.29603e-06;high@0.4257:W=2.48224e-05;high@0.4542:W=0.000105187;high@0.4935:W=0.000525153;high@0.5204:W=0.322639;high@0.5691:W=0.932908;high@0.5705:W=0.996025;high@0.7742:W=0.072161;high@0.7790:W=0.0939641;high@0.7811:W=0.0952535
nstxuG121123B12/N7/egn07w.8411E+01,nstxuG121123B12,candidate,7,2.900167393223554,-2.3238750833059592e-05,,,below_upper2,0.9951363359228236,0.9999996632601785,0.5700000000000001,lower_max,0.34500000000000003,0.22500000000000003,-0.27339626885993057,3.0218323891973626e-06,0.061863207254205854,2,0,2,0.09286796690238525,0.0,0.09286796690238525,0.09286796690238525,False,False,False,False,False,low@0.5207:W=0.092868;high@0.9865:W=1.53279e-06,low@0.5207:W=0.092868;high@0.9865:W=1.53279e-06
nstxuG121123B12/N7/egn07w.9233E+01,nstxuG121123B12,candidate,7,3.0385141696847486,-6.276417389579217e-05,,,below_upper2,0.9954954881962748,0.999999667910655,0.5,lower_max,0.34500000000000003,0.15499999999999997,-0.2154171846377358,4.067418050330701e-05,0.05904650974113875,2,0,2,0.022631096162314356,0.0,0.022631096162314356,0.022631096162314356,False,False,False,False,False,low@0.4620:W=0.0226311;high@0.9844:W=1.24631e-06,low@0.4620:W=0.0226311;high@0.9844:W=1.24631e-06
nstxuG121123B12/N7/egn07w.9817E+01,nstxuG121123B12,candidate,7,3.133252672023662,-0.00014397530365194914,,,below_upper2,0.9735400279389995,0.999998893481609,0.755,lower_max,0.34500000000000003,0.41,-0.178667258652613,4.306604804462807e-05,0.05726115168458515,2,0,2,0.06202808963857744,0.0,0.06202808963857744,0.06202808963857744,False,False,False,False,False,low@0.4553:W=0.0620281;high@0.9829:W=2.43767e-05,low@0.4553:W=0.0620281;high@0.9829:W=2.43767e-05
nstxuG121123B12/N8/egn08w.1061E+02,nstxuG121123B12,candidate,8,3.256796016323526,-0.0003440594876025381,,,below_upper2,0.9807255723182945,0.9999967575485014,0.78,lower_max,0.39,0.39,-0.07616095186520931,0.01296268627034226,0.013475829017751512,2,1,1,0.1571387967324427,0.1571387967324427,5.8682497114185026e-05,0.1571387967324427,False,False,False,False,False,high@0.9808:W=5.86825e-05,low@0.4141:W=0.157139;high@0.9808:W=5.86825e-05
nstxuG121123B12/N8/egn08w.1250E+02,nstxuG121123B12,candidate,8,3.535569159333138,-1.6548318829078066e-05,,,below_upper2,0.9991151806847649,0.9999868163910517,0.39,lower_max,0.39,0.0,0.0086923652149367,0.8978009819626568,0.012413284618069257,2,0,2,0.0019186232312668645,0.0,0.0019186232312668645,7.247866754383334e-06,True,True,False,True,True,low@0.3273:W=0.00191862;high@0.9748:W=7.24787e-06,low@0.3273:W=0.00191862;high@0.9748:W=7.24787e-06
nstxuG121123B12/N8/egn08w.1315E+02,nstxuG121123B12,candidate,8,3.625659961475979,-0.008815989249792256,,,below_upper2,0.9478244444163801,0.9999673860756696,0.845,lower_max,0.39,0.45499999999999996,0.03332448762493578,0.010291600992561805,0.012104837940677595,2,0,2,0.061123709002721516,0.0,0.061123709002721516,0.00042489764950901003,False,False,False,False,False,low@0.3201:W=0.0611237;high@0.9719:W=0.000424898,low@0.3201:W=0.0611237;high@0.9719:W=0.000424898
nstxuG121123B12/N8/egn08w.1436E+02,nstxuG121123B12,candidate,8,3.7893976215068244,-0.00025471144631628023,,,below_upper2,0.9961004602595982,0.9999995423879776,0.395,lower_max,0.39,0.0050000000000000044,0.07509397243884987,0.40268764957697195,0.011581794956692449,4,0,4,0.5758248471420284,0.0,0.5758248471420284,4.852386298327992e-06,False,False,False,False,False,low@0.1826:W=0.027583;low@0.2423:W=0.0108442;low@0.3059:W=0.575825;high@0.9650:W=4.85239e-06,low@0.1826:W=0.027583;low@0.2423:W=0.0108442;low@0.3059:W=0.575825;high@0.9650:W=4.85239e-06
nstxuG121123B12/N8/egn08w.2078E+02,nstxuG121123B12,candidate,8,4.55892242126274,-4.6556643307824186e-05,,,below_upper2,0.9943021443087489,0.9975668150585281,0.14,lower_max,0.135,0.0050000000000000044,0.002039659522473522,0.985875160667224,0.11291446184393636,2,0,2,0.000637623269885705,0.0,0.000637623269885705,0.0002988910990936019,True,True,True,True,True,low@0.0525:W=0.000637623;high@0.8952:W=0.000298891,low@0.0525:W=0.000637623;high@0.8952:W=0.000298891
nstxuG121123B12/N8/egn08w.2095E+02,nstxuG121123B12,candidate,8,4.576656008707613,-0.0018650348355507037,,,mixed,0.2238149168511043,0.4282899548569432,0.93,lower_max,0.39,0.54,0.23419267380174658,9.699877643306965e-05,0.009589540087384347,2,0,2,0.35105418943828104,0.0,0.35105418943828104,0.35105418943828104,False,False,False,False,False,low@0.0518:W=5.53194e-08;high@0.8934:W=0.351054,low@0.0518:W=5.53194e-08;high@0.8934:W=0.351054
nstxuG121123B12/N8/egn08w.2191E+02,nstxuG121123B12,candidate,8,4.6811585394410224,-3.637888694168578e-08,,,below_upper2,0.9776984058520631,0.9999993754386378,0.135,lower_max,0.135,0.0,0.028098763713893665,0.8989904757297179,0.10996599825619367,2,0,2,0.1317076838505985,0.0,0.1317076838505985,4.811429996318518e-07,True,True,False,False,False,low@0.0478:W=0.131708;high@0.8842:W=4.81143e-07,low@0.0478:W=0.131708;high@0.8842:W=4.81143e-07
nstxuG121123B12/N8/egn08w.2698E+02,nstxuG121123B12,candidate,8,5.193790771896464,-0.0004649325363722149,,,below_upper2,0.9845049386173643,0.9979447954122564,0.465,upper_min,0.395,0.07,0.13587803138096866,0.16036764594575012,0.0032601016285266245,2,0,2,0.009458347214581707,0.0,0.009458347214581707,0.009458347214581707,False,False,False,False,False,low@0.0218:W=4.17473e-05;high@0.8405:W=0.00945835,low@0.0218:W=4.17473e-05;high@0.8405:W=0.00945835
nstxuG121123B12/N8/egn08w.2892E+02,nstxuG121123B12,candidate,8,5.377431174472085,-0.00032045344263749643,,,below_upper2,0.8116235943113477,0.98002398908026,0.14,upper_min,0.14,0.0,0.0138316857152133,0.36911483385053867,0.14215780640125877,1,0,1,0.026089664038960007,0.0,0.026089664038960007,0.026089664038960007,True,True,False,False,True,high@0.8279:W=0.0260897,high@0.8279:W=0.0260897
nstxuG121123B12/N8/egn08w.2899E+02,nstxuG121123B12,candidate,8,5.3839172129520225,-0.0008364535223884199,,,below_upper2,0.8590912057473219,0.9634051499232842,0.14,upper_min,0.14,0.0,0.012610316391422568,0.16301623117906525,0.14198654800963198,1,0,1,0.10161042759769064,0.0,0.10161042759769064,0.10161042759769064,True,False,False,False,False,high@0.8276:W=0.10161,high@0.8276:W=0.10161
nstxuG121123B12/N8/egn08w.2963E+02,nstxuG121123B12,candidate,8,5.443577403753704,-5.090330520674876e-06,,,below_upper2,0.6311670234750699,0.9998383161386751,0.135,upper_min,0.14,0.0050000000000000044,0.001512371014177705,0.929504152937932,0.14043041241767998,1,0,1,7.48265216575125e-05,0.0,7.48265216575125e-05,7.48265216575125e-05,True,True,True,True,True,high@0.8251:W=7.48265e-05,high@0.8251:W=7.48265e-05
nstxuG121123B12/N8/egn08w.3027E+02,nstxuG121123B12,candidate,8,5.501852820390313,-2.4713740496651483e-05,,,below_upper2,0.8684453079061341,0.9769400270374418,0.28500000000000003,upper_min,0.28,0.0050000000000000044,0.03849692239938128,0.40949344559811945,0.06293131622787251,4,0,4,0.043824385775257976,0.0,0.043824385775257976,0.043824385775257976,False,True,False,False,True,high@0.0164:W=0.000528479;high@0.1334:W=0.00191377;high@0.1465:W=0.00332734;high@0.8193:W=0.0438244,high@0.0164:W=0.000528479;high@0.1334:W=0.00191377;high@0.1465:W=0.00332734;high@0.8193:W=0.0438244
nstxuG121123B12/N8/egn08w.3095E+02,nstxuG121123B12,candidate,8,5.562946278667639,-0.002185670067220924,,,below_upper2,0.4222437620239537,0.8197944341166004,0.275,upper_min,0.28,0.0050000000000000044,0.027091928494796323,0.20120198945684056,0.062240191138808104,4,0,4,0.24143679001794904,0.0,0.24143679001794904,0.24143679001794904,True,False,False,False,False,high@0.0216:W=0.000124985;high@0.1296:W=0.000366779;high@0.1507:W=0.02087;high@0.8148:W=0.241437,high@0.0216:W=0.000124985;high@0.1296:W=0.000366779;high@0.1507:W=0.02087;high@0.8148:W=0.241437
nstxuG121123B12/N8/egn08w.3246E+02,nstxuG121123B12,candidate,8,5.696929538599119,-0.0006499042744804368,,,below_upper2,0.5676784440154764,0.9316320329807293,0.28,upper_min,0.28,0.0,0.002936262903945045,0.39732561045059583,0.060776394956841194,4,0,4,0.1431855370559991,0.0,0.1431855370559991,0.04868003249287797,True,True,False,False,False,high@0.0322:W=3.66808e-05;high@0.1238:W=5.76099e-05;high@0.1583:W=0.143186;high@0.8047:W=0.04868,high@0.0322:W=3.66808e-05;high@0.1238:W=5.76099e-05;high@0.1583:W=0.143186;high@0.8047:W=0.04868
nstxuG121123B12/N8/egn08w.3259E+02,nstxuG121123B12,candidate,8,5.708736199607628,-8.455845921284777e-05,,,below_upper2,0.6192981457255591,0.9622134729757916,0.28500000000000003,upper_min,0.28,0.0050000000000000044,0.0008620159856758383,0.42718867199751476,0.060650698783908205,4,0,4,0.1546050623449157,0.0,0.1546050623449157,0.049409604783698276,True,True,False,False,False,high@0.0330:W=5.13739e-05;high@0.1234:W=2.16783e-05;high@0.1589:W=0.154605;high@0.8036:W=0.0494096,high@0.0330:W=5.13739e-05;high@0.1234:W=2.16783e-05;high@0.1589:W=0.154605;high@0.8036:W=0.0494096
nstxuG121123B12/N8/egn08w.3405E+02,nstxuG121123B12,candidate,8,5.834902181733192,-0.0004807722477559638,,,below_upper2,0.3575277829132221,0.8821251148027862,0.39,upper_min,0.395,0.0050000000000000044,0.011073134328708437,0.18046652137053287,0.0029018971057809015,8,0,8,0.6488587532001855,0.0,0.6488587532001855,0.23039572839939534,True,False,False,False,False,high@0.0402:W=9.8973e-06;high@0.1186:W=2.05392e-06;high@0.1663:W=7.75062e-05;high@0.2536:W=0.000406678;high@0.3064:W=0.648859;high@0.7900:W=0.230396;high@0.7903:W=0.21984;high@0.7959:W=0.0603996,high@0.0402:W=9.8973e-06;high@0.1186:W=2.05392e-06;high@0.1663:W=7.75062e-05;high@0.2536:W=0.000406678;high@0.3064:W=0.648859;high@0.7900:W=0.230396;high@0.7903:W=0.21984;high@0.7959:W=0.0603996
nstxuG121123B12/N8/egn08w.3447E+02,nstxuG121123B12,candidate,8,5.871397096529205,-1.464226376732827e-05,,,below_upper2,0.5573981810904324,0.9430846846822606,0.395,upper_min,0.395,0.0,0.00478859467260567,0.2143291545644073,0.002883859748422654,6,0,6,0.8422295737627087,0.0,0.8422295737627087,0.0622652773413077,True,False,False,False,False,high@0.0421:W=0.000282224;high@0.1172:W=1.2067e-06;high@0.1686:W=1.29557e-06;high@0.2477:W=6.30857e-05;high@0.3099:W=0.84223;high@0.7890:W=0.0622653,high@0.0421:W=0.000282224;high@0.1172:W=1.2067e-06;high@0.1686:W=1.29557e-06;high@0.2477:W=6.30857e-05;high@0.3099:W=0.84223;high@0.7890:W=0.0622653
nstxuG121123B12/N8/egn08w.3472E+02,nstxuG121123B12,candidate,8,5.892247045627886,-0.0004894530807984317,,,below_upper2,0.02111668760055814,0.783975998820287,0.395,upper_min,0.395,0.0,0.001233110509835598,0.21076134190790388,0.0028736550967003605,6,0,6,0.23333623260698727,0.0,0.23333623260698727,0.23333623260698727,True,False,False,False,False,high@0.0432:W=0.00275888;high@0.1164:W=0.00128905;high@0.1700:W=6.12357e-06;high@0.2442:W=1.33864e-05;high@0.3117:W=0.209746;high@0.7884:W=0.233336,high@0.0432:W=0.00275888;high@0.1164:W=0.00128905;high@0.1700:W=6.12357e-06;high@0.2442:W=1.33864e-05;high@0.3117:W=0.209746;high@0.7884:W=0.233336
nstxuG121123B12/N8/egn08w.3500E+02,nstxuG121123B12,candidate,8,5.916073701600006,-7.898511350307112e-05,,,below_upper2,0.3060975109622379,0.8811566171600255,0.52,upper_min,0.395,0.125,-0.00279929984799369,0.04700124050955209,0.002862081611509821,10,2,8,0.3219891244729761,0.14705015780946729,0.3219891244729761,0.3219891244729761,False,False,False,False,False,high@0.0444:W=0.00415857;high@0.1155:W=1.25654e-05;high@0.1718:W=1.68253e-07;high@0.2401:W=4.79061e-07;high@0.3138:W=0.0113829;high@0.4598:W=0.153289;high@0.4615:W=0.321989;high@0.7877:W=0.117247,high@0.0444:W=0.00415857;high@0.1155:W=1.25654e-05;high@0.1718:W=1.68253e-07;high@0.2401:W=4.79061e-07;high@0.3138:W=0.0113829;high@0.3893:W=0.0145656;high@0.3994:W=0.14705;high@0.4598:W=0.153289;high@0.4615:W=0.321989;high@0.7877:W=0.117247
nstxuG121123B12/N8/egn08w.3518E+02,nstxuG121123B12,candidate,8,5.930928669683055,-7.605122390170281e-05,,,below_upper2,0.37506548231323295,0.8884434005561624,0.515,upper_min,0.395,0.12,-0.0052969499460085515,0.10098560262036685,0.0028549130661844674,10,2,8,0.26834264342055486,0.15240183056793824,0.26834264342055486,0.26834264342055486,False,False,False,False,False,high@0.0452:W=0.00332237;high@0.1150:W=5.06757e-05;high@0.1730:W=4.54851e-07;high@0.2374:W=5.53753e-07;high@0.3151:W=0.0107256;high@0.4575:W=0.234577;high@0.4663:W=0.268343;high@0.7873:W=0.0659523,high@0.0452:W=0.00332237;high@0.1150:W=5.06757e-05;high@0.1730:W=4.54851e-07;high@0.2374:W=5.53753e-07;high@0.3151:W=0.0107256;high@0.3874:W=0.0115903;high@0.4013:W=0.152402;high@0.4575:W=0.234577;high@0.4663:W=0.268343;high@0.7873:W=0.0659523
nstxuG121123B12/N8/egn08w.3614E+02,nstxuG121123B12,candidate,8,6.01159874660074,-0.0019387899942816425,,,below_upper2,0.09511637751590094,0.8439736818411664,0.5700000000000001,upper_min,0.395,0.17500000000000004,-0.018644941876355518,3.828188760382976e-06,0.002816602781957226,14,2,12,0.5700615725291471,7.198692607469498e-06,0.5700615725291471,0.5700615725291471,False,False,False,False,False,high@0.0490:W=0.000150921;high@0.1118:W=4.69095e-05;high@0.1810:W=1.52615e-07;high@0.2212:W=2.97911e-07;high@0.3216:W=3.31482e-07;high@0.4499:W=1.38382e-05;high@0.4741:W=0.00409486;high@0.5079:W=0.00149583;high@0.5298:W=0.570062;high@0.7774:W=0.323776;high@0.7849:W=0.0497799;high@0.7850:W=0.0446937,high@0.0490:W=0.000150921;high@0.1118:W=4.69095e-05;high@0.1810:W=1.52615e-07;high@0.2212:W=2.97911e-07;high@0.3216:W=3.31482e-07;high@0.3797:W=1.29862e-06;high@0.4086:W=7.19869e-06;high@0.4499:W=1.38382e-05;high@0.4741:W=0.00409486;high@0.5079:W=0.00149583;high@0.5298:W=0.570062;high@0.7774:W=0.323776;high@0.7849:W=0.0497799;high@0.7850:W=0.0446937
nstxuG121123B12/N8/egn08w.8495E+01,nstxuG121123B12,candidate,8,2.914672377798458,-0.0003155814496459867,,,below_upper2,0.9961006868199302,0.9999998276235428,0.5750000000000001,lower_max,0.39,0.18500000000000005,-0.2024805009490841,5.690074954871593e-06,0.015057619029834182,4,0,4,0.2660966933987787,0.0,0.2660966933987787,0.2660966933987787,False,False,False,False,False,low@0.4849:W=0.00060437;low@0.5037:W=0.0161086;low@0.5272:W=0.266097;high@0.9862:W=1.5592e-06,low@0.4849:W=0.00060437;low@0.5037:W=0.0161086;low@0.5272:W=0.266097;high@0.9862:W=1.5592e-06
nstxuG121123B12/N8/egn08w.8754E+01,nstxuG121123B12,candidate,8,2.958781306813001,-0.0008052954778560816,,,below_upper2,0.9925606525553292,0.999999626879436,0.52,lower_max,0.39,0.13,-0.1845541584594911,4.171513579718938e-06,0.014833143010810526,4,0,4,0.9661678823949285,0.0,0.9661678823949285,0.9661678823949285,False,False,False,False,False,low@0.4815:W=0.0119966;low@0.5096:W=0.0695447;low@0.5226:W=0.966168;high@0.9856:W=1.37001e-05,low@0.4815:W=0.0119966;low@0.5096:W=0.0695447;low@0.5226:W=0.966168;high@0.9856:W=1.37001e-05
nstxuG121123B12/N8/egn08w.9855E+01,nstxuG121123B12,candidate,8,3.139324488523513,-0.00034029810279687323,,,below_upper2,0.9865935626917792,0.9999994099391915,0.52,lower_max,0.39,0.13,-0.11643021094832486,0.0015754421236658634,0.013980085977767629,4,0,4,0.932770054042637,0.0,0.932770054042637,0.932770054042637,False,False,False,False,False,low@0.4223:W=0.27843;low@0.4463:W=0.0192733;low@0.4691:W=0.93277;high@0.9828:W=1.08188e-05,low@0.4223:W=0.27843;low@0.4463:W=0.0192733;low@0.4691:W=0.93277;high@0.9828:W=1.08188e-05
nstxuG121123B12/N9/egn09w.1044E+02,nstxuG121123B12,candidate,9,3.2315817139873824,-2.373274119387878e-05,,,below_upper2,0.9989095224886467,0.9999998825240441,0.47500000000000003,lower_max,0.34500000000000003,0.13,-0.1400198781371431,0.0009040459808545458,0.06346257600777197,4,0,4,0.26139711513126196,0.0,0.26139711513126196,0.26139711513126196,False,False,False,False,False,low@0.3859:W=0.00361526;low@0.4011:W=0.00349615;low@0.4346:W=0.261397;high@0.9814:W=1.38938e-07,low@0.3859:W=0.00361526;low@0.4011:W=0.00349615;low@0.4346:W=0.261397;high@0.9814:W=1.38938e-07
nstxuG121123B12/N9/egn09w.1052E+02,nstxuG121123B12,candidate,9,3.243163593556817,-0.00014386734877799314,,,below_upper2,0.9727239716616825,0.9999968395908151,0.765,lower_max,0.34500000000000003,0.42,-0.13594867649884848,0.00014457423615150505,0.06323594053555948,4,0,4,0.19393157671159894,0.0,0.19393157671159894,0.19393157671159894,False,False,False,False,False,low@0.3845:W=0.00403957;low@0.4025:W=0.00344312;low@0.4339:W=0.193932;high@0.9812:W=2.80525e-05,low@0.3845:W=0.00403957;low@0.4025:W=0.00344312;low@0.4339:W=0.193932;high@0.9812:W=2.80525e-05
nstxuG121123B12/N9/egn09w.1126E+02,nstxuG121123B12,candidate,9,3.3558970674719903,-0.00048554601258660234,,,below_upper2,0.9797420185804693,0.999979154168283,0.795,lower_max,0.34500000000000003,0.45,-0.09778915076955481,0.000396758585628437,0.06111167774992014,4,0,4,0.05094994328992567,0.0,0.05094994328992567,0.05094994328992567,False,False,False,False,False,low@0.3759:W=0.00617527;low@0.4145:W=0.0407252;low@0.4256:W=0.0509499;high@0.9790:W=0.000125044,low@0.3759:W=0.00617527;low@0.4145:W=0.0407252;low@0.4256:W=0.0509499;high@0.9790:W=0.000125044
nstxuG121123B12/N9/egn09w.1180E+02,nstxuG121123B12,candidate,9,3.4344734732781546,-0.0002525044868784082,,,below_upper2,0.9964005124406221,0.9984704601200928,0.42,lower_max,0.34500000000000003,0.07499999999999996,-0.07267312455138207,0.004006793559070004,0.0597135199164896,2,1,1,0.004351943457920566,0.004351943457920566,0.0009390078123403876,0.0009390078123403876,False,False,False,False,False,high@0.9770:W=0.000939008,low@0.3712:W=0.00435194;high@0.9770:W=0.000939008
nstxuG121123B12/N9/egn09w.1294E+02,nstxuG121123B12,candidate,9,3.596824342891715,-0.007452685775981203,,,below_upper2,0.9659835552522493,0.9998210602325044,0.805,lower_max,0.34500000000000003,0.46,-0.024255576742527447,0.007649183800018028,0.057018214012744886,4,2,2,0.04359549973398649,0.04359549973398649,0.0022931854346657297,0.0007045206951813857,False,False,False,False,False,low@0.2759:W=0.00229319;high@0.9723:W=0.000704521,low@0.2759:W=0.00229319;low@0.3308:W=0.00637929;low@0.3608:W=0.0435955;high@0.9723:W=0.000704521
nstxuG121123B12/N9/egn09w.1374E+02,nstxuG121123B12,candidate,9,3.7061519524174784,-0.02397503067860492,,,below_upper2,0.9705376098427456,0.990553160174478,0.34500000000000003,lower_max,0.34500000000000003,0.0,0.005958892385121246,0.6943471391108367,0.05533623628558352,2,0,2,0.005381544017248732,0.0,0.005381544017248732,0.005381544017248732,True,True,False,True,True,low@0.2652:W=0.00342265;high@0.9685:W=0.00538154,low@0.2652:W=0.00342265;high@0.9685:W=0.00538154
nstxuG121123B12/N9/egn09w.1505E+02,nstxuG121123B12,candidate,9,3.8796204149561757,-0.029174243854531046,,,below_upper2,0.8964744528984409,0.9923178829850964,0.91,lower_max,0.34500000000000003,0.565,0.05040519490829337,0.0010163769045862404,0.0528620014882479,4,0,4,0.021750341941686957,0.0,0.021750341941686957,0.021750341941686957,False,False,False,False,False,low@0.1479:W=0.00135336;low@0.1733:W=0.000664529;low@0.2499:W=0.00409256;high@0.9609:W=0.0217503,low@0.1479:W=0.00135336;low@0.1733:W=0.000664529;low@0.2499:W=0.00409256;high@0.9609:W=0.0217503
nstxuG121123B12/N9/egn09w.1743E+02,nstxuG121123B12,candidate,9,4.174365078376087,-0.00023750535576744152,,,below_upper2,0.9918623668569414,0.9955010328585403,0.215,lower_max,0.21,0.0050000000000000044,0.001109304789425915,0.95103498480376,0.08168884488196311,4,0,4,0.0007840275854939909,0.0,0.0007840275854939909,0.0005844003616682003,True,True,True,True,True,low@0.0468:W=0.000322205;low@0.0778:W=0.000126488;low@0.1329:W=0.000784028;high@0.9385:W=0.0005844,low@0.0468:W=0.000322205;low@0.0778:W=0.000126488;low@0.1329:W=0.000784028;high@0.9385:W=0.0005844
nstxuG121123B12/N9/egn09w.2202E+02,nstxuG121123B12,candidate,9,4.692569079315164,-1.0014404960660187e-05,,,below_upper2,0.9962345514934136,0.9999971719543373,0.02,lower_max,0.11,0.09,-0.008465770086806683,0.0384443630355057,0.13205321539997678,3,2,1,0.024784003625856615,0.024784003625856615,3.3212199635716857e-07,3.3212199635716857e-07,False,False,False,False,False,high@0.8850:W=3.32122e-07,low@0.1034:W=0.024784;low@0.1129:W=0.00578713;high@0.8850:W=3.32122e-07
nstxuG121123B12/N9/egn09w.2255E+02,nstxuG121123B12,candidate,9,4.748653180771367,-1.5916664631610987e-08,,,below_upper2,0.994503241203615,0.9999998074688576,0.105,lower_max,0.11,0.0050000000000000044,0.003444743149594544,0.9976988810251511,0.13049359719915735,1,0,1,1.5457486765893544e-08,0.0,1.5457486765893544e-08,1.5457486765893544e-08,True,True,True,True,True,high@0.8805:W=1.54575e-08,high@0.8805:W=1.54575e-08
nstxuG121123B12/N9/egn09w.2347E+02,nstxuG121123B12,candidate,9,4.8447001402577206,-1.1123540595508067e-07,,,below_upper2,0.9771655808406766,0.9999984312352405,0.11,lower_max,0.11,0.0,0.023201611399345914,0.9674912396930844,0.12790654064652018,1,0,1,1.8379440373784033e-07,0.0,1.8379440373784033e-07,1.8379440373784033e-07,True,True,True,True,True,high@0.8722:W=1.83794e-07,high@0.8722:W=1.83794e-07
nstxuG121123B12/N9/egn09w.2392E+02,nstxuG121123B12,candidate,9,4.890689895735572,-0.0017177482168158008,,,mixed,-0.06870260556119775,0.356778381558289,0.925,upper_min,0.35000000000000003,0.575,0.19688791801562844,9.403342215509324e-05,0.0683918149641724,1,0,1,0.2716193583308687,0.0,0.2716193583308687,0.2716193583308687,False,False,False,False,False,high@0.8676:W=0.271619,high@0.8676:W=0.271619
nstxuG121123B12/N9/egn09w.2431E+02,nstxuG121123B12,candidate,9,4.93014056377893,-5.800100044355204e-08,,,below_upper2,0.9662643895384629,0.9999565531832425,0.005,lower_max,0.11,0.105,0.040129742947973515,0.1180694896409952,0.12568989208192125,1,0,1,1.4534008678784272e-06,0.0,1.4534008678784272e-06,1.4534008678784272e-06,False,False,False,False,False,high@0.8629:W=1.4534e-06,high@0.8629:W=1.4534e-06
nstxuG121123B12/N9/egn09w.2477E+02,nstxuG121123B12,candidate,9,4.977256558950768,-1.0975079433774951e-07,,,below_upper2,0.9771498436590382,0.9999362341603708,0.005,lower_max,0.11,0.105,0.049216122535042255,0.060961450999993554,0.12450007912405174,1,0,1,2.0613662446221514e-06,0.0,2.0613662446221514e-06,2.0613662446221514e-06,False,False,False,False,False,high@0.8574:W=2.06137e-06,high@0.8574:W=2.06137e-06
nstxuG121123B12/N9/egn09w.2601E+02,nstxuG121123B12,candidate,9,5.100282378985968,-2.6390353154775548e-08,,,below_upper2,0.9813901094344072,0.9997477412155593,0.005,upper_min,0.11,0.105,0.07032353528391228,0.026606838702277254,0.1414674705360759,1,0,1,1.0618647563749241e-05,0.0,1.0618647563749241e-05,1.0618647563749241e-05,False,False,False,False,False,high@0.8494:W=1.06186e-05,high@0.8494:W=1.06186e-05
nstxuG121123B12/N9/egn09w.2661E+02,nstxuG121123B12,candidate,9,5.158360811968022,-0.00035819462511404076,,,below_upper2,0.9882573027149629,0.9991185908903167,0.48,upper_min,0.35000000000000003,0.12999999999999995,0.13478057474885066,0.07972721941413173,0.06484291630400367,1,0,1,0.004223534397904278,0.0,0.004223534397904278,0.004223534397904278,False,False,False,False,False,high@0.8466:W=0.00422353,high@0.8466:W=0.00422353
nstxuG121123B12/N9/egn09w.2852E+02,nstxuG121123B12,candidate,9,5.340303597778631,-0.0012356490757880374,,,below_upper2,0.885509660810437,0.9696651992229709,0.355,upper_min,0.35000000000000003,0.004999999999999949,0.09611888908374136,0.23418775881922554,0.06263373463175904,1,0,1,0.049803226255586544,0.0,0.049803226255586544,0.049803226255586544,False,False,False,False,False,high@0.8315:W=0.0498032,high@0.8315:W=0.0498032
nstxuG121123B12/N9/egn09w.2865E+02,nstxuG121123B12,candidate,9,5.35238798618012,-0.0038007274187740765,,,below_upper2,0.7175496727164724,0.9339184982833195,0.215,upper_min,0.215,0.0,0.03139648455944785,0.3188892985566613,0.11084128654794483,1,0,1,0.05855977156722661,0.0,0.05855977156722661,0.05855977156722661,False,True,False,False,False,high@0.8310:W=0.0585598,high@0.8310:W=0.0585598
nstxuG121123B12/N9/egn09w.2884E+02,nstxuG121123B12,candidate,9,5.370238672964665,-0.0029716376448078396,,,below_upper2,0.8205729122606535,0.9964763805819796,0.215,upper_min,0.215,0.0,0.027968120064357824,0.5676808861886644,0.11047284983414957,1,0,1,0.003288695809261722,0.0,0.003288695809261722,0.003288695809261722,True,True,False,True,True,high@0.8303:W=0.0032887,high@0.8303:W=0.0032887
nstxuG121123B12/N9/egn09w.2912E+02,nstxuG121123B12,candidate,9,5.395989655156192,-6.507389201028112e-08,,,below_upper2,0.7238097056262858,0.999991782729483,0.11,upper_min,0.11,0.0,0.011668408520047375,0.9702025503387683,0.13371486850153708,1,0,1,1.901982848634826e-06,0.0,1.901982848634826e-06,1.901982848634826e-06,True,True,True,True,True,high@0.8287:W=1.90198e-06,high@0.8287:W=1.90198e-06
nstxuG121123B12/N9/egn09w.3038E+02,nstxuG121123B12,candidate,9,5.511774365953692,-0.017324474322682398,,,below_upper2,0.5396033509212808,0.9178805932848646,0.215,upper_min,0.215,0.0,0.001571143231877879,0.5533335796933482,0.10763604079234045,3,0,3,0.07065667180855956,0.0,0.07065667180855956,0.07065667180855956,True,True,False,False,False,high@0.1049:W=0.00010273;high@0.1159:W=0.000784027;high@0.8181:W=0.0706567,high@0.1049:W=0.00010273;high@0.1159:W=0.000784027;high@0.8181:W=0.0706567
nstxuG121123B12/N9/egn09w.3049E+02,nstxuG121123B12,candidate,9,5.521342971346451,-0.010597365824953364,,,below_upper2,0.5771112457588893,0.7448706634847468,0.21,upper_min,0.215,0.0050000000000000044,-0.0001646009687804406,0.31988974529382413,0.10744950523283514,5,2,3,0.9608912447198145,0.9608912447198145,0.17170941365490933,0.17170941365490933,True,False,False,False,False,high@0.1045:W=9.61768e-05;high@0.1164:W=0.00351108;high@0.8178:W=0.171709,high@0.1045:W=9.61768e-05;high@0.1164:W=0.00351108;high@0.2098:W=0.960891;high@0.2153:W=0.156895;high@0.8178:W=0.171709
nstxuG121123B12/N9/egn09w.3529E+02,nstxuG121123B12,candidate,9,5.940427775388341,-0.00015631651370096543,,,below_upper2,0.17067172490880922,0.856656558870793,0.53,upper_min,0.35000000000000003,0.18,-0.014615130711802211,0.0006940323402660989,0.056306241072753185,11,2,9,0.15224407724013833,0.001381360036872952,0.15224407724013833,0.15224407724013833,False,False,False,False,False,high@0.0898:W=9.38115e-06;high@0.1353:W=1.86156e-06;high@0.1747:W=1.14569e-06;high@0.2622:W=1.02577e-06;high@0.4176:W=0.0013892;high@0.4284:W=0.0323955;high@0.4733:W=0.0232323;high@0.4830:W=0.152244;high@0.7870:W=0.0518448,high@0.0898:W=9.38115e-06;high@0.1353:W=1.86156e-06;high@0.1747:W=1.14569e-06;high@0.2622:W=1.02577e-06;high@0.3363:W=2.70714e-06;high@0.3627:W=0.00138136;high@0.4176:W=0.0013892;high@0.4284:W=0.0323955;high@0.4733:W=0.0232323;high@0.4830:W=0.152244;high@0.7870:W=0.0518448
nstxuG121123B12/N9/egn09w.3777E+02,nstxuG121123B12,candidate,9,6.145577511030104,-0.00035619738520566873,,,mixed,-0.5946656146587099,0.47282745397521836,0.01,upper_min,0.11,0.1,-0.11172672429486778,0.0017562240660803136,0.11740540996836679,13,1,12,0.2103499735894517,0.004657867071605056,0.2103499735894517,0.2103499735894517,False,False,False,False,False,high@0.2828:W=0.000122652;high@0.3166:W=9.6088e-05;high@0.3767:W=3.48137e-05;high@0.4032:W=3.10231e-05;high@0.4434:W=3.55034e-05;high@0.4585:W=1.88019e-05;high@0.4997:W=0.135708;high@0.5070:W=0.178363;high@0.5472:W=0.00024191;high@0.5629:W=0.001626;high@0.5892:W=0.21035;high@0.7654:W=0.0686425,high@0.0831:W=0.00465787;high@0.2828:W=0.000122652;high@0.3166:W=9.6088e-05;high@0.3767:W=3.48137e-05;high@0.4032:W=3.10231e-05;high@0.4434:W=3.55034e-05;high@0.4585:W=1.88019e-05;high@0.4997:W=0.135708;high@0.5070:W=0.178363;high@0.5472:W=0.00024191;high@0.5629:W=0.001626;high@0.5892:W=0.21035;high@0.7654:W=0.0686425
nstxuG121123B12/N9/egn09w.3796E+02,nstxuG121123B12,candidate,9,6.1613557507662255,-6.214294265977727e-05,,,below_upper2,-0.04472881020355362,0.9119432693132803,0.01,upper_min,0.11,0.1,-0.1140014490895727,0.0032909439771411707,0.11710475362263181,13,1,12,0.31348506679862936,0.005670195630203151,0.31348506679862936,0.012543712994675665,False,False,False,False,False,high@0.2849:W=0.313485;high@0.3146:W=0.22802;high@0.3778:W=3.62575e-05;high@0.4021:W=3.27522e-05;high@0.4447:W=1.53433e-05;high@0.4570:W=1.35253e-05;high@0.5487:W=5.69963e-05;high@0.5612:W=7.95152e-05;high@0.5902:W=0.0125437;high@0.7549:W=0.00437746;high@0.7552:W=0.0044012;high@0.7646:W=0.00437365,high@0.0826:W=0.0056702;high@0.2849:W=0.313485;high@0.3146:W=0.22802;high@0.3778:W=3.62575e-05;high@0.4021:W=3.27522e-05;high@0.4447:W=1.53433e-05;high@0.4570:W=1.35253e-05;high@0.5487:W=5.69963e-05;high@0.5612:W=7.95152e-05;high@0.5902:W=0.0125437;high@0.7549:W=0.00437746;high@0.7552:W=0.0044012;high@0.7646:W=0.00437365
nstxuG121123B12/N9/egn09w.8217E+01,nstxuG121123B12,candidate,9,2.8665659506640653,-0.0005353200445263539,,,below_upper2,0.9957623536633563,0.9999674899635881,0.58,lower_max,0.34500000000000003,0.23499999999999993,-0.2851849408581264,1.6194710106889505e-06,0.07154361828017271,4,0,4,0.6201846648386411,0.0,0.6201846648386411,0.6201846648386411,False,False,False,False,False,low@0.4989:W=0.0169743;low@0.5135:W=0.00355608;low@0.5372:W=0.620185;high@0.9869:W=0.000309664,low@0.4989:W=0.0169743;low@0.5135:W=0.00355608;low@0.5372:W=0.620185;high@0.9869:W=0.000309664
nstxuG121123B12/N9/egn09w.8431E+01,nstxuG121123B12,candidate,9,2.903612360655937,-0.0019883389184328477,,,below_upper2,0.9922943414991524,0.9999999831483488,0.5750000000000001,lower_max,0.34500000000000003,0.23000000000000004,-0.2687876114902166,1.475972227045397e-06,0.0706308124762635,4,0,4,0.2616013643676468,0.0,0.2616013643676468,0.2616013643676468,False,False,False,False,False,low@0.4959:W=0.0121176;low@0.5179:W=0.261601;low@0.5342:W=0.066526;high@0.9864:W=7.19088e-07,low@0.4959:W=0.0121176;low@0.5179:W=0.261601;low@0.5342:W=0.066526;high@0.9864:W=7.19088e-07
nstxuG121123B12/N9/egn09w.8529E+01,nstxuG121123B12,candidate,9,2.920389081780073,-0.0010447501627959207,,,below_upper2,0.9957402969933118,0.9999990594070584,0.585,lower_max,0.34500000000000003,0.23999999999999994,-0.2614988238226653,1.371648625754859e-06,0.07022506056769824,4,0,4,0.828709679934374,0.0,0.828709679934374,0.828709679934374,False,False,False,False,False,low@0.4946:W=0.226598;low@0.5198:W=0.0877476;low@0.5324:W=0.82871;high@0.9861:W=1.60404e-05,low@0.4946:W=0.226598;low@0.5198:W=0.0877476;low@0.5324:W=0.82871;high@0.9861:W=1.60404e-05
nstxuG121123B12/N9/egn09w.8610E+01,nstxuG121123B12,candidate,9,2.9343650159574555,-0.0009423952307528691,,,below_upper2,0.9972501953676769,0.9999976619185073,0.58,lower_max,0.34500000000000003,0.23499999999999993,-0.2554904968317445,1.1650347813220791e-06,0.06989058928728169,4,0,4,0.23135247504923326,0.0,0.23135247504923326,0.23135247504923326,False,False,False,False,False,low@0.4938:W=0.000413532;low@0.5222:W=0.111209;low@0.5308:W=0.231352;high@0.9859:W=1.18629e-05,low@0.4938:W=0.000413532;low@0.5222:W=0.111209;low@0.5308:W=0.231352;high@0.9859:W=1.18629e-05
nstxuG121123B12/N9/egn09w.9406E+01,nstxuG121123B12,candidate,9,3.066896934215215,-6.750331185896726e-05,,,below_upper2,0.9975141050453595,0.9999987711691535,0.525,lower_max,0.34500000000000003,0.18,-0.20123612589310177,2.5544804832357457e-06,0.06687035937245447,4,0,4,0.443878277742029,0.0,0.443878277742029,0.443878277742029,False,False,False,False,False,low@0.4444:W=0.0121413;low@0.4647:W=0.00890647;low@0.4854:W=0.443878;high@0.9840:W=3.03568e-06,low@0.4444:W=0.0121413;low@0.4647:W=0.00890647;low@0.4854:W=0.443878;high@0.9840:W=3.03568e-06
nstxuG121123B12/N9/egn09w.9892E+01,nstxuG121123B12,candidate,9,3.1452252574704818,-1.5374727626452863e-05,,,below_upper2,0.9973092112084567,0.9999997043768346,0.48,lower_max,0.34500000000000003,0.13499999999999995,-0.17132068141058765,0.0002610287750920709,0.06520502773597449,2,0,2,0.3179686866623851,0.0,0.3179686866623851,0.3179686866623851,False,False,False,False,False,low@0.4394:W=0.317969;high@0.9828:W=1.36295e-06,low@0.4394:W=0.317969;high@0.9828:W=1.36295e-06
nstxuG121123B12/N10/egn10w.1019E+02,nstxuG121123B12,candidate,10,3.191555646788264,-0.00031269337208802723,,,below_upper2,0.979547144732619,0.9999995603470079,0.765,lower_max,0.385,0.38,-0.10780121310980212,0.001980900814591182,0.049555759600917466,4,1,3,0.07179068164014937,0.00214783033949378,0.07179068164014937,0.07179068164014937,False,False,False,False,False,low@0.4296:W=0.0717907;low@0.4512:W=0.0202566;high@0.9821:W=1.52381e-05,low@0.4092:W=0.00214783;low@0.4296:W=0.0717907;low@0.4512:W=0.0202566;high@0.9821:W=1.52381e-05
nstxuG121123B12/N10/egn10w.1179E+02,nstxuG121123B12,candidate,10,3.4331862137269797,-0.00030158623028676536,,,below_upper2,0.9805115629561459,0.9999972472518545,0.785,lower_max,0.385,0.4,-0.02983322112939234,0.0069226228608985155,0.046067983074386004,4,2,2,0.28239939149303545,0.05794483969006315,0.28239939149303545,4.190380226839534e-05,False,False,False,False,False,low@0.3385:W=0.282399;high@0.9773:W=4.19038e-05,low@0.3385:W=0.282399;low@0.3709:W=0.0579448;low@0.3957:W=0.00166723;high@0.9773:W=4.19038e-05
nstxuG121123B12/N10/egn10w.1245E+02,nstxuG121123B12,candidate,10,3.527906909020858,-0.00415984811356698,,,below_upper2,0.9755396729744246,0.9999933115379334,0.805,lower_max,0.385,0.42000000000000004,-0.0021832515418491495,0.03779705540051125,0.044831104806301675,4,2,2,0.23394363173861626,0.23394363173861626,0.006640820123910746,6.621358814603196e-05,False,False,False,False,False,low@0.3319:W=0.00664082;high@0.9749:W=6.62136e-05,low@0.3319:W=0.00664082;low@0.3823:W=0.233944;low@0.3865:W=0.0726065;high@0.9749:W=6.62136e-05
nstxuG121123B12/N10/egn10w.1304E+02,nstxuG121123B12,candidate,10,3.610886630941652,-0.0006484971362201188,,,below_upper2,0.987943981725181,0.9949014849519489,0.01,lower_max,0.17,0.16,-0.2077076120428544,1.436820579502575e-05,0.11706514102938322,4,0,4,0.2260171651339497,0.0,0.2260171651339497,0.0025129295076750215,False,False,False,False,False,low@0.2355:W=0.198328;low@0.2491:W=0.226017;low@0.3265:W=6.00346e-05;high@0.9719:W=0.00251293,low@0.2355:W=0.198328;low@0.2491:W=0.226017;low@0.3265:W=6.00346e-05;high@0.9719:W=0.00251293
nstxuG121123B12/N10/egn10w.1344E+02,nstxuG121123B12,candidate,10,3.665797391849705,-2.0521825272824148e-05,,,below_upper2,0.9633372394717675,0.999986094077254,0.8200000000000001,lower_max,0.385,0.43500000000000005,0.0355142853556716,0.0032022844428200247,0.04314476428425434,4,0,4,0.011546161132268223,0.0,0.011546161132268223,0.00012775028917257053,False,False,False,False,False,low@0.2220:W=2.13958e-05;low@0.2631:W=6.03597e-05;low@0.3229:W=0.0115462;high@0.9699:W=0.00012775,low@0.2220:W=2.13958e-05;low@0.2631:W=6.03597e-05;low@0.3229:W=0.0115462;high@0.9699:W=0.00012775
nstxuG121123B12/N10/egn10w.1414E+02,nstxuG121123B12,candidate,10,3.760013357995238,-0.0004333538002864894,,,below_upper2,0.9983903793800987,0.9999914329614221,0.39,lower_max,0.385,0.0050000000000000044,0.059681740305148244,0.4064698562198949,0.042063670877360265,4,0,4,0.3893593144513199,0.0,0.3893593144513199,2.4432939661025418e-05,False,False,False,False,False,low@0.2105:W=0.00138791;low@0.2770:W=0.00423358;low@0.3159:W=0.389359;high@0.9665:W=2.44329e-05,low@0.2105:W=0.00138791;low@0.2770:W=0.00423358;low@0.3159:W=0.389359;high@0.9665:W=2.44329e-05
nstxuG121123B12/N10/egn10w.1447E+02,nstxuG121123B12,candidate,10,3.804430226765757,-0.00014199629490924224,,,below_upper2,0.9439474349248785,0.9999761986944876,0.84,lower_max,0.385,0.45499999999999996,0.07065999204164941,0.01203210919992733,0.0415725759070224,4,0,4,0.008137688746101842,0.0,0.008137688746101842,0.00018352349956840032,False,False,False,False,False,low@0.2066:W=5.55174e-07;low@0.2832:W=0.00182004;low@0.3116:W=0.00813769;high@0.9648:W=0.000183523,low@0.2066:W=5.55174e-07;low@0.2832:W=0.00182004;low@0.3116:W=0.00813769;high@0.9648:W=0.000183523
nstxuG121123B12/N10/egn10w.1490E+02,nstxuG121123B12,candidate,10,3.860589051002927,-0.005216210914378234,,,below_upper2,0.9797834808775996,0.9971120232936557,0.01,lower_max,0.17,0.16,-0.12959323377843363,0.0005012508073800486,0.10949338225535428,4,0,4,0.3793149055573951,0.0,0.3793149055573951,0.0008410658812518053,False,False,False,False,False,low@0.2023:W=0.00142817;low@0.2946:W=0.379315;low@0.3017:W=0.219072;high@0.9612:W=0.000841066,low@0.2023:W=0.00142817;low@0.2946:W=0.379315;low@0.3017:W=0.219072;high@0.9612:W=0.000841066
nstxuG121123B12/N10/egn10w.1503E+02,nstxuG121123B12,candidate,10,3.8774736109506174,-1.3208124241589202e-06,,,below_upper2,0.9998009177397003,0.9999966537950743,0.3,lower_max,0.3,0.0,0.003134951016487658,0.9925074980662258,0.06312409308530385,2,0,2,0.00010394149230945221,0.0,0.00010394149230945221,6.762453560219248e-07,True,True,True,True,True,low@0.2011:W=0.000103941;high@0.9601:W=6.76245e-07,low@0.2011:W=0.000103941;high@0.9601:W=6.76245e-07
nstxuG121123B12/N10/egn10w.1550E+02,nstxuG121123B12,candidate,10,3.9374158042376632,-7.968296312028948e-05,,,below_upper2,0.9974590806511867,0.9999998600842201,0.3,lower_max,0.3,0.0,0.018310965036383475,0.7729750352167901,0.0621631083234922,4,0,4,0.005630753569306883,0.0,0.005630753569306883,1.4746644042480342e-07,True,True,False,True,True,low@0.1224:W=1.91798e-05;low@0.1401:W=1.13304e-05;low@0.1973:W=0.00563075;high@0.9568:W=1.47466e-07,low@0.1224:W=1.91798e-05;low@0.1401:W=1.13304e-05;low@0.1973:W=0.00563075;high@0.9568:W=1.47466e-07
nstxuG121123B12/N10/egn10w.1565E+02,nstxuG121123B12,candidate,10,3.95620751723262,-0.00100366642844627,,,below_upper2,0.9087046314066081,0.9999658236885283,0.88,lower_max,0.385,0.495,0.1063135081213717,0.00044170354860009303,0.039977671468513686,4,0,4,0.0002909468840037186,0.0,0.0002909468840037186,0.00025908865347091864,False,False,False,False,False,low@0.1209:W=0.000148972;low@0.1415:W=0.000290947;low@0.1961:W=3.24326e-05;high@0.9558:W=0.000259089,low@0.1209:W=0.000148972;low@0.1415:W=0.000290947;low@0.1961:W=3.24326e-05;high@0.9558:W=0.000259089
nstxuG121123B12/N10/egn10w.1766E+02,nstxuG121123B12,candidate,10,4.201989733690397,-1.2873758158444354e-05,,,below_upper2,0.9977587878293616,0.9999997525585823,0.015,lower_max,0.085,0.07,-0.1654904149824375,0.059570077091897974,0.17480913921783794,5,2,3,0.11344849984834704,0.11344849984834704,0.029675672409766915,1.174761560876811e-07,False,False,False,False,False,low@0.1556:W=0.0296757;low@0.1827:W=0.000985855;high@0.9350:W=1.17476e-07,low@0.0556:W=0.113448;low@0.1094:W=0.0829937;low@0.1556:W=0.0296757;low@0.1827:W=0.000985855;high@0.9350:W=1.17476e-07
nstxuG121123B12/N10/egn10w.1909E+02,nstxuG121123B12,candidate,10,4.369328443182994,-4.3477439688723745e-07,,,below_upper2,0.995821202648326,0.9999999699028838,0.165,lower_max,0.17,0.0050000000000000044,0.0019300844238754424,0.9891502865024946,0.09674460462037536,3,0,3,0.0030255177123047513,0.0,0.0030255177123047513,3.81431363456438e-09,True,True,False,True,True,low@0.0632:W=2.9877e-05;low@0.1038:W=0.00302552;high@0.9163:W=3.81431e-09,low@0.0632:W=2.9877e-05;low@0.1038:W=0.00302552;high@0.9163:W=3.81431e-09
nstxuG121123B12/N10/egn10w.1945E+02,nstxuG121123B12,candidate,10,4.4099759116256445,-2.767683604241849e-06,,,below_upper2,0.9927907986565837,0.9999998528118571,0.17,lower_max,0.17,0.0,0.011129457892104826,0.9779170476922583,0.09585289379426025,3,0,3,0.002364761921093428,0.0,0.002364761921093428,3.0138545326748994e-08,True,True,False,True,True,low@0.0648:W=0.00236476;low@0.1026:W=0.00117008;high@0.9094:W=3.01385e-08,low@0.0648:W=0.00236476;low@0.1026:W=0.00117008;high@0.9094:W=3.01385e-08
nstxuG121123B12/N10/egn10w.2406E+02,nstxuG121123B12,candidate,10,4.905066589594405,-9.940166799006111e-09,,,below_upper2,0.9914719501707524,0.9999999712031226,0.08,lower_max,0.085,0.0050000000000000044,0.0015673245170517193,0.9983713266165642,0.14975254564471654,1,0,1,3.7011330000445682e-09,0.0,3.7011330000445682e-09,3.7011330000445682e-09,True,True,True,True,True,high@0.8654:W=3.70113e-09,high@0.8654:W=3.70113e-09
nstxuG121123B12/N10/egn10w.2430E+02,nstxuG121123B12,candidate,10,4.929624486105729,-0.0026769176506821293,,,mixed,-0.08410496108902545,0.35342352799851895,0.915,upper_min,0.385,0.53,0.19583975953259009,0.00027543457293719277,0.02377835921273934,1,0,1,0.33753287509555124,0.0,0.33753287509555124,0.33753287509555124,False,False,False,False,False,high@0.8632:W=0.337533,high@0.8632:W=0.337533
nstxuG121123B12/N10/egn10w.2508E+02,nstxuG121123B12,candidate,10,5.007904422241169,-1.0060095923742992e-07,,,below_upper2,0.9766466634163582,0.9999996141860638,0.085,lower_max,0.085,0.0,0.022070242251337434,0.9971505542550176,0.14667736170968726,1,0,1,1.0603069449752928e-07,0.0,1.0603069449752928e-07,1.0603069449752928e-07,True,True,True,True,True,high@0.8555:W=1.06031e-07,high@0.8555:W=1.06031e-07
nstxuG121123B12/N10/egn10w.2629E+02,nstxuG121123B12,candidate,10,5.127710090579061,-0.0007646528102905181,,,below_upper2,0.9778478710214523,0.9914863385374126,0.49,upper_min,0.385,0.10499999999999998,0.14964396502863295,0.12556924775384887,0.022859791162901016,1,0,1,0.005030355018977485,0.0,0.005030355018977485,0.005030355018977485,False,False,False,False,False,high@0.8452:W=0.00503036,high@0.8452:W=0.00503036
nstxuG121123B12/N10/egn10w.2640E+02,nstxuG121123B12,candidate,10,5.13782393491488,-1.672827960104302e-05,,,below_upper2,0.711851711733708,0.810362330152316,0.92,upper_min,0.385,0.535,0.14738088239847552,0.11359910396135514,0.022814791495279138,1,0,1,0.06249306875349678,0.0,0.06249306875349678,0.06249306875349678,False,False,False,False,False,high@0.8447:W=0.0624931,high@0.8447:W=0.0624931
nstxuG121123B12/N10/egn10w.2814E+02,nstxuG121123B12,candidate,10,5.304912344568252,-0.0006624293136120382,,,below_upper2,0.9707749464387171,0.998358378375743,0.38,upper_min,0.385,0.0050000000000000044,0.111241916388426,0.25306652635123694,0.02209619579003196,1,0,1,0.006513473381730983,0.0,0.006513473381730983,0.006513473381730983,False,False,False,False,False,high@0.8363:W=0.00651347,high@0.8363:W=0.00651347
nstxuG121123B12/N10/egn10w.2828E+02,nstxuG121123B12,candidate,10,5.317608805149667,-3.128308020124582e-05,,,below_upper2,0.8146475320803214,0.9999110822054044,0.17,upper_min,0.17,0.0,0.025638805104022513,0.9032914375599482,0.1414706880757647,1,0,1,3.560725068726344e-05,0.0,3.560725068726344e-05,3.560725068726344e-05,True,True,True,True,True,high@0.8356:W=3.56073e-05,high@0.8356:W=3.56073e-05
nstxuG121123B12/N10/egn10w.2876E+02,nstxuG121123B12,candidate,10,5.363276113938395,-0.0924781004517577,,,mixed,-0.23494786902994047,0.42991342804543436,0.92,upper_min,0.385,0.535,0.09914925780723208,0.047680661449331516,0.021855742520863995,1,0,1,0.1850104726964575,0.0,0.1850104726964575,0.1850104726964575,False,False,False,False,False,high@0.8294:W=0.18501,high@0.8294:W=0.18501
nstxuG121123B12/N10/egn10w.2921E+02,nstxuG121123B12,candidate,10,5.4047837987457195,-1.2327261426895198e-08,,,below_upper2,0.7323254952528991,0.9999976878023323,0.085,upper_min,0.085,0.0,0.011588805101916814,0.994911343598988,0.12432173497221767,1,0,1,1.949605356315879e-07,0.0,1.949605356315879e-07,1.949605356315879e-07,True,True,True,True,True,high@0.8243:W=1.94961e-07,high@0.8243:W=1.94961e-07
nstxuG121123B12/N10/egn10w.2933E+02,nstxuG121123B12,candidate,10,5.41534829181933,-8.801114331419143e-05,,,below_upper2,0.9290011916082362,0.9960133264283582,0.3,upper_min,0.3,0.0,0.06231013168191806,0.3466045001460108,0.06356990465724185,1,0,1,0.00787718833702468,0.0,0.00787718833702468,0.00787718833702468,False,False,False,False,False,high@0.8239:W=0.00787719,high@0.8239:W=0.00787719
nstxuG121123B12/N10/egn10w.2944E+02,nstxuG121123B12,candidate,10,5.426261639313892,-2.6277728613258346e-05,,,below_upper2,0.7737791757819709,0.9980013532732572,0.165,upper_min,0.17,0.0050000000000000044,0.00510191056949141,0.5303533877683886,0.13863794755709366,1,0,1,0.0017719616272700287,0.0,0.0017719616272700287,0.0017719616272700287,True,True,False,True,True,high@0.8235:W=0.00177196,high@0.8235:W=0.00177196
nstxuG121123B12/N10/egn10w.3038E+02,nstxuG121123B12,candidate,10,5.512138034124042,-0.01902758525380901,,,below_upper2,0.9139454962852203,0.9880785050703338,0.29,upper_min,0.3,0.010000000000000009,0.04365662132774268,0.21620960029162453,0.062453656360842415,5,0,5,0.18044863153269924,0.0,0.18044863153269924,0.04496896109298495,False,False,False,False,False,high@0.0824:W=0.00764857;high@0.0894:W=0.00119066;high@0.1643:W=0.00713498;high@0.1791:W=0.180449;high@0.8203:W=0.044969,high@0.0824:W=0.00764857;high@0.0894:W=0.00119066;high@0.1643:W=0.00713498;high@0.1791:W=0.180449;high@0.8203:W=0.044969
nstxuG121123B12/N10/egn10w.3105E+02,nstxuG121123B12,candidate,10,5.572620708652261,-0.0050878030383975535,,,below_upper2,0.41928040283441426,0.8237270656403657,0.29,upper_min,0.3,0.010000000000000009,0.03232925005178635,0.14691140414177867,0.061775812960356676,5,0,5,0.6250472194040874,0.0,0.6250472194040874,0.6250472194040874,False,False,False,False,False,high@0.0794:W=0.00394552;high@0.0922:W=0.000786578;high@0.1612:W=0.0148832;high@0.1832:W=0.601847;high@0.8161:W=0.625047,high@0.0794:W=0.00394552;high@0.0922:W=0.000786578;high@0.1612:W=0.0148832;high@0.1832:W=0.601847;high@0.8161:W=0.625047
nstxuG121123B12/N10/egn10w.3134E+02,nstxuG121123B12,candidate,10,5.598340515689026,-0.00118090551815764,,,below_upper2,0.7378833065635507,0.9527381351478024,0.28,upper_min,0.3,0.019999999999999962,0.02758653941542335,0.22954682923981568,0.06149200350210258,5,0,5,0.6032146833414866,0.0,0.6032146833414866,0.0266180433525258,True,False,False,False,False,high@0.0787:W=2.70909e-05;high@0.0933:W=0.00129782;high@0.1599:W=0.00458768;high@0.1849:W=0.603215;high@0.8095:W=0.026618,high@0.0787:W=2.70909e-05;high@0.0933:W=0.00129782;high@0.1599:W=0.00458768;high@0.1849:W=0.603215;high@0.8095:W=0.026618
nstxuG121123B12/N10/egn10w.3216E+02,nstxuG121123B12,candidate,10,5.670668957973218,-0.0021551207775408116,,,below_upper2,0.7556883057553566,0.9382020390300755,0.305,upper_min,0.3,0.0050000000000000044,0.014479843493133863,0.23613886621811767,0.06070768319365156,5,0,5,0.5490666336372801,0.0,0.5490666336372801,0.18006236742930815,True,False,False,False,False,high@0.0767:W=8.20586e-05;high@0.0961:W=0.000106528;high@0.1571:W=0.00413429;high@0.1891:W=0.549067;high@0.8073:W=0.180062,high@0.0767:W=8.20586e-05;high@0.0961:W=0.000106528;high@0.1571:W=0.00413429;high@0.1891:W=0.549067;high@0.8073:W=0.180062
nstxuG121123B12/N10/egn10w.3249E+02,nstxuG121123B12,candidate,10,5.699806848354833,-0.0004033563332013838,,,below_upper2,0.7988976213060779,0.9420466544769739,0.295,upper_min,0.3,0.0050000000000000044,0.009293737496824012,0.25019260952566375,0.060397340428487684,5,0,5,0.4543133527727022,0.0,0.4543133527727022,0.05374936563486556,True,True,False,False,False,high@0.0758:W=2.80671e-05;high@0.0971:W=5.6719e-05;high@0.1559:W=0.00165658;high@0.1908:W=0.454313;high@0.8064:W=0.0537494,high@0.0758:W=2.80671e-05;high@0.0971:W=5.6719e-05;high@0.1559:W=0.00165658;high@0.1908:W=0.454313;high@0.8064:W=0.0537494
nstxuG121123B12/N10/egn10w.3272E+02,nstxuG121123B12,candidate,10,5.720230970159658,-0.0003075145734556567,,,below_upper2,0.7637534252462667,0.9622101294461338,0.305,upper_min,0.3,0.0050000000000000044,0.0056900476564980445,0.26749228767786387,0.06018169133249244,5,0,5,0.35897692731015246,0.0,0.35897692731015246,0.04896908204798546,True,True,False,False,False,high@0.0752:W=0.0166818;high@0.0978:W=0.000369153;high@0.1551:W=0.00100074;high@0.1921:W=0.358977;high@0.8057:W=0.0489691,high@0.0752:W=0.0166818;high@0.0978:W=0.000369153;high@0.1551:W=0.00100074;high@0.1921:W=0.358977;high@0.8057:W=0.0489691
nstxuG121123B12/N10/egn10w.3306E+02,nstxuG121123B12,candidate,10,5.750181454516757,-0.00025016825731716686,,,below_upper2,0.6890452925017115,0.9701115685555254,0.295,upper_min,0.3,0.0050000000000000044,0.00045179486766370807,0.3637993686468777,0.059868228041099834,5,0,5,0.3456470059995498,0.0,0.3456470059995498,0.020859625165930273,True,True,False,False,False,high@0.0745:W=2.61719e-06;high@0.0989:W=0.000145132;high@0.1541:W=1.69466e-05;high@0.1939:W=0.345647;high@0.7990:W=0.0208596,high@0.0745:W=2.61719e-06;high@0.0989:W=0.000145132;high@0.1541:W=1.69466e-05;high@0.1939:W=0.345647;high@0.7990:W=0.0208596
nstxuG121123B12/N10/egn10w.3410E+02,nstxuG121123B12,candidate,10,5.839841783466489,-0.0006356570471088924,,,below_upper2,0.12125814657482926,0.8156993778816704,0.385,upper_min,0.385,0.0,0.009452169875634487,0.17344237921517966,0.020072184514724572,7,0,7,0.8350937409274941,0.0,0.8350937409274941,0.13350764116838681,True,False,False,False,False,high@0.0723:W=6.01562e-06;high@0.1021:W=2.63612e-06;high@0.1508:W=6.29849e-06;high@0.1997:W=0.000635135;high@0.2835:W=0.000481553;high@0.3153:W=0.835094;high@0.7950:W=0.133508,high@0.0723:W=6.01562e-06;high@0.1021:W=2.63612e-06;high@0.1508:W=6.29849e-06;high@0.1997:W=0.000635135;high@0.2835:W=0.000481553;high@0.3153:W=0.835094;high@0.7950:W=0.133508
nstxuG121123B12/N10/egn10w.3429E+02,nstxuG121123B12,candidate,10,5.855539753594118,-0.0018315032700342137,,,below_upper2,0.41546207079672803,0.9089454627807603,0.38,upper_min,0.385,0.0050000000000000044,0.006745954791320232,0.19858028042525916,0.020018373497095496,7,0,7,0.5188420682711218,0.0,0.5188420682711218,0.1112762742319369,True,False,False,False,False,high@0.0719:W=0.000104009;high@0.1026:W=0.00241498;high@0.1502:W=0.00194621;high@0.2008:W=0.000336414;high@0.2817:W=0.000533685;high@0.3166:W=0.518842;high@0.7931:W=0.111276,high@0.0719:W=0.000104009;high@0.1026:W=0.00241498;high@0.1502:W=0.00194621;high@0.2008:W=0.000336414;high@0.2817:W=0.000533685;high@0.3166:W=0.518842;high@0.7931:W=0.111276
nstxuG121123B12/N10/egn10w.3461E+02,nstxuG121123B12,candidate,10,5.882827407456475,-0.0010993415121135527,,,below_upper2,0.49770692484468537,0.9519293247913325,0.385,upper_min,0.385,0.0,0.002076136481360498,0.277581079864389,0.01992551773080466,7,0,7,0.4241418980014751,0.0,0.4241418980014751,0.03171713743154078,True,True,False,False,False,high@0.0713:W=0.000232245;high@0.1036:W=5.35326e-05;high@0.1492:W=2.01507e-06;high@0.2029:W=7.00204e-05;high@0.2788:W=7.13126e-05;high@0.3188:W=0.424142;high@0.7899:W=0.0317171,high@0.0713:W=0.000232245;high@0.1036:W=5.35326e-05;high@0.1492:W=2.01507e-06;high@0.2029:W=7.00204e-05;high@0.2788:W=7.13126e-05;high@0.3188:W=0.424142;high@0.7899:W=0.0317171
nstxuG121123B12/N10/egn10w.3473E+02,nstxuG121123B12,candidate,10,5.892796568525537,-5.678658361027775e-06,,,below_upper2,0.44292423683998366,0.9306911251706527,0.445,upper_min,0.385,0.06,0.00038087035569724136,0.14974107619961793,0.019891808660190576,7,0,7,0.19512901323537857,0.0,0.19512901323537857,0.06820855857692254,False,False,False,False,False,high@0.0710:W=0.00197032;high@0.1040:W=0.00015659;high@0.1488:W=5.48433e-06;high@0.2037:W=1.33118e-06;high@0.2777:W=1.82963e-05;high@0.3196:W=0.195129;high@0.7892:W=0.0682086,high@0.0710:W=0.00197032;high@0.1040:W=0.00015659;high@0.1488:W=5.48433e-06;high@0.2037:W=1.33118e-06;high@0.2777:W=1.82963e-05;high@0.3196:W=0.195129;high@0.7892:W=0.0682086
nstxuG121123B12/N10/egn10w.3831E+02,nstxuG121123B12,candidate,10,6.18953731079396,-5.604155128113514e-05,,,below_upper2,0.3207806455882204,0.7385122434457674,0.01,upper_min,0.085,0.07500000000000001,-0.11666761015032145,0.18255045168858866,0.10855934220446753,15,1,14,0.33068109052667827,0.33068109052667827,0.015681230025377878,0.015681230025377878,False,False,False,False,False,high@0.1183:W=0.00216729;high@0.1348:W=0.000796232;high@0.3400:W=5.18625e-05;high@0.3625:W=5.04424e-05;high@0.4096:W=4.24702e-05;high@0.4230:W=4.31803e-05;high@0.5570:W=0.0134626;high@0.5625:W=0.0156812;high@0.5929:W=0.000110609;high@0.6180:W=0.00123421;high@0.6261:W=0.00768754;high@0.7577:W=0.00138755;high@0.7632:W=0.00122784;high@0.7662:W=0.00127591,high@0.0636:W=0.330681;high@0.1183:W=0.00216729;high@0.1348:W=0.000796232;high@0.3400:W=5.18625e-05;high@0.3625:W=5.04424e-05;high@0.4096:W=4.24702e-05;high@0.4230:W=4.31803e-05;high@0.5570:W=0.0134626;high@0.5625:W=0.0156812;high@0.5929:W=0.000110609;high@0.6180:W=0.00123421;high@0.6261:W=0.00768754;high@0.7577:W=0.00138755;high@0.7632:W=0.00122784;high@0.7662:W=0.00127591
nstxuG121123B12/N10/egn10w.3865E+02,nstxuG121123B12,candidate,10,6.216954580811125,-9.583642060591421e-05,,,below_upper2,0.3546924891260273,0.8483762653240515,0.01,upper_min,0.085,0.07500000000000001,-0.1205631770766374,0.10272746650638166,0.10808058676892157,15,1,14,0.13131356273087508,0.13131356273087508,0.038252023574006484,0.001028347338020474,False,False,False,False,False,high@0.1207:W=0.00125138;high@0.1319:W=0.00100731;high@0.3428:W=0.038252;high@0.3603:W=0.0261161;high@0.4129:W=3.97551e-05;high@0.4205:W=4.00194e-05;high@0.5944:W=0.000103861;high@0.6152:W=0.000131905;high@0.6280:W=0.000980488;high@0.7449:W=0.000454772;high@0.7452:W=0.000469154;high@0.7568:W=0.000770678;high@0.7645:W=0.00102835;high@0.7653:W=0.000992259,high@0.0628:W=0.131314;high@0.1207:W=0.00125138;high@0.1319:W=0.00100731;high@0.3428:W=0.038252;high@0.3603:W=0.0261161;high@0.4129:W=3.97551e-05;high@0.4205:W=4.00194e-05;high@0.5944:W=0.000103861;high@0.6152:W=0.000131905;high@0.6280:W=0.000980488;high@0.7449:W=0.000454772;high@0.7452:W=0.000469154;high@0.7568:W=0.000770678;high@0.7645:W=0.00102835;high@0.7653:W=0.000992259
nstxuG121123B12/N10/egn10w.3902E+02,nstxuG121123B12,candidate,10,6.246802636096496,-5.09962474036036e-05,,,below_upper2,0.37087860288694413,0.887713894359536,0.01,upper_min,0.085,0.07500000000000001,-0.12476524338795768,0.09670502245019515,0.10756416332526848,9,1,8,0.10267780484993097,0.10267780484993097,0.014385725940721017,0.0004495951874926848,False,False,False,False,False,high@0.3469:W=0.0143857;high@0.3563:W=0.0140128;high@0.5964:W=8.59284e-05;high@0.6128:W=9.79013e-05;high@0.6301:W=0.000219987;high@0.7440:W=0.000445781;high@0.7469:W=0.000449595;high@0.7558:W=0.000385655,high@0.0620:W=0.102678;high@0.3469:W=0.0143857;high@0.3563:W=0.0140128;high@0.5964:W=8.59284e-05;high@0.6128:W=9.79013e-05;high@0.6301:W=0.000219987;high@0.7440:W=0.000445781;high@0.7469:W=0.000449595;high@0.7558:W=0.000385655
nstxuG121123B12/N10/egn10w.8243E+01,nstxuG121123B12,candidate,10,2.8711479307007335,-0.0003109854205254581,,,below_upper2,0.9960474987291333,0.9999999673235581,0.585,lower_max,0.385,0.19999999999999996,-0.23142704679677573,1.767001407863504e-06,0.05508596847066298,4,0,4,0.6484561780744751,0.0,0.6484561780744751,0.6484561780744751,False,False,False,False,False,low@0.5066:W=0.00600812;low@0.5260:W=0.087055;low@0.5419:W=0.648456;high@0.9868:W=1.35026e-06,low@0.5066:W=0.00600812;low@0.5260:W=0.087055;low@0.5419:W=0.648456;high@0.9868:W=1.35026e-06
nstxuG121123B12/N10/egn10w.8485E+01,nstxuG121123B12,candidate,10,2.9129392986690026,-0.003985967921695279,,,below_upper2,0.9972055618057456,0.9999997564521892,0.58,lower_max,0.385,0.19499999999999995,-0.2137600048291392,2.5009597680970463e-06,0.054295660900814946,4,0,4,0.5616787464863169,0.0,0.5616787464863169,0.5616787464863169,False,False,False,False,False,low@0.5039:W=0.00605433;low@0.5313:W=0.429703;low@0.5371:W=0.561679;high@0.9862:W=3.72155e-06,low@0.5039:W=0.00605433;low@0.5313:W=0.429703;low@0.5371:W=0.561679;high@0.9862:W=3.72155e-06
nstxuG121123B12/N10/egn10w.8533E+01,nstxuG121123B12,candidate,10,2.9210489966712205,-0.006393791189338263,,,below_upper2,0.9937732392386812,0.9999999664652067,0.625,lower_max,0.385,0.24,-0.21039024721892724,3.200582996467462e-06,0.054144920049415936,4,0,4,0.9156360696793714,0.0,0.9156360696793714,0.9156360696793714,False,False,False,False,False,low@0.5034:W=0.0568361;low@0.5338:W=0.734121;low@0.5357:W=0.915636;high@0.9861:W=5.5703e-06,low@0.5034:W=0.0568361;low@0.5338:W=0.734121;low@0.5357:W=0.915636;high@0.9861:W=5.5703e-06
nstxuG121123B12/N10/egn10w.9400E+01,nstxuG121123B12,candidate,10,3.065996007379941,-0.0004211211534559556,,,below_upper2,0.9978950354312138,0.9999997668315397,0.535,lower_max,0.385,0.15000000000000002,-0.15316823919834358,3.373649392681035e-05,0.05158518276099978,4,0,4,0.7409980684075486,0.0,0.7409980684075486,0.7409980684075486,False,False,False,False,False,low@0.4580:W=0.00185818;low@0.4843:W=0.0438607;low@0.4935:W=0.740998;high@0.9840:W=1.06986e-06,low@0.4580:W=0.00185818;low@0.4843:W=0.0438607;low@0.4935:W=0.740998;high@0.9840:W=1.06986e-06
nstxuG142301W29/N6/egn06w.1178E+02,nstxuG142301W29,candidate,6,3.432576093691188,-2.139025150731491e-05,,,below_upper2,0.9921923281810211,0.9943252294573155,0.4,lower_max,0.31,0.09000000000000002,-0.10501279509867308,0.00030754218862098255,0.03997806037137707,3,0,3,0.004225595925526471,0.0,0.004225595925526471,0.0017038004823592581,False,False,False,False,False,low@0.3521:W=0.0042256;high@0.8800:W=0.000289006;high@0.9818:W=0.0017038,low@0.3521:W=0.0042256;high@0.8800:W=0.000289006;high@0.9818:W=0.0017038
nstxuG142301W29/N6/egn06w.1226E+02,nstxuG142301W29,candidate,6,3.501566187995662,-0.0023909881985939192,,,below_upper2,0.9673904053154553,0.9971022962187918,0.395,lower_max,0.31,0.08500000000000002,-0.08324112697974326,0.024109982830377016,0.03919038708261082,3,0,3,0.5428402296008438,0.0,0.5428402296008438,0.012639420646023943,False,False,False,False,False,low@0.3457:W=0.54284;high@0.8645:W=0.0126394;high@0.9836:W=7.66305e-05,low@0.3457:W=0.54284;high@0.8645:W=0.0126394;high@0.9836:W=7.66305e-05
nstxuG142301W29/N6/egn06w.1514E+02,nstxuG142301W29,candidate,6,3.8914000628325476,-1.6162588934086508e-06,,,mixed,-0.05720330171416972,0.10498337668086336,0.8250000000000001,lower_max,0.31,0.5150000000000001,0.02527613649735287,0.05363040738189135,0.03526436040684134,3,0,3,0.01808854807136692,0.0,0.01808854807136692,0.0006094575022552234,False,False,False,False,False,low@0.2250:W=0.0180885;high@0.7885:W=0.000609458;high@0.9851:W=5.26205e-05,low@0.2250:W=0.0180885;high@0.7885:W=0.000609458;high@0.9851:W=5.26205e-05
nstxuG142301W29/N6/egn06w.1538E+02,nstxuG142301W29,candidate,6,3.9218641879699985,-6.559111442117902e-05,,,below_upper2,0.8859150492662374,0.8856979907398503,0.305,lower_max,0.31,0.0050000000000000044,0.0328475638413411,0.3774351585165566,0.034990435090502876,3,0,3,0.3239056815146886,0.0,0.3239056815146886,0.025535765053631147,False,True,False,False,False,low@0.2226:W=0.323906;high@0.7843:W=0.0255358;high@0.9851:W=0.0227759,low@0.2226:W=0.323906;high@0.7843:W=0.0255358;high@0.9851:W=0.0227759
nstxuG142301W29/N6/egn06w.1889E+02,nstxuG142301W29,candidate,6,4.346583584484247,-8.11612648300187e-09,,,below_upper2,0.998399847378368,0.9999622486561742,0.185,lower_max,0.185,0.0,0.0012520557851641045,0.9929071964402805,0.07752081306926817,3,0,3,8.754072413768147e-06,0.0,8.754072413768147e-06,4.471007816166623e-06,True,True,True,True,True,low@0.0811:W=8.75407e-06;high@0.7088:W=1.09213e-06;high@0.9853:W=4.47101e-06,low@0.0811:W=8.75407e-06;high@0.7088:W=1.09213e-06;high@0.9853:W=4.47101e-06
nstxuG142301W29/N6/egn06w.2590E+02,nstxuG142301W29,candidate,6,5.089073975776053,-6.792963056138237e-06,,,below_upper2,0.8526202260709398,0.9786152877394004,0.56,upper_min,0.315,0.24500000000000005,0.06286539512433198,0.16892470498228507,0.05283100867759961,3,0,3,0.625477002872912,0.0,0.625477002872912,0.625477002872912,False,False,False,False,False,low@0.0309:W=0.00474424;high@0.5631:W=0.625477;high@0.9857:W=3.77293e-06,low@0.0309:W=0.00474424;high@0.5631:W=0.625477;high@0.9857:W=3.77293e-06
nstxuG142301W29/N6/egn06w.2706E+02,nstxuG142301W29,candidate,6,5.201750994098553,-0.00011460665671683307,,,below_upper2,0.855771639027502,0.9606784292218858,0.315,upper_min,0.315,0.0,0.039842281611854,0.31330477915234206,0.05168661700265868,5,0,5,0.8783498001115349,0.0,0.8783498001115349,0.8783498001115349,False,True,False,False,False,low@0.0153:W=0.0013601;high@0.5192:W=0.87835;high@0.5422:W=0.00257629;high@0.5513:W=0.0138891;high@0.9857:W=1.76644e-05,low@0.0153:W=0.0013601;high@0.5192:W=0.87835;high@0.5422:W=0.00257629;high@0.5513:W=0.0138891;high@0.9857:W=1.76644e-05
nstxuG142301W29/N6/egn06w.2734E+02,nstxuG142301W29,candidate,6,5.229029821897125,-0.00028292277182172834,,,below_upper2,0.8247612292658938,0.9975425340850668,0.47500000000000003,upper_min,0.315,0.16000000000000003,0.034417627420940906,0.29443049592185216,0.05141697801173116,2,0,2,0.5030189483954906,0.0,0.5030189483954906,0.5030189483954906,False,False,False,False,False,high@0.5167:W=0.503019;high@0.9857:W=8.17227e-06,high@0.5167:W=0.503019;high@0.9857:W=8.17227e-06
nstxuG142301W29/N6/egn06w.2755E+02,nstxuG142301W29,candidate,6,5.249190296269262,-5.8589464779492316e-06,,,below_upper2,0.7912727512429606,0.9696997774592504,0.47000000000000003,upper_min,0.315,0.15500000000000003,0.030444757532316704,0.23321791669275552,0.05121950171367525,2,0,2,0.41091253758600693,0.0,0.41091253758600693,0.41091253758600693,False,False,False,False,False,high@0.5148:W=0.410913;high@0.9858:W=9.66313e-06,high@0.5148:W=0.410913;high@0.9858:W=9.66313e-06
nstxuG142301W29/N6/egn06w.2775E+02,nstxuG142301W29,candidate,6,5.268171286192004,-2.0081041354029655e-06,,,below_upper2,0.8150933522567985,0.999778507583137,0.025,upper_min,0.19,0.165,0.020542925929263923,0.0014857318335479107,0.0846445432681834,4,0,4,0.0008965853217492523,0.0,0.0008965853217492523,0.0008965853217492523,False,False,False,False,False,high@0.4721:W=0.000896585;high@0.4786:W=0.000414855;high@0.5131:W=0.00020203;high@0.9858:W=2.1677e-06,high@0.4721:W=0.000896585;high@0.4786:W=0.000414855;high@0.5131:W=0.00020203;high@0.9858:W=2.1677e-06
nstxuG142301W29/N6/egn06w.2786E+02,nstxuG142301W29,candidate,6,5.27818152839693,-0.00011913316734417988,,,below_upper2,0.8305917083458366,0.9688654109476449,0.19,upper_min,0.19,0.0,0.018607433219490023,0.49176885709621215,0.08448401215062307,4,0,4,0.3136345003595062,0.0,0.3136345003595062,0.3136345003595062,True,True,False,False,False,high@0.4695:W=0.313635;high@0.4812:W=0.0322937;high@0.5122:W=0.0131911;high@0.9858:W=7.26117e-06,high@0.4695:W=0.313635;high@0.4812:W=0.0322937;high@0.5122:W=0.0131911;high@0.9858:W=7.26117e-06
nstxuG142301W29/N6/egn06w.2853E+02,nstxuG142301W29,candidate,6,5.341795194932624,-0.00012296478910423992,,,below_upper2,0.7355543054037753,0.994370297618274,0.41000000000000003,upper_min,0.315,0.09500000000000003,0.012581056497878884,0.2669805507437529,0.05033156486984375,5,0,5,0.29482293923839636,0.0,0.29482293923839636,0.29482293923839636,False,False,False,False,False,high@0.0209:W=0.000432306;high@0.4624:W=0.294823;high@0.4914:W=0.00065344;high@0.5054:W=0.000250831;high@0.9858:W=2.63662e-06,high@0.0209:W=0.000432306;high@0.4624:W=0.294823;high@0.4914:W=0.00065344;high@0.5054:W=0.000250831;high@0.9858:W=2.63662e-06
nstxuG142301W29/N6/egn06w.2883E+02,nstxuG142301W29,candidate,6,5.3690613229997295,-0.00012862495652558227,,,below_upper2,0.6188293312996827,0.9936448999479366,0.185,upper_min,0.19,0.0050000000000000044,0.0013659027651214445,0.5554841910352516,0.08305398756912334,5,0,5,0.4132397656531617,0.0,0.4132397656531617,0.4132397656531617,True,True,False,False,False,high@0.0259:W=4.1509e-05;high@0.4062:W=0.41324;high@0.4125:W=0.0150017;high@0.4599:W=0.0177574;high@0.9858:W=9.8279e-05,high@0.0259:W=4.1509e-05;high@0.4062:W=0.41324;high@0.4125:W=0.0150017;high@0.4599:W=0.0177574;high@0.9858:W=9.8279e-05
nstxuG142301W29/N7/egn07w.1142E+02,nstxuG142301W29,candidate,7,3.3786860810152297,-0.00018289194320749761,,,below_upper2,0.9797799347226446,0.9941869372656139,0.42,lower_max,0.35000000000000003,0.06999999999999995,-0.07542106398598361,0.03128367120164783,0.034360316664303295,4,1,3,0.058718480074877566,0.058718480074877566,0.001508374045398366,0.001508374045398366,False,False,False,False,False,low@0.9870:W=0.00150837;high@0.8954:W=0.00146815;high@0.9827:W=0.00131176,low@0.3767:W=0.0587185;low@0.9870:W=0.00150837;high@0.8954:W=0.00146815;high@0.9827:W=0.00131176
nstxuG142301W29/N7/egn07w.1198E+02,nstxuG142301W29,candidate,7,3.4611614628437946,-0.00023487819231204384,,,below_upper2,0.9686341811052036,0.9983349824177936,0.42,lower_max,0.35000000000000003,0.06999999999999995,-0.0497950526510919,0.08311762176788728,0.03354155097912477,4,1,3,0.622378867277387,0.622378867277387,0.002739279242677994,0.002739279242677994,False,False,False,False,False,low@0.9871:W=0.000188567;high@0.8752:W=0.00273928;high@0.9847:W=0.000308598,low@0.3705:W=0.622379;low@0.9871:W=0.000188567;high@0.8752:W=0.00273928;high@0.9847:W=0.000308598
nstxuG142301W29/N7/egn07w.1331E+02,nstxuG142301W29,candidate,7,3.64792616936953,-0.0001389985753672629,,,below_upper2,0.9839289402541667,0.9977912725379788,0.34500000000000003,lower_max,0.35000000000000003,0.0050000000000000044,0.003951831418778384,0.35566548650815966,0.031824307363386546,4,0,4,0.42150865782823427,0.0,0.42150865782823427,0.000648361451926922,True,True,False,False,False,low@0.2897:W=0.421509;low@0.9873:W=7.52792e-05;high@0.8368:W=0.000648361;high@0.9850:W=0.000124105,low@0.2897:W=0.421509;low@0.9873:W=7.52792e-05;high@0.8368:W=0.000648361;high@0.9850:W=0.000124105
nstxuG142301W29/N7/egn07w.1334E+02,nstxuG142301W29,candidate,7,3.65240393192044,-5.251159686618758e-06,,,below_upper2,0.9921672108265653,0.9986109894995401,0.35000000000000003,lower_max,0.35000000000000003,0.0,0.005172963383180363,0.6816689625376691,0.03178529150030661,4,0,4,0.027188043287145088,0.0,0.027188043287145088,4.93574442353434e-05,True,True,False,False,True,low@0.2894:W=0.027188;low@0.9873:W=7.91157e-06;high@0.8362:W=4.93574e-05;high@0.9850:W=1.26143e-05,low@0.2894:W=0.027188;low@0.9873:W=7.91157e-06;high@0.8362:W=4.93574e-05;high@0.9850:W=1.26143e-05
nstxuG142301W29/N7/egn07w.1459E+02,nstxuG142301W29,candidate,7,3.8191210572160514,-0.0002868753130984661,,,below_upper2,0.6364439343373499,0.6430634599510774,0.9450000000000001,lower_max,0.35000000000000003,0.595,0.0486004172989795,0.17370019263802092,0.030397759566590694,6,0,6,0.09266197619618638,0.0,0.09266197619618638,0.09266197619618638,False,False,False,False,False,low@0.1938:W=0.00984049;low@0.2124:W=0.0108137;low@0.2764:W=0.0773899;low@0.9875:W=0.0234915;high@0.8032:W=0.092662;high@0.9851:W=0.0412048,low@0.1938:W=0.00984049;low@0.2124:W=0.0108137;low@0.2764:W=0.0773899;low@0.9875:W=0.0234915;high@0.8032:W=0.092662;high@0.9851:W=0.0412048
nstxuG142301W29/N7/egn07w.2103E+02,nstxuG142301W29,candidate,7,4.585715651295826,-9.900240420909966e-08,,,below_upper2,0.9932314688942124,0.9999940108838108,0.14,lower_max,0.135,0.0050000000000000044,0.000983334481308486,0.9817633441497159,0.10415108587799653,3,0,3,3.280488221750973e-07,0.0,3.280488221750973e-07,3.280488221750973e-07,True,True,True,True,True,low@0.9887:W=4.3302e-08;high@0.6679:W=3.28049e-07;high@0.9853:W=4.7867e-08,low@0.9887:W=4.3302e-08;high@0.6679:W=3.28049e-07;high@0.9853:W=4.7867e-08
nstxuG142301W29/N7/egn07w.2116E+02,nstxuG142301W29,candidate,7,4.600062235884766,-4.5506792023840836e-07,,,below_upper2,0.9906764941319673,0.9999887100673621,0.135,lower_max,0.135,0.0,0.004099048217922435,0.9761658913450659,0.10382626149803001,3,0,3,9.241310331238183e-07,0.0,9.241310331238183e-07,9.241310331238183e-07,True,True,True,True,True,low@0.9887:W=1.80081e-07;high@0.6659:W=9.24131e-07;high@0.9853:W=2.01319e-07,low@0.9887:W=1.80081e-07;high@0.6659:W=9.24131e-07;high@0.9853:W=2.01319e-07
nstxuG142301W29/N7/egn07w.2341E+02,nstxuG142301W29,candidate,7,4.837921472017493,-4.776615424636136e-10,,,below_upper2,0.9996913062979509,0.9999457414567899,0.01,lower_max,0.135,0.125,0.053063100450865375,0.0006212156276228114,0.09872158268228653,3,0,3,1.9544492138318333e-05,0.0,1.9544492138318333e-05,1.9544492138318333e-05,False,False,False,False,False,low@0.9891:W=1.8865e-07;high@0.6198:W=1.95445e-05;high@0.9854:W=1.94429e-07,low@0.9891:W=1.8865e-07;high@0.6198:W=1.95445e-05;high@0.9854:W=1.94429e-07
nstxuG142301W29/N7/egn07w.2702E+02,nstxuG142301W29,candidate,7,5.1976290220309025,-0.00015606674853337722,,,below_upper2,0.8436613118133431,0.9747411504900816,0.255,upper_min,0.255,0.0,0.03688178283101211,0.3609878375563669,0.07025275022665754,5,0,5,0.48955739819866567,0.0,0.48955739819866567,0.48955739819866567,False,True,False,False,False,low@0.9898:W=5.38736e-06;high@0.5179:W=0.489557;high@0.5333:W=0.245335;high@0.5481:W=0.154889;high@0.9855:W=4.75378e-06,low@0.9898:W=5.38736e-06;high@0.5179:W=0.489557;high@0.5333:W=0.245335;high@0.5481:W=0.154889;high@0.9855:W=4.75378e-06
nstxuG142301W29/N7/egn07w.2727E+02,nstxuG142301W29,candidate,7,5.221642753268665,-0.0001386827474900932,,,below_upper2,0.8334132948094712,0.9987355148585074,0.255,upper_min,0.255,0.0,0.03211328340759796,0.3636740564318574,0.06992966595177094,5,0,5,0.6633335624374164,0.0,0.6633335624374164,0.6633335624374164,False,True,False,False,False,low@0.9898:W=1.73914e-06;high@0.5155:W=0.663334;high@0.5376:W=0.00650976;high@0.5454:W=0.0168645;high@0.9855:W=2.56633e-06,low@0.9898:W=1.73914e-06;high@0.5155:W=0.663334;high@0.5376:W=0.00650976;high@0.5454:W=0.0168645;high@0.9855:W=2.56633e-06
nstxuG142301W29/N7/egn07w.2784E+02,nstxuG142301W29,candidate,7,5.27631153407428,-0.000158093168055036,,,below_upper2,0.8005203180741187,0.9579341868350695,0.42,upper_min,0.355,0.065,0.024115077214995565,0.21915045367878846,0.040603620418220125,5,0,5,0.6862599718900926,0.0,0.6862599718900926,0.6862599718900926,False,False,False,False,False,low@0.9899:W=6.51782e-06;high@0.4734:W=0.68626;high@0.4850:W=0.266185;high@0.5111:W=0.10917;high@0.9855:W=6.88391e-06,low@0.9899:W=6.51782e-06;high@0.4734:W=0.68626;high@0.4850:W=0.266185;high@0.5111:W=0.10917;high@0.9855:W=6.88391e-06
nstxuG142301W29/N7/egn07w.2839E+02,nstxuG142301W29,candidate,7,5.328307557838705,-2.3144206141984586e-05,,,below_upper2,0.7391878505166264,0.9918130313139468,0.14,upper_min,0.14,0.0,0.00962572641013733,0.4455816405484265,0.09875710757854524,4,0,4,0.08832597480551366,0.0,0.08832597480551366,0.08832597480551366,True,True,False,False,False,high@0.4683:W=0.088326;high@0.4917:W=0.00268837;high@0.5063:W=0.00186704;high@0.9855:W=3.25201e-07,high@0.4683:W=0.088326;high@0.4917:W=0.00268837;high@0.5063:W=0.00186704;high@0.9855:W=3.25201e-07
nstxuG142301W29/N7/egn07w.2854E+02,nstxuG142301W29,candidate,7,5.342112707004797,-6.500622315241383e-05,,,below_upper2,0.7546049046512897,0.9888850181922144,0.42,upper_min,0.355,0.065,0.011500597328000241,0.20332920532566806,0.04010348760648797,6,0,6,0.16700919541102566,0.0,0.16700919541102566,0.16700919541102566,False,False,False,False,False,high@0.4247:W=0.154078;high@0.4252:W=0.126187;high@0.4672:W=0.167009;high@0.4936:W=0.000598496;high@0.5049:W=0.000342931;high@0.9855:W=1.84547e-06,high@0.4247:W=0.154078;high@0.4252:W=0.126187;high@0.4672:W=0.167009;high@0.4936:W=0.000598496;high@0.5049:W=0.000342931;high@0.9855:W=1.84547e-06
nstxuG142301W29/N7/egn07w.2875E+02,nstxuG142301W29,candidate,7,5.361943866083115,-8.965670453836009e-05,,,below_upper2,0.6926016764469519,0.962828692592693,0.265,upper_min,0.255,0.010000000000000009,0.005106912988721869,0.43939326818954333,0.06809987992699795,6,0,6,0.5020833917596796,0.0,0.5020833917596796,0.5020833917596796,True,True,False,False,False,high@0.4192:W=0.502083;high@0.4303:W=0.0196901;high@0.4657:W=0.0199565;high@0.4991:W=0.000110881;high@0.5005:W=0.000117189;high@0.9856:W=0.000538444,high@0.4192:W=0.502083;high@0.4303:W=0.0196901;high@0.4657:W=0.0199565;high@0.4991:W=0.000110881;high@0.5005:W=0.000117189;high@0.9856:W=0.000538444
nstxuG142301W29/N7/egn07w.2891E+02,nstxuG142301W29,candidate,7,5.376647353125222,-4.448987593180923e-05,,,below_upper2,0.6543664438026814,0.9931497188775611,0.135,upper_min,0.14,0.0050000000000000044,0.0005484896629107005,0.5194750011906525,0.09786921256704507,4,0,4,0.10222886115494337,0.0,0.10222886115494337,0.10222886115494337,True,True,False,False,False,high@0.4176:W=0.102229;high@0.4321:W=0.0151009;high@0.4645:W=0.0084587;high@0.9856:W=8.94279e-06,high@0.4176:W=0.102229;high@0.4321:W=0.0151009;high@0.4645:W=0.0084587;high@0.9856:W=8.94279e-06
nstxuG142301W29/N7/egn07w.2904E+02,nstxuG142301W29,candidate,7,5.389088978338306,-8.051013423780711e-05,,,below_upper2,0.5844530268999998,0.9908588328044542,0.255,upper_min,0.255,0.0,4.413891109659541e-05,0.5010522442021124,0.06775685740638011,6,0,6,0.11517000672928024,0.0,0.11517000672928024,0.11517000672928024,True,True,False,False,False,high@0.1380:W=0.0769016;high@0.1427:W=0.0380752;high@0.4162:W=0.11517;high@0.4336:W=0.000759431;high@0.4636:W=0.000193728;high@0.9856:W=2.27463e-07,high@0.1380:W=0.0769016;high@0.1427:W=0.0380752;high@0.4162:W=0.11517;high@0.4336:W=0.000759431;high@0.4636:W=0.000193728;high@0.9856:W=2.27463e-07
nstxuG142301W29/N7/egn07w.2913E+02,nstxuG142301W29,candidate,7,5.397332545060911,-0.004496858516361421,,,below_upper2,0.6204052356536934,0.9873269257495342,0.355,upper_min,0.355,0.0,0.001151985543976114,0.48354411224800753,0.03969319083995983,8,0,8,0.5965456906719578,0.0,0.5965456906719578,0.3004896955492275,True,True,False,False,False,high@0.1362:W=0.00287489;high@0.1450:W=0.0178287;high@0.2513:W=0.0461003;high@0.2588:W=0.596546;high@0.4152:W=0.30049;high@0.4346:W=0.00161079;high@0.4629:W=0.00123985;high@0.9856:W=1.36381e-05,high@0.1362:W=0.00287489;high@0.1450:W=0.0178287;high@0.2513:W=0.0461003;high@0.2588:W=0.596546;high@0.4152:W=0.30049;high@0.4346:W=0.00161079;high@0.4629:W=0.00123985;high@0.9856:W=1.36381e-05
nstxuG142301W29/N8/egn08w.1050E+02,nstxuG142301W29,candidate,8,3.240032079189592,-0.00035997341032197695,,,below_upper2,0.7823381134119287,0.9999922595394958,0.855,lower_max,0.375,0.48,-0.08890750593083811,0.002616875335533477,0.031007161278863413,6,1,5,0.6488814523183539,0.05337936506198506,0.6488814523183539,0.6488814523183539,False,False,False,False,False,low@0.4221:W=0.361732;low@0.4392:W=0.648881;low@0.9857:W=0.000124965;high@0.9701:W=0.00116084;high@0.9806:W=0.000171437,low@0.4018:W=0.0533794;low@0.4221:W=0.361732;low@0.4392:W=0.648881;low@0.9857:W=0.000124965;high@0.9701:W=0.00116084;high@0.9806:W=0.000171437
nstxuG142301W29/N8/egn08w.1122E+02,nstxuG142301W29,candidate,8,3.349228096826546,-0.00012645526630733448,,,below_upper2,0.9610657049034127,0.9983199328446863,0.43,lower_max,0.375,0.05499999999999999,-0.053405485827967426,0.16808829861222577,0.02999622430115001,4,1,3,0.4390927663459915,0.4390927663459915,0.0037239457588241374,0.0037239457588241374,False,False,False,False,False,low@0.9858:W=1.26869e-06;high@0.9024:W=0.00372395;high@0.9829:W=1.65634e-06,low@0.3933:W=0.439093;low@0.9858:W=1.26869e-06;high@0.9024:W=0.00372395;high@0.9829:W=1.65634e-06
nstxuG142301W29/N8/egn08w.1198E+02,nstxuG142301W29,candidate,8,3.4616960192613293,-0.00038092727237492793,,,below_upper2,0.9597844802472802,0.9955072641082503,0.43,lower_max,0.375,0.05499999999999999,-0.019181127070506215,0.15847456695830428,0.0290216693404409,6,2,4,0.6916775987486756,0.6916775987486756,0.040069751042629664,0.01986504706168394,False,False,False,False,False,low@0.3344:W=0.0400698;low@0.9858:W=1.329e-06;high@0.8738:W=0.019865;high@0.9850:W=1.53923e-06,low@0.3344:W=0.0400698;low@0.3617:W=0.453574;low@0.3853:W=0.691678;low@0.9858:W=1.329e-06;high@0.8738:W=0.019865;high@0.9850:W=1.53923e-06
nstxuG142301W29/N8/egn08w.1268E+02,nstxuG142301W29,candidate,8,3.5608429750912323,-9.943726852065921e-06,,,below_upper2,0.9959357586721796,0.9971007884248676,0.375,lower_max,0.375,0.0,0.009196621371417493,0.9530341517016986,0.028213599400728654,4,0,4,0.003376958067951368,0.0,0.003376958067951368,0.00014629807557830235,True,True,False,True,True,low@0.3262:W=0.00337696;low@0.9859:W=5.71562e-05;high@0.8546:W=0.000146298;high@0.9850:W=5.99478e-05,low@0.3262:W=0.00337696;low@0.9859:W=5.71562e-05;high@0.8546:W=0.000146298;high@0.9850:W=5.99478e-05
nstxuG142301W29/N8/egn08w.1339E+02,nstxuG142301W29,candidate,8,3.6591805338458387,-0.005204933313061493,,,mixed,-0.050076862048887644,0.25134445086589646,0.9400000000000001,lower_max,0.375,0.5650000000000001,0.035823672034519784,0.019557301427729542,0.02745538141637791,6,0,6,0.15945031540889093,0.0,0.15945031540889093,0.14982879110300829,False,False,False,False,False,low@0.2537:W=0.000648641;low@0.2662:W=0.00221973;low@0.3193:W=0.15945;low@0.9859:W=0.000379098;high@0.8338:W=0.149829;high@0.9850:W=0.000442003,low@0.2537:W=0.000648641;low@0.2662:W=0.00221973;low@0.3193:W=0.15945;low@0.9859:W=0.000379098;high@0.8338:W=0.149829;high@0.9850:W=0.000442003
nstxuG142301W29/N8/egn08w.1488E+02,nstxuG142301W29,candidate,8,3.857865475617381,-1.1614501334719375e-05,,,below_upper2,0.8965629608442011,0.8912135829498206,0.3,lower_max,0.3,0.0,0.0038428861745082687,0.8573759035178817,0.04460376050743024,4,0,4,0.008934887566289292,0.0,0.008934887566289292,0.0012234883105767813,True,True,False,True,True,low@0.2333:W=0.00893489;low@0.9860:W=0.00024528;high@0.7964:W=0.00122349;high@0.9851:W=0.00027028,low@0.2333:W=0.00893489;low@0.9860:W=0.00024528;high@0.7964:W=0.00122349;high@0.9851:W=0.00027028
nstxuG142301W29/N8/egn08w.1521E+02,nstxuG142301W29,candidate,8,3.8994948169349617,-0.00038418713212094003,,,below_upper2,0.9893709042608294,0.9918058064366047,0.3,lower_max,0.3,0.0,0.01447743409524967,0.7122012787975133,0.04412758980907529,4,0,4,0.17331823698380341,0.0,0.17331823698380341,0.0005770826641387321,True,True,False,False,False,low@0.2305:W=0.173318;low@0.9860:W=1.78839e-05;high@0.7878:W=0.000577083;high@0.9851:W=2.19896e-05,low@0.2305:W=0.173318;low@0.9860:W=1.78839e-05;high@0.7878:W=0.000577083;high@0.9851:W=2.19896e-05
nstxuG142301W29/N8/egn08w.2252E+02,nstxuG142301W29,candidate,8,4.745264151422587,-6.42443899639553e-05,,,mixed,-0.48689872457429434,0.4587091099331353,0.9550000000000001,upper_min,0.38,0.5750000000000001,0.13612923808125355,0.02970532992600778,0.032316452429533064,5,0,5,0.16207499867757177,0.0,0.16207499867757177,0.16207499867757177,False,False,False,False,False,low@0.0918:W=0.00225936;low@0.1046:W=0.0195855;low@0.9866:W=0.00354188;high@0.6463:W=0.162075;high@0.9852:W=0.00444797,low@0.0918:W=0.00225936;low@0.1046:W=0.0195855;low@0.9866:W=0.00354188;high@0.6463:W=0.162075;high@0.9852:W=0.00444797
nstxuG142301W29/N8/egn08w.2304E+02,nstxuG142301W29,candidate,8,4.800390073754152,-1.1763334591172526e-11,,,below_upper2,0.9947771168821596,0.9999786587297479,0.095,lower_max,0.1,0.0050000000000000044,0.002020660752056438,0.9977832475178204,0.12809057341873417,3,0,3,5.269577882622492e-07,0.0,5.269577882622492e-07,5.269577882622492e-07,True,True,True,True,True,low@0.9866:W=1.8228e-07;high@0.6298:W=5.26958e-07;high@0.9853:W=2.21885e-07,low@0.9866:W=1.8228e-07;high@0.6298:W=5.26958e-07;high@0.9853:W=2.21885e-07
nstxuG142301W29/N8/egn08w.2727E+02,nstxuG142301W29,candidate,8,5.222430155298747,-5.4913831553583825e-05,,,below_upper2,0.8354217258818004,0.9823981168629502,0.20500000000000002,upper_min,0.20500000000000002,0.0,0.029025083519551,0.4012046536018157,0.08264568585817549,5,0,5,0.24711686864703317,0.0,0.24711686864703317,0.24711686864703317,True,True,False,False,False,low@0.9869:W=2.24917e-06;high@0.5140:W=0.247117;high@0.5316:W=0.00359361;high@0.5419:W=0.00484874;high@0.9854:W=2.22165e-06,low@0.9869:W=2.24917e-06;high@0.5140:W=0.247117;high@0.5316:W=0.00359361;high@0.5419:W=0.00484874;high@0.9854:W=2.22165e-06
nstxuG142301W29/N8/egn08w.2745E+02,nstxuG142301W29,candidate,8,5.239507254164973,-0.000144823610805281,,,below_upper2,0.8272870701651841,0.9954821376179438,0.20500000000000002,upper_min,0.20500000000000002,0.0,0.02567118739255913,0.4614117119371572,0.08237631920215163,5,0,5,0.12508338719441447,0.0,0.12508338719441447,0.12508338719441447,True,True,False,False,False,low@0.9869:W=1.5953e-06;high@0.5128:W=0.125083;high@0.5340:W=0.0389498;high@0.5402:W=0.03802;high@0.9854:W=2.01988e-06,low@0.9869:W=1.5953e-06;high@0.5128:W=0.125083;high@0.5340:W=0.0389498;high@0.5402:W=0.03802;high@0.9854:W=2.01988e-06
nstxuG142301W29/N8/egn08w.2771E+02,nstxuG142301W29,candidate,8,5.263866985538995,-9.423212336453606e-05,,,below_upper2,0.8129019746129925,0.983666399988371,0.20500000000000002,upper_min,0.20500000000000002,0.0,0.020924662704227187,0.33276456721543646,0.08199510421080444,5,0,5,0.40953266809386685,0.0,0.40953266809386685,0.40953266809386685,True,True,False,False,False,low@0.9869:W=4.79149e-07;high@0.4780:W=0.409533;high@0.4859:W=0.013086;high@0.5110:W=0.045813;high@0.9854:W=4.97271e-07,low@0.9869:W=4.79149e-07;high@0.4780:W=0.409533;high@0.4859:W=0.013086;high@0.5110:W=0.045813;high@0.9854:W=4.97271e-07
nstxuG142301W29/N8/egn08w.2798E+02,nstxuG142301W29,candidate,8,5.289581951382809,-2.2950014385505115e-05,,,below_upper2,0.803119270394076,0.9497989254281529,0.43,upper_min,0.38,0.04999999999999999,0.01921728302945512,0.19649041653240834,0.02899096840250819,5,0,5,0.9534994608011376,0.0,0.9534994608011376,0.9534994608011376,False,False,False,False,False,low@0.9869:W=4.14401e-06;high@0.4748:W=0.953499;high@0.4890:W=0.0609495;high@0.5090:W=0.0274069;high@0.9854:W=5.17595e-06,low@0.9869:W=4.14401e-06;high@0.4748:W=0.953499;high@0.4890:W=0.0609495;high@0.5090:W=0.0274069;high@0.9854:W=5.17595e-06
nstxuG142301W29/N8/egn08w.2846E+02,nstxuG142301W29,candidate,8,5.334573915987255,-0.00025558866489348056,,,below_upper2,0.708667534558609,0.9836119573892019,0.1,upper_min,0.1,0.0,0.009318084530556768,0.6555361003098534,0.11689366126227473,7,0,7,0.061443431023995354,0.0,0.061443431023995354,0.061443431023995354,True,True,False,False,False,low@0.9870:W=7.5272e-07;high@0.4331:W=0.0584147;high@0.4376:W=0.0614434;high@0.4715:W=0.0332947;high@0.4939:W=4.89059e-05;high@0.5053:W=5.54435e-05;high@0.9854:W=9.4742e-07,low@0.9870:W=7.5272e-07;high@0.4331:W=0.0584147;high@0.4376:W=0.0614434;high@0.4715:W=0.0332947;high@0.4939:W=4.89059e-05;high@0.5053:W=5.54435e-05;high@0.9854:W=9.4742e-07
nstxuG142301W29/N8/egn08w.2847E+02,nstxuG142301W29,candidate,8,5.335585483398978,-0.00012342445616426786,,,below_upper2,0.7158738157664717,0.9921107161212239,0.1,upper_min,0.1,0.0,0.009126729095328428,0.7945118083433859,0.1168714995297455,7,0,7,0.02891531941122948,0.0,0.02891531941122948,0.02891531941122948,True,True,False,False,True,low@0.9870:W=7.64134e-08;high@0.4329:W=0.0289153;high@0.4379:W=0.0205715;high@0.4714:W=0.0111074;high@0.4941:W=1.27799e-05;high@0.5053:W=2.01325e-05;high@0.9854:W=7.52633e-08,low@0.9870:W=7.64134e-08;high@0.4329:W=0.0289153;high@0.4379:W=0.0205715;high@0.4714:W=0.0111074;high@0.4941:W=1.27799e-05;high@0.5053:W=2.01325e-05;high@0.9854:W=7.52633e-08
nstxuG142301W29/N8/egn08w.2880E+02,nstxuG142301W29,candidate,8,5.366322746451146,-3.8527924743935986e-05,,,below_upper2,0.6484647309832102,0.9740210465527857,0.21,upper_min,0.20500000000000002,0.004999999999999977,0.0014328024316566444,0.3591446568907528,0.08042962423691641,5,0,5,0.2076592685964864,0.0,0.2076592685964864,0.2076592685964864,True,True,False,False,False,low@0.9870:W=7.01169e-06;high@0.4287:W=0.207659;high@0.4423:W=0.0327074;high@0.4692:W=0.016494;high@0.9854:W=6.89866e-06,low@0.9870:W=7.01169e-06;high@0.4287:W=0.207659;high@0.4423:W=0.0327074;high@0.4692:W=0.016494;high@0.9854:W=6.89866e-06
nstxuG142301W29/N8/egn08w.2920E+02,nstxuG142301W29,candidate,8,5.403300077450233,-0.0001467977566522186,,,below_upper2,-0.3467538093319402,0.6919698509164071,0.305,upper_min,0.3,0.0050000000000000044,0.000734832366972827,0.37811129856169035,0.053990746842904606,11,0,11,0.35790441231119907,0.0,0.35790441231119907,0.01967542058249123,True,True,False,False,False,low@0.9870:W=0.000220165;high@0.0975:W=0.000542747;high@0.1041:W=0.000725066;high@0.1991:W=0.0104661;high@0.2114:W=0.166785;high@0.3747:W=0.357904;high@0.3824:W=0.0132562;high@0.4257:W=0.0196754;high@0.4460:W=0.000191579;high@0.4667:W=0.000227628;high@0.9854:W=0.00025956,low@0.9870:W=0.000220165;high@0.0975:W=0.000542747;high@0.1041:W=0.000725066;high@0.1991:W=0.0104661;high@0.2114:W=0.166785;high@0.3747:W=0.357904;high@0.3824:W=0.0132562;high@0.4257:W=0.0196754;high@0.4460:W=0.000191579;high@0.4667:W=0.000227628;high@0.9854:W=0.00025956
nstxuG142301W29/N9/egn09w.1049E+02,nstxuG142301W29,candidate,9,3.2393102126506643,-0.001498915860968825,,,below_upper2,0.8010484874327537,0.999791710099279,0.855,lower_max,0.39,0.46499999999999997,-0.06415355639895359,0.0182537299845748,0.011521018898037716,6,1,5,0.5880344467154143,0.13755684688799497,0.5880344467154143,0.5880344467154143,False,False,False,False,False,low@0.4381:W=0.588034;low@0.4421:W=0.584844;low@0.9854:W=0.000481317;high@0.9672:W=0.00461166;high@0.9803:W=0.00129383,low@0.4114:W=0.137557;low@0.4381:W=0.588034;low@0.4421:W=0.584844;low@0.9854:W=0.000481317;high@0.9672:W=0.00461166;high@0.9803:W=0.00129383
nstxuG142301W29/N9/egn09w.1192E+02,nstxuG142301W29,candidate,9,3.4528429272742236,-0.00031577644233701763,,,below_upper2,0.962732576110283,0.9948079622394984,0.39,lower_max,0.39,0.0,0.0016564449420476922,0.2928320780189738,0.010808529366268194,4,0,4,0.0709041412175159,0.0,0.0709041412175159,0.0074002696232128755,True,True,False,False,False,low@0.3546:W=0.0709041;low@0.9854:W=6.61778e-07;high@0.8744:W=0.00740027;high@0.9850:W=7.25081e-07,low@0.3546:W=0.0709041;low@0.9854:W=6.61778e-07;high@0.8744:W=0.00740027;high@0.9850:W=7.25081e-07
nstxuG142301W29/N9/egn09w.1228E+02,nstxuG142301W29,candidate,9,3.50462533602212,-3.1856754052168316e-05,,,below_upper2,0.9976795654705437,0.9995456716749671,0.39,lower_max,0.39,0.0,0.016407418036796902,0.9306994649165077,0.010648828504708193,4,0,4,0.02786102132234126,0.0,0.02786102132234126,3.5773272223787204e-05,True,True,False,False,True,low@0.3513:W=0.027861;low@0.9854:W=8.93317e-06;high@0.8644:W=3.57733e-05;high@0.9850:W=8.77205e-06,low@0.3513:W=0.027861;low@0.9854:W=8.93317e-06;high@0.8644:W=3.57733e-05;high@0.9850:W=8.77205e-06
nstxuG142301W29/N9/egn09w.1242E+02,nstxuG142301W29,candidate,9,3.524889838820834,-0.003562259808758686,,,below_upper2,0.5028340081942906,0.5373591974330597,0.895,lower_max,0.39,0.505,0.022062066987941345,0.11777837251396972,0.01058760865815864,4,0,4,0.420144863908002,0.0,0.420144863908002,0.420144863908002,False,False,False,False,False,low@0.3500:W=0.265561;low@0.9854:W=0.00267552;high@0.8610:W=0.420145;high@0.9850:W=0.00287697,low@0.3500:W=0.265561;low@0.9854:W=0.00267552;high@0.8610:W=0.420145;high@0.9850:W=0.00287697
nstxuG142301W29/N9/egn09w.1285E+02,nstxuG142301W29,candidate,9,3.5840820327204748,-0.00047928644817179714,,,below_upper2,0.9760127000728857,0.9991946174406102,0.39,lower_max,0.39,0.0,0.0382130063984228,0.36079489652726765,0.01041275111335196,6,0,6,0.20963654263441173,0.0,0.20963654263441173,0.0034600162759090905,False,True,False,False,False,low@0.2897:W=0.157056;low@0.3128:W=0.165668;low@0.3462:W=0.209637;low@0.9855:W=3.49212e-07;high@0.8496:W=0.00346002;high@0.9850:W=3.78148e-07,low@0.2897:W=0.157056;low@0.3128:W=0.165668;low@0.3462:W=0.209637;low@0.9855:W=3.49212e-07;high@0.8496:W=0.00346002;high@0.9850:W=3.78148e-07
nstxuG142301W29/N9/egn09w.1309E+02,nstxuG142301W29,candidate,9,3.617456846712748,-0.01663491761918284,,,mixed,-0.084249659739415,0.22630653327180175,0.935,lower_max,0.39,0.545,0.04708649497667906,0.008441141709058042,0.01031668261930157,6,0,6,0.26259988161723913,0.0,0.26259988161723913,0.26259988161723913,False,False,False,False,False,low@0.2866:W=7.44352e-05;low@0.3168:W=0.00413488;low@0.3438:W=0.130035;low@0.9855:W=0.00283419;high@0.8417:W=0.2626;high@0.9850:W=0.00306012,low@0.2866:W=7.44352e-05;low@0.3168:W=0.00413488;low@0.3438:W=0.130035;low@0.9855:W=0.00283419;high@0.8417:W=0.2626;high@0.9850:W=0.00306012
nstxuG142301W29/N9/egn09w.1461E+02,nstxuG142301W29,candidate,9,3.8228269594857487,-0.0013672543700985755,,,below_upper2,0.9803068044669525,0.9848708330875152,0.33,lower_max,0.33,0.0,0.030200515723887277,0.4298491032965465,0.037735911511326395,6,0,6,0.2615752826603544,0.0,0.2615752826603544,0.0018540631651801874,False,True,False,False,False,low@0.2025:W=0.00700432;low@0.2261:W=0.0516771;low@0.2726:W=0.261575;low@0.9855:W=0.0012636;high@0.8021:W=0.00185406;high@0.9850:W=0.0013148,low@0.2025:W=0.00700432;low@0.2261:W=0.0516771;low@0.2726:W=0.261575;low@0.9855:W=0.0012636;high@0.8021:W=0.00185406;high@0.9850:W=0.0013148
nstxuG142301W29/N9/egn09w.1638E+02,nstxuG142301W29,candidate,9,4.046902623864267,-1.3177064596009033e-06,,,below_upper2,0.9982001007052833,0.9999919992159675,0.255,lower_max,0.25,0.0050000000000000044,0.0031189201308616872,0.9607779573218944,0.05870114358532481,6,0,6,0.0009865497122732673,0.0,0.0009865497122732673,5.489134637992113e-07,True,True,True,True,True,low@0.1106:W=0.00014316;low@0.1333:W=1.26146e-06;low@0.1881:W=0.00098655;low@0.9856:W=2.94482e-08;high@0.7607:W=5.48913e-07;high@0.9851:W=2.93003e-08,low@0.1106:W=0.00014316;low@0.1333:W=1.26146e-06;low@0.1881:W=0.00098655;low@0.9856:W=2.94482e-08;high@0.7607:W=5.48913e-07;high@0.9851:W=2.93003e-08
nstxuG142301W29/N9/egn09w.1982E+02,nstxuG142301W29,candidate,9,4.451406928499362,-7.183339146752426e-08,,,below_upper2,0.9957012415207932,0.9999996432631276,0.165,lower_max,0.165,0.0,0.0018328113214158561,0.9897823099525668,0.09132853687549221,6,0,6,6.282707913178499e-05,0.0,6.282707913178499e-05,1.3036963865978546e-08,True,True,True,True,True,low@0.0885:W=6.28271e-05;low@0.9857:W=5.22551e-10;high@0.6899:W=1.3037e-08;high@0.6915:W=1.27815e-08;high@0.6953:W=1.227e-08;high@0.9851:W=5.80737e-10,low@0.0885:W=6.28271e-05;low@0.9857:W=5.22551e-10;high@0.6899:W=1.3037e-08;high@0.6915:W=1.27815e-08;high@0.6953:W=1.227e-08;high@0.9851:W=5.80737e-10
nstxuG142301W29/N9/egn09w.2524E+02,nstxuG142301W29,candidate,9,5.023946050934203,-7.54028833534033e-11,,,below_upper2,0.9820301406197115,0.9999999302277874,0.065,lower_max,0.065,0.0,0.008314382220796609,0.9968609156261783,0.0693075495857249,5,0,5,6.348754314378927e-08,0.0,6.348754314378927e-08,6.348754314378927e-08,True,True,True,True,True,low@0.9859:W=6.85989e-10;high@0.5747:W=6.34875e-08;high@0.5830:W=5.30811e-09;high@0.5919:W=1.20054e-08;high@0.9852:W=6.63125e-10,low@0.9859:W=6.85989e-10;high@0.5747:W=6.34875e-08;high@0.5830:W=5.30811e-09;high@0.5919:W=1.20054e-08;high@0.9852:W=6.63125e-10
nstxuG142301W29/N9/egn09w.2589E+02,nstxuG142301W29,candidate,9,5.087770950045964,-4.939093390888411e-05,,,below_upper2,0.8445691713076736,0.9917260610187814,0.545,upper_min,0.395,0.15000000000000002,0.05667122823364306,0.08372300184072114,0.0019208565654908166,3,0,3,0.6038807391892909,0.0,0.6038807391892909,0.6038807391892909,False,False,False,False,False,low@0.9860:W=1.50745e-05;high@0.5703:W=0.603881;high@0.9852:W=1.44788e-05,low@0.9860:W=1.50745e-05;high@0.5703:W=0.603881;high@0.9852:W=1.44788e-05
nstxuG142301W29/N9/egn09w.2647E+02,nstxuG142301W29,candidate,9,5.145141542922851,-0.00011993187202454776,,,below_upper2,0.8524474416494544,0.9817225060782123,0.525,upper_min,0.395,0.13,0.04488887893693641,0.11969364160656756,0.0018994381693059241,5,0,5,0.3788833224872861,0.0,0.3788833224872861,0.3788833224872861,False,False,False,False,False,low@0.9860:W=4.18264e-06;high@0.5444:W=0.378883;high@0.5595:W=0.112544;high@0.5655:W=0.174999;high@0.9852:W=4.13072e-06,low@0.9860:W=4.18264e-06;high@0.5444:W=0.378883;high@0.5595:W=0.112544;high@0.5655:W=0.174999;high@0.9852:W=4.13072e-06
nstxuG142301W29/N9/egn09w.2683E+02,nstxuG142301W29,candidate,9,5.1800963733795555,-0.00041500851694083017,,,below_upper2,0.846815454682426,0.9719124887218098,0.255,upper_min,0.255,0.0,0.0402400443635046,0.3478181954280136,0.07004754178805979,5,0,5,0.6535862628954155,0.0,0.6535862628954155,0.6535862628954155,False,False,False,False,False,low@0.9860:W=7.08892e-08;high@0.5179:W=0.653586;high@0.5217:W=0.306782;high@0.5422:W=0.14766;high@0.9853:W=7.12728e-08,low@0.9860:W=7.08892e-08;high@0.5179:W=0.653586;high@0.5217:W=0.306782;high@0.5422:W=0.14766;high@0.9853:W=7.12728e-08
nstxuG142301W29/N9/egn09w.2710E+02,nstxuG142301W29,candidate,9,5.205336528190138,-0.00015284714251411182,,,below_upper2,0.8378129558174953,0.9548398243793268,0.255,upper_min,0.255,0.0,0.03519602470834681,0.2902723277610649,0.06970788828261273,5,0,5,0.5734025815850529,0.0,0.5734025815850529,0.5734025815850529,False,True,False,False,False,low@0.9860:W=2.60096e-07;high@0.5142:W=0.573403;high@0.5255:W=0.256517;high@0.5405:W=0.160524;high@0.9853:W=2.54444e-07,low@0.9860:W=2.60096e-07;high@0.5142:W=0.573403;high@0.5255:W=0.256517;high@0.5405:W=0.160524;high@0.9853:W=2.54444e-07
nstxuG142301W29/N9/egn09w.2747E+02,nstxuG142301W29,candidate,9,5.241066765346136,-0.00012000812990719554,,,below_upper2,0.8118685192972758,0.9986700911501197,0.17,upper_min,0.165,0.0050000000000000044,0.025993579484185063,0.2525597481355887,0.09167045276016511,5,0,5,0.2531651002074043,0.0,0.2531651002074043,0.2531651002074043,True,True,False,False,False,low@0.9860:W=3.37621e-07;high@0.5117:W=0.253165;high@0.5293:W=0.0153432;high@0.5370:W=0.0153974;high@0.9853:W=3.27386e-07,low@0.9860:W=3.37621e-07;high@0.5117:W=0.253165;high@0.5293:W=0.0153432;high@0.5370:W=0.0153974;high@0.9853:W=3.27386e-07
nstxuG142301W29/N9/egn09w.2764E+02,nstxuG142301W29,candidate,9,5.257614113622563,-0.00019710060003714106,,,below_upper2,0.8310125118128365,0.9983355197754614,0.165,upper_min,0.165,0.0,0.022764458304463213,0.6309459280869729,0.091381937308917,7,0,7,0.10291939532026285,0.0,0.10291939532026285,0.10291939532026285,True,True,False,False,False,low@0.9860:W=4.32167e-08;high@0.4804:W=0.102919;high@0.4869:W=0.0218821;high@0.5105:W=0.0363434;high@0.5341:W=0.00795779;high@0.5352:W=0.00807724;high@0.9853:W=4.23246e-08,low@0.9860:W=4.32167e-08;high@0.4804:W=0.102919;high@0.4869:W=0.0218821;high@0.5105:W=0.0363434;high@0.5341:W=0.00795779;high@0.5352:W=0.00807724;high@0.9853:W=4.23246e-08
nstxuG142301W29/N9/egn09w.2771E+02,nstxuG142301W29,candidate,9,5.264257543429334,-0.000368231805459778,,,below_upper2,0.7267194956986912,0.9657986688482031,0.49,upper_min,0.395,0.09499999999999997,0.021245851747276806,0.04066172019545285,0.0018564589882779216,5,0,5,0.6488309844889452,0.0,0.6488309844889452,0.6488309844889452,False,False,False,False,False,low@0.9860:W=1.46821e-07;high@0.4796:W=0.0303122;high@0.4878:W=0.648831;high@0.5101:W=0.586594;high@0.9853:W=1.41423e-07,low@0.9860:W=1.46821e-07;high@0.4796:W=0.0303122;high@0.4878:W=0.648831;high@0.5101:W=0.586594;high@0.9853:W=1.41423e-07
nstxuG142301W29/N9/egn09w.2782E+02,nstxuG142301W29,candidate,9,5.274168017140366,-7.82325313694001e-05,,,below_upper2,0.8079697914086834,0.9773323215913066,0.165,upper_min,0.165,0.0,0.019554332250612212,0.31858247382446964,0.09109511903377568,5,0,5,0.24495780040914386,0.0,0.24495780040914386,0.24495780040914386,True,True,False,False,False,low@0.9860:W=1.24129e-07;high@0.4788:W=0.244958;high@0.4891:W=0.0421591;high@0.5094:W=0.0255288;high@0.9853:W=1.19296e-07,low@0.9860:W=1.24129e-07;high@0.4788:W=0.244958;high@0.4891:W=0.0421591;high@0.5094:W=0.0255288;high@0.9853:W=1.19296e-07
nstxuG142301W29/N9/egn09w.2848E+02,nstxuG142301W29,candidate,9,5.336760587573604,-8.290383512307044e-05,,,below_upper2,0.7882560263908417,0.9711473871195788,0.395,upper_min,0.395,0.0,0.007371623766394198,0.18066456203241996,0.0018312378966118372,7,0,7,0.486170295733616,0.0,0.486170295733616,0.486170295733616,True,False,False,False,False,low@0.9861:W=3.77413e-06;high@0.4391:W=0.48617;high@0.4476:W=0.0299636;high@0.4742:W=0.0307659;high@0.4952:W=0.000321511;high@0.5048:W=0.000630527;high@0.9853:W=3.62251e-06,low@0.9861:W=3.77413e-06;high@0.4391:W=0.48617;high@0.4476:W=0.0299636;high@0.4742:W=0.0307659;high@0.4952:W=0.000321511;high@0.5048:W=0.000630527;high@0.9853:W=3.62251e-06
nstxuG142301W29/N9/egn09w.2866E+02,nstxuG142301W29,candidate,9,5.3538666164474575,-0.0001193496604877091,,,below_upper2,0.7404498445988723,0.9955707657100121,0.165,upper_min,0.165,0.0,0.00437706729070017,0.27815065424568763,0.08973906108335887,7,0,7,0.29588808489878576,0.0,0.29588808489878576,0.29588808489878576,True,True,False,False,False,low@0.9861:W=9.46094e-06;high@0.4377:W=0.295888;high@0.4497:W=0.00269307;high@0.4732:W=0.0108127;high@0.4983:W=0.000777544;high@0.5016:W=0.000720799;high@0.9853:W=9.07596e-06,low@0.9861:W=9.46094e-06;high@0.4377:W=0.295888;high@0.4497:W=0.00269307;high@0.4732:W=0.0108127;high@0.4983:W=0.000777544;high@0.5016:W=0.000720799;high@0.9853:W=9.07596e-06
nstxuG142301W29/N9/egn09w.2877E+02,nstxuG142301W29,candidate,9,5.363898993993379,-0.0001831829211648783,,,below_upper2,0.666812733073906,0.9794539317656992,0.16,upper_min,0.165,0.0050000000000000044,0.0024985289459607683,0.418504506893188,0.08957121747884414,5,0,5,0.21270200975837986,0.0,0.21270200975837986,0.21270200975837986,True,True,False,False,False,low@0.9861:W=6.39108e-06;high@0.4369:W=0.174455;high@0.4506:W=0.196752;high@0.4726:W=0.212702;high@0.9853:W=6.12478e-06,low@0.9861:W=6.39108e-06;high@0.4369:W=0.174455;high@0.4506:W=0.196752;high@0.4726:W=0.212702;high@0.9853:W=6.12478e-06
nstxuG142301W29/N9/egn09w.2886E+02,nstxuG142301W29,candidate,9,5.372362992975204,-0.00010608840263899698,,,below_upper2,0.6425560356964652,0.9964807383676035,0.395,upper_min,0.395,0.0,0.0006958177967872274,0.2757134322726004,0.0018191023662935772,5,0,5,0.37672779093239367,0.0,0.37672779093239367,0.37672779093239367,True,True,False,False,False,low@0.9861:W=4.64878e-05;high@0.4362:W=0.376728;high@0.4513:W=0.0193181;high@0.4721:W=0.0114275;high@0.9853:W=4.45579e-05,low@0.9861:W=4.64878e-05;high@0.4362:W=0.376728;high@0.4513:W=0.0193181;high@0.4721:W=0.0114275;high@0.9853:W=4.45579e-05
nstxuG142301W29/N9/egn09w.2896E+02,nstxuG142301W29,candidate,9,5.381291261532625,-0.0017378562855182662,,,below_upper2,0.6509884142316944,0.9430379985076663,0.255,upper_min,0.255,0.0,0.0013477099392103246,0.3997132899297395,0.06742861509360833,11,0,11,0.35569393058708887,0.0,0.35569393058708887,0.043510410201420754,True,True,False,False,False,low@0.9861:W=3.4586e-06;high@0.0648:W=0.000313238;high@0.0653:W=0.000317027;high@0.1646:W=0.0216049;high@0.1666:W=0.120141;high@0.3942:W=0.355694;high@0.3967:W=0.25088;high@0.4355:W=0.0435104;high@0.4520:W=0.000441453;high@0.4715:W=0.000339176;high@0.9853:W=3.3163e-06,low@0.9861:W=3.4586e-06;high@0.0648:W=0.000313238;high@0.0653:W=0.000317027;high@0.1646:W=0.0216049;high@0.1666:W=0.120141;high@0.3942:W=0.355694;high@0.3967:W=0.25088;high@0.4355:W=0.0435104;high@0.4520:W=0.000441453;high@0.4715:W=0.000339176;high@0.9853:W=3.3163e-06
nstxuG142301W29/N9/egn09w.2905E+02,nstxuG142301W29,candidate,9,5.3897660929009,-0.00023537614033297926,,,below_upper2,0.6158023648038933,0.8209986540210845,0.255,upper_min,0.255,0.0,-0.00022680235621581278,0.3960927846910033,0.06732259080007408,13,2,11,0.9492314359717591,0.9492314359717591,0.20213047650568533,0.01898746595924624,True,False,False,False,False,low@0.9861:W=1.38548e-06;high@0.0639:W=1.5136e-05;high@0.0665:W=1.33841e-05;high@0.1637:W=0.0639404;high@0.1699:W=0.199368;high@0.3929:W=0.20213;high@0.3994:W=0.0205946;high@0.4348:W=0.0189875;high@0.4527:W=0.000107609;high@0.4710:W=0.000130581;high@0.9853:W=1.32635e-06,low@0.9861:W=1.38548e-06;high@0.0639:W=1.5136e-05;high@0.0665:W=1.33841e-05;high@0.1637:W=0.0639404;high@0.1699:W=0.199368;high@0.2547:W=0.942807;high@0.2554:W=0.949231;high@0.3929:W=0.20213;high@0.3994:W=0.0205946;high@0.4348:W=0.0189875;high@0.4527:W=0.000107609;high@0.4710:W=0.000130581;high@0.9853:W=1.32635e-06
nstxuG142301W29/N10/egn10w.1044E+02,nstxuG142301W29,candidate,10,3.2313232488134584,-3.928499842367256e-06,,,below_upper2,0.8442861805246292,1.0,0.49,lower_max,0.355,0.135,-0.11739434859184007,0.00016452839756717012,0.038141358322074305,2,0,2,0.011415129066041557,0.0,0.011415129066041557,0.011415129066041557,False,False,False,False,False,low@0.4199:W=0.0114151;low@0.9851:W=2.22345e-06,low@0.4199:W=0.0114151;low@0.9851:W=2.22345e-06
nstxuG142301W29/N10/egn10w.1052E+02,nstxuG142301W29,candidate,10,3.2428624654111324,-9.432289103000851e-05,,,below_upper2,0.9203513679524639,0.9999281163370743,0.485,lower_max,0.355,0.13,-0.11341827635598489,0.00037417496759814143,0.038005638290866596,4,0,4,0.42725539990363726,0.0,0.42725539990363726,0.42725539990363726,False,False,False,False,False,low@0.4193:W=0.427255;low@0.9851:W=5.75814e-05;high@0.9700:W=0.000725395;high@0.9754:W=0.000203155,low@0.4193:W=0.427255;low@0.9851:W=5.75814e-05;high@0.9700:W=0.000725395;high@0.9754:W=0.000203155
nstxuG142301W29/N10/egn10w.1205E+02,nstxuG142301W29,candidate,10,3.4717111146122686,-6.836569027749689e-05,,,below_upper2,0.976503894080758,0.9956269750216903,0.405,lower_max,0.355,0.050000000000000044,-0.040023843429966004,0.13325732139719254,0.035500378291471985,6,2,4,0.13676362519640084,0.13676362519640084,0.0051115035765841475,0.002065743419698819,False,False,False,False,False,low@0.3239:W=0.0051115;low@0.9851:W=8.22928e-05;high@0.8717:W=0.00206574;high@0.9807:W=0.000367181,low@0.3239:W=0.0051115;low@0.3372:W=0.000984439;low@0.3690:W=0.136764;low@0.9851:W=8.22928e-05;high@0.8717:W=0.00206574;high@0.9807:W=0.000367181
nstxuG142301W29/N10/egn10w.1332E+02,nstxuG142301W29,candidate,10,3.649609494926892,-8.484714849978701e-06,,,below_upper2,0.9907839051153844,0.9989887813081414,0.36,lower_max,0.355,0.0050000000000000044,0.01067159603882202,0.6911932011925878,0.033769930196302346,4,0,4,0.04303158699183341,0.0,0.04303158699183341,0.0001117027887491553,True,True,False,False,True,low@0.3105:W=0.0430316;low@0.9851:W=3.11385e-05;high@0.8350:W=3.29393e-05;high@0.9817:W=0.000111703,low@0.3105:W=0.0430316;low@0.9851:W=3.11385e-05;high@0.8350:W=3.29393e-05;high@0.9817:W=0.000111703
nstxuG142301W29/N10/egn10w.1439E+02,nstxuG142301W29,candidate,10,3.793850660894687,-0.0023021903495553317,,,below_upper2,0.9922296712657244,0.9989840535911717,0.36,lower_max,0.355,0.0050000000000000044,0.04828559175650411,0.28801560088369577,0.032486006673330306,6,0,6,0.17959829606525035,0.0,0.17959829606525035,0.0010433171250280237,False,False,False,False,False,low@0.2407:W=0.00125578;low@0.2783:W=0.0465736;low@0.3016:W=0.179598;low@0.9851:W=2.56969e-07;high@0.8088:W=0.00104332;high@0.9826:W=2.75579e-07,low@0.2407:W=0.00125578;low@0.2783:W=0.0465736;low@0.3016:W=0.179598;low@0.9851:W=2.56969e-07;high@0.8088:W=0.00104332;high@0.9826:W=2.75579e-07
nstxuG142301W29/N10/egn10w.1536E+02,nstxuG142301W29,candidate,10,3.918632348397575,-0.001048366460694648,,,below_upper2,0.9963255921937945,0.9999925444921546,0.29,lower_max,0.29,0.0,0.010436541155682252,0.7028579831097058,0.04885699023755387,6,0,6,0.41184150472239456,0.0,0.41184150472239456,6.900052139376419e-06,True,True,False,False,False,low@0.1675:W=0.000107181;low@0.1877:W=0.000979835;low@0.2337:W=0.411842;low@0.9851:W=2.07657e-08;high@0.7840:W=6.90005e-06;high@0.9834:W=2.6783e-08,low@0.1675:W=0.000107181;low@0.1877:W=0.000979835;low@0.2337:W=0.411842;low@0.9851:W=2.07657e-08;high@0.7840:W=6.90005e-06;high@0.9834:W=2.6783e-08
nstxuG142301W29/N10/egn10w.1775E+02,nstxuG142301W29,candidate,10,4.21345976787017,-2.125604391228435e-06,,,below_upper2,0.9962427244788392,0.9999863799481281,0.21,lower_max,0.215,0.0050000000000000044,0.0021771305522953793,0.9763620070144585,0.07037758824614077,6,0,6,0.0006979278894987777,0.0,0.0006979278894987777,7.680404918121334e-07,True,True,True,True,True,low@0.0719:W=3.39976e-07;low@0.1087:W=9.18895e-07;low@0.1523:W=0.000697928;low@0.9851:W=3.86252e-07;high@0.7326:W=7.6804e-07;high@0.9850:W=3.92981e-07,low@0.0719:W=3.39976e-07;low@0.1087:W=9.18895e-07;low@0.1523:W=0.000697928;low@0.9851:W=3.86252e-07;high@0.7326:W=7.6804e-07;high@0.9850:W=3.92981e-07
nstxuG142301W29/N10/egn10w.1779E+02,nstxuG142301W29,candidate,10,4.217989088299444,-5.730740683081341e-05,,,below_upper2,0.7464655706040543,0.9025239520175902,0.215,lower_max,0.215,0.0,0.0032486030982825475,0.8625413339186532,0.07030201606197117,6,0,6,0.0027235039287362497,0.0,0.0027235039287362497,0.0027235039287362497,True,True,False,True,True,low@0.0716:W=0.000263684;low@0.1090:W=0.000425033;low@0.1522:W=0.000440031;low@0.9851:W=0.00219714;high@0.7321:W=0.0027235;high@0.9850:W=0.00222367,low@0.0716:W=0.000263684;low@0.1090:W=0.000425033;low@0.1522:W=0.000440031;low@0.9851:W=0.00219714;high@0.7321:W=0.0027235;high@0.9850:W=0.00222367
nstxuG142301W29/N10/egn10w.2625E+02,nstxuG142301W29,candidate,10,5.123327912404819,-0.00017636912082220102,,,below_upper2,0.8641304884985628,0.964191794182701,0.29,upper_min,0.295,0.0050000000000000044,0.054808132758993475,0.29233288788319667,0.05838853649640363,6,0,6,0.6520215395418263,0.0,0.6520215395418263,0.6520215395418263,False,False,False,False,False,low@0.0217:W=0.000521331;low@0.9852:W=2.10279e-05;high@0.5435:W=0.652022;high@0.5503:W=0.103987;high@0.5632:W=0.123406;high@0.9851:W=2.11246e-05,low@0.0217:W=0.000521331;low@0.9852:W=2.10279e-05;high@0.5435:W=0.652022;high@0.5503:W=0.103987;high@0.5632:W=0.123406;high@0.9851:W=2.11246e-05
nstxuG142301W29/N10/egn10w.2667E+02,nstxuG142301W29,candidate,10,5.164305907851358,-0.00011267959955787265,,,below_upper2,0.8360829495751372,0.9816574861774015,0.515,upper_min,0.36,0.15500000000000003,0.04646261997340119,0.11165411053658753,0.03774416853418338,6,0,6,0.33123005918579795,0.0,0.33123005918579795,0.33123005918579795,False,False,False,False,False,low@0.0174:W=0.000362294;low@0.9852:W=2.43865e-06;high@0.5400:W=0.33123;high@0.5544:W=0.156384;high@0.5603:W=0.222245;high@0.9851:W=2.45037e-06,low@0.0174:W=0.000362294;low@0.9852:W=2.43865e-06;high@0.5400:W=0.33123;high@0.5544:W=0.156384;high@0.5603:W=0.222245;high@0.9851:W=2.45037e-06
nstxuG142301W29/N10/egn10w.2689E+02,nstxuG142301W29,candidate,10,5.185144320873769,-0.000519735830653614,,,below_upper2,0.8565204703651519,0.9503830618345773,0.215,upper_min,0.215,0.0,0.036707795637474096,0.3720635805755715,0.07967286859368851,6,0,6,0.5434763987830511,0.0,0.5434763987830511,0.5434763987830511,False,True,False,False,False,low@0.0151:W=0.000174498;low@0.9852:W=2.25301e-06;high@0.5149:W=0.543476;high@0.5204:W=0.0277283;high@0.5387:W=0.0948928;high@0.9851:W=2.30248e-06,low@0.0151:W=0.000174498;low@0.9852:W=2.25301e-06;high@0.5149:W=0.543476;high@0.5204:W=0.0277283;high@0.5387:W=0.0948928;high@0.9851:W=2.30248e-06
nstxuG142301W29/N10/egn10w.2712E+02,nstxuG142301W29,candidate,10,5.207695903976102,-7.665227896885995e-05,,,below_upper2,0.7994746002280961,0.980353168541599,0.215,upper_min,0.215,0.0,0.032218401011281504,0.4031911391680954,0.07932785049927173,6,0,6,0.2195538230426795,0.0,0.2195538230426795,0.2195538230426795,False,True,False,False,False,low@0.0111:W=0.126026;low@0.9852:W=9.93953e-05;high@0.5133:W=0.219554;high@0.5226:W=0.0477314;high@0.5373:W=0.0508973;high@0.9851:W=9.95802e-05,low@0.0111:W=0.126026;low@0.9852:W=9.93953e-05;high@0.5133:W=0.219554;high@0.5226:W=0.0477314;high@0.5373:W=0.0508973;high@0.9851:W=9.95802e-05
nstxuG142301W29/N10/egn10w.2731E+02,nstxuG142301W29,candidate,10,5.226198198990503,-0.00015180360252752779,,,below_upper2,0.843315753071696,0.9974506045456785,0.215,upper_min,0.215,0.0,0.02856404106402707,0.3362123071029675,0.07904700632977978,5,0,5,0.2049833001260579,0.0,0.2049833001260579,0.2049833001260579,True,True,False,False,False,low@0.9852:W=9.70344e-07;high@0.5119:W=0.204983;high@0.5244:W=0.00329917;high@0.5361:W=0.00949995;high@0.9851:W=9.72786e-07,low@0.9852:W=9.70344e-07;high@0.5119:W=0.204983;high@0.5244:W=0.00329917;high@0.5361:W=0.00949995;high@0.9851:W=9.72786e-07
nstxuG142301W29/N10/egn10w.2802E+02,nstxuG142301W29,candidate,10,5.293088568633134,-1.7820122185518148e-05,,,below_upper2,0.7791001754140503,0.9964900387447241,0.135,upper_min,0.135,0.0,0.01664178776641302,0.8605500754399357,0.10234628311325056,5,0,5,0.009784709387113628,0.0,0.009784709387113628,0.009784709387113628,True,True,False,True,True,low@0.9852:W=3.69907e-08;high@0.4793:W=0.00978471;high@0.4923:W=0.00221092;high@0.5075:W=0.00154254;high@0.9851:W=3.71019e-08,low@0.9852:W=3.69907e-08;high@0.4793:W=0.00978471;high@0.4923:W=0.00221092;high@0.5075:W=0.00154254;high@0.9851:W=3.71019e-08
nstxuG142301W29/N10/egn10w.2807E+02,nstxuG142301W29,candidate,10,5.298077365087018,-4.0424054901029935e-05,,,below_upper2,0.6976717297354148,0.9687921439268109,0.135,upper_min,0.135,0.0,0.015684493526223052,0.2996502803029698,0.10224991140346237,6,0,6,0.24714909707993335,0.0,0.24714909707993335,0.24714909707993335,True,True,False,False,False,low@0.9852:W=4.05448e-05;high@0.0101:W=0.00789953;high@0.4790:W=0.247149;high@0.4927:W=0.0219195;high@0.5071:W=0.0142694;high@0.9851:W=4.06834e-05,low@0.9852:W=4.05448e-05;high@0.0101:W=0.00789953;high@0.4790:W=0.247149;high@0.4927:W=0.0219195;high@0.5071:W=0.0142694;high@0.9851:W=4.06834e-05
nstxuG142301W29/N10/egn10w.2843E+02,nstxuG142301W29,candidate,10,5.33194294256448,-0.0002335811983115237,,,below_upper2,0.6873503171414113,0.957142483757386,0.21,upper_min,0.215,0.0050000000000000044,0.008165240487324556,0.26434303594182995,0.07747932162184612,8,0,8,0.5456374197710829,0.0,0.5456374197710829,0.3916240482337818,True,True,False,False,False,low@0.9852:W=0.000182772;high@0.0162:W=0.545637;high@0.4451:W=0.33981;high@0.4541:W=0.391624;high@0.4771:W=0.338898;high@0.4957:W=0.00655052;high@0.5050:W=0.0105523;high@0.9851:W=0.00018361,low@0.9852:W=0.000182772;high@0.0162:W=0.545637;high@0.4451:W=0.33981;high@0.4541:W=0.391624;high@0.4771:W=0.338898;high@0.4957:W=0.00655052;high@0.5050:W=0.0105523;high@0.9851:W=0.00018361
nstxuG142301W29/N10/egn10w.2862E+02,nstxuG142301W29,candidate,10,5.349977135034761,-4.0146794200150663e-05,,,below_upper2,0.7355779473880011,0.9764417514032105,0.21,upper_min,0.215,0.0050000000000000044,0.004766824843688892,0.35709326712748507,0.07721814723486697,8,0,8,0.2998242328244169,0.0,0.2998242328244169,0.2998242328244169,True,True,False,False,False,low@0.9852:W=6.27036e-06;high@0.0184:W=0.0228909;high@0.4440:W=0.299824;high@0.4558:W=0.0347549;high@0.4760:W=0.0200005;high@0.4983:W=0.00241475;high@0.5020:W=0.00228319;high@0.9851:W=6.30325e-06,low@0.9852:W=6.27036e-06;high@0.0184:W=0.0228909;high@0.4440:W=0.299824;high@0.4558:W=0.0347549;high@0.4760:W=0.0200005;high@0.4983:W=0.00241475;high@0.5020:W=0.00228319;high@0.9851:W=6.30325e-06
nstxuG142301W29/N10/egn10w.2908E+02,nstxuG142301W29,candidate,10,5.392368854089328,-0.000471619259317792,,,below_upper2,0.5985151882517926,0.9315668135755563,0.36,upper_min,0.36,0.0,0.002203899048171684,0.2647848049043624,0.03614782998388551,12,0,12,0.5495859947395321,0.0,0.5495859947395321,0.5495859947395321,True,True,False,False,False,low@0.9852:W=1.47036e-05;high@0.0233:W=0.126953;high@0.1331:W=0.0102565;high@0.1361:W=0.00735636;high@0.2120:W=0.0198937;high@0.2186:W=0.267067;high@0.4040:W=0.253018;high@0.4132:W=0.549586;high@0.4414:W=0.422405;high@0.4589:W=0.00332139;high@0.4733:W=0.00291466;high@0.9851:W=1.47946e-05,low@0.9852:W=1.47036e-05;high@0.0233:W=0.126953;high@0.1331:W=0.0102565;high@0.1361:W=0.00735636;high@0.2120:W=0.0198937;high@0.2186:W=0.267067;high@0.4040:W=0.253018;high@0.4132:W=0.549586;high@0.4414:W=0.422405;high@0.4589:W=0.00332139;high@0.4733:W=0.00291466;high@0.9851:W=1.47946e-05
nstxuG121123K51/N6/egn06w.1042E+02,nstxuG121123K51,reference,6,3.2272526780315545,-0.0015969719060221152,bad,none,below_upper2,0.9820367421948577,0.9999941165136207,0.715,lower_max,0.375,0.33999999999999997,-0.42242984245213316,8.176641850909665e-07,0.032352210808011934,4,0,4,0.6684961812375338,0.0,0.6684961812375338,0.6684961812375338,False,False,False,False,False,low@0.6329:W=0.000514587;low@0.6408:W=0.0122219;low@0.6670:W=0.668496;high@0.9843:W=4.78882e-05,low@0.6329:W=0.000514587;low@0.6408:W=0.0122219;low@0.6670:W=0.668496;high@0.9843:W=4.78882e-05
nstxuG121123K51/N6/egn06w.1091E+02,nstxuG121123K51,reference,6,3.302635121518596,-0.00039321725185340923,,,below_upper2,0.9851151922378398,0.9999876308663058,0.66,lower_max,0.375,0.28500000000000003,-0.389962968798944,1.7714102975130835e-06,0.03161377358646551,4,0,4,0.9670683054276954,0.0,0.9670683054276954,0.9670683054276954,False,False,False,False,False,low@0.6237:W=0.0427367;low@0.6534:W=0.291427;low@0.6602:W=0.967068;high@0.9835:W=0.000111362,low@0.6237:W=0.0427367;low@0.6534:W=0.291427;low@0.6602:W=0.967068;high@0.9835:W=0.000111362
nstxuG121123K51/N6/egn06w.1191E+02,nstxuG121123K51,reference,6,3.4507880875481867,-0.0009388238778382335,bad,none,below_upper2,0.9888624103851015,0.9999886804647021,0.665,lower_max,0.375,0.29000000000000004,-0.33028757544693677,6.081736141045719e-06,0.03025649687013415,4,0,4,0.49982156379002607,0.0,0.49982156379002607,0.49982156379002607,False,False,False,False,False,low@0.5707:W=0.00311781;low@0.5811:W=0.00149679;low@0.6117:W=0.499822;high@0.9820:W=0.00011891,low@0.5707:W=0.00311781;low@0.5811:W=0.00149679;low@0.6117:W=0.499822;high@0.9820:W=0.00011891
nstxuG121123K51/N6/egn06w.5530E+02,nstxuG121123K51,reference,6,7.436296065759592,-2.8225235137072527e-05,bad,none,below_upper2,0.6406662535750481,0.9277223166222573,0.38,upper_min,0.38,0.0,0.0013120806804025158,0.3294093495465099,0.01380011410027424,4,0,4,0.4108902932966103,0.0,0.4108902932966103,0.005169419544086563,True,True,False,False,False,high@0.0812:W=0.000160229;high@0.1515:W=0.0401264;high@0.2655:W=0.41089;high@0.7879:W=0.00516942,high@0.0812:W=0.000160229;high@0.1515:W=0.0401264;high@0.2655:W=0.41089;high@0.7879:W=0.00516942
nstxuG121123K51/N6/egn06w.5561E+02,nstxuG121123K51,reference,6,7.457250699381178,-0.0001917113154488056,bad,none,below_upper2,0.47007544854614086,0.9466092460763352,0.465,upper_min,0.38,0.08500000000000002,-0.001501573927356206,0.21481933256309366,0.013761336225348926,6,2,4,0.551205567993056,0.551205567993056,0.07972372740510746,0.017517611932766894,False,False,False,False,False,high@0.0826:W=0.000454916;high@0.1503:W=4.64633e-05;high@0.2679:W=0.0797237;high@0.7873:W=0.0175176,high@0.0826:W=0.000454916;high@0.1503:W=4.64633e-05;high@0.2679:W=0.0797237;high@0.3751:W=0.130961;high@0.3867:W=0.551206;high@0.7873:W=0.0175176
nstxuG121123K51/N6/egn06w.5991E+02,nstxuG121123K51,reference,6,7.740283329422565,-1.1644669238153761e-05,,,mixed,-0.0821389264394431,0.028424446326953123,0.5750000000000001,upper_min,0.38,0.19500000000000006,-0.038012851821961166,2.545653665882411e-05,0.013258136662880858,10,0,10,0.0026713196249071114,0.0,0.0026713196249071114,0.0026713196249071114,False,False,False,False,False,high@0.1122:W=1.96121e-07;high@0.1228:W=1.58235e-07;high@0.3100:W=1.46581e-06;high@0.3329:W=2.36478e-06;high@0.4174:W=3.27179e-06;high@0.4410:W=5.01463e-06;high@0.6161:W=0.00138746;high@0.7544:W=0.00182035;high@0.7575:W=0.00134732;high@0.7675:W=0.00267132,high@0.1122:W=1.96121e-07;high@0.1228:W=1.58235e-07;high@0.3100:W=1.46581e-06;high@0.3329:W=2.36478e-06;high@0.4174:W=3.27179e-06;high@0.4410:W=5.01463e-06;high@0.6161:W=0.00138746;high@0.7544:W=0.00182035;high@0.7575:W=0.00134732;high@0.7675:W=0.00267132
nstxuG121123K51/N7/egn07w.1181E+02,nstxuG121123K51,reference,7,3.436990467619393,-0.0004661662300416315,bad,none,below_upper2,0.9926038456038342,0.9999998699910232,0.655,lower_max,0.3,0.35500000000000004,-0.43122406290181686,9.113646656989028e-07,0.03827361002276837,2,0,2,0.5174908411594008,0.0,0.5174908411594008,0.5174908411594008,False,False,False,False,False,low@0.6087:W=0.517491;high@0.9823:W=1.00562e-06,low@0.6087:W=0.517491;high@0.9823:W=1.00562e-06
nstxuG121123K51/N7/egn07w.1211E+02,nstxuG121123K51,reference,7,3.4794047924471143,-0.00021808296194411985,bad,none,below_upper2,0.9923450093058659,0.9999997911575196,0.66,lower_max,0.3,0.36000000000000004,-0.41377728509748035,1.2462600644261876e-06,0.037807050532087924,4,0,4,0.7111233375157856,0.0,0.7111233375157856,0.7111233375157856,False,False,False,False,False,low@0.5662:W=0.00145171;low@0.5839:W=0.00350915;low@0.6053:W=0.711123;high@0.9818:W=2.34832e-06,low@0.5662:W=0.00145171;low@0.5839:W=0.00350915;low@0.6053:W=0.711123;high@0.9818:W=2.34832e-06
nstxuG121123K51/N7/egn07w.1323E+02,nstxuG121123K51,reference,7,3.63670764226779,-0.0005435801361150689,bad,none,below_upper2,0.9921331274509466,0.9999996531610948,0.715,lower_max,0.3,0.415,-0.3526254912681331,3.295529448169805e-07,0.03617173711758888,2,0,2,0.03794041160418431,0.0,0.03794041160418431,0.03794041160418431,False,False,False,False,False,low@0.5535:W=0.0379404;high@0.9800:W=7.00185e-06,low@0.5535:W=0.0379404;high@0.9800:W=7.00185e-06
nstxuG121123K51/N7/egn07w.1360E+02,nstxuG121123K51,reference,7,3.688051224411285,-0.0003091591645143406,bad,none,below_upper2,0.9903678104582158,0.9999992563262302,0.73,lower_max,0.3,0.43,-0.33379477721496903,1.7839031281463777e-07,0.03566816858153464,4,0,4,0.08132079493773878,0.0,0.08132079493773878,0.08132079493773878,False,False,False,False,False,low@0.5119:W=0.0128185;low@0.5257:W=0.0813208;low@0.5494:W=0.0280535;high@0.9793:W=8.97019e-06,low@0.5119:W=0.0128185;low@0.5257:W=0.0813208;low@0.5494:W=0.0280535;high@0.9793:W=8.97019e-06
nstxuG121123K51/N7/egn07w.1416E+02,nstxuG121123K51,reference,7,3.7623842928964883,-0.00037904951054731483,bad,none,below_upper2,0.9890739584109353,0.9999989810035791,0.545,lower_max,0.3,0.24500000000000005,-0.3074431207116404,2.8136045201146795e-07,0.03496347596868305,2,0,2,0.0514539054086544,0.0,0.0514539054086544,0.0514539054086544,False,False,False,False,False,low@0.5047:W=0.0514539;high@0.9781:W=9.42393e-06,low@0.5047:W=0.0514539;high@0.9781:W=9.42393e-06
nstxuG121123K51/N7/egn07w.1494E+02,nstxuG121123K51,reference,7,3.865093049919946,-0.0001696727585932233,bad,none,below_upper2,0.9781495458331986,0.9999984862642232,0.76,lower_max,0.3,0.46,-0.2726998801032561,7.123705407460417e-07,0.03403437669174913,2,0,2,0.3854455310624363,0.0,0.3854455310624363,0.3854455310624363,False,False,False,False,False,low@0.4980:W=0.385446;high@0.9764:W=1.85332e-05,low@0.4980:W=0.385446;high@0.9764:W=1.85332e-05
nstxuG121123K51/N7/egn07w.1729E+02,nstxuG121123K51,reference,7,4.15839564224404,-0.001926089501363407,bad,none,below_upper2,0.9810093621033538,0.9999953203221249,0.755,lower_max,0.3,0.455,-0.18293300696287154,1.3535202828884124e-05,0.031633842502453505,2,0,2,0.044739755298053616,0.0,0.044739755298053616,0.044739755298053616,False,False,False,False,False,low@0.4357:W=0.0447398;high@0.9706:W=5.60784e-05,low@0.4357:W=0.0447398;high@0.9706:W=5.60784e-05
nstxuG121123K51/N7/egn07w.1867E+02,nstxuG121123K51,reference,7,4.320894884963983,-0.00013812471971305038,,,below_upper2,0.9822337458654534,0.9999932008189163,0.795,lower_max,0.3,0.49500000000000005,-0.13844552857296522,6.795916594598317e-05,0.03044416407059471,4,0,4,0.6215773720846157,0.0,0.6215773720846157,0.6215773720846157,False,False,False,False,False,low@0.3678:W=0.0504852;low@0.3967:W=0.099284;low@0.4249:W=0.621577;high@0.9665:W=9.54248e-05,low@0.3678:W=0.0504852;low@0.3967:W=0.099284;low@0.4249:W=0.621577;high@0.9665:W=9.54248e-05
nstxuG121123K51/N7/egn07w.1931E+02,nstxuG121123K51,reference,7,4.393956230654545,-1.866346897626268e-05,bad,none,below_upper2,0.9978125345277,0.9995170582324422,0.405,lower_max,0.3,0.10500000000000004,-0.11951580830568934,0.0020899494922798478,0.029937947923081885,2,0,2,0.11050247781794273,0.0,0.11050247781794273,0.00034891560711094885,False,False,False,False,False,low@0.3603:W=0.110502;high@0.9644:W=0.000348916,low@0.3603:W=0.110502;high@0.9644:W=0.000348916
nstxuG121123K51/N7/egn07w.1936E+02,nstxuG121123K51,reference,7,4.399771856936688,-3.616320680622268e-05,bad,none,below_upper2,0.9986852456508457,0.9999998790353982,0.41000000000000003,lower_max,0.3,0.11000000000000004,-0.11803603031497556,0.002001103000158265,0.029898375890159222,2,0,2,0.45492978048532007,0.0,0.45492978048532007,5.858984736174675e-07,False,False,False,False,False,low@0.3598:W=0.45493;high@0.9642:W=5.85898e-07,low@0.3598:W=0.45493;high@0.9642:W=5.85898e-07
nstxuG121123K51/N7/egn07w.2051E+02,nstxuG121123K51,reference,7,4.529185668607957,-0.000780830298370567,bad,none,below_upper2,0.9748202200202377,0.9999880083126069,0.8,lower_max,0.3,0.5,-0.08609004380536421,0.0002848646734149415,0.029044080422975366,2,0,2,0.11109412268408948,0.0,0.11109412268408948,0.00013656007367373585,False,False,False,False,False,low@0.3496:W=0.111094;high@0.9602:W=0.00013656,low@0.3496:W=0.111094;high@0.9602:W=0.00013656
nstxuG121123K51/N7/egn07w.2206E+02,nstxuG121123K51,reference,7,4.696461280672427,-0.0005810469056182681,bad,none,below_upper2,0.960527432476351,0.999981646411965,0.8150000000000001,lower_max,0.3,0.5150000000000001,-0.04740636986934537,0.002352367987616193,0.028009606584215793,2,0,2,0.049365589356232656,0.0,0.049365589356232656,0.00019009350754702785,False,False,False,False,False,low@0.3368:W=0.0493656;high@0.9528:W=0.000190094,low@0.3368:W=0.0493656;high@0.9528:W=0.000190094
nstxuG121123K51/N7/egn07w.2424E+02,nstxuG121123K51,reference,7,4.923448213483642,-0.0009338264497330629,,,below_upper2,0.9983489996107161,0.9999997980660077,0.29,lower_max,0.3,0.010000000000000009,0.0008824612495567172,0.5111134111502637,0.026718272866032657,2,0,2,0.5179862527924463,0.0,0.5179862527924463,3.8021565180739187e-06,True,True,False,False,False,low@0.1944:W=0.517986;high@0.9403:W=3.80216e-06,low@0.1944:W=0.517986;high@0.9403:W=3.80216e-06
nstxuG121123K51/N7/egn07w.2429E+02,nstxuG121123K51,reference,7,4.928946726288702,-2.2397599264755673e-06,,,below_upper2,0.9998012724897501,0.9999921422172908,0.3,lower_max,0.3,0.0,0.0019970321478946307,0.9866630503605772,0.026688467154256667,2,0,2,4.821589871711513e-05,0.0,4.821589871711513e-05,1.7160395752905351e-06,True,True,True,True,True,low@0.1939:W=4.82159e-05;high@0.9400:W=1.71604e-06,low@0.1939:W=4.82159e-05;high@0.9400:W=1.71604e-06
nstxuG121123K51/N7/egn07w.2619E+02,nstxuG121123K51,reference,7,5.11766664841919,-0.03150011163857546,good,tae,below_upper2,0.8801484741529972,0.9958815805811335,0.85,lower_max,0.3,0.55,0.03879955472666074,0.0006602601979214263,0.025704298823423864,2,0,2,0.2375470383982467,0.0,0.2375470383982467,0.2375470383982467,False,False,False,False,False,low@0.1793:W=0.0146889;high@0.9271:W=0.237547,low@0.1793:W=0.0146889;high@0.9271:W=0.237547
nstxuG121123K51/N7/egn07w.2775E+02,nstxuG121123K51,reference,7,5.26822006762446,-2.4954556495260648e-05,bad,none,below_upper2,0.9979746594501812,0.9999975033408107,0.28500000000000003,lower_max,0.3,0.014999999999999958,0.06626841740133306,0.41614555155120575,0.024969730026664118,4,0,4,0.4391419873126866,0.0,0.4391419873126866,8.716933079794439e-06,False,False,False,False,False,low@0.0799:W=9.26717e-05;low@0.0929:W=0.000142829;low@0.1710:W=0.439142;high@0.9172:W=8.71693e-06,low@0.0799:W=9.26717e-05;low@0.0929:W=0.000142829;low@0.1710:W=0.439142;high@0.9172:W=8.71693e-06
nstxuG121123K51/N7/egn07w.3309E+02,nstxuG121123K51,reference,7,5.752504996395279,-6.75057525634885e-08,bad,none,below_upper2,0.9683344002678506,0.9999956540004,0.145,lower_max,0.14,0.004999999999999977,0.0018191209518760092,0.5545454829093635,0.07882861044060548,2,0,2,0.2325581261231805,0.0,0.2325581261231805,9.408201061698181e-07,True,True,False,False,False,low@0.0416:W=0.232558;high@0.8864:W=9.4082e-07,low@0.0416:W=0.232558;high@0.8864:W=9.4082e-07
nstxuG121123K51/N7/egn07w.3313E+02,nstxuG121123K51,reference,7,5.755676010012798,-3.824232751473202e-07,bad,none,below_upper2,0.9669643750868161,0.9999813817517536,0.14,lower_max,0.14,0.0,0.0023690555129426863,0.5188472733759194,0.07878518085966271,2,0,2,0.16875278174477998,0.0,0.16875278174477998,1.5547383881080014e-06,True,True,False,False,False,low@0.0414:W=0.168753;high@0.8862:W=1.55474e-06,low@0.0414:W=0.168753;high@0.8862:W=1.55474e-06
nstxuG121123K51/N7/egn07w.5585E+02,nstxuG121123K51,reference,7,7.473223858250623,-0.0002443299729081372,bad,none,below_upper2,0.26237626618158005,0.898952722367727,0.54,upper_min,0.305,0.23500000000000004,-0.026610021060666608,0.0011556285635837302,0.031701119942097775,8,0,8,0.6325560723982123,0.0,0.6325560723982123,0.6325560723982123,False,False,False,False,False,high@0.0144:W=1.53885e-07;high@0.1126:W=3.2722e-05;high@0.1994:W=6.66026e-05;high@0.2515:W=9.37989e-05;high@0.3374:W=0.0255358;high@0.4820:W=0.149039;high@0.4882:W=0.632556;high@0.7867:W=0.114043,high@0.0144:W=1.53885e-07;high@0.1126:W=3.2722e-05;high@0.1994:W=6.66026e-05;high@0.2515:W=9.37989e-05;high@0.3374:W=0.0255358;high@0.4820:W=0.149039;high@0.4882:W=0.632556;high@0.7867:W=0.114043
nstxuG121123K51/N8/egn08w.1159E+02,nstxuG121123K51,reference,8,3.4050867913672067,-0.0009502157393007262,,,below_upper2,0.9938022532434748,1.0,0.685,lower_max,0.36,0.32500000000000007,-0.3648422388033323,2.579855803891875e-07,0.04245750778371528,2,0,2,0.12655023311667107,0.0,0.12655023311667107,0.12655023311667107,False,False,False,False,False,low@0.6073:W=0.12655;low@0.9851:W=8.50581e-06,low@0.6073:W=0.12655;low@0.9851:W=8.50581e-06
nstxuG121123K51/N8/egn08w.1204E+02,nstxuG121123K51,reference,8,3.4701044208513143,-0.0007326350265040756,bad,none,below_upper2,0.9952054488080333,1.0,0.65,lower_max,0.36,0.29000000000000004,-0.33926986511522156,1.1659721575052666e-06,0.04166200246885706,4,0,4,0.6317275787023969,0.0,0.6317275787023969,0.6317275787023969,False,False,False,False,False,low@0.5678:W=0.00360223;low@0.5803:W=0.00725102;low@0.6028:W=0.631728;low@0.9851:W=2.92075e-06,low@0.5678:W=0.00360223;low@0.5803:W=0.00725102;low@0.6028:W=0.631728;low@0.9851:W=2.92075e-06
nstxuG121123K51/N8/egn08w.1235E+02,nstxuG121123K51,reference,8,3.514671654364518,-0.00029303854913823805,bad,none,below_upper2,0.9944614899126043,1.0,0.6,lower_max,0.36,0.24,-0.3222874671317095,1.5200040548381617e-06,0.041133714089385966,4,0,4,0.8492902737610497,0.0,0.8492902737610497,0.8492902737610497,False,False,False,False,False,low@0.5635:W=0.0078168;low@0.5863:W=0.0330308;low@0.5990:W=0.84929;low@0.9851:W=1.50233e-05,low@0.5635:W=0.0078168;low@0.5863:W=0.0330308;low@0.5990:W=0.84929;low@0.9851:W=1.50233e-05
nstxuG121123K51/N8/egn08w.1270E+02,nstxuG121123K51,reference,8,3.5639846427442845,-8.071740775731615e-06,bad,none,below_upper2,0.9929334219765715,0.999998729754436,0.595,lower_max,0.36,0.235,-0.3039916681769845,4.878644540744153e-07,0.0405645684369107,4,0,4,0.22357360151887185,0.0,0.22357360151887185,0.22357360151887185,False,False,False,False,False,low@0.5599:W=0.223574;low@0.9851:W=1.54878e-05;high@0.9838:W=1.31555e-05;high@0.9850:W=1.56922e-05,low@0.5599:W=0.223574;low@0.9851:W=1.54878e-05;high@0.9838:W=1.31555e-05;high@0.9850:W=1.56922e-05
nstxuG121123K51/N8/egn08w.1288E+02,nstxuG121123K51,reference,8,3.5888560785161925,-4.946776129698144e-06,bad,none,below_upper2,0.9983298778635797,0.9999888183568852,0.005,lower_max,0.215,0.21,-0.4689752163916943,0.0040136005871873005,0.07394991057685489,4,0,4,0.0011163901488637148,0.0,0.0011163901488637148,0.0011163901488637148,False,False,False,False,False,low@0.5583:W=0.00111639;low@0.9851:W=1.74689e-05;high@0.9828:W=1.57844e-05;high@0.9850:W=1.75877e-05,low@0.5583:W=0.00111639;low@0.9851:W=1.74689e-05;high@0.9828:W=1.57844e-05;high@0.9850:W=1.75877e-05
nstxuG121123K51/N8/egn08w.1314E+02,nstxuG121123K51,reference,8,3.6242633382614167,-0.00027595947346929794,bad,none,below_upper2,0.9928388525918169,0.9999995494657901,0.6,lower_max,0.36,0.24,-0.2823036975780754,1.158786793768379e-06,0.03988989912031369,4,0,4,0.5281817611092685,0.0,0.5281817611092685,0.5281817611092685,False,False,False,False,False,low@0.5559:W=0.528182;low@0.9851:W=6.95363e-06;high@0.9813:W=4.17911e-06;high@0.9850:W=7.04151e-06,low@0.5559:W=0.528182;low@0.9851:W=6.95363e-06;high@0.9813:W=4.17911e-06;high@0.9850:W=7.04151e-06
nstxuG121123K51/N8/egn08w.1351E+02,nstxuG121123K51,reference,8,3.6757737560399586,-0.00017179965551001187,bad,none,below_upper2,0.9926044039458374,0.9999997706189231,0.595,lower_max,0.36,0.235,-0.26433414788185694,1.908038670605077e-06,0.03933090242867702,6,0,6,0.4330445272244957,0.0,0.4330445272244957,0.4330445272244957,False,False,False,False,False,low@0.5173:W=0.0118843;low@0.5329:W=0.00842592;low@0.5520:W=0.433045;low@0.9851:W=2.52414e-06;high@0.9797:W=9.7765e-07;high@0.9850:W=2.5518e-06,low@0.5173:W=0.0118843;low@0.5329:W=0.00842592;low@0.5520:W=0.433045;low@0.9851:W=2.52414e-06;high@0.9797:W=9.7765e-07;high@0.9850:W=2.5518e-06
nstxuG121123K51/N8/egn08w.1405E+02,nstxuG121123K51,reference,8,3.7477659189474037,-1.0460468539532857e-05,,,below_upper2,0.9934191213989252,0.9999967730968662,0.55,lower_max,0.36,0.19000000000000006,-0.24004710543782912,1.2319332062762695e-06,0.038575381193845626,4,0,4,0.2247982384813879,0.0,0.2247982384813879,0.2247982384813879,False,False,False,False,False,low@0.5118:W=0.224798;low@0.9851:W=4.9125e-05;high@0.9786:W=2.25579e-05;high@0.9850:W=4.97928e-05,low@0.5118:W=0.224798;low@0.9851:W=4.9125e-05;high@0.9786:W=2.25579e-05;high@0.9850:W=4.97928e-05
nstxuG121123K51/N8/egn08w.1409E+02,nstxuG121123K51,reference,8,3.7536995183436237,-0.00019822778052684575,,,below_upper2,0.9961850550407816,0.9999995848930786,0.595,lower_max,0.36,0.235,-0.23808692116624494,3.7067795772450006e-06,0.03851440378810438,4,0,4,0.05353990430180888,0.0,0.05353990430180888,0.05353990430180888,False,False,False,False,False,low@0.5115:W=0.0535399;low@0.9851:W=2.71253e-06;high@0.9785:W=1.43682e-06;high@0.9850:W=2.74887e-06,low@0.5115:W=0.0535399;low@0.9851:W=2.71253e-06;high@0.9785:W=1.43682e-06;high@0.9850:W=2.74887e-06
nstxuG121123K51/N8/egn08w.1453E+02,nstxuG121123K51,reference,8,3.8115770830716995,-0.00017938252073538,bad,none,below_upper2,0.9916046921450548,0.9999960796693251,0.73,lower_max,0.36,0.37,-0.2192869718651972,1.3637875742899123e-06,0.037929575028347845,4,0,4,0.07361249145841216,0.0,0.07361249145841216,0.07361249145841216,False,False,False,False,False,low@0.5079:W=0.0736125;low@0.9851:W=8.02604e-05;high@0.9775:W=4.02289e-05;high@0.9850:W=8.13641e-05,low@0.5079:W=0.0736125;low@0.9851:W=8.02604e-05;high@0.9775:W=4.02289e-05;high@0.9850:W=8.13641e-05
nstxuG121123K51/N8/egn08w.1525E+02,nstxuG121123K51,reference,8,3.9045726661943565,-0.0004043271007644676,bad,none,below_upper2,0.9880628690469034,0.9999957164873907,0.745,lower_max,0.36,0.385,-0.19024709666344353,9.229124304644904e-07,0.037026202688041604,6,0,6,0.20805526602376048,0.0,0.20805526602376048,0.20805526602376048,False,False,False,False,False,low@0.4647:W=0.00795271;low@0.4819:W=0.0207685;low@0.5018:W=0.208055;low@0.9851:W=9.19378e-05;high@0.9760:W=5.12912e-05;high@0.9850:W=9.3221e-05,low@0.4647:W=0.00795271;low@0.4819:W=0.0207685;low@0.5018:W=0.208055;low@0.9851:W=9.19378e-05;high@0.9760:W=5.12912e-05;high@0.9850:W=9.3221e-05
nstxuG121123K51/N8/egn08w.1736E+02,nstxuG121123K51,reference,8,4.167020201558588,-9.90315947152664e-05,bad,none,below_upper2,0.9762408356319824,0.9999924747466093,0.765,lower_max,0.36,0.405,-0.11528287717707889,0.00017505260741837133,0.0346942159998709,6,0,6,0.39747763362908983,0.0,0.39747763362908983,0.39747763362908983,False,False,False,False,False,low@0.4039:W=0.00216612;low@0.4215:W=0.0176882;low@0.4487:W=0.397478;low@0.9851:W=9.7654e-05;high@0.9705:W=7.8733e-05;high@0.9850:W=9.9067e-05,low@0.4039:W=0.00216612;low@0.4215:W=0.0176882;low@0.4487:W=0.397478;low@0.9851:W=9.7654e-05;high@0.9705:W=7.8733e-05;high@0.9850:W=9.9067e-05
nstxuG121123K51/N8/egn08w.1824E+02,nstxuG121123K51,reference,8,4.270317750757456,-1.125999636987862e-05,,,below_upper2,0.9989901555685146,0.9999994443462876,0.44,lower_max,0.36,0.08000000000000002,-0.0883045597309313,0.004597500122418554,0.03385497459130661,4,0,4,0.055115755330486495,0.0,0.055115755330486495,1.022254848425337e-06,False,False,False,False,False,low@0.3954:W=0.0551158;low@0.9851:W=3.622e-07;high@0.9678:W=1.02225e-06;high@0.9850:W=3.65719e-07,low@0.3954:W=0.0551158;low@0.9851:W=3.622e-07;high@0.9678:W=1.02225e-06;high@0.9850:W=3.65719e-07
nstxuG121123K51/N8/egn08w.1890E+02,nstxuG121123K51,reference,8,4.346997437168559,-0.00020189726247725435,bad,none,below_upper2,0.9985565475427668,0.9997886372490631,0.435,lower_max,0.36,0.07500000000000001,-0.06910720487481757,0.004660057805554368,0.03325778334087694,4,0,4,0.03588276158482705,0.0,0.03588276158482705,0.0003371553632406555,False,False,False,False,False,low@0.3907:W=0.0358828;low@0.9851:W=6.91359e-05;high@0.9657:W=0.000337155;high@0.9850:W=6.91142e-05,low@0.3907:W=0.0358828;low@0.9851:W=6.91359e-05;high@0.9657:W=0.000337155;high@0.9850:W=6.91142e-05
nstxuG121123K51/N8/egn08w.2186E+02,nstxuG121123K51,reference,8,4.675192724883398,-0.0009839607286743308,bad,none,below_upper2,0.9664953655707383,0.9985582680770964,0.8150000000000001,lower_max,0.36,0.45500000000000007,0.005943379635716966,0.024687732128613256,0.03092311000982424,4,0,4,0.19608862515569148,0.0,0.19608862515569148,0.0033599831579519124,False,False,False,False,False,low@0.2885:W=0.196089;low@0.9852:W=0.00205346;high@0.9541:W=0.00335998;high@0.9851:W=0.00204904,low@0.2885:W=0.196089;low@0.9852:W=0.00205346;high@0.9541:W=0.00335998;high@0.9851:W=0.00204904
nstxuG121123K51/N8/egn08w.2347E+02,nstxuG121123K51,reference,8,4.845055532888796,-0.030750362957732348,bad,none,below_upper2,0.9496476004385036,0.9999537377811848,0.8200000000000001,lower_max,0.36,0.4600000000000001,0.04079401193605647,0.001343049068543466,0.029838976657198507,4,0,4,0.052837070222268204,0.0,0.052837070222268204,0.0001867823613821924,False,False,False,False,False,low@0.2727:W=0.0528371;low@0.9852:W=0.000174362;high@0.9453:W=0.000186782;high@0.9851:W=0.000177041,low@0.2727:W=0.0528371;low@0.9852:W=0.000174362;high@0.9453:W=0.000186782;high@0.9851:W=0.000177041
nstxuG121123K51/N8/egn08w.2418E+02,nstxuG121123K51,reference,8,4.917258956946548,-7.464917300350556e-05,bad,none,below_upper2,0.9986654926983604,0.9999996396844618,0.36,lower_max,0.36,0.0,0.05487867929266916,0.4053591384510934,0.02940083087234301,4,0,4,0.38852101221172847,0.0,0.38852101221172847,1.227350921203095e-06,False,False,False,False,False,low@0.2662:W=0.388521;low@0.9852:W=1.2123e-06;high@0.9400:W=9.71786e-07;high@0.9851:W=1.22735e-06,low@0.2662:W=0.388521;low@0.9852:W=1.2123e-06;high@0.9400:W=9.71786e-07;high@0.9851:W=1.22735e-06
nstxuG121123K51/N8/egn08w.2571E+02,nstxuG121123K51,reference,8,5.070446370688318,-0.0639592668233146,,,below_upper2,0.9162813042296487,0.9996375820336589,0.8250000000000001,lower_max,0.36,0.4650000000000001,0.08343251463709221,0.0008076885148392591,0.028512578258287256,6,0,6,0.004693624254740957,0.0,0.004693624254740957,0.004693624254740957,False,False,False,False,False,low@0.1507:W=5.68097e-06;low@0.1811:W=6.99825e-05;low@0.2514:W=0.000285982;low@0.9852:W=0.000173406;high@0.9298:W=0.00469362;high@0.9851:W=0.000176122,low@0.1507:W=5.68097e-06;low@0.1811:W=6.99825e-05;low@0.2514:W=0.000285982;low@0.9852:W=0.000173406;high@0.9298:W=0.00469362;high@0.9851:W=0.000176122
nstxuG121123K51/N8/egn08w.2789E+02,nstxuG121123K51,reference,8,5.280673824066795,-0.186706085165091,,,below_upper2,0.8359320841378168,0.9854989265708708,0.91,lower_max,0.36,0.55,0.11992173073280724,7.259536065173738e-05,0.027377471846454754,4,0,4,0.7063502689444009,0.0,0.7063502689444009,0.7063502689444009,False,False,False,False,False,low@0.1386:W=1.21621e-07;low@0.9852:W=0.000135266;high@0.9151:W=0.70635;high@0.9851:W=0.000137392,low@0.1386:W=1.21621e-07;low@0.9852:W=0.000135266;high@0.9151:W=0.70635;high@0.9851:W=0.000137392
nstxuG121123K51/N8/egn08w.3077E+02,nstxuG121123K51,reference,8,5.547180078711878,-1.076998960436055e-06,bad,none,below_upper2,0.9981665764334912,0.9999970332373838,0.03,lower_max,0.105,0.075,-0.08622049078226623,0.00451409029453331,0.11405043403350895,5,1,4,0.25868002286854697,8.858460289494705e-05,0.25868002286854697,1.2946479135487278e-06,False,False,False,False,False,low@0.0728:W=0.25868;low@0.9852:W=4.35249e-08;high@0.8982:W=1.29465e-06;high@0.9851:W=4.3635e-08,low@0.0728:W=0.25868;low@0.1279:W=8.85846e-05;low@0.9852:W=4.35249e-08;high@0.8982:W=1.29465e-06;high@0.9851:W=4.3635e-08
nstxuG121123K51/N8/egn08w.3108E+02,nstxuG121123K51,reference,8,5.574621808331134,-1.6404268639508114e-05,bad,none,below_upper2,0.99730986312888,0.9999996848499952,0.025,lower_max,0.105,0.07999999999999999,-0.08087344302910822,0.010873082385550365,0.11348900739663305,5,1,4,0.10149653063363107,1.3854358531837992e-05,0.10149653063363107,1.0385745686059567e-07,False,False,False,False,False,low@0.0745:W=0.101497;low@0.9852:W=2.79432e-08;high@0.8968:W=1.03857e-07;high@0.9851:W=2.80205e-08,low@0.0745:W=0.101497;low@0.1269:W=1.38544e-05;low@0.9852:W=2.79432e-08;high@0.8968:W=1.03857e-07;high@0.9851:W=2.80205e-08
nstxuG121123K51/N8/egn08w.3128E+02,nstxuG121123K51,reference,8,5.592820049132074,-1.4813673346922884e-07,bad,none,below_upper2,0.9973096931447715,0.999999822885075,0.035,lower_max,0.105,0.06999999999999999,-0.07735643461138926,0.05407364314753325,0.11311973031159898,5,2,3,0.28954762599179823,0.28954762599179823,6.225952989760747e-08,6.225952989760747e-08,False,False,False,False,False,low@0.9852:W=4.40486e-08;high@0.8959:W=6.22595e-08;high@0.9851:W=4.44428e-08,low@0.0756:W=0.289548;low@0.1262:W=0.000773197;low@0.9852:W=4.40486e-08;high@0.8959:W=6.22595e-08;high@0.9851:W=4.44428e-08
nstxuG121123K51/N8/egn08w.3247E+02,nstxuG121123K51,reference,8,5.697930898984761,-4.3517654985588247e-07,bad,none,below_upper2,0.9970774841870055,0.9999993969875709,0.02,lower_max,0.105,0.08499999999999999,-0.05748222896659271,0.07020499643810657,0.1110329884400404,5,2,3,0.10754128784613035,0.10754128784613035,6.951465892461896e-08,6.951465892461896e-08,False,False,False,False,False,low@0.9852:W=5.08288e-08;high@0.8905:W=6.95147e-08;high@0.9851:W=5.1031e-08,low@0.0814:W=0.107541;low@0.1223:W=0.000215962;low@0.9852:W=5.08288e-08;high@0.8905:W=6.95147e-08;high@0.9851:W=5.1031e-08
nstxuG121123K51/N8/egn08w.3640E+02,nstxuG121123K51,reference,8,6.032875769427223,-1.9519788666702538e-07,bad,none,below_upper2,0.9396013805736511,0.9999957360126425,0.11,lower_max,0.105,0.0050000000000000044,0.001229115624885604,0.6219110199033779,0.10486844414155577,3,0,3,1.443862023937283e-06,0.0,1.443862023937283e-06,1.443862023937283e-06,True,True,True,True,True,low@0.9853:W=5.2509e-07;high@0.8707:W=1.44386e-06;high@0.9851:W=5.28632e-07,low@0.9853:W=5.2509e-07;high@0.8707:W=1.44386e-06;high@0.9851:W=5.28632e-07
nstxuG121123K51/N8/egn08w.3665E+02,nstxuG121123K51,reference,8,6.054010095806878,-8.217786577343134e-09,bad,none,below_upper2,0.9589000157493043,0.9999995394642209,0.105,lower_max,0.105,0.0,0.004715788014728532,0.9334670506360996,0.10450235226355423,3,0,3,7.298131338247031e-08,0.0,7.298131338247031e-08,7.298131338247031e-08,True,True,True,True,True,low@0.9853:W=2.44446e-08;high@0.8695:W=7.29813e-08;high@0.9851:W=2.46894e-08,low@0.9853:W=2.44446e-08;high@0.8695:W=7.29813e-08;high@0.9851:W=2.46894e-08
nstxuG121123K51/N8/egn08w.3943E+02,nstxuG121123K51,reference,8,6.2792023370912,-5.2239687071641424e-08,good,tae,below_upper2,0.9650812494903767,0.999995881176588,0.105,lower_max,0.105,0.0,0.04040985716232198,0.9587987407487216,0.10075456430222296,3,0,3,1.0143903309870732e-06,0.0,1.0143903309870732e-06,1.0143903309870732e-06,False,False,False,False,False,low@0.9853:W=7.34525e-07;high@0.8536:W=1.01439e-06;high@0.9852:W=7.41231e-07,low@0.9853:W=7.34525e-07;high@0.8536:W=1.01439e-06;high@0.9852:W=7.41231e-07
nstxuG121123K51/N8/egn08w.4144E+02,nstxuG121123K51,reference,8,6.437135113573021,-1.904310058031023e-07,bad,none,below_upper2,0.9726278357185671,0.9999644586401812,0.005,lower_max,0.105,0.09999999999999999,0.06395305345524882,0.0846840404220839,0.09828258759166518,3,0,3,5.12457533896413e-06,0.0,5.12457533896413e-06,5.12457533896413e-06,False,False,False,False,False,low@0.9853:W=1.34053e-06;high@0.8467:W=5.12458e-06;high@0.9852:W=1.35165e-06,low@0.9853:W=1.34053e-06;high@0.8467:W=5.12458e-06;high@0.9852:W=1.35165e-06
nstxuG121123K51/N8/egn08w.4603E+02,nstxuG121123K51,reference,8,6.784408371939064,-2.7750421981767156e-05,good,tae,below_upper2,0.9852948563206847,0.9991121123798273,0.44,upper_min,0.365,0.07500000000000001,0.09419640061219425,0.14384675716590048,0.044177921644791715,3,0,3,0.004519823535465877,0.0,0.004519823535465877,0.004519823535465877,False,False,False,False,False,low@0.9853:W=0.000391895;high@0.8283:W=0.00451982;high@0.9852:W=0.000400259,low@0.9853:W=0.000391895;high@0.8283:W=0.00451982;high@0.9852:W=0.000400259
nstxuG121123K51/N8/egn08w.4689E+02,nstxuG121123K51,reference,8,6.84767521417421,-2.4010296443901056e-10,good,tae,below_upper2,0.6728612021543756,0.9999951073085965,0.11,upper_min,0.11,0.0,0.008375761869126388,0.9499187244363618,0.11958936090490549,3,0,3,1.154045848846249e-06,0.0,1.154045848846249e-06,1.154045848846249e-06,True,True,True,True,True,low@0.9853:W=2.37521e-07;high@0.8239:W=1.15405e-06;high@0.9852:W=2.40199e-07,low@0.9853:W=2.37521e-07;high@0.8239:W=1.15405e-06;high@0.9852:W=2.40199e-07
nstxuG121123K51/N8/egn08w.4746E+02,nstxuG121123K51,reference,8,6.889371193663393,-4.684719593069399e-10,good,tae,below_upper2,0.5714272294422922,0.9999967904569704,0.105,upper_min,0.11,0.0050000000000000044,0.002272851472462607,0.9632394968101043,0.11886557996768414,3,0,3,1.4817679519864265e-06,0.0,1.4817679519864265e-06,1.4817679519864265e-06,True,True,True,True,True,low@0.9853:W=9.85645e-08;high@0.8197:W=1.48177e-06;high@0.9852:W=9.9853e-08,low@0.9853:W=9.85645e-08;high@0.8197:W=1.48177e-06;high@0.9852:W=9.9853e-08
nstxuG121123K51/N8/egn08w.4784E+02,nstxuG121123K51,reference,8,6.916377428030783,-1.7768530409168216e-05,good,tae,below_upper2,0.6921237649464673,0.9944016042789611,0.215,upper_min,0.22,0.0050000000000000044,0.008660245893600796,0.8064151794391868,0.08359530428881295,5,0,5,0.0346581589714254,0.0,0.0346581589714254,1.2683957488073186e-05,True,True,False,False,True,low@0.9853:W=3.75905e-06;high@0.1037:W=0.00743085;high@0.1110:W=0.0346582;high@0.8189:W=1.2684e-05;high@0.9852:W=3.83979e-06,low@0.9853:W=3.75905e-06;high@0.1037:W=0.00743085;high@0.1110:W=0.0346582;high@0.8189:W=1.2684e-05;high@0.9852:W=3.83979e-06
nstxuG121123K51/N8/egn08w.4850E+02,nstxuG121123K51,reference,8,6.9641077882370706,-0.0019727549925374925,good,tae,below_upper2,0.7384402770118499,0.984941017518285,0.225,upper_min,0.22,0.0050000000000000044,0.0017471253150275214,0.47481861213425064,0.08302236169421401,5,0,5,0.1435531916310493,0.0,0.1435531916310493,0.0023428995897346637,True,True,False,False,False,low@0.9854:W=6.56634e-05;high@0.0998:W=0.0387476;high@0.1150:W=0.143553;high@0.8175:W=0.0023429;high@0.9852:W=6.71016e-05,low@0.9854:W=6.56634e-05;high@0.0998:W=0.0387476;high@0.1150:W=0.143553;high@0.8175:W=0.0023429;high@0.9852:W=6.71016e-05
nstxuG121123K51/N8/egn08w.5456E+02,nstxuG121123K51,reference,8,7.386628043206469,-0.0002851900761370718,bad,none,below_upper2,0.5666696934052129,0.9385789861037522,0.365,upper_min,0.365,0.0,0.004988362407984137,0.23740926158275635,0.04057616813905343,9,0,9,0.36804404356494586,0.0,0.36804404356494586,0.0690889871401722,True,False,False,False,False,low@0.9854:W=0.000154373;high@0.0835:W=3.13343e-05;high@0.1363:W=3.01076e-05;high@0.1780:W=6.6936e-05;high@0.2719:W=0.368044;high@0.7892:W=0.0303445;high@0.7934:W=0.0581126;high@0.7953:W=0.069089;high@0.9853:W=0.00015808,low@0.9854:W=0.000154373;high@0.0835:W=3.13343e-05;high@0.1363:W=3.01076e-05;high@0.1780:W=6.6936e-05;high@0.2719:W=0.368044;high@0.7892:W=0.0303445;high@0.7934:W=0.0581126;high@0.7953:W=0.069089;high@0.9853:W=0.00015808
nstxuG121123K51/N8/egn08w.5507E+02,nstxuG121123K51,reference,8,7.421033020107535,-0.0002075111178092512,bad,none,below_upper2,0.20784477043189561,0.8979712842427536,0.365,upper_min,0.365,0.0,0.00032909175108225536,0.3584048483651614,0.04038805118501545,7,0,7,0.363503543377281,0.0,0.363503543377281,0.07080701229792934,True,True,False,False,False,low@0.9854:W=1.48432e-06;high@0.0823:W=1.00548e-07;high@0.1383:W=9.64686e-07;high@0.1757:W=1.94593e-06;high@0.2749:W=0.363504;high@0.7882:W=0.070807;high@0.9853:W=1.51268e-06,low@0.9854:W=1.48432e-06;high@0.0823:W=1.00548e-07;high@0.1383:W=9.64686e-07;high@0.1757:W=1.94593e-06;high@0.2749:W=0.363504;high@0.7882:W=0.070807;high@0.9853:W=1.51268e-06
nstxuG121123K51/N8/egn08w.5542E+02,nstxuG121123K51,reference,8,7.444723659199321,-0.0002523903414906471,bad,none,below_upper2,0.47676985079793427,0.953630182288328,0.375,upper_min,0.365,0.010000000000000009,-0.002854160787298419,0.1547873811418617,0.04025952811444285,9,2,7,0.7195174818626453,0.7195174818626453,0.05860646281797252,0.05860646281797252,True,False,False,False,False,low@0.9854:W=6.55967e-05;high@0.0815:W=1.52133e-06;high@0.1397:W=1.60137e-05;high@0.1740:W=8.56127e-06;high@0.2769:W=0.0186417;high@0.7875:W=0.0586065;high@0.9853:W=6.71309e-05,low@0.9854:W=6.55967e-05;high@0.0815:W=1.52133e-06;high@0.1397:W=1.60137e-05;high@0.1740:W=8.56127e-06;high@0.2769:W=0.0186417;high@0.3600:W=0.0649514;high@0.3735:W=0.719517;high@0.7875:W=0.0586065;high@0.9853:W=6.71309e-05
nstxuG121123K51/N8/egn08w.5563E+02,nstxuG121123K51,reference,8,7.458270698306046,-0.0001944325688413928,bad,none,below_upper2,0.46844141886714497,0.8916380749371107,0.44,upper_min,0.365,0.07500000000000001,-0.004665354591512392,0.2056257824403159,0.040186401591707686,9,2,7,0.5419700965290688,0.5419700965290688,0.2969948892737374,0.05254803001311545,False,False,False,False,False,low@0.9854:W=5.65593e-05;high@0.0810:W=2.33171e-07;high@0.1407:W=1.00073e-06;high@0.1729:W=1.98887e-06;high@0.2781:W=0.296995;high@0.7871:W=0.052548;high@0.9853:W=5.7887e-05,low@0.9854:W=5.65593e-05;high@0.0810:W=2.33171e-07;high@0.1407:W=1.00073e-06;high@0.1729:W=1.98887e-06;high@0.2781:W=0.296995;high@0.3583:W=0.242381;high@0.3755:W=0.54197;high@0.7871:W=0.052548;high@0.9853:W=5.7887e-05
nstxuG121123K51/N8/egn08w.5587E+02,nstxuG121123K51,reference,8,7.4745855038220945,-0.0002244850999431235,bad,none,below_upper2,0.3708383040609956,0.8446923182631664,0.445,upper_min,0.365,0.08000000000000002,-0.006837875215555211,0.12100596905266786,0.04009868658382888,13,2,11,0.510999383614944,0.18805351641115975,0.510999383614944,0.510999383614944,False,False,False,False,False,low@0.9854:W=1.98619e-05;high@0.0805:W=2.20336e-08;high@0.1419:W=3.40239e-07;high@0.1716:W=5.77895e-07;high@0.2795:W=0.00285279;high@0.4400:W=0.0447559;high@0.4401:W=0.057849;high@0.4930:W=0.510999;high@0.5002:W=0.0285691;high@0.7866:W=0.0278107;high@0.9853:W=2.03281e-05,low@0.9854:W=1.98619e-05;high@0.0805:W=2.20336e-08;high@0.1419:W=3.40239e-07;high@0.1716:W=5.77895e-07;high@0.2795:W=0.00285279;high@0.3562:W=0.000381024;high@0.3771:W=0.188054;high@0.4400:W=0.0447559;high@0.4401:W=0.057849;high@0.4930:W=0.510999;high@0.5002:W=0.0285691;high@0.7866:W=0.0278107;high@0.9853:W=2.03281e-05
nstxuG121123K51/N9/egn09w.1126E+02,nstxuG121123K51,reference,9,3.3555064935304473,-0.001229729311854709,,,below_upper2,0.9938224901510482,1.0,0.66,lower_max,0.395,0.265,-0.3355684230125965,6.278271811316869e-07,0.003090866789764592,3,0,3,0.19236365392971394,0.0,0.19236365392971394,0.19236365392971394,False,False,False,False,False,low@0.6075:W=0.0597894;low@0.6240:W=0.00384847;low@0.6378:W=0.192364,low@0.6075:W=0.0597894;low@0.6240:W=0.00384847;low@0.6378:W=0.192364
nstxuG121123K51/N9/egn09w.1254E+02,nstxuG121123K51,reference,9,3.540733437741135,-0.0020937532183525863,bad,none,below_upper2,0.9955439000790053,1.0,0.64,lower_max,0.395,0.245,-0.2657006224202051,2.220440290887992e-06,0.0029291737901369114,3,0,3,0.646625157878121,0.0,0.646625157878121,0.646625157878121,False,False,False,False,False,low@0.5624:W=0.0125543;low@0.5878:W=0.35611;low@0.5937:W=0.646625,low@0.5624:W=0.0125543;low@0.5878:W=0.35611;low@0.5937:W=0.646625
nstxuG121123K51/N9/egn09w.1296E+02,nstxuG121123K51,reference,9,3.599545527097099,-0.0004981699273771839,bad,none,below_upper2,0.996609603285205,1.0,0.67,lower_max,0.395,0.275,-0.24502065114513463,1.4105291068558974e-06,0.002881314739768514,1,0,1,0.03699845152216136,0.0,0.03699845152216136,0.03699845152216136,False,False,False,False,False,low@0.5586:W=0.0369985,low@0.5586:W=0.0369985
nstxuG121123K51/N9/egn09w.1425E+02,nstxuG121123K51,reference,9,3.7743664236095373,-5.3537591417401745e-05,bad,none,below_upper2,0.9926362284761774,1.0,0.725,lower_max,0.395,0.32999999999999996,-0.1873538530705741,3.7897144922092565e-06,0.0027478581620525864,1,0,1,0.39702134049091586,0.0,0.39702134049091586,0.39702134049091586,False,False,False,False,False,low@0.5153:W=0.397021,low@0.5153:W=0.397021
nstxuG121123K51/N9/egn09w.1457E+02,nstxuG121123K51,reference,9,3.8164823625107007,-0.0001097097717783475,bad,none,below_upper2,0.9913812434714098,1.0,0.74,lower_max,0.395,0.345,-0.17425107475795953,5.854233630766498e-06,0.002717534786894647,3,0,3,0.5663156076967191,0.0,0.5663156076967191,0.5663156076967191,False,False,False,False,False,low@0.4813:W=0.00198879;low@0.4868:W=0.00175412;low@0.5129:W=0.566316,low@0.4813:W=0.00198879;low@0.4868:W=0.00175412;low@0.5129:W=0.566316
nstxuG121123K51/N9/egn09w.1474E+02,nstxuG121123K51,reference,9,3.839027506507824,-0.0002488828900631589,bad,none,below_upper2,0.9901968705334601,1.0,0.74,lower_max,0.395,0.345,-0.16735514616033492,3.4977470118969464e-06,0.0027015757418021404,3,0,3,0.4092603035601187,0.0,0.4092603035601187,0.4092603035601187,False,False,False,False,False,low@0.4784:W=0.0161639;low@0.4905:W=0.0159488;low@0.5116:W=0.40926,low@0.4784:W=0.0161639;low@0.4905:W=0.0159488;low@0.5116:W=0.40926
nstxuG121123K51/N9/egn09w.1537E+02,nstxuG121123K51,reference,9,3.9199765404020765,-4.2673157375477656e-05,bad,none,below_upper2,0.9939203787259805,1.0,0.51,lower_max,0.395,0.11499999999999999,-0.1432488102373473,3.7381176198905e-05,0.0026457871563254015,1,0,1,0.49625011129327523,0.0,0.49625011129327523,0.49625011129327523,False,False,False,False,False,low@0.4727:W=0.49625,low@0.4727:W=0.49625
nstxuG121123K51/N9/egn09w.1613E+02,nstxuG121123K51,reference,9,4.0157296346187525,-0.00012923935318284233,bad,none,below_upper2,0.9824055726170854,1.0,0.76,lower_max,0.395,0.365,-0.1159886057414955,5.140228545724094e-05,0.0025826996654064694,1,0,1,0.176272507752567,0.0,0.176272507752567,0.176272507752567,False,False,False,False,False,low@0.4677:W=0.176273,low@0.4677:W=0.176273
nstxuG121123K51/N9/egn09w.1721E+02,nstxuG121123K51,reference,9,4.148223229549135,-7.00747539303312e-05,bad,none,below_upper2,0.9789058374025177,0.9999997686545691,0.75,lower_max,0.395,0.355,-0.0803441058932781,0.0003272489719554147,0.002500208645912229,5,1,4,0.059755527212523835,0.003424962367978015,0.059755527212523835,0.059755527212523835,False,False,False,False,False,low@0.4491:W=0.0597555;low@0.4590:W=0.0346577;high@0.9716:W=4.87444e-06;high@0.9771:W=1.99454e-05,low@0.4211:W=0.00342496;low@0.4491:W=0.0597555;low@0.4590:W=0.0346577;high@0.9716:W=4.87444e-06;high@0.9771:W=1.99454e-05
nstxuG121123K51/N9/egn09w.1834E+02,nstxuG121123K51,reference,9,4.282258933171101,-7.35230285921221e-05,bad,none,below_upper2,0.9788318028104687,0.9999993577887908,0.78,lower_max,0.395,0.385,-0.04652908334394844,0.011355298895720236,0.002421951532018276,3,1,2,0.10172592942786307,0.10172592942786307,4.7534774095820724e-05,0.10172592942786307,False,False,False,False,False,high@0.9676:W=5.34487e-06;high@0.9795:W=4.75348e-05,low@0.4138:W=0.101726;high@0.9676:W=5.34487e-06;high@0.9795:W=4.75348e-05
nstxuG121123K51/N9/egn09w.2065E+02,nstxuG121123K51,reference,9,4.544010503464107,-3.959049934410547e-05,bad,none,below_upper2,0.9993931307599648,0.9999988752496186,0.395,lower_max,0.395,0.0,0.01375480700220037,0.7447391079622732,0.0022824382944947167,2,0,2,0.14625866335719456,0.0,0.14625866335719456,6.425191495326826e-07,True,True,False,False,False,low@0.3434:W=0.146259;high@0.9591:W=6.42519e-07,low@0.3434:W=0.146259;high@0.9591:W=6.42519e-07
nstxuG121123K51/N9/egn09w.2153E+02,nstxuG121123K51,reference,9,4.639884809389981,-6.895614969689076e-05,bad,none,below_upper2,0.9753023787965241,0.9999946370479503,0.8,lower_max,0.395,0.405,0.034133669244650174,0.008853503252287679,0.0022352760919201044,2,0,2,0.012616600612182585,0.0,0.012616600612182585,2.5084100639684868e-05,False,False,False,False,False,low@0.3371:W=0.0126166;high@0.9555:W=2.50841e-05,low@0.3371:W=0.0126166;high@0.9555:W=2.50841e-05
nstxuG121123K51/N9/egn09w.2242E+02,nstxuG121123K51,reference,9,4.734995671057601,-0.004783328126037852,bad,none,below_upper2,0.9967634698977244,0.9981605356779764,0.005,lower_max,0.17,0.165,-0.1709114622877916,0.00027891356759255726,0.08014184461294221,4,0,4,0.23379946226908083,0.0,0.23379946226908083,0.0005897568873747338,False,False,False,False,False,low@0.2379:W=0.182179;low@0.2630:W=0.233799;low@0.3306:W=0.00213142;high@0.9507:W=0.000589757,low@0.2379:W=0.182179;low@0.2630:W=0.233799;low@0.3306:W=0.00213142;high@0.9507:W=0.000589757
nstxuG121123K51/N9/egn09w.2306E+02,nstxuG121123K51,reference,9,4.802118951327362,-0.00017364079561891347,good,tae,below_upper2,0.9663287700458153,0.9999889737857248,0.805,lower_max,0.395,0.41000000000000003,0.0667643676893415,0.0071655015941815055,0.002159759824530359,4,0,4,0.07289495350090637,0.0,0.07289495350090637,9.50642728850546e-05,False,False,False,False,False,low@0.2237:W=0.000894674;low@0.2790:W=0.00051832;low@0.3251:W=0.072895;high@0.9475:W=9.50643e-05,low@0.2237:W=0.000894674;low@0.2790:W=0.00051832;low@0.3251:W=0.072895;high@0.9475:W=9.50643e-05
nstxuG121123K51/N9/egn09w.2398E+02,nstxuG121123K51,reference,9,4.897049179467003,-0.02998272518994764,,,below_upper2,0.9878736774976167,0.9932445354504555,0.005,lower_max,0.17,0.165,-0.1321635748260667,0.0005423439998958192,0.07748978484920058,4,0,4,0.04149849071048631,0.0,0.04149849071048631,0.0005286609730002495,False,False,False,False,False,low@0.2127:W=0.0186702;low@0.2992:W=0.0414985;low@0.3114:W=0.024135;high@0.9419:W=0.000528661,low@0.2127:W=0.0186702;low@0.2992:W=0.0414985;low@0.3114:W=0.024135;high@0.9419:W=0.000528661
nstxuG121123K51/N9/egn09w.2422E+02,nstxuG121123K51,reference,9,4.9213912147366266,-0.0013749156456774436,bad,none,below_upper2,0.9974809818838792,0.9989097237529829,0.305,lower_max,0.305,0.0,0.0029659661949236566,0.8072024278549119,0.03631767077932796,2,0,2,0.0014774883935232477,0.0,0.0014774883935232477,0.00017902977641786987,True,True,False,True,True,low@0.2105:W=0.00147749;high@0.9401:W=0.00017903,low@0.2105:W=0.00147749;high@0.9401:W=0.00017903
nstxuG121123K51/N9/egn09w.2469E+02,nstxuG121123K51,reference,9,4.968874646731816,-0.011899937951982645,good,tae,below_upper2,0.9415825190939769,0.9999671890960801,0.8250000000000001,lower_max,0.395,0.43000000000000005,0.0980838047664143,0.0002741935905721915,0.002087278170825723,2,0,2,0.0016022137660350129,0.0,0.0016022137660350129,0.0003193686567781851,False,False,False,False,False,low@0.2067:W=0.00160221;high@0.9377:W=0.000319369,low@0.2067:W=0.00160221;high@0.9377:W=0.000319369
nstxuG121123K51/N9/egn09w.2485E+02,nstxuG121123K51,reference,9,4.985418190207319,-0.00013979678624211026,bad,none,below_upper2,0.9982719956873795,0.9999999013206178,0.3,lower_max,0.305,0.0050000000000000044,0.015770724229320136,0.6182209207658633,0.03585124839961501,2,0,2,0.134653038501522,0.0,0.134653038501522,4.521187481348505e-07,True,True,False,False,False,low@0.2054:W=0.134653;high@0.9368:W=4.52119e-07,low@0.2054:W=0.134653;high@0.9368:W=4.52119e-07
nstxuG121123K51/N9/egn09w.2702E+02,nstxuG121123K51,reference,9,5.1980542206599845,-0.005437800951667954,good,tae,below_upper2,0.9083806628066313,0.9996104243040672,0.84,lower_max,0.395,0.44499999999999995,0.13784883232634298,0.00010575807545893032,0.001995251135024879,4,0,4,0.0073250172182768416,0.0,0.0073250172182768416,0.0073250172182768416,False,False,False,False,False,low@0.1167:W=1.40769e-06;low@0.1407:W=4.12384e-05;low@0.1924:W=2.20586e-05;high@0.9225:W=0.00732502,low@0.1167:W=1.40769e-06;low@0.1407:W=4.12384e-05;low@0.1924:W=2.20586e-05;high@0.9225:W=0.00732502
nstxuG121123K51/N9/egn09w.2937E+02,nstxuG121123K51,reference,9,5.419484864879494,-0.06900491371227878,good,tae,below_upper2,0.8285889830601264,0.9807420950348014,0.88,lower_max,0.395,0.485,0.173074816572509,3.164188150877961e-05,0.0019137286739010595,4,0,4,0.5679683320636557,0.0,0.5679683320636557,0.5679683320636557,False,False,False,False,False,low@0.1050:W=2.11488e-05;low@0.1550:W=1.63395e-05;low@0.1807:W=7.83207e-06;high@0.9071:W=0.567968,low@0.1050:W=2.11488e-05;low@0.1550:W=1.63395e-05;low@0.1807:W=7.83207e-06;high@0.9071:W=0.567968
nstxuG121123K51/N9/egn09w.3093E+02,nstxuG121123K51,reference,9,5.561513994514824,-7.154955889965596e-07,bad,none,below_upper2,0.9978194308108761,0.9999989732484462,0.17,lower_max,0.17,0.0,0.003102264852236572,0.985851411262795,0.06823165197230735,3,0,3,0.008603384432340065,0.0,0.008603384432340065,7.264173278030695e-08,True,True,False,True,True,low@0.0220:W=0.000616598;low@0.0996:W=0.00860338;high@0.8976:W=7.26417e-08,low@0.0220:W=0.000616598;low@0.0996:W=0.00860338;high@0.8976:W=7.26417e-08
nstxuG121123K51/N9/egn09w.3219E+02,nstxuG121123K51,reference,9,5.6735052300491216,-8.666843176411127e-06,,,below_upper2,0.9914911392857283,0.9999765986904181,0.17,lower_max,0.17,0.0,0.022780365873318095,0.9406833707082128,0.06688480435393321,3,0,3,0.020005447540000353,0.0,0.020005447540000353,1.6409537657765957e-05,True,True,False,False,True,low@0.0367:W=4.65588e-05;low@0.0957:W=0.0200054;high@0.8918:W=1.64095e-05,low@0.0367:W=4.65588e-05;low@0.0957:W=0.0200054;high@0.8918:W=1.64095e-05
nstxuG121123K51/N9/egn09w.3938E+02,nstxuG121123K51,reference,9,6.27507551983283,-6.946769172984679e-09,bad,none,below_upper2,0.9784032226080644,0.9999988416367431,0.065,lower_max,0.07,0.0050000000000000044,0.0010148991353567476,0.9896095082231505,0.0954358923664628,1,0,1,1.313825527969454e-07,0.0,1.313825527969454e-07,1.313825527969454e-07,True,True,True,True,True,high@0.8536:W=1.31383e-07,high@0.8536:W=1.31383e-07
nstxuG121123K51/N9/egn09w.4043E+02,nstxuG121123K51,reference,9,6.358137689989769,-1.0222789572650655e-09,bad,none,below_upper2,0.9758232088436453,0.9999993836886713,0.075,lower_max,0.07,0.0049999999999999906,0.014065555550505674,0.9949421872782132,0.09418912598339078,1,0,1,4.7895249010641185e-08,0.0,4.7895249010641185e-08,4.7895249010641185e-08,True,True,True,True,True,high@0.8493:W=4.78952e-08,high@0.8493:W=4.78952e-08
nstxuG121123K51/N9/egn09w.4156E+02,nstxuG121123K51,reference,9,6.446916815883472,-6.199014266515315e-07,good,tae,below_upper2,0.9674035812814211,0.9999971362441645,0.07,lower_max,0.07,0.0,0.02764264994562313,0.98912686392845,0.09289206748049596,1,0,1,6.923621457411622e-07,0.0,6.923621457411622e-07,6.923621457411622e-07,True,True,True,True,True,high@0.8455:W=6.92362e-07,high@0.8455:W=6.92362e-07
nstxuG121123K51/N9/egn09w.4526E+02,nstxuG121123K51,reference,9,6.727761704262578,-6.842025246421609e-06,good,tae,below_upper2,0.9881696570075678,0.9993741490216298,0.455,upper_min,0.31,0.14500000000000002,0.08168889958600616,0.043641067939207,0.04082068605176417,1,0,1,0.0026263155100652007,0.0,0.0026263155100652007,0.0026263155100652007,False,False,False,False,False,high@0.8288:W=0.00262632,high@0.8288:W=0.00262632
nstxuG121123K51/N9/egn09w.4552E+02,nstxuG121123K51,reference,9,6.74677295545804,-1.244713089865671e-07,good,tae,below_upper2,0.8294047499988056,0.9999968166513814,0.17,upper_min,0.17,0.0,0.020809210931399712,0.9126933707591652,0.12983779162881956,1,0,1,1.179641104992015e-06,0.0,1.179641104992015e-06,1.179641104992015e-06,True,True,True,True,True,high@0.8281:W=1.17964e-06,high@0.8281:W=1.17964e-06
nstxuG121123K51/N9/egn09w.4698E+02,nstxuG121123K51,reference,9,6.854097260753487,-4.211669086394061e-08,good,tae,below_upper2,0.7117756315836029,0.9999940031734357,0.165,upper_min,0.17,0.0050000000000000044,0.004824955786709532,0.865246123707122,0.1278047374923619,1,0,1,3.0200530723270133e-06,0.0,3.0200530723270133e-06,3.0200530723270133e-06,True,True,True,True,True,high@0.8238:W=3.02005e-06,high@0.8238:W=3.02005e-06
nstxuG121123K51/N9/egn09w.4729E+02,nstxuG121123K51,reference,9,6.876863533321064,-8.652632669132584e-08,bad,none,below_upper2,0.584768952378188,0.9999980905163314,0.075,upper_min,0.075,0.0,0.0031057415237442086,0.9852431148835863,0.1078663487242443,1,0,1,1.6060822774344027e-07,0.0,1.6060822774344027e-07,1.6060822774344027e-07,True,True,True,True,True,high@0.8230:W=1.60608e-07,high@0.8230:W=1.60608e-07
nstxuG121123K51/N9/egn09w.4947E+02,nstxuG121123K51,reference,9,7.033433871376507,-0.00014184979107285906,bad,none,below_upper2,0.9171725407825184,0.9754320891654681,0.295,upper_min,0.31,0.015000000000000013,0.034678833645793335,0.24359479442587445,0.03904662407909106,5,0,5,0.5573310183692077,0.0,0.5573310183692077,0.008359002260740378,False,False,False,False,False,high@0.0661:W=0.00332085;high@0.0831:W=0.00180233;high@0.1593:W=0.00586559;high@0.1860:W=0.557331;high@0.8125:W=0.008359,high@0.0661:W=0.00332085;high@0.0831:W=0.00180233;high@0.1593:W=0.00586559;high@0.1860:W=0.557331;high@0.8125:W=0.008359
nstxuG121123K51/N9/egn09w.5024E+02,nstxuG121123K51,reference,9,7.0877394545551615,-0.008233529510658009,bad,none,mixed,-0.4830501198463105,0.4446574891743737,0.92,lower_max,0.395,0.525,0.3677097550344063,0.04995001484291617,0.0014632907502020508,5,0,5,0.27385352505439253,0.0,0.27385352505439253,0.27385352505439253,False,False,False,False,False,high@0.0642:W=0.00320797;high@0.0854:W=4.73592e-05;high@0.1570:W=0.0234047;high@0.1894:W=0.114791;high@0.8107:W=0.273854,high@0.0642:W=0.00320797;high@0.0854:W=4.73592e-05;high@0.1570:W=0.0234047;high@0.1894:W=0.114791;high@0.8107:W=0.273854
nstxuG121123K51/N9/egn09w.5276E+02,nstxuG121123K51,reference,9,7.263937091713311,-0.0008760487607426972,bad,none,below_upper2,0.30564447857704313,0.7972698898340177,0.305,upper_min,0.31,0.0050000000000000044,0.0018458396153576853,0.32187055494234584,0.03780757527127874,5,0,5,0.3288102324350967,0.0,0.3288102324350967,0.2716983841696178,True,True,False,False,False,high@0.0586:W=0.0131603;high@0.0922:W=0.00150904;high@0.1501:W=0.000153887;high@0.2007:W=0.32881;high@0.7989:W=0.271698,high@0.0586:W=0.0131603;high@0.0922:W=0.00150904;high@0.1501:W=0.000153887;high@0.2007:W=0.32881;high@0.7989:W=0.271698
nstxuG121123K51/N9/egn09w.5296E+02,nstxuG121123K51,reference,9,7.277213275644088,-0.00014176479057056694,bad,none,below_upper2,0.5555722065513164,0.9443385288155867,0.31,upper_min,0.31,0.0,1.812217281239078e-05,0.49270552651624133,0.03773860102189703,5,0,5,0.07016519169665646,0.0,0.07016519169665646,0.020119421288398633,True,True,False,False,False,high@0.0581:W=2.37817e-06;high@0.0927:W=2.13612e-05;high@0.1496:W=2.12127e-05;high@0.2017:W=0.0701652;high@0.7984:W=0.0201194,high@0.0581:W=2.37817e-06;high@0.0927:W=2.13612e-05;high@0.1496:W=2.12127e-05;high@0.2017:W=0.0701652;high@0.7984:W=0.0201194
nstxuG121123K51/N9/egn09w.5522E+02,nstxuG121123K51,reference,9,7.431068924578894,-0.0006624695858607425,bad,none,below_upper2,-0.11833988593541761,0.7557737686840975,0.4,upper_min,0.31,0.09000000000000002,-0.020686629552012104,0.06172338278295498,0.03695724681713237,7,1,6,0.6830754291562269,0.6830754291562269,0.13744867548200224,0.13744867548200224,False,False,False,False,False,high@0.0530:W=0.000108875;high@0.0991:W=1.46015e-05;high@0.1436:W=1.55403e-06;high@0.2152:W=0.000119539;high@0.2795:W=9.87644e-05;high@0.7881:W=0.137449,high@0.0530:W=0.000108875;high@0.0991:W=1.46015e-05;high@0.1436:W=1.55403e-06;high@0.2152:W=0.000119539;high@0.2795:W=9.87644e-05;high@0.3305:W=0.683075;high@0.7881:W=0.137449
nstxuG121123K51/N9/egn09w.5540E+02,nstxuG121123K51,reference,9,7.44343941307059,-0.0009447306071186425,bad,none,below_upper2,0.018403816134658114,0.8438597085882582,0.4,upper_min,0.31,0.09000000000000002,-0.022314181562124197,0.06023145305834233,0.03689582639425188,7,1,6,0.39873447208852086,0.39873447208852086,0.1071719244944748,0.1071719244944748,False,False,False,False,False,high@0.0526:W=2.01494e-05;high@0.0997:W=2.84102e-05;high@0.1431:W=8.54674e-07;high@0.2167:W=8.29402e-06;high@0.2778:W=8.97983e-05;high@0.7877:W=0.107172,high@0.0526:W=2.01494e-05;high@0.0997:W=2.84102e-05;high@0.1431:W=8.54674e-07;high@0.2167:W=8.29402e-06;high@0.2778:W=8.97983e-05;high@0.3314:W=0.398734;high@0.7877:W=0.107172
nstxuG121123K51/N9/egn09w.5556E+02,nstxuG121123K51,reference,9,7.45418986517332,-0.0004996460259830775,bad,none,below_upper2,0.17667658258827168,0.9161998020087062,0.505,upper_min,0.31,0.195,-0.023724202604349227,0.0625706493130416,0.03684261513701047,7,1,6,0.2777896063934878,0.2777896063934878,0.05113135282183905,0.05113135282183905,False,False,False,False,False,high@0.0522:W=0.000227286;high@0.1001:W=0.000196133;high@0.1426:W=2.88757e-05;high@0.2180:W=1.29225e-05;high@0.2763:W=4.67083e-05;high@0.7874:W=0.0511314,high@0.0522:W=0.000227286;high@0.1001:W=0.000196133;high@0.1426:W=2.88757e-05;high@0.2180:W=1.29225e-05;high@0.2763:W=4.67083e-05;high@0.3322:W=0.27779;high@0.7874:W=0.0511314
nstxuG121123K51/N9/egn09w.5568E+02,nstxuG121123K51,reference,9,7.461591620195986,-0.00016277545608313565,bad,none,below_upper2,0.3111893888713172,0.7197157554859752,0.4,upper_min,0.31,0.09000000000000002,-0.024692649372103463,0.09849763430166589,0.036806067973145264,11,1,10,0.9105307897799786,0.2854819202850698,0.9105307897799786,0.8943234611520415,False,False,False,False,False,high@0.0520:W=0.000436669;high@0.1005:W=0.000464407;high@0.1423:W=6.52822e-05;high@0.2189:W=1.15048e-05;high@0.2753:W=3.81152e-05;high@0.3993:W=0.910531;high@0.4006:W=0.894323;high@0.5045:W=0.646081;high@0.5054:W=0.657646;high@0.7871:W=0.0127157,high@0.0520:W=0.000436669;high@0.1005:W=0.000464407;high@0.1423:W=6.52822e-05;high@0.2189:W=1.15048e-05;high@0.2753:W=3.81152e-05;high@0.3327:W=0.285482;high@0.3993:W=0.910531;high@0.4006:W=0.894323;high@0.5045:W=0.646081;high@0.5054:W=0.657646;high@0.7871:W=0.0127157
nstxuG121123K51/N9/egn09w.5577E+02,nstxuG121123K51,reference,9,7.467664670096002,-0.0008263611111478836,bad,none,below_upper2,0.2916114336283416,0.7941740498876035,0.46,upper_min,0.31,0.15000000000000002,-0.025485814366768243,0.02098654500943601,0.036776135578307105,11,1,10,0.7266403036685214,0.07579610258713909,0.7266403036685214,0.7266403036685214,False,False,False,False,False,high@0.0518:W=4.56375e-05;high@0.1008:W=6.87781e-05;high@0.1420:W=2.12447e-05;high@0.2197:W=3.3663e-06;high@0.2744:W=3.02795e-06;high@0.3976:W=0.22909;high@0.4019:W=0.403736;high@0.5034:W=0.72664;high@0.5064:W=0.654892;high@0.7869:W=0.0119541,high@0.0518:W=4.56375e-05;high@0.1008:W=6.87781e-05;high@0.1420:W=2.12447e-05;high@0.2197:W=3.3663e-06;high@0.2744:W=3.02795e-06;high@0.3331:W=0.0757961;high@0.3976:W=0.22909;high@0.4019:W=0.403736;high@0.5034:W=0.72664;high@0.5064:W=0.654892;high@0.7869:W=0.0119541
nstxuG121123K51/N9/egn09w.5593E+02,nstxuG121123K51,reference,9,7.478765169060156,-0.0002900081677389005,bad,none,below_upper2,0.48926074129615865,0.7840028798745499,0.455,upper_min,0.31,0.14500000000000002,-0.02693225551896915,0.035140688958383876,0.036721549901973606,13,1,12,0.9455770034783803,0.1344637303955063,0.9455770034783803,0.9455770034783803,False,False,False,False,False,high@0.0514:W=0.000192864;high@0.1013:W=0.000373965;high@0.1416:W=0.00014341;high@0.2213:W=7.14421e-06;high@0.2727:W=1.17676e-05;high@0.3948:W=0.0658289;high@0.4042:W=0.808177;high@0.4547:W=0.945577;high@0.4601:W=0.0155392;high@0.5012:W=0.249342;high@0.5081:W=0.0781788;high@0.7866:W=0.00276907,high@0.0514:W=0.000192864;high@0.1013:W=0.000373965;high@0.1416:W=0.00014341;high@0.2213:W=7.14421e-06;high@0.2727:W=1.17676e-05;high@0.3339:W=0.134464;high@0.3948:W=0.0658289;high@0.4042:W=0.808177;high@0.4547:W=0.945577;high@0.4601:W=0.0155392;high@0.5012:W=0.249342;high@0.5081:W=0.0781788;high@0.7866:W=0.00276907
nstxuG121123K51/N10/egn10w.1318E+02,nstxuG121123K51,reference,10,3.630915517025467,-0.00023662807930038395,bad,none,below_upper2,0.9939764536806834,1.0,0.705,lower_max,0.355,0.35,-0.29205348430207123,1.7884625390696317e-06,0.04793257645852349,3,0,3,0.3005842827141633,0.0,0.3005842827141633,0.3005842827141633,False,False,False,False,False,low@0.5282:W=0.00458405;low@0.5392:W=0.0207941;low@0.5577:W=0.300584,low@0.5282:W=0.00458405;low@0.5392:W=0.0207941;low@0.5577:W=0.300584
nstxuG121123K51/N10/egn10w.1595E+02,nstxuG121123K51,reference,10,3.994034022311474,-3.245226034013839e-05,bad,none,below_upper2,0.9887463344289716,1.0,0.76,lower_max,0.355,0.405,-0.1745861499357449,2.1658076309869255e-06,0.04357477544308463,3,0,3,0.08785402839528533,0.0,0.08785402839528533,0.08785402839528533,False,False,False,False,False,low@0.4438:W=0.00295548;low@0.4550:W=0.0168595;low@0.4770:W=0.087854,low@0.4438:W=0.00295548;low@0.4550:W=0.0168595;low@0.4770:W=0.087854
nstxuG121123K51/N10/egn10w.1682E+02,nstxuG121123K51,reference,10,4.101182861503113,-4.768446837991619e-05,bad,none,below_upper2,0.9835747174956524,1.0,0.75,lower_max,0.355,0.395,-0.14389852962074523,1.2113863450820516e-05,0.042436326667588765,1,0,1,0.05908139787161265,0.0,0.05908139787161265,0.05908139787161265,False,False,False,False,False,low@0.4372:W=0.0590814,low@0.4372:W=0.0590814
nstxuG121123K51/N10/egn10w.1794E+02,nstxuG121123K51,reference,10,4.2353784133506105,-0.00010876302156211336,bad,none,below_upper2,0.9816859062640483,1.0,0.765,lower_max,0.355,0.41000000000000003,-0.1076547564655248,7.887860359042519e-05,0.041091755835951406,3,0,3,0.014884276533828223,0.0,0.014884276533828223,0.014884276533828223,False,False,False,False,False,low@0.3889:W=0.00624417;low@0.4042:W=0.00581849;low@0.4307:W=0.0148843,low@0.3889:W=0.00624417;low@0.4042:W=0.00581849;low@0.4307:W=0.0148843
nstxuG121123K51/N10/egn10w.1906E+02,nstxuG121123K51,reference,10,4.366009912673793,-3.839732170100111e-06,,,below_upper2,0.9809804185273578,0.9999317592535101,0.77,lower_max,0.355,0.41500000000000004,-0.07451360368217415,0.0023839572598969108,0.039862285957953554,3,1,2,0.025637093001531542,0.025637093001531542,0.0017179732043138374,0.0017179732043138374,False,False,False,False,False,high@0.9681:W=0.00171797;high@0.9701:W=0.00132533,low@0.3803:W=0.0256371;high@0.9681:W=0.00171797;high@0.9701:W=0.00132533
nstxuG121123K51/N10/egn10w.1915E+02,nstxuG121123K51,reference,10,4.376093026056162,-4.426072373870352e-05,bad,none,below_upper2,0.9979614922394072,0.9999924260968548,0.41500000000000004,lower_max,0.355,0.06000000000000005,-0.07203777822958096,0.0521156195280168,0.03977043783073111,3,1,2,0.13095281480354687,0.13095281480354687,8.473522422763023e-05,8.473522422763023e-05,False,False,False,False,False,high@0.9675:W=8.47352e-05;high@0.9702:W=6.14675e-05,low@0.3797:W=0.130953;high@0.9675:W=8.47352e-05;high@0.9702:W=6.14675e-05
nstxuG121123K51/N10/egn10w.1994E+02,nstxuG121123K51,reference,10,4.465246947737195,-1.4921710757893179e-05,bad,none,below_upper2,0.9994528934270122,0.9999439869182571,0.42,lower_max,0.355,0.065,-0.05063327961213648,0.05471961685137389,0.03897637413367663,3,1,2,0.06186423019437842,0.06186423019437842,9.69873489800198e-05,9.69873489800198e-05,False,False,False,False,False,high@0.9627:W=9.69873e-05;high@0.9706:W=6.24706e-05,low@0.3751:W=0.0618642;high@0.9627:W=9.69873e-05;high@0.9706:W=6.24706e-05
nstxuG121123K51/N10/egn10w.2227E+02,nstxuG121123K51,reference,10,4.718783221388807,-0.0036436928652196113,good,tae,below_upper2,0.9760151068842042,0.9998006286088321,0.805,lower_max,0.355,0.45000000000000007,0.005816367296804507,0.008208530786607356,0.03688220616819102,3,0,3,0.052493619636960656,0.0,0.052493619636960656,0.0008892794350432892,False,False,False,False,False,low@0.2887:W=0.0524936;high@0.9518:W=0.000889279;high@0.9717:W=0.000536472,low@0.2887:W=0.0524936;high@0.9518:W=0.000889279;high@0.9717:W=0.000536472
nstxuG121123K51/N10/egn10w.2237E+02,nstxuG121123K51,reference,10,4.729907404408285,-0.0009138105612007204,,,below_upper2,0.9960656688907589,0.9977445554441214,0.355,lower_max,0.355,0.0,0.008154569663060714,0.9535031359851438,0.03679546357970087,3,0,3,0.0009340523433594726,0.0,0.0009340523433594726,0.0009340523433594726,True,True,True,True,True,low@0.2878:W=0.000325356;high@0.9514:W=0.000830248;high@0.9718:W=0.000934052,low@0.2878:W=0.000325356;high@0.9514:W=0.000830248;high@0.9718:W=0.000934052
nstxuG121123K51/N10/egn10w.2327E+02,nstxuG121123K51,reference,10,4.824047897438034,-0.0002117755234993381,bad,none,below_upper2,0.99881839606615,0.9999970382718015,0.36,lower_max,0.355,0.0050000000000000044,0.027510268405357943,0.4204558651114096,0.03607740622283034,3,0,3,0.15023250866649973,0.0,0.15023250866649973,1.0951039481981084e-05,True,True,False,False,False,low@0.2807:W=0.150233;high@0.9468:W=1.0951e-05;high@0.9722:W=6.92523e-06,low@0.2807:W=0.150233;high@0.9468:W=1.0951e-05;high@0.9722:W=6.92523e-06
nstxuG121123K51/N10/egn10w.2386E+02,nstxuG121123K51,reference,10,4.884432823259445,-0.005493728256269902,good,tae,below_upper2,0.9656088513157701,0.9997862300717142,0.81,lower_max,0.355,0.45500000000000007,0.039532896708236086,0.0025846756437058766,0.03563139097859964,3,0,3,0.0007985533310590695,0.0,0.0007985533310590695,0.0007985533310590695,False,False,False,False,False,low@0.2762:W=0.000520738;high@0.9434:W=0.000798553;high@0.9725:W=0.000351012,low@0.2762:W=0.000520738;high@0.9434:W=0.000798553;high@0.9725:W=0.000351012
nstxuG121123K51/N10/egn10w.2691E+02,nstxuG121123K51,reference,10,5.187592144077009,-1.7092534940318223e-05,good,tae,below_upper2,0.9989895822385193,0.999984732155746,0.23,lower_max,0.23500000000000001,0.0050000000000000044,0.0011160599395318356,0.9461076316117365,0.048836553477968954,3,0,3,0.005392380311145263,0.0,0.005392380311145263,1.20264877254853e-05,True,True,False,True,True,low@0.1627:W=0.00539238;high@0.9233:W=4.84566e-06;high@0.9740:W=1.20265e-05,low@0.1627:W=0.00539238;high@0.9233:W=4.84566e-06;high@0.9740:W=1.20265e-05
nstxuG121123K51/N10/egn10w.2700E+02,nstxuG121123K51,reference,10,5.19642245513554,-0.0026252266364399806,bad,none,below_upper2,0.9971650143974493,0.997575812227258,0.23500000000000001,lower_max,0.23500000000000001,0.0,0.002813469258781363,0.989586923393722,0.04875356523712436,3,0,3,0.0007742708496733119,0.0,0.0007742708496733119,0.0007742708496733119,True,True,True,True,True,low@0.1624:W=3.08745e-06;high@0.9227:W=0.000299116;high@0.9740:W=0.000774271,low@0.1624:W=3.08745e-06;high@0.9227:W=0.000299116;high@0.9740:W=0.000774271
nstxuG121123K51/N10/egn10w.2767E+02,nstxuG121123K51,reference,10,5.260419055062861,-0.00024767588808723774,bad,none,below_upper2,0.9983961974592728,0.9999928757668124,0.23500000000000001,lower_max,0.23500000000000001,0.0,0.014944926238304453,0.8753236401975727,0.04816044473154261,5,0,5,0.2615850123683373,0.0,0.2615850123683373,2.588960442936148e-06,True,True,False,False,False,low@0.0895:W=3.12918e-05;low@0.1060:W=6.76725e-05;low@0.1598:W=0.261585;high@0.9182:W=2.494e-06;high@0.9744:W=2.58896e-06,low@0.0895:W=3.12918e-05;low@0.1060:W=6.76725e-05;low@0.1598:W=0.261585;high@0.9182:W=2.494e-06;high@0.9744:W=2.58896e-06
nstxuG121123K51/N10/egn10w.2782E+02,nstxuG121123K51,reference,10,5.274294703722058,-0.007429600708925782,good,tae,below_upper2,0.9114451957066518,0.9995410092389377,0.85,lower_max,0.355,0.495,0.11052807844268818,1.6021768189876786e-05,0.032997613028988224,5,0,5,0.005245413650357493,0.0,0.005245413650357493,0.005245413650357493,False,False,False,False,False,low@0.0885:W=5.28105e-06;low@0.1072:W=1.10607e-05;low@0.1594:W=0.000180884;high@0.9173:W=0.00524541;high@0.9744:W=0.000222406,low@0.0885:W=5.28105e-06;low@0.1072:W=1.10607e-05;low@0.1594:W=0.000180884;high@0.9173:W=0.00524541;high@0.9744:W=0.000222406
nstxuG121123K51/N10/egn10w.3021E+02,nstxuG121123K51,reference,10,5.496646892053469,-0.13453307084719895,good,tae,below_upper2,0.8409169262349722,0.9932925153690899,0.87,lower_max,0.355,0.515,0.14650929246310107,5.145749583092474e-06,0.03166278261131743,4,0,4,0.2604404399360256,0.0,0.2604404399360256,0.2604404399360256,False,False,False,False,False,low@0.0768:W=4.59532e-08;low@0.1201:W=4.55605e-06;low@0.1517:W=5.24346e-07;high@0.9020:W=0.26044,low@0.0768:W=4.59532e-08;low@0.1201:W=4.55605e-06;low@0.1517:W=5.24346e-07;high@0.9020:W=0.26044
nstxuG121123K51/N10/egn10w.3351E+02,nstxuG121123K51,reference,10,5.788595973015892,-2.728043154944007e-09,bad,none,below_upper2,0.9988906690186755,0.9999997367766831,0.14,lower_max,0.135,0.0050000000000000044,0.0035671779265178936,0.9979368041529052,0.08371679091074351,2,0,2,1.6537512863458077e-05,0.0,1.6537512863458077e-05,5.354247311502298e-09,True,True,True,True,True,low@0.0672:W=1.65375e-05;high@0.8834:W=5.35425e-09,low@0.0672:W=1.65375e-05;high@0.8834:W=5.35425e-09
nstxuG121123K51/N10/egn10w.3437E+02,nstxuG121123K51,reference,10,5.862548921072957,-1.0608705083506313e-05,good,tae,below_upper2,0.9910349483135585,0.9999985850985056,0.135,lower_max,0.135,0.0,0.01613664996423157,0.9814034832253804,0.08266074795518326,2,0,2,0.011138046405690412,0.0,0.011138046405690412,1.519808948867201e-07,True,True,False,False,True,low@0.0650:W=0.011138;high@0.8801:W=1.51981e-07,low@0.0650:W=0.011138;high@0.8801:W=1.51981e-07
nstxuG121123K51/N10/egn10w.3951E+02,nstxuG121123K51,reference,10,6.285886283184861,-0.0023982377985954525,,,mixed,-0.06448321394066828,0.39177573993358994,0.9,upper_min,0.36,0.54,0.17824261729279564,1.815488003564367e-05,0.04794839709554741,3,0,3,0.3107170637339727,0.0,0.3107170637339727,0.3107170637339727,False,False,False,False,False,low@0.0153:W=2.25993e-09;low@0.0527:W=0.000113709;high@0.8530:W=0.310717,low@0.0153:W=2.25993e-09;low@0.0527:W=0.000113709;high@0.8530:W=0.310717
nstxuG121123K51/N10/egn10w.4354E+02,nstxuG121123K51,reference,10,6.598486076615567,-1.3368629249075438e-10,bad,none,below_upper2,0.9568611058664656,0.9999999811769923,0.045,lower_max,0.04,0.0049999999999999975,0.011578587448672005,0.9854904223729227,0.007753629213800783,1,0,1,1.6850627031680707e-09,0.0,1.6850627031680707e-09,1.6850627031680707e-09,True,True,True,True,True,high@0.8378:W=1.68506e-09,high@0.8378:W=1.68506e-09
nstxuG121123K51/N10/egn10w.4437E+02,nstxuG121123K51,reference,10,6.660895339740273,-2.356129184369834e-07,bad,none,below_upper2,0.9756215429500421,0.9999984849308792,0.04,lower_max,0.04,0.0,0.020839602502605484,0.9968947819496686,0.007680981579947648,1,0,1,9.049335842797437e-08,0.0,9.049335842797437e-08,9.049335842797437e-08,True,True,True,True,True,high@0.8353:W=9.04934e-08,high@0.8353:W=9.04934e-08
nstxuG121123K51/N10/egn10w.4478E+02,nstxuG121123K51,reference,10,6.691513029822888,-1.4765221626763847e-05,good,tae,below_upper2,0.9894871126139074,0.9994448908941878,0.47000000000000003,upper_min,0.36,0.11000000000000004,0.1068197989447306,0.11658335669763811,0.04504185679088183,1,0,1,0.00214717399289646,0.0,0.00214717399289646,0.00214717399289646,False,False,False,False,False,high@0.8339:W=0.00214717,high@0.8339:W=0.00214717
nstxuG121123K51/N10/egn10w.4557E+02,nstxuG121123K51,reference,10,6.750603804621753,-2.2438079564851672e-07,good,tae,below_upper2,0.8290555309385256,0.999999011832901,0.14,upper_min,0.14,0.0,0.020040733876455687,0.930699412139412,0.1258312928899158,1,0,1,4.1825144366830425e-07,0.0,4.1825144366830425e-07,4.1825144366830425e-07,True,True,True,True,True,high@0.8312:W=4.18251e-07,high@0.8312:W=4.18251e-07
nstxuG121123K51/N10/egn10w.4608E+02,nstxuG121123K51,reference,10,6.788058975480789,-2.2779212451677406e-09,bad,none,below_upper2,0.8836151926006521,0.9999852268848171,0.04,upper_min,0.04,0.0,0.014178843299860565,0.9488491760089303,0.013933129782379395,1,0,1,5.09665167998455e-07,0.0,5.09665167998455e-07,5.09665167998455e-07,True,True,True,True,True,high@0.8288:W=5.09665e-07,high@0.8288:W=5.09665e-07
nstxuG121123K51/N10/egn10w.4656E+02,nstxuG121123K51,reference,10,6.8235537736559015,-1.1712546485768584e-06,good,tae,below_upper2,0.8803219728876747,0.9996355652515555,0.24,upper_min,0.24,0.0,0.032154178868702324,0.6128352404210503,0.0653031994563107,1,0,1,0.00016826021403458725,0.0,0.00016826021403458725,0.00016826021403458725,False,True,True,True,True,high@0.8251:W=0.00016826,high@0.8251:W=0.00016826
nstxuG121123K51/N10/egn10w.4703E+02,nstxuG121123K51,reference,10,6.857658301845349,-3.2395543873212043e-06,good,tae,below_upper2,0.7359963685785577,0.9961275458154716,0.135,upper_min,0.14,0.0050000000000000044,0.004116938448598461,0.6424229631714813,0.12386694803597344,1,0,1,0.0004124003943886748,0.0,0.0004124003943886748,0.0004124003943886748,True,True,True,True,True,high@0.8213:W=0.0004124,high@0.8213:W=0.0004124
nstxuG121123K51/N10/egn10w.4750E+02,nstxuG121123K51,reference,10,6.89214593400763,-0.0001391652068599828,,,below_upper2,0.9271080342315001,0.9794858660242315,0.36,upper_min,0.36,0.0,0.07459986733014741,0.25008764452306925,0.043730671766020766,5,0,5,0.6299233931038358,0.0,0.6299233931038358,0.00437795047086314,False,False,False,False,False,high@0.0393:W=0.0190006;high@0.0431:W=0.0139408;high@0.1391:W=0.629923;high@0.1407:W=0.549199;high@0.8192:W=0.00437795,high@0.0393:W=0.0190006;high@0.0431:W=0.0139408;high@0.1391:W=0.629923;high@0.1407:W=0.549199;high@0.8192:W=0.00437795
nstxuG121123K51/N10/egn10w.4938E+02,nstxuG121123K51,reference,10,7.027263489766502,-0.0003387884243483925,,,below_upper2,0.7867047927247806,0.996663150149936,0.24,upper_min,0.24,0.0,0.0022335938407031424,0.3666251602269172,0.0634101586956033,5,0,5,0.16990919901463244,0.0,0.16990919901463244,0.0011097033659104609,True,True,False,False,False,high@0.0295:W=0.00138134;high@0.0517:W=0.00652437;high@0.1300:W=0.00193062;high@0.1497:W=0.169909;high@0.8147:W=0.0011097,high@0.0295:W=0.00138134;high@0.0517:W=0.00652437;high@0.1300:W=0.00193062;high@0.1497:W=0.169909;high@0.8147:W=0.0011097
nstxuG121123K51/N10/egn10w.4964E+02,nstxuG121123K51,reference,10,7.045262353403845,-2.2327562096528585e-05,bad,none,below_upper2,0.6821221774939854,0.9635660750066253,0.245,upper_min,0.24,0.0050000000000000044,-0.0003268595368191321,0.5005153562712537,0.06324816177592393,7,2,5,0.5393862102283336,0.5393862102283336,0.07937018672961349,0.0007692240326244809,True,False,False,False,False,high@0.0284:W=7.34494e-06;high@0.0524:W=1.87083e-05;high@0.1294:W=0.000332144;high@0.1504:W=0.0793702;high@0.8138:W=0.000769224,high@0.0284:W=7.34494e-06;high@0.0524:W=1.87083e-05;high@0.1294:W=0.000332144;high@0.1504:W=0.0793702;high@0.2374:W=0.539386;high@0.2415:W=0.395576;high@0.8138:W=0.000769224
nstxuG121123K51/N10/egn10w.5411E+02,nstxuG121123K51,reference,10,7.3558082693917894,-0.0004726196376869826,bad,none,below_upper2,0.5372489847567559,0.8827156988259682,0.355,upper_min,0.36,0.0050000000000000044,0.006864077347274184,0.18930580515752699,0.04097417449796081,6,0,6,0.48829332304258055,0.0,0.48829332304258055,0.2678740455607978,True,False,False,False,False,high@0.0633:W=6.70533e-07;high@0.1196:W=3.99585e-07;high@0.1639:W=5.82646e-07;high@0.2003:W=9.63565e-06;high@0.2771:W=0.488293;high@0.7932:W=0.267874,high@0.0633:W=6.70533e-07;high@0.1196:W=3.99585e-07;high@0.1639:W=5.82646e-07;high@0.2003:W=9.63565e-06;high@0.2771:W=0.488293;high@0.7932:W=0.267874
nstxuG121123K51/N10/egn10w.5459E+02,nstxuG121123K51,reference,10,7.38831174852693,-0.0008775690103646673,bad,none,below_upper2,0.21424884037757394,0.8654761468539075,0.36,upper_min,0.36,0.0,0.0024345694104299224,0.2547158614440589,0.040793916372531866,6,0,6,0.5200403577766373,0.0,0.5200403577766373,0.18609853493953799,True,True,False,False,False,high@0.0644:W=1.49665e-07;high@0.1185:W=4.52958e-07;high@0.1657:W=1.70753e-07;high@0.1976:W=1.11181e-06;high@0.2794:W=0.52004;high@0.7909:W=0.186099,high@0.0644:W=1.49665e-07;high@0.1185:W=4.52958e-07;high@0.1657:W=1.70753e-07;high@0.1976:W=1.11181e-06;high@0.2794:W=0.52004;high@0.7909:W=0.186099
nstxuG121123K51/N10/egn10w.5479E+02,nstxuG121123K51,reference,10,7.4018509309460825,-0.00032905956257868555,bad,none,below_upper2,0.3867550744555742,0.8812981229683393,0.355,upper_min,0.36,0.0050000000000000044,0.0006009544639617197,0.3284093894143033,0.04071929770207875,6,0,6,0.3766639237785738,0.0,0.3766639237785738,0.04330434270244743,True,True,False,False,False,high@0.0649:W=2.57977e-07;high@0.1181:W=5.03873e-07;high@0.1666:W=8.18518e-08;high@0.1964:W=6.28218e-07;high@0.2804:W=0.376664;high@0.7899:W=0.0433043,high@0.0649:W=2.57977e-07;high@0.1181:W=5.03873e-07;high@0.1666:W=8.18518e-08;high@0.1964:W=6.28218e-07;high@0.2804:W=0.376664;high@0.7899:W=0.0433043
nstxuG121123K51/N10/egn10w.5548E+02,nstxuG121123K51,reference,10,7.448354253492937,-0.00031208665136190353,bad,none,below_upper2,-0.24761547535043496,0.6705955636450788,0.42,upper_min,0.36,0.06,-0.005646233484209122,0.09671124232411367,0.040465069375863846,8,2,6,0.5503513797972022,0.5503513797972022,0.33319599926934074,0.33319599926934074,False,False,False,False,False,high@0.0665:W=1.22619e-06;high@0.1166:W=3.79188e-07;high@0.1696:W=1.13246e-07;high@0.1920:W=4.38091e-07;high@0.2836:W=0.0338206;high@0.7880:W=0.333196,high@0.0665:W=1.22619e-06;high@0.1166:W=3.79188e-07;high@0.1696:W=1.13246e-07;high@0.1920:W=4.38091e-07;high@0.2836:W=0.0338206;high@0.3498:W=0.0152671;high@0.3658:W=0.550351;high@0.7880:W=0.333196
nstxuG121123K51/N10/egn10w.5564E+02,nstxuG121123K51,reference,10,7.45913896584868,-0.00017810231126461876,bad,none,below_upper2,0.21632868033937896,0.8999782050397815,0.51,upper_min,0.36,0.15000000000000002,-0.007083908717345461,0.10022432655141375,0.040406563409468535,8,2,6,0.2703917637602112,0.2703917637602112,0.06866721995783266,0.06866721995783266,False,False,False,False,False,high@0.0669:W=2.87091e-08;high@0.1163:W=8.92924e-08;high@0.1706:W=1.7196e-08;high@0.1909:W=5.7864e-08;high@0.2844:W=0.0490457;high@0.7875:W=0.0686672,high@0.0669:W=2.87091e-08;high@0.1163:W=8.92924e-08;high@0.1706:W=1.7196e-08;high@0.1909:W=5.7864e-08;high@0.2844:W=0.0490457;high@0.3488:W=0.0341421;high@0.3667:W=0.270392;high@0.7875:W=0.0686672
nstxuG121123K51/N10/egn10w.5578E+02,nstxuG121123K51,reference,10,7.468380441198327,-0.0001233411519154251,bad,none,below_upper2,0.34287734316357504,0.8393878943918109,0.425,upper_min,0.36,0.065,-0.008312556568657026,0.07633716442585796,0.04035656377934088,12,2,10,0.7856377789750925,0.19796353621014626,0.7856377789750925,0.7856377789750925,False,False,False,False,False,high@0.0672:W=3.8473e-08;high@0.1160:W=9.36835e-09;high@0.1716:W=1.66278e-08;high@0.1900:W=3.10839e-08;high@0.2850:W=0.00349767;high@0.4694:W=0.785638;high@0.4705:W=0.767015;high@0.5095:W=0.127774;high@0.5119:W=0.318837;high@0.7871:W=0.0352767,high@0.0672:W=3.8473e-08;high@0.1160:W=9.36835e-09;high@0.1716:W=1.66278e-08;high@0.1900:W=3.10839e-08;high@0.2850:W=0.00349767;high@0.3480:W=0.000638574;high@0.3674:W=0.197964;high@0.4694:W=0.785638;high@0.4705:W=0.767015;high@0.5095:W=0.127774;high@0.5119:W=0.318837;high@0.7871:W=0.0352767
nstxuG142301H47/N6/egn06w.1120E+02,nstxuG142301H47,reference,6,3.3459308708145388,-0.00010411116697468745,bad,none,below_upper2,0.972528283939388,0.9990218247430357,0.36,lower_max,0.365,0.0050000000000000044,0.010914785433256854,0.38367325100492417,0.013213853020873776,2,0,2,0.38481187251077187,0.0,0.38481187251077187,0.0032815526336340993,True,True,False,False,False,low@0.3107:W=0.384812;high@0.8823:W=0.00328155,low@0.3107:W=0.384812;high@0.8823:W=0.00328155
nstxuG142301H47/N6/egn06w.1407E+02,nstxuG142301H47,reference,6,3.751343646343337,-5.194456758477759e-06,bad,none,below_upper2,0.9910538809235325,0.9957724715150401,0.255,lower_max,0.25,0.0050000000000000044,7.87304657226116e-05,0.7445450231932844,0.032879307875877395,2,0,2,0.02907838436271729,0.0,0.02907838436271729,0.0003138326757982373,True,True,False,False,True,low@0.1674:W=0.0290784;high@0.7620:W=0.000313833,low@0.1674:W=0.0290784;high@0.7620:W=0.000313833
nstxuG142301H47/N6/egn06w.1623E+02,nstxuG142301H47,reference,6,4.02892948817967,-8.16412806796731e-05,bad,none,below_upper2,0.9982611173437111,0.9999199852773477,0.025,lower_max,0.11,0.08499999999999999,-0.08909321750862259,0.0004935783994223933,0.10679393439134478,3,0,3,0.32806683212880633,0.0,0.32806683212880633,8.731938609960473e-07,False,False,False,False,False,low@0.0674:W=0.328067;low@0.1442:W=0.00544277;high@0.6992:W=8.73194e-07,low@0.0674:W=0.328067;low@0.1442:W=0.00544277;high@0.6992:W=8.73194e-07
nstxuG142301H47/N6/egn06w.1649E+02,nstxuG142301H47,reference,6,4.060494823966723,-3.621199178435152e-06,bad,none,below_upper2,0.9973099698052562,0.9999384451850584,0.02,lower_max,0.11,0.09,-0.08062686190310607,0.0027032755941442895,0.10596374335669888,3,0,3,0.3309974706074852,0.0,0.3309974706074852,8.467828898721629e-06,False,False,False,False,False,low@0.0714:W=0.330997;low@0.1421:W=0.000179048;high@0.6924:W=8.46783e-06,low@0.0714:W=0.330997;low@0.1421:W=0.000179048;high@0.6924:W=8.46783e-06
nstxuG142301H47/N6/egn06w.1663E+02,nstxuG142301H47,reference,6,4.077616738341486,-5.301761212140938e-05,bad,none,below_upper2,0.9965268436296998,0.9999963338612486,0.015,lower_max,0.11,0.095,-0.07608930926197693,0.002897669532943443,0.10551880155441447,3,0,3,0.33681437044788143,0.0,0.33681437044788143,6.645863259092457e-07,False,False,False,False,False,low@0.0733:W=0.336814;low@0.1409:W=0.000813648;high@0.6898:W=6.64586e-07,low@0.0733:W=0.336814;low@0.1409:W=0.000813648;high@0.6898:W=6.64586e-07
nstxuG142301H47/N6/egn06w.1930E+02,nstxuG142301H47,reference,6,4.392950135886087,-3.2736010136999777e-09,bad,none,below_upper2,0.996190363999478,0.9999812860728962,0.11,lower_max,0.11,0.0,0.001154203059967092,0.9909913502367584,0.09794448334689022,1,0,1,1.3400114352460996e-05,0.0,1.3400114352460996e-05,1.3400114352460996e-05,True,True,True,True,True,high@0.6327:W=1.34001e-05,high@0.6327:W=1.34001e-05
nstxuG142301H47/N6/egn06w.1966E+02,nstxuG142301H47,reference,6,4.4334795769845945,-3.562797171518172e-05,bad,none,below_upper2,0.9000830569805384,0.9943671168828986,0.01,lower_max,0.11,0.1,0.010285329343649379,0.590200494456932,0.09704910645391004,1,0,1,0.007749062891502966,0.0,0.007749062891502966,0.007749062891502966,False,False,False,False,False,high@0.6182:W=0.00774906,high@0.6182:W=0.00774906
nstxuG142301H47/N6/egn06w.2005E+02,nstxuG142301H47,reference,6,4.478246603281541,-2.7584730917778823e-06,,,below_upper2,0.929346386730913,0.9858081791703363,0.11,lower_max,0.11,0.0,0.020179063792145267,0.9155929382726937,0.09607894998741852,1,0,1,0.002432416183822376,0.0,0.002432416183822376,0.002432416183822376,True,True,False,True,True,high@0.6121:W=0.00243242,high@0.6121:W=0.00243242
nstxuG142301H47/N6/egn06w.2369E+02,nstxuG142301H47,reference,6,4.867619983214267,-0.0002795256700745102,bad,none,below_upper2,0.8719618342077041,0.970810027517106,0.495,upper_min,0.375,0.12,0.03914114280179283,0.10813065967855158,0.019013274529513794,1,0,1,0.7698001478433749,0.0,0.7698001478433749,0.7698001478433749,False,False,False,False,False,high@0.4962:W=0.7698,high@0.4962:W=0.7698
nstxuG142301H47/N6/egn06w.2393E+02,nstxuG142301H47,reference,6,4.891945603186885,-0.00015611139281593701,bad,none,below_upper2,0.8646614417555947,0.9933365987970304,0.26,upper_min,0.26,0.0,0.03340453404953589,0.40509953233656903,0.05813126777960373,1,0,1,0.4196442371009483,0.0,0.4196442371009483,0.4196442371009483,False,True,False,False,False,high@0.4930:W=0.419644,high@0.4930:W=0.419644
nstxuG142301H47/N6/egn06w.2416E+02,nstxuG142301H47,reference,6,4.915032053858909,-3.899111655617487e-05,bad,none,below_upper2,0.8374951878221354,0.9992692459449606,0.255,upper_min,0.26,0.0050000000000000044,0.028550518340553957,0.35826316261352287,0.057858218767635965,1,0,1,0.6147070610582137,0.0,0.6147070610582137,0.6147070610582137,True,True,False,False,False,high@0.4902:W=0.614707,high@0.4902:W=0.614707
nstxuG142301H47/N6/egn06w.2447E+02,nstxuG142301H47,reference,6,4.946896767000022,-0.0001457732746481584,bad,none,below_upper2,0.7835502155633215,0.9995021603163061,0.445,upper_min,0.375,0.07,0.02248832557497637,0.18913363494980623,0.01870857618529313,1,0,1,0.40864547080731917,0.0,0.40864547080731917,0.40864547080731917,False,False,False,False,False,high@0.4867:W=0.408645,high@0.4867:W=0.408645
nstxuG142301H47/N6/egn06w.2495E+02,nstxuG142301H47,reference,6,4.994636823469279,-2.035806725238218e-05,bad,none,below_upper2,0.7855688301332582,0.989505719769887,0.115,upper_min,0.115,0.0,0.006330051488617514,0.19611416626493774,0.08975086683800007,3,0,3,0.24377340387517737,0.0,0.24377340387517737,0.24377340387517737,True,False,False,False,False,high@0.4385:W=0.243773;high@0.4620:W=0.0029598;high@0.4805:W=0.00237645,high@0.4385:W=0.243773;high@0.4620:W=0.0029598;high@0.4805:W=0.00237645
nstxuG142301H47/N6/egn06w.2519E+02,nstxuG142301H47,reference,6,5.018613073277947,-1.1449299410387686e-05,bad,none,below_upper2,0.6093712008433566,0.9995333146295828,0.12,upper_min,0.115,0.0049999999999999906,0.0015223445878939012,0.7386259960569873,0.08932208518609105,3,0,3,0.04829770805991662,0.0,0.04829770805991662,0.04829770805991662,True,True,False,False,True,high@0.4355:W=0.0482977;high@0.4688:W=0.000358585;high@0.4752:W=9.02959e-05,high@0.4355:W=0.0482977;high@0.4688:W=0.000358585;high@0.4752:W=9.02959e-05
nstxuG142301H47/N6/egn06w.2533E+02,nstxuG142301H47,reference,6,5.03311454090883,-1.8965078655709918e-05,bad,none,below_upper2,0.7267340928139602,0.9826697792720717,0.265,upper_min,0.26,0.0050000000000000044,0.004419574712116943,0.3994791352275616,0.05650080035149811,3,0,3,0.16801767169916584,0.0,0.16801767169916584,0.16801767169916584,True,True,False,False,False,high@0.1136:W=0.0105216;high@0.1207:W=0.00554852;high@0.4340:W=0.168018,high@0.1136:W=0.0105216;high@0.1207:W=0.00554852;high@0.4340:W=0.168018
nstxuG142301H47/N6/egn06w.2551E+02,nstxuG142301H47,reference,6,5.051101426102661,-5.868606030519101e-05,bad,none,below_upper2,0.6098912570735422,0.9976655984715006,0.26,upper_min,0.26,0.0,0.0008428539035777964,0.4543773326322629,0.05629960197444116,3,0,3,0.14340641128594356,0.0,0.14340641128594356,0.14340641128594356,True,True,False,False,False,high@0.1099:W=0.00864763;high@0.1240:W=0.0176937;high@0.4321:W=0.143406,high@0.1099:W=0.00864763;high@0.1240:W=0.0176937;high@0.4321:W=0.143406
nstxuG142301H47/N6/egn06w.2849E+02,nstxuG142301H47,reference,6,5.337232482818966,-4.367319301019841e-05,bad,none,below_upper2,0.03951334437639331,0.6845462271237707,0.01,upper_min,0.115,0.10500000000000001,-0.05826603058631081,0.08393276672050683,0.08398978045089739,5,1,4,0.13283924473253522,0.13283924473253522,0.007407692526604793,0.0,False,False,False,False,False,high@0.1526:W=0.00740769;high@0.2158:W=0.000630597;high@0.3141:W=0.000151974;high@0.3318:W=0.000235297,high@0.0894:W=0.132839;high@0.1526:W=0.00740769;high@0.2158:W=0.000630597;high@0.3141:W=0.000151974;high@0.3318:W=0.000235297
nstxuG142301H47/N6/egn06w.2859E+02,nstxuG142301H47,reference,6,5.347324904554466,-4.800312542469808e-05,bad,none,below_upper2,0.11759617363589286,0.6866394051904908,0.01,upper_min,0.115,0.10500000000000001,-0.06004343827176384,0.13017909159096552,0.08383126001293774,5,1,4,0.17064521029237092,0.17064521029237092,0.011114984089838994,0.0,False,False,False,False,False,high@0.1536:W=0.011115;high@0.2146:W=0.00126417;high@0.3180:W=0.00117614;high@0.3282:W=0.00118992,high@0.0888:W=0.170645;high@0.1536:W=0.011115;high@0.2146:W=0.00126417;high@0.3180:W=0.00117614;high@0.3282:W=0.00118992
nstxuG142301H47/N6/egn06w.9086E+01,nstxuG142301H47,reference,6,3.01435581418428,-0.00019027042435956038,,,below_upper2,0.8544854108394551,0.9999887978753068,0.445,lower_max,0.365,0.08000000000000002,-0.09788324845806334,0.004703174924681226,0.01466735895507146,3,0,3,0.4129087497326608,0.0,0.4129087497326608,0.4129087497326608,False,False,False,False,False,low@0.4094:W=0.412909;high@0.9843:W=0.000211491;high@0.9873:W=0.000184781,low@0.4094:W=0.412909;high@0.9843:W=0.000211491;high@0.9873:W=0.000184781
nstxuG142301H47/N7/egn07w.1016E+02,nstxuG142301H47,reference,7,3.1870674209825176,-9.904436375476917e-05,bad,none,below_upper2,0.971857406689143,0.9999811735612516,0.405,lower_max,0.395,0.010000000000000009,0.0008152189946422277,0.48995847059701475,0.0008239288095509933,2,0,2,0.32856367390599095,0.0,0.32856367390599095,0.00015611111470752384,True,True,False,False,False,low@0.3599:W=0.328564;high@0.9737:W=0.000156111,low@0.3599:W=0.328564;high@0.9737:W=0.000156111
nstxuG142301H47/N7/egn07w.1038E+02,nstxuG142301H47,reference,7,3.2217135533086068,-2.854666103762478e-05,bad,none,below_upper2,0.993768810904339,0.999995726663542,0.395,lower_max,0.395,0.0,0.011560397784784656,0.8548712886033097,0.0008150683239458517,2,0,2,0.07041946212591904,0.0,0.07041946212591904,2.370992759410864e-05,True,True,False,False,False,low@0.3558:W=0.0704195;high@0.9709:W=2.37099e-05,low@0.3558:W=0.0704195;high@0.9709:W=2.37099e-05
nstxuG142301H47/N7/egn07w.1069E+02,nstxuG142301H47,reference,7,3.269314523683785,-0.0005470605069641722,bad,none,below_upper2,0.9695115015514669,0.9999266084683235,0.395,lower_max,0.395,0.0,0.02595200308364825,0.39566975289914436,0.0008032009912494013,2,0,2,0.24974650184446903,0.0,0.24974650184446903,0.0007794846912056244,True,True,False,False,False,low@0.3509:W=0.249747;high@0.9640:W=0.000779485,low@0.3509:W=0.249747;high@0.9640:W=0.000779485
nstxuG142301H47/N7/egn07w.1226E+02,nstxuG142301H47,reference,7,3.50120654426799,-7.77172721750761e-05,bad,none,below_upper2,0.9876155949242029,0.9996210636515215,0.315,lower_max,0.315,0.0,0.0007707663390016804,0.3097275026736418,0.02314409555763373,2,0,2,0.12845192188234858,0.0,0.12845192188234858,0.00048430854197086996,True,True,False,False,False,low@0.2558:W=0.128452;high@0.8332:W=0.000484309,low@0.2558:W=0.128452;high@0.8332:W=0.000484309
nstxuG142301H47/N7/egn07w.1234E+02,nstxuG142301H47,reference,7,3.512272524358245,-8.320543853903017e-07,bad,none,below_upper2,0.9995393700644463,0.9999742553312699,0.32,lower_max,0.315,0.0050000000000000044,0.003918998923064564,0.9805025255409046,0.02307117635820614,2,0,2,0.012024709937805121,0.0,0.012024709937805121,1.2852430100640752e-06,True,True,False,False,True,low@0.2543:W=0.0120247;high@0.8311:W=1.28524e-06,low@0.2543:W=0.0120247;high@0.8311:W=1.28524e-06
nstxuG142301H47/N7/egn07w.1314E+02,nstxuG142301H47,reference,7,3.6246887627277378,-2.262290503688184e-05,bad,none,mixed,0.43186929670353147,0.4322363521901766,0.97,lower_max,0.395,0.575,0.12145028951747183,0.03930038724034149,0.0007244530049395916,2,0,2,0.09583886557541625,0.0,0.09583886557541625,0.06222259408049022,False,False,False,False,False,low@0.2423:W=0.0958389;high@0.7967:W=0.0622226,low@0.2423:W=0.0958389;high@0.7967:W=0.0622226
nstxuG142301H47/N7/egn07w.1317E+02,nstxuG142301H47,reference,7,3.629067732477295,-0.00040675997404583875,,,below_upper2,0.9942353750010545,0.9997906141192741,0.32,lower_max,0.315,0.0050000000000000044,0.035976126648481016,0.47801746169864506,0.02232867083256014,2,0,2,0.1431097545375169,0.0,0.1431097545375169,0.0003910943363126935,False,True,False,False,False,low@0.2419:W=0.14311;high@0.7958:W=0.000391094,low@0.2419:W=0.14311;high@0.7958:W=0.000391094
nstxuG142301H47/N7/egn07w.1977E+02,nstxuG142301H47,reference,7,4.445803364698647,-2.1397581804914774e-05,bad,none,below_upper2,0.9691530804144757,0.9998675731083599,0.005,lower_max,0.08,0.075,-0.024851320290080428,0.16625110317815522,0.10216606678850285,3,2,1,0.07057731120635144,0.07057731120635144,2.5815908325641013e-06,2.5815908325641013e-06,False,False,False,False,False,high@0.6221:W=2.58159e-06,low@0.0690:W=0.0705773;low@0.0925:W=0.00422228;high@0.6221:W=2.58159e-06
nstxuG142301H47/N7/egn07w.2084E+02,nstxuG142301H47,reference,7,4.565147145730473,-2.7114004538907126e-06,bad,none,below_upper2,0.9862160299475954,0.9993447601218846,0.085,lower_max,0.08,0.0050000000000000044,0.0019407255420601929,0.9537409675948659,0.09949520332792561,1,0,1,0.002741485685384106,0.0,0.002741485685384106,0.002741485685384106,True,True,False,True,True,high@0.5973:W=0.00274149,high@0.5973:W=0.00274149
nstxuG142301H47/N7/egn07w.2133E+02,nstxuG142301H47,reference,7,4.6179940046133385,-2.10861676376472e-06,bad,none,below_upper2,0.9723935595201292,0.9996712389592128,0.08,lower_max,0.08,0.0,0.01336219936409702,0.9662336405566327,0.09835661177398677,1,0,1,0.00031654926116584384,0.0,0.00031654926116584384,0.00031654926116584384,True,True,True,True,True,high@0.5765:W=0.000316549,high@0.5765:W=0.000316549
nstxuG142301H47/N7/egn07w.2272E+02,nstxuG142301H47,reference,7,4.76676997677811,-1.8681979290579055e-05,bad,none,below_upper2,0.8709825949029244,0.9781817891380048,0.505,upper_min,0.325,0.18,0.06489546321247558,0.2730674370344963,0.04048065707785445,1,0,1,0.6406422121699,0.0,0.6406422121699,0.6406422121699,False,False,False,False,False,high@0.5388:W=0.640642,high@0.5388:W=0.640642
nstxuG142301H47/N7/egn07w.2342E+02,nstxuG142301H47,reference,7,4.839111212537137,-0.00016602974185732778,bad,none,below_upper2,0.8650654933545735,0.9719263935898436,0.5,upper_min,0.325,0.175,0.0489760411575767,0.14419710811446473,0.03987550033961655,3,0,3,0.7287739078712845,0.0,0.7287739078712845,0.7287739078712845,False,False,False,False,False,high@0.5035:W=0.728774;high@0.5146:W=0.309724;high@0.5307:W=0.160815,high@0.5035:W=0.728774;high@0.5146:W=0.309724;high@0.5307:W=0.160815
nstxuG142301H47/N7/egn07w.2362E+02,nstxuG142301H47,reference,7,4.85995326775913,-0.00022355340688956399,bad,none,below_upper2,0.8689604187201135,0.9608190058144773,0.215,upper_min,0.21,0.0050000000000000044,0.03426083756700546,0.3788264235544763,0.07254550764493849,3,0,3,0.4029911785923492,0.0,0.4029911785923492,0.4029911785923492,False,True,False,False,False,high@0.5000:W=0.402991;high@0.5203:W=0.24383;high@0.5263:W=0.26046,high@0.5000:W=0.402991;high@0.5203:W=0.24383;high@0.5263:W=0.26046
nstxuG142301H47/N7/egn07w.2365E+02,nstxuG142301H47,reference,7,4.863241237813632,-0.0007504138315656384,bad,none,below_upper2,0.8235938612031293,0.9043966949165381,0.525,upper_min,0.325,0.2,0.04377131921395592,0.0785322823839693,0.03967764940357283,3,0,3,0.9498413716358187,0.0,0.9498413716358187,0.9498413716358187,False,False,False,False,False,high@0.4996:W=0.496055;high@0.5234:W=0.949841;high@0.5254:W=0.930455,high@0.4996:W=0.496055;high@0.5234:W=0.949841;high@0.5254:W=0.930455
nstxuG142301H47/N7/egn07w.2383E+02,nstxuG142301H47,reference,7,4.881880371554702,-0.00018249182100996,bad,none,below_upper2,0.8657392708743561,0.9960237539297289,0.21,upper_min,0.21,0.0,0.029615425756186205,0.4811372232571512,0.07221966744506353,1,0,1,0.2161647038881302,0.0,0.2161647038881302,0.2161647038881302,True,True,False,False,False,high@0.4977:W=0.216165,high@0.4977:W=0.216165
nstxuG142301H47/N7/egn07w.2401E+02,nstxuG142301H47,reference,7,4.8999818533162935,-0.00011810971852825788,bad,none,below_upper2,0.8316989104643926,0.9993789938802267,0.21,upper_min,0.21,0.0,0.025811827006495997,0.4035522394073329,0.07195287400945105,1,0,1,0.36158965460645803,0.0,0.36158965460645803,0.36158965460645803,True,True,False,False,False,high@0.4957:W=0.36159,high@0.4957:W=0.36159
nstxuG142301H47/N7/egn07w.2462E+02,nstxuG142301H47,reference,7,4.961804666750481,-0.00013088029036363658,bad,none,below_upper2,0.8360441605731437,0.9893562920150961,0.2,upper_min,0.21,0.009999999999999981,0.01303047476492555,0.29801206281012693,0.07105635965535957,3,0,3,0.3943876406192844,0.0,0.3943876406192844,0.3943876406192844,True,True,False,False,False,high@0.4532:W=0.394388;high@0.4710:W=0.0300379;high@0.4890:W=0.0350182,high@0.4532:W=0.394388;high@0.4710:W=0.0300379;high@0.4890:W=0.0350182
nstxuG142301H47/N7/egn07w.2482E+02,nstxuG142301H47,reference,7,4.982004520053045,-0.00010910614054871288,bad,none,below_upper2,0.8015003804028905,0.9996289459937456,0.2,upper_min,0.21,0.009999999999999981,0.008923078455084396,0.4304091744950563,0.0707682571384961,3,0,3,0.3634627832636874,0.0,0.3634627832636874,0.3634627832636874,True,True,False,False,False,high@0.4508:W=0.363463;high@0.4748:W=0.000349693;high@0.4859:W=0.000822868,high@0.4508:W=0.363463;high@0.4748:W=0.000349693;high@0.4859:W=0.000822868
nstxuG142301H47/N7/egn07w.2489E+02,nstxuG142301H47,reference,7,4.988510132999581,-8.914290967539138e-08,good,tae,below_upper2,0.7170488134362206,0.9999789257094529,0.085,upper_min,0.085,0.0,0.008264423279729644,0.9846031011041079,0.1053164565132652,3,0,3,2.4289500797696504e-06,0.0,2.4289500797696504e-06,2.4289500797696504e-06,True,True,True,True,True,high@0.4501:W=2.42895e-06;high@0.4770:W=1.1955e-06;high@0.4847:W=1.01509e-06,high@0.4501:W=2.42895e-06;high@0.4770:W=1.1955e-06;high@0.4847:W=1.01509e-06
nstxuG142301H47/N7/egn07w.2498E+02,nstxuG142301H47,reference,7,4.998067574764063,-1.7521687393025608e-05,bad,none,below_upper2,0.7635613441515785,0.9846456112640464,0.405,upper_min,0.325,0.08000000000000002,0.015614864448500016,0.19617218331309313,0.03860731731064596,1,0,1,0.23951839416941223,0.0,0.23951839416941223,0.23951839416941223,False,False,False,False,False,high@0.4492:W=0.239518,high@0.4492:W=0.239518
nstxuG142301H47/N7/egn07w.2511E+02,nstxuG142301H47,reference,7,5.011064546232982,-6.0493750741798526e-05,bad,none,below_upper2,0.7251124903633742,0.995781037771108,0.215,upper_min,0.21,0.0050000000000000044,0.003072159792404697,0.3422707393884876,0.0703578598294654,1,0,1,0.20083996525596617,0.0,0.20083996525596617,0.20083996525596617,True,True,False,False,False,high@0.4480:W=0.20084,high@0.4480:W=0.20084
nstxuG142301H47/N7/egn07w.2520E+02,nstxuG142301H47,reference,7,5.01973950968233,-7.975679607581234e-05,bad,none,below_upper2,0.6731272181264918,0.9986062929176271,0.21,upper_min,0.21,0.0,0.001338680533874752,0.4183588341765767,0.07023626948374773,1,0,1,0.14660034602972605,0.0,0.14660034602972605,0.14660034602972605,True,True,False,False,False,high@0.4472:W=0.1466,high@0.4472:W=0.1466
nstxuG142301H47/N7/egn07w.2524E+02,nstxuG142301H47,reference,7,5.024350143727676,-5.8373033073493026e-05,bad,none,below_upper2,0.6545554430553983,0.9995038162834177,0.21,upper_min,0.21,0.0,0.00041979429399847094,0.39257990681208915,0.0701718166239676,1,0,1,0.1640447224444686,0.0,0.1640447224444686,0.1640447224444686,True,True,False,False,False,high@0.4468:W=0.164045,high@0.4468:W=0.164045
nstxuG142301H47/N7/egn07w.2530E+02,nstxuG142301H47,reference,7,5.029426667812933,-4.882881322238958e-06,good,tae,below_upper2,0.5775175592780716,0.9995373632397871,0.08,upper_min,0.085,0.0050000000000000044,6.176140572142723e-05,0.9458006482653784,0.10445966214206548,5,0,5,0.00935875516929713,0.0,0.00935875516929713,0.0012952244112067576,True,True,False,True,True,high@0.2067:W=0.00935876;high@0.2112:W=0.00186563;high@0.4028:W=0.00129522;high@0.4070:W=0.000228405;high@0.4463:W=0.000129351,high@0.2067:W=0.00935876;high@0.2112:W=0.00186563;high@0.4028:W=0.00129522;high@0.4070:W=0.000228405;high@0.4463:W=0.000129351
nstxuG142301H47/N7/egn07w.2557E+02,nstxuG142301H47,reference,7,5.056583104146985,-0.0002397860775631835,bad,none,below_upper2,0.7112543050670022,0.9949727810207929,0.325,upper_min,0.325,0.0,0.00386201865948689,0.45722992872377816,0.03816054771070916,7,0,7,0.5999083801779309,0.0,0.5999083801779309,0.0032590825183860883,True,True,False,False,False,high@0.0793:W=5.13386e-05;high@0.0894:W=0.000599603;high@0.1996:W=0.00709992;high@0.2184:W=0.599908;high@0.3968:W=0.336544;high@0.4134:W=0.00325908;high@0.4437:W=0.00168833,high@0.0793:W=5.13386e-05;high@0.0894:W=0.000599603;high@0.1996:W=0.00709992;high@0.2184:W=0.599908;high@0.3968:W=0.336544;high@0.4134:W=0.00325908;high@0.4437:W=0.00168833
nstxuG142301H47/N7/egn07w.2568E+02,nstxuG142301H47,reference,7,5.067969856083506,-8.601482736352812e-05,bad,none,below_upper2,0.6822975452964448,0.909487387855171,0.33,upper_min,0.325,0.0050000000000000044,0.0016065340947455503,0.4561511820680719,0.038074808311525085,7,0,7,0.4935417351977564,0.0,0.4935417351977564,0.002095905659663898,True,True,False,False,False,high@0.0785:W=2.81003e-05;high@0.0907:W=4.47718e-05;high@0.1981:W=0.0110724;high@0.2204:W=0.493542;high@0.3951:W=0.291308;high@0.4153:W=0.00209591;high@0.4426:W=0.000891615,high@0.0785:W=2.81003e-05;high@0.0907:W=4.47718e-05;high@0.1981:W=0.0110724;high@0.2204:W=0.493542;high@0.3951:W=0.291308;high@0.4153:W=0.00209591;high@0.4426:W=0.000891615
nstxuG142301H47/N7/egn07w.2575E+02,nstxuG142301H47,reference,7,5.074762803959156,-0.00021639428538523298,bad,none,below_upper2,0.6322202782452214,0.9316093584861889,0.325,upper_min,0.325,0.0,0.000265809170083495,0.5453636354833798,0.03802384234558205,7,0,7,0.16765125652281912,0.0,0.16765125652281912,0.0004630236358688569,True,True,False,False,False,high@0.0780:W=0.000145505;high@0.0912:W=0.00024274;high@0.1972:W=0.00176032;high@0.2213:W=0.167651;high@0.3944:W=0.120857;high@0.4163:W=0.000463024;high@0.4419:W=0.000201971,high@0.0780:W=0.000145505;high@0.0912:W=0.00024274;high@0.1972:W=0.00176032;high@0.2213:W=0.167651;high@0.3944:W=0.120857;high@0.4163:W=0.000463024;high@0.4419:W=0.000201971
nstxuG142301H47/N7/egn07w.3131E+02,nstxuG142301H47,reference,7,5.595355914729644,-3.0268522482407456e-08,bad,none,mixed,0.2006975100503518,0.2946442646770512,0.14,upper_min,0.085,0.05500000000000001,-0.10108715711305441,0.06435915804085796,0.09389433281714986,1,0,1,0.2871235836535616,0.0,0.2871235836535616,0.0,False,False,False,False,False,high@0.0517:W=0.287124,high@0.0517:W=0.287124
nstxuG142301H47/N7/egn07w.9482E+01,nstxuG142301H47,reference,7,3.0793028069902704,-0.00014407447847726159,bad,none,below_upper2,0.808840420293272,0.9998929147729201,0.905,lower_max,0.395,0.51,-0.03415268412535473,0.07001935534284233,0.0008527633788297253,2,1,1,0.3956775764242109,0.3956775764242109,0.015751372790754344,0.3956775764242109,False,False,False,False,False,high@0.9806:W=0.0157514,low@0.4153:W=0.395678;high@0.9806:W=0.0157514
nstxuG142301H47/N8/egn08w.1001E+02,nstxuG142301H47,reference,8,3.1638323299972018,-0.00046865959669867096,bad,none,below_upper2,0.9751839874466111,0.9999872883397757,0.42,lower_max,0.36,0.06,-0.0575834681110791,0.21728569346556778,0.020309632372401968,2,1,1,0.38682032071073763,0.38682032071073763,2.324727556555339e-05,2.324727556555339e-05,False,False,False,False,False,high@0.9756:W=2.32473e-05,low@0.3819:W=0.38682;high@0.9756:W=2.32473e-05
nstxuG142301H47/N8/egn08w.1010E+02,nstxuG142301H47,reference,8,3.178225590966187,-0.00028146249188888564,bad,none,below_upper2,0.6954944684723813,0.9998977777719464,0.87,lower_max,0.36,0.51,-0.05279397963163493,0.019527903417112684,0.020217655943871836,2,1,1,0.07604535452276676,0.07604535452276676,0.0012163513219047542,0.0012163513219047542,False,False,False,False,False,high@0.9746:W=0.00121635,low@0.3807:W=0.0760454;high@0.9746:W=0.00121635
nstxuG142301H47/N8/egn08w.1092E+02,nstxuG142301H47,reference,8,3.303895462352178,-0.011180891520272733,bad,none,below_upper2,0.4769105734731267,0.8619936841709062,0.885,lower_max,0.36,0.525,-0.012748982589851894,0.01888982304986166,0.019448639414400976,8,2,6,0.6815321920499107,0.16595203106237505,0.6815321920499107,0.6815321920499107,False,False,False,False,False,low@0.3186:W=0.0137135;high@0.9033:W=0.681532;high@0.9194:W=0.495134;high@0.9445:W=0.681024;high@0.9470:W=0.610425;high@0.9563:W=0.0734472,low@0.3186:W=0.0137135;low@0.3458:W=0.00902552;low@0.3690:W=0.165952;high@0.9033:W=0.681532;high@0.9194:W=0.495134;high@0.9445:W=0.681024;high@0.9470:W=0.610425;high@0.9563:W=0.0734472
nstxuG142301H47/N8/egn08w.1194E+02,nstxuG142301H47,reference,8,3.455896869154266,-0.03087822716774256,,,mixed,-0.0990368513870778,0.21459341262806428,0.915,lower_max,0.36,0.555,0.031794959523997406,0.006140101001776819,0.018593225996899623,2,0,2,0.47332267123698013,0.0,0.47332267123698013,0.47332267123698013,False,False,False,False,False,low@0.3025:W=0.0101103;high@0.8449:W=0.473323,low@0.3025:W=0.0101103;high@0.8449:W=0.473323
nstxuG142301H47/N8/egn08w.1377E+02,nstxuG142301H47,reference,8,3.7104140039343454,-9.975886285361407e-05,bad,none,below_upper2,0.9968637224661597,0.9999590065810299,0.27,lower_max,0.27,0.0,0.010163654978000944,0.7776882582080205,0.034613715160850836,2,0,2,0.024678202852412748,0.0,0.024678202852412748,4.827929061833974e-05,True,True,False,False,True,low@0.2022:W=0.0246782;high@0.7728:W=4.82793e-05,low@0.2022:W=0.0246782;high@0.7728:W=4.82793e-05
nstxuG142301H47/N8/egn08w.1433E+02,nstxuG142301H47,reference,8,3.7850955054261664,-0.00034721428701141316,good,tae,below_upper2,0.7323569945206446,0.9429821742132661,0.715,lower_max,0.36,0.355,0.1160020233878705,0.006721177553062412,0.016976129510615466,2,0,2,0.27642379784991733,0.0,0.27642379784991733,0.27642379784991733,False,False,False,False,False,low@0.1965:W=0.00025182;high@0.7554:W=0.276424,low@0.1965:W=0.00025182;high@0.7554:W=0.276424
nstxuG142301H47/N8/egn08w.1696E+02,nstxuG142301H47,reference,8,4.118035762885981,-8.262997835067461e-08,,,below_upper2,0.996595652363195,0.9999745717792627,0.17,lower_max,0.165,0.0050000000000000044,0.0009349907460358753,0.9768667225607719,0.07086057272189233,2,0,2,0.00019158275299122,0.0,0.00019158275299122,4.102581358934948e-07,True,True,True,True,True,low@0.0872:W=0.000191583;high@0.6800:W=4.10258e-07,low@0.0872:W=0.000191583;high@0.6800:W=4.10258e-07
nstxuG142301H47/N8/egn08w.1707E+02,nstxuG142301H47,reference,8,4.131848008911996,-3.5631789197273277e-07,good,tae,below_upper2,0.9942417859559851,0.999968795745579,0.165,lower_max,0.165,0.0,0.0042747388863438335,0.9593501809111308,0.07062369477723705,2,0,2,0.002269085733882831,0.0,0.002269085733882831,9.294815785845946e-06,True,True,False,True,True,low@0.0865:W=0.00226909;high@0.6784:W=9.29482e-06,low@0.0865:W=0.00226909;high@0.6784:W=9.29482e-06
nstxuG142301H47/N8/egn08w.2237E+02,nstxuG142301H47,reference,8,4.729646598744262,-3.014062054870824e-07,bad,none,below_upper2,0.9766658370716984,0.999984696493617,0.06,lower_max,0.055,0.0049999999999999975,0.009462118970221525,0.9949068765279477,0.04892723158883694,3,0,3,1.9795124443445253e-05,0.0,1.9795124443445253e-05,1.9795124443445253e-05,True,True,True,True,True,high@0.5434:W=1.97951e-05;high@0.5495:W=1.18064e-06;high@0.5610:W=8.3597e-06,high@0.5434:W=1.97951e-05;high@0.5495:W=1.18064e-06;high@0.5610:W=8.3597e-06
nstxuG142301H47/N8/egn08w.2244E+02,nstxuG142301H47,reference,8,4.737214983267846,-1.3523074363993695e-06,bad,none,below_upper2,0.9829662298678167,0.9999683032426725,0.055,lower_max,0.055,0.0,0.011044646171391033,0.9906614870080191,0.04884906327609482,3,0,3,0.00014091250495917954,0.0,0.00014091250495917954,0.00014091250495917954,True,True,True,True,True,high@0.5418:W=0.000140913;high@0.5521:W=3.85184e-05;high@0.5601:W=6.5423e-05,high@0.5418:W=0.000140913;high@0.5521:W=3.85184e-05;high@0.5601:W=6.5423e-05
nstxuG142301H47/N8/egn08w.2248E+02,nstxuG142301H47,reference,8,4.74153125336581,-0.00026229030140087305,bad,none,below_upper2,0.8720249030735745,0.975995330687899,0.28500000000000003,upper_min,0.28,0.0050000000000000044,0.0677673225320524,0.2575096125407335,0.05565902299690797,3,0,3,0.6571316198479873,0.0,0.6571316198479873,0.6571316198479873,False,False,False,False,False,high@0.5409:W=0.657132;high@0.5535:W=0.508441;high@0.5579:W=0.557641,high@0.5409:W=0.657132;high@0.5535:W=0.508441;high@0.5579:W=0.557641
nstxuG142301H47/N8/egn08w.2333E+02,nstxuG142301H47,reference,8,4.830532156277293,-0.00023006212016320944,bad,none,below_upper2,0.8684263421733318,0.9774818772249096,0.505,upper_min,0.365,0.14,0.04840953856654806,0.10995222958419085,0.02820231320767847,3,0,3,0.718812238164632,0.0,0.718812238164632,0.718812238164632,False,False,False,False,False,high@0.5069:W=0.718812;high@0.5154:W=0.203858;high@0.5313:W=0.137257,high@0.5069:W=0.718812;high@0.5154:W=0.203858;high@0.5313:W=0.137257
nstxuG142301H47/N8/egn08w.2352E+02,nstxuG142301H47,reference,8,4.850250837076965,-7.198812269442144e-05,bad,none,below_upper2,0.8785415159862686,0.9895805283711463,0.17500000000000002,upper_min,0.17,0.0050000000000000044,0.03458148512455114,0.3623876559154282,0.08023280631135815,3,0,3,0.21370574576718798,0.0,0.21370574576718798,0.21370574576718798,False,True,False,False,False,high@0.5038:W=0.213706;high@0.5194:W=0.0234012;high@0.5283:W=0.0376964,high@0.5038:W=0.213706;high@0.5194:W=0.0234012;high@0.5283:W=0.0376964
nstxuG142301H47/N8/egn08w.2385E+02,nstxuG142301H47,reference,8,4.8833541146981645,-5.0194203134576374e-05,bad,none,below_upper2,0.8504020234473708,0.9991779944817702,0.17,upper_min,0.17,0.0,0.027568264842051167,0.385943213138736,0.07968892421735667,1,0,1,0.2560944131578882,0.0,0.2560944131578882,0.2560944131578882,True,True,False,False,False,high@0.5003:W=0.256094,high@0.5003:W=0.256094
nstxuG142301H47/N8/egn08w.2463E+02,nstxuG142301H47,reference,8,4.9630682716851595,-0.00012988698861954886,bad,none,below_upper2,0.8291397600663907,0.9994082336261979,0.165,upper_min,0.17,0.0050000000000000044,0.011064011123481819,0.23935800970173782,0.0784090031952285,3,0,3,0.4396773908821114,0.0,0.4396773908821114,0.4396773908821114,True,False,False,False,False,high@0.4610:W=0.439677;high@0.4823:W=0.00711401;high@0.4915:W=0.0149889,high@0.4610:W=0.439677;high@0.4823:W=0.00711401;high@0.4915:W=0.0149889
nstxuG142301H47/N8/egn08w.2478E+02,nstxuG142301H47,reference,8,4.977845139075586,-9.061752247108226e-06,bad,none,below_upper2,0.7892660139001446,0.9845330071455751,0.165,upper_min,0.17,0.0050000000000000044,0.008062640370035902,0.39459836233213463,0.078176243957032,1,0,1,0.176145759306171,0.0,0.176145759306171,0.176145759306171,True,True,False,False,False,high@0.4596:W=0.176146,high@0.4596:W=0.176146
nstxuG142301H47/N8/egn08w.2488E+02,nstxuG142301H47,reference,8,4.98780946062102,-2.1243985613911985e-05,bad,none,below_upper2,0.7630317521151446,0.992749662022451,0.165,upper_min,0.17,0.0050000000000000044,0.0060487983486256615,0.38290093144440845,0.07802006853811269,1,0,1,0.13683811737062787,0.0,0.13683811737062787,0.13683811737062787,True,True,False,False,False,high@0.4587:W=0.136838,high@0.4587:W=0.136838
nstxuG142301H47/N8/egn08w.2499E+02,nstxuG142301H47,reference,8,4.999049560159834,-7.463712885113564e-05,bad,none,below_upper2,0.7729532571010879,0.9982215283110788,0.17500000000000002,upper_min,0.17,0.0050000000000000044,0.0037867506337032966,0.2697826618667565,0.07784464452483977,3,0,3,0.24123625691077466,0.0,0.24123625691077466,0.24123625691077466,True,True,False,False,False,high@0.4234:W=0.241236;high@0.4255:W=0.0278221;high@0.4578:W=0.098176,high@0.4234:W=0.241236;high@0.4255:W=0.0278221;high@0.4578:W=0.098176
nstxuG142301H47/N8/egn08w.2513E+02,nstxuG142301H47,reference,8,5.013218034113995,-9.038123630283784e-06,bad,none,below_upper2,0.7175339813077088,0.9878268881618315,0.17,upper_min,0.17,0.0,0.0009498250631203596,0.44350436672203297,0.07762463817145242,3,0,3,0.15775665051967083,0.0,0.15775665051967083,0.15775665051967083,True,True,False,False,False,high@0.4188:W=0.157757;high@0.4286:W=0.0198871;high@0.4566:W=0.0129179,high@0.4188:W=0.157757;high@0.4286:W=0.0198871;high@0.4566:W=0.0129179
nstxuG142301H47/N8/egn08w.2541E+02,nstxuG142301H47,reference,8,5.040976724848126,-9.657754393928677e-05,bad,none,below_upper2,0.718938745047742,0.9808831513610995,0.28,upper_min,0.28,0.0,0.0043395174098905896,0.37924900637638964,0.05235275056335367,7,0,7,0.29766209403096117,0.0,0.29766209403096117,0.29766209403096117,True,True,False,False,False,high@0.0590:W=0.000542471;high@0.0607:W=0.000466902;high@0.1647:W=0.00821807;high@0.1766:W=0.281638;high@0.4151:W=0.297662;high@0.4328:W=0.00204924;high@0.4541:W=0.00125799,high@0.0590:W=0.000542471;high@0.0607:W=0.000466902;high@0.1647:W=0.00821807;high@0.1766:W=0.281638;high@0.4151:W=0.297662;high@0.4328:W=0.00204924;high@0.4541:W=0.00125799
nstxuG142301H47/N8/egn08w.2564E+02,nstxuG142301H47,reference,8,5.063647632265699,-0.00014387539842186574,bad,none,below_upper2,0.61361417453213,0.8781887489601478,0.37,upper_min,0.365,0.0050000000000000044,0.00014384032633102736,0.4374027186620651,0.026903961476904426,9,0,9,0.8139924874632622,0.0,0.8139924874632622,0.28092898552586065,True,True,False,False,False,high@0.0552:W=0.000423395;high@0.0632:W=0.000325065;high@0.1624:W=0.00410858;high@0.1797:W=0.180309;high@0.2789:W=0.689317;high@0.2803:W=0.813992;high@0.4131:W=0.280929;high@0.4358:W=0.00365511;high@0.4518:W=0.00202848,high@0.0552:W=0.000423395;high@0.0632:W=0.000325065;high@0.1624:W=0.00410858;high@0.1797:W=0.180309;high@0.2789:W=0.689317;high@0.2803:W=0.813992;high@0.4131:W=0.280929;high@0.4358:W=0.00365511;high@0.4518:W=0.00202848
nstxuG142301H47/N8/egn08w.2601E+02,nstxuG142301H47,reference,8,5.1001412922249445,-0.00024927841932970244,bad,none,below_upper2,0.17602437828806738,0.8574533702401889,0.005,upper_min,0.06,0.055,-0.01276660010627441,0.12970247838305102,0.07280149723177373,11,2,9,0.5469926358303908,0.1428211313245915,0.5469926358303908,0.0007336774333467206,False,False,False,False,False,high@0.1591:W=0.000274936;high@0.1832:W=0.0054376;high@0.2682:W=0.00191309;high@0.2891:W=0.546993;high@0.3560:W=0.393249;high@0.3730:W=0.0013206;high@0.4100:W=0.000733677;high@0.4441:W=3.80533e-05;high@0.4455:W=3.80218e-05,high@0.0528:W=0.142821;high@0.0662:W=0.119449;high@0.1591:W=0.000274936;high@0.1832:W=0.0054376;high@0.2682:W=0.00191309;high@0.2891:W=0.546993;high@0.3560:W=0.393249;high@0.3730:W=0.0013206;high@0.4100:W=0.000733677;high@0.4441:W=3.80533e-05;high@0.4455:W=3.80218e-05
nstxuG142301H47/N8/egn08w.2614E+02,nstxuG142301H47,reference,8,5.11271292665594,-0.00042851887543513006,bad,none,below_upper2,0.09013731068742145,0.7677636987528098,0.005,upper_min,0.06,0.055,-0.015194105342648031,0.22356840555767307,0.07262248584929316,9,2,7,0.11987550411972307,0.11987550411972307,0.00887469605501869,0.0010805751124494836,False,False,False,False,False,high@0.1582:W=0.000578281;high@0.1844:W=0.0088747;high@0.2664:W=0.00669211;high@0.2909:W=8.26658e-05;high@0.3544:W=5.89498e-05;high@0.3748:W=0.00255573;high@0.4090:W=0.00108058,high@0.0520:W=0.119876;high@0.0669:W=0.0456463;high@0.1582:W=0.000578281;high@0.1844:W=0.0088747;high@0.2664:W=0.00669211;high@0.2909:W=8.26658e-05;high@0.3544:W=5.89498e-05;high@0.3748:W=0.00255573;high@0.4090:W=0.00108058
nstxuG142301H47/N8/egn08w.2708E+02,nstxuG142301H47,reference,8,5.203894709544606,-0.00020731209157090182,bad,none,below_upper2,-0.03651277724939951,0.8273633069338832,0.34500000000000003,upper_min,0.365,0.019999999999999962,-0.026810442627742206,0.18735017834818465,0.0261788887813636,9,2,7,0.863513277893686,0.863513277893686,0.5109042395250739,6.18465858785428e-05,True,False,False,False,False,high@0.0466:W=0.094511;high@0.0719:W=0.0135792;high@0.1523:W=0.000241714;high@0.1919:W=0.000524618;high@0.2565:W=0.000334897;high@0.3011:W=0.510904;high@0.4007:W=6.18466e-05,high@0.0466:W=0.094511;high@0.0719:W=0.0135792;high@0.1523:W=0.000241714;high@0.1919:W=0.000524618;high@0.2565:W=0.000334897;high@0.3011:W=0.510904;high@0.3457:W=0.863513;high@0.3853:W=0.000205792;high@0.4007:W=6.18466e-05
nstxuG142301H47/N8/egn08w.2727E+02,nstxuG142301H47,reference,8,5.2220561541383,-1.3408854484469919e-05,bad,none,below_upper2,-0.15508497125738213,0.7782729975675491,0.005,upper_min,0.06,0.055,-0.035814690757102786,0.3233804950519926,0.07110186317573938,9,2,7,0.31957448194807025,0.31957448194807025,0.003680133280235724,0.0,False,False,False,False,False,high@0.1512:W=0.000272518;high@0.1934:W=0.000478723;high@0.2547:W=0.000112407;high@0.3030:W=4.40211e-05;high@0.3440:W=3.03774e-05;high@0.3885:W=0.00368013;high@0.3975:W=0.00345807,high@0.0456:W=0.319574;high@0.0729:W=0.0116976;high@0.1512:W=0.000272518;high@0.1934:W=0.000478723;high@0.2547:W=0.000112407;high@0.3030:W=4.40211e-05;high@0.3440:W=3.03774e-05;high@0.3885:W=0.00368013;high@0.3975:W=0.00345807
nstxuG142301H47/N9/egn09w.1019E+02,nstxuG142301H47,reference,9,3.191406677792602,-0.0008435024189426296,bad,none,below_upper2,0.9438459265123937,0.9999860673410925,0.39,lower_max,0.385,0.0050000000000000044,-0.016033749087470052,0.19221403360761347,0.01643407650136946,4,3,1,0.934723960793952,0.934723960793952,0.00012102093867146349,0.00012102093867146349,True,False,False,False,False,high@0.9724:W=0.000121021,low@0.3551:W=0.00450574;low@0.3729:W=0.223832;low@0.3945:W=0.934724;high@0.9724:W=0.000121021
nstxuG142301H47/N9/egn09w.1082E+02,nstxuG142301H47,reference,9,3.289360668288828,-8.482828223505294e-05,bad,none,below_upper2,0.9966461073926985,0.999947007702194,0.385,lower_max,0.385,0.0,0.01422275673186089,0.8532638166237642,0.015944685541919933,2,0,2,0.09089309036260516,0.0,0.09089309036260516,3.809950391499434e-05,True,True,False,False,False,low@0.3454:W=0.0908931;high@0.9578:W=3.80995e-05,low@0.3454:W=0.0908931;high@0.9578:W=3.80995e-05
nstxuG142301H47/N9/egn09w.1185E+02,nstxuG142301H47,reference,9,3.442821464154952,-0.005553873775679931,bad,none,mixed,0.12907075809992585,0.2652173799337003,0.925,lower_max,0.385,0.54,0.05816292669817483,0.0206924905488383,0.015233964942965288,4,0,4,0.3340167682632521,0.0,0.3340167682632521,0.3340167682632521,False,False,False,False,False,low@0.2741:W=0.0770228;low@0.3077:W=0.0162649;low@0.3321:W=0.0614211;high@0.8490:W=0.334017,low@0.2741:W=0.0770228;low@0.3077:W=0.0162649;low@0.3321:W=0.0614211;high@0.8490:W=0.334017
nstxuG142301H47/N9/egn09w.1231E+02,nstxuG142301H47,reference,9,3.5084327014436534,-0.0037596981348417434,bad,none,mixed,0.5233135919370568,0.4673305312124626,0.93,lower_max,0.385,0.545,0.0757762318296298,0.020377697590782073,0.014949074402437213,2,0,2,0.2589703052959952,0.0,0.2589703052959952,0.2589703052959952,False,False,False,False,False,low@0.2674:W=0.140545;high@0.8317:W=0.25897,low@0.2674:W=0.140545;high@0.8317:W=0.25897
nstxuG142301H47/N9/egn09w.1234E+02,nstxuG142301H47,reference,9,3.5130516897939987,-1.598919826142651e-05,bad,none,below_upper2,0.9914285244139727,0.990664674337076,0.32,lower_max,0.32,0.0,0.005410386796707268,0.8686783373908986,0.027823650779862583,2,0,2,0.0015017805162607617,0.0,0.0015017805162607617,0.0003073945954111245,True,True,False,True,True,low@0.2670:W=0.00150178;high@0.8307:W=0.000307395,low@0.2670:W=0.00150178;high@0.8307:W=0.000307395
nstxuG142301H47/N9/egn09w.1283E+02,nstxuG142301H47,reference,9,3.582314112941925,-0.0008344154099031826,bad,none,below_upper2,0.9932682013462538,0.9991492262510768,0.325,lower_max,0.32,0.0050000000000000044,0.02464032713034419,0.4190985030857446,0.027285693076245034,2,0,2,0.11060983627575605,0.0,0.11060983627575605,0.0005003724729750932,True,True,False,False,False,low@0.2611:W=0.11061;high@0.8106:W=0.000500372,low@0.2611:W=0.11061;high@0.8106:W=0.000500372
nstxuG142301H47/N9/egn09w.1308E+02,nstxuG142301H47,reference,9,3.6171584594435,-9.408565818852157e-05,bad,none,mixed,0.14089313838472742,0.25070658831501086,0.9450000000000001,lower_max,0.385,0.56,0.10355685877270764,0.040805274398288356,0.01449973012735916,2,0,2,0.11965881295560304,0.0,0.11965881295560304,0.04711808336184061,False,False,False,False,False,low@0.2583:W=0.119659;high@0.8001:W=0.0471181,low@0.2583:W=0.119659;high@0.8001:W=0.0471181
nstxuG142301H47/N9/egn09w.1415E+02,nstxuG142301H47,reference,9,3.7611136029824297,-0.0003843562980538451,good,tae,below_upper2,0.7435347070063268,0.9385785273544934,0.7000000000000001,lower_max,0.385,0.31500000000000006,0.1378678673440876,0.007784408359516453,0.01394475866090184,4,0,4,0.17781967143337146,0.0,0.17781967143337146,0.17781967143337146,False,False,False,False,False,low@0.1721:W=3.93101e-06;low@0.2178:W=8.82559e-05;low@0.2460:W=0.00109483;high@0.7608:W=0.17782,low@0.1721:W=3.93101e-06;low@0.2178:W=8.82559e-05;low@0.2460:W=0.00109483;high@0.7608:W=0.17782
nstxuG142301H47/N9/egn09w.1473E+02,nstxuG142301H47,reference,9,3.838384814631978,-2.3215507918056087e-07,bad,none,below_upper2,0.9983077416758644,0.9988162728573969,0.23,lower_max,0.23,0.0,0.002630022552538951,0.9890458527367503,0.047285587137018324,2,0,2,9.880124546994447e-05,0.0,9.880124546994447e-05,2.7785169212176833e-06,True,True,True,True,True,low@0.1668:W=9.88012e-05;high@0.7402:W=2.77852e-06,low@0.1668:W=9.88012e-05;high@0.7402:W=2.77852e-06
nstxuG142301H47/N9/egn09w.1503E+02,nstxuG142301H47,reference,9,3.8771090663239085,-0.0005629461554008353,bad,none,mixed,0.07817932377666195,0.4512188220807874,0.725,lower_max,0.385,0.33999999999999997,0.16366116190410324,0.0016733639231822884,0.013527558960200598,4,0,4,0.2823048608684643,0.0,0.2823048608684643,0.2823048608684643,False,False,False,False,False,low@0.0854:W=0.00472209;low@0.1023:W=6.15167e-05;low@0.1644:W=1.45172e-06;high@0.7322:W=0.282305,low@0.0854:W=0.00472209;low@0.1023:W=6.15167e-05;low@0.1644:W=1.45172e-06;high@0.7322:W=0.282305
nstxuG142301H47/N9/egn09w.1514E+02,nstxuG142301H47,reference,9,3.8911160781813714,-0.00025779615958529704,bad,none,mixed,-0.01622669392769011,0.42107847448278973,0.78,lower_max,0.385,0.395,0.1666717654910158,0.0015403649255895354,0.013478863245410559,4,0,4,0.6546429642255471,0.0,0.6546429642255471,0.6546429642255471,False,False,False,False,False,low@0.0837:W=9.4004e-05;low@0.1046:W=0.000331543;low@0.1637:W=2.22453e-06;high@0.7281:W=0.654643,low@0.0837:W=9.4004e-05;low@0.1046:W=0.000331543;low@0.1637:W=2.22453e-06;high@0.7281:W=0.654643
nstxuG142301H47/N9/egn09w.1535E+02,nstxuG142301H47,reference,9,3.9177468969236977,-0.000689860015351892,bad,none,mixed,0.003498942565628181,0.46603150278626115,0.79,lower_max,0.385,0.405,0.1723363001712672,0.0019519916464500902,0.013387240898846265,4,0,4,0.3559138777753414,0.0,0.3559138777753414,0.3559138777753414,False,False,False,False,False,low@0.0807:W=3.26314e-05;low@0.1076:W=1.67893e-06;low@0.1622:W=4.94205e-07;high@0.7234:W=0.355914,low@0.0807:W=3.26314e-05;low@0.1076:W=1.67893e-06;low@0.1622:W=4.94205e-07;high@0.7234:W=0.355914
nstxuG142301H47/N9/egn09w.1813E+02,nstxuG142301H47,reference,9,4.258367223038661,-1.1644231017173092e-07,bad,none,below_upper2,0.9954235521161175,0.9997759722319286,0.135,lower_max,0.14,0.0050000000000000044,0.001234808377670316,0.9894387768934292,0.08539290027451693,2,0,2,0.0001736477056844341,0.0,0.0001736477056844341,4.424772125559982e-07,True,True,True,True,True,low@0.0618:W=0.000173648;high@0.6553:W=4.42477e-07,low@0.0618:W=0.000173648;high@0.6553:W=4.42477e-07
nstxuG142301H47/N9/egn09w.1817E+02,nstxuG142301H47,reference,9,4.262704140234349,-1.8801869950392587e-07,good,tae,below_upper2,0.993643011948932,0.9998166936101158,0.14,lower_max,0.14,0.0,0.0022509619251607376,0.9849156343059534,0.08530602069634151,2,0,2,0.00015771240563280367,0.0,0.00015771240563280367,3.547215294135599e-07,True,True,True,True,True,low@0.0616:W=0.000157712;high@0.6538:W=3.54722e-07,low@0.0616:W=0.000157712;high@0.6538:W=3.54722e-07
nstxuG142301H47/N9/egn09w.1907E+02,nstxuG142301H47,reference,9,4.366969250619391,-0.0003021209964128858,bad,none,below_upper2,0.7384367402785201,0.9176018860615683,0.01,lower_max,0.14,0.13,0.026073070032903347,3.973869103456608e-05,0.0832692667935859,2,0,2,0.0352583863697912,0.0,0.0352583863697912,0.0352583863697912,False,False,False,False,False,low@0.0571:W=0.00243464;high@0.6325:W=0.0352584,low@0.0571:W=0.00243464;high@0.6325:W=0.0352584
nstxuG142301H47/N9/egn09w.2281E+02,nstxuG142301H47,reference,9,4.776324539873457,-0.0001456842210234092,bad,none,below_upper2,0.8756582860408413,0.9809606942107476,0.515,upper_min,0.39,0.125,0.055762484394500475,0.10669412961990463,0.009703302615504672,3,0,3,0.526215594347972,0.0,0.526215594347972,0.526215594347972,False,False,False,False,False,low@0.0133:W=0.00346886;low@0.0365:W=0.00427633;high@0.5362:W=0.526216,low@0.0133:W=0.00346886;low@0.0365:W=0.00427633;high@0.5362:W=0.526216
nstxuG142301H47/N9/egn09w.2298E+02,nstxuG142301H47,reference,9,4.793280680210198,-4.829104621439363e-06,bad,none,below_upper2,0.8741874263487369,0.9831124220642231,0.24,upper_min,0.23500000000000001,0.004999999999999977,0.051620515135941264,0.36913241831063565,0.06627910265473934,3,0,3,0.28597420245613464,0.0,0.28597420245613464,0.28597420245613464,False,False,False,False,False,low@0.0178:W=0.00156239;low@0.0354:W=9.49574e-05;high@0.5345:W=0.285974,low@0.0178:W=0.00156239;low@0.0354:W=9.49574e-05;high@0.5345:W=0.285974
nstxuG142301H47/N9/egn09w.2313E+02,nstxuG142301H47,reference,9,4.809231310479604,-0.0001520015980499892,bad,none,below_upper2,0.8485667767628469,0.9898336401507816,0.23500000000000001,upper_min,0.23500000000000001,0.0,0.04813263756513183,0.35068803411757166,0.06605927678387094,3,0,3,0.4447764264310581,0.0,0.4447764264310581,0.4447764264310581,False,False,False,False,False,low@0.0217:W=0.0143016;low@0.0337:W=0.000676198;high@0.5330:W=0.444776,low@0.0217:W=0.0143016;low@0.0337:W=0.000676198;high@0.5330:W=0.444776
nstxuG142301H47/N9/egn09w.2342E+02,nstxuG142301H47,reference,9,4.839599771233536,-0.00029624165462276055,bad,none,below_upper2,0.8743897381673371,0.9958360313263971,0.23500000000000001,upper_min,0.23500000000000001,0.0,0.041555611287461144,0.30277026862839745,0.06564475520165902,3,0,3,0.509037834704587,0.0,0.509037834704587,0.509037834704587,False,False,False,False,False,high@0.5072:W=0.509038;high@0.5188:W=0.00947375;high@0.5302:W=0.05039,high@0.5072:W=0.509038;high@0.5188:W=0.00947375;high@0.5302:W=0.05039
nstxuG142301H47/N9/egn09w.2352E+02,nstxuG142301H47,reference,9,4.849583181186814,-2.4957038190375713e-08,bad,none,below_upper2,0.9901466278190186,0.9999948503923279,0.035,upper_min,0.14,0.10500000000000001,0.034948722276577165,2.9933393918697293e-05,0.08823212029604321,3,0,3,9.703464313521913e-06,0.0,9.703464313521913e-06,9.703464313521913e-06,False,False,False,False,False,high@0.5059:W=9.70346e-06;high@0.5210:W=3.27884e-06;high@0.5281:W=4.28037e-06,high@0.5059:W=9.70346e-06;high@0.5210:W=3.27884e-06;high@0.5281:W=4.28037e-06
nstxuG142301H47/N9/egn09w.2392E+02,nstxuG142301H47,reference,9,4.890390369771111,-0.00011271234372554611,bad,none,below_upper2,0.8454032061271911,0.9983737474353053,0.14,upper_min,0.14,0.0,0.02631273527110753,0.5611249835974021,0.08749587952590578,1,0,1,0.07947896590230838,0.0,0.07947896590230838,0.07947896590230838,True,True,False,False,False,high@0.5021:W=0.079479,high@0.5021:W=0.079479
nstxuG142301H47/N9/egn09w.2399E+02,nstxuG142301H47,reference,9,4.898082898165634,-0.0001301901053974449,bad,none,below_upper2,0.8491489949673672,0.9881763490529706,0.14,upper_min,0.14,0.0,0.02470089242935192,0.6649102669283585,0.08735846565365202,3,0,3,0.07345965690206298,0.0,0.07345965690206298,0.07345965690206298,True,True,False,False,False,high@0.4746:W=0.0734597;high@0.4780:W=0.0355916;high@0.5015:W=0.0151732,high@0.4746:W=0.0734597;high@0.4780:W=0.0355916;high@0.5015:W=0.0151732
nstxuG142301H47/N9/egn09w.2495E+02,nstxuG142301H47,reference,9,4.994544206820239,-9.806564895735508e-05,bad,none,below_upper2,0.7588068365517722,0.9951010587025692,0.135,upper_min,0.14,0.0050000000000000044,0.0049105001592622145,0.4757485793205676,0.08567128228514712,3,0,3,0.13037021344646138,0.0,0.13037021344646138,0.13037021344646138,True,True,False,False,False,high@0.4324:W=0.13037;high@0.4422:W=0.0219211;high@0.4650:W=0.0163355,high@0.4324:W=0.13037;high@0.4422:W=0.0219211;high@0.4650:W=0.0163355
nstxuG142301H47/N9/egn09w.2507E+02,nstxuG142301H47,reference,9,5.006985765467297,-4.405666554811177e-05,bad,none,below_upper2,0.6695276770989294,0.9972625205680148,0.015,upper_min,0.14,0.125,0.002413458324431013,0.10313008628442555,0.0854584028537194,3,0,3,0.20198007148398367,0.0,0.20198007148398367,0.20198007148398367,False,False,False,False,False,high@0.4308:W=0.20198;high@0.4439:W=0.00161113;high@0.4639:W=0.00335327,high@0.4308:W=0.20198;high@0.4439:W=0.00161113;high@0.4639:W=0.00335327
nstxuG142301H47/N9/egn09w.2531E+02,nstxuG142301H47,reference,9,5.0307294802661,-9.27068404411333e-05,bad,none,below_upper2,0.6783206578151195,0.9698310534115738,0.23500000000000001,upper_min,0.23500000000000001,0.0,0.0019843678509970752,0.3688155937407906,0.06315075050305152,7,0,7,0.2138867457327867,0.0,0.2138867457327867,0.05883058643945149,True,True,False,False,False,high@0.0256:W=0.000558058;high@0.0343:W=0.00512553;high@0.1382:W=0.160872;high@0.1436:W=0.213887;high@0.4286:W=0.0588306;high@0.4469:W=0.000457075;high@0.4618:W=0.000543734,high@0.0256:W=0.000558058;high@0.0343:W=0.00512553;high@0.1382:W=0.160872;high@0.1436:W=0.213887;high@0.4286:W=0.0588306;high@0.4469:W=0.000457075;high@0.4618:W=0.000543734
nstxuG142301H47/N9/egn09w.2538E+02,nstxuG142301H47,reference,9,5.03807001394984,-5.430400224947101e-05,bad,none,below_upper2,0.6842327444001545,0.9548504816620301,0.24,upper_min,0.23500000000000001,0.004999999999999977,0.0005244635657398765,0.32833283960936505,0.06305873903637131,7,0,7,0.2558628720633711,0.0,0.2558628720633711,0.08309437291203266,True,True,False,False,False,high@0.0244:W=0.000986163;high@0.0353:W=0.00596806;high@0.1371:W=0.0323391;high@0.1453:W=0.255863;high@0.4280:W=0.0830944;high@0.4478:W=0.000153581;high@0.4611:W=0.000358762,high@0.0244:W=0.000986163;high@0.0353:W=0.00596806;high@0.1371:W=0.0323391;high@0.1453:W=0.255863;high@0.4280:W=0.0830944;high@0.4478:W=0.000153581;high@0.4611:W=0.000358762
nstxuG142301H47/N9/egn09w.2574E+02,nstxuG142301H47,reference,9,5.073830927376797,-0.00013908834694503023,bad,none,below_upper2,0.5949353924104653,0.8549735868207481,0.325,upper_min,0.325,0.0,0.00031415603395127496,0.39965405254608477,0.03796497616125754,9,0,9,0.4221322939630934,0.0,0.4221322939630934,0.08567340191449518,True,True,False,False,False,high@0.0188:W=0.178701;high@0.0384:W=0.107543;high@0.1336:W=0.000369285;high@0.1486:W=0.00585572;high@0.2285:W=0.0074356;high@0.2457:W=0.422132;high@0.3832:W=0.112885;high@0.3961:W=0.10308;high@0.4253:W=0.0856734,high@0.0188:W=0.178701;high@0.0384:W=0.107543;high@0.1336:W=0.000369285;high@0.1486:W=0.00585572;high@0.2285:W=0.0074356;high@0.2457:W=0.422132;high@0.3832:W=0.112885;high@0.3961:W=0.10308;high@0.4253:W=0.0856734
nstxuG142301H47/N10/egn10w.1046E+02,nstxuG142301H47,reference,10,3.2340937139318364,-0.00014853470580550643,bad,none,below_upper2,0.6377478508124198,0.9999380459157893,0.88,lower_max,0.355,0.525,-0.04196589548177492,0.038265475850330355,0.0231196159834068,2,1,1,0.4426625282775829,0.4426625282775829,0.0006140933792971575,0.0006140933792971575,False,False,False,False,False,high@0.9684:W=0.000614093,low@0.3694:W=0.442663;high@0.9684:W=0.000614093
nstxuG142301H47/N10/egn10w.1189E+02,nstxuG142301H47,reference,10,3.4486984905588502,-0.005799247564102852,bad,none,mixed,0.11261093070624423,0.2840026789609316,0.9,lower_max,0.355,0.545,0.02287330657227224,0.028424177037604196,0.021680934104604067,2,0,2,0.47505164089111435,0.0,0.47505164089111435,0.47505164089111435,False,False,False,False,False,low@0.3067:W=0.00997677;high@0.8500:W=0.475052,low@0.3067:W=0.00997677;high@0.8500:W=0.475052
nstxuG142301H47/N10/egn10w.1329E+02,nstxuG142301H47,reference,10,3.6461433922040363,-7.120353717516898e-06,bad,none,below_upper2,0.9981237880325485,0.9999899731970472,0.29,lower_max,0.28500000000000003,0.004999999999999949,0.003755082358868628,0.8897418515150125,0.03623688344423736,2,0,2,0.023007715781072354,0.0,0.023007715781072354,2.3545234823618977e-06,True,True,False,False,True,low@0.2280:W=0.0230077;high@0.7915:W=2.35452e-06,low@0.2280:W=0.0230077;high@0.7915:W=2.35452e-06
nstxuG142301H47/N10/egn10w.1342E+02,nstxuG142301H47,reference,10,3.66385497322187,-9.667003336890937e-05,good,tae,below_upper2,0.9973968281240562,0.9999840635021269,0.28500000000000003,lower_max,0.28500000000000003,0.0,0.008571067899063041,0.8055297571147694,0.03606170934437609,2,0,2,0.020369376940896033,0.0,0.020369376940896033,1.5163441278757926e-05,True,True,False,False,True,low@0.2267:W=0.0203694;high@0.7844:W=1.51634e-05,low@0.2267:W=0.0203694;high@0.7844:W=1.51634e-05
nstxuG142301H47/N10/egn10w.1403E+02,nstxuG142301H47,reference,10,3.745962052971523,-0.00020684849749384938,good,tae,below_upper2,0.7701099157937911,0.9486868833218826,0.7000000000000001,lower_max,0.355,0.3450000000000001,0.10041391101764519,0.003983050745563653,0.019960427698711224,4,0,4,0.1562449178886197,0.0,0.1562449178886197,0.1562449178886197,False,False,False,False,False,low@0.1523:W=3.51102e-06;low@0.1737:W=1.18667e-06;low@0.2211:W=0.000158073;high@0.7633:W=0.156245,low@0.1523:W=3.51102e-06;low@0.1737:W=1.18667e-06;low@0.2211:W=0.000158073;high@0.7633:W=0.156245
nstxuG142301H47/N10/egn10w.1503E+02,nstxuG142301H47,reference,10,3.8765058353853035,-8.97626716871221e-07,bad,none,below_upper2,0.9998748488162243,0.9999993303355087,0.07,lower_max,0.115,0.045,-0.12962806863695142,0.004527137578787153,0.1112696153459443,4,1,3,9.580419064697175e-06,9.580419064697175e-06,3.676729851081803e-06,6.063871809699855e-08,False,False,False,False,False,low@0.1863:W=3.67673e-06;low@0.2120:W=1.97615e-06;high@0.7328:W=6.06387e-08,low@0.1426:W=9.58042e-06;low@0.1863:W=3.67673e-06;low@0.2120:W=1.97615e-06;high@0.7328:W=6.06387e-08
nstxuG142301H47/N10/egn10w.1517E+02,nstxuG142301H47,reference,10,3.895056990031353,-0.0025727744006068367,bad,none,mixed,-0.023989674790600938,0.38646000691342974,0.785,lower_max,0.355,0.43000000000000005,0.13484825476665493,0.0005535695826309111,0.019196382726059183,6,0,6,0.44245166359348687,0.0,0.44245166359348687,0.44245166359348687,False,False,False,False,False,low@0.0695:W=7.10139e-07;low@0.0760:W=1.03257e-06;low@0.1415:W=2.60642e-06;low@0.1881:W=4.95261e-07;low@0.2106:W=5.51956e-06;high@0.7277:W=0.442452,low@0.0695:W=7.10139e-07;low@0.0760:W=1.03257e-06;low@0.1415:W=2.60642e-06;low@0.1881:W=4.95261e-07;low@0.2106:W=5.51956e-06;high@0.7277:W=0.442452
nstxuG142301H47/N10/egn10w.1835E+02,nstxuG142301H47,reference,10,4.2833870242684196,-3.426700344656589e-05,bad,none,below_upper2,0.7899614758291955,0.8900094313276159,0.63,upper_min,0.355,0.275,0.183970522174569,0.023288464941184986,0.032600743006528314,4,0,4,0.16194604549076727,0.0,0.16194604549076727,0.16194604549076727,False,False,False,False,False,low@0.0400:W=1.22549e-06;low@0.1053:W=1.44704e-05;low@0.1232:W=1.20691e-06;high@0.6518:W=0.161946,low@0.0400:W=1.22549e-06;low@0.1053:W=1.44704e-05;low@0.1232:W=1.20691e-06;high@0.6518:W=0.161946
nstxuG142301H47/N10/egn10w.2157E+02,nstxuG142301H47,reference,10,4.644689928429024,-1.2795925893137967e-09,bad,none,below_upper2,0.9928683768251211,0.9993828693405586,0.01,lower_max,0.115,0.10500000000000001,0.05720083205483487,0.0003163224878356307,0.09286676179383252,1,0,1,7.907528655570613e-06,0.0,7.907528655570613e-06,7.907528655570613e-06,False,False,False,False,False,high@0.5790:W=7.90753e-06,high@0.5790:W=7.90753e-06
nstxuG142301H47/N10/egn10w.2206E+02,nstxuG142301H47,reference,10,4.696767702402257,-2.3866606964717007e-05,bad,none,below_upper2,0.8465194978268452,0.9322815056283461,0.295,upper_min,0.29,0.0050000000000000044,0.07884274631630209,0.2523206449658284,0.05255285644012611,1,0,1,0.7650308937579059,0.0,0.7650308937579059,0.7650308937579059,False,False,False,False,False,high@0.5600:W=0.765031,high@0.5600:W=0.765031
nstxuG142301H47/N10/egn10w.2222E+02,nstxuG142301H47,reference,10,4.71357386462784,-1.1865506640480405e-05,bad,none,below_upper2,0.8597955059706318,0.9671027678191583,0.545,upper_min,0.355,0.19000000000000006,0.07591481908372866,0.12703731467332438,0.029625418755731794,1,0,1,0.44755691996837205,0.0,0.44755691996837205,0.44755691996837205,False,False,False,False,False,high@0.5586:W=0.447557,high@0.5586:W=0.447557
nstxuG142301H47/N10/egn10w.2241E+02,nstxuG142301H47,reference,10,4.734078340974815,-6.400413417357642e-05,bad,none,below_upper2,0.8897497020357371,0.9950572391538125,0.29,upper_min,0.29,0.0,0.07034007507065788,0.31081160899018784,0.0521386722016394,1,0,1,0.18406648389903288,0.0,0.18406648389903288,0.18406648389903288,False,False,False,False,False,high@0.5568:W=0.184066,high@0.5568:W=0.184066
nstxuG142301H47/N10/egn10w.2262E+02,nstxuG142301H47,reference,10,4.756218337089437,-0.0004679670176104417,bad,none,below_upper2,0.8802135424025517,0.9790583992960202,0.515,upper_min,0.355,0.16000000000000003,0.06626811730899104,0.08622567292770247,0.029359795887992462,3,0,3,0.2786493376515955,0.0,0.2786493376515955,0.2786493376515955,False,False,False,False,False,high@0.5377:W=0.278649;high@0.5478:W=0.207482;high@0.5543:W=0.278309,high@0.5377:W=0.278649;high@0.5478:W=0.207482;high@0.5543:W=0.278309
nstxuG142301H47/N10/egn10w.2287E+02,nstxuG142301H47,reference,10,4.782642448596638,-2.3659838407076928e-06,bad,none,below_upper2,0.8674154384615409,0.9533039356484605,0.51,upper_min,0.355,0.15500000000000003,0.06037698329026176,0.10039325549210554,0.029197582942176153,1,0,1,0.5463348807980164,0.0,0.5463348807980164,0.5463348807980164,False,False,False,False,False,high@0.5348:W=0.546335,high@0.5348:W=0.546335
nstxuG142301H47/N10/egn10w.2303E+02,nstxuG142301H47,reference,10,4.798553462989767,-6.986501507316335e-05,bad,none,below_upper2,0.8611465512018969,0.9803075944525271,0.20500000000000002,upper_min,0.20500000000000002,0.0,0.04751522503762165,0.33154866912230724,0.07338482302775778,1,0,1,0.38720335840646414,0.0,0.38720335840646414,0.38720335840646414,False,False,False,False,False,high@0.5334:W=0.387203,high@0.5334:W=0.387203
nstxuG142301H47/N10/egn10w.2314E+02,nstxuG142301H47,reference,10,4.810636494126159,-0.00010716050020822193,bad,none,below_upper2,0.8767038060246847,0.9960062201976472,0.20500000000000002,upper_min,0.20500000000000002,0.0,0.04488414719679343,0.41941709488788675,0.07320049999635315,1,0,1,0.13365585270517294,0.0,0.13365585270517294,0.13365585270517294,False,False,False,False,False,high@0.5324:W=0.133656,high@0.5324:W=0.133656
nstxuG142301H47/N10/egn10w.2331E+02,nstxuG142301H47,reference,10,4.827908624431004,-4.93714322220109e-05,bad,none,below_upper2,0.8866256143384277,0.9836623378622669,0.20500000000000002,upper_min,0.20500000000000002,0.0,0.041146012002493584,0.4528127540861599,0.07293862085309041,3,0,3,0.19380002261323556,0.0,0.19380002261323556,0.19380002261323556,False,False,False,False,False,high@0.5096:W=0.1938;high@0.5180:W=0.00564123;high@0.5310:W=0.031726,high@0.5096:W=0.1938;high@0.5180:W=0.00564123;high@0.5310:W=0.031726
nstxuG142301H47/N10/egn10w.2349E+02,nstxuG142301H47,reference,10,4.84622761337023,-0.00038254554440911976,bad,none,below_upper2,0.8639687775886199,0.9829759921351834,0.2,upper_min,0.20500000000000002,0.0050000000000000044,0.037210426677245216,0.32834473955184856,0.0726629091252789,3,0,3,0.22056901032575205,0.0,0.22056901032575205,0.22056901032575205,False,True,False,False,False,high@0.5080:W=0.220569;high@0.5215:W=0.136597;high@0.5285:W=0.166848,high@0.5080:W=0.220569;high@0.5215:W=0.136597;high@0.5285:W=0.166848
nstxuG142301H47/N10/egn10w.2367E+02,nstxuG142301H47,reference,10,4.865634454322697,-0.00014002800651962018,bad,none,below_upper2,0.8265981474259603,0.9793789413127268,0.485,upper_min,0.355,0.13,0.04229037742310227,0.13015952806315803,0.02869956649776953,1,0,1,0.5168099494794309,0.0,0.5168099494794309,0.5168099494794309,False,False,False,False,False,high@0.5062:W=0.51681,high@0.5062:W=0.51681
nstxuG142301H47/N10/egn10w.2384E+02,nstxuG142301H47,reference,10,4.882722564961234,-6.696433834376448e-07,bad,none,below_upper2,0.8456614826522403,0.986611027599478,0.445,upper_min,0.355,0.09000000000000002,0.03864266386782072,0.1626722116809827,0.02859912635171019,1,0,1,0.26016194479550564,0.0,0.26016194479550564,0.26016194479550564,False,False,False,False,False,high@0.5047:W=0.260162,high@0.5047:W=0.260162
nstxuG142301H47/N10/egn10w.2409E+02,nstxuG142301H47,reference,10,4.908559944821691,-0.00023442485266144558,bad,none,below_upper2,0.8501455656477366,0.9913060729242307,0.45,upper_min,0.355,0.09500000000000003,0.03317551966518337,0.13664534577932452,0.028448588006547294,3,0,3,0.43843196479695656,0.0,0.43843196479695656,0.43843196479695656,False,False,False,False,False,high@0.4776:W=0.438432;high@0.4877:W=0.0207659;high@0.5024:W=0.0298693,high@0.4776:W=0.438432;high@0.4877:W=0.0207659;high@0.5024:W=0.0298693
nstxuG142301H47/N10/egn10w.2416E+02,nstxuG142301H47,reference,10,4.915784922700545,-2.993177218166649e-05,good,tae,below_upper2,0.8262611093033974,0.9995296720797633,0.115,upper_min,0.115,0.0,0.022579302134396555,0.8811026742432193,0.09464493171831338,3,0,3,0.007957361853469043,0.0,0.007957361853469043,0.007957361853469043,True,True,False,True,True,high@0.4768:W=0.00795736;high@0.4887:W=9.42792e-05;high@0.5018:W=0.000367732,high@0.4768:W=0.00795736;high@0.4887:W=9.42792e-05;high@0.5018:W=0.000367732
nstxuG142301H47/N10/egn10w.2447E+02,nstxuG142301H47,reference,10,4.946990275695816,-7.847099253690204e-05,bad,none,below_upper2,0.8210572296684246,0.9801865575416484,0.195,upper_min,0.20500000000000002,0.010000000000000009,0.016084028976947315,0.277671947301851,0.07118287626332723,3,0,3,0.3254180465238326,0.0,0.3254180465238326,0.3254180465238326,True,True,False,False,False,high@0.4740:W=0.325418;high@0.4939:W=0.0789777;high@0.4969:W=0.0702308,high@0.4740:W=0.325418;high@0.4939:W=0.0789777;high@0.4969:W=0.0702308
nstxuG142301H47/N10/egn10w.2456E+02,nstxuG142301H47,reference,10,4.955792957787939,-9.177759216832467e-05,bad,none,below_upper2,0.7877326294348798,0.9881639099035102,0.45,upper_min,0.355,0.09500000000000003,0.023328459238643927,0.1135431866625984,0.02817744824392402,1,0,1,0.34386218101370375,0.0,0.34386218101370375,0.34386218101370375,False,False,False,False,False,high@0.4733:W=0.343862,high@0.4733:W=0.343862
nstxuG142301H47/N10/egn10w.2470E+02,nstxuG142301H47,reference,10,4.969991672892264,-8.21027990270464e-05,bad,none,below_upper2,0.8203369749747509,0.985971848301903,0.195,upper_min,0.20500000000000002,0.010000000000000009,0.011381535718670868,0.3640981111209088,0.07085343796276654,3,0,3,0.307872788459743,0.0,0.307872788459743,0.307872788459743,True,True,False,False,False,high@0.4437:W=0.307873;high@0.4513:W=0.0137954;high@0.4723:W=0.0362392,high@0.4437:W=0.307873;high@0.4513:W=0.0137954;high@0.4723:W=0.0362392
nstxuG142301H47/N10/egn10w.2505E+02,nstxuG142301H47,reference,10,5.004644738199919,-8.19019718006664e-06,bad,none,below_upper2,0.7307721120238776,0.9995647283153783,0.125,upper_min,0.115,0.009999999999999995,0.004422926832156001,0.4794963647323074,0.09296446654837903,3,0,3,0.09436936259419076,0.0,0.09436936259419076,0.09436936259419076,True,True,False,False,False,high@0.4402:W=0.0943694;high@0.4555:W=0.00132253;high@0.4696:W=0.00108934,high@0.4402:W=0.0943694;high@0.4555:W=0.00132253;high@0.4696:W=0.00108934
nstxuG142301H47/N10/egn10w.2514E+02,nstxuG142301H47,reference,10,5.0143969331933045,-2.6376202057896036e-06,bad,none,below_upper2,0.7258938154073997,0.9825883852049268,0.20500000000000002,upper_min,0.20500000000000002,0.0,0.00242519242243856,0.3343470797540784,0.070225991552385,3,0,3,0.16032930680785312,0.0,0.16032930680785312,0.16032930680785312,True,True,False,False,False,high@0.4394:W=0.160329;high@0.4567:W=0.00127623;high@0.4685:W=0.00277811,high@0.4394:W=0.160329;high@0.4567:W=0.00127623;high@0.4685:W=0.00277811
nstxuG142301H47/N10/egn10w.2564E+02,nstxuG142301H47,reference,10,5.063977509375466,-5.9323625777741096e-05,bad,none,below_upper2,0.6468832572450591,0.9546248108314319,0.29,upper_min,0.29,0.0,0.000611427971028833,0.3338051800869993,0.04874203298493871,7,0,7,0.31084943899257916,0.0,0.31084943899257916,0.31084943899257916,True,True,False,False,False,high@0.1119:W=0.0304115;high@0.1218:W=0.0288381;high@0.1954:W=0.0176413;high@0.2105:W=0.234385;high@0.4005:W=0.310849;high@0.4143:W=0.00945086;high@0.4361:W=0.00546263,high@0.1119:W=0.0304115;high@0.1218:W=0.0288381;high@0.1954:W=0.0176413;high@0.2105:W=0.234385;high@0.4005:W=0.310849;high@0.4143:W=0.00945086;high@0.4361:W=0.00546263
nstxuG142301H47/N10/egn10w.2570E+02,nstxuG142301H47,reference,10,5.069827989075745,-0.0016294213691263775,bad,none,below_upper2,0.6326071598133436,0.8796297131127642,0.355,upper_min,0.355,0.0,0.0003108552650119205,0.4419017857172946,0.027543656289043084,9,0,9,0.5122989018888618,0.0,0.5122989018888618,0.0031802805368122272,True,True,False,False,False,high@0.1114:W=0.00226615;high@0.1222:W=0.00369412;high@0.1948:W=0.000396368;high@0.2111:W=0.12926;high@0.2882:W=0.321906;high@0.2907:W=0.512299;high@0.3999:W=0.259437;high@0.4150:W=0.00318028;high@0.4357:W=0.00258315,high@0.1114:W=0.00226615;high@0.1222:W=0.00369412;high@0.1948:W=0.000396368;high@0.2111:W=0.12926;high@0.2882:W=0.321906;high@0.2907:W=0.512299;high@0.3999:W=0.259437;high@0.4150:W=0.00318028;high@0.4357:W=0.00258315
nstxuG142301H47/N10/egn10w.2590E+02,nstxuG142301H47,reference,10,5.088770976310697,-0.00010997659259974489,bad,none,below_upper2,0.32129109579253523,0.9412164169466811,0.01,upper_min,0.115,0.10500000000000001,-0.012181931727988404,0.01053306859422054,0.0914276021689252,11,2,9,0.030051807559680777,0.012940226766630763,0.030051807559680777,0.030051807559680777,False,False,False,False,False,high@0.1934:W=0.00394998;high@0.2128:W=6.27439e-05;high@0.2829:W=8.90261e-05;high@0.2952:W=0.000749906;high@0.3524:W=0.000462895;high@0.3620:W=0.000654018;high@0.3986:W=0.000213286;high@0.4167:W=0.0300518;high@0.4342:W=0.0228246,high@0.1099:W=0.0129402;high@0.1236:W=0.000560974;high@0.1934:W=0.00394998;high@0.2128:W=6.27439e-05;high@0.2829:W=8.90261e-05;high@0.2952:W=0.000749906;high@0.3524:W=0.000462895;high@0.3620:W=0.000654018;high@0.3986:W=0.000213286;high@0.4167:W=0.0300518;high@0.4342:W=0.0228246
nstxuG142301H47/N10/egn10w.2595E+02,nstxuG142301H47,reference,10,5.094040595520987,-0.00024937447413285094,bad,none,below_upper2,0.2993577901233711,0.9480511004715864,0.01,upper_min,0.115,0.10500000000000001,-0.013203797371032977,0.008230782197216943,0.0913330232899968,11,2,9,0.07624545764455339,0.008916794055607991,0.07624545764455339,0.000974625892542749,False,False,False,False,False,high@0.1931:W=0.00179454;high@0.2132:W=7.39405e-05;high@0.2821:W=0.000107049;high@0.2958:W=0.0029416;high@0.3516:W=0.00330683;high@0.3627:W=0.0762455;high@0.3982:W=0.040435;high@0.4172:W=0.000974626;high@0.4337:W=0.000587201,high@0.1097:W=0.00891679;high@0.1240:W=0.000999069;high@0.1931:W=0.00179454;high@0.2132:W=7.39405e-05;high@0.2821:W=0.000107049;high@0.2958:W=0.0029416;high@0.3516:W=0.00330683;high@0.3627:W=0.0762455;high@0.3982:W=0.040435;high@0.4172:W=0.000974626;high@0.4337:W=0.000587201
nstxuG142301H47/N10/egn10w.2631E+02,nstxuG142301H47,reference,10,5.1292033869664815,-0.00032407012276970606,bad,none,below_upper2,-0.12724701220647786,0.8503498657500982,0.01,upper_min,0.115,0.10500000000000001,-0.019968689783063032,0.0782200773985221,0.09070689798207994,11,2,9,0.4251043169175426,0.07124769099877189,0.4251043169175426,0.006970985379216945,False,False,False,False,False,high@0.1905:W=0.108016;high@0.2162:W=0.000387345;high@0.2780:W=0.000532957;high@0.2999:W=0.0023118;high@0.3480:W=0.000399819;high@0.3666:W=0.35163;high@0.3958:W=0.425104;high@0.4210:W=0.0059931;high@0.4307:W=0.00697099,high@0.1080:W=0.0105407;high@0.1261:W=0.0712477;high@0.1905:W=0.108016;high@0.2162:W=0.000387345;high@0.2780:W=0.000532957;high@0.2999:W=0.0023118;high@0.3480:W=0.000399819;high@0.3666:W=0.35163;high@0.3958:W=0.425104;high@0.4210:W=0.0059931;high@0.4307:W=0.00697099
nstxuG142301H47/N10/egn10w.2708E+02,nstxuG142301H47,reference,10,5.203430477440115,-9.070346718982817e-05,bad,none,below_upper2,0.1655381915113332,0.9803624336403701,0.01,upper_min,0.115,0.10500000000000001,-0.03394886556245652,0.0026718937509589502,0.08941296138538866,9,2,7,0.03381995614901351,0.0019374069570970817,0.03381995614901351,0.0,False,False,False,False,False,high@0.1861:W=0.000185736;high@0.2217:W=7.09326e-06;high@0.2716:W=5.88846e-06;high@0.3064:W=7.43018e-06;high@0.3421:W=4.2903e-06;high@0.3732:W=0.03382;high@0.3905:W=0.0246028,high@0.1046:W=0.00193741;high@0.1300:W=0.000296755;high@0.1861:W=0.000185736;high@0.2217:W=7.09326e-06;high@0.2716:W=5.88846e-06;high@0.3064:W=7.43018e-06;high@0.3421:W=4.2903e-06;high@0.3732:W=0.03382;high@0.3905:W=0.0246028
nstxuG142301H47/N10/egn10w.2717E+02,nstxuG142301H47,reference,10,5.212736844612839,-4.30788707855496e-05,bad,none,below_upper2,0.2000850761960513,0.9853288760976938,0.01,upper_min,0.115,0.10500000000000001,-0.035673569270450796,0.002659577287645471,0.0892533312575964,9,2,7,0.002133908562015569,0.0009960572158159416,0.002133908562015569,0.0,False,False,False,False,False,high@0.1855:W=0.00054879;high@0.2223:W=4.43068e-06;high@0.2709:W=2.80566e-06;high@0.3071:W=0.00167462;high@0.3414:W=0.00213391;high@0.3740:W=3.00231e-06;high@0.3897:W=1.97448e-06,high@0.1043:W=0.000996057;high@0.1305:W=0.000529392;high@0.1855:W=0.00054879;high@0.2223:W=4.43068e-06;high@0.2709:W=2.80566e-06;high@0.3071:W=0.00167462;high@0.3414:W=0.00213391;high@0.3740:W=3.00231e-06;high@0.3897:W=1.97448e-06
nstxuG142301H47/N10/egn10w.2741E+02,nstxuG142301H47,reference,10,5.235307016395606,-0.00014402759531527073,bad,none,below_upper2,0.29103342105361385,0.9811591979039774,0.01,upper_min,0.115,0.10500000000000001,-0.03983092109873263,0.000827519949298718,0.08886854713464823,9,2,7,0.03538388585756856,0.0002638720983738362,0.03538388585756856,0.0,False,False,False,False,False,high@0.1843:W=1.62885e-05;high@0.2240:W=0.0353839;high@0.2691:W=0.0190217;high@0.3090:W=3.74084e-06;high@0.3398:W=1.02722e-06;high@0.3767:W=7.94565e-07;high@0.3871:W=7.83604e-07,high@0.1034:W=0.000263872;high@0.1316:W=1.25019e-05;high@0.1843:W=1.62885e-05;high@0.2240:W=0.0353839;high@0.2691:W=0.0190217;high@0.3090:W=3.74084e-06;high@0.3398:W=1.02722e-06;high@0.3767:W=7.94565e-07;high@0.3871:W=7.83604e-07
nstxuG142301H47/N10/egn10w.2753E+02,nstxuG142301H47,reference,10,5.247084677716912,-3.087171488566892e-05,bad,none,below_upper2,0.3038114903105735,0.9900566094744602,0.01,upper_min,0.115,0.10500000000000001,-0.04198612668756442,0.0005799016537056789,0.08866907186131916,9,2,7,0.02431359982440137,0.00016414783771922912,0.02431359982440137,0.0,False,False,False,False,False,high@0.1837:W=5.09904e-06;high@0.2248:W=1.69698e-06;high@0.2681:W=1.56819e-06;high@0.3100:W=0.0243136;high@0.3388:W=0.015602;high@0.3785:W=1.75121e-06;high@0.3857:W=2.19875e-06,high@0.1029:W=0.000164148;high@0.1322:W=5.08954e-06;high@0.1837:W=5.09904e-06;high@0.2248:W=1.69698e-06;high@0.2681:W=1.56819e-06;high@0.3100:W=0.0243136;high@0.3388:W=0.015602;high@0.3785:W=1.75121e-06;high@0.3857:W=2.19875e-06
nstxuG142301H47/N10/egn10w.2777E+02,nstxuG142301H47,reference,10,5.269468718538702,-0.00017827055743743875,bad,none,below_upper2,0.15886942843894958,0.9913797381724432,0.01,upper_min,0.115,0.10500000000000001,-0.04605564921316993,4.181860976540196e-05,0.08829241678844789,7,2,5,0.027497800123640125,1.5511668156481634e-05,0.027497800123640125,0.0,False,False,False,False,False,high@0.1824:W=2.13402e-06;high@0.2266:W=0.0144987;high@0.2663:W=0.0274978;high@0.3121:W=1.1887e-06;high@0.3369:W=1.84885e-07,high@0.1020:W=1.55117e-05;high@0.1333:W=2.6651e-06;high@0.1824:W=2.13402e-06;high@0.2266:W=0.0144987;high@0.2663:W=0.0274978;high@0.3121:W=1.1887e-06;high@0.3369:W=1.84885e-07
nstxuG142301H47/N10/egn10w.9499E+01,nstxuG142301H47,reference,10,3.0819639432564574,-0.0017188465863319014,bad,none,below_upper2,0.8431173454248742,0.9999820362213929,0.445,lower_max,0.355,0.09000000000000002,-0.09339869471294297,0.000632745459484833,0.02426083046300976,2,0,2,0.20052352735279674,0.0,0.20052352735279674,0.20052352735279674,False,False,False,False,False,low@0.4147:W=0.200524;high@0.9793:W=0.000207492,low@0.4147:W=0.200524;high@0.9793:W=0.000207492
