mode_key,label,input_fingerprint,v4_decision,v5_decision,v5_reason,new_rejection
nstx_120113/N1/egn01w.1388E+02,bad,c7f2d7e2f2ce3639d2df21d5d9477b72dcb1d256fb917a37ff3bb18dbfe6e233,BAD,BAD,BAD_CONT_CROSS_WINDOW,False
nstx_120113/N1/egn01w.1397E+02,bad,c0b6052f67c666baf5fc492cedf9bbc1e7b34211da52e5c37f6a1aca507ee7d9,BAD,BAD,BAD_CONT_CROSS_WINDOW,False
nstx_120113/N1/egn01w.1406E+02,bad,12319c1b9537dd8215a0c71a6ba794e0a235fbf2692d7ea215fbb624aee6d255,BAD,BAD,BAD_CONT_CROSS_WINDOW,False
nstx_120113/N1/egn01w.1415E+02,bad,7c43604e57901b3098662b6a69b9a601985e500a890a2b769c2b7abedaf58ada,BAD,BAD,BAD_GRID_SCALE_SPIKE,False
nstx_120113/N1/egn01w.1425E+02,bad,73cdfe42dd5556d72c1e828066f4c3a26f39fcbefd913e43b5bc7defbcfb5238,BAD,BAD,BAD_CONT_CROSS_WINDOW,False
nstx_120113/N1/egn01w.1435E+02,bad,39ade8faddf05bed6eff7cf941c54b9b37e44e94e8d52879228e3f9589201a7a,BAD,BAD,BAD_CONT_CROSS_WINDOW,False
nstx_120113/N1/egn01w.1445E+02,bad,9a7ebe1b9a0dcb9558aea3b8b1ba69d57b45e757cdeea4bbd211925978b4a7d9,BAD,BAD,BAD_AXIS_SPIKE,False
nstx_120113/N1/egn01w.1455E+02,bad,7e81aa72bed7cfd20ce8aa9ff10853d84dcde34dd1072323e39f510b50919435,BAD,BAD,BAD_AXIS_SPIKE,False
nstx_120113/N1/egn01w.1602E+02,bad,170e7ee8b64025df5a2e3b75d07b6cbd2c95a159f55159c542897bf39b45a5bf,BAD,BAD,BAD_AXIS_SPIKE,False
nstx_120113/N1/egn01w.1621E+02,bad,c325f217a7629ff588a8b8cf172c3dcb7d7efb27ad86d7fc0786173af1ee63cc,BAD,BAD,BAD_AXIS_SPIKE,False
nstx_120113/N1/egn01w.1642E+02,bad,bfe18fa8a826a769a2a3aa525a5ba6c4a83832d9866c4bd2c243fe2eef973e92,BAD,BAD,BAD_AXIS_SPIKE,False
nstx_120113/N1/egn01w.1728E+02,bad,55c61b4921ecae065a5c9fe15988c06bdb729c88886adefc4137ab63620e0f0f,BAD,BAD,BAD_AXIS_SPIKE,False
nstx_120113/N1/egn01w.1754E+02,bad,00bd8aeb119f2bf4310878c6bc174af002c58430ac027a7121d4445c95700a04,BAD,BAD,BAD_AXIS_SPIKE,False
nstx_120113/N1/egn01w.1780E+02,bad,0a684b620f434a416ef84c56b98fa9ed26bb4de0cd01959ac752dc4985ae6235,BAD,BAD,BAD_AXIS_SPIKE,False
nstx_120113/N1/egn01w.1807E+02,bad,a7b769baefcd33bd024ca895ed9f57d430f3c5ee0da8dbfdd6b2e2695fa60eaa,BAD,BAD,BAD_AXIS_SPIKE,False
nstx_120113/N1/egn01w.1833E+02,bad,eabea2252accf7c1d7c81d302d9dad39c354ebb9acf8727298122c7db58210d4,BAD,BAD,BAD_AXIS_SPIKE,False
nstx_120113/N1/egn01w.1861E+02,bad,04ed8ef4a0956665f729cb537832cf6b23bf3780e40ca95b1f10491c6dbb1c82,BAD,BAD,BAD_AXIS_SPIKE,False
nstx_120113/N1/egn01w.1888E+02,bad,266dc8deef70214aa807aac36d7bbb74afb75a6b6e93e92d90da3d7d6752296a,BAD,BAD,BAD_AXIS_SPIKE,False
nstx_120113/N1/egn01w.1916E+02,bad,b0a569baffafa97a2229328ff5d5794f6715dc7c04c4992a184879f07aea9360,BAD,BAD,BAD_AXIS_SPIKE,False
nstx_120113/N1/egn01w.1945E+02,bad,b49f75b74feae8a6e63b87c782dbdb9456380e0671d4b5ea3b188badc6eea8ee,BAD,BAD,BAD_AXIS_SPIKE,False
nstx_120113/N1/egn01w.1974E+02,bad,11f7381e832f65a605c878538e709010a255867b219072dd9f8f78c2fda79995,BAD,BAD,BAD_AXIS_SPIKE,False
nstx_120113/N1/egn01w.2065E+02,bad,1b6319b23918b83e08b4d92b3d5cff8bdb4b577d1f458109e358604f6e1d731d,BAD,BAD,BAD_AXIS_SPIKE,False
nstx_120113/N1/egn01w.2096E+02,bad,46907bb3b41d177866781802add519f814ec92d6eadfc53a0a419c8872b01d6c,BAD,BAD,BAD_AXIS_SPIKE,False
nstx_120113/N1/egn01w.2125E+02,bad,e281f4be2054029b7de7fbffb0da854244edbea51e7313268c15000976ee3ccc,BAD,BAD,BAD_AXIS_SPIKE,False
nstx_120113/N1/egn01w.2163E+02,bad,1c6a8cde7651e2c8968f27bb0b79a9d0593b1e0ddce6a2bb4fb90f6333f127f2,BAD,BAD,BAD_CONT_CROSS_WINDOW,False
nstx_120113/N1/egn01w.2196E+02,bad,982cf8e97c19e758f34acdcf08b2b3267ecc92bce829d9d6c923f71ab9032cb8,BAD,BAD,BAD_CONT_CROSS_WINDOW,False
nstx_120113/N1/egn01w.2231E+02,bad,21f5b4a5489686e6f0ada3cf40b0c80f21eb045d57abe01b735fbd3fc054ee22,BAD,BAD,BAD_CONT_CROSS_WINDOW,False
nstx_120113/N1/egn01w.2266E+02,bad,48a01e5f7327442ca3a398b512bf8b16cf51ec03d8f5082d797d9bdd09ee5636,BAD,BAD,BAD_CONT_CROSS_WINDOW,False
nstx_120113/N1/egn01w.2340E+02,bad,ca04c128fbe46e0a733ad60529d5e4edc899b99345691a6c663b9d7f1f37005e,BAD,BAD,BAD_CONT_CROSS_WINDOW,False
nstx_120113/N1/egn01w.2378E+02,bad,2250b96bb1001307d3c479773285e8154d5da3bcade71600d90f80062723f35f,BAD,BAD,BAD_CONT_CROSS_WINDOW,False
nstx_120113/N1/egn01w.2417E+02,bad,b539eaf9c272049f08cfd22f53dba8f92f64354ba7f97ba4d3b855f92335d6c8,BAD,BAD,BAD_GRID_SCALE_SPIKE,False
nstx_120113/N1/egn01w.2456E+02,bad,cf7540d3dc9391a31d324aa37b1f9b2fcbb28bd0bd97333fbf27c0c785559e5b,BAD,BAD,BAD_CONT_CROSS_WINDOW,False
nstx_120113/N1/egn01w.2497E+02,bad,080030ed2256f04547ea85779cd39b4c511cf6a01912304a041b24bb33d2c542,BAD,BAD,BAD_CONT_CROSS_WINDOW,False
nstx_120113/N1/egn01w.2538E+02,bad,3a233a691fbc8d3d6307fa546f6ca01f2fda7ec9c09f25f9276173135f49c3da,BAD,BAD,BAD_CONT_CROSS_WINDOW,False
nstx_120113/N1/egn01w.2580E+02,bad,e130fee14e0b91be07f2b7512fa6f53c51a56e6959e4071d3224e2c19db9aa94,BAD,BAD,BAD_CONT_CROSS_WINDOW,False
nstx_120113/N1/egn01w.2623E+02,bad,6ad98d5923e868896a9a2564761d7c912964631018480a8b74b2af8076c8a31d,BAD,BAD,BAD_CONT_CROSS_WINDOW,False
nstx_120113/N1/egn01w.2666E+02,bad,6c981d7f2b3887c7bb5ae83bb08984ad70fee9329da34ad4e8ddf2c1cccda342,BAD,BAD,BAD_CONT_CROSS_WINDOW,False
nstx_120113/N1/egn01w.6266E+02,bad,1e414d1ee3e784223de6a0cae87f7ec16f5db39c8af18f46b9f8a1d0ac829809,BAD,BAD,BAD_AXIS_SPIKE,False
nstx_120113/N10/egn10w.1089E+02,good,f65526643d034a5fb25e50ea19020814539e06cc8663e7e1c2ce8d37ca713778,REVIEW,REVIEW,NO_GOOD_TEMPLATE,False
nstx_120113/N10/egn10w.1224E+02,good,634349004ef8aab43a0248546a54a504ad6681876124c56478e9a6c238c30935,REVIEW,REVIEW,NO_GOOD_TEMPLATE,False
nstx_120113/N10/egn10w.1368E+02,good,555cee83c0944434194b1d7c36f9c4d4aeaf1e1abbd2ee883123529151ce886f,REVIEW,REVIEW,NO_GOOD_TEMPLATE,False
nstx_120113/N10/egn10w.1534E+02,good,a459831b9615533cdbfcf763d1261dc1753cdde57fcbeb58e3c8a6943523aa47,REVIEW,REVIEW,NO_GOOD_TEMPLATE,False
nstx_120113/N10/egn10w.2032E+02,good,adca9d7e1f2e3f54e68d5771945923618b617b04d1695893f8c997c26a2a1248,REVIEW,REVIEW,NO_GOOD_TEMPLATE,False
nstx_120113/N10/egn10w.2299E+02,good,335c0a2589102650b85f0feb59d6f0159d6808229031ea4dac7c33303a734a16,REVIEW,REVIEW,NO_GOOD_TEMPLATE,False
nstx_120113/N10/egn10w.2591E+02,good,23674b3a050916e8edba9b4d9760805b7b31a8466f29490bb6e19f7f50ce79f5,REVIEW,REVIEW,NO_GOOD_TEMPLATE,False
nstx_120113/N10/egn10w.2945E+02,good,31e2232cef7dfcccded42edab05218cb4c5259ef64b241b5500bb852834048c3,REVIEW,REVIEW,NO_GOOD_TEMPLATE,False
nstx_120113/N10/egn10w.4548E+02,bad,467361781b5dbfc3ee4ad503d3f4a4ebb49ab1959f21cec932a1f467a53ddc30,BAD,BAD,BAD_CONT_CROSS_WINDOW,False
nstx_120113/N10/egn10w.4585E+02,bad,a8d310d10e90bbd789632097d067cc8565b922b036ab7410a2f8976665dab7ee,BAD,BAD,BAD_CONT_CROSS_WINDOW,False
nstx_120113/N10/egn10w.4695E+02,bad,a91341bf10833da92b0588eca9db5f1e6f09cc6917d55714e867ec39f3d7ee02,BAD,BAD,BAD_CONT_CROSS_WINDOW,False
nstx_120113/N10/egn10w.5042E+02,bad,91f3d14780af07c25e50d42761469c2ab8446020273143a27c777af11f1d2337,BAD,BAD,BAD_CONT_CROSS_WINDOW,False
nstx_120113/N10/egn10w.5561E+02,bad,a6ffa6e89882d03b75bef4cc13716753a2ae5636415ba686be835673b7e087af,BAD,BAD,BAD_CONT_CROSS_WINDOW,False
nstx_120113/N10/egn10w.6724E+02,bad,aea82f1097587bab72f56fe29317229c1bab1bf47ac6b11ac9479a2288be8036,BAD,BAD,BAD_CONT_CROSS_WINDOW,False
nstx_120113/N10/egn10w.9347E+01,good,53341e308fa0bb1888e14526ecd1413e449b94dd30ab791bbfc153ea6a736be1,REVIEW,REVIEW,NO_GOOD_TEMPLATE,False
nstx_120113/N10/egn10w.9510E+01,good,3f14a8ecf135daaed5fb1f64ffeb0296cd880cc71b876865c8ba5b859c9a5e6e,REVIEW,REVIEW,NO_GOOD_TEMPLATE,False
nstx_120113/N2/egn02w.1062E+02,bad,a8af27e03e00b5a5b25619f2a44bf7b66d7bffc64e96d643986e9e8a3eaf33eb,BAD,BAD,BAD_AXIS_SPIKE,False
nstx_120113/N2/egn02w.1088E+02,bad,16e71b0ca2b6510bd4126918d12dea93b363a4e7e7da1c6331a7709262657874,BAD,BAD,BAD_AXIS_SPIKE,False
nstx_120113/N2/egn02w.1148E+02,good,fc8b75e33e805bf4090133a897544f9e53a8d5c76fd8c05826d69be16da01a34,BAD,BAD,BAD_AXIS_SPIKE,False
nstx_120113/N2/egn02w.1239E+02,good,800147179b06e5c367231400ba5c7afeaee93ca6636b989a4853da8029493f9c,REVIEW,REVIEW,NO_GOOD_TEMPLATE,False
nstx_120113/N2/egn02w.1609E+02,bad,12fff3ec71f2fe7dc0c0f5c4fe254e6e48194a2477987f6bdbc516214a390b8e,BAD,BAD,BAD_AXIS_SPIKE,False
nstx_120113/N2/egn02w.2030E+02,bad,c9f52ff348759acd477b93aa91f8932a43bce809e5d9021e29310cc5803aa1ef,BAD,BAD,BAD_AXIS_SPIKE,False
nstx_120113/N3/egn03w.5807E+01,bad,4eda13454c52fcc43e46da15baebf56715ba09d3e57dabe1959cc4162cb3881e,BAD,BAD,BAD_CONT_CROSS_WINDOW,False
nstx_120113/N3/egn03w.6981E+01,bad,47c36729b8c1808e16aae8f9c4959add026921070cb0dff64ac6644706ae6549,BAD,BAD,BAD_AXIS_SPIKE,False
nstx_120113/N4/egn04w.1052E+02,bad,36057010da0d9b56d8d335fef757dce0ddb9f6fe784c576d79078953ab5fa0ab,BAD,BAD,BAD_AXIS_SPIKE,False
nstx_120113/N4/egn04w.1223E+02,good,2d5c8a446f15280142b1f763d91fd5f9c419e25201c13d1a98ae65f395ae8c65,REVIEW,REVIEW,NO_GOOD_TEMPLATE,False
nstx_120113/N4/egn04w.1498E+02,good,eb57d0323bb1ff0a49ca4383f519ea68189f700374bdab89759be5cb99061c02,REVIEW,REVIEW,NO_GOOD_TEMPLATE,False
nstx_120113/N4/egn04w.2225E+02,bad,8b1bc8ad64572482408c65508e898a9b881cb7529e30291a358279dea3cbb4b4,BAD,BAD,BAD_AXIS_SPIKE,False
nstx_120113/N4/egn04w.2261E+02,bad,5558720d5c97f1c5aed3284c90ab19e46cdc0abc88add5c5fcd0a437bf21cf10,BAD,BAD,BAD_AXIS_SPIKE,False
nstx_120113/N4/egn04w.2334E+02,good,bd0039eef011586214318958b2f43fe7f55c4a24c6a7bdde420ce13071da3c0a,REVIEW,REVIEW,NO_GOOD_TEMPLATE,False
nstx_120113/N4/egn04w.2625E+02,bad,9dfd7fa4e0836ba0c2ca2f3ab56bd2ee148e1292ea52aeb9caab7dc37b3585a1,BAD,BAD,BAD_AXIS_SPIKE,False
nstx_120113/N4/egn04w.4455E+02,bad,e39681e167b3618fb19677aa35dbda0edcde24895c5c1e7211ec288e45d4fb13,BAD,BAD,BAD_CONT_CROSS_WINDOW,False
nstx_120113/N4/egn04w.4463E+02,bad,c8c65e3ad8f255e8554b4b5c0cf96cf588ba3c6b65c92ad3f589dbcc913da428,BAD,BAD,BAD_CONT_CROSS_WINDOW,False
nstx_120113/N4/egn04w.5581E+02,bad,c4b2502cd77624834291516c5003fc7de9c105ad7f708da7aeef822e8c42fcf4,BAD,BAD,BAD_CONT_CROSS_WINDOW,False
nstx_120113/N4/egn04w.5664E+02,bad,76398376b88d21ba51e6e8e94074b91b93d770bf35478c6ea74b1263de1dcb15,BAD,BAD,BAD_CONT_CROSS_WINDOW,False
nstx_120113/N4/egn04w.6375E+02,bad,4d8ffcba7814bdac44b46705546090fbe1451e0f76065d1ce696a68955585092,BAD,BAD,BAD_CONT_CROSS_WINDOW,False
nstx_120113/N4/egn04w.6761E+01,bad,01ac9f29ebe161942c50a5169245c516f2c8a47c3712eabca75cd0c673b8ef70,BAD,BAD,BAD_AXIS_SPIKE,False
nstx_120113/N4/egn04w.8865E+01,bad,f3f01c87e4a311bd883f689fea6b89c807671942d50d602d93643b72c534f1c1,BAD,BAD,BAD_GRID_SCALE_SPIKE,False
nstx_120113/N4/egn04w.8937E+01,bad,60915eb86f72d7ed698d8657c037f36a1173bae3aa68bd38195c2ceec0064fcf,BAD,BAD,BAD_AXIS_SPIKE,False
nstx_120113/N4/egn04w.8982E+01,bad,996ed3c3bcce503b0c3efd995ac2c3fe746d9bea81ec67861e02b8dee1ebfc21,BAD,BAD,BAD_AXIS_SPIKE,False
nstx_120113/N4/egn04w.9018E+01,bad,4ddb4e183b7e01d676a492db91a837ecf66425f8c576eb24998f8f8e1d4a7ef2,BAD,BAD,BAD_AXIS_SPIKE,False
nstx_120113/N4/egn04w.9059E+01,bad,f467b51797a9c122cab7aef6cfdb16e55ee7c7fddd3ce22be679840d7753eccd,BAD,BAD,BAD_AXIS_SPIKE,False
nstx_120113/N4/egn04w.9198E+01,bad,f5d555917a5f1df11be892978684703d18e003ad1994a9233eb53edb81e52315,BAD,BAD,BAD_AXIS_SPIKE,False
nstx_120113/N4/egn04w.9355E+01,bad,732f7bbc1f7997dce7c9cf9bc08496dd98be8e858618eb1d036aac54910628aa,BAD,BAD,BAD_AXIS_SPIKE,False
nstx_120113/N4/egn04w.9419E+01,bad,a83d741e5b86e841cf879170b4e6741b0023d100eb040958660bb548d5ee37b4,BAD,BAD,BAD_AXIS_SPIKE,False
nstx_120113/N4/egn04w.9542E+01,bad,81b59b93e2a0f00c23a88afd5104f7b7a6a6545d9413f852dfd9f0b94dff66e7,BAD,BAD,BAD_AXIS_SPIKE,False
nstx_120113/N4/egn04w.9876E+01,good,5694e3cf37c485755b9656af7bf094ebe6c97ffecee691c5f10c1a48c422e205,REVIEW,REVIEW,NO_GOOD_TEMPLATE,False
nstx_120113/N5/egn05w.1009E+02,bad,64070ff27ea3e2317644eb0fc6adee87d921845fa111dd0e6c0a39ca1c764b57,BAD,BAD,BAD_CONT_CROSS_WINDOW,False
nstx_120113/N5/egn05w.1161E+02,bad,496170a24d512edba368b4fab21bd5e4f9c7e3e516cc03227c4ddee8750eff3c,BAD,BAD,BAD_AXIS_SPIKE,False
nstx_120113/N5/egn05w.1185E+02,bad,82cb7aae1e8e3fea6a265ea503be9d5c85743e10f426fb67c1db47f83e59daa4,BAD,BAD,BAD_AXIS_SPIKE,False
nstx_120113/N5/egn05w.1205E+02,bad,d7b9372a8f58df99151df6ea727d537c1e136110ec7d3283b5f2801a43708bba,BAD,BAD,BAD_AXIS_SPIKE,False
nstx_120113/N5/egn05w.1226E+02,good,1f3e0938ac51e0c224d63518109191fd118f1838723a7500dd2d49de702bb069,REVIEW,REVIEW,NO_GOOD_TEMPLATE,False
nstx_120113/N5/egn05w.1259E+02,bad,d35f870cddf1b197c2ebfe784da9f3df43cd0ba34cb77948e27a093c86ac6963,BAD,BAD,BAD_AXIS_SPIKE,False
nstx_120113/N5/egn05w.1279E+02,bad,4f2d9c94b03c595c0db0c3b1d52d303efcc5c120e5095d4b333bd510457813bf,BAD,BAD,BAD_AXIS_SPIKE,False
nstx_120113/N5/egn05w.1530E+02,good,8df4bbd6e38d7a8affb2167f8880345da50a22b431591972bbf0127450a26fd6,REVIEW,REVIEW,NO_GOOD_TEMPLATE,False
nstx_120113/N5/egn05w.1806E+02,good,0547a3343747ea1e984f5f348baa5209d80cccb35e888f0e0dc9eacf502ba6d9,REVIEW,REVIEW,NO_GOOD_TEMPLATE,False
nstx_120113/N5/egn05w.2829E+02,bad,6d8f4c0a1c69da9d8e6fc1430869e7baa0f4876ed900cdeb22b289771f7b303e,BAD,BAD,BAD_CONT_CROSS_WINDOW,False
nstx_120113/N5/egn05w.3147E+02,bad,da0d4f052d65d07b1c38d4e15dbcdad2ed156d6c82aff928263c3bc1bd4ab88d,BAD,BAD,BAD_AXIS_SPIKE,False
nstx_120113/N5/egn05w.4734E+02,bad,30d7e82b997acc15fb368a88807beef73b927001d30fe8989bb47c6275ae30c9,BAD,BAD,BAD_CONT_CROSS_WINDOW,False
nstx_120113/N5/egn05w.4776E+02,bad,4d8dbcfffcf8f5cf4aa08c38f4a22047eaa55d96baa78ab90205b51669140448,BAD,BAD,BAD_CONT_CROSS_WINDOW,False
nstx_120113/N5/egn05w.4796E+02,bad,f79f961d1573d90a6a5532a5d0bb0fbdae6084e57bcb845bd282dc37a9ecd32f,BAD,BAD,BAD_CONT_CROSS_WINDOW,False
nstx_120113/N5/egn05w.5462E+02,bad,018ec8764d571d3494ddffc9ff2a0101a6ab5a8df84959145d6642c827792437,BAD,BAD,BAD_AXIS_SPIKE,False
nstx_120113/N5/egn05w.5472E+02,bad,4cc1799784e03f4b015e91819fd6f30dbbcab5f8d49942310bcffd2def81b5eb,BAD,BAD,BAD_AXIS_SPIKE,False
nstx_120113/N5/egn05w.5637E+02,bad,65e2699a3c00418ae33bab1ec78afe8a3ecc8b68fb577ef78775dd6b76833fbf,BAD,BAD,BAD_EDGE_SPIKE,False
nstx_120113/N5/egn05w.5774E+02,bad,43693b8a6f16308971d942cf93762e126d6292346f323128250285eac9b2588e,BAD,BAD,BAD_CONT_CROSS_WINDOW,False
nstx_120113/N5/egn05w.9885E+01,bad,b1978533772154028a7f36569a954582606d8f4cf3f212236c63e338b774e6d8,BAD,BAD,BAD_CONT_CROSS_WINDOW,False
nstx_120113/N6/egn06w.1055E+02,good,6f4e9542057c269cb9555f53c9edf782789df52d80fcb83142d4099f83e82c6a,REVIEW,REVIEW,NO_GOOD_TEMPLATE,False
nstx_120113/N6/egn06w.1147E+02,bad,01a004cdca292d9456559b8555fa3a77dc388a4ab9cbda08de035daa074f96c4,BAD,BAD,BAD_AXIS_SPIKE,False
nstx_120113/N6/egn06w.1202E+02,good,b8413a79cc9eba9ebecaf4db815afc911048a45ee8f5a9aa0eaa6c476e62d107,REVIEW,REVIEW,NO_GOOD_TEMPLATE,False
nstx_120113/N6/egn06w.1418E+02,bad,3596a0b95083c4ff67af9499f93d58db805bb2996c7cd0d0b417034e7147757b,BAD,BAD,BAD_EDGE_SPIKE,False
nstx_120113/N6/egn06w.1472E+02,good,901271bf121fd966b899afaeeb6b79fb9b2dd1bdaa29b6fc64e3bc028e543999,REVIEW,REVIEW,NO_GOOD_TEMPLATE,False
nstx_120113/N6/egn06w.1484E+02,bad,f3dc263667bc33e26c466e8e21954fb563c4e2721d015ed77d38f34b9102c678,BAD,BAD,BAD_AXIS_SPIKE,False
nstx_120113/N6/egn06w.2071E+02,good,a4d902c9e7a9afcb9288df34887d6477d604d718bfb4fc296d8e67bad74745d6,REVIEW,REVIEW,NO_GOOD_TEMPLATE,False
nstx_120113/N6/egn06w.2540E+02,bad,b7471896dc33495b79d1b436021c5da0c5846dadd2a741ccd093f116876582e0,BAD,BAD,BAD_AXIS_SPIKE,False
nstx_120113/N6/egn06w.3039E+02,bad,4e4666fda1f8cae573be019d6c43e668a91bd0e9947d0a7f11a3abc66610847e,BAD,BAD,BAD_GRID_SCALE_SPIKE,False
nstx_120113/N6/egn06w.5002E+02,bad,531a490aa1973b866eef1c9bd6d73fabc1f33c5398a1e73cf067f476d89f573b,BAD,BAD,BAD_CONT_CROSS_WINDOW,False
nstx_120113/N6/egn06w.5046E+02,bad,dbced1ddea1bb350b5f58c45ae500678836aa803551ae59948b2b7c5c83c2b85,BAD,BAD,BAD_CONT_CROSS_WINDOW,False
nstx_120113/N6/egn06w.5825E+02,bad,6d16827b7e3f7d9dae4eceb94ded2fc6eaba35871a36dfd2d8152aa204b83ac3,BAD,BAD,BAD_CONT_CROSS_WINDOW,False
nstx_120113/N6/egn06w.8903E+01,bad,067b9d773b13686f0407b661d1cb101677f147d6b601fad4cc6c4e23af24859e,BAD,BAD,BAD_AXIS_SPIKE,False
nstx_120113/N6/egn06w.8975E+01,bad,1f35cf8ca092dec5f2880be9fad159b073b712c39a9a548c57a17e50f7085d84,BAD,BAD,BAD_AXIS_SPIKE,False
nstx_120113/N6/egn06w.9044E+01,bad,68985e1c18a7bbfd4d45e5c03e8c31a8c3a9edd5efd1daf882b54a8e3d09b106,BAD,BAD,BAD_AXIS_SPIKE,False
nstx_120113/N6/egn06w.9087E+01,bad,5ae2cdae576a815535823138507c7a7ba1be6685fd13fb1898794ffaca0a4d61,BAD,BAD,BAD_AXIS_SPIKE,False
nstx_120113/N6/egn06w.9281E+01,good,167c8c1222356f9ba3e69999c740f8c7ede0f27422e89ecbe939386f058d8cf2,REVIEW,REVIEW,NO_GOOD_TEMPLATE,False
nstx_120113/N6/egn06w.9423E+01,good,ba0cf769d4117dca1f8900f48695a733dd18a18db7c232f428be4392afb2556b,REVIEW,REVIEW,NO_GOOD_TEMPLATE,False
nstx_120113/N6/egn06w.9881E+01,bad,46b440fe429d780a119a6fb3ae0e31c3a864f9ae6a9437c7679a7ab42563915d,BAD,BAD,BAD_AXIS_SPIKE,False
nstx_120113/N7/egn07w.1057E+02,good,78f1dfb6b58e6ef7cb33ba49c19b142d19b7da497745f50a302b704b9ad96f63,REVIEW,REVIEW,NO_GOOD_TEMPLATE,False
nstx_120113/N7/egn07w.1117E+02,bad,49295924a4c05b89d7b439e6f380b9246c5b280f2de229340dcee8367df05e61,BAD,BAD,BAD_AXIS_SPIKE,False
nstx_120113/N7/egn07w.1121E+02,bad,78fbff6f42c7e05039c25bdc6a92ed3f3f941758f00d67a59f45379234f1686f,BAD,BAD,BAD_AXIS_SPIKE,False
nstx_120113/N7/egn07w.1130E+02,bad,4abaf61234ddfff00ba9b328f1478b80fd404bc2fbca8108cde7b352fbccff30,BAD,BAD,BAD_AXIS_SPIKE,False
nstx_120113/N7/egn07w.1146E+02,bad,6570a9032542782f514215f375ac16a0cbf1610c07d66c9163e1dfbe8ef6d095,BAD,BAD,BAD_AXIS_SPIKE,False
nstx_120113/N7/egn07w.1162E+02,bad,efe1d72c11eb0672761f473f3c5f8db6cb387927a1a4a8004166b65ba34c602f,BAD,BAD,BAD_AXIS_SPIKE,False
nstx_120113/N7/egn07w.1187E+02,good,781cca5c2e77895261aa2c47b6fcd70a4346261b953a025cd19d6cdfdaef0b2e,REVIEW,REVIEW,NO_GOOD_TEMPLATE,False
nstx_120113/N7/egn07w.1216E+02,bad,7d0c7727f04f7768f2263066058edf788912c851c452289f41672a4028599a9e,BAD,BAD,BAD_AXIS_SPIKE,False
nstx_120113/N7/egn07w.1639E+02,good,81d07dec1b4035757bbed6610b72fcb9147cebaf380c78662ca6f06b9b0f29a0,REVIEW,REVIEW,NO_GOOD_TEMPLATE,False
nstx_120113/N7/egn07w.1976E+02,good,aad434d1dc188255dee5888722dde1f95f3f606eb0d6ae82958cc8c799fe2b5d,REVIEW,REVIEW,NO_GOOD_TEMPLATE,False
nstx_120113/N7/egn07w.2630E+02,bad,08722db9985c2b61a574410970f8d4f1f8649578d49e9284ad13ad65aa1ad89f,REVIEW,BAD,BAD_CONTINUUM_CROSSING_TAIL,True
nstx_120113/N7/egn07w.3192E+02,bad,b46367768c82ec6eb45067e1e1805d383386d7609bd2417e319adbab2874b9f7,BAD,BAD,BAD_CONT_CROSS_WINDOW,False
nstx_120113/N7/egn07w.4543E+02,bad,24705038347c4547db103daaba6e6f5722b426aaf3b6cbd190b7c6438e0f5ddc,BAD,BAD,BAD_CONT_CROSS_WINDOW,False
nstx_120113/N7/egn07w.4562E+02,bad,4c6440412d7632dfcf9fb208cb8086e3213d1f61d34030bb95a6f1a5f4cc8f11,BAD,BAD,BAD_CONT_CROSS_WINDOW,False
nstx_120113/N7/egn07w.4985E+02,bad,7378147afb59bfa9f2eeba5a2fb8c7a403f76ca5e0c4024e54be9b8bda1d301d,BAD,BAD,BAD_CONT_CROSS_WINDOW,False
nstx_120113/N7/egn07w.5141E+02,bad,20b97ae01f26799ee11a03e3cbe49b5350b6547d7f401533d70ccbecb375a1a0,BAD,BAD,BAD_AXIS_SPIKE,False
nstx_120113/N7/egn07w.5154E+02,bad,8b55b111696dd797205254435ed772145ad49526a2039d64a95522eb37e3870f,BAD,BAD,BAD_CONT_CROSS_WINDOW,False
nstx_120113/N7/egn07w.5162E+02,bad,52e8ab291dc8ccf8ff357c3a14bf61034a346909feadf8e5bb695c2f2fa1fe9e,BAD,BAD,BAD_AXIS_SPIKE,False
nstx_120113/N7/egn07w.5193E+02,bad,6b26b661c7e52f3f0867f23fa97c8b88686a3b4eca829bece5922b2f56c49401,BAD,BAD,BAD_AXIS_SPIKE,False
nstx_120113/N7/egn07w.5230E+02,bad,d87bd196ef8692e1ad54f50e1dc6b6dde36fa514379e1e9813f142f467ef7f7e,BAD,BAD,BAD_CONT_CROSS_WINDOW,False
nstx_120113/N7/egn07w.6041E+01,bad,7cccd94955c72f14cf8470e26c629960471f10ff679f23f7a0908ffbf350e26a,BAD,BAD,BAD_AXIS_SPIKE,False
nstx_120113/N7/egn07w.6461E+02,bad,6a21eb4dcccb616f90d99d368d5339db6c7098b0aae9536d34eecde0cf58b6d7,BAD,BAD,BAD_CONT_CROSS_WINDOW,False
nstx_120113/N8/egn08w.1032E+02,good,a968ab9f9d934ec5d3f8c4b9d1f9f427bbacb36983fdd7a5e1765608ab0fd18d,REVIEW,REVIEW,NO_GOOD_TEMPLATE,False
nstx_120113/N8/egn08w.1172E+02,good,ea47c32ffd45cf7dc54d0e71cc01ad7d92c16718346ca669ec2eb7512d258636,REVIEW,REVIEW,NO_GOOD_TEMPLATE,False
nstx_120113/N8/egn08w.1321E+02,good,d5dad8f9e0464d7d02c44e2abb7bd85a9ffed7f03c52a7305f8aefce52684900,REVIEW,REVIEW,NO_GOOD_TEMPLATE,False
nstx_120113/N8/egn08w.1530E+02,good,3362974a57515cd231a092c3ddc6257b3c5e3a4ea9839fb319ec12fe79f41a3c,REVIEW,REVIEW,NO_GOOD_TEMPLATE,False
nstx_120113/N8/egn08w.1802E+02,good,7b3359421bcbcdd508cbd604f1659095c11b13521ea0b8234034b6a84b665171,REVIEW,REVIEW,NO_GOOD_TEMPLATE,False
nstx_120113/N8/egn08w.2101E+02,good,f69cae2968955f04474df695510c5d64406abe8c4e66f5fd2c09c31d7832a0a1,REVIEW,REVIEW,NO_GOOD_TEMPLATE,False
nstx_120113/N8/egn08w.2397E+02,good,9c40613bfbdda0016cdb1e866a90402d2d09c81e78f56175c322f8997af3511a,REVIEW,REVIEW,NO_GOOD_TEMPLATE,False
nstx_120113/N8/egn08w.2765E+02,bad,8b09aea64708c9cb611ffa6c1a0c984f903ea654f5f60b6b3de7f97fec13eeb3,REVIEW,REVIEW,NO_GOOD_TEMPLATE,False
nstx_120113/N8/egn08w.4617E+02,bad,b11fe60660417c1e42945145bdc1ba87097ad68f8139057a16293a44662c94af,BAD,BAD,BAD_CONT_CROSS_WINDOW,False
nstx_120113/N8/egn08w.4740E+02,bad,a61e5e04256c0f516731a9db481bfa68833c783450425060d400330fc39ec281,BAD,BAD,BAD_CONT_CROSS_WINDOW,False
nstx_120113/N8/egn08w.5127E+02,bad,8a63d72b5606968fe2f7b71df81156438f905839efbe4cd604be760139bdf8c3,BAD,BAD,BAD_CONT_CROSS_WINDOW,False
nstx_120113/N8/egn08w.5319E+02,bad,bd185385be9e196b7a32efb99d3f5fb9389d44bcea1a99d007d0f3d00eb40abe,BAD,BAD,BAD_CONT_CROSS_WINDOW,False
nstx_120113/N8/egn08w.9014E+01,good,45acb688059f913a554b31def9a1b1ffa945efd7db1f2b6fbe77c943001d742c,REVIEW,REVIEW,NO_GOOD_TEMPLATE,False
nstx_120113/N8/egn08w.9477E+01,good,190928b8516e79afcb099c9486b86beb52dee03bf7ca12e33fe085dd43e294c6,REVIEW,REVIEW,NO_GOOD_TEMPLATE,False
nstx_120113/N9/egn09w.1011E+02,good,cded688f507c5db68985f97f129b54dce55818b189817c3f5e37e1ecf2261258,REVIEW,REVIEW,NO_GOOD_TEMPLATE,False
nstx_120113/N9/egn09w.1136E+02,good,69d3f401305501cf1690487ea886b899b1b2ea69e147998d254782f21d78a2a0,REVIEW,REVIEW,NO_GOOD_TEMPLATE,False
nstx_120113/N9/egn09w.1638E+02,good,e81fe4d2c5222cd2c4e4b67370f57d21d75339c51e979b2797ea91304355a944,REVIEW,REVIEW,NO_GOOD_TEMPLATE,False
nstx_120113/N9/egn09w.2203E+02,good,d38a011ed236583d6ba16710348a0a038b550063d3bf6d10c606f5f2929a3c37,REVIEW,REVIEW,NO_GOOD_TEMPLATE,False
nstx_120113/N9/egn09w.2509E+02,good,2f2cbc7de0ae34a9458c60efeac5b9c9422ec06c63fcb24412f10ce17dfb0d8b,REVIEW,REVIEW,NO_GOOD_TEMPLATE,False
nstx_120113/N9/egn09w.2877E+02,good,1aa76832c9faa164e66b5d5dc22d4d586b52ea8cd9bc3ede89de124b833ead36,REVIEW,REVIEW,NO_GOOD_TEMPLATE,False
nstx_120113/N9/egn09w.4356E+02,bad,a84b9e16875c5f052a605e4c391eb39820f02bf1cd1a3a3a9d22feb7ef332678,BAD,BAD,BAD_CONT_CROSS_WINDOW,False
nstx_120113/N9/egn09w.4398E+02,bad,2eff4b37957456bd6473718121dbfe62182f58e93400e1d79b10ae8772ebb34d,BAD,BAD,BAD_CONT_CROSS_WINDOW,False
nstx_120113/N9/egn09w.4423E+02,bad,fbc10f660dc112a1eab5419824b90e21d86355df97122bf347f5229669716277,BAD,BAD,BAD_CONT_CROSS_WINDOW,False
nstx_120113/N9/egn09w.4806E+02,bad,5cfa06967550217e708dd225180ed75280a315e0e97bd44ff93c5a37bf946440,BAD,BAD,BAD_CONT_CROSS_WINDOW,False
nstx_120113/N9/egn09w.4885E+02,bad,34964319cfe734f1df8dc522f6571e180b65258dd8b99615793780b9c22ff6b7,BAD,BAD,BAD_CONT_CROSS_WINDOW,False
nstx_120113/N9/egn09w.5240E+01,bad,edc6b69e14de1ecd4c0293db3ee7ae8920c84fd28eac5e9c447b93ccc81a968e,BAD,BAD,BAD_CONT_CROSS_WINDOW,False
nstx_120113/N9/egn09w.5398E+02,bad,67c4b54b4614499d8e64f3717d6379d840cf4d15b0f355d4d4f856a733ed0e55,BAD,BAD,BAD_CONT_CROSS_WINDOW,False
nstx_120113/N9/egn09w.9464E+01,bad,0f0277049b9f839ee8324afdea39705d1b509f46dd906ec676dd33d706438080,BAD,BAD,BAD_CONT_CROSS_WINDOW,False
nstx_120113/N9/egn09w.9909E+01,good,a59e650a72d7a19c871542c0e712fc48778396579af5653b07a8cbea338d74e1,REVIEW,REVIEW,NO_GOOD_TEMPLATE,False
nstx_135388/N1/egn01w.1468E+03,bad,8489397266f94e59ac6fde13f15a26b82356ae6caec6fe9742bf1f89a9a61400,BAD,BAD,BAD_AXIS_SPIKE,False
nstx_135388/N1/egn01w.1904E+02,bad,30f38adf0378c8f12d03149d711cfec2a32ebf5420cf0ecf086c4bd2e8734e3f,BAD,BAD,BAD_CONT_CROSS_WINDOW,False
nstx_135388/N1/egn01w.1934E+02,bad,719c32d5042f7da0f2918504c3292226007e205b10729d68685e64d64778c8d5,BAD,BAD,BAD_CONT_CROSS_WINDOW,False
nstx_135388/N1/egn01w.1963E+02,bad,379091922e113724a4109d698c60f70cd23cee4b504855479478251021b2bebe,BAD,BAD,BAD_CONT_CROSS_WINDOW,False
nstx_135388/N1/egn01w.1991E+02,bad,e1ab5b842d027a6d1cf53e8efda0e373f1d209bc4e13576c3df95f8cb422a6c4,BAD,BAD,BAD_CONT_CROSS_WINDOW,False
nstx_135388/N1/egn01w.2018E+02,bad,7b08aea1ce957b4ee443af13b06fe92f4f4cc41bebdc9406bd24a2a4c275d9a4,BAD,BAD,BAD_CONT_CROSS_WINDOW,False
nstx_135388/N1/egn01w.2043E+02,bad,c457766adca34923fc4a29969fa8b34091526b464a7e36be532358b468c2b5ef,BAD,BAD,BAD_CONT_CROSS_WINDOW,False
nstx_135388/N1/egn01w.2067E+02,bad,78d514255ac4ee985e254eb85e0e926f641baf51b36200edb6ef56665d119e59,BAD,BAD,BAD_CONT_CROSS_WINDOW,False
nstx_135388/N1/egn01w.2092E+02,bad,1792bfac891bfff2ccd492e73e29139c70c9d9ce3d26ee774dfb2d6d05aebf74,BAD,BAD,BAD_CONT_CROSS_WINDOW,False
nstx_135388/N1/egn01w.2115E+02,bad,dfce1df7483e73dee47b0fa9a7ec77ce8d107b71b6ccc2f71b01f0cc142f0ac3,BAD,BAD,BAD_CONT_CROSS_WINDOW,False
nstx_135388/N1/egn01w.2137E+02,bad,5849e21aa50fcdac0a884409368d2967fbf257ea4b765621dbf9a5ead710fbb0,BAD,BAD,BAD_CONT_CROSS_WINDOW,False
nstx_135388/N1/egn01w.2159E+02,bad,7444cf2f7010497faea8667f3840344eae5c5be4192abe1c5cf1539d837c78d7,BAD,BAD,BAD_CONT_CROSS_WINDOW,False
nstx_135388/N1/egn01w.2180E+02,bad,40448b7deae5d29287a86d7c26cc035e0b6a4792e9dac0317f1ceb1f7898e52f,BAD,BAD,BAD_CONT_CROSS_WINDOW,False
nstx_135388/N1/egn01w.2200E+02,bad,516af6b1f1feaed528ac7d2226cfbab4b7d90f9bcb86995fb6773ff5f6ab1f39,BAD,BAD,BAD_CONT_CROSS_WINDOW,False
nstx_135388/N1/egn01w.2220E+02,bad,e1c535e7e1326a82404e31afd5487d660ae0ffb8633c08180c26e1c9c5f2cbe3,BAD,BAD,BAD_CONT_CROSS_WINDOW,False
nstx_135388/N1/egn01w.2240E+02,bad,3f9b2ec8d91c5e50e2f3bb54532b379f6c1803bc16111f9ea063f3c35c0f70a7,BAD,BAD,BAD_CONT_CROSS_WINDOW,False
nstx_135388/N1/egn01w.2278E+02,bad,55b9e836a4a50410f6fe979a4b4a67d091818763f566fbf8a367340b98368cd2,BAD,BAD,BAD_CONT_CROSS_WINDOW,False
nstx_135388/N1/egn01w.2296E+02,bad,d5380d941b2f2cde39194a2c9d4d9ea7006a128f2c8c013f3c02259080b9cbec,BAD,BAD,BAD_CONT_CROSS_WINDOW,False
nstx_135388/N1/egn01w.2330E+02,bad,9089e7dc1435cc5e870c5264374030cb353313b0ad31f77fa20fd33b2c9b9df6,BAD,BAD,BAD_CONT_CROSS_WINDOW,False
nstx_135388/N1/egn01w.2347E+02,bad,94d981275db589cc43661c31b94bab1b08aee40a9420ce3d2da0ac9fc9bc8fe6,BAD,BAD,BAD_CONT_CROSS_WINDOW,False
nstx_135388/N1/egn01w.2364E+02,bad,c3a53ff24986a62195c1ace8c10cff4e3ab225aeb072411e7ed317b9a766b438,BAD,BAD,BAD_CONT_CROSS_WINDOW,False
nstx_135388/N1/egn01w.2395E+02,bad,56092e1a7af373fdab7613fbe931bc177defa8f19169807417e755ea66ebb8dd,BAD,BAD,BAD_CONT_CROSS_WINDOW,False
nstx_135388/N1/egn01w.2424E+02,bad,38f01a1baa50bb4d20d2c6b88cd342754d985390561e99f75198f477c4ce5996,BAD,BAD,BAD_CONT_CROSS_WINDOW,False
nstx_135388/N1/egn01w.2439E+02,bad,728ca7caac6558c5686958e76eecb7eabf1d35c08e32d48fc6fbae6554699c0c,BAD,BAD,BAD_CONT_CROSS_WINDOW,False
nstx_135388/N1/egn01w.2504E+02,bad,2a089f03008fad23420a8a7b836e90e03d919e2c358241258bc1a73fd05c3ea2,BAD,BAD,BAD_GRID_SCALE_SPIKE,False
nstx_135388/N1/egn01w.2514E+02,bad,8d1f9523f278147d2ff1d4703c9551a3be08a134715120516a6e596b264a564e,BAD,BAD,BAD_AXIS_SPIKE,False
nstx_135388/N1/egn01w.2525E+02,bad,f1c6c683f4af2d14ece9bd67acd6774bf43a445a4d8709a3ce3e904936be9658,BAD,BAD,BAD_AXIS_SPIKE,False
nstx_135388/N1/egn01w.2721E+02,bad,62399e9882298d17a854f42c12cf8e63a560fa7ffe573126ef113461c993ac9f,BAD,BAD,BAD_AXIS_SPIKE,False
nstx_135388/N1/egn01w.2857E+02,bad,a960802e98207e7c95dbe195e075f3072ef38cd570dc3fcddd7ef7db112f7393,BAD,BAD,BAD_AXIS_SPIKE,False
nstx_135388/N1/egn01w.2865E+02,bad,7a8295f46389540976f7eb89274a05203385ab0d748869749bf9bf647033b047,BAD,BAD,BAD_AXIS_SPIKE,False
nstx_135388/N1/egn01w.2876E+02,bad,d28d5b4ac1aefac1a799e45e9216a01d70ba6036220e41f3dc3bceb4508227c4,BAD,BAD,BAD_AXIS_SPIKE,False
nstx_135388/N1/egn01w.2885E+02,bad,99d90850096625983e6fb05f30fd9ca25acc577546395429adfff1c36ab11037,BAD,BAD,BAD_AXIS_SPIKE,False
nstx_135388/N1/egn01w.2905E+02,bad,e70fe3e5985cca0136c2cfb79e4e797cfbd22dea83bfc15d1d2abe2069a6c096,BAD,BAD,BAD_AXIS_SPIKE,False
nstx_135388/N1/egn01w.6037E+02,bad,c1d7aaaa18b610518c422f9d23665010a91d8fa803cd7eaab4ddf518f029383e,BAD,BAD,BAD_CONT_CROSS_WINDOW,False
nstx_135388/N1/egn01w.6120E+02,bad,bddc1d6b231a86d8581eefc577b94d35b217d1aebfb9a75b1dcbc1fb3e1823d8,BAD,BAD,BAD_CONT_CROSS_WINDOW,False
nstx_135388/N1/egn01w.6205E+02,bad,b3b9e7fb8b539f78879ca0de938114ae22eab094ae85b8747195ad8d5c1ad79e,BAD,BAD,BAD_CONT_CROSS_WINDOW,False
nstx_135388/N10/egn10w.1102E+03,bad,c3300566ac7d105d4e7d19c2c4b4658eccdeaa2cb38c5bdee09e48523e96b4df,BAD,BAD,BAD_CONT_CROSS_WINDOW,False
nstx_135388/N10/egn10w.1104E+03,bad,1fe5d5242deee0d4699f43b64c4748f79d9aacc0a62da9a9cbff60ea8f10d46e,BAD,BAD,BAD_AXIS_SPIKE,False
nstx_135388/N10/egn10w.1113E+03,bad,08be8745e1b7eb77197a42c74b1ecd1f9c94cdf25bf63d5f22a5f1006d29227f,BAD,BAD,BAD_CONT_CROSS_WINDOW,False
nstx_135388/N10/egn10w.1150E+03,bad,acde697495235074901c24d67bd3a9318dc148ec6ce70aba146df4b9acb95c8e,BAD,BAD,BAD_CONT_CROSS_WINDOW,False
nstx_135388/N10/egn10w.1764E+02,bad,3cad5d98eeb756b3639648138aa5cffc1898134ff412cc320c6439fd396f72ba,BAD,BAD,BAD_CONT_CROSS_WINDOW,False
nstx_135388/N10/egn10w.1812E+02,bad,a525b6fe48695e417130e4505f8dea807a86e0e57f3f814b0bc09a914ba7d842,BAD,BAD,BAD_CONT_CROSS_WINDOW,False
nstx_135388/N10/egn10w.1833E+02,bad,4183d23ef135157c726a3522ab92d51d58bb1c771f05ee300be3564694ca5169,BAD,BAD,BAD_CONT_CROSS_WINDOW,False
nstx_135388/N10/egn10w.1906E+02,bad,22ad6bad011f056017b098e5d452e3d05a123352e8c634b2fa358c6f27a0a025,BAD,BAD,BAD_CONT_CROSS_WINDOW,False
nstx_135388/N10/egn10w.2001E+02,bad,48dab9d368d67712c0cb31d45ad7bdf0db300738a5ee5c66f31691344c7bf4ef,BAD,BAD,BAD_CONT_CROSS_WINDOW,False
nstx_135388/N10/egn10w.2033E+02,bad,97948dc06e2300ece6136624a86524c9d427d3f09f9f4b89af7a08dd7ddb87cb,BAD,BAD,BAD_CONT_CROSS_WINDOW,False
nstx_135388/N10/egn10w.2055E+02,bad,cfdc2360d9ff615d9f2e0446fc291de3b83eff776d7f93fed95c763418d5065c,BAD,BAD,BAD_AXIS_SPIKE,False
nstx_135388/N10/egn10w.2074E+02,bad,7596ace6f4df51117c1797e98eea7f4e9b89e8a7c8acfd5a4f01bf0538e75b77,BAD,BAD,BAD_AXIS_SPIKE,False
nstx_135388/N10/egn10w.2086E+02,bad,2f3300dc51d57357744b100c7c5ff12fe12a2a2fe940f446076ec570b5e0c8ef,BAD,BAD,BAD_AXIS_SPIKE,False
nstx_135388/N10/egn10w.2094E+02,good,9225cc55cef58558c8f6517fc9c605eef8e00c451036d94e2b69071c397e0d4c,REVIEW,REVIEW,NO_GOOD_TEMPLATE,False
nstx_135388/N10/egn10w.2132E+02,bad,42c628a74d5278152dfd6755c30079aae246eb935a2b958b9330645f8da27e6d,BAD,BAD,BAD_AXIS_SPIKE,False
nstx_135388/N10/egn10w.2167E+02,bad,f4f78b31f381ec6d258e0b7214d98ec965ea1c24b31299b24d46428e1f247711,BAD,BAD,BAD_AXIS_SPIKE,False
nstx_135388/N10/egn10w.2171E+02,bad,447745eb6033d7bd63d808116b65c4db40e988c49741dc31a5d52becd81bbf0c,BAD,BAD,BAD_AXIS_SPIKE,False
nstx_135388/N10/egn10w.2424E+02,good,6c2fb56e441711c98bf3542d1095cea2da5e31e1546b733d0047866474d8ea78,BAD,BAD,BAD_CONT_CROSS_WINDOW,False
nstx_135388/N10/egn10w.2567E+02,bad,de0dbe3b9553fa9d2936ad2f54b7a6baf6899c2c3aed34996996a162aee1c3fc,BAD,BAD,BAD_CONT_CROSS_WINDOW,False
nstx_135388/N10/egn10w.2601E+02,good,cd7226928e1f4308ea761a1b9fed9401e8e80d7a070904bc94736c78fe3a142f,REVIEW,REVIEW,NO_GOOD_TEMPLATE,False
nstx_135388/N10/egn10w.2649E+02,bad,605b1811774dafad84a9b53ba2b4e6dc01a877743cc1619768b0e70b9c32b696,BAD,BAD,BAD_GRID_SCALE_SPIKE,False
nstx_135388/N10/egn10w.2660E+02,bad,0d8d1c47a30617615fd0d5b8b7722f9d2139e2d3de147c7bea546b59f3587a9e,BAD,BAD,BAD_AXIS_SPIKE,False
nstx_135388/N10/egn10w.2680E+02,good,02d72cdc8f224d0f29302f8c2f34057a89f95d96b08707241c666618ca745369,REVIEW,REVIEW,NO_GOOD_TEMPLATE,False
nstx_135388/N10/egn10w.2703E+02,good,2142f94080c5989aa34ea3520fc929ee59c0bcbfd9b7a5e2cd90e52f2569b906,REVIEW,REVIEW,NO_GOOD_TEMPLATE,False
nstx_135388/N10/egn10w.2723E+02,good,e5332fc6b10c1e84efb2a9e638c6759abcf4deee45755ef0ce5f3decce333451,REVIEW,REVIEW,NO_GOOD_TEMPLATE,False
nstx_135388/N10/egn10w.2742E+02,good,921fb78a0e41b04ed0fdda66e1d848f89e21f147918f0ee26753871eb62dcd02,REVIEW,REVIEW,NO_GOOD_TEMPLATE,False
nstx_135388/N10/egn10w.2748E+02,bad,e9c9652d5e4c32cfad7b547ce418d92fdad87ae5fd6688bb67f3d427e749e408,BAD,BAD,BAD_GRID_SCALE_SPIKE,False
nstx_135388/N10/egn10w.2832E+02,good,ad5aec999c078785adfa217565e36e3a15274892dff8ce31b1cfafbbee75224f,REVIEW,REVIEW,NO_GOOD_TEMPLATE,False
nstx_135388/N10/egn10w.2864E+02,good,662bb5a968d295976d581d939485508ea2dd3f50f3677987ce1de0be56f63399,REVIEW,REVIEW,NO_GOOD_TEMPLATE,False
nstx_135388/N10/egn10w.3008E+02,good,1716731bf0fc61177fd66f87d50ffaf151b088fae8276081e4a9624746fff5a4,REVIEW,REVIEW,NO_GOOD_TEMPLATE,False
nstx_135388/N10/egn10w.3102E+02,good,977b49eeaf5a1d1261d4e2379d0aa537f3b9b54d031b90497c1fcb49b5d3a284,REVIEW,REVIEW,NO_GOOD_TEMPLATE,False
nstx_135388/N10/egn10w.3169E+02,good,8cf9b542902aa9156b09522c0ba64e58a93da47055ad2583ee8b98b7bfd0b470,REVIEW,REVIEW,NO_GOOD_TEMPLATE,False
nstx_135388/N10/egn10w.3245E+02,good,e3af9e0089ca1ad893501fd8661c01dd34500ef86841f7579bb4895554229fd6,REVIEW,REVIEW,NO_GOOD_TEMPLATE,False
nstx_135388/N10/egn10w.3375E+02,good,5551b1b7e294a02bf59e7a55646857332f3bd677d765e81eca3c3156e7f9d956,REVIEW,REVIEW,NO_GOOD_TEMPLATE,False
nstx_135388/N10/egn10w.3492E+02,good,e384fae04b04b275f7335e3f7c9429929e0d788567eefecc771f6e4b465263b9,REVIEW,REVIEW,NO_GOOD_TEMPLATE,False
nstx_135388/N10/egn10w.3674E+02,good,910f9f650dd4014dd6f7ffafea7998aa4a6550cf00def3e8a609badb941e3abe,REVIEW,REVIEW,NO_GOOD_TEMPLATE,False
nstx_135388/N10/egn10w.3680E+02,bad,8756e609e40ff6cface9ffb3a3f78f28fbc750718e25d92117a03fbc71ce09d7,BAD,BAD,BAD_AXIS_SPIKE,False
nstx_135388/N10/egn10w.3932E+02,good,8dead3eb9fdffe62d4d42bf0007478e4cdca21ee12dd62449cd7d87d891501cc,REVIEW,REVIEW,NO_GOOD_TEMPLATE,False
nstx_135388/N10/egn10w.4242E+02,good,86f365e5855ccfd9a47450c80590ac17b03682787c125e518a5d1ba4ac9c3c6a,REVIEW,REVIEW,NO_GOOD_TEMPLATE,False
nstx_135388/N10/egn10w.4546E+02,good,b73123781dc81b580485ca5a6bcc42f883d9a55b53c1731e15afcabfc0d8c41d,REVIEW,REVIEW,NO_GOOD_TEMPLATE,False
nstx_135388/N10/egn10w.4807E+02,good,5014e47ee1d6d667efb4aa196e9eb2ce1f90e43f51e72e0a7d4c8bdfe1cd922c,REVIEW,REVIEW,NO_GOOD_TEMPLATE,False
nstx_135388/N10/egn10w.5222E+02,good,0cd107aa259a8af045742935ddbb2621616fc98d4eed34329f048c125668f527,REVIEW,REVIEW,NO_GOOD_TEMPLATE,False
nstx_135388/N10/egn10w.5525E+02,good,3096ca7900b5a039ed6a627dde9abd2bd40cc95f7721dfe9889bc7e4235cebf2,REVIEW,REVIEW,NO_GOOD_TEMPLATE,False
nstx_135388/N10/egn10w.5988E+02,good,d743a44256724e48ca05a29c95c62dbb135cfbf019632a5496678ac277a12798,REVIEW,REVIEW,NO_GOOD_TEMPLATE,False
nstx_135388/N10/egn10w.6074E+02,bad,150bd1d11fee0c78743cfacabd3e3361cd252ef7d67ce5a663e650556fead733,BAD,BAD,BAD_GRID_SCALE_SPIKE,False
nstx_135388/N10/egn10w.6456E+02,good,0c1d382dbf3a81772553ceeb6ad67720e9da7ee127780dbb4a41319a8aca0eb8,REVIEW,REVIEW,NO_GOOD_TEMPLATE,False
nstx_135388/N10/egn10w.6967E+02,good,0fb00f76a3e00a35b480f4af19ef7550bb30c41c57225f8e35cadaa8ee974008,REVIEW,REVIEW,NO_GOOD_TEMPLATE,False
nstx_135388/N10/egn10w.7468E+02,good,bf3e113d8779fefb4e327f15b2fb89c1abe3d6173445615a15bb230d55398c4b,REVIEW,REVIEW,NO_GOOD_TEMPLATE,False
nstx_135388/N10/egn10w.7954E+02,good,ffa4b2d2b8dbe4335fcb37d4d36e32c8801c1fbd7c0ba1a810f0efcd389251ee,REVIEW,REVIEW,NO_GOOD_TEMPLATE,False
nstx_135388/N10/egn10w.8536E+02,good,e56b8ade211b308b26e93ccbceb1b502ae3c7cdfb046e812c26cc1bfd40cb222,REVIEW,REVIEW,NO_GOOD_TEMPLATE,False
nstx_135388/N10/egn10w.9310E+02,bad,245ed81d8a70f7dc572d8046a6d0531df42c2f0120ea9b86ceb92f4cd50ba532,BAD,BAD,BAD_CONT_CROSS_WINDOW,False
nstx_135388/N2/egn02w.1187E+03,bad,c700608d389cb189fc25169cc156136d2793911f90c0b4139ed923ac410d577a,BAD,BAD,BAD_CONT_CROSS_WINDOW,False
nstx_135388/N2/egn02w.1211E+03,bad,8cf7bf3030b30099babd47ef03ac692471e04d2bf7d85c7ae523163247d5a31a,BAD,BAD,BAD_CONT_CROSS_WINDOW,False
nstx_135388/N2/egn02w.1213E+03,bad,50debbc0ce2ddc16af61c4e62d385cff896cef4ae97b00008a79f7c2f1e3b17e,BAD,BAD,BAD_GRID_SCALE_SPIKE,False
nstx_135388/N2/egn02w.1753E+02,bad,d4b98968b78051704c0dc669ba636be11656e9a77a834dce67a721c5f08a1cc3,BAD,BAD,BAD_CONT_CROSS_WINDOW,False
nstx_135388/N2/egn02w.1770E+02,bad,88c95eda7163675290659872c337d2d9b5d348ebfdc4a389aad722b2f8865b8e,BAD,BAD,BAD_CONT_CROSS_WINDOW,False
nstx_135388/N2/egn02w.2436E+02,bad,5bbc25b26601055a542e6709c7d4f1ca8c55d8aabd2b14debffecbe9cb97cde7,BAD,BAD,BAD_AXIS_SPIKE,False
nstx_135388/N2/egn02w.2444E+02,bad,d644be6dc7bea7ae5de46603ba0324429c2a740d913f07c771ef58795fe2cc9d,BAD,BAD,BAD_AXIS_SPIKE,False
nstx_135388/N2/egn02w.2457E+02,bad,2cd9ab826c69abe25f7cfcc9ef932ab34b7dfc04a350d591aff4c3adc3d6fc38,BAD,BAD,BAD_AXIS_SPIKE,False
nstx_135388/N2/egn02w.2470E+02,bad,8d23f1c041ecb69559d39c3ef23e7924629191f96e8c299b5577810677c50fbe,BAD,BAD,BAD_AXIS_SPIKE,False
nstx_135388/N2/egn02w.2483E+02,bad,e8cd1cdd3e7429db8326959be4dece1e14cf35929054c86fe728f5e1064e6568,BAD,BAD,BAD_AXIS_SPIKE,False
nstx_135388/N2/egn02w.2496E+02,bad,1d29ed90de022b0dfdc780c4c2ef420b5f690e75aff4e25a99e2e99f54995c54,BAD,BAD,BAD_AXIS_SPIKE,False
nstx_135388/N2/egn02w.2504E+02,bad,ae578a17adcc67e4d5536f7b6660ecd582479336dcba7cd76e7d347fde7b3e79,BAD,BAD,BAD_AXIS_SPIKE,False
nstx_135388/N2/egn02w.2514E+02,bad,334c66f8e6e25f0f5e862473eb6f6226a1bc9fb9ae366ee9500662f82ff0d2c4,BAD,BAD,BAD_AXIS_SPIKE,False
nstx_135388/N2/egn02w.2528E+02,bad,6d54e00e5d8ace012fb6bee3091e08ef9437e36423fab34073940d051387ff96,BAD,BAD,BAD_AXIS_SPIKE,False
nstx_135388/N2/egn02w.2543E+02,bad,925b5b1ddf1c4d02e1cc259d85d260c2790b0525de5b32ff3d769188cb00734d,BAD,BAD,BAD_AXIS_SPIKE,False
nstx_135388/N2/egn02w.2560E+02,bad,ad01948ff8cd5e4032255f6032c69985cacd3eeb78cfd107527212ce6ef48186,BAD,BAD,BAD_AXIS_SPIKE,False
nstx_135388/N2/egn02w.2576E+02,bad,ca1185c9472ce9a5a66686c444f3c143b2b6342d48d9e4e3575756b6c3bbf323,BAD,BAD,BAD_AXIS_SPIKE,False
nstx_135388/N2/egn02w.2592E+02,bad,a4ddb8a17cd4fa0eae1e317c92f34cf3b80931c5f94a1dfd4b17bcf5e6dc3ccf,BAD,BAD,BAD_AXIS_SPIKE,False
nstx_135388/N2/egn02w.2608E+02,bad,b01512a98178846310d132864205c0cbb25c03108e648144cd33b5df92415381,BAD,BAD,BAD_AXIS_SPIKE,False
nstx_135388/N2/egn02w.2662E+02,bad,d94169fb833b911f56d9f8049834755d8ecf7f249b0f7b4a2d574010fad82268,BAD,BAD,BAD_AXIS_SPIKE,False
nstx_135388/N2/egn02w.2667E+02,bad,aa66bec47e4bd9103ca7881ee1dc1017edf30126303b53c5eb7d50c4650cfc14,BAD,BAD,BAD_AXIS_SPIKE,False
nstx_135388/N2/egn02w.2675E+02,bad,661ad16bff2f66fd37c90b6d01ab6ee6ef849fdc7ef5d3a313c46f774a3db529,BAD,BAD,BAD_AXIS_SPIKE,False
nstx_135388/N2/egn02w.2758E+02,bad,1974e099818e65f0e0eb4495b016ff5a248c11dc05ea630135a611312b18a588,BAD,BAD,BAD_AXIS_SPIKE,False
nstx_135388/N2/egn02w.2992E+02,good,394273c83f62b66bf20bf39e21932923f77bbb6d355aeecba58d37131d57e1e1,REVIEW,REVIEW,NO_GOOD_TEMPLATE,False
nstx_135388/N2/egn02w.3169E+02,good,28518f27279d493b50f2130f689a83c078189c7b36766ac6d95251ee23b733e0,REVIEW,REVIEW,NO_GOOD_TEMPLATE,False
nstx_135388/N2/egn02w.3455E+02,bad,85ed9fa3f1f3db4a4b502d8c266a07cbada5e3747e9fdd99067b33e6b8338137,BAD,BAD,BAD_AXIS_SPIKE,False
nstx_135388/N2/egn02w.3524E+02,good,b3c1dccfef8e42fd8504d89a113f1ac65b7ece3f5873ec8df1d71e2e5459defe,REVIEW,REVIEW,NO_GOOD_TEMPLATE,False
nstx_135388/N2/egn02w.4018E+02,bad,a5028c7a2c8f6ce08ff6ece629cf99a33315706e362aaa23208b9ba7c1f9867e,BAD,BAD,BAD_AXIS_SPIKE,False
nstx_135388/N2/egn02w.4216E+02,bad,bab223a4f32a5ef5a78685b1aa7fa8b614a194441aa850971011e4d155574224,BAD,BAD,BAD_AXIS_SPIKE,False
nstx_135388/N2/egn02w.4231E+02,bad,1c695b4f4b277a06952340e87cf8a990e66d4354cc8be9a5f0f37b83a53dd03e,BAD,BAD,BAD_AXIS_SPIKE,False
nstx_135388/N2/egn02w.6059E+02,good,ef9954394f8c988fdd2e0896c0f6263839fb9dbd34c375a9d8f42fb27479936a,REVIEW,REVIEW,NO_GOOD_TEMPLATE,False
nstx_135388/N3/egn03w.1151E+03,bad,8d2f0487f764d8d851447f040c4e9cbd0adc9f6b4cd311e89eb5208532f3abae,BAD,BAD,BAD_GRID_SCALE_SPIKE,False
nstx_135388/N3/egn03w.1222E+03,bad,7727a66fdbf921741d90856cedb6ea36ac5a02409ccfc1f42a62794c501dd2a2,BAD,BAD,BAD_CONT_CROSS_WINDOW,False
nstx_135388/N3/egn03w.2021E+02,bad,3d5357a5fc08c1a651fe9374b56d670fd64e54c5239962644a70df5783ccc14d,BAD,BAD,BAD_CONT_CROSS_WINDOW,False
nstx_135388/N3/egn03w.2121E+02,bad,00923ee6ce274c9de1718290b1b7df1101aa0d7d865f217fea71eae766e9eb23,BAD,BAD,BAD_AXIS_SPIKE,False
nstx_135388/N3/egn03w.2126E+02,bad,5b89a053d60d23ca4e501a97cf7e8dfce8a58f79683964de5ad14adff0d74dee,BAD,BAD,BAD_AXIS_SPIKE,False
nstx_135388/N3/egn03w.2160E+02,bad,c4c190685ae54c44f2030fc3eecf514439cfd62d776e1eada3ff4fb05f665685,BAD,BAD,BAD_AXIS_SPIKE,False
nstx_135388/N3/egn03w.2179E+02,bad,089c6473b56a2fe1fdf7ea2beadbb8587c7d233ec75437f830293c034cda9e59,BAD,BAD,BAD_CONT_CROSS_WINDOW,False
nstx_135388/N3/egn03w.2188E+02,bad,93f8a716221fd2b32e7bd37df1aa178fc53f61a5321cca0cf11c5761c7b19f94,BAD,BAD,BAD_AXIS_SPIKE,False
nstx_135388/N3/egn03w.2326E+02,bad,f8fe8bd9d20c3181e2955dc052d2332ead0efe9b8affb162513cc2ab9ee7aaf2,BAD,BAD,BAD_AXIS_SPIKE,False
nstx_135388/N3/egn03w.2558E+02,bad,84d98be14ca9e266234822ce6e39294bddf6e503e207c57c9edb5b5619445f79,BAD,BAD,BAD_CONT_CROSS_WINDOW,False
nstx_135388/N3/egn03w.2677E+02,bad,827e53ec5b2b0f23b50afe5d6780a8acd307755c1c9533f94ff7a67b6c8f9353,BAD,BAD,BAD_GRID_SCALE_SPIKE,False
nstx_135388/N3/egn03w.2764E+02,bad,af2cdbc257e1e9ff8c69334f0eb3d437ee62342e0232c77590ee80e9ae619e65,BAD,BAD,BAD_AXIS_SPIKE,False
nstx_135388/N3/egn03w.2917E+02,bad,e2da8409fdf9809592491858f6d7ab43d2b55332a8a021c086489b1ae479a698,BAD,BAD,BAD_AXIS_SPIKE,False
nstx_135388/N3/egn03w.2999E+02,bad,532a800eb7e27e764414474169f946a4831ce2197d4e5aa2b921f7a479deb3d0,BAD,BAD,BAD_AXIS_SPIKE,False
nstx_135388/N3/egn03w.3194E+02,bad,61e99b8c84dd308f27b66fdce2ec4156010427392c98318538c4a90b59373056,BAD,BAD,BAD_AXIS_SPIKE,False
nstx_135388/N3/egn03w.3321E+02,bad,339d961ca0367dbcbd6969b64723a6c98f26c6678ac80aa88f765971f958ae14,BAD,BAD,BAD_AXIS_SPIKE,False
nstx_135388/N3/egn03w.3446E+02,bad,7b7367a8a0c1a243028289b1d6494f81210ef5bffcb875e5e4e149529de60026,BAD,BAD,BAD_AXIS_SPIKE,False
nstx_135388/N3/egn03w.4023E+02,good,c158f974649a2aee3d28c04d3d564efd8e78428834a61e11a95cc6b55a59c02d,REVIEW,REVIEW,NO_GOOD_TEMPLATE,False
nstx_135388/N3/egn03w.4410E+02,bad,0bf9d1ccd60b217d376b1b7b843fd50fd77cfa804fe8efe9080bb30a7b2ac1eb,BAD,BAD,BAD_CONT_CROSS_WINDOW,False
nstx_135388/N3/egn03w.4436E+02,good,e95650c35e372379838e93ec2d52ec69297b8fbed8048679f50d282d51e43f94,REVIEW,REVIEW,NO_GOOD_TEMPLATE,False
nstx_135388/N3/egn03w.4934E+02,good,25d92c103917b3dacab9829e5ec94ef1412fa99fabbb888d26365e461a6d4380,REVIEW,REVIEW,NO_GOOD_TEMPLATE,False
nstx_135388/N3/egn03w.5494E+02,good,64d5bfff52df36f787117c05a655be6c2f1c25b2df1660efaf4bf0d007167c59,REVIEW,REVIEW,NO_GOOD_TEMPLATE,False
nstx_135388/N3/egn03w.7148E+02,bad,fc92704f6ee669f9850843870ef1abc4cb1d5d46df078ef6e4d933eaca43c785,BAD,BAD,BAD_CONT_CROSS_WINDOW,False
nstx_135388/N4/egn04w.1135E+03,bad,ef1954e6fa318be968c31a3c0f8d380fa5db985f0fad2234936825706c3fd0d2,BAD,BAD,BAD_GRID_SCALE_SPIKE,False
nstx_135388/N4/egn04w.1161E+03,bad,636a989896cb7d273d381cd4c17608a49b4ac8bfcb1ac217bb41d8a43dcf4382,BAD,BAD,BAD_AXIS_SPIKE,False
nstx_135388/N4/egn04w.1223E+03,bad,cc57433a7b40656a350dbd718b5ad69ed6e74508aabdd4b462489f5df3f34d07,BAD,BAD,BAD_GRID_SCALE_SPIKE,False
nstx_135388/N4/egn04w.1782E+02,bad,5fa99f2ca9df0f96b5ff51ad3465afba9a42a24b3aa46e201aeff479d9bb51b7,BAD,BAD,BAD_CONT_CROSS_WINDOW,False
nstx_135388/N4/egn04w.1787E+02,bad,a8d4801072adb1fb1dcc9945cb2965d7bc72bcd17799f82253830fc2f96c5f23,BAD,BAD,BAD_GRID_SCALE_SPIKE,False
nstx_135388/N4/egn04w.1894E+02,bad,4c48720a6c7081031d6efcf822b4d8052495a2d618da344c3b7c40b3f6fde82d,BAD,BAD,BAD_CONT_CROSS_WINDOW,False
nstx_135388/N4/egn04w.1909E+02,bad,7312ed2c895ead406752493e2086af08e1a0a1b25c79c7bd2d0e60ce5d68fa49,BAD,BAD,BAD_CONT_CROSS_WINDOW,False
nstx_135388/N4/egn04w.1910E+02,bad,8c0d3a7751fcde2f14f6fc1b77c299b6df8fd46290bd995eaf97043c2ed26779,BAD,BAD,BAD_CONT_CROSS_WINDOW,False
nstx_135388/N4/egn04w.1922E+03,bad,70eda3018014a8493a44baa9266c5e96387e1fb888235f5f0dd834232d5690b8,BAD,BAD,BAD_CONT_CROSS_WINDOW,False
nstx_135388/N4/egn04w.2013E+02,bad,f3a50384ead3596630b6c38a0f02eca5b836046ae22b17ebcbda5890ac6f60f1,BAD,BAD,BAD_CONT_CROSS_WINDOW,False
nstx_135388/N4/egn04w.2181E+02,bad,b061a44a790226ddf4ec8e7c54ef1db9a37b29543f87ea7484f5a061303d26a9,BAD,BAD,BAD_AXIS_SPIKE,False
nstx_135388/N4/egn04w.2230E+02,bad,a2b72c5da903bcfcdbbe6aecf53f4e33e36f5ac7f00c5b3696f00924067fbe1f,BAD,BAD,BAD_AXIS_SPIKE,False
nstx_135388/N4/egn04w.2289E+02,bad,dfa2634b04f937b36857ebd54f758553c15471f08d30c2f9ba52c0242c462678,BAD,BAD,BAD_GRID_SCALE_SPIKE,False
nstx_135388/N4/egn04w.2571E+02,good,7920d3d7791beaa931f867c458b7cef20a3d17b5a9d70c9c4af5111d46f966c1,BAD,BAD,BAD_CONT_CROSS_WINDOW,False
nstx_135388/N4/egn04w.2738E+02,bad,88282b23ddc5834979e4abbbbf2aaf7ce9d8ddcb475ca07e27cf8a81fab78afe,BAD,BAD,BAD_AXIS_SPIKE,False
nstx_135388/N4/egn04w.2739E+02,bad,8ea4740862c5626ff92b588e994b7df05b735b6ddecf839c754f0940643f8919,BAD,BAD,BAD_AXIS_SPIKE,False
nstx_135388/N4/egn04w.2791E+02,good,c15e4704ccea288bb68e2f35305c64f5e2ff8b52633c37a744afaf43feaaff51,REVIEW,REVIEW,NO_GOOD_TEMPLATE,False
nstx_135388/N4/egn04w.2792E+02,good,567b7e8f6f90517e339c0b2672c53d857c16360d18ea8e8ee5f289fbad8e558c,REVIEW,REVIEW,NO_GOOD_TEMPLATE,False
nstx_135388/N4/egn04w.2835E+02,good,f0b5148d551b11e7dd7df9438b9e290233578374fd09e1e3395186c815f6719f,REVIEW,REVIEW,NO_GOOD_TEMPLATE,False
nstx_135388/N4/egn04w.2986E+02,bad,0b6b4194d5bd550cb34499943499139c5794576bc41c5f69d0b4fc5b22f6ccd0,BAD,BAD,BAD_AXIS_SPIKE,False
nstx_135388/N4/egn04w.3241E+02,bad,3a86872ea95d462d345e9e079ad6490fbc03558e3275b7bfce2abe2582e8b824,BAD,BAD,BAD_GRID_SCALE_SPIKE,False
nstx_135388/N4/egn04w.3287E+02,good,32be6554186877bb0a88d968874d0c69063ef1559125d79f94725da0940b567c,REVIEW,REVIEW,NO_GOOD_TEMPLATE,False
nstx_135388/N4/egn04w.3862E+02,bad,b8892075d83054e0f12c786a3d076a09a69b4fc8a6d7f696b2016f21eac28ea0,REVIEW,REVIEW,NO_GOOD_TEMPLATE,False
nstx_135388/N4/egn04w.4639E+02,good,66b69c06b91fc12f56106be6b96e1b8f12c1dedb376ad0b5987841e4837190c1,REVIEW,REVIEW,NO_GOOD_TEMPLATE,False
nstx_135388/N4/egn04w.4640E+02,good,3d02e5402ddc05210b8f49396ec13acef1c80bf85311d9b9d4334877969e7d2d,REVIEW,REVIEW,NO_GOOD_TEMPLATE,False
nstx_135388/N4/egn04w.5195E+02,good,2f84e7b70f73216f4b130640988ee6343efeece2aa088bf396cc7d11e0dfb297,REVIEW,REVIEW,NO_GOOD_TEMPLATE,False
nstx_135388/N4/egn04w.5200E+02,good,bb83a9bec6d6456015d250c1120494b21e95ba4691dd6b107b4bf201d674c376,REVIEW,REVIEW,NO_GOOD_TEMPLATE,False
nstx_135388/N4/egn04w.5270E+02,bad,16eb50ae7c58ea18014586bb07133c550206b3f2c3f4df4adf4831834da663b9,BAD,BAD,BAD_GRID_SCALE_SPIKE,False
nstx_135388/N4/egn04w.6100E+02,good,d226626aafcb55eaccd0815e20b43f73e2b3a900236a6a12fd27154a06a3be2d,REVIEW,REVIEW,NO_GOOD_TEMPLATE,False
nstx_135388/N4/egn04w.6101E+02,good,6aa47701268da250e04470cd96afee77ae50b13a4ebf2ca10eddb6ed810f3055,REVIEW,REVIEW,NO_GOOD_TEMPLATE,False
nstx_135388/N4/egn04w.7336E+02,bad,9fb965fe181ce581733e95e3f219bbe2a1101285567d5f70800b3ff67c7e8962,REVIEW,BAD,BAD_CONTINUUM_CROSSING_TAIL,True
nstx_135388/N4/egn04w.7832E+02,bad,8bc4a289140f7d02bc6f08c0cfc9ca82ea71e5844c436c3730189bc061aec861,REVIEW,REVIEW,NO_GOOD_TEMPLATE,False
nstx_135388/N5/egn05w.1073E+03,bad,3c2718a73f8148fa1723355f571c051251096b49f081536408aee8d21d44a176,BAD,BAD,BAD_GRID_SCALE_SPIKE,False
nstx_135388/N5/egn05w.1083E+03,bad,9b101addcb7b7b65e8c165ccb7581a43772693ec3c2eaeac2e610789fea7300a,BAD,BAD,BAD_GRID_SCALE_SPIKE,False
nstx_135388/N5/egn05w.1186E+03,bad,92f9bc986c8ad28ed0150a0effea8de6ba805474add6844a4e49e6ff09ee6f4c,BAD,BAD,BAD_GRID_SCALE_SPIKE,False
nstx_135388/N5/egn05w.1781E+02,bad,4636d850cd181fd48a981a497de666ae56791c70e9b2fec280c423e693133f50,BAD,BAD,BAD_CONT_CROSS_WINDOW,False
nstx_135388/N5/egn05w.1917E+02,bad,45ba6b8294d1e6aa9a9f57d2c87fd500347396a5e1d3c419c1008984cba48a0a,REVIEW,REVIEW,NO_GOOD_TEMPLATE,False
nstx_135388/N5/egn05w.2098E+02,good,ab636b2f2eee7f4500888002a2723891199a4a80e17729b80b5e440acccd2c37,BAD,BAD,BAD_CONT_CROSS_WINDOW,False
nstx_135388/N5/egn05w.2248E+02,good,62376c9835168987be4df69cf1596f0f9ef7dcd1b53f2eea89fad9649ae775ca,BAD,BAD,BAD_CONT_CROSS_WINDOW,False
nstx_135388/N5/egn05w.2418E+02,bad,d7118d16c7fb0eafe9ebdb59fe8137be1b352ac0cd2de416243bf2d4242e0ece,BAD,BAD,BAD_CONT_CROSS_WINDOW,False
nstx_135388/N5/egn05w.2653E+02,bad,2ef72ba8e4777361ccb7b951052e08379647bf233ce88ff6a4da99385a340517,BAD,BAD,BAD_GRID_SCALE_SPIKE,False
nstx_135388/N5/egn05w.2725E+02,good,ca97e94c10a8129581ff40bb2e4345d6a6671ad84859df25273056c50b29ae73,BAD,BAD,BAD_CONT_CROSS_WINDOW,False
nstx_135388/N5/egn05w.2892E+02,bad,29082b2111467c631e64fcaa0d213a8a6cf47f478235128a4ff79b09f655c771,BAD,BAD,BAD_AXIS_SPIKE,False
nstx_135388/N5/egn05w.2950E+02,good,dc23b8fe1ae64da391e2dcf31ca14483f27b01a40cb67ed48a0fd19dd800463a,REVIEW,REVIEW,NO_GOOD_TEMPLATE,False
nstx_135388/N5/egn05w.3057E+02,good,856285e096b85b76bc558a9325dfe424a497081a5ea4922e2daba94f5765f17e,REVIEW,REVIEW,NO_GOOD_TEMPLATE,False
nstx_135388/N5/egn05w.3249E+02,bad,49163f7f95cbb7a34fa2618a6e5e07dd2e555c2bbf48da7478db669545d6dada,BAD,BAD,BAD_AXIS_SPIKE,False
nstx_135388/N5/egn05w.3319E+02,good,4db2773953226187bedc55a53ec60d9acb4165926c72d574ff1d31bd74bab7bf,REVIEW,REVIEW,NO_GOOD_TEMPLATE,False
nstx_135388/N5/egn05w.3560E+02,good,1c53a8ee8267d548d76a5fa8cb0faf97e733fcdd306efb04890f901458facc68,REVIEW,REVIEW,NO_GOOD_TEMPLATE,False
nstx_135388/N5/egn05w.3735E+02,bad,013418a7a84fef864c3d4770c05c5ab3c4b93776d867791ff5b67e0f218b22dd,BAD,BAD,BAD_GRID_SCALE_SPIKE,False
nstx_135388/N5/egn05w.4285E+02,good,a86baf10fd98860e909e886eb68b82924ca1abc2ab5aca41993acf2930006029,BAD,BAD,BAD_GRID_SCALE_SPIKE,False
nstx_135388/N5/egn05w.5005E+02,good,f0c3453c9a628a7614242c604b62b1179215c98a0519239154c6088e70e1c717,REVIEW,REVIEW,NO_GOOD_TEMPLATE,False
nstx_135388/N5/egn05w.5648E+02,good,4b98ff940012bcf24754183254ed19675fa6d37efc2aae845e3c95f0e7ab7010,REVIEW,REVIEW,NO_GOOD_TEMPLATE,False
nstx_135388/N5/egn05w.6202E+02,good,23aab69ed375db85973a2719c9e352598d1db75ce95b2f4e81a2d2e5627dee84,REVIEW,REVIEW,NO_GOOD_TEMPLATE,False
nstx_135388/N5/egn05w.7266E+02,good,b4034bcb5f6462a35be053b915d0b16151460b7a603b11bd4302a5a20a68b480,REVIEW,REVIEW,NO_GOOD_TEMPLATE,False
nstx_135388/N6/egn06w.1914E+02,bad,8bb894ca27501bcdc86be502c7e6f3da936dbdfc4394f5e136ce9740fb6b7a07,BAD,BAD,BAD_CONT_CROSS_WINDOW,False
nstx_135388/N6/egn06w.1917E+02,bad,beafa938a9d8e3fbd121b87c9a6953c623324f2c2c15a61ff5fefaa43952fe7c,BAD,BAD,BAD_GRID_SCALE_PACKET,False
nstx_135388/N6/egn06w.1980E+02,bad,4c87295d3e8f499d551f004d059972766374e1ce15a58bff8ffee25c34b87a87,BAD,BAD,BAD_CONT_CROSS_WINDOW,False
nstx_135388/N6/egn06w.2105E+02,good,e7a43ffebf0f0f3b4f05f1b8b129a9aa102e04970566bef9ec8d1a18e39c807b,REVIEW,REVIEW,NO_GOOD_TEMPLATE,False
nstx_135388/N6/egn06w.2279E+02,good,e4fe86f6e2d221bfc0c15544ae471b260a14f7559fb5391f2dc94e0d8ebbfb3f,REVIEW,REVIEW,NO_GOOD_TEMPLATE,False
nstx_135388/N6/egn06w.2450E+02,good,eca7ce5b162a2cc52a5cc89d1cbe42cd0038e3170f793f169e5452b1b6edc90f,REVIEW,REVIEW,NO_GOOD_TEMPLATE,False
nstx_135388/N6/egn06w.2682E+02,good,1dcd8a252eeaa77073c4f8236b83c894d9c403351966047b093f92fe3b77d880,REVIEW,REVIEW,NO_GOOD_TEMPLATE,False
nstx_135388/N6/egn06w.2786E+02,good,cb446d76ed8717a47ebf59f28b8f39dae7f2197d458d794e659725c07f6e2f1d,REVIEW,REVIEW,NO_GOOD_TEMPLATE,False
nstx_135388/N6/egn06w.2889E+02,good,0228371297ac62cdaa3acfb8f2e58a0428b128147ae1707f78594d5580763ddd,BAD,BAD,BAD_NEAR_AXIS_GRID_OSCILLATION,False
nstx_135388/N6/egn06w.3008E+02,good,ac54fd77408e84b98acc77ad539e64d685757c2ca5ea4dad637df2516802bc82,REVIEW,REVIEW,NO_GOOD_TEMPLATE,False
nstx_135388/N6/egn06w.3147E+02,good,0c7fb21c06a8da81893f78f747d5adb1006d7329cfecedc5e76fa67da073f708,REVIEW,REVIEW,NO_GOOD_TEMPLATE,False
nstx_135388/N6/egn06w.3302E+02,good,e897c1dd4f7391cbb5887578689c1e63052042aedb7608cb450459d811e71be9,REVIEW,REVIEW,NO_GOOD_TEMPLATE,False
nstx_135388/N6/egn06w.3468E+02,good,7b8970758f1da755de6218c6b116f0222c7baafa0b78ff33b4f6fc46009633f7,REVIEW,REVIEW,NO_GOOD_TEMPLATE,False
nstx_135388/N6/egn06w.3792E+02,good,f400e2b0bcc246c6a3586d50f0a80a8065d380ac12bb42a6a5d9fd968134a080,REVIEW,REVIEW,NO_GOOD_TEMPLATE,False
nstx_135388/N6/egn06w.4121E+02,good,ba15a2b94d92c2ac229ce30caf32793d4257b7d9642553be681f133eb9bb6527,REVIEW,REVIEW,NO_GOOD_TEMPLATE,False
nstx_135388/N6/egn06w.4630E+02,good,0ef3c989f09169d12164413739b89d4e40a88facf8c3da2fa976f48eabaf3de0,REVIEW,REVIEW,NO_GOOD_TEMPLATE,False
nstx_135388/N6/egn06w.5263E+02,good,ec47642934c56801577845ea0f445c0e2b72e59ef72e631eeb3b3bbdf456cbb1,REVIEW,REVIEW,NO_GOOD_TEMPLATE,False
nstx_135388/N6/egn06w.6479E+02,good,0b1ca1584ba20c4d9a2a381cf0e67d44a2d25fdb495a530cb22b9d0b35de524b,REVIEW,REVIEW,NO_GOOD_TEMPLATE,False
nstx_135388/N6/egn06w.7164E+02,good,8e9eabfe680b96a6fe2ade351d03e753e8148a9826c9c8cf7a2aecc2da06f372,REVIEW,REVIEW,NO_GOOD_TEMPLATE,False
nstx_135388/N6/egn06w.8307E+02,bad,20803eed9627f7b4edb50c5a343f58b5f6de93248c90c4886546b57be6a5ce18,BAD,BAD,BAD_CONT_CROSS_WINDOW,False
nstx_135388/N6/egn06w.9565E+02,bad,c3ea3eaecdab1c6982537716a351edae9a3f2a555c680658c6b6f8324242cc56,BAD,BAD,BAD_NEAR_AXIS_GRID_OSCILLATION,False
nstx_135388/N7/egn07w.1043E+03,bad,926fac272a6bcc1c8df1c81a240320d472cb730e707ba313e58116c5bd95f26f,BAD,BAD,BAD_CONT_CROSS_WINDOW,False
nstx_135388/N7/egn07w.1071E+03,bad,2a23db268562559292ee3cb9b7336cdb0279329b0f59356b778347d83a26360b,BAD,BAD,BAD_CONT_CROSS_WINDOW,False
nstx_135388/N7/egn07w.1153E+03,bad,90ecd9350a00b7859a04c3085c317b8a99014ec29952331182f117d86a0542ff,BAD,BAD,BAD_CONT_CROSS_WINDOW,False
nstx_135388/N7/egn07w.1181E+03,bad,5f15ed7869ca5c811896e956afd82beb2c936f1334f0edc494429783f2eb4a5c,BAD,BAD,BAD_CONT_CROSS_WINDOW,False
nstx_135388/N7/egn07w.1218E+03,bad,8c696addaec28bc95c48e92c34e8a1d08b6d2f17b75a36b38a8a437f0e0024f6,BAD,BAD,BAD_GRID_SCALE_SPIKE,False
nstx_135388/N7/egn07w.1739E+02,bad,cedf5862163f62060fbd4638692cb408f0431b25c683ca33601afd501d552cb6,BAD,BAD,BAD_CONT_CROSS_WINDOW,False
nstx_135388/N7/egn07w.1774E+02,bad,c5b83ea5805a059b6b44b9623e8992b109dfce137014339ea4fd5c936a39eac6,BAD,BAD,BAD_GRID_SCALE_SPIKE,False
nstx_135388/N7/egn07w.1794E+02,bad,15c89e483471682bae5f6a5f1be5d3b5e47688a4081cb2083d8fd6658880a29a,BAD,BAD,BAD_CONT_CROSS_WINDOW,False
nstx_135388/N7/egn07w.1863E+02,good,8732fe29e9bd6471ce7b1497c5016d5dcd28126e461bd2c7f81c094c9e42cfb5,REVIEW,REVIEW,NO_GOOD_TEMPLATE,False
nstx_135388/N7/egn07w.1960E+02,bad,3ae5fc9ed5a686accf089f9d993ca2fd4ed5d9df6f832445edf16bde87334969,BAD,BAD,BAD_CONT_CROSS_WINDOW,False
nstx_135388/N7/egn07w.2113E+02,bad,dd6e3ae564393a4b6de248ba4ee578ba9864d369887231f012634b09693e747d,REVIEW,REVIEW,NO_GOOD_TEMPLATE,False
nstx_135388/N7/egn07w.2223E+02,good,e039d745582785480632fc29fdb9eb3526338efd0ef1f991c6d0be88ebffecd0,REVIEW,REVIEW,NO_GOOD_TEMPLATE,False
nstx_135388/N7/egn07w.2346E+02,bad,ec33ccbcef81cdeac2c5fac96690b0a7c61e489fec2329cb772ad687af2a5274,BAD,BAD,BAD_CONT_CROSS_WINDOW,False
nstx_135388/N7/egn07w.2388E+02,bad,e9793462e53ed8e4032cab2de368c37444909fa9b4de4f4117ab146d9c9344fc,BAD,BAD,BAD_CONT_CROSS_WINDOW,False
nstx_135388/N7/egn07w.2394E+02,good,2fa70bdfc5c43a8c77087dedb444d44f0710fee294fa097918cdc7133cd7ab4b,REVIEW,REVIEW,NO_GOOD_TEMPLATE,False
nstx_135388/N7/egn07w.2428E+02,bad,2978efc8b089ee757d8bb81d8ef274e644049c69bda236f3fe0b928a6ba7669a,BAD,BAD,BAD_AXIS_SPIKE,False
nstx_135388/N7/egn07w.2569E+02,good,b56f0c9f4da240e50dbd9bfaf7e9cdfecfa1d4ae9893085b442634c29d97b141,REVIEW,REVIEW,NO_GOOD_TEMPLATE,False
nstx_135388/N7/egn07w.2645E+02,bad,4fb0b7abbfba8de4e2115ea74a702ce4084765e78395947b41cf9f8339c16f63,BAD,BAD,BAD_GRID_SCALE_SPIKE,False
nstx_135388/N7/egn07w.2660E+02,bad,01e8e970f6cc9d7ee8779525ab3ab1a0a9c751d029c0444dffbb33d41b857ea5,BAD,BAD,BAD_GRID_SCALE_SPIKE,False
nstx_135388/N7/egn07w.2680E+02,bad,cbfa7b63db7a5a361b51c6fe066b876de4fef2035fe9a35f3bca3246d4da1f63,BAD,BAD,BAD_AXIS_SPIKE,False
nstx_135388/N7/egn07w.2755E+02,good,6669bcb9d789b2f57c6a0d4cda503586e7670927ae2116c64cd99f56d0c71b49,REVIEW,REVIEW,NO_GOOD_TEMPLATE,False
nstx_135388/N7/egn07w.2759E+02,good,7e11bd6b77d320e2c8813a13069e489918ff9453648c435987b728deb73fcdb0,REVIEW,REVIEW,NO_GOOD_TEMPLATE,False
nstx_135388/N7/egn07w.2890E+02,bad,de1ce99186927b816a788939eeab98ccee240fe9edcdc71e01ecb982253f0498,BAD,BAD,BAD_AXIS_SPIKE,False
nstx_135388/N7/egn07w.2971E+02,good,24beafbccef56d62199371d3409f240c6cd20a7bce322016b8e00b34b61ee2e6,REVIEW,REVIEW,NO_GOOD_TEMPLATE,False
nstx_135388/N7/egn07w.2994E+02,good,c09f818957b8f71f050ce6f5a60dfb431ca443786480c5d0ab77677175649ee8,REVIEW,REVIEW,NO_GOOD_TEMPLATE,False
nstx_135388/N7/egn07w.3304E+02,good,54a746fa24afd57e8e5fdc1479ff689ca300c79adff6e4eca5dd23edac0cd3f3,REVIEW,REVIEW,NO_GOOD_TEMPLATE,False
nstx_135388/N7/egn07w.3518E+02,good,9ee63c652da7811936d842f17ba7721853f8fa25279cbda509cd72feb6c9af8c,REVIEW,REVIEW,NO_GOOD_TEMPLATE,False
nstx_135388/N7/egn07w.3838E+02,good,50baa812b27251d685a3b6c7d2e0dcf773a15b870c961fc075b504369ab4498a,REVIEW,REVIEW,NO_GOOD_TEMPLATE,False
nstx_135388/N7/egn07w.4124E+02,bad,db0fb29cd483f5fa71f4ce8745d6d56f8afd49948d2c11d34b4581bd71c87e4e,BAD,BAD,BAD_AXIS_SPIKE,False
nstx_135388/N7/egn07w.4463E+02,bad,acd424ba762a0bfb9c3f1da33ec51da692ab09d3d0a9df9ff1cf2c7a430abffd,BAD,BAD,BAD_AXIS_SPIKE,False
nstx_135388/N7/egn07w.4950E+02,good,e194fe7f70475246986b43a43910a8c9359aab781dc7f578f9318d2aed75afdd,REVIEW,REVIEW,NO_GOOD_TEMPLATE,False
nstx_135388/N7/egn07w.5504E+02,good,bbaf950f5094ffbd3d45fd23aeefa54f652704a4d5df696a9c633a36e5db998f,REVIEW,REVIEW,NO_GOOD_TEMPLATE,False
nstx_135388/N7/egn07w.6105E+02,good,fa4900b87934686e230477744549168dff98e62f163313a3a14d73957867ab4c,REVIEW,REVIEW,NO_GOOD_TEMPLATE,False
nstx_135388/N7/egn07w.6689E+02,bad,a8cb8b99d44884054ce930341bbc977247dd768a972c01d44984420663100712,BAD,BAD,BAD_CONT_CROSS_WINDOW,False
nstx_135388/N7/egn07w.6691E+02,bad,6d541436d67e4594c7ae57ee2f8c94248d701879b670dd1da74e52d510a1ee7d,BAD,BAD,BAD_CONT_CROSS_WINDOW,False
nstx_135388/N7/egn07w.7225E+02,good,26018dcb187dfcccd3631e036ea22000824c1b6913f4a52b13f415f9971b45bd,REVIEW,REVIEW,NO_GOOD_TEMPLATE,False
nstx_135388/N7/egn07w.8037E+02,bad,d1f4d8e36c590cfb7009f5916c74bda7c0b04c593b10483a8d50bb7caaf02bbb,REVIEW,REVIEW,NO_GOOD_TEMPLATE,False
nstx_135388/N7/egn07w.8499E+02,bad,0bcae30d7e6174ca6594b106a7ad27ecc1de522047620c21165a360e2ae61f82,BAD,BAD,BAD_CONT_CROSS_WINDOW,False
nstx_135388/N8/egn08w.1188E+03,bad,a2508f8a833c976acccd05cbf1dfae84d62232877333cee1a65accdf3e44caa9,BAD,BAD,BAD_CONT_CROSS_WINDOW,False
nstx_135388/N8/egn08w.1210E+03,bad,e7c7c7ae55987be2ccd77e8854b7291ee71f2a66b7c2a1525dda24b766fe7a57,BAD,BAD,BAD_NEAR_AXIS_GRID_OSCILLATION,False
nstx_135388/N8/egn08w.1782E+02,bad,39ed0828474f78a7a548fd1052d704da7667afb2ed6355a51ff3bd185bee86cd,BAD,BAD,BAD_CONT_CROSS_WINDOW,False
nstx_135388/N8/egn08w.1881E+02,bad,6cbbe186374db9e6f0004840a797cd98284de47556c526691842d9a7af9caf29,BAD,BAD,BAD_CONT_CROSS_WINDOW,False
nstx_135388/N8/egn08w.1968E+02,good,e33d91ca23abc504f5b2d80a5cb5a6ca75c696665ff5010755f56a9e51327826,BAD,BAD,BAD_CONT_CROSS_WINDOW,False
nstx_135388/N8/egn08w.1986E+02,bad,c1f53259aa1f64758fffc9c3e739a142bd5297e50cda827c26a80146940c69a6,BAD,BAD,BAD_CONT_CROSS_WINDOW,False
nstx_135388/N8/egn08w.1993E+02,bad,08fc91a69c5c3e553cec8d857fa099b41a488a479ae449eb0de7c44a46ba4f2c,BAD,BAD,BAD_CONT_CROSS_WINDOW,False
nstx_135388/N8/egn08w.1998E+02,bad,ec940d2ecede0afc9c7ebed27318393b4ab4382e057b0c1646e3be9329111a64,BAD,BAD,BAD_GRID_SCALE_PACKET,False
nstx_135388/N8/egn08w.2057E+02,good,a544ddf0a8915efe7586ad66e2a1d8775f5e10bfad09bd1d04a4808e6bf3acac,REVIEW,REVIEW,NO_GOOD_TEMPLATE,False
nstx_135388/N8/egn08w.2197E+02,good,3cd96c46c9727a2687ee6f1af5c6201430b0f467ca91d91439920f99e5157229,REVIEW,REVIEW,NO_GOOD_TEMPLATE,False
nstx_135388/N8/egn08w.2326E+02,good,0b3af43c9edaa9e1a0b20f8209e60a8a3631ea9be99b63c6a2dcec18e4d49593,REVIEW,REVIEW,NO_GOOD_TEMPLATE,False
nstx_135388/N8/egn08w.2587E+02,bad,0f91d4001f2e73458ad7ab8df7a9ea4c6af7395ed9b7e5f7218e5cc62bfa3c63,BAD,BAD,BAD_AXIS_SPIKE,False
nstx_135388/N8/egn08w.2639E+02,good,a11d7cb817958ccf162cf798b6ef624cbd166f5be9b82fd48f32137209d50aa8,BAD,BAD,BAD_NEAR_AXIS_GRID_OSCILLATION,False
nstx_135388/N8/egn08w.2654E+02,bad,78c57a300d5b10c8febb2c0051d91883abe66854f7c4967798b1152f2c006214,BAD,BAD,BAD_GRID_SCALE_SPIKE,False
nstx_135388/N8/egn08w.2668E+02,good,9a9132fb2e06811c0638ca6ef9ff3d738fb8a84c53cb02b1d9190302cbda213a,REVIEW,REVIEW,NO_GOOD_TEMPLATE,False
nstx_135388/N8/egn08w.2674E+02,bad,eb588740c81224fec21b67f44e4a605b8a364d1669450d43f5f23368911c283f,BAD,BAD,BAD_GRID_SCALE_SPIKE,False
nstx_135388/N8/egn08w.2714E+02,good,374d530a126dbc4080691ec752e3cce0d747c0ea2c26436e8ab5b87eaba89c66,REVIEW,REVIEW,NO_GOOD_TEMPLATE,False
nstx_135388/N8/egn08w.2796E+02,good,0d304104d117d586b06b1b621adbe6898add038d5b4863ff23ae71525cff4261,REVIEW,REVIEW,NO_GOOD_TEMPLATE,False
nstx_135388/N8/egn08w.2861E+02,good,ca263b55d40fb5a52aae0f9ef0da0b416d0627d6f9711405edce647af0e6b8ee,REVIEW,REVIEW,NO_GOOD_TEMPLATE,False
nstx_135388/N8/egn08w.3062E+02,good,5f1523c4c323864bbcaf150477c4e5338862dd2225cd8a63cadc5fbc3d83cd87,REVIEW,REVIEW,NO_GOOD_TEMPLATE,False
nstx_135388/N8/egn08w.3112E+02,good,dcb46ec589a2f96ff36e7771a264d55cfa0a930ce75ec86711306a9225ec525f,REVIEW,REVIEW,NO_GOOD_TEMPLATE,False
nstx_135388/N8/egn08w.3207E+02,good,844eef049de269209271a6dc94875a2c5464ce538c58d486a7f359096a89abc2,REVIEW,REVIEW,NO_GOOD_TEMPLATE,False
nstx_135388/N8/egn08w.3344E+02,good,a88dbb8da2d8d1dfc50941091b2f167ddab94d05070b2914180df1b2f8cb0c29,REVIEW,REVIEW,NO_GOOD_TEMPLATE,False
nstx_135388/N8/egn08w.3508E+02,good,30e2452f442d7c98700b6d78bbbb9bd79a69cd07d99fdcad3525bd205ceb29cc,REVIEW,REVIEW,NO_GOOD_TEMPLATE,False
nstx_135388/N8/egn08w.3823E+02,good,bf9fd14267e613a6648cfb6bd749e18dcf47ea5a968b6df2635e5405c34c4e78,REVIEW,REVIEW,NO_GOOD_TEMPLATE,False
nstx_135388/N8/egn08w.4081E+02,bad,039314cee11ef7f4f1111d1bc9228aa5f322cadb89141e85d2f2d95a93bd57ba,BAD,BAD,BAD_AXIS_SPIKE,False
nstx_135388/N8/egn08w.4424E+02,good,ae10f395156efd77a60753a787cd20fb7a0ce48280883d63f046bac1d3860bcb,REVIEW,REVIEW,NO_GOOD_TEMPLATE,False
nstx_135388/N8/egn08w.4787E+02,good,6ecb9980fd852fb0bee4709c6bf30da1aadae4a154b2ac8ae20b5cdbe51f436a,REVIEW,REVIEW,NO_GOOD_TEMPLATE,False
nstx_135388/N8/egn08w.5182E+02,good,bec311708c4e13942a497d0e33d5596fb8cc91140556ecea5d82ebe4cdfea5a3,REVIEW,REVIEW,NO_GOOD_TEMPLATE,False
nstx_135388/N8/egn08w.5708E+02,good,ec547abdb43facdebbd7fa12b96889925dce9a1b7b45c9907015562877a93bff,REVIEW,REVIEW,NO_GOOD_TEMPLATE,False
nstx_135388/N8/egn08w.6258E+02,good,c5c5bf1db3e56e7f0f18505c10e3d3e8aed9434592ec28cfa00b1a6fe3e544ba,REVIEW,REVIEW,NO_GOOD_TEMPLATE,False
nstx_135388/N8/egn08w.6825E+02,good,8cfc8b2b9adc8f90cdf91a4a40a85244b4768389873281d1ce10859e6ee06676,REVIEW,REVIEW,NO_GOOD_TEMPLATE,False
nstx_135388/N8/egn08w.7331E+02,good,1a67e534c4158620c15dc728c0201bfb5d5fd6e98d5262faedf7b0c07a58126e,REVIEW,REVIEW,NO_GOOD_TEMPLATE,False
nstx_135388/N8/egn08w.7957E+02,good,6f55fde33dac98988555ba5f2a9acaf6cd02f6a00d75822ef526b1499c53ef38,REVIEW,REVIEW,NO_GOOD_TEMPLATE,False
nstx_135388/N8/egn08w.8814E+02,good,8da97d82dcd2146d82f93de2a59de9a3561e3eb09e9c349d2c0d7f57dd074797,REVIEW,REVIEW,NO_GOOD_TEMPLATE,False
nstx_135388/N8/egn08w.9418E+02,bad,692b35070d65bfeba5cc1fc657c5ed160c0cdc32869d49a7118f360d1dc24941,BAD,BAD,BAD_CONT_CROSS_WINDOW,False
nstx_135388/N8/egn08w.9850E+02,bad,c87a23ed8a35858d45f60f554a251e7e03a619adbd5f34ff145ff6d7c80f1916,BAD,BAD,BAD_CONT_CROSS_WINDOW,False
nstx_135388/N9/egn09w.1047E+03,bad,e0f928af37a92f072045902a07d180ba67b5473d5487aaea216d0def2f741afc,BAD,BAD,BAD_CONT_CROSS_WINDOW,False
nstx_135388/N9/egn09w.1107E+03,bad,35c53c47480e58e699a1ea33013474ca5cd9c9817e713fa0b0176674e4a88feb,BAD,BAD,BAD_AXIS_SPIKE,False
nstx_135388/N9/egn09w.1125E+03,bad,3d868b7e58eb65b0845cbb780f5639f27eb2cd9465d924e3819798eea52d1d1e,BAD,BAD,BAD_CONT_CROSS_WINDOW,False
nstx_135388/N9/egn09w.1129E+03,bad,bff9130bf2022aca1d41433b3bf0a4c8d1356f4d2d08f73addf8e028bf57f8ad,BAD,BAD,BAD_CONT_CROSS_WINDOW,False
nstx_135388/N9/egn09w.1408E+03,bad,5f04ed9dbc08e2d8d1f6465ffdc6e80d844d0c032f5a86ff23c518bf8dab3b5b,BAD,BAD,BAD_AXIS_SPIKE,False
nstx_135388/N9/egn09w.1792E+02,bad,b1720dc3a74b56b9650b34cab2b0e207e852cfed891ac8ea46bc1112ade12a22,BAD,BAD,BAD_CONT_CROSS_WINDOW,False
nstx_135388/N9/egn09w.1832E+02,bad,d8e6f8b6034c1c8aa99521b7817b29004b1c918ba621dbf3678d7a9145b5e5ab,BAD,BAD,BAD_CONT_CROSS_WINDOW,False
nstx_135388/N9/egn09w.1874E+02,bad,ed82154374194e6c31717d9d0e74db39af2dcb9f6936137a1fe4b26acb9096b5,BAD,BAD,BAD_GRID_SCALE_SPIKE,False
nstx_135388/N9/egn09w.1899E+02,good,0cfe6f2a6f630840ffb2ffba9a7e422659d6c8d3218927d382a8d72496c0954e,REVIEW,REVIEW,NO_GOOD_TEMPLATE,False
nstx_135388/N9/egn09w.1938E+02,good,1a8417ab234b37112e2984b02403ccc77c7bca4c92bbd227091d605820054427,REVIEW,REVIEW,NO_GOOD_TEMPLATE,False
nstx_135388/N9/egn09w.1953E+02,bad,445a7b30d1731f8a6611d12e0810953324ad4defc6a1aaa6dec00c91f0ae2db9,BAD,BAD,BAD_AXIS_SPIKE,False
nstx_135388/N9/egn09w.1959E+02,bad,9e44c8614577def3ee07f2761fd72a650ab08b5739df325ea5e99457a55a6efa,BAD,BAD,BAD_AXIS_SPIKE,False
nstx_135388/N9/egn09w.1979E+02,bad,20e230ed90db7bce4957f5c61b0cde8d36df65fd45fd17f5403c4a212dbc5722,BAD,BAD,BAD_AXIS_SPIKE,False
nstx_135388/N9/egn09w.1996E+02,bad,bb33ac7f611d3297edb3367a9946ff758ea3781d7479b9bb8cdc20c0678cf114,BAD,BAD,BAD_AXIS_SPIKE,False
nstx_135388/N9/egn09w.2020E+02,bad,492a2bbdc943887bf0ed6c8894e16a93507cea6d10bc5add3864669ed950c039,BAD,BAD,BAD_AXIS_SPIKE,False
nstx_135388/N9/egn09w.2044E+02,bad,3731a4dad6f4bffe9673160b25546d5efa85f67a95abae24d50a2b43e202c54c,BAD,BAD,BAD_AXIS_SPIKE,False
nstx_135388/N9/egn09w.2049E+02,good,e1df417b0ec6ee5bd72695e789cad7cf72323231a037627aacbf5959ef5a5db6,REVIEW,REVIEW,NO_GOOD_TEMPLATE,False
nstx_135388/N9/egn09w.2070E+02,bad,0455fff7405a74388f29a970664485bf7368142369d473236e0376f06e0a7867,BAD,BAD,BAD_AXIS_SPIKE,False
nstx_135388/N9/egn09w.2126E+02,bad,9818f32650272c3128ebd128e071bbc8a9f324584e0d305f648e331e0c2cf01e,BAD,BAD,BAD_AXIS_SPIKE,False
nstx_135388/N9/egn09w.2150E+02,good,d3749081d72b16ea0ff474ed53a57f14a2d5079c21d88a8530372c360ce44ca4,REVIEW,REVIEW,NO_GOOD_TEMPLATE,False
nstx_135388/N9/egn09w.2155E+02,bad,7e182070d75cb6f47c12d26d31b41eaa3c890161d6d8832bd3546a270e7654f5,BAD,BAD,BAD_AXIS_SPIKE,False
nstx_135388/N9/egn09w.2162E+02,bad,62771cd92c78c48c3f70d34a19519de9c60bbeb1af56d253d5f802247ae71904,BAD,BAD,BAD_AXIS_SPIKE,False
nstx_135388/N9/egn09w.2175E+02,bad,0fe7cba7291d5273eb5246d520b5f36fc6dac8bfd24160e666ff5d1bfde2576f,BAD,BAD,BAD_AXIS_SPIKE,False
nstx_135388/N9/egn09w.2182E+02,bad,5831252343a5f43321cd4dc22dc84335cbc07a2b0ffe77b19157e00f6a7e3242,BAD,BAD,BAD_AXIS_SPIKE,False
nstx_135388/N9/egn09w.2357E+02,bad,459ab93bb08b964725176fef5b6d689dc1c046d2d2c9a32f6545491b42f96628,BAD,BAD,BAD_NEAR_AXIS_GRID_OSCILLATION,False
nstx_135388/N9/egn09w.2407E+02,good,6045915ddf18a5498ebca134dbd087152dd752b8210e8965c8cb273bc81d6568,REVIEW,REVIEW,NO_GOOD_TEMPLATE,False
nstx_135388/N9/egn09w.2507E+02,bad,a6a33f0e81a0b5a04834408ed035684ec0e35c8b2b2e625bc4b768618d314afa,BAD,BAD,BAD_AXIS_SPIKE,False
nstx_135388/N9/egn09w.2520E+02,bad,19d7680765a4dd43d51b4527eb52d348b77fdf8e3b94ed2d7ab7dcabbbcb17f0,BAD,BAD,BAD_AXIS_SPIKE,False
nstx_135388/N9/egn09w.2590E+02,bad,91c18e850ac628f891e6127181fbead2b0497f53a867ef1f982280c82260a9c7,BAD,BAD,BAD_AXIS_SPIKE,False
nstx_135388/N9/egn09w.2633E+02,bad,5434e1e89768c74563baa05e80fc37a55209b588aa56428f6639e6f78834d0b1,BAD,BAD,BAD_GRID_SCALE_SPIKE,False
nstx_135388/N9/egn09w.2658E+02,bad,e508b4eba99651658272f3c087d43872b640ab246e27cefcd48ceebcfa9c54ed,BAD,BAD,BAD_GRID_SCALE_SPIKE,False
nstx_135388/N9/egn09w.2699E+02,bad,88c2bb0ee78889fa364d585e17e6327345f4a912248423a4f902c8b06f290551,BAD,BAD,BAD_GRID_SCALE_SPIKE,False
nstx_135388/N9/egn09w.2702E+02,bad,f1580a53dbc893539ff89e40a18435ec0bd394d6ad3a2b204f1ec8ad365ac894,BAD,BAD,BAD_GRID_SCALE_PACKET,False
nstx_135388/N9/egn09w.2707E+02,bad,ea307ae0a5ca8f1601a37e05d5723844ccdb92a8644d72e1c94b14ee264a3bb5,BAD,BAD,BAD_NEAR_AXIS_GRID_OSCILLATION,False
nstx_135388/N9/egn09w.2761E+02,good,ee15c6f30ca17ac48cd6aad49cf8a14c144ce683adf7872966a676794aa14d13,REVIEW,REVIEW,NO_GOOD_TEMPLATE,False
nstx_135388/N9/egn09w.2796E+02,good,52d70027250172eb0f1ad8541babaf6cd09c539cc8d6961f923dd671bc3dda57,REVIEW,REVIEW,NO_GOOD_TEMPLATE,False
nstx_135388/N9/egn09w.2887E+02,good,80d1475995d0abe44bd36f5b6494413972f638a7d71738389961bb2bc4140c8d,BAD,BAD,BAD_NEAR_AXIS_GRID_OSCILLATION,False
nstx_135388/N9/egn09w.2926E+02,good,4eed780665cde4d0ad797f0c5eb756c37e8ab5686d5d9dd94eb1c1c3f03c8718,REVIEW,REVIEW,NO_GOOD_TEMPLATE,False
nstx_135388/N9/egn09w.3044E+02,good,9a387ac2313dc541ed2471703dbcb559e824c56306015d7cf5ad07a57ccbe5a5,REVIEW,REVIEW,NO_GOOD_TEMPLATE,False
nstx_135388/N9/egn09w.3097E+02,good,af1979b992047b27885cbe933f9d15e081d19c7efd17a9dae190a1836751b1b0,REVIEW,REVIEW,NO_GOOD_TEMPLATE,False
nstx_135388/N9/egn09w.3312E+02,good,9bcef9f8327823dc41c677f866dd06e0448c498e8865250ce935d7fa45e794f1,REVIEW,REVIEW,NO_GOOD_TEMPLATE,False
nstx_135388/N9/egn09w.3351E+02,good,00c82cb9291cb80e126fd4fc9ed8f415875532268558d8443e8a0b1bbf8d2733,REVIEW,REVIEW,NO_GOOD_TEMPLATE,False
nstx_135388/N9/egn09w.3451E+02,good,cf954559f813fc1b70804311f0bd8bdabfa0f7b1b187b82f12e1943fa45f659b,REVIEW,REVIEW,NO_GOOD_TEMPLATE,False
nstx_135388/N9/egn09w.3605E+02,bad,983ddb0bd28d3b4a9b9bbcfc972581ecc98252486765db94642fcadabf544af7,BAD,BAD,BAD_AXIS_SPIKE,False
nstx_135388/N9/egn09w.4060E+02,bad,e18f69c3655bd9894bbf8e5f84967a628b0f4194f590bc9ae0241882ca98aa63,BAD,BAD,BAD_AXIS_SPIKE,False
nstx_135388/N9/egn09w.4641E+02,bad,5ca19ab33d376b8e2061f1aacbc0074ae86e51f2c2dd7660493e6e5e5046e261,BAD,BAD,BAD_AXIS_SPIKE,False
nstx_135388/N9/egn09w.5020E+02,bad,8c087217855b459036f6b3f2c4340ceefd24821dcfbfbb8272c19b09eecb6b61,BAD,BAD,BAD_AXIS_SPIKE,False
nstx_135388/N9/egn09w.5394E+02,bad,a81e10fbcddb5ecc2c333a68a76131a6a482ba33777baccc28fbf6b6937524c9,BAD,BAD,BAD_AXIS_SPIKE,False
nstx_135388/N9/egn09w.5860E+02,bad,7fbda1f57ef322a3cdcdb0e6bfaf4af7595dbf9d47aafd8dbe7001642ca33c8c,BAD,BAD,BAD_AXIS_SPIKE,False
nstx_135388/N9/egn09w.6387E+02,good,a09541f565570409f4d925cb5fb057cea7960d061edceb33006c82a6177d90ae,REVIEW,REVIEW,NO_GOOD_TEMPLATE,False
nstx_135388/N9/egn09w.6908E+02,bad,b1a75ae4bf838122a95cc79e64bdd48bc748f3c4ac903b6df4d4f6457a5958ab,BAD,BAD,BAD_AXIS_SPIKE,False
nstx_135388/N9/egn09w.7416E+02,good,3cc30cacd7626227a2773330d13c7b662dcebeaed8e82dad9422f6591c523eda,REVIEW,REVIEW,NO_GOOD_TEMPLATE,False
nstx_135388/N9/egn09w.7961E+02,good,d5feeec9af38614c74181f93775a62f7c1f0c6c5d3f0f0298c1f163276ec0163,REVIEW,REVIEW,NO_GOOD_TEMPLATE,False
nstx_135388/N9/egn09w.9497E+02,bad,76941ad30843201a01473e7a479c8d91849e51fb270f08d9a88b73a98b0a9ab0,BAD,BAD,BAD_CONT_CROSS_WINDOW,False
nstx_141711/N1/egn01w.2311E+03,bad,3bc98ca89c96914849773d2772a4b5b127168ff15fa1fbde4774ca42ca11b803,BAD,BAD,BAD_GRID_SCALE_SPIKE,False
nstx_141711/N1/egn01w.2329E+03,bad,4f5309c0a6917bb02dc990489d61cd1e9b3ebe367f45d300fb4b0c9e8ac602b5,BAD,BAD,BAD_GRID_SCALE_SPIKE,False
nstx_141711/N1/egn01w.2349E+03,bad,850ab93da7eae32d77c55ab3c8aebda72850b101f653e79a55f883de549c03ee,BAD,BAD,BAD_AXIS_SPIKE,False
nstx_141711/N1/egn01w.2375E+03,bad,1b3b2d39dad997a58282b0e02bb2ba6fdef5669df84c4c1d7f542080639cd41e,BAD,BAD,BAD_AXIS_SPIKE,False
nstx_141711/N1/egn01w.2413E+03,bad,b66d72ac897d7199587fc1da974f306432f2d68e9878bf0ad46a5800fb539f8e,BAD,BAD,BAD_CONT_CROSS_WINDOW,False
nstx_141711/N1/egn01w.2616E+03,bad,c7627f9b0cc644f7a6fc222eb1d971d92045602a01a73cf3785f9a36b39c66a1,BAD,BAD,BAD_CONT_CROSS_WINDOW,False
nstx_141711/N1/egn01w.2778E+03,bad,285964772667ca44ac391f2ca847a90e1948e2c46fbc7dc5e15d0e645987383f,BAD,BAD,BAD_AXIS_SPIKE,False
nstx_141711/N1/egn01w.2858E+03,bad,075150157371041d72e6df93aaf5333b6362eb7a50d7b9fc6701567df7c32203,BAD,BAD,BAD_CONT_CROSS_WINDOW,False
nstx_141711/N1/egn01w.2872E+03,bad,72247cdb168ff08de46ccfef9f0a2c77f66d627603e6506449a07d63f664f59d,BAD,BAD,BAD_CONT_CROSS_WINDOW,False
nstx_141711/N1/egn01w.2903E+03,bad,548c4dd4cbdf105a4d4cf27b598e468384507d5252a48a567169abbff5bc5bde,BAD,BAD,BAD_CONT_CROSS_WINDOW,False
nstx_141711/N1/egn01w.7183E+02,bad,42796313614743f6c6f030c7bdfae2d206fc35471ed56457d1956d8db6509dbe,BAD,BAD,BAD_AXIS_SPIKE,False
nstx_141711/N10/egn10w.1146E+03,bad,1d469908ba819e542d139c1d154b8cffaac83c47107c399ece7059f83aa0b253,BAD,BAD,BAD_CONT_CROSS_WINDOW,False
nstx_141711/N10/egn10w.1341E+03,good,6af933fb6e7537d05224c6af4ac5e4614967f487f88435dac2ee17a9ef44ad18,REVIEW,REVIEW,NO_GOOD_TEMPLATE,False
nstx_141711/N10/egn10w.1470E+03,good,98f8492c5fee94a69d3bbca68aff4c009525207ee18f741f2a15279c5bb504ed,REVIEW,REVIEW,NO_GOOD_TEMPLATE,False
nstx_141711/N10/egn10w.1636E+03,bad,9b0bbbb367b6905499f07d50d8452e13a45b452b11211b6ae39dd9a5aff4336e,BAD,BAD,BAD_CONT_CROSS_WINDOW,False
nstx_141711/N10/egn10w.1822E+03,bad,2ffde10522fd5ede3d83fcdde9f74bcb03ef5b9665e6b400094db8b15c78d3ab,BAD,BAD,BAD_GRID_SCALE_SPIKE,False
nstx_141711/N10/egn10w.1828E+03,bad,7934f5d8ffd86e0029afef2380fe5c7cd82de538886084532cd71afd5f4e67e2,BAD,BAD,BAD_CONT_CROSS_WINDOW,False
nstx_141711/N10/egn10w.2337E+03,bad,cc6e522b508283f198c42b5681915639645cdcb74f416d3ef13cda3b31a2e9be,BAD,BAD,BAD_CONT_CROSS_WINDOW,False
nstx_141711/N10/egn10w.2383E+03,bad,06963c8552ced60198124f8cc1474f0f7332f7f84b64bc9b0445deda300df5d8,BAD,BAD,BAD_CONT_CROSS_WINDOW,False
nstx_141711/N10/egn10w.2415E+03,bad,1eea4e8a0d4c073636f8284dad14bcb00bc262b9e5951c5a47b62496d60baf97,BAD,BAD,BAD_CONT_CROSS_WINDOW,False
nstx_141711/N10/egn10w.2424E+03,bad,657f354f3789f6cc998ee86fbb810edc7e3bf357e9feebdaf56caac72aa66277,BAD,BAD,BAD_GRID_SCALE_SPIKE,False
nstx_141711/N10/egn10w.2601E+03,bad,94b8909dd75c2043060046cd20f2bf769164ade217c93d12ca0fca52a41d8724,BAD,BAD,BAD_CONT_CROSS_WINDOW,False
nstx_141711/N10/egn10w.2703E+03,bad,b472b15a893ccb3f6e44189a4b87e19465560eec427894dc3345e57b1af5a47a,BAD,BAD,BAD_CONT_CROSS_WINDOW,False
nstx_141711/N10/egn10w.2706E+02,bad,4486e744dd6f4e60aba52e3cbcfdd6e495b44896a8fa6f40c03e9c81ffe948b3,BAD,BAD,BAD_CONT_CROSS_WINDOW,False
nstx_141711/N10/egn10w.2824E+02,bad,99faa453399e2b1f39de05fc41d4f996aca6da51de663f3d37c078cb4447b93e,BAD,BAD,BAD_CONT_CROSS_WINDOW,False
nstx_141711/N10/egn10w.3534E+02,bad,e5712642a7540c8ab1e94750452fbba898b77fd864fd6fa7c226274d54d84a77,BAD,BAD,BAD_CONT_CROSS_WINDOW,False
nstx_141711/N10/egn10w.3771E+02,good,caf3aad77a52fe432043190e2199d84d180205dd51f206dbc2636658d9fc6b74,REVIEW,REVIEW,NO_GOOD_TEMPLATE,False
nstx_141711/N10/egn10w.4012E+02,good,b6a0bd12c8151dd7a25fd8eb00eba7dda5f9e606e95a0c46bf01ff5d15240cc0,REVIEW,REVIEW,NO_GOOD_TEMPLATE,False
nstx_141711/N10/egn10w.4285E+02,good,2db6190b7b637a1851c3cc3846344777210385ea751cb1c2f351caf3e7380682,REVIEW,REVIEW,NO_GOOD_TEMPLATE,False
nstx_141711/N10/egn10w.4567E+02,good,06aebfe5746c2997c9925b33182d9998f69ea511a6251f84d2ec72311fb0a351,REVIEW,REVIEW,NO_GOOD_TEMPLATE,False
nstx_141711/N10/egn10w.4978E+02,good,a9d98b877afeaa914731d051384bf922345af000acbc9a2a40eba6517a91660e,REVIEW,REVIEW,NO_GOOD_TEMPLATE,False
nstx_141711/N10/egn10w.5496E+02,good,84665d83219be5d4e767a4e588bb6d823308c0709748185121ef27612b98c377,REVIEW,REVIEW,NO_GOOD_TEMPLATE,False
nstx_141711/N10/egn10w.6177E+02,good,61162fabdd44ce388e0df94603021f0ec3782f1c2de880f881cb4080f6fb6d2b,REVIEW,REVIEW,NO_GOOD_TEMPLATE,False
nstx_141711/N10/egn10w.6830E+02,good,914634bd09dcb8d47c301641d3a9bc785a98851698cd000cc722a1d05fdd3893,REVIEW,REVIEW,NO_GOOD_TEMPLATE,False
nstx_141711/N10/egn10w.7518E+02,good,b3c36bd37754bb0ce4a526ee1624e7deeae11dc25b86efcebc5a021bbe5e95a4,REVIEW,REVIEW,NO_GOOD_TEMPLATE,False
nstx_141711/N10/egn10w.8537E+02,good,d6c420ba75fb9a1f97611a7522a04c251cd1ed3ff9d72d31f2855c0bfb373031,REVIEW,REVIEW,NO_GOOD_TEMPLATE,False
nstx_141711/N10/egn10w.9564E+02,good,c2bf686592e9af6bced329ba38351f36a915ec753557fadedf8bc4a886bd40cb,BAD,BAD,BAD_CONT_CROSS_WINDOW,False
nstx_141711/N2/egn02w.1352E+03,bad,48596b8c0e744e4505385f6e4d5a261b3734027576b23e3a4b069e42a05fed98,BAD,BAD,BAD_AXIS_SPIKE,False
nstx_141711/N2/egn02w.2302E+03,bad,9e306c302e7a4a6fbf533ebff20cba900d991ad48173a752556ad0328671f2ca,BAD,BAD,BAD_AXIS_SPIKE,False
nstx_141711/N2/egn02w.4308E+02,good,758c9a711c2f47f8d16069c9af73970d3ded3ba3bb12b08141627d2d694ed08c,BAD,BAD,BAD_AXIS_SPIKE,False
nstx_141711/N2/egn02w.4512E+02,good,7f329ceafa4cdf341369c0677dbbcf3744fa3d6dd6fe8cbff4c72fd82b089e98,BAD,BAD,BAD_AXIS_SPIKE,False
nstx_141711/N2/egn02w.5602E+02,good,203df458012a960cb7598f89810df21e06b69298869f04796eea2ae8af127d27,REVIEW,REVIEW,NO_GOOD_TEMPLATE,False
nstx_141711/N3/egn03w.1493E+03,bad,91d6808915801ff35296ef117496736fecb043c2a79695729d10924638aa6eb9,BAD,BAD,BAD_CONT_CROSS_WINDOW,False
nstx_141711/N3/egn03w.3150E+02,bad,f6c36ac7a183d4d826b0b38747b177219f553b8bfc5f6d68d175b3e694128449,BAD,BAD,BAD_AXIS_SPIKE,False
nstx_141711/N3/egn03w.3189E+02,bad,aa87509f900327f0c13557fc551df94e96ddc7fea44f61d7a3321ee07668d51e,BAD,BAD,BAD_AXIS_SPIKE,False
nstx_141711/N3/egn03w.3229E+02,bad,54761a22d1ee0eba2d7a83747ff4827dc435c7d9329cec6a6b0541aa50672334,BAD,BAD,BAD_AXIS_SPIKE,False
nstx_141711/N3/egn03w.3421E+02,bad,587c87d8af00de85e8c0d4f00e57b69bcdf4f413a81b7344f27664841d1b5964,BAD,BAD,BAD_AXIS_SPIKE,False
nstx_141711/N3/egn03w.5246E+02,good,cbf51587c93f6d27193d4726c8a7768178a353942b5299e948aa7740b9c7bd7a,REVIEW,REVIEW,NO_GOOD_TEMPLATE,False
nstx_141711/N3/egn03w.5980E+02,good,de5be4b461c3862550bd2b6677f113d63e8626b429c64ff25093db4fa2d5b4e4,REVIEW,REVIEW,NO_GOOD_TEMPLATE,False
nstx_141711/N4/egn04w.1202E+03,bad,c25c47c1ff03da4bbc31508096ca79ad31c3511fced2a86f7b7a8bb694d8398e,BAD,BAD,BAD_GRID_SCALE_SPIKE,False
nstx_141711/N4/egn04w.1510E+03,bad,9f30baff0e20bf02d3badcdd14641a34e7609b3074bdef6dc0729dfbabe0b39f,BAD,BAD,BAD_CONT_CROSS_WINDOW,False
nstx_141711/N4/egn04w.2552E+03,bad,eda1923f5162fc46a874c5578c94341c3a61e71b69f91480ae6a937d8a6b6c4e,BAD,BAD,BAD_CONT_CROSS_WINDOW,False
nstx_141711/N4/egn04w.2722E+02,bad,653f4ef1df737447d3fb95da2687cbba3626e632a1a66cf880220981556520b8,BAD,BAD,BAD_CONT_CROSS_WINDOW,False
nstx_141711/N4/egn04w.2742E+03,bad,49c2e61b2069cf0a4cba36f430d5e6e15c403201ef0e443464c5cfbdff3a80f9,BAD,BAD,BAD_CONT_CROSS_WINDOW,False
nstx_141711/N4/egn04w.4863E+02,good,d17e23fefa3f66c7223fdbc0b60303df93f729d9128eabb9e9c82bd89bee4f4a,BAD,BAD,BAD_AXIS_SPIKE,False
nstx_141711/N4/egn04w.5818E+02,good,287cff064949c3cc32f8edb71f694b9e7f4d94a0fc76090fd4af7d23e6a5f0fe,REVIEW,REVIEW,NO_GOOD_TEMPLATE,False
nstx_141711/N4/egn04w.7956E+02,good,2075a5111ef30e183d4d7bf7c32f6703fecae5968e8cfbddb03f6d07d192a1f9,REVIEW,REVIEW,NO_GOOD_TEMPLATE,False
nstx_141711/N5/egn05w.1252E+03,bad,70d75e7c8baa4a71641b7af7c5e52828255d4ff0d1ccb4e2a2049575af7ac85c,BAD,BAD,BAD_CONT_CROSS_WINDOW,False
nstx_141711/N5/egn05w.2234E+03,bad,4a735bab4e91b3879cf2fb01777db162133a5394b7e9b79fa62729e9d757ccf0,BAD,BAD,BAD_CONT_CROSS_WINDOW,False
nstx_141711/N5/egn05w.2599E+03,bad,d467c29ea19442be88867782621421c47b9fa7a131eb641bf384cec1937ad430,BAD,BAD,BAD_CONT_CROSS_WINDOW,False
nstx_141711/N5/egn05w.3732E+02,good,c087459c78542e78618b896362d25893f063b1bd741f0f907caf6905ac4078f6,REVIEW,REVIEW,NO_GOOD_TEMPLATE,False
nstx_141711/N5/egn05w.3996E+02,good,a3bc3cc32ea567faa263f892e5c2818f4eb2bf525b3a1e8f2e3a99b024177ef1,REVIEW,REVIEW,NO_GOOD_TEMPLATE,False
nstx_141711/N5/egn05w.4326E+02,good,4e8b87d64b0f090252508138ccac12283e045ded80a475b01a92b462d03e0022,REVIEW,REVIEW,NO_GOOD_TEMPLATE,False
nstx_141711/N5/egn05w.4773E+02,good,93184041a2ca7eabbe19b15027e10e875b9599037e1c822d06834e4f250242cf,REVIEW,REVIEW,NO_GOOD_TEMPLATE,False
nstx_141711/N5/egn05w.5596E+02,good,38d9343c9bb8a65361c74f5f043361b38bea7725d1fa12196249a2fe8a843a56,REVIEW,REVIEW,NO_GOOD_TEMPLATE,False
nstx_141711/N5/egn05w.6648E+02,good,157ff43b2bace58f4e3ab034676981b9dd79eb08dfab1efb143262cc2b05d862,REVIEW,REVIEW,NO_GOOD_TEMPLATE,False
nstx_141711/N5/egn05w.8838E+02,good,45df7aad1fc86ff92b1c7157b674ffe4dec7e5d448839e15074403a73efbc76a,REVIEW,REVIEW,NO_GOOD_TEMPLATE,False
nstx_141711/N6/egn06w.1028E+03,bad,83b5937cf5d528fb34fe82100b6e4ec7323acf4ab277aa01f58bd8a2cf70ad07,BAD,BAD,BAD_CONT_CROSS_WINDOW,False
nstx_141711/N6/egn06w.1180E+03,bad,45b89e3534e4d52af41a50836c61f8deabeba42fb3ed94614d1f2c313a0d4a34,BAD,BAD,BAD_CONT_CROSS_WINDOW,False
nstx_141711/N6/egn06w.1265E+03,bad,9b36a6fd4b2841224eedb7d89716280ac731fe7b7e949c835fa0bfd8c7027f65,BAD,BAD,BAD_CONT_CROSS_WINDOW,False
nstx_141711/N6/egn06w.1429E+03,bad,fe937da916f2cc4cb88335eca8591f04d065e9d3aef4ae6868b609a8876583d9,BAD,BAD,BAD_CONT_CROSS_WINDOW,False
nstx_141711/N6/egn06w.1606E+03,bad,22631565b789e95e289607c2bedf791e7602a62e46290482c78c61f723722076,BAD,BAD,BAD_GRID_SCALE_SPIKE,False
nstx_141711/N6/egn06w.2386E+03,bad,6909e2c34f7d8188a773cc0210d4cbfd408a6d69f5d2d41443feb89e47f75f0c,BAD,BAD,BAD_CONT_CROSS_WINDOW,False
nstx_141711/N6/egn06w.2395E+03,bad,bd59802a1ed5cd02c50b402271fcdbc9475d9300f0e5872841f39126226f7236,BAD,BAD,BAD_CONT_CROSS_WINDOW,False
nstx_141711/N6/egn06w.2400E+03,bad,c71b432368f2b6a0108533551c2a6a6ccb4ad6c58c43597968c3eb9b3502d286,BAD,BAD,BAD_CONT_CROSS_WINDOW,False
nstx_141711/N6/egn06w.3557E+02,good,b478ac5c3712a74c5929378fa8692128d7462c94f4dcfbec28cf91dca73efa31,REVIEW,REVIEW,NO_GOOD_TEMPLATE,False
nstx_141711/N6/egn06w.4024E+02,good,574ba84105f89a5aa0dacac77accbda82644049e7da19e17bf3f3dd715a4f286,REVIEW,REVIEW,NO_GOOD_TEMPLATE,False
nstx_141711/N6/egn06w.4312E+02,good,4385a7e700e07f861115c6d296f114b37043a96a9d10827cc9e5fef5c169ed57,REVIEW,REVIEW,NO_GOOD_TEMPLATE,False
nstx_141711/N6/egn06w.4763E+02,good,b1447efc658b59f712d8a2a7dcf737d4700c72acfb7ece6f189e6d2b6cac6c10,REVIEW,REVIEW,NO_GOOD_TEMPLATE,False
nstx_141711/N6/egn06w.5196E+02,good,e06d01b85eb30e43613438d8280a82529862d130118348dc9d759feeecb5f644,REVIEW,REVIEW,NO_GOOD_TEMPLATE,False
nstx_141711/N6/egn06w.5877E+02,good,809e794af5c005b811be4ce9251bb9c0fc1ff725bd4a56a1d916fce095d0419c,REVIEW,REVIEW,NO_GOOD_TEMPLATE,False
nstx_141711/N6/egn06w.6072E+02,good,347a434ff2257ba46ac1d55316effdb993cbf4327597e6de2b6a9e38941d6d03,REVIEW,REVIEW,NO_GOOD_TEMPLATE,False
nstx_141711/N6/egn06w.6996E+02,good,f9759f42e9c82e5ad4fc066979edaeebafb4e7d15759fef78622738724a0cb04,REVIEW,REVIEW,NO_GOOD_TEMPLATE,False
nstx_141711/N6/egn06w.8126E+02,good,f6194868d5f9492d8b973927d553cfbb2ada26fa7dd39d57662f74cf256b0699,REVIEW,REVIEW,NO_GOOD_TEMPLATE,False
nstx_141711/N6/egn06w.9258E+02,good,a7c291f4907aaadfea701f82485edb4535dafae72736f9e6994d0db9d474d119,REVIEW,REVIEW,NO_GOOD_TEMPLATE,False
nstx_141711/N7/egn07w.1044E+03,bad,73b26f3e7914ab18e8b7ccbc8ba68115722a3850cde461b2bb6c1f696dbef41f,BAD,BAD,BAD_CONT_CROSS_WINDOW,False
nstx_141711/N7/egn07w.1168E+03,good,cc1a80c631539cc198b23e258ea67c64e10a3828e78f8cf0c27c26285c2498db,REVIEW,REVIEW,NO_GOOD_TEMPLATE,False
nstx_141711/N7/egn07w.1225E+03,bad,ba8612f9901c1cd2718a60aaebbfad51e492e0254659ecd82a5080e534139b38,BAD,BAD,BAD_CONT_CROSS_WINDOW,False
nstx_141711/N7/egn07w.1348E+03,bad,5b770f0140f950813067cdd3b588df7e94a95b3834c93948fff8eb3d79039c12,BAD,BAD,BAD_CONT_CROSS_WINDOW,False
nstx_141711/N7/egn07w.1500E+03,bad,a6e1b23944a32d08c6ab715890ee0d7d02f2bdd4d263c6693b0bb67da88db5d5,BAD,BAD,BAD_CONT_CROSS_WINDOW,False
nstx_141711/N7/egn07w.1594E+03,bad,381be439d274d6ee96ab7c35e609988454a2d57836bd9a58cacf532dd475e10d,BAD,BAD,BAD_CONT_CROSS_WINDOW,False
nstx_141711/N7/egn07w.1825E+03,bad,8fbc67e5cd1700ce3d25809ae7e6c83e772d3da0cd4ad8be187fa2e4ff962c6c,BAD,BAD,BAD_CONT_CROSS_WINDOW,False
nstx_141711/N7/egn07w.1840E+03,good,ed943e1ce837c6739ed67961432ed785acd934e9376bab7a62c95636aabe6ebe,REVIEW,REVIEW,NO_GOOD_TEMPLATE,False
nstx_141711/N7/egn07w.2391E+03,bad,c51b860a3e4e0e289382203a762f4c470b7e271546ac9c54c175d3ab9d4d0d5a,BAD,BAD,BAD_CONT_CROSS_WINDOW,False
nstx_141711/N7/egn07w.2558E+03,bad,e2857a530d97268fdd6f54cf1f44516db0a7c71d5c1c29f997be1dad7eb90c9b,BAD,BAD,BAD_CONT_CROSS_WINDOW,False
nstx_141711/N7/egn07w.2912E+02,bad,83b5f2cdac630644e5565872cf663344f1a7853ac8e86dc529953dca02e06318,BAD,BAD,BAD_CONT_CROSS_WINDOW,False
nstx_141711/N7/egn07w.3047E+02,bad,17c3d32dc44e6961736613f15ab24d0231a332280ff70ff8f177b2e9b0b2f219,BAD,BAD,BAD_CONT_CROSS_WINDOW,False
nstx_141711/N7/egn07w.3129E+02,bad,ffdb9f0646f489023ef12beb63b1b908edde671c9bd172f17141a5677d351f72,BAD,BAD,BAD_CONT_CROSS_WINDOW,False
nstx_141711/N7/egn07w.3787E+02,bad,88c31deebec0abfbb065edfc1769b4e899e35e1a51692ef75f097ea5c04ed11d,BAD,BAD,BAD_CONT_CROSS_WINDOW,False
nstx_141711/N7/egn07w.3879E+02,good,8119b2f2689eeb87547a5e3656fcf274ed2abb7becec4c4eeec2143b3cf2541b,REVIEW,REVIEW,NO_GOOD_TEMPLATE,False
nstx_141711/N7/egn07w.4072E+02,good,ea30d639b41045a16e987e92b858b7e2261d073847c43a335655a1679187672f,REVIEW,REVIEW,NO_GOOD_TEMPLATE,False
nstx_141711/N7/egn07w.4304E+02,good,05ae8b6e72b15bd1f84d386a2b0072acec481e2eda5e26b4d6c32800e3fcde8f,REVIEW,REVIEW,NO_GOOD_TEMPLATE,False
nstx_141711/N7/egn07w.4871E+02,good,9a226d8d512314be0e7ad78a311f59593e54c11feccf601512c392ecdb7e440d,REVIEW,REVIEW,NO_GOOD_TEMPLATE,False
nstx_141711/N7/egn07w.8224E+02,good,19efbdb09169411fd8295fd824c05b8d5ab742d70ccea5dd8b2b71eda39f4fc8,REVIEW,REVIEW,NO_GOOD_TEMPLATE,False
nstx_141711/N7/egn07w.9318E+02,good,ac2879e8ef5dee05dcea32b8a895b250475a5ec8511497d53b916d82d6ae405a,REVIEW,REVIEW,NO_GOOD_TEMPLATE,False
nstx_141711/N8/egn08w.1026E+03,bad,91a7ffb7d889d7fa647fe2dd41cb8f756c9aee23c6cd7213938f51ca2b27c829,BAD,BAD,BAD_CONT_CROSS_WINDOW,False
nstx_141711/N8/egn08w.1049E+03,good,4c11ac00d180b9b701c1dc62e45be5ac17338d9f0ea76d0d78f6c0ef21b97988,REVIEW,REVIEW,NO_GOOD_TEMPLATE,False
nstx_141711/N8/egn08w.1166E+03,bad,657814d9ae68ff996882f2eee5e61ccde5f9457ad7562c6d4cb53556a401889a,BAD,BAD,BAD_CONT_CROSS_WINDOW,False
nstx_141711/N8/egn08w.1228E+03,bad,816878997f757c9e1a61809e77aa11f6e1e0c6b0c5add30ea8d0408cd1765f66,BAD,BAD,BAD_GRID_SCALE_SPIKE,False
nstx_141711/N8/egn08w.1296E+03,bad,a9b749927a397de651a9e902a9febb20807dea9feb6e0358e2527e8093a54e54,BAD,BAD,BAD_CONT_CROSS_WINDOW,False
nstx_141711/N8/egn08w.1470E+03,good,bb9c4f085799a855070d02c446dcc8fcee94183fefe8c189e69295c4f1c1effa,REVIEW,REVIEW,NO_GOOD_TEMPLATE,False
nstx_141711/N8/egn08w.1677E+03,bad,e6bcc957bba85f1a72bebe8547c67f66d7d2f0070523862a3ecfbe96f32ddddf,BAD,BAD,BAD_CONT_CROSS_WINDOW,False
nstx_141711/N8/egn08w.1878E+03,bad,2ee9f529a83c4ce5fbdb90d75449dee6ef736fdc9ee911570a11e1f01d0637fd,BAD,BAD,BAD_CONT_CROSS_WINDOW,False
nstx_141711/N8/egn08w.1953E+03,bad,2bbc1285daec9ad913ddb66561bd0316ad4973e59fd62079450fbdb67a3d9acc,BAD,BAD,BAD_CONT_CROSS_WINDOW,False
nstx_141711/N8/egn08w.2017E+02,bad,f5d323896417a86ba915ac0a79cd9f514c684327bf48e38fe53cd6b3d5af8880,BAD,BAD,BAD_CONT_CROSS_WINDOW,False
nstx_141711/N8/egn08w.2242E+03,bad,22cee54b0f7c5ec02f3f3bf9aa0381e3f5a64e758cc3f6a3ca2b76d38182d52c,BAD,BAD,BAD_CONT_CROSS_WINDOW,False
nstx_141711/N8/egn08w.2285E+03,bad,b8876a9f0c08331dd46792e2a283bfaf3e02725524deb8ca513d6d75dcb2aa3f,BAD,BAD,BAD_CONT_CROSS_WINDOW,False
nstx_141711/N8/egn08w.2294E+03,bad,eb000c718126b8bc085b8adf3159815b751436456f8745e3e92d312b35900024,BAD,BAD,BAD_CONT_CROSS_WINDOW,False
nstx_141711/N8/egn08w.2576E+03,bad,271da5db34abdbd267d6e56b1bd6c9295fea81faaf21695d51a19f23fc0e36c9,BAD,BAD,BAD_CONT_CROSS_WINDOW,False
nstx_141711/N8/egn08w.2630E+03,bad,8cd04c24bf35991104a0abc8496a78d1510e1117b66d16adeb19ac3c0ccffb87,BAD,BAD,BAD_CONT_CROSS_WINDOW,False
nstx_141711/N8/egn08w.3109E+02,good,0801221c7ac47568a040be2c3417cf7e7a8adf56fbc6c7482f8a22026a9c4485,REVIEW,REVIEW,NO_GOOD_TEMPLATE,False
nstx_141711/N8/egn08w.3275E+02,good,02824537bba732941eb37ceff0adcf58fb1ed521f4dc2391dd30eb2b112f3955,REVIEW,REVIEW,NO_GOOD_TEMPLATE,False
nstx_141711/N8/egn08w.3307E+02,good,87e03fdb8e3967070f7313e73a64304d9b382fe75ace7b7c369c092af43ebfbd,REVIEW,REVIEW,NO_GOOD_TEMPLATE,False
nstx_141711/N8/egn08w.3646E+02,good,988a8f21e743e14866b6c6a0e718e2d4451d0a3a835d99574b7b1193557406d0,REVIEW,REVIEW,NO_GOOD_TEMPLATE,False
nstx_141711/N8/egn08w.4015E+02,good,a8dcbbc6929b2f3a444e200896c3bb1de2e3eb5e18d4738412f610dc93ba66b5,REVIEW,REVIEW,NO_GOOD_TEMPLATE,False
nstx_141711/N8/egn08w.4130E+02,good,b03a1ff2f973f2fc4d9a3fbdf7c73ab387d5c2681e3fbedcce8b5f136250ece7,REVIEW,REVIEW,NO_GOOD_TEMPLATE,False
nstx_141711/N8/egn08w.4365E+02,good,d3f1a1fb5cdec7400deec8d95c2e570455693c60a30fd970992bfa96a357ee3c,REVIEW,REVIEW,NO_GOOD_TEMPLATE,False
nstx_141711/N8/egn08w.5014E+02,good,46b6090594487c800f9dd0730fa0cce02fb2767555d628452bf4343a2ac62cf7,REVIEW,REVIEW,NO_GOOD_TEMPLATE,False
nstx_141711/N8/egn08w.5652E+02,good,55d4c86619af0bea554bc7c71497db9dd48d53481baf6c1ca93829421db9ed98,REVIEW,REVIEW,NO_GOOD_TEMPLATE,False
nstx_141711/N8/egn08w.6162E+02,good,0531edc7a037753f7592df28da2166adb385982e38b8a2faaa3d49609c7f0d88,REVIEW,REVIEW,NO_GOOD_TEMPLATE,False
nstx_141711/N8/egn08w.7043E+02,good,07b8499885e24e4bb27283aa7c4e65c3ffaeffa15aee4d6c0ee74cb187d22af0,REVIEW,REVIEW,NO_GOOD_TEMPLATE,False
nstx_141711/N8/egn08w.8043E+02,good,a80f6df97e562083879ec5b6cbd517d29ac490a0869801de138bcd5cab03b690,REVIEW,REVIEW,NO_GOOD_TEMPLATE,False
nstx_141711/N8/egn08w.9271E+02,good,1a601925f572857ac7db2b5338cce4c6d477820c6aaf571971e6cafea4674cb7,REVIEW,REVIEW,NO_GOOD_TEMPLATE,False
nstx_141711/N9/egn09w.1010E+03,good,cff2391b0fdc24d0967ffd69b119ec580bac1832fe51418b69939f9aab109e51,REVIEW,REVIEW,NO_GOOD_TEMPLATE,False
nstx_141711/N9/egn09w.1110E+03,good,950e6013db1887aedaeff7aeb36f0a87d23645db7ee99c05c8ee53a1b3284b1c,REVIEW,REVIEW,NO_GOOD_TEMPLATE,False
nstx_141711/N9/egn09w.1148E+03,bad,a8ee7f49f18f82da7f2560805a9bbc47bfce1b6192a04e614dbfdce040d8d05c,BAD,BAD,BAD_CONT_CROSS_WINDOW,False
nstx_141711/N9/egn09w.1261E+03,good,baac6398c778e08c32e361e140a15b997b57c57f850e3796c7c513768ea746ef,REVIEW,REVIEW,NO_GOOD_TEMPLATE,False
nstx_141711/N9/egn09w.1394E+03,good,ec31e85184a945a40af1b4e75ccd915498a198d20bcc2a3ebaec449abb1f2e6d,REVIEW,REVIEW,NO_GOOD_TEMPLATE,False
nstx_141711/N9/egn09w.1554E+03,bad,7e931288d32fea5def46d0dbfab713468fd30a764217e3c659139d3f96c5f0c4,BAD,BAD,BAD_GRID_SCALE_SPIKE,False
nstx_141711/N9/egn09w.1566E+03,bad,142211daa4d7b42d3b9938f3ebc4bd34ed8912fd3ad7d30581f94708669e4ad9,REVIEW,BAD,BAD_CONTINUUM_CROSSING_TAIL,True
nstx_141711/N9/egn09w.1765E+03,bad,dc252d56ede8e28536a797a858cd74138e01acb04261c97114d6773311e40fb9,BAD,BAD,BAD_CONT_CROSS_WINDOW,False
nstx_141711/N9/egn09w.2105E+03,bad,4a73d0cc17d8040736e61992abe50cdf08918893f2847598a50bd12bb094d23f,BAD,BAD,BAD_CONT_CROSS_WINDOW,False
nstx_141711/N9/egn09w.2502E+03,bad,0180d736c046d439964552dc2c67e50e2f33359de06dcc96603c43e8e4f707ca,BAD,BAD,BAD_CONT_CROSS_WINDOW,False
nstx_141711/N9/egn09w.2537E+03,bad,95c788582b42c93190d342d6cc1ebb935a5e03f6f5327e49001032a8d4f3e6e1,BAD,BAD,BAD_CONT_CROSS_WINDOW,False
nstx_141711/N9/egn09w.2629E+02,good,674a182cf63c8ff9738a08504dd44555f1d3f674a4124b4671cf8bd6f7acd8ab,REVIEW,REVIEW,NO_GOOD_TEMPLATE,False
nstx_141711/N9/egn09w.2747E+02,good,dd365e25958121fc413a458714357177ec5d5b64fcb76da4c350ef4bad1ae1ae,REVIEW,REVIEW,NO_GOOD_TEMPLATE,False
nstx_141711/N9/egn09w.2889E+02,good,0da5658573713a78443df292cd77f7494810033c0ecd621473fa9d79779feb92,BAD,BAD,BAD_CONT_CROSS_WINDOW,False
nstx_141711/N9/egn09w.3127E+02,bad,df0525aa1ae9ec4536279200891cb168de71a40a2161d8c358abd4dd0d035b96,BAD,BAD,BAD_CONT_CROSS_WINDOW,False
nstx_141711/N9/egn09w.3405E+02,good,abce8b942b0445bd1bb221d5196250c5746cfd493c3cef5f89d5d8775bcd2927,REVIEW,REVIEW,NO_GOOD_TEMPLATE,False
nstx_141711/N9/egn09w.3602E+02,good,62c1221b4bd49f594eeb07fabff94a73d525ec2ab6b86d44a33ef81e5b9177be,REVIEW,REVIEW,NO_GOOD_TEMPLATE,False
nstx_141711/N9/egn09w.4027E+02,good,3105cb0af344d3f780075a74a3a48c4d802c660180f750d69d33e6ec361d7f6b,REVIEW,REVIEW,NO_GOOD_TEMPLATE,False
nstx_141711/N9/egn09w.4199E+02,good,88b55b2f62631fec563ee6029efbbd301642b0a63efba5938ef3f581fb94ceb7,REVIEW,REVIEW,NO_GOOD_TEMPLATE,False
nstx_141711/N9/egn09w.4496E+02,good,77c9ede8ae2db5190b0d6b98c4964c13d89634f6a0c9dfcabf3b6306a1413d2a,REVIEW,REVIEW,NO_GOOD_TEMPLATE,False
nstx_141711/N9/egn09w.5019E+02,good,4aa2ac9f43f3022469856735419ace44f81d94b46a868826dff9293eb90ce05d,REVIEW,REVIEW,NO_GOOD_TEMPLATE,False
nstx_141711/N9/egn09w.5617E+02,good,ad25afb8bf521310b597698d8b6eba914dc6d9fec9bfbf7baf2b3e4cc169a2e8,REVIEW,REVIEW,NO_GOOD_TEMPLATE,False
nstx_141711/N9/egn09w.6252E+02,good,f01d9157c3a3acbca4028e58560d7605101e2a9cc65773bab75fd8b5e00cfd46,REVIEW,REVIEW,NO_GOOD_TEMPLATE,False
nstx_141711/N9/egn09w.7772E+02,good,26a67b80740abf9756ae3c62e655955e9b43febd93debdc27258108c0317a819,REVIEW,REVIEW,NO_GOOD_TEMPLATE,False
nstx_141711/N9/egn09w.8950E+02,good,881e7716c1d7132366f923294b90051155fa9befb60738a77beb194a46bdb670,REVIEW,REVIEW,NO_GOOD_TEMPLATE,False
nstxuE202855A01t020/N1/egn01w.1291E+01,good,9aebf506d441208b688d968cfa259e39a9b07e9816be635d63283c533f9ca4ed,REVIEW,REVIEW,NO_GOOD_TEMPLATE,False
nstxuE202855A01t020/N1/egn01w.2269E+01,good,275d093f04ebc1bb3e02636487dc4fc37acb772e805d53f7b1488f94cf524359,REVIEW,REVIEW,NO_GOOD_TEMPLATE,False
nstxuE202855A01t020/N1/egn01w.2608E+01,bad,22c55f2b697e29afa335ca68aef85e617d512c6e10aec683d0d2ff4cb1697d1d,BAD,BAD,BAD_AXIS_SPIKE,False
nstxuE202855A01t020/N1/egn01w.8188E+00,good,e3b9b280bda5c9dfddb63ad6e83a9225448a847597bd9696536377a3b4fbc0d0,REVIEW,REVIEW,NO_GOOD_TEMPLATE,False
nstxuE202855A01t020/N1/egn01w.8555E+00,good,29025252db8f164e1359548ab1a659efc60231d64ae282887011fb787b054eee,REVIEW,REVIEW,NO_GOOD_TEMPLATE,False
nstxuE202855A01t020/N1/egn01w.9166E+00,good,d12e4e84d27003badafe34e9c506ac865daeb4d98e4b8ca2587414af489ae33f,REVIEW,REVIEW,NO_GOOD_TEMPLATE,False
nstxuE202855A01t020/N10/egn10w.1054E+01,good,3ac4b83b34039772c76253acdb33fa1c233d1d6141eeb8d6ca625b03064ae021,BAD,BAD,BAD_GRID_SCALE_SPIKE,False
nstxuE202855A01t020/N10/egn10w.1210E+01,bad,eb96688038f7ce599e491c3b492d375191e9621e317a177ed6e7886e59b22a5e,REVIEW,REVIEW,NO_GOOD_TEMPLATE,False
nstxuE202855A01t020/N10/egn10w.1398E+01,good,8ee04c33d0344d6e1a747e4965bff6de540d80638c5c0dc61e948ace0fa422fb,REVIEW,REVIEW,NO_GOOD_TEMPLATE,False
nstxuE202855A01t020/N10/egn10w.1463E+01,good,506d6f9a47017b9d7b679ef2c622d9d460799ff2cb63e0b9b187c79ba4c71ebb,REVIEW,REVIEW,NO_GOOD_TEMPLATE,False
nstxuE202855A01t020/N10/egn10w.1484E+01,good,965b936a6178545b8fe82155b1369d72d77760830b99660b1f80333e282e8903,REVIEW,REVIEW,NO_GOOD_TEMPLATE,False
nstxuE202855A01t020/N10/egn10w.1667E+01,good,95f2b69d9fd38ae0f494f975a0b1f685552096d609d5136525aaf6024da5ebf2,REVIEW,REVIEW,NO_GOOD_TEMPLATE,False
nstxuE202855A01t020/N10/egn10w.1763E+01,bad,ed11be8b2e4f1133148cc5d57f4ba290c4cdcdaf8e37a70c1b2f42a736a7af25,BAD,BAD,BAD_AXIS_SPIKE,False
nstxuE202855A01t020/N10/egn10w.2181E+01,good,2ffe2e4de6914af7a4d01ff1b0316b33d27d6b2b8594538fe3be237add9b70e7,REVIEW,REVIEW,NO_GOOD_TEMPLATE,False
nstxuE202855A01t020/N10/egn10w.2289E+01,good,65cde951b2cd6867ae99446bffba7243af8f1dc39b891af6b6dae2a462a832ac,REVIEW,REVIEW,NO_GOOD_TEMPLATE,False
nstxuE202855A01t020/N10/egn10w.2558E+01,good,65c52ba633852372adb461bd34ade57a016332a51023821035202cc0053ee55f,REVIEW,REVIEW,NO_GOOD_TEMPLATE,False
nstxuE202855A01t020/N10/egn10w.2605E+01,good,4c238ac983a0ca6e14a48394bc3bb7c32c6b449768b8f36994f167451f64c796,REVIEW,REVIEW,NO_GOOD_TEMPLATE,False
nstxuE202855A01t020/N10/egn10w.3318E+01,bad,59c2fbb482e4f25a0643f4f56764d94e0685b43b2d9f146cbdb5393cf5ff6b4a,BAD,BAD,BAD_AXIS_SPIKE,False
nstxuE202855A01t020/N10/egn10w.3637E+01,good,a775c7c94a753bc6fdb0f4578f7c800047f30cd810a6ebf4b28ab4316adfaeb0,BAD,BAD,BAD_EDGE_SPIKE,False
nstxuE202855A01t020/N2/egn02w.1042E+01,good,3faae02ed64ff1f96fb11d8ee776dda8d686bb899512730ebf7f0a4a5773b908,REVIEW,REVIEW,NO_GOOD_TEMPLATE,False
nstxuE202855A01t020/N2/egn02w.1249E+01,good,5aef91edf8930e0c1aadcd55c125ad634986bfab64f025f426c3facf3130ab64,REVIEW,REVIEW,NO_GOOD_TEMPLATE,False
nstxuE202855A01t020/N2/egn02w.1663E+01,good,7470b5b8efd762582f514956e28b86442bc41411a8fbad367fe002aff67e53a0,REVIEW,REVIEW,NO_GOOD_TEMPLATE,False
nstxuE202855A01t020/N2/egn02w.7276E+00,bad,4c445ff9560880e79715b7f5be7293d8cf775c481c095f643816d3599917dffa,BAD,BAD,BAD_CONT_CROSS_WINDOW,False
nstxuE202855A01t020/N2/egn02w.8670E+00,good,3023ef070d03b764153c30a1fa8ad29a987aa60a8940093036dc2c4d3b6999f0,REVIEW,REVIEW,NO_GOOD_TEMPLATE,False
nstxuE202855A01t020/N3/egn03w.1155E+01,good,926c7d3b48423c9b3d6697cba3f76d8a9a5a7b1884cd5f419d554d4da1c56a41,REVIEW,REVIEW,NO_GOOD_TEMPLATE,False
nstxuE202855A01t020/N3/egn03w.1270E+01,good,5ff48dafb8fa7e6baa3e3972c057f30ff64808fe3b26a384f9864d10afb102df,REVIEW,REVIEW,NO_GOOD_TEMPLATE,False
nstxuE202855A01t020/N3/egn03w.1525E+01,good,fb509874a7b1c138db915b8b832445c09147e8382158f45237987c353b335dc8,REVIEW,REVIEW,NO_GOOD_TEMPLATE,False
nstxuE202855A01t020/N3/egn03w.2095E+01,good,5001e082200eae4646c507b202694db14fa9b3a6486b04f96c1830917e374969,REVIEW,REVIEW,NO_GOOD_TEMPLATE,False
nstxuE202855A01t020/N3/egn03w.3436E+01,bad,c3cf7d162dba829d21ba7fa2d9316a4ca59dd915a6d360487a9afb846ffd93e3,BAD,BAD,BAD_CONT_CROSS_WINDOW,False
nstxuE202855A01t020/N3/egn03w.3511E+01,bad,e15b2b7aa5f32ebf6067de7be1bed6c4c38fdae11e01858eb02f5f9ca26aaa7a,BAD,BAD,BAD_CONT_CROSS_WINDOW,False
nstxuE202855A01t020/N3/egn03w.3563E+01,bad,fdb5f3ad83b6448452a6dc11b396a69a8251885c14b4b8add7d1edcce04a6deb,BAD,BAD,BAD_CONT_CROSS_WINDOW,False
nstxuE202855A01t020/N3/egn03w.9898E+00,good,95823076ce63d5cceeb2b36b53788a0c04012421a055705f8bd6f8a0a60d89cf,REVIEW,REVIEW,NO_GOOD_TEMPLATE,False
nstxuE202855A01t020/N4/egn04w.1286E+01,good,30f0bb8667c4c7dfc3d37e795c3d6157c98692f632e7ba0a1c74d2dfc51fb64f,REVIEW,REVIEW,NO_GOOD_TEMPLATE,False
nstxuE202855A01t020/N4/egn04w.1502E+01,good,76e0f9e9e90b569a75cbaaf2115412862e492e7cac7f2122987921757d4f3d52,REVIEW,REVIEW,NO_GOOD_TEMPLATE,False
nstxuE202855A01t020/N4/egn04w.1839E+01,good,8ea388eb13bbbb9393d304e951951ff0879a8881f5e109bfa855533dbe93f139,REVIEW,REVIEW,NO_GOOD_TEMPLATE,False
nstxuE202855A01t020/N4/egn04w.3787E+01,bad,ac77b26a1daf370f9dded27b7201fd3dbe8ed06527559798a6b6b5578b08cadd,BAD,BAD,BAD_AXIS_SPIKE,False
nstxuE202855A01t020/N5/egn05w.1302E+01,good,cb69235cefa7afb980d83514d196ef5dabafe7fe8a7fe1b81a22579964bffaa9,REVIEW,REVIEW,NO_GOOD_TEMPLATE,False
nstxuE202855A01t020/N5/egn05w.1723E+01,good,7ffc85eeed388ea16f0fe2746abc3cddb5524085e9829b4128e42f0c264b2662,REVIEW,REVIEW,NO_GOOD_TEMPLATE,False
nstxuE202855A01t020/N5/egn05w.3402E+01,bad,c3119d5f10d2526ddb6c936213bb4d41a57011b6137f556fbd23723dc88456c1,BAD,BAD,BAD_CONT_CROSS_WINDOW,False
nstxuE202855A01t020/N5/egn05w.4250E+01,bad,b512dbb0e83c57dad6739a56dd00e6e9a064ade274a6ab0e319c1fb5eba378b6,BAD,BAD,BAD_CONT_CROSS_WINDOW,False
nstxuE202855A01t020/N6/egn06w.2444E+01,good,bda79cbe21b37a095996fb6b6693579de72a12d8172b019647ba1e2cca3277ec,REVIEW,REVIEW,NO_GOOD_TEMPLATE,False
nstxuE202855A01t020/N6/egn06w.2549E+00,bad,03f6829ec45716c3e0d731177e23651e0a8671c814bbda9e776b3c1058e5c6fd,BAD,BAD,BAD_CONT_CROSS_WINDOW,False
nstxuE202855A01t020/N6/egn06w.2712E+00,bad,ab464b19c8e3f975b0aadfe7dc93d19dd1304446d613263a0993e4d09e97a93c,BAD,BAD,BAD_CONT_CROSS_WINDOW,False
nstxuE202855A01t020/N6/egn06w.2901E+01,bad,9f86517500b9a1a23328879a5e00ac68f4293324504211934bd10f495d015d34,BAD,BAD,BAD_GRID_SCALE_SPIKE,False
nstxuE202855A01t020/N6/egn06w.4615E+01,bad,16f2006b88148134a33bd3cde704240726e4aa5f223076cb4c31b69ed02cc0b6,BAD,BAD,BAD_CONT_CROSS_WINDOW,False
nstxuE202855A01t020/N6/egn06w.8460E+00,bad,7d9548f659d7831448e1a8568bf48e2683830c6b43e92fab481007519cbaef41,BAD,BAD,BAD_GRID_SCALE_SPIKE,False
nstxuE202855A01t020/N7/egn07w.1014E+01,good,65c700a22b64ab1d8eba20317a8505adfd4dfc56e490c40f868088b4ed551520,REVIEW,REVIEW,NO_GOOD_TEMPLATE,False
nstxuE202855A01t020/N7/egn07w.1076E+01,good,eae1839e96ec4020f296b03b275f4243a55f92a533af983b5b2f0d42ba94cdcd,REVIEW,REVIEW,NO_GOOD_TEMPLATE,False
nstxuE202855A01t020/N7/egn07w.1148E+01,good,d145278262482689798c2eada244524e24cc49000f818d9d07ea4d1381a68ea9,BAD,BAD,BAD_GRID_SCALE_SPIKE,False
nstxuE202855A01t020/N7/egn07w.1163E+01,bad,69f0d95da39acf0afd1886b01656fd42909b395305bff01f5a68f18334b01a22,BAD,BAD,BAD_GRID_SCALE_SPIKE,False
nstxuE202855A01t020/N7/egn07w.1274E+01,good,52e603f5f2726b8bbe432a896787112d4dc11cbbe36e821f11bfa6b30302c5eb,REVIEW,REVIEW,NO_GOOD_TEMPLATE,False
nstxuE202855A01t020/N7/egn07w.1318E+01,good,ffcde2fe70687a64b3b7922d57361e4f7ccc17948d9d6dfca6b61fcf0d8cc8d4,REVIEW,REVIEW,NO_GOOD_TEMPLATE,False
nstxuE202855A01t020/N7/egn07w.1445E+01,good,007098046c57014ce782b91f209645672af2d135ba74d044bc5402db8b1ddee8,REVIEW,REVIEW,NO_GOOD_TEMPLATE,False
nstxuE202855A01t020/N7/egn07w.1492E+01,good,615200a20c65b16b6e03e7a98a727582c136624d990865fc6fc4b93f17ce1203,REVIEW,REVIEW,NO_GOOD_TEMPLATE,False
nstxuE202855A01t020/N7/egn07w.3596E+00,bad,87771f75e7364ee748795a1e9e84fda38a84dd595531794c46d54ec117f8af7a,BAD,BAD,BAD_CONT_CROSS_WINDOW,False
nstxuE202855A01t020/N7/egn07w.8487E+00,bad,8faf4b649324a5ccf87cbbbc8ae7667c01ea6c6979c7006324a7844f6f70319b,BAD,BAD,BAD_GRID_SCALE_SPIKE,False
nstxuE202855A01t020/N7/egn07w.9437E+00,good,0e6dc6ed38e2cb98396c19b49bcbf5983cc7251a8ead98cc9d8f043e35ce885b,REVIEW,REVIEW,NO_GOOD_TEMPLATE,False
nstxuE202855A01t020/N8/egn08w.1114E+01,good,34d54d8bece4550c9ca957eb9ef162d892e82ce14b1fc521b86ac95aaaf7f457,REVIEW,REVIEW,NO_GOOD_TEMPLATE,False
nstxuE202855A01t020/N8/egn08w.1247E+01,bad,f0bd5af9d9e63ba31533143c4f989cee57d6d43bbbe8541d795468a3358fd1c7,BAD,BAD,BAD_AXIS_SPIKE,False
nstxuE202855A01t020/N8/egn08w.1297E+01,good,11c503c20dc27953f2a95b185dfcbcd7291fcadbdfcb84237381670d15601bb4,REVIEW,REVIEW,NO_GOOD_TEMPLATE,False
nstxuE202855A01t020/N8/egn08w.1328E+01,good,98179f7b6fe735ba84c1ec29edb5744c6d0100124ed3ca7f639b816b60982894,REVIEW,REVIEW,NO_GOOD_TEMPLATE,False
nstxuE202855A01t020/N8/egn08w.1512E+01,good,40f4651ae7186b811ff358cf3059d8ed656bf6954e0fc24d76a64766dd90ae64,REVIEW,REVIEW,NO_GOOD_TEMPLATE,False
nstxuE202855A01t020/N8/egn08w.1571E+01,good,3a0f50954fcecd17d637b70044c3ff806ded18b07de5fccfb5818af7a7146e37,REVIEW,REVIEW,NO_GOOD_TEMPLATE,False
nstxuE202855A01t020/N8/egn08w.1641E+01,bad,b34649ff281fc7ff2acda5d89d58891e0750ede976895789fb2f72f7c27e3104,BAD,BAD,BAD_AXIS_SPIKE,False
nstxuE202855A01t020/N8/egn08w.3066E+01,bad,bcf7e18c3a76075a821dcd4cd194f04c9913ec65fa9a35da8d1849b9a9ded684,BAD,BAD,BAD_CONT_CROSS_WINDOW,False
nstxuE202855A01t020/N8/egn08w.9221E+00,good,1ad8e485d5840cc6ddeaecd511ad49f8e6fc4523ef9f289cec1e233d54b44817,REVIEW,REVIEW,NO_GOOD_TEMPLATE,False
nstxuE202855A01t020/N9/egn09w.1047E+01,good,da2848d65cc240a028c9143f0be854620a78504a82304c6eba40f4bf30b2f1a5,REVIEW,REVIEW,NO_GOOD_TEMPLATE,False
nstxuE202855A01t020/N9/egn09w.1140E+01,good,7421f89a03e0a49ee4891d358b6004e6ad64adfaa06b4c9ae7530fe48c87a27d,REVIEW,REVIEW,NO_GOOD_TEMPLATE,False
nstxuE202855A01t020/N9/egn09w.1253E+01,good,4ec9a92216c13c5412eed4e57b8e67d02e88ec492a71cc3ff4fd6d434c7e6ccc,REVIEW,REVIEW,NO_GOOD_TEMPLATE,False
nstxuE202855A01t020/N9/egn09w.1297E+01,good,329dcefe38f857332fbdecf8a68f947a66abbf686d1b7ef9eb37c25b3cfb88b8,REVIEW,REVIEW,NO_GOOD_TEMPLATE,False
nstxuE202855A01t020/N9/egn09w.1335E+01,good,33b598a4f378932f4c38798ecccdbe586b4d2ccfebf2bc1fd17cff2f2f6d1bf1,REVIEW,REVIEW,NO_GOOD_TEMPLATE,False
nstxuE202855A01t020/N9/egn09w.1460E+01,good,580130c33c64c43cb9ac466f999d6d03db567256b6c9595bfa7e77fc8c014f1a,REVIEW,REVIEW,NO_GOOD_TEMPLATE,False
nstxuE202855A01t020/N9/egn09w.1518E+01,good,597fd599e0d27b850c80ba520fe80f130957a938a44f80f2668874b949f971be,REVIEW,REVIEW,NO_GOOD_TEMPLATE,False
nstxuE202855A01t020/N9/egn09w.2004E+01,good,3da608cd85dd9522b3ce6d42b2349b749e8e239700754c7f17d8073937ab01a6,REVIEW,REVIEW,NO_GOOD_TEMPLATE,False
nstxuE202855A01t020/N9/egn09w.2935E+01,bad,f0b84b97aa1ae4db36230b461cc6cfd226bd96865535b660b480627fd23950cd,BAD,BAD,BAD_GRID_SCALE_SPIKE,False
nstxuE202855A01t020/N9/egn09w.3430E+01,bad,2cea1d45c426e76ba1d0b4d8980ab60007899d5a71df8c2869a36e63ce2f614a,BAD,BAD,BAD_AXIS_SPIKE,False
nstxuE202855A01t020/N9/egn09w.3613E+01,bad,a46cf0968f8dcf68493de9d4d1137ef59a35741f87e6aad4a20e4db02a743f88,BAD,BAD,BAD_AXIS_SPIKE,False
nstxuE202855A01t020/N9/egn09w.3813E+01,bad,9ba694e17fdef793dbf1ad4a827d8f07ab77384299dda9b8b1e275eb5d0af540,BAD,BAD,BAD_AXIS_SPIKE,False
nstxuE202855A01t020/N9/egn09w.9307E+00,bad,5711290d7cd11c85e72620e228c23898dc3180d0dede2b035c402114f59630d7,BAD,BAD,BAD_GRID_SCALE_SPIKE,False
nstxuE204669M03t025/N1/egn01w.1001E+02,bad,d7f69c4a1b3e97ac7e937530c7118fc91a12ebe4e487ef4bbe5a92ae6f41e81f,BAD,BAD,BAD_AXIS_SPIKE,False
nstxuE204669M03t025/N1/egn01w.1044E+02,bad,27d860e60d1334823524ba95db88a6597883d95b1825947aff9cf49831ece7e8,BAD,BAD,BAD_AXIS_SPIKE,False
nstxuE204669M03t025/N1/egn01w.1052E+02,bad,302204714b47f64e21e16e58193e22f089c76879fdf993c3feb9179d0d4ce565,BAD,BAD,BAD_AXIS_SPIKE,False
nstxuE204669M03t025/N1/egn01w.1061E+02,bad,0ea31bbf18e61add64b3a025cae269e3a8603fb3ade0f2b013a05e5d304a801b,BAD,BAD,BAD_AXIS_SPIKE,False
nstxuE204669M03t025/N1/egn01w.1071E+02,bad,36207e6598eb1a2de7494b9de6e039b9518d0536103b6903ef2fa900f6574f76,BAD,BAD,BAD_AXIS_SPIKE,False
nstxuE204669M03t025/N1/egn01w.1081E+02,bad,297839a31c74034b9da0d8f87fc9f43a07a581b42b4094208e4b91f75939a245,BAD,BAD,BAD_AXIS_SPIKE,False
nstxuE204669M03t025/N1/egn01w.1091E+02,bad,b501043d8bb2bb92d53000fee507737e553ac399358a3cd0dd1a1f6070ef1423,BAD,BAD,BAD_AXIS_SPIKE,False
nstxuE204669M03t025/N1/egn01w.1101E+02,bad,44e0b899e16fc5f725755f2d5aa56217a8ff72d4a24f2bf8c8a6a61fe086b090,BAD,BAD,BAD_AXIS_SPIKE,False
nstxuE204669M03t025/N1/egn01w.1131E+02,bad,ad75db903475451af8f43a86bbc740cbb3a8538056fd81f5a4e134933284076e,BAD,BAD,BAD_AXIS_SPIKE,False
nstxuE204669M03t025/N1/egn01w.1141E+02,bad,4983274aab7b5400cd39c89d1a8185249c00e79b9693d37b7f0c0aab677330d9,BAD,BAD,BAD_AXIS_SPIKE,False
nstxuE204669M03t025/N1/egn01w.1149E+02,bad,7ddd9c470327cdf58bbe3b1c6977e4201fcb729764d866f637c23aeefd91eec9,BAD,BAD,BAD_AXIS_SPIKE,False
nstxuE204669M03t025/N1/egn01w.1565E+02,bad,57b4d4acb9530702b6ca21f0c52748079809b2263caff97828f5f5dbf0620336,BAD,BAD,BAD_AXIS_SPIKE,False
nstxuE204669M03t025/N1/egn01w.3425E+02,bad,65d81813c637c23444c640b8ee70a73a8c6d95f996a9b25085bca67b89bf74d4,BAD,BAD,BAD_CONT_CROSS_WINDOW,False
nstxuE204669M03t025/N1/egn01w.3485E+02,bad,407339013e5e00ce74ab2d2fdf0bf69340b6d8c7330ed35c854c6bf71d1f52ec,BAD,BAD,BAD_CONT_CROSS_WINDOW,False
nstxuE204669M03t025/N1/egn01w.4972E+01,bad,7a0f9cff60948403b3d19d23f74d2d7d94b874da4621da18137776251ff6d36d,BAD,BAD,BAD_CONT_CROSS_WINDOW,False
nstxuE204669M03t025/N1/egn01w.5033E+01,bad,221fc343b25037ed8e15e066eeffc6800bfafce2d959b11b8f44003e26b14011,BAD,BAD,BAD_CONT_CROSS_WINDOW,False
nstxuE204669M03t025/N1/egn01w.5092E+01,bad,f932fd39c762b80882d700f4118a79b404e71deddb065f72c34d4fe086f408fc,BAD,BAD,BAD_AXIS_SPIKE,False
nstxuE204669M03t025/N1/egn01w.5285E+01,bad,2e4ca809ea05ee2dd2a6c7440f7629a457e986be0df1908e8ccaaf5ca048440b,BAD,BAD,BAD_CONT_CROSS_WINDOW,False
nstxuE204669M03t025/N1/egn01w.5346E+01,bad,0b13091ea8a4e10a6674619ab7623acf0f425d69d7892d0cfcf37888886e28b5,BAD,BAD,BAD_CONT_CROSS_WINDOW,False
nstxuE204669M03t025/N1/egn01w.5407E+01,bad,d0954bda020c8bb1297dd62a2edae3054607d640632b07fa2873336f783c2603,BAD,BAD,BAD_CONT_CROSS_WINDOW,False
nstxuE204669M03t025/N1/egn01w.5468E+01,bad,0292e7d3523ad53d0a2fe3ad4a21016a85dc9f4d50d7ce8b2b13700011b0551d,BAD,BAD,BAD_AXIS_SPIKE,False
nstxuE204669M03t025/N1/egn01w.5528E+01,bad,df54f2c4f2baeda1e369c7ac262c1134992eb53d01590bdeeafa75e17ed5e2b7,BAD,BAD,BAD_AXIS_SPIKE,False
nstxuE204669M03t025/N1/egn01w.5586E+01,bad,047255a7778ec2df8864424d73f918fe8438464ae72cb119beb5516db09be6f0,BAD,BAD,BAD_AXIS_SPIKE,False
nstxuE204669M03t025/N1/egn01w.5643E+01,bad,bc084c3a2b1abd3adb96689192c6be144c37c1438d9ba399c0f4b93c6747b257,BAD,BAD,BAD_AXIS_SPIKE,False
nstxuE204669M03t025/N1/egn01w.5698E+01,bad,9b83142da08e8fa0ca69cccfab00a3ae1219be269cee84b580aadc2d2dcf5e7a,BAD,BAD,BAD_AXIS_SPIKE,False
nstxuE204669M03t025/N1/egn01w.7103E+01,bad,3d956823415d6d90e73f6f128a54c358a65852cfee611006b71f25ecdf48babd,BAD,BAD,BAD_GRID_SCALE_SPIKE,False
nstxuE204669M03t025/N1/egn01w.7162E+01,bad,fe6fe45b19d67e32773e00700af3a5b163a9a1a1e99ad161710565942f9dbc74,BAD,BAD,BAD_AXIS_SPIKE,False
nstxuE204669M03t025/N1/egn01w.7318E+01,bad,2c8e7c81293638b82564bebed55eb89e174b7471f0e71038b94cc67790ef86c3,BAD,BAD,BAD_AXIS_SPIKE,False
nstxuE204669M03t025/N1/egn01w.9104E+01,bad,c96e6c75c44b75eaeb1b6f58e9aa16d6dbbac312246341cd99fb09131782c2a7,BAD,BAD,BAD_AXIS_SPIKE,False
nstxuE204669M03t025/N1/egn01w.9754E+01,bad,5386ece781c1cfe2ae054e16cb24abeda8bd821a5f4f313bf3ef39a527b37fd1,BAD,BAD,BAD_AXIS_SPIKE,False
nstxuE204669M03t025/N1/egn01w.9800E+01,bad,afae561b968b961d35a9306692918f6f962c2f92460838c0d24e2e4919bbbf68,BAD,BAD,BAD_AXIS_SPIKE,False
nstxuE204669M03t025/N1/egn01w.9851E+01,bad,488e1e8aa7952193ad9d7121cac3c69ccfb60ae144e0648b0ca6087bbd113499,BAD,BAD,BAD_AXIS_SPIKE,False
nstxuE204669M03t025/N10/egn10w.1295E+02,bad,f1d09a00e421ac89348335ccdcf35c9037e98bb511a3e97758006c1468709934,REVIEW,REVIEW,NO_GOOD_TEMPLATE,False
nstxuE204669M03t025/N10/egn10w.1393E+02,good,7d34bce865a84cf723979bcc48d50f6e1a61c9ae7f79b6cf22631c5d757227cd,REVIEW,REVIEW,NO_GOOD_TEMPLATE,False
nstxuE204669M03t025/N10/egn10w.1678E+02,good,60dda7dc6ba659c998389e16b86251af7e5482ead6dd403c09cb1d19f2451a60,REVIEW,REVIEW,NO_GOOD_TEMPLATE,False
nstxuE204669M03t025/N10/egn10w.1831E+02,good,91354b1e85b314d4dfbc00ba19eeddd5d7e01bb8b185b41072ea6e117f633028,REVIEW,REVIEW,NO_GOOD_TEMPLATE,False
nstxuE204669M03t025/N10/egn10w.1984E+02,good,750c386740548372281a46df55fcd991e48642862d4f743747e8c8d51baf4877,REVIEW,REVIEW,NO_GOOD_TEMPLATE,False
nstxuE204669M03t025/N10/egn10w.2352E+02,bad,ac40a2faa5006166846c107c248581e682ed5d52847a453580e21e014faea801,REVIEW,BAD,BAD_CONTINUUM_CROSSING_TAIL,True
nstxuE204669M03t025/N10/egn10w.3232E+02,bad,31e3de2d1bd46661f08d7d41c0185ac540fd8a73d2e65318e3f280cbbe64aa61,BAD,BAD,BAD_AXIS_SPIKE,False
nstxuE204669M03t025/N10/egn10w.3354E+01,bad,2ba6d43d8089f38fe30dbce2215947cd01d480eb799a873802a17e74133483ea,BAD,BAD,BAD_AXIS_SPIKE,False
nstxuE204669M03t025/N10/egn10w.3902E+01,bad,68031093fa81f0c2536aaa095c22f12e1bab82483e51cfe1ccf989a4ced0ccae,BAD,BAD,BAD_AXIS_SPIKE,False
nstxuE204669M03t025/N10/egn10w.6956E+01,bad,36b4b13cea9f90da99d421f4b0af561d90d62097a5b1d9d3ca5bb135b38ad49a,BAD,BAD,BAD_AXIS_SPIKE,False
nstxuE204669M03t025/N10/egn10w.7060E+01,bad,3acd154538ef72734d5157a2d53145963ea7676b955b6a397c8e8177eb4ee830,BAD,BAD,BAD_GRID_SCALE_SPIKE,False
nstxuE204669M03t025/N10/egn10w.7202E+01,bad,10788edb461c636c606897f7b5e7bf0d321b4841ee1d8a5564c00cfa1c04438a,BAD,BAD,BAD_CONT_CROSS_WINDOW,False
nstxuE204669M03t025/N10/egn10w.7308E+01,good,47a1cfe79d7545077a2ffdc857f13a3eec31e41646486aff36fcd7a642c4a378,REVIEW,REVIEW,NO_GOOD_TEMPLATE,False
nstxuE204669M03t025/N10/egn10w.7320E+01,bad,654196f4372323927aa54125c83f797aedc6bb1f2fad5978e9adb14d35a4c6bb,BAD,BAD,BAD_AXIS_SPIKE,False
nstxuE204669M03t025/N10/egn10w.7514E+01,bad,609a0d74f0c0283a789f1fbf9c2ce7f151f565e1fe4815e703e9de0acc49bdd8,BAD,BAD,BAD_AXIS_SPIKE,False
nstxuE204669M03t025/N10/egn10w.7710E+01,good,37a2dbab5e92df068e4992e8d96e3a6382fb12836bbf7e32c2b723e93edfd062,REVIEW,REVIEW,NO_GOOD_TEMPLATE,False
nstxuE204669M03t025/N10/egn10w.7878E+01,good,6029a46f619f734678e47771e956b4474ef38f047dd4aa4e8aa6c283d789fa3e,REVIEW,REVIEW,NO_GOOD_TEMPLATE,False
nstxuE204669M03t025/N10/egn10w.7922E+01,good,8e787ec70d6c5cce023c3015d5c77275bb819ae1228c350e7ad4b983ee56e78a,REVIEW,REVIEW,NO_GOOD_TEMPLATE,False
nstxuE204669M03t025/N10/egn10w.7964E+01,bad,a603a1cdf15741b6c166f0899dffa61d66aed4aae07209e94f7f09bdbe217407,BAD,BAD,BAD_GRID_SCALE_SPIKE,False
nstxuE204669M03t025/N10/egn10w.8131E+01,good,477e2cff1bb64a34473775589d0f97d9792e16b35a35c7cf019982c77d2e1129,REVIEW,REVIEW,NO_GOOD_TEMPLATE,False
nstxuE204669M03t025/N10/egn10w.8427E+01,good,b819c0ac1b1c8e68e21662ef0ad3f19252b2d8b76c288e67de717572f5c7fa5c,REVIEW,REVIEW,NO_GOOD_TEMPLATE,False
nstxuE204669M03t025/N10/egn10w.8503E+01,bad,bb485c3926c6b60b3a724b252be8847e362cee574619fc0ba858e495af870118,BAD,BAD,BAD_AXIS_SPIKE,False
nstxuE204669M03t025/N10/egn10w.8821E+01,good,4c7d2439e9c975b43810a1b280bfcd25551d397b401f709e27ae1e5f5f198467,REVIEW,REVIEW,NO_GOOD_TEMPLATE,False
nstxuE204669M03t025/N10/egn10w.9275E+01,good,4e7275608a758b466bf49a6edd8bc9bdb53fa325718f5ff77ca6e4daf09d0018,BAD,BAD,BAD_CONT_CROSS_WINDOW,False
nstxuE204669M03t025/N10/egn10w.9552E+01,bad,dfdc3bd67b55e1c25373fb780e10dc5f7a05bfe2fa72de299872f77790e0b656,BAD,BAD,BAD_AXIS_SPIKE,False
nstxuE204669M03t025/N2/egn02w.2918E+02,bad,9fbc35024bfc43ccb75b5e2b9cee4e27e8a03c177979b84b4750f4bccb252ff2,BAD,BAD,BAD_CONT_CROSS_WINDOW,False
nstxuE204669M03t025/N2/egn02w.3307E+02,bad,8939f0bb180139da7c806217ea3b53e5724ded2240e427990bc13b3882ef59a1,BAD,BAD,BAD_CONT_CROSS_WINDOW,False
nstxuE204669M03t025/N2/egn02w.3365E+02,bad,c6862c7fc4d0d56afa6df6f74b9066a2a42c3ca6c62369df3a6065273c6fe6c9,BAD,BAD,BAD_CONT_CROSS_WINDOW,False
nstxuE204669M03t025/N2/egn02w.3391E+02,bad,b12273fc137b6ebd2bfca129471bf19a75f216a2cf83dad23a83abc0c612695a,BAD,BAD,BAD_CONT_CROSS_WINDOW,False
nstxuE204669M03t025/N2/egn02w.4446E+01,bad,a0845febe1ba83d91434f49f27a97caaad38a347faca5acf5dc8ea512489eb6a,BAD,BAD,BAD_CONT_CROSS_WINDOW,False
nstxuE204669M03t025/N2/egn02w.4506E+01,bad,1cf5edee21beec0a4c8fceb08d95d178d59f4620c3b844db20877e96d150a7a3,BAD,BAD,BAD_CONT_CROSS_WINDOW,False
nstxuE204669M03t025/N2/egn02w.4566E+01,bad,418ed51c97cdab45370458f15ef7682f48556bdef35333fcb714572278797214,BAD,BAD,BAD_CONT_CROSS_WINDOW,False
nstxuE204669M03t025/N2/egn02w.4627E+01,bad,14fe8c238a2befe8265054b647f8ac6bbf373178b004bcf72c70643ba688be4c,BAD,BAD,BAD_CONT_CROSS_WINDOW,False
nstxuE204669M03t025/N2/egn02w.4688E+01,bad,2e0e6e9e47aed2a1b307ef0a44b0cbe4650ad0cbd9e204b602b3073bd1913555,BAD,BAD,BAD_CONT_CROSS_WINDOW,False
nstxuE204669M03t025/N2/egn02w.4749E+01,bad,7c51a360583b845e7274d13265d80993a0317521b02e0f22a7fc2eeabf5b63fe,BAD,BAD,BAD_CONT_CROSS_WINDOW,False
nstxuE204669M03t025/N2/egn02w.4810E+01,bad,068252e399a344253dbf66905c4ec184c9be2fa4ef0f5ce18f4dfe1ca404418c,BAD,BAD,BAD_CONT_CROSS_WINDOW,False
nstxuE204669M03t025/N2/egn02w.4871E+01,bad,9637e136d7e22dac3ef42e2b416b298f5ee918059166c128a49a9dfc8d92aa4c,BAD,BAD,BAD_CONT_CROSS_WINDOW,False
nstxuE204669M03t025/N2/egn02w.4933E+01,bad,d752875a582a6410451a0fc9075f3c45b14f78f8a0efa6c7d66a8c75cce2a106,BAD,BAD,BAD_CONT_CROSS_WINDOW,False
nstxuE204669M03t025/N2/egn02w.7509E+01,bad,1a04a95c0a06754d0b3448b242144c74767a55b703293165d7dd83423582bd55,BAD,BAD,BAD_GRID_SCALE_SPIKE,False
nstxuE204669M03t025/N2/egn02w.7610E+01,bad,e8e72609b7910f9116fbe4af44fd2da619f7d94ff43627d19ced004ee5f3e01e,BAD,BAD,BAD_AXIS_SPIKE,False
nstxuE204669M03t025/N2/egn02w.7702E+01,bad,0ec78497d2a05d300c53c6e792857be64f82e2c8a2402495d47e03987b3565da,BAD,BAD,BAD_AXIS_SPIKE,False
nstxuE204669M03t025/N2/egn02w.7803E+01,bad,baf8914eeb19895461c8a91dff9a08942043a95c3370b5c7cdd3e9b1ff7173f8,BAD,BAD,BAD_AXIS_SPIKE,False
nstxuE204669M03t025/N2/egn02w.7847E+01,bad,81591570bd85c67ab0d4873568a6b4dded6aaec20a251b6beca2d888fe04d995,BAD,BAD,BAD_AXIS_SPIKE,False
nstxuE204669M03t025/N2/egn02w.7927E+01,bad,52a5f2a762e8075ecfc5b0b9cfc51ec7c31b1f4b3ed4ed0fdcd714ee66ee2c98,BAD,BAD,BAD_AXIS_SPIKE,False
nstxuE204669M03t025/N2/egn02w.8168E+01,bad,a111fe72277596af137934bfe1c721ff5161f152a0bbe031a4c07e885be11a20,BAD,BAD,BAD_AXIS_SPIKE,False
nstxuE204669M03t025/N2/egn02w.8249E+01,bad,8520c5cd4a54c19b3e4d3a9bd0932d0d6d89a766aab3aa0d4c82a4dfe94978a1,BAD,BAD,BAD_AXIS_SPIKE,False
nstxuE204669M03t025/N2/egn02w.9006E+01,bad,a08071360794ef0a0712d26fc5a277cb8ac410ad255f8df8a51a32cc516db6d1,BAD,BAD,BAD_AXIS_SPIKE,False
nstxuE204669M03t025/N2/egn02w.9225E+01,bad,50d8fe01fbae0122e1bfb377bee3badfaaf71348372d2df36c90f331b6fe64d8,BAD,BAD,BAD_AXIS_SPIKE,False
nstxuE204669M03t025/N2/egn02w.9291E+01,bad,6ea1538d189de86a29fa113a76d5d4e141d1ca2ddb4bcc7bd0f732aa6f7d6b6e,BAD,BAD,BAD_AXIS_SPIKE,False
nstxuE204669M03t025/N3/egn03w.1022E+02,bad,6e33dbd8cebba0accf6ed28344390b4baeebdf23ae8c31191d5c1580e7407f70,BAD,BAD,BAD_CONT_CROSS_WINDOW,False
nstxuE204669M03t025/N3/egn03w.2984E+02,bad,4ab4f0c463bad047449594c85fa2756acf38645e6747388b74ac642ab63867b9,BAD,BAD,BAD_CONT_CROSS_WINDOW,False
nstxuE204669M03t025/N3/egn03w.3046E+02,bad,c9d695de576f3d2edd1a667ccd2ec695ecb31062b8dafcdfa11da483b9e90cc6,BAD,BAD,BAD_CONT_CROSS_WINDOW,False
nstxuE204669M03t025/N3/egn03w.3084E+02,bad,146bd73c503b8ed350ee6ae1b7f21157818eae5add686a98fb06626aa61489f5,BAD,BAD,BAD_CONT_CROSS_WINDOW,False
nstxuE204669M03t025/N3/egn03w.3347E+02,bad,c4412a430adb01b53ad9d3534cf79ec796f3eb36f08ec5ed4f3cdd7635b740d8,BAD,BAD,BAD_CONT_CROSS_WINDOW,False
nstxuE204669M03t025/N3/egn03w.4502E+01,bad,93a0a0de009b3f3b59fe52705870d06f0eefc091a5279fcc24038749b4ed3943,BAD,BAD,BAD_CONT_CROSS_WINDOW,False
nstxuE204669M03t025/N3/egn03w.5337E+01,bad,fb91870be72bcf54dd0d3bd90e77fa474ea0635bb12ba244f781fa7d84e5b9ae,BAD,BAD,BAD_CONT_CROSS_WINDOW,False
nstxuE204669M03t025/N3/egn03w.5403E+01,bad,1c583fe338590a6cff7a06d865e9f53d2a75a2137ed485e1ff38ea63b68e8f61,BAD,BAD,BAD_CONT_CROSS_WINDOW,False
nstxuE204669M03t025/N3/egn03w.7689E+01,bad,77563b5429ac0afde2271b7d471d912b227dd06933bc253ff2016c3002cc90eb,BAD,BAD,BAD_AXIS_SPIKE,False
nstxuE204669M03t025/N3/egn03w.7750E+01,bad,bb90ee7413df5922ef855302f23ff3904a08968ad47451484b1a1ccde1bf3a33,BAD,BAD,BAD_AXIS_SPIKE,False
nstxuE204669M03t025/N3/egn03w.7867E+01,bad,c93452caf066452e1267fa883d2473acc979b9f549eb1bef8b6908474dd90539,BAD,BAD,BAD_AXIS_SPIKE,False
nstxuE204669M03t025/N3/egn03w.8010E+01,bad,8b7fef62497a24aadb9bce74e3d9a65ae022cff14c3e13369681da0d0d47ac70,BAD,BAD,BAD_AXIS_SPIKE,False
nstxuE204669M03t025/N3/egn03w.8262E+01,good,c34743d335390128eb7aafd06525e63b8735ecfe0b15eb6a04a8c3e3e92955a2,REVIEW,REVIEW,NO_GOOD_TEMPLATE,False
nstxuE204669M03t025/N3/egn03w.9617E+01,bad,d77a6c48f79f48d3322773290e817a9e9d3f70dee6a5f245370f552d007ea960,BAD,BAD,BAD_CONT_CROSS_WINDOW,False
nstxuE204669M03t025/N3/egn03w.9634E+01,bad,18588d1859d99a3cb4e2a8e13456e3c9a68e58908f5d0fbc74ceb40b7a5a1d7e,BAD,BAD,BAD_CONT_CROSS_WINDOW,False
nstxuE204669M03t025/N4/egn04w.1002E+02,bad,fbc899da8824dcefaf4a1b3cbe546f9feaceffac27e3694bf575cf130cbb671d,BAD,BAD,BAD_AXIS_SPIKE,False
nstxuE204669M03t025/N4/egn04w.1007E+02,bad,a7225e7275bfac38ce05246d81dda9dacff90821f499699abde48c1c0033067a,BAD,BAD,BAD_GRID_SCALE_SPIKE,False
nstxuE204669M03t025/N4/egn04w.1099E+02,good,7338a4f0b75b5caf0e07bd82190473f239e8b5369645f9229e0f4072baf1faf8,REVIEW,REVIEW,NO_GOOD_TEMPLATE,False
nstxuE204669M03t025/N4/egn04w.1398E+02,good,2331d5c1aaa0f32f703e42f40d19f666a882d4189fcde6c2476a22ef0a0b1da1,REVIEW,REVIEW,NO_GOOD_TEMPLATE,False
nstxuE204669M03t025/N4/egn04w.1691E+02,good,f5b0e23454fdb0e7a774b9be8b6dd9d445cdefeecba9ea5686147f5210443f4c,REVIEW,REVIEW,NO_GOOD_TEMPLATE,False
nstxuE204669M03t025/N4/egn04w.2546E+02,bad,82e090d1b3ad5c111c3da8f6ee1f6c300ad14769f625e3c5bb30f33e6eef5bdc,BAD,BAD,BAD_CONT_CROSS_WINDOW,False
nstxuE204669M03t025/N4/egn04w.2718E+02,bad,16d2f7caf33223035f2f88c173f01a38656f9c3394c648b84ea1065b4274e507,BAD,BAD,BAD_CONT_CROSS_WINDOW,False
nstxuE204669M03t025/N4/egn04w.2978E+02,bad,d34540607f5bc8be78934ad9827b402a43029b7ffd6ef26f1e0fb95ed6191a15,BAD,BAD,BAD_CONT_CROSS_WINDOW,False
nstxuE204669M03t025/N4/egn04w.3063E+02,bad,bae766c3ed064eefbef9a6a08072e65e1ecb8fc379d11d2f4076d421d56e1470,BAD,BAD,BAD_CONT_CROSS_WINDOW,False
nstxuE204669M03t025/N4/egn04w.7170E+01,bad,0083fa51ad273bd76183a61699040c6c38fb0d24637338f55a3076dcd1ad8990,BAD,BAD,BAD_AXIS_SPIKE,False
nstxuE204669M03t025/N4/egn04w.7212E+01,bad,a75430779d3dcc59af6a9ebb59c0f0db4447b73d0c93a853d040fd3d002311fd,BAD,BAD,BAD_AXIS_SPIKE,False
nstxuE204669M03t025/N4/egn04w.7288E+01,good,5b4ab170f6f3e536d81d63d6213bda800ad9b16d288069ea7ac6897907f323f4,REVIEW,REVIEW,NO_GOOD_TEMPLATE,False
nstxuE204669M03t025/N4/egn04w.7420E+01,bad,ce4fb6e2895e01acf38c4cb327cde2b902a91af339133c241f1a91ef5d3c4808,BAD,BAD,BAD_AXIS_SPIKE,False
nstxuE204669M03t025/N4/egn04w.7493E+01,good,351bce688ab2ecc781847724886755e78aa52d6185308a590ea75f3825426c12,REVIEW,REVIEW,NO_GOOD_TEMPLATE,False
nstxuE204669M03t025/N4/egn04w.7677E+01,good,9e94f500916dd2ffa04b0d56267aa269eb06889b9009ef7813a9ede886933dfd,REVIEW,REVIEW,NO_GOOD_TEMPLATE,False
nstxuE204669M03t025/N4/egn04w.7907E+01,good,c1af4493cccbe93f132d6f80eb741e98c2db57adcca2502304d3f74bd1c8b5ef,REVIEW,REVIEW,NO_GOOD_TEMPLATE,False
nstxuE204669M03t025/N4/egn04w.8339E+01,bad,457c031f44e88d2df8d595e2e6590a657b632d4568b8b512d64f7fc4ffcb0ddb,BAD,BAD,BAD_AXIS_SPIKE,False
nstxuE204669M03t025/N4/egn04w.8625E+01,good,9ad207b4446c3f5388dc3f18a9e109fed8529b69fa2b8807bcb1b5c5f4f3c30e,REVIEW,REVIEW,NO_GOOD_TEMPLATE,False
nstxuE204669M03t025/N4/egn04w.9176E+01,bad,1a319189bfa5e2dfc99cb53b32d537048de81a9d4118a5fbeb821b50df515e32,BAD,BAD,BAD_AXIS_SPIKE,False
nstxuE204669M03t025/N4/egn04w.9263E+01,bad,c8ee26d64d9ecb545529726d77b59d0e8a986ef8bc15857c66d29ac7e4a19350,REVIEW,REVIEW,NO_GOOD_TEMPLATE,False
nstxuE204669M03t025/N5/egn05w.1215E+02,good,5af1c370abb9e2291f7e9607dd243452f25d3e4bef707b1c7eb2d257f0d84081,REVIEW,REVIEW,NO_GOOD_TEMPLATE,False
nstxuE204669M03t025/N5/egn05w.1383E+02,good,619034dad8a996b02b0d3286516bde0f76b49938000edf2a0c8c6b8fbc295dbb,REVIEW,REVIEW,NO_GOOD_TEMPLATE,False
nstxuE204669M03t025/N5/egn05w.1514E+02,good,6b65383db1a48485d91a705ea6c53b39db59ac8bf775058e80e8c258a2218642,REVIEW,REVIEW,NO_GOOD_TEMPLATE,False
nstxuE204669M03t025/N5/egn05w.1736E+02,good,3d0e9956e9682c6e8fee80aee47a62c8bec8d55d8c80a63ae258a1a63136ae2a,REVIEW,REVIEW,NO_GOOD_TEMPLATE,False
nstxuE204669M03t025/N5/egn05w.2048E+02,bad,ec832705b13764692ed8d00b957ecf51a4b4dc8e3fb74db0ada63b4087e2b254,BAD,BAD,BAD_CONT_CROSS_WINDOW,False
nstxuE204669M03t025/N5/egn05w.2759E+02,bad,bde905eb838f48dbd4cebf2199f945eb49148ecf98dc8d33de430058cf208be8,BAD,BAD,BAD_CONT_CROSS_WINDOW,False
nstxuE204669M03t025/N5/egn05w.2835E+02,bad,4ab0ab4533c302f90ec1ec16d58d4509aacb929d09a9fad5bbd45c6175d64c85,BAD,BAD,BAD_CONT_CROSS_WINDOW,False
nstxuE204669M03t025/N5/egn05w.3008E+02,bad,87a7ebf0171a1cfa46249a25db9c612e6f64d8bb6455c25a5dfc438b5a876d7c,BAD,BAD,BAD_CONT_CROSS_WINDOW,False
nstxuE204669M03t025/N5/egn05w.6875E+01,bad,c300e6f119e69f23223384b385f5fe59666bc671c26a00f2a4b2b944dd1cabf0,BAD,BAD,BAD_GRID_SCALE_SPIKE,False
nstxuE204669M03t025/N5/egn05w.6948E+01,good,08b9d1ea06063baacd69641946d671b47658d30ce02eed12b9913fdb90c6739d,REVIEW,REVIEW,NO_GOOD_TEMPLATE,False
nstxuE204669M03t025/N5/egn05w.7038E+01,bad,52b2d252023e19545ce0dda41f5340a8123bb2cf55a49484e3f67b607e9f2cf6,BAD,BAD,BAD_AXIS_SPIKE,False
nstxuE204669M03t025/N5/egn05w.7072E+01,good,d6eee77dd54b083fd923a2afbde6a29898c29377aab443f3730b24cfe3f7a966,REVIEW,REVIEW,NO_GOOD_TEMPLATE,False
nstxuE204669M03t025/N5/egn05w.7213E+01,good,fa06a0d26eb7f0c9120f7e8b6adba270aa377f86af7f9c5b1c00d83d7bcfd3c5,REVIEW,REVIEW,NO_GOOD_TEMPLATE,False
nstxuE204669M03t025/N5/egn05w.7467E+01,good,926a62f687bc48636cc03074120dc3244a7e6d967fc1eff62a1ecbddaeb6e264,REVIEW,REVIEW,NO_GOOD_TEMPLATE,False
nstxuE204669M03t025/N5/egn05w.7747E+01,good,a3fc383f87247869bc7f20bb6d8ec3055aedc22af339f60c27f2fa1b09ecd0ac,REVIEW,REVIEW,NO_GOOD_TEMPLATE,False
nstxuE204669M03t025/N5/egn05w.7888E+01,bad,fd79c72969b28996a3a77ae3d98c735efd6106063a289b3602249d87c877f653,BAD,BAD,BAD_AXIS_SPIKE,False
nstxuE204669M03t025/N5/egn05w.8011E+01,good,3ce7dae97c02b91ee38d73f05eb5eaa884bded1fc23b4477ba6b3df5ee755ff9,REVIEW,REVIEW,NO_GOOD_TEMPLATE,False
nstxuE204669M03t025/N5/egn05w.8224E+01,good,817976f45c2c3c36481a2e1edf76cd66955e454d6093bd0631bb6cd8a2ecde57,REVIEW,REVIEW,NO_GOOD_TEMPLATE,False
nstxuE204669M03t025/N5/egn05w.8976E+01,good,e7343054f53470101c4b008a43e03d546cc6d116e9f11ca13fa52afa0ac825cc,REVIEW,REVIEW,NO_GOOD_TEMPLATE,False
nstxuE204669M03t025/N5/egn05w.9124E+01,good,394a60528849425ac2ea03105b8b8256f087b89c9e75839f8c068d6d6bba8d7c,REVIEW,REVIEW,NO_GOOD_TEMPLATE,False
nstxuE204669M03t025/N5/egn05w.9563E+01,bad,36861f352693b5e0403326e333e862151e3632dcd9d406edbe34dc01ed6f71d7,BAD,BAD,BAD_AXIS_SPIKE,False
nstxuE204669M03t025/N6/egn06w.1309E+02,good,41d53fa2b981caaef20dc7077417d2bc1d02c7842c3b7f10fbfd2f382e2b0fb8,REVIEW,REVIEW,NO_GOOD_TEMPLATE,False
nstxuE204669M03t025/N6/egn06w.1462E+02,good,df51dd7fef53a223ee598a7d1bb1aa80d57cc6f8f267256d6c6e095a43386c0a,REVIEW,REVIEW,NO_GOOD_TEMPLATE,False
nstxuE204669M03t025/N6/egn06w.1784E+02,good,fa65e2efc8f70f4962e8649fa43c7eddb6e8dd4f806659c814095fb9af88fcc8,REVIEW,REVIEW,NO_GOOD_TEMPLATE,False
nstxuE204669M03t025/N6/egn06w.2005E+02,good,ef58dfd29a39b86f39732d4bf0c9c551efc016c312518570cd5cb7db114ce533,REVIEW,REVIEW,NO_GOOD_TEMPLATE,False
nstxuE204669M03t025/N6/egn06w.2293E+02,bad,5507af95aad55c55b05f76bc086aadca577b48f1f7114c358c5afa804174743c,BAD,BAD,BAD_CONT_CROSS_WINDOW,False
nstxuE204669M03t025/N6/egn06w.2789E+02,bad,502e17537d4a7009a08b7dfc44fdac45162164086042e68a9e4a0c67634a0e69,BAD,BAD,BAD_CONT_CROSS_WINDOW,False
nstxuE204669M03t025/N6/egn06w.2881E+02,bad,c2f686049ea835751709b643ff79045183d99a3efdf266338170d897e9c2aac3,BAD,BAD,BAD_CONT_CROSS_WINDOW,False
nstxuE204669M03t025/N6/egn06w.3080E+02,bad,8114052019ca83b74790276b099488c6d92ab43c544dabc36e5f43d74d3ff8e0,BAD,BAD,BAD_CONT_CROSS_WINDOW,False
nstxuE204669M03t025/N6/egn06w.3112E+01,bad,89913ed6e38853c07fb67c1598eda640a0accc5d5f06200039b024b702ac98df,BAD,BAD,BAD_CONT_CROSS_WINDOW,False
nstxuE204669M03t025/N6/egn06w.6696E+01,bad,4f83786979e3ee2a0fadd6e5ed50520d926cd115a82c4319af80af375bc2515b,BAD,BAD,BAD_CONT_CROSS_WINDOW,False
nstxuE204669M03t025/N6/egn06w.7503E+01,bad,6c2962e9224f732ca4af2daddc3294d0931ff3011376c9ff755d8862cf7e1e17,BAD,BAD,BAD_AXIS_SPIKE,False
nstxuE204669M03t025/N6/egn06w.7726E+01,good,4de751817fc4380af9b118fe53a2eed5e6f7f5a50349b3c514a2994feaf5d2cf,REVIEW,REVIEW,NO_GOOD_TEMPLATE,False
nstxuE204669M03t025/N6/egn06w.8202E+01,good,da33011c0a1022d241247a305019ebc46a19c71cc2de32eede0eb3e9476c4b6f,REVIEW,REVIEW,NO_GOOD_TEMPLATE,False
nstxuE204669M03t025/N6/egn06w.9020E+01,good,833a53df2afa15d3df2edcf55ef28dee933494da6ed10ab6c736e1b6c5f1096d,REVIEW,REVIEW,NO_GOOD_TEMPLATE,False
nstxuE204669M03t025/N7/egn07w.1364E+02,good,abdd88d19d820382c5239bf7c9b2a495414a957d1da0f0b504418f86934d90f1,REVIEW,REVIEW,NO_GOOD_TEMPLATE,False
nstxuE204669M03t025/N7/egn07w.1525E+02,good,a5ce68e3d1db0d5ec1927b27e1a2cfb313de19beae79eee1915006714c5b592d,REVIEW,REVIEW,NO_GOOD_TEMPLATE,False
nstxuE204669M03t025/N7/egn07w.1672E+02,good,433d4d9dda57450187144b28b15f4f3cae9995e181bc499abeb72205a86c3155,REVIEW,REVIEW,NO_GOOD_TEMPLATE,False
nstxuE204669M03t025/N7/egn07w.1846E+02,good,eed0f085f86e51a9e64306c1a5a2db8ce9799b43816f097642fa32e756671b9a,REVIEW,REVIEW,NO_GOOD_TEMPLATE,False
nstxuE204669M03t025/N7/egn07w.2049E+02,good,5af6459073cfa21b1c8f4d090318be9aa1a222b25409df0221edb4bc6282e7e7,REVIEW,REVIEW,NO_GOOD_TEMPLATE,False
nstxuE204669M03t025/N7/egn07w.2716E+02,bad,3725c7246dcd59fd21f1ba72495784b7c260d600afc51467f69428836f25022b,BAD,BAD,BAD_CONT_CROSS_WINDOW,False
nstxuE204669M03t025/N7/egn07w.3222E+02,bad,3f5d2e74521b3508767331eeb9061f7b16a97d89dc885b23af833a0339224a03,BAD,BAD,BAD_CONT_CROSS_WINDOW,False
nstxuE204669M03t025/N7/egn07w.3388E+02,bad,30358a304253c71c8d1e3a58e59748b2bed5924ac3c00a5f262f24ef20957cb4,BAD,BAD,BAD_NEAR_AXIS_GRID_OSCILLATION,False
nstxuE204669M03t025/N7/egn07w.6640E+01,bad,041a47b596a61ccb15bd563f2031f7f71469a2d15f0c378fc74cc7e1f7d30d89,BAD,BAD,BAD_GRID_SCALE_PACKET,False
nstxuE204669M03t025/N7/egn07w.7397E+01,bad,4d7ec8571e5df9915d4eba752fab9924a852ff382a5f16158eb928f3858bbe4c,BAD,BAD,BAD_AXIS_SPIKE,False
nstxuE204669M03t025/N7/egn07w.8030E+01,good,32900b3e7dce7ce141f4b36e0bd7a0f315e07cd16a2bb19e345418382de9c447,REVIEW,REVIEW,NO_GOOD_TEMPLATE,False
nstxuE204669M03t025/N7/egn07w.8867E+01,good,3ed43c6c22232ab70f0a558d6be831e49674c482638cadbf9b4fcea8e0726d40,BAD,BAD,BAD_CONT_CROSS_WINDOW,False
nstxuE204669M03t025/N7/egn07w.9754E+01,good,bd10859ee4ba6ed2bba1b86a89b3325b565a3f3823949378ed0c19d029b4652c,REVIEW,REVIEW,NO_GOOD_TEMPLATE,False
nstxuE204669M03t025/N8/egn08w.1026E+02,good,8dda728e5975f5f42588096ca397caa5e857f32b5046c07a3a4df89374397940,REVIEW,REVIEW,NO_GOOD_TEMPLATE,False
nstxuE204669M03t025/N8/egn08w.1241E+02,good,793f39d968e1f23691da7eb73471bd97a1b9c606386cb8371f37b4ac2d177101,REVIEW,REVIEW,NO_GOOD_TEMPLATE,False
nstxuE204669M03t025/N8/egn08w.1394E+02,good,21e496b643b88863bb01c86c1d4dcb601b9fd99ccb1b079cb74c7ae06b94dd16,REVIEW,REVIEW,NO_GOOD_TEMPLATE,False
nstxuE204669M03t025/N8/egn08w.1548E+02,good,406b1ca8c7952ba0943c62092de0755c1c005b0a1f6f0f9bb33625a664f3a516,REVIEW,REVIEW,NO_GOOD_TEMPLATE,False
nstxuE204669M03t025/N8/egn08w.1700E+02,good,994a414c8bbd2216ca5ecad807dacff4a3991d14105e0c832efd11d690a9c77b,REVIEW,REVIEW,NO_GOOD_TEMPLATE,False
nstxuE204669M03t025/N8/egn08w.1857E+02,good,ed8da47c50fc9063f2b818fe9aae03f75764e6cd58595be5b0501a2462122a1c,REVIEW,REVIEW,NO_GOOD_TEMPLATE,False
nstxuE204669M03t025/N8/egn08w.2045E+02,good,628f4b8be25bb426317112402b62c8e34f2229eaca7bb5c457bab6f5eea90321,REVIEW,REVIEW,NO_GOOD_TEMPLATE,False
nstxuE204669M03t025/N8/egn08w.2270E+02,good,30ba13a1cf0999ef00db9712a3e15be21cb475d88dfdcf053325e485f08e73b3,REVIEW,REVIEW,NO_GOOD_TEMPLATE,False
nstxuE204669M03t025/N8/egn08w.2505E+02,bad,8ba132a0367fef8589f7dffee555f0168eb6cf9086a5fdcf4d6a17cb2d0ffeab,BAD,BAD,BAD_CONT_CROSS_WINDOW,False
nstxuE204669M03t025/N8/egn08w.3282E+02,bad,2bef70e2c2947936b5dbf8ce8a8af07b9f7712d09feea9f86d7ad4190c2d0a6c,BAD,BAD,BAD_AXIS_SPIKE,False
nstxuE204669M03t025/N8/egn08w.6607E+01,bad,fe70e73821353d7049badeb102454ccda25d9848d8def916d0fc2da02bb78da4,BAD,BAD,BAD_GRID_SCALE_SPIKE,False
nstxuE204669M03t025/N8/egn08w.7796E+01,good,d89b9ca89c9819f9e367a531d64aac2b0d1f65e5adcee302c743280426a3e61c,REVIEW,REVIEW,NO_GOOD_TEMPLATE,False
nstxuE204669M03t025/N8/egn08w.7876E+01,good,bb29155441d662a3dc62d513563cfb1adff68aa3cf02c34180e36505e76cab3f,REVIEW,REVIEW,NO_GOOD_TEMPLATE,False
nstxuE204669M03t025/N8/egn08w.8079E+01,good,c7a2d1de2c04550b08c9ee4a51bd981aec92199758af8b915111524f0a2c1810,REVIEW,REVIEW,NO_GOOD_TEMPLATE,False
nstxuE204669M03t025/N8/egn08w.8444E+01,good,f9f3456f052974c143384b81fdfb2392407812edde54e309dd38627ba7fc567b,REVIEW,REVIEW,NO_GOOD_TEMPLATE,False
nstxuE204669M03t025/N8/egn08w.8534E+01,good,26d4585959df3adde597ecb07607000978c8d093819c27ea2f9bb0f249dabba7,REVIEW,REVIEW,NO_GOOD_TEMPLATE,False
nstxuE204669M03t025/N8/egn08w.8959E+01,good,6c581d75511a78bb7953917c128101852207991788a3d9bf6cd99342aa0002e4,REVIEW,REVIEW,NO_GOOD_TEMPLATE,False
nstxuE204669M03t025/N8/egn08w.9359E+01,good,4bf5ecf629d24248e4c7c8498db708482535421e9ce906d853985af29665be45,REVIEW,REVIEW,NO_GOOD_TEMPLATE,False
nstxuE204669M03t025/N8/egn08w.9673E+01,good,a6dca829a5813a2534b1c7a8c3b47b703ad37e07f447862520678e37fcb13e92,BAD,BAD,BAD_CONT_CROSS_WINDOW,False
nstxuE204669M03t025/N9/egn09w.1159E+02,good,714d1d4f4f49f82056ebed38c05d1c39648474192c5782f8365257a95f5cca8c,REVIEW,REVIEW,NO_GOOD_TEMPLATE,False
nstxuE204669M03t025/N9/egn09w.1260E+02,good,dc88a2d57adfd51da8c11f68ffc1df0cb20e4d3dc68097384f124ea68159f97d,REVIEW,REVIEW,NO_GOOD_TEMPLATE,False
nstxuE204669M03t025/N9/egn09w.1540E+02,good,6c45914e80e2889974c0e6a276c9d1bf30663ab45f8d9a35b9bcfc81e47477fa,REVIEW,REVIEW,NO_GOOD_TEMPLATE,False
nstxuE204669M03t025/N9/egn09w.2214E+02,good,40a6341fa38d1e6a72816730ad930de5fbc800467e4c5d5a0aee01999f426b04,REVIEW,REVIEW,NO_GOOD_TEMPLATE,False
nstxuE204669M03t025/N9/egn09w.2446E+02,bad,38207aa3f3794300f6dae6308d9979e6e35b10afd76edcbe92328406f95715a4,BAD,BAD,BAD_CONT_CROSS_WINDOW,False
nstxuE204669M03t025/N9/egn09w.3101E+01,bad,048e80b7f63df28c9d569b58026bdaa57d9ff06f63cd4d5a08245234f5f86f8b,BAD,BAD,BAD_AXIS_SPIKE,False
nstxuE204669M03t025/N9/egn09w.3261E+02,bad,71fc1ffe82ec3c80617672e63dd3b8dc961c24cf40e7d6892d265b6f50695c13,BAD,BAD,BAD_AXIS_SPIKE,False
nstxuE204669M03t025/N9/egn09w.3299E+01,bad,b6cf8d6dbaff2bc2e7aed9b6b863b61ab68a868b46312748d515962340508f8f,BAD,BAD,BAD_AXIS_SPIKE,False
nstxuE204669M03t025/N9/egn09w.3319E+01,bad,9c4836a3067ed2bc207d3e9a64966cea3813ff51e1e38f596af3077d6ac11b9b,BAD,BAD,BAD_AXIS_SPIKE,False
nstxuE204669M03t025/N9/egn09w.3359E+02,bad,488aec62253efc7adb0177eedda7bdfc4ee7161a35bcd517632bc5b2dfd53ff1,BAD,BAD,BAD_AXIS_SPIKE,False
nstxuE204669M03t025/N9/egn09w.3513E+01,bad,fd0450ec4097707f71c80f03543e461e01d4974dac30e7341664697cfce7cfb1,BAD,BAD,BAD_AXIS_SPIKE,False
nstxuE204669M03t025/N9/egn09w.3799E+01,bad,4ccc6d4d989fcf027abf5aabd6bf5679cdfca5ad358bec79cfb6a0b1edcdc8c6,BAD,BAD,BAD_AXIS_SPIKE,False
nstxuE204669M03t025/N9/egn09w.4599E+01,bad,6508bd072462e7bdebade27bb559a1e808640f6c5bdabb33569c0376f0390451,BAD,BAD,BAD_AXIS_SPIKE,False
nstxuE204669M03t025/N9/egn09w.5601E+01,bad,4a3a76b7120fc2707df02e2349fff7f6c710d7c866d8e65f8152146e17364ccf,BAD,BAD,BAD_AXIS_SPIKE,False
nstxuE204669M03t025/N9/egn09w.6642E+01,bad,c1fab4ee8c0508a8bb6ca71bb5e7138720bcf75d537dc8533204dece5e0f7192,BAD,BAD,BAD_GRID_SCALE_SPIKE,False
nstxuE204669M03t025/N9/egn09w.6690E+01,bad,e0a44685ce13f1a39376d8c4c0d544ae4170182e9c36e16d4f5f2cb22fc47c09,BAD,BAD,BAD_GRID_SCALE_SPIKE,False
nstxuE204669M03t025/N9/egn09w.6820E+01,bad,21b898a381f577912b55615c02d8658e0b4d375a41c8873725a17fa06bd40ef6,BAD,BAD,BAD_AXIS_SPIKE,False
nstxuE204669M03t025/N9/egn09w.6853E+01,bad,6e48026b2fbd8d6a8ed92162740c199b0d624433265be2c1afd6aca959bb5373,BAD,BAD,BAD_AXIS_SPIKE,False
nstxuE204669M03t025/N9/egn09w.7015E+01,good,1a2c645f7152eb73ba4b84acff88ee04065e98c09f2af1e517f60835462e8b6c,REVIEW,REVIEW,NO_GOOD_TEMPLATE,False
nstxuE204669M03t025/N9/egn09w.7093E+01,good,16676adc873a4bf075ecfc13cb168a49b8dca67c805097797849206b8fee5d90,REVIEW,REVIEW,NO_GOOD_TEMPLATE,False
nstxuE204669M03t025/N9/egn09w.7310E+01,good,7046c1e144ef0a25de3885560372f67cfbde2bd2604ba2726bac8f983e679f66,REVIEW,REVIEW,NO_GOOD_TEMPLATE,False
nstxuE204669M03t025/N9/egn09w.7326E+01,bad,4ff367a94c2563f066902663705b978e861b9721a29cc6a6d2f415f8b0ef3ba7,BAD,BAD,BAD_AXIS_SPIKE,False
nstxuE204669M03t025/N9/egn09w.7411E+01,good,33775f90463e1d8da85a37b64e4f21b09e895696bd4a90e618a6f09177203dea,REVIEW,REVIEW,NO_GOOD_TEMPLATE,False
nstxuE204669M03t025/N9/egn09w.7448E+01,bad,a2302e350e2f672de57271505ab33b249ee1027ae921d8782135e98dce1187fe,BAD,BAD,BAD_AXIS_SPIKE,False
nstxuE204669M03t025/N9/egn09w.7539E+01,bad,eeb81e31dee2e21e770b1421717a2f4b6fd0204b180875e139c40ad9c68d311b,BAD,BAD,BAD_NEAR_AXIS_GRID_OSCILLATION,False
nstxuE204669M03t025/N9/egn09w.7725E+01,good,fcee3067110a9acf14193637f33874147c4b4b9c9d90e374d89b6b9c5d59c503,REVIEW,REVIEW,NO_GOOD_TEMPLATE,False
nstxuE204669M03t025/N9/egn09w.7944E+01,good,3ffab834d51ec03e957663dcde25ab2b369c1d5990094ce998f5a4fca155c784,REVIEW,REVIEW,NO_GOOD_TEMPLATE,False
nstxuE204669M03t025/N9/egn09w.8162E+01,good,25dd9d4f6cfa970c7b6fff1c2e0c424a84c9194a9e5716e510ca4a0c932130bf,REVIEW,REVIEW,NO_GOOD_TEMPLATE,False
nstxuE204669M03t025/N9/egn09w.8312E+01,bad,58f10090c529565f3bbe862fd15c8207e46fb862ec07b377e3e858bb8594f9ec,BAD,BAD,BAD_AXIS_SPIKE,False
nstxuE204669M03t025/N9/egn09w.8627E+01,good,81868e1fff62d2210cd370ec66dc3f019e971dfd7b9bf858b3c45862cf55674a,REVIEW,REVIEW,NO_GOOD_TEMPLATE,False
nstxuE204669M03t025/N9/egn09w.8919E+01,good,b552bcdfb3a849f949d4634f8fd1c185322dfb0c22dc245ba50bcb64ea82fd12,REVIEW,REVIEW,NO_GOOD_TEMPLATE,False
nstxuE204669M03t025/N9/egn09w.9132E+01,good,702fd95b23947562fff6e9c4df64bcbb53d0018c163607461786495a77b46254,REVIEW,REVIEW,NO_GOOD_TEMPLATE,False
nstxuE204669M03t025/N9/egn09w.9372E+01,bad,e66f7be7326a9482e858e6feed26f6a137315bfcddc2f9fa4cf4dc6f7147b78f,BAD,BAD,BAD_AXIS_SPIKE,False
nstxuE204669M03t025/N9/egn09w.9803E+01,good,dd9b4590d51e8b37384a444b808eb4414e82a88cd17910c728d3ce1a7fee9391,REVIEW,REVIEW,NO_GOOD_TEMPLATE,False
nstxuE205052A01t022/N1/egn01w.1028E+02,bad,e2f1a241f39fb1952b84437b642f3fa689ccce269268fd6cd44866925838ebda,BAD,BAD,BAD_AXIS_SPIKE,False
nstxuE205052A01t022/N1/egn01w.1125E+02,bad,12d907ece4bfdbf06bd43b10407adc4a91677fcdb3bc22d45920b3d79ee1e839,BAD,BAD,BAD_AXIS_SPIKE,False
nstxuE205052A01t022/N1/egn01w.1154E+02,bad,d47e9e4ae44309441215d1692ac2d4001f1aeb5a8fe9768301bcf0ddd46faaa8,BAD,BAD,BAD_AXIS_SPIKE,False
nstxuE205052A01t022/N1/egn01w.1164E+02,bad,713c79e5c0fdbfee6da367d437104f00854b264781e326fe5efa1b33ee659311,BAD,BAD,BAD_AXIS_SPIKE,False
nstxuE205052A01t022/N1/egn01w.1174E+02,bad,da35ea89b582d0640f167111c5ee314189b67a9f55953cc68fd71ea12402a146,BAD,BAD,BAD_AXIS_SPIKE,False
nstxuE205052A01t022/N1/egn01w.1185E+02,bad,c527bc899720175bca8049b6600f2fdd80b740cedabed88b37670c641167099e,BAD,BAD,BAD_AXIS_SPIKE,False
nstxuE205052A01t022/N1/egn01w.1194E+02,bad,7d19ef68f7109d183b4104da25d71bb35943d02d0efd5cdfcd14684ed79e0378,BAD,BAD,BAD_AXIS_SPIKE,False
nstxuE205052A01t022/N1/egn01w.1196E+02,bad,d95f0b6671c304f15179d9822d22df89d68085258c473f5201fd5aadd33fbf7e,BAD,BAD,BAD_AXIS_SPIKE,False
nstxuE205052A01t022/N1/egn01w.1209E+02,bad,4a6e6e3ad488386eec27b7f195b54ad28e9e6076a377d3cbed8c2f6c9630b68e,BAD,BAD,BAD_AXIS_SPIKE,False
nstxuE205052A01t022/N1/egn01w.1222E+02,bad,1ee82450bd601f8f9dd11f1538c43819ecdb1b1cb187ac47d80fb18a29523d3f,BAD,BAD,BAD_AXIS_SPIKE,False
nstxuE205052A01t022/N1/egn01w.1235E+02,bad,d9a81f6a20990244f835183d8e49f067218ff6f4072f25950fbd9afabe424af9,BAD,BAD,BAD_AXIS_SPIKE,False
nstxuE205052A01t022/N1/egn01w.1249E+02,bad,011308e5d1cf7ba90db5662cc67786208ec243fa4829ebb0df0e9d380e7fb5f3,BAD,BAD,BAD_AXIS_SPIKE,False
nstxuE205052A01t022/N1/egn01w.1264E+02,bad,23aa5a038e772bd16b3d072a2252f79a87717e58df74aec2544cd0a69e0686f2,BAD,BAD,BAD_AXIS_SPIKE,False
nstxuE205052A01t022/N1/egn01w.1280E+02,bad,b442742bfdce7aff3ac404575505c2a2410c6a6db222e45d09b1823db4730e1d,BAD,BAD,BAD_AXIS_SPIKE,False
nstxuE205052A01t022/N1/egn01w.1296E+02,bad,042047fd7f37200072eadea9bff343096c84211a69e83a4adad0f03de507875f,BAD,BAD,BAD_AXIS_SPIKE,False
nstxuE205052A01t022/N1/egn01w.1313E+02,bad,7d835b05b0a65ab5f24095cec8880cffd828a3c4df8b6e5b0d06f8302e8946ca,BAD,BAD,BAD_AXIS_SPIKE,False
nstxuE205052A01t022/N1/egn01w.1330E+02,bad,f95b19995b06354109b486e7368cf3a44990b093781ddfd6d1c459eb924fff22,BAD,BAD,BAD_AXIS_SPIKE,False
nstxuE205052A01t022/N1/egn01w.1349E+02,bad,236a5c8e64c11de89cf85c3189d48c5aefebc0c3cff6a90a3577b2759637b2b3,BAD,BAD,BAD_AXIS_SPIKE,False
nstxuE205052A01t022/N1/egn01w.1367E+02,bad,8914adbc36742c9118ed139aa248a0bd44c241d188316cb528e892c633a884eb,BAD,BAD,BAD_AXIS_SPIKE,False
nstxuE205052A01t022/N1/egn01w.1387E+02,bad,8aadc6b964c1a314974ba561fee7b1ada7d0d97a5e3a48b1c97e86ce0fc2e8f2,BAD,BAD,BAD_AXIS_SPIKE,False
nstxuE205052A01t022/N1/egn01w.1407E+02,bad,ae998792c33661eb4a3a8a91c2ba651170a465b2feb2cb5b5e232ec9269e1ea3,BAD,BAD,BAD_AXIS_SPIKE,False
nstxuE205052A01t022/N1/egn01w.1427E+02,bad,01455fd36f3ead1cd44471427dcb981d8fdb06d84aceb5147665044db53d9ed7,BAD,BAD,BAD_AXIS_SPIKE,False
nstxuE205052A01t022/N1/egn01w.1448E+02,bad,18b1b890105de33eec183abde4c6f086e20c89e7ff2a96aa796d5e4feeed8141,BAD,BAD,BAD_AXIS_SPIKE,False
nstxuE205052A01t022/N1/egn01w.1470E+02,bad,26fdcfe115c5eb3a994ec190928d7eb4b2c7eff0a6130ecec9033f000a9144a5,BAD,BAD,BAD_AXIS_SPIKE,False
nstxuE205052A01t022/N1/egn01w.1492E+02,bad,236c13cdd47165d30f703eedbd26b5cf342fb8135a1e043ca01bc772ec5aa8c3,BAD,BAD,BAD_AXIS_SPIKE,False
nstxuE205052A01t022/N1/egn01w.1625E+02,bad,ae4f9efe26fa7400119935fcd9ea14c4c78803f6e7f9455ab23c3804ac89257b,BAD,BAD,BAD_AXIS_SPIKE,False
nstxuE205052A01t022/N1/egn01w.1652E+02,bad,bbbb54925ac5d4bd5676e061a8c0e48ab074c7915654dc2d4e81e4525aeb04d1,BAD,BAD,BAD_AXIS_SPIKE,False
nstxuE205052A01t022/N1/egn01w.1677E+02,bad,b33c5808ffda5567cf3b1d3087ea55b736fd6f87dcce528fe301a449ab97974f,BAD,BAD,BAD_AXIS_SPIKE,False
nstxuE205052A01t022/N1/egn01w.1703E+02,bad,22ece3fc70ae8f3f607ef4512e1bf861970a3a312312ee5e002a14a9c810975b,BAD,BAD,BAD_AXIS_SPIKE,False
nstxuE205052A01t022/N1/egn01w.1729E+02,bad,cdfb721cd551c3adb89f55d67456d6332a20bb4f2a64f6551db7def16f7d6277,BAD,BAD,BAD_AXIS_SPIKE,False
nstxuE205052A01t022/N1/egn01w.1754E+02,bad,e9f01d390a6028af12750fdf7ce471f1ec0ad435cac7fbf97895a80451c705f0,BAD,BAD,BAD_AXIS_SPIKE,False
nstxuE205052A01t022/N1/egn01w.1780E+02,bad,dc4ba4749b17a36ff0f8b95da2dd3ea53db632606cb634c04b26b14a3d83a76d,BAD,BAD,BAD_AXIS_SPIKE,False
nstxuE205052A01t022/N1/egn01w.9546E+01,bad,1780783fca4c31b564018901b3b9a6f3ad196fd722bb9c6aadcac0fc31b2da96,BAD,BAD,BAD_AXIS_SPIKE,False
nstxuE205052A01t022/N1/egn01w.9878E+01,bad,667f8d57609c5f352d6738d473d4265eee046924737bc31845ec491ffc488e22,BAD,BAD,BAD_AXIS_SPIKE,False
nstxuE205052A01t022/N10/egn10w.1023E+02,good,7ff54771154b4205f81ccdff07730d7385a19156dabb181b920eb8877306f2b5,REVIEW,REVIEW,NO_GOOD_TEMPLATE,False
nstxuE205052A01t022/N10/egn10w.1030E+02,good,b22cdbe8f2290e2c79c20c478dc19aa5c32d89e3328308bd5782014bc6938a44,REVIEW,REVIEW,NO_GOOD_TEMPLATE,False
nstxuE205052A01t022/N10/egn10w.1081E+02,good,45dd149902c01cd5ff81d9c196e55b04c7c12744cc29b391e1ea92bc3c30780e,REVIEW,REVIEW,NO_GOOD_TEMPLATE,False
nstxuE205052A01t022/N10/egn10w.1086E+02,good,9dc3db4444b9fcd62115f17f19d6c9c8a1e6a6a1bd9043779f407b21df34b542,REVIEW,REVIEW,NO_GOOD_TEMPLATE,False
nstxuE205052A01t022/N10/egn10w.1141E+02,good,3ddcf12025e13eb6c4fa260e5ff964396c137fe17a9dbbd10b4cb64bdb701d60,REVIEW,REVIEW,NO_GOOD_TEMPLATE,False
nstxuE205052A01t022/N10/egn10w.1176E+02,good,49955c5288b41745746fbc9864ad6b55b40cfb51920dae1f089ac2ea8809207d,REVIEW,REVIEW,NO_GOOD_TEMPLATE,False
nstxuE205052A01t022/N10/egn10w.1239E+02,good,036e4045c0a36aef51c588b15d0bbd1e869dc42bce853c32487f2ea134502739,REVIEW,REVIEW,NO_GOOD_TEMPLATE,False
nstxuE205052A01t022/N10/egn10w.1322E+02,good,7e789695ec4296e39acf995b30ffb3bd31e2919b0ffac03f0dbec99ee0d14804,REVIEW,REVIEW,NO_GOOD_TEMPLATE,False
nstxuE205052A01t022/N10/egn10w.1454E+02,good,ef42e32068b10672bdcace66fc66acb6c1a7b11447cd811daf67160d73853458,REVIEW,REVIEW,NO_GOOD_TEMPLATE,False
nstxuE205052A01t022/N10/egn10w.1536E+02,good,53d655798b05b5852aea0344c784753ae5ee8fe85b015f48305f6b2e04509fce,REVIEW,REVIEW,NO_GOOD_TEMPLATE,False
nstxuE205052A01t022/N10/egn10w.1631E+02,good,a18277d7a156ed2091639ed017cc877e2b10d4db51766890946ee820e93aebd2,REVIEW,REVIEW,NO_GOOD_TEMPLATE,False
nstxuE205052A01t022/N10/egn10w.1720E+02,bad,93968db55d8e30694ac9bf7354ba38690a6f34a7d9fbd5d39b76322989bcac5d,BAD,BAD,BAD_CONT_CROSS_WINDOW,False
nstxuE205052A01t022/N10/egn10w.1801E+02,bad,f0011c066959536177f02a4fd4d5b52d6d779e89a778248f59a3e49a419d436c,BAD,BAD,BAD_CONT_CROSS_WINDOW,False
nstxuE205052A01t022/N10/egn10w.1937E+02,bad,0d3c6731ffb5879a37402a9f454903ee61b3dfe5b45b6afaee81c7ee2ed9ccaa,BAD,BAD,BAD_CONT_CROSS_WINDOW,False
nstxuE205052A01t022/N10/egn10w.2281E+02,bad,1a700caa4f1d6246066cd5f35c39847db35f2330e86bf6f2aed0271b2489be60,BAD,BAD,BAD_GRID_SCALE_SPIKE,False
nstxuE205052A01t022/N10/egn10w.5539E+01,bad,6255cd0196715cda7bc6b93f5bd0fb48f6fc02f9c1917963fb342e3191e1b135,BAD,BAD,BAD_GRID_SCALE_PACKET,False
nstxuE205052A01t022/N10/egn10w.6248E+01,bad,ecc56456f7b93db2babcad8b0c2b5bb45ff3c500e611429954db64fc8561fb33,BAD,BAD,BAD_GRID_SCALE_PACKET,False
nstxuE205052A01t022/N10/egn10w.6473E+01,bad,88ec54cfc2e173e25381a9c1f3dd446165b3464fbb1a738fefc3d429b3aaa5e0,BAD,BAD,BAD_CONT_CROSS_WINDOW,False
nstxuE205052A01t022/N10/egn10w.6685E+01,bad,a409a1ecf820c8e5cca296c069c7061faf640a09b4401ca43f919bc03ae39aa4,BAD,BAD,BAD_CONT_CROSS_WINDOW,False
nstxuE205052A01t022/N10/egn10w.6926E+01,bad,ed433e95bc3b0ee68d752d90b902aaf353b5f418dd2698a2f792f7f6ab5ed4d1,BAD,BAD,BAD_CONT_CROSS_WINDOW,False
nstxuE205052A01t022/N10/egn10w.6997E+01,bad,a95807dd9226fac42815baf9ca08401209353f3b67cbb1c078c71482a5a7f983,BAD,BAD,BAD_CONT_CROSS_WINDOW,False
nstxuE205052A01t022/N10/egn10w.7076E+01,bad,a412427a18bcece903658cfa346e327474ccc9e9fcac5e5d04b06d41f8532f9a,BAD,BAD,BAD_CONT_CROSS_WINDOW,False
nstxuE205052A01t022/N10/egn10w.7276E+01,bad,cb92af07dc163c9ad5379ea926f0ef685cc2d7e2d1b426efa80c5519f4305dd0,REVIEW,REVIEW,NO_GOOD_TEMPLATE,False
nstxuE205052A01t022/N10/egn10w.7492E+01,bad,c93e80b02821c753356e545bd3cefd8bc7e2220496dda1e52eecf96dc96df494,BAD,BAD,BAD_CONT_CROSS_WINDOW,False
nstxuE205052A01t022/N10/egn10w.7536E+01,bad,1aa0aed236d64da844431d40de77af847206ac045de3970e039e75ef88eecdc0,BAD,BAD,BAD_GRID_SCALE_PACKET,False
nstxuE205052A01t022/N10/egn10w.7687E+01,bad,e993276817189a350ca3e3ecc9f0527bdfca99e83119111e693c669ebbd4325d,BAD,BAD,BAD_CONT_CROSS_WINDOW,False
nstxuE205052A01t022/N10/egn10w.7753E+01,bad,109638ea65a47661b94c4b81f878c45fb7e8d65d4dd5dd8991c1926873abe29a,BAD,BAD,BAD_CONT_CROSS_WINDOW,False
nstxuE205052A01t022/N10/egn10w.7806E+01,bad,e2baa97bf7b7a6c476d20678f8f55bcdbdc82208e5196463a79bf25194a527c4,BAD,BAD,BAD_CONT_CROSS_WINDOW,False
nstxuE205052A01t022/N10/egn10w.7920E+01,bad,6bf640fb174f30b4cd36b6e6fc8dd3b94d5fd18aa1e6e55027b3bd0a2487278b,BAD,BAD,BAD_GRID_SCALE_PACKET,False
nstxuE205052A01t022/N10/egn10w.8025E+01,bad,db2e23686231396c4f0e65004052649de0b280e98aad3f2ece0f278bbed52085,BAD,BAD,BAD_AXIS_SPIKE,False
nstxuE205052A01t022/N10/egn10w.8119E+01,bad,30d4eb1ae385352fad758d4347be213959ead9ca1e53aee787f2e4a58d3d760b,BAD,BAD,BAD_GRID_SCALE_SPIKE,False
nstxuE205052A01t022/N10/egn10w.8303E+01,bad,f701311042cf7d70cf4b6d0be60582098be8c8fe2638df7ba8090554dacd2a3c,BAD,BAD,BAD_GRID_SCALE_SPIKE,False
nstxuE205052A01t022/N10/egn10w.8394E+01,bad,1e0361828a090ed50ce46959de4aadaa9276139d4a76c934f6defa577dc771aa,BAD,BAD,BAD_GRID_SCALE_SPIKE,False
nstxuE205052A01t022/N10/egn10w.8479E+01,bad,b766115c91ad48600d04ed358cab395487dc0ff3f65ed1489d96fcee28fca793,BAD,BAD,BAD_GRID_SCALE_PACKET,False
nstxuE205052A01t022/N10/egn10w.8554E+01,good,c188914f1908b9be214785332b65c6710ee8301d041e4fd7eb3d5bfa7acb7a81,REVIEW,REVIEW,NO_GOOD_TEMPLATE,False
nstxuE205052A01t022/N10/egn10w.8816E+01,bad,9f2457e5e2d25d985a9912685b46f5188fe779e02a1fbacec70527d2d1b5c0bc,BAD,BAD,BAD_GRID_SCALE_SPIKE,False
nstxuE205052A01t022/N10/egn10w.9110E+01,good,4b1850aeb501f4b7aa447a63e5de91c42aa226792f79b5abb448cab27ef3a0b9,REVIEW,REVIEW,NO_GOOD_TEMPLATE,False
nstxuE205052A01t022/N10/egn10w.9412E+01,bad,fd8178422896c11ce3623fab730fbed253e48a0cda4dc6d25a5da0a2286276fd,BAD,BAD,BAD_CONT_CROSS_WINDOW,False
nstxuE205052A01t022/N10/egn10w.9457E+01,bad,391d7aa1ab33eef73bb9a8a0abcf7d3c9d7baa733fa54cf2bfabff771e9ef5f3,BAD,BAD,BAD_AXIS_SPIKE,False
nstxuE205052A01t022/N10/egn10w.9537E+01,good,4151f17a073e326d14e05ce5b5c0afcdf0c5d3ecc261d789fbea334cbbb4bbbe,REVIEW,REVIEW,NO_GOOD_TEMPLATE,False
nstxuE205052A01t022/N10/egn10w.9621E+01,bad,c26faffba92171841d8dde3ca8a5eacdea48347d686997eb97bdb9e5941c4fb4,BAD,BAD,BAD_CONT_CROSS_WINDOW,False
nstxuE205052A01t022/N10/egn10w.9643E+01,bad,243216d6e6b5d4e025e6d49c9263ad04b3a1f3fca9e5ba280f437c16c785fad5,BAD,BAD,BAD_AXIS_SPIKE,False
nstxuE205052A01t022/N10/egn10w.9887E+01,bad,92bc21b8571e02951dce17b3b4fbb180c7dd25130b4b1eb9d1640d2f42bb3d7a,BAD,BAD,BAD_AXIS_SPIKE,False
nstxuE205052A01t022/N2/egn02w.1014E+02,bad,0f95fe88d45faacebd12b45b4832392c91b6c3356be4a60e25856aff50108f3b,BAD,BAD,BAD_AXIS_SPIKE,False
nstxuE205052A01t022/N2/egn02w.1033E+02,bad,a6048e646d293b22a68d5bb32b36d25f8bc398417c4c99e639605601e21841ac,BAD,BAD,BAD_AXIS_SPIKE,False
nstxuE205052A01t022/N2/egn02w.1133E+02,bad,81e2b9522211523b3f2890b1467d2014ea0c9fde430e602c7e0a6aac3f94c7f5,BAD,BAD,BAD_AXIS_SPIKE,False
nstxuE205052A01t022/N2/egn02w.1317E+02,bad,ba014ec5caa2dabcec1f428a0adf99812889fef61a4fee954287d704725c93ba,BAD,BAD,BAD_AXIS_SPIKE,False
nstxuE205052A01t022/N2/egn02w.1326E+02,bad,aab29a9d309f02e4d2b270fc28da5458f3fcdfc7316dac6c8156104971f5b591,BAD,BAD,BAD_AXIS_SPIKE,False
nstxuE205052A01t022/N2/egn02w.1336E+02,bad,5eebebe55ddd84777e408a0f584e9dad1917d4382bf7999f725eac0af8969b03,BAD,BAD,BAD_AXIS_SPIKE,False
nstxuE205052A01t022/N2/egn02w.1344E+02,bad,931aa2804934faa59b733ff5b5d03af09395422614460e8cc48202cfe71bf3cd,BAD,BAD,BAD_AXIS_SPIKE,False
nstxuE205052A01t022/N2/egn02w.1352E+02,bad,c1df9ff864d33d22d33094db7308224a5ba589cbb9090473c71c74f5a4ed15ec,BAD,BAD,BAD_AXIS_SPIKE,False
nstxuE205052A01t022/N2/egn02w.1964E+02,bad,9be85e37d53efaa9deec83755460f28db0a3ad41f97bb67d89f1c36ea53ee033,BAD,BAD,BAD_GRID_SCALE_SPIKE,False
nstxuE205052A01t022/N2/egn02w.1994E+02,bad,7e735c50c3a42551ed979b835bc28055bef7b689ba7429c09adeec448445d4b3,BAD,BAD,BAD_GRID_SCALE_SPIKE,False
nstxuE205052A01t022/N2/egn02w.2025E+02,bad,b339773e0aedf723afea2a51fcd8dad8024544167205bf4d87d58afbf15d3070,BAD,BAD,BAD_GRID_SCALE_SPIKE,False
nstxuE205052A01t022/N2/egn02w.2175E+02,bad,9e21c8a0298ba3309dc142ab3584efaa8607bcf816812a49f368c28497ee9ac5,BAD,BAD,BAD_GRID_SCALE_SPIKE,False
nstxuE205052A01t022/N2/egn02w.2309E+02,bad,58ba3bed4f54349c0f408a12703fc3d9ca1d790263cad2eff9993b92e5ac81da,BAD,BAD,BAD_GRID_SCALE_SPIKE,False
nstxuE205052A01t022/N2/egn02w.2464E+02,bad,23697afb6f397a89e0c4ed4feb367e5ed940ef11a8070566084cde11631ed6b4,BAD,BAD,BAD_GRID_SCALE_SPIKE,False
nstxuE205052A01t022/N2/egn02w.8524E+01,bad,a467db63fc29f45e3811f04b2cd18574b7ad077370eccb762e99bec74adb0fa6,BAD,BAD,BAD_AXIS_SPIKE,False
nstxuE205052A01t022/N2/egn02w.8620E+01,bad,875665e12ce6f46c9a2b507202ecd3d47c2b0e07400f5c29fe30f68b70fa7191,BAD,BAD,BAD_AXIS_SPIKE,False
nstxuE205052A01t022/N2/egn02w.8671E+01,bad,e44a678a776054192e3c1bde68090d723095c5b23585896658850639e4f3c5f1,BAD,BAD,BAD_AXIS_SPIKE,False
nstxuE205052A01t022/N2/egn02w.8697E+01,bad,ba3762a474da1c3de33a419d8a1131cb84b586c3c5a5009a3c2b2ff259b3847c,BAD,BAD,BAD_AXIS_SPIKE,False
nstxuE205052A01t022/N2/egn02w.8751E+01,bad,b92104a8d7d2c92c8d6ba29eea8cb5ebc6039f6744b63f6d246524537cf64f95,BAD,BAD,BAD_AXIS_SPIKE,False
nstxuE205052A01t022/N2/egn02w.8805E+01,bad,618a8c626611ce176804dab66eb3aba3ed52fba003dffdcba4583ab6a338bb8d,BAD,BAD,BAD_AXIS_SPIKE,False
nstxuE205052A01t022/N2/egn02w.8884E+01,bad,5ddda217e600a7704ec65fe50ae7a5c7374effe611795e7bd784392f6f0e9314,BAD,BAD,BAD_AXIS_SPIKE,False
nstxuE205052A01t022/N2/egn02w.9108E+01,bad,bf06f2a7e42a7633f9b8f48db049c14f89f122f3f6b0da142d6c7b035476560c,BAD,BAD,BAD_AXIS_SPIKE,False
nstxuE205052A01t022/N2/egn02w.9240E+01,bad,7c804056fd0dbad430b834184ff4fc6fe1e90b8c5ff29bd5b62d3f919e77c1a0,BAD,BAD,BAD_AXIS_SPIKE,False
nstxuE205052A01t022/N2/egn02w.9495E+01,bad,eed2374e7d801d3012bb4b6cb8724bef2587cb261fe25573194cb8aeba9326b2,BAD,BAD,BAD_AXIS_SPIKE,False
nstxuE205052A01t022/N2/egn02w.9679E+01,bad,3ab44e18521d425b0669d0b0174faa43a98225acfde5302416b5a7c1ebf5242e,BAD,BAD,BAD_AXIS_SPIKE,False
nstxuE205052A01t022/N3/egn03w.1074E+02,good,f2c8d4d1b2326ad6b3b0f0acf7edfcab212cf992ce2520ab89a179eebf50857a,REVIEW,REVIEW,NO_GOOD_TEMPLATE,False
nstxuE205052A01t022/N3/egn03w.1083E+02,bad,69aeef704c13da50c60c7ff260be8b891e167e229956090bc3223bbfe3572de0,BAD,BAD,BAD_AXIS_SPIKE,False
nstxuE205052A01t022/N3/egn03w.1109E+02,good,8c5023faac20ea67a9d685f5bab310b79a734f9b4e12e61f4ebcb4f69f6392af,REVIEW,REVIEW,NO_GOOD_TEMPLATE,False
nstxuE205052A01t022/N3/egn03w.1204E+02,bad,d95a8da6fd3915f0fa39a825040abcff0ea7860b3608df94d833f91318a64059,BAD,BAD,BAD_AXIS_SPIKE,False
nstxuE205052A01t022/N3/egn03w.1233E+02,bad,8c1794a6f66636014836919b29c2b2ff8e09a7a9fadc983287c16bf107e7b06d,BAD,BAD,BAD_AXIS_SPIKE,False
nstxuE205052A01t022/N3/egn03w.1237E+02,bad,adb91268dc48bddec475f6861757760fe337e9b01aa71bbeeeb0d60418688028,BAD,BAD,BAD_AXIS_SPIKE,False
nstxuE205052A01t022/N3/egn03w.1304E+02,bad,0895056942942af98af559a5ea0719eb046a68fb3b270771d8427e04453de792,BAD,BAD,BAD_AXIS_SPIKE,False
nstxuE205052A01t022/N3/egn03w.1315E+02,bad,e3d3791aa15193e80126cbc0413694f69c7d04e70d93897ff1e64b0bab0aafd3,BAD,BAD,BAD_AXIS_SPIKE,False
nstxuE205052A01t022/N3/egn03w.1323E+02,bad,cd1da5a0d51bfaf54c55ea46b7889a6650502ac1cdbe09cfa71c72b7c0ee5957,BAD,BAD,BAD_AXIS_SPIKE,False
nstxuE205052A01t022/N3/egn03w.1329E+02,bad,cbb67c9f5c4f4520eb2f31cec6f3b67bd590a668996bc40917fac8eb81c5d8f2,BAD,BAD,BAD_AXIS_SPIKE,False
nstxuE205052A01t022/N3/egn03w.1357E+02,bad,3e45c54efd657838f3174de94dbf078725f28703111b22d2d07a361d06715533,BAD,BAD,BAD_AXIS_SPIKE,False
nstxuE205052A01t022/N3/egn03w.6129E+01,bad,11250d0b6484f618e3c9a34c89a1aa043b92516846ea19457ec7816a8b9ae746,BAD,BAD,BAD_CONT_CROSS_WINDOW,False
nstxuE205052A01t022/N3/egn03w.6210E+01,bad,5328fd7c23aaf0473d2133f480ff1113258d2fc96e4036620ff18d2113f2d996,BAD,BAD,BAD_AXIS_SPIKE,False
nstxuE205052A01t022/N3/egn03w.8239E+01,bad,e3cfc5c5ab8df92bf2b20f0aaf75a905b065a3a458d32b204ceb075052387243,BAD,BAD,BAD_GRID_SCALE_SPIKE,False
nstxuE205052A01t022/N3/egn03w.8396E+01,bad,e0c9086f3dfccad10325348bdc3c5ffd342c0259d638ae9e2155ec5036ea6ce8,BAD,BAD,BAD_AXIS_SPIKE,False
nstxuE205052A01t022/N3/egn03w.8435E+01,bad,3766d4a65c3d84b78f7222475d3eab7ff21d86446150d3f5f1a10447b90859b0,BAD,BAD,BAD_AXIS_SPIKE,False
nstxuE205052A01t022/N3/egn03w.8484E+01,bad,577a0861dcada9e690f36c60527ad678359358912bd512249aa18389c1ab9fdd,BAD,BAD,BAD_AXIS_SPIKE,False
nstxuE205052A01t022/N3/egn03w.8535E+01,bad,ce44e00a2bde6b52c87e69520695fc59dc66ee086d71377265357cb073490bf4,BAD,BAD,BAD_AXIS_SPIKE,False
nstxuE205052A01t022/N3/egn03w.8601E+01,bad,3c67545f701627fd06ee415e7bfb218cffba3c9cea062f3bcb6d3e01aaf4c56d,BAD,BAD,BAD_AXIS_SPIKE,False
nstxuE205052A01t022/N3/egn03w.8668E+01,bad,0fd45795fc3e7bccee2d4f0679097311a2eb0ca749bcfa5bf873c4dcc66c7af0,BAD,BAD,BAD_AXIS_SPIKE,False
nstxuE205052A01t022/N3/egn03w.8758E+01,bad,8c94ba27f59c37465cdc2e719f12673605144223b2a239ff5b129efe041c26fa,BAD,BAD,BAD_AXIS_SPIKE,False
nstxuE205052A01t022/N3/egn03w.8845E+01,bad,4c400dd8c25b113a31d1617fd60846a02dedece203fbf39c6792cc2feb79fd46,BAD,BAD,BAD_AXIS_SPIKE,False
nstxuE205052A01t022/N3/egn03w.8965E+01,bad,f2510348b5e900c71e517d6cf644d98b66dc3179830e57f0686662a3bc1bb0e6,BAD,BAD,BAD_AXIS_SPIKE,False
nstxuE205052A01t022/N3/egn03w.9085E+01,bad,1343ecee0503593f2ff06869928e49d00091dc2eecc837a1a121768102002f73,BAD,BAD,BAD_AXIS_SPIKE,False
nstxuE205052A01t022/N3/egn03w.9237E+01,bad,661127e199f3c5b051f06a9f214c7a28516b53f71323562cbbd87e87f6fe9480,BAD,BAD,BAD_AXIS_SPIKE,False
nstxuE205052A01t022/N3/egn03w.9381E+01,bad,67c8baba448cb9df5f3f4207165b722105f591215f55d97fcc144bdb9a79a6af,BAD,BAD,BAD_AXIS_SPIKE,False
nstxuE205052A01t022/N3/egn03w.9549E+01,bad,f10e947eb44776b3a8a6d9f78f697af84ec969c87e539182fe07c9ac4a71236d,BAD,BAD,BAD_AXIS_SPIKE,False
nstxuE205052A01t022/N3/egn03w.9808E+01,bad,83ba36dbdca1722896a825787906472a8f8d7234b99abce11771d14741c6fbb0,BAD,BAD,BAD_AXIS_SPIKE,False
nstxuE205052A01t022/N3/egn03w.9958E+01,bad,d168a79229b8232b5f97b9fd0e42aec817f0b39d908a3a3acaeaec8c5044aab5,BAD,BAD,BAD_AXIS_SPIKE,False
nstxuE205052A01t022/N4/egn04w.1033E+02,bad,85f32e701495cf6b829508617e63a26e20b63234ebd31692d8f6be0f427babfb,BAD,BAD,BAD_AXIS_SPIKE,False
nstxuE205052A01t022/N4/egn04w.1120E+02,bad,75fb796928b7caa46e65608fa57d5fab0aec7ee461d6ab5a76b66bfe4ab25bd4,BAD,BAD,BAD_AXIS_SPIKE,False
nstxuE205052A01t022/N4/egn04w.1125E+02,bad,5721cea28410df4242b2076fba74f3d6322e674bc7147a5f1f160973118f534b,BAD,BAD,BAD_AXIS_SPIKE,False
nstxuE205052A01t022/N4/egn04w.5349E+01,bad,c611bccc343c05d12b97c9e3a17af99f628fd4a31fd96c039782813ca5f17795,BAD,BAD,BAD_CONT_CROSS_WINDOW,False
nstxuE205052A01t022/N4/egn04w.7009E+01,bad,4f768b73bc2f205bfc96bd4b612d9b370e39314de6c901737709ecd1177636a2,BAD,BAD,BAD_CONT_CROSS_WINDOW,False
nstxuE205052A01t022/N4/egn04w.7258E+01,bad,b858a030ae43a73abddf2993012d8d9cf564b7cd2e893206defd206dddd61dea,BAD,BAD,BAD_CONT_CROSS_WINDOW,False
nstxuE205052A01t022/N4/egn04w.7632E+01,bad,fcb8c7e29cd9de7ec9b4b46d3a6497ae64dbe1ad89234917e637074e18febcab,BAD,BAD,BAD_GRID_SCALE_PACKET,False
nstxuE205052A01t022/N4/egn04w.7963E+01,bad,e31fb74b6dc390064985523fad8119aefdf9f267cb8e3914ac3e481d83fe60c1,BAD,BAD,BAD_GRID_SCALE_SPIKE,False
nstxuE205052A01t022/N4/egn04w.8855E+01,bad,86b7888ce10b410cd1b09f11c1bf2b4c6941640e61fcb2a109ba4da3f93605fc,BAD,BAD,BAD_CONT_CROSS_WINDOW,False
nstxuE205052A01t022/N4/egn04w.9702E+01,bad,313ca867c33be8a5165799d39ad0a48c4a1ac1ef99610fdbecad919e51b17b0d,BAD,BAD,BAD_AXIS_SPIKE,False
nstxuE205052A01t022/N4/egn04w.9744E+01,bad,b1244d70db1fce75d28122f33cdfe4838e31796f9f969658c600d50b0edd13a0,BAD,BAD,BAD_AXIS_SPIKE,False
nstxuE205052A01t022/N4/egn04w.9789E+01,bad,7bf266a8f6ee160467b55f2bc0855d0c9d7a4786870fe171d5fca050ef6ae7d8,BAD,BAD,BAD_AXIS_SPIKE,False
nstxuE205052A01t022/N4/egn04w.9849E+01,bad,1a3391aeaa1b9bb60ce0e55cf1a5b09d35daa1eeaa2c6e4290ba8bc31bd91e9b,BAD,BAD,BAD_AXIS_SPIKE,False
nstxuE205052A01t022/N5/egn05w.1024E+02,bad,27d7763392e3c516ac08483035a460bc1d2b5850fe023a5347f78eab51c02f42,BAD,BAD,BAD_AXIS_SPIKE,False
nstxuE205052A01t022/N5/egn05w.1134E+02,good,cdfff2df794e5b6a9199cf732daca8a2dda3afc1d05b8c0056c798fe3a01dc8d,REVIEW,REVIEW,NO_GOOD_TEMPLATE,False
nstxuE205052A01t022/N5/egn05w.1151E+02,good,e56b3824ddad10d6b5de80785e05ea4f32bc7f41ed6246bb9edcd336b87fb3fc,REVIEW,REVIEW,NO_GOOD_TEMPLATE,False
nstxuE205052A01t022/N5/egn05w.1257E+02,good,63411d56e8993ece49043bd3567680c02da3cfebbfe584db9bddbe545fc0dd46,REVIEW,REVIEW,NO_GOOD_TEMPLATE,False
nstxuE205052A01t022/N5/egn05w.1342E+02,bad,4e80db97fc5bf28c6df24e7290d5b8a570fcd37d378dc2ced73e1d36fef85bec,BAD,BAD,BAD_AXIS_SPIKE,False
nstxuE205052A01t022/N5/egn05w.1348E+02,bad,1c7970822a41b002b7dccf0104ebce9a9df58ff648af49726d10b55b1e37a464,BAD,BAD,BAD_AXIS_SPIKE,False
nstxuE205052A01t022/N5/egn05w.1358E+02,bad,2fa8e9bb0e64fbe40acbd1f122a8cecc74eff18c9c2186496f7c8af10932d18d,BAD,BAD,BAD_AXIS_SPIKE,False
nstxuE205052A01t022/N5/egn05w.1365E+02,bad,d8fd433e1e37f89f37cc1dcad3dc62a92ed56186854a067a421d474d0d9afe0d,BAD,BAD,BAD_AXIS_SPIKE,False
nstxuE205052A01t022/N5/egn05w.1372E+02,bad,93e8bf2ebff8d8d8782892bc3644e252a6e76f5bbfd6f2bd4e4753cee632b762,BAD,BAD,BAD_AXIS_SPIKE,False
nstxuE205052A01t022/N5/egn05w.1380E+02,bad,005b3f29b55cc8fccbf7a8334a588b5f93da389356f219b0d3fb7a1bf45848a5,BAD,BAD,BAD_AXIS_SPIKE,False
nstxuE205052A01t022/N5/egn05w.1454E+02,good,e09bed4244e4d8a1c831b85d8d151d8be23e6aef855053110e6f423099f4b317,REVIEW,REVIEW,NO_GOOD_TEMPLATE,False
nstxuE205052A01t022/N5/egn05w.1581E+02,bad,c7527b5dfbf6ecee001e416d76c7f6d1a0c95c21091b8fa9b9efcc5626d913f6,BAD,BAD,BAD_CONT_CROSS_WINDOW,False
nstxuE205052A01t022/N5/egn05w.1745E+02,bad,1f70dab3fa7f32b7d5ba070beb8583a58b5993d31226e8ad59b6072e7eb5821a,BAD,BAD,BAD_AXIS_SPIKE,False
nstxuE205052A01t022/N5/egn05w.2142E+02,bad,20ab5baa429137613aa2003ff24372efa711598fd522ff65b5d91f916744cce3,BAD,BAD,BAD_CONT_CROSS_WINDOW,False
nstxuE205052A01t022/N5/egn05w.5365E+01,bad,59f5c716fa827e46341e4a9f5cd4cc77697a85415197348284a24bbd597c985c,BAD,BAD,BAD_CONT_CROSS_WINDOW,False
nstxuE205052A01t022/N5/egn05w.5779E+01,bad,eadcfe0365b28cf9b771b521229d0a9e072e0c89ce606624d3b3b32666e07a43,BAD,BAD,BAD_CONT_CROSS_WINDOW,False
nstxuE205052A01t022/N5/egn05w.5828E+01,bad,c33ea480f0b353442a18283e480f7ea2c2c9e2406f00d5d615f294f2de1a5afb,BAD,BAD,BAD_CONT_CROSS_WINDOW,False
nstxuE205052A01t022/N5/egn05w.6400E+01,bad,d8fcf8542b3e5fe52440cfc53ca2fda878e2fccb6f1aa353da0b04fbd51531f3,BAD,BAD,BAD_GRID_SCALE_SPIKE,False
nstxuE205052A01t022/N5/egn05w.6815E+01,bad,8ee757e57a4a7af2c22c4057091a190fc3320772bb894fce39b2ec9a57abb651,BAD,BAD,BAD_CONT_CROSS_WINDOW,False
nstxuE205052A01t022/N5/egn05w.7317E+01,bad,874499d5ebed6bcecd6ec810915c40156a45c8b11ca7334858e8452c57df4a2a,BAD,BAD,BAD_GRID_SCALE_PACKET,False
nstxuE205052A01t022/N5/egn05w.7494E+01,bad,f4550a837b0d5c7f8f838fe8f08e02bb755ba0b099fbd61b796c49da48f1a73c,BAD,BAD,BAD_CONT_CROSS_WINDOW,False
nstxuE205052A01t022/N5/egn05w.7628E+01,bad,f6a2ba167b5c1f3bf49d3ca13b2c1a80f312622c86b6b6acac176c1807fab605,BAD,BAD,BAD_GRID_SCALE_SPIKE,False
nstxuE205052A01t022/N5/egn05w.7792E+01,bad,10a437f271bca03288dd103c8c349e1ae7bc0b24be9158cfe858ae526e357799,BAD,BAD,BAD_CONT_CROSS_WINDOW,False
nstxuE205052A01t022/N5/egn05w.8362E+01,bad,c6c9bd217cf0a6ce8469a9686511366ec7faa6d7b7718d08b7f471b41befcdbe,BAD,BAD,BAD_AXIS_SPIKE,False
nstxuE205052A01t022/N5/egn05w.8685E+01,bad,147a2d136c50d81c57b2f8e1a488ff10107a07c182315d1215a49e13286db033,BAD,BAD,BAD_AXIS_SPIKE,False
nstxuE205052A01t022/N5/egn05w.8767E+01,bad,3c694c4e83bf67e616288e63e73d4c5eb2fc1fc2e56ebc64f0efd81244a9dedf,BAD,BAD,BAD_AXIS_SPIKE,False
nstxuE205052A01t022/N5/egn05w.9271E+01,bad,23b4b53cc8b816d8a811b8f3895b260f8d645a763faa72795ca206b732b66449,BAD,BAD,BAD_AXIS_SPIKE,False
nstxuE205052A01t022/N5/egn05w.9349E+01,bad,b2144f2b4db7d8f1e0b9644c7f567b2c31a4cf80a3f1cca0a36c2f9f41056dd0,BAD,BAD,BAD_AXIS_SPIKE,False
nstxuE205052A01t022/N5/egn05w.9397E+01,bad,d192e15fff7213d031fbe14390e8ea89a2ff51eb72c4a79759ac7b081fe54c53,BAD,BAD,BAD_GRID_SCALE_PACKET,False
nstxuE205052A01t022/N5/egn05w.9548E+01,bad,2f44d047bb4c69fe496c49639ee1de63de2832bda9c99fe8d7569b00387ecfbe,BAD,BAD,BAD_AXIS_SPIKE,False
nstxuE205052A01t022/N5/egn05w.9593E+01,bad,a6eacc013212a2986e52934095e2979d8ccd7dd38ed1800740777d3e19eaa54e,BAD,BAD,BAD_AXIS_SPIKE,False
nstxuE205052A01t022/N5/egn05w.9717E+01,bad,d67628862a50f0ae119c236524ce250ed67fb560cd6afde804691c2d430550b7,BAD,BAD,BAD_AXIS_SPIKE,False
nstxuE205052A01t022/N6/egn06w.1027E+02,good,63f867e91f9d8b170b7ee38ef9e79f0fba9f5f578cffe178eff4821e71f83ae6,REVIEW,REVIEW,NO_GOOD_TEMPLATE,False
nstxuE205052A01t022/N6/egn06w.1052E+02,good,3d465ad68d138fab4365067555873544fee5560c5ffd118613ad52697b45d0f5,REVIEW,REVIEW,NO_GOOD_TEMPLATE,False
nstxuE205052A01t022/N6/egn06w.1095E+02,good,38e1517be8f4c6cbb94d8fd6c963d816d437c44668b7cc0286b3139da6e4f49f,REVIEW,REVIEW,NO_GOOD_TEMPLATE,False
nstxuE205052A01t022/N6/egn06w.1163E+02,bad,eb2c87ebd26b401482cfa68642e68910c8648da97d230554d5a6ab91467db4d3,BAD,BAD,BAD_AXIS_SPIKE,False
nstxuE205052A01t022/N6/egn06w.1200E+02,good,bc6b875830b64e69fb6c92c7a55b592aaa1b2e844f2118bc6f72caaf77a1a993,REVIEW,REVIEW,NO_GOOD_TEMPLATE,False
nstxuE205052A01t022/N6/egn06w.1283E+02,good,9fca84697c144cef5b30197a03b3ff6f8b5122f0eb159e69679b991aa1f3866c,REVIEW,REVIEW,NO_GOOD_TEMPLATE,False
nstxuE205052A01t022/N6/egn06w.1409E+02,bad,e78041ea0dc9002c070500f44e9bcc9f279d1cec89fff5bebda1aba0e46fd7d7,BAD,BAD,BAD_CONT_CROSS_WINDOW,False
nstxuE205052A01t022/N6/egn06w.1517E+02,good,390848ef3a1caa0d19bb268a77f4b5bea5f36225ba09e82cefdf3d6a71e410c2,REVIEW,REVIEW,NO_GOOD_TEMPLATE,False
nstxuE205052A01t022/N6/egn06w.1731E+02,bad,94c1d12f67e1a6589272c54ed67ca77e346ff32869fc5353209e58a3fcdd3f9c,BAD,BAD,BAD_CONT_CROSS_WINDOW,False
nstxuE205052A01t022/N6/egn06w.1869E+02,bad,91423bd5d3f49e697f52a4fb807c8f7768ede697ba46c18414e3656832ff7d56,BAD,BAD,BAD_CONT_CROSS_WINDOW,False
nstxuE205052A01t022/N6/egn06w.2238E+02,bad,3d0a6dfbc501418f0ea96a60aa3b306df93ddfa0cfc0f5c7f05d171c47390a0c,BAD,BAD,BAD_CONT_CROSS_WINDOW,False
nstxuE205052A01t022/N6/egn06w.5977E+01,bad,3757aef7d859ec1d6750cb278289a12c37ad30980e6fb90bbad3db2961225e06,BAD,BAD,BAD_CONT_CROSS_WINDOW,False
nstxuE205052A01t022/N6/egn06w.6783E+01,bad,d58babe017b52051667ab238148786e472d10ed730d68751cd079cef4edfd675,BAD,BAD,BAD_CONT_CROSS_WINDOW,False
nstxuE205052A01t022/N6/egn06w.7196E+01,bad,ea9f1fc5ad261ec9e9c792950b02382b23c0e2e7049c526da79642279a366c4e,BAD,BAD,BAD_CONT_CROSS_WINDOW,False
nstxuE205052A01t022/N6/egn06w.7278E+01,bad,f5cf98760c305d44a014290a43ef10c9c625b34c23474b4d6bd2b21bd00bcc53,BAD,BAD,BAD_GRID_SCALE_PACKET,False
nstxuE205052A01t022/N6/egn06w.7330E+01,bad,df63bb760eac110ff169852b2ae2b75a1ccefc221cf68b8a3fa5757ab936d91c,BAD,BAD,BAD_GRID_SCALE_PACKET,False
nstxuE205052A01t022/N6/egn06w.7541E+01,bad,5b305549d8d340aa5d390c313ed5e26b8099d500f4768fcecccec52aed1984eb,BAD,BAD,BAD_CONT_CROSS_WINDOW,False
nstxuE205052A01t022/N6/egn06w.7639E+01,bad,1c55db39fa9382af80cc1f8191a1b5b1f2af6288c73bf95838f9d5e7a407e9e6,BAD,BAD,BAD_GRID_SCALE_SPIKE,False
nstxuE205052A01t022/N6/egn06w.8005E+01,bad,f9f21e0c08bf3e325c218219414e099765d7a3831f2499185e855db1de5eb25d,BAD,BAD,BAD_CONT_CROSS_WINDOW,False
nstxuE205052A01t022/N6/egn06w.8619E+01,bad,75f88c1d97233e9934d81a507bd13edbac25bc7f65d7c3ada52187fcc953c81a,BAD,BAD,BAD_GRID_SCALE_SPIKE,False
nstxuE205052A01t022/N6/egn06w.8721E+01,bad,d5c0d7aef80bd7f6ee2ce8b7f0b9c2326bd2ce5d0cd2223ed23280765c247f7b,BAD,BAD,BAD_AXIS_SPIKE,False
nstxuE205052A01t022/N6/egn06w.8752E+01,bad,4653acd971615fe7399846840642b1c59fe6a48990758ec0902956000955c9b7,BAD,BAD,BAD_AXIS_SPIKE,False
nstxuE205052A01t022/N6/egn06w.8889E+01,good,7de54ea1a84e774f8186202dd160041d54c9df8b8c0acad03a8a44d68f6650b4,BAD,BAD,BAD_AXIS_SPIKE,False
nstxuE205052A01t022/N6/egn06w.9086E+01,bad,c500bc8618fbc29645357072c89f4de9e0814c9abaed03d6e94043dd6b4f6072,BAD,BAD,BAD_AXIS_SPIKE,False
nstxuE205052A01t022/N6/egn06w.9614E+01,bad,e0af725076a6ab635b499edf4afb6a232f07b0c1e7b55a2f0d945b925dc87608,BAD,BAD,BAD_AXIS_SPIKE,False
nstxuE205052A01t022/N6/egn06w.9880E+01,bad,9504a14469cee991a0698a387a70d91c3ae8018b70ee00cdc3f57991d456af7f,BAD,BAD,BAD_AXIS_SPIKE,False
nstxuE205052A01t022/N7/egn07w.1005E+02,good,46d86d6d303af78d7d79d4b6a791af6ea1cfe32ad1e8403211c7b6bfc6be653b,REVIEW,REVIEW,NO_GOOD_TEMPLATE,False
nstxuE205052A01t022/N7/egn07w.1075E+02,good,050020c77811536d734460454ee62e99010d3867d98a0396cbd3ad6b8d49941d,REVIEW,REVIEW,NO_GOOD_TEMPLATE,False
nstxuE205052A01t022/N7/egn07w.1081E+02,good,f5565a1d3674b3a70a988fb7b5202943a9d5f0fbdb2a7a7655db8309ad2edd86,REVIEW,REVIEW,NO_GOOD_TEMPLATE,False
nstxuE205052A01t022/N7/egn07w.1146E+02,good,777453bfef16eb0bad39b50acfefd3ddd8985e89381726391f9e928b10238f01,REVIEW,REVIEW,NO_GOOD_TEMPLATE,False
nstxuE205052A01t022/N7/egn07w.1206E+02,bad,ac4868fbec80df517e01d9c7e963dc47721f5ba2588725293c2598e92f02083e,BAD,BAD,BAD_CONT_CROSS_WINDOW,False
nstxuE205052A01t022/N7/egn07w.1317E+02,bad,d476aec944ee7754f54091d928c08e13d45b3769fee89ed041d21178d17e801b,BAD,BAD,BAD_NEAR_AXIS_GRID_OSCILLATION,False
nstxuE205052A01t022/N7/egn07w.1398E+02,bad,c811998640979989a0a26c567895f81033ab456b624ecf14409d1df7d33c3866,BAD,BAD,BAD_AXIS_SPIKE,False
nstxuE205052A01t022/N7/egn07w.1630E+02,bad,499d0b4d7b4c5608bdca435e5105f3dc24b7255c425e62d8eaa747aea1a8fb38,BAD,BAD,BAD_CONT_CROSS_WINDOW,False
nstxuE205052A01t022/N7/egn07w.1684E+02,bad,c82401b78a0b9d3cc007b2e25fc41d01c9f4ce34c1f30d0035020d11d3eb50b8,BAD,BAD,BAD_CONT_CROSS_WINDOW,False
nstxuE205052A01t022/N7/egn07w.1836E+02,bad,5e68355c9193b0ce912ef88985b333fc951436fc1d18a723be1f6d50ade9e04c,BAD,BAD,BAD_CONT_CROSS_WINDOW,False
nstxuE205052A01t022/N7/egn07w.2197E+02,bad,256583e7356bfea62571a109ad317b60f10a250b61377e69ab85c3d26918bda7,BAD,BAD,BAD_GRID_SCALE_SPIKE,False
nstxuE205052A01t022/N7/egn07w.2388E+02,bad,8b52bdff1795c622a978c7c337632249b15f5b207c69b2e74bf6f49afaa11b5c,BAD,BAD,BAD_GRID_SCALE_SPIKE,False
nstxuE205052A01t022/N7/egn07w.6909E+01,bad,34a577114057ec87d562988690be4fc68970935173cfa560da849d8db846bbf5,BAD,BAD,BAD_AXIS_SPIKE,False
nstxuE205052A01t022/N7/egn07w.7023E+01,bad,916a3afb759b3bc7add1d009a0840e4e56a1158a3deabe66161755da7894bf91,BAD,BAD,BAD_CONT_CROSS_WINDOW,False
nstxuE205052A01t022/N7/egn07w.7073E+01,bad,f6b27bfdb2004ef94e6ad7df13ca642a52aab0a4273dffd4d77f0155fdddf4a3,BAD,BAD,BAD_GRID_SCALE_SPIKE,False
nstxuE205052A01t022/N7/egn07w.7124E+01,bad,58069b1d786ab24c2eafdc7740c822e729f4d9b45b78b701cc84e6ffb895a6c4,BAD,BAD,BAD_CONT_CROSS_WINDOW,False
nstxuE205052A01t022/N7/egn07w.7176E+01,bad,9ffb4168f959ebe5a5b35cf6810e5be3e7356c3be393117b0c340cba3b7f5af0,BAD,BAD,BAD_CONT_CROSS_WINDOW,False
nstxuE205052A01t022/N7/egn07w.7437E+01,bad,c74604d76ed06996a4d838eed1d8c4e1dc0944e30eb85d2b3a25ece5f6ce6e2b,BAD,BAD,BAD_CONT_CROSS_WINDOW,False
nstxuE205052A01t022/N7/egn07w.7801E+01,bad,d1f80bf542a5e84c6b108dc3fcf24956c7ed70b8d601a679cd90a6ba406c173d,BAD,BAD,BAD_CONT_CROSS_WINDOW,False
nstxuE205052A01t022/N7/egn07w.8533E+01,bad,7a1e448ba03224e85173447af3e76455cb7ef5122c05727be6249f834348ed69,BAD,BAD,BAD_CONT_CROSS_WINDOW,False
nstxuE205052A01t022/N7/egn07w.9619E+01,bad,6da64c33263261db9ef41bd45a523a97fcadccb32082b0fc12ba715079a583ac,BAD,BAD,BAD_CONT_CROSS_WINDOW,False
nstxuE205052A01t022/N8/egn08w.1007E+02,bad,e8e5726d8b131cc2843247d2634a3a94946771cd9f38bbf4b36fe662c3925d48,BAD,BAD,BAD_AXIS_SPIKE,False
nstxuE205052A01t022/N8/egn08w.1033E+02,good,7b9ff731adda05317acf8d958fa1eb9897aaca363c69dc97b5491f73385121f2,REVIEW,REVIEW,NO_GOOD_TEMPLATE,False
nstxuE205052A01t022/N8/egn08w.1052E+02,good,a4306ae726b46b0ec39424274acdb2ce3a92e8b03e82d51a75b8f877bc57f061,REVIEW,REVIEW,NO_GOOD_TEMPLATE,False
nstxuE205052A01t022/N8/egn08w.1108E+02,good,d358d8ce5c96996ddd49520f017874bc61da9ca5692b4681b0541458711210c0,REVIEW,REVIEW,NO_GOOD_TEMPLATE,False
nstxuE205052A01t022/N8/egn08w.1119E+02,good,941d895ec932c15fa2652eb1841237682515191502c79829997e909153702fce,REVIEW,REVIEW,NO_GOOD_TEMPLATE,False
nstxuE205052A01t022/N8/egn08w.1125E+02,bad,ada8e93d940b6d4a2b2badd43aedaa9911ae6e7fc69b439479df945cca79d7e9,BAD,BAD,BAD_AXIS_SPIKE,False
nstxuE205052A01t022/N8/egn08w.1161E+02,good,7be45e1f3f5094949936798e369b83ee751fe8f27e8bd556db8576f73d67f1ab,REVIEW,REVIEW,NO_GOOD_TEMPLATE,False
nstxuE205052A01t022/N8/egn08w.1226E+02,bad,0ee4194e5e5966d7ae17f7f778b42242e08676bf41920232d13aa1fa5d65e5f8,BAD,BAD,BAD_AXIS_SPIKE,False
nstxuE205052A01t022/N8/egn08w.1388E+02,good,f799a80bfae13197d517dea1bfb228fc2b1cdb207d3208930504e39f500614de,REVIEW,REVIEW,NO_GOOD_TEMPLATE,False
nstxuE205052A01t022/N8/egn08w.1484E+02,bad,b2334d4ea7b4e8c0d6907a64eb1ed3aeb9e18f8d6470151ebd0b0d3e4b4d5094,BAD,BAD,BAD_CONT_CROSS_WINDOW,False
nstxuE205052A01t022/N8/egn08w.1678E+02,bad,96392420b575afd4c7dc35aff1efb87298c044076dc65a8707027cfdcf2f2a2f,BAD,BAD,BAD_CONT_CROSS_WINDOW,False
nstxuE205052A01t022/N8/egn08w.1771E+02,bad,7f051d88c503abe9744331965fc230c20248cc1f93b80e3381cacc859e09e711,BAD,BAD,BAD_CONT_CROSS_WINDOW,False
nstxuE205052A01t022/N8/egn08w.2217E+02,bad,490238c09fcc07559a7836646e4d2acbaae38d50f6cdeb7dd4186fc91518bff1,BAD,BAD,BAD_CONT_CROSS_WINDOW,False
nstxuE205052A01t022/N8/egn08w.2361E+02,bad,7c7f8eb4f622575c01fc5a5014e0a1f2cc3493ac13357b4aa77071dbe3f50668,BAD,BAD,BAD_GRID_SCALE_SPIKE,False
nstxuE205052A01t022/N8/egn08w.5634E+01,bad,10f2169ad40a98f9da7d332e82137d829b071c58ae8d1e2a53e2f9c91f726ed6,BAD,BAD,BAD_GRID_SCALE_PACKET,False
nstxuE205052A01t022/N8/egn08w.6646E+01,bad,c0fc3c6457ccd4faa9bbd140900b7b054ab56aa769e3db5e4f1dd981f7184231,BAD,BAD,BAD_CONT_CROSS_WINDOW,False
nstxuE205052A01t022/N8/egn08w.6954E+01,bad,abf1ed7fff47aa95f41e29392f36d437da7f0ee657f3bb79d40322f7e0e94c0e,BAD,BAD,BAD_CONT_CROSS_WINDOW,False
nstxuE205052A01t022/N8/egn08w.7027E+01,bad,0b3945092d846f025de881f93032197c9c77b7689c6a2652d9a9bdb0ef38c494,BAD,BAD,BAD_CONT_CROSS_WINDOW,False
nstxuE205052A01t022/N8/egn08w.7107E+01,bad,761e7b81cc47bca85eeaccfd479930fc0f20db21fd759fc853de97e8d30b7550,BAD,BAD,BAD_CONT_CROSS_WINDOW,False
nstxuE205052A01t022/N8/egn08w.7488E+01,bad,3d6fbb7d7f6e8491865accb012d2e74e36a0b925637be52f1c0fdbc8a21666ee,BAD,BAD,BAD_AXIS_SPIKE,False
nstxuE205052A01t022/N8/egn08w.7946E+01,bad,8dd78ca58948260ba1ae5db003ffa2105830c23cfb6c6a63c0f1f8e70d1e5111,BAD,BAD,BAD_CONT_CROSS_WINDOW,False
nstxuE205052A01t022/N8/egn08w.8099E+01,bad,e4d7dfe2a5c42df706ece172695ffa5c1a79e3c99f51bd269b19cfa0684900b3,BAD,BAD,BAD_AXIS_SPIKE,False
nstxuE205052A01t022/N8/egn08w.8231E+01,bad,dc836724cfcd39573321e379dfa0e53fd0e699506cf09b1220ee06f0fb8e7543,BAD,BAD,BAD_AXIS_SPIKE,False
nstxuE205052A01t022/N8/egn08w.8566E+01,bad,bec3a1ea796bc451eb7a6b163dbc774a05725e7c85783cd39943625794efa008,BAD,BAD,BAD_AXIS_SPIKE,False
nstxuE205052A01t022/N8/egn08w.8583E+01,bad,fe84e709f443b634441671479f927c8ff97033ea5503badaf2ec6f321763a3a3,BAD,BAD,BAD_CONT_CROSS_WINDOW,False
nstxuE205052A01t022/N8/egn08w.8772E+01,bad,1281dab120efa18cea6f6035a4f6bfa87d81ba3c1864b2671ff094e978ab27c0,BAD,BAD,BAD_AXIS_SPIKE,False
nstxuE205052A01t022/N8/egn08w.9053E+01,bad,33cdd1370d8c7503101c1c5ce2fda7896173878f3808145dc42badcdd7ad6acc,BAD,BAD,BAD_AXIS_SPIKE,False
nstxuE205052A01t022/N8/egn08w.9206E+01,bad,9a81980034bd7257fea3526dcb986453ed9d620e02899aff37e474f5a4687639,BAD,BAD,BAD_AXIS_SPIKE,False
nstxuE205052A01t022/N8/egn08w.9263E+01,bad,57df96fdb8e8f4fae88716f713a1d1b132b961bd63bc8dda2bc707c120519197,BAD,BAD,BAD_CONT_CROSS_WINDOW,False
nstxuE205052A01t022/N8/egn08w.9375E+01,bad,d102cac976e87d5f79834aed3da05aa64c07835edf64a6eee4e6f23627fb7f87,BAD,BAD,BAD_AXIS_SPIKE,False
nstxuE205052A01t022/N8/egn08w.9498E+01,good,235a8197f8a826d81b44be23a44d55f4fde6875313582ecd4f7c54944f34fe5f,REVIEW,REVIEW,NO_GOOD_TEMPLATE,False
nstxuE205052A01t022/N8/egn08w.9560E+01,good,5332007ced640eeec32ee1cd719f478dbf3064371a387f85f6b1a4780c72d32d,REVIEW,REVIEW,NO_GOOD_TEMPLATE,False
nstxuE205052A01t022/N8/egn08w.9624E+01,bad,7d506f60621aa729798a24fa850a56bb91ad11157e0bc6d94135238728c55a8f,BAD,BAD,BAD_AXIS_SPIKE,False
nstxuE205052A01t022/N8/egn08w.9827E+01,good,d1aeb8c2872f5b5cd9e7e8b46a89ba573ba7843b02de725462c2556f10ffce56,REVIEW,REVIEW,NO_GOOD_TEMPLATE,False
nstxuE205052A01t022/N8/egn08w.9923E+01,good,56508b53e297b38a8089ba288e66ebedaefd2fe622d5e70db63c1b663b1f291b,REVIEW,REVIEW,NO_GOOD_TEMPLATE,False
nstxuE205052A01t022/N9/egn09w.1009E+02,good,26e690cd708d13972309d72fb9f7447f5ecb121cccfe011a977997d08b97fe4c,REVIEW,REVIEW,NO_GOOD_TEMPLATE,False
nstxuE205052A01t022/N9/egn09w.1015E+02,good,fb5e0502c293294182979c6c895dbfd0245c5d6195dbe15c33a5f026c301c3b0,REVIEW,REVIEW,NO_GOOD_TEMPLATE,False
nstxuE205052A01t022/N9/egn09w.1061E+02,good,b4f8b3f9e37c8c1b843ce5853e5a5ad614d5579a7bcbb79b2fe2aa1679fd2475,BAD,BAD,BAD_CONT_CROSS_WINDOW,False
nstxuE205052A01t022/N9/egn09w.1078E+02,good,7a503e8abe437c6875222aa24c2ffad0336d71164ba2cec066cb5584afcde583,REVIEW,REVIEW,NO_GOOD_TEMPLATE,False
nstxuE205052A01t022/N9/egn09w.1128E+02,good,1ef2d0e2562c2ca698f94749956dd9c008a5378166043ca2de6a0918ad59aed1,REVIEW,REVIEW,NO_GOOD_TEMPLATE,False
nstxuE205052A01t022/N9/egn09w.1140E+02,bad,f575ce7c692d8009a0ecebdbd0faff8b3583cf927eb433a8b813f6282d2fa700,BAD,BAD,BAD_CONT_CROSS_WINDOW,False
nstxuE205052A01t022/N9/egn09w.1178E+02,good,1c3d43946d998e555450fd82de2eaf8140a8168763d4e5465f9fd3a32684cde7,REVIEW,REVIEW,NO_GOOD_TEMPLATE,False
nstxuE205052A01t022/N9/egn09w.1264E+02,good,f84cafb48f7dca170c199e0923e7175992f8ec8b31192e690deaa4422185907b,REVIEW,REVIEW,NO_GOOD_TEMPLATE,False
nstxuE205052A01t022/N9/egn09w.1330E+02,good,52c8fab77ca1e9c8a0172fdcf42472e0f23135281a70b4e2bc00fe5efafadc11,REVIEW,REVIEW,NO_GOOD_TEMPLATE,False
nstxuE205052A01t022/N9/egn09w.1494E+02,good,2cc2a58bc03819ff811cb6438d05650c5e353887362c2904a2d78dbc5e8c3528,REVIEW,REVIEW,NO_GOOD_TEMPLATE,False
nstxuE205052A01t022/N9/egn09w.1565E+02,good,83cb4731aa8b35c5f9e66d8b22c569658ee139d4e579779fe5d68d354c245711,REVIEW,REVIEW,NO_GOOD_TEMPLATE,False
nstxuE205052A01t022/N9/egn09w.1637E+02,good,201db03e4a6ca441279a54e124d77dc18a74580f2346676b575b36a555b07e47,REVIEW,REVIEW,NO_GOOD_TEMPLATE,False
nstxuE205052A01t022/N9/egn09w.1755E+02,bad,75611195020dd820733afbdf89c9e52d9dae679e2870090c509d0782f71ce13a,BAD,BAD,BAD_CONT_CROSS_WINDOW,False
nstxuE205052A01t022/N9/egn09w.2091E+02,bad,32d619581c692422d2414721e36311ce974d7b1680405db8d303bd53529a032d,BAD,BAD,BAD_CONT_CROSS_WINDOW,False
nstxuE205052A01t022/N9/egn09w.2296E+02,bad,438f5748b43d7ee6abb87c71de7fc65252736a65b0aac8db021ae54082ef58ce,BAD,BAD,BAD_GRID_SCALE_SPIKE,False
nstxuE205052A01t022/N9/egn09w.6042E+01,bad,33fa8c3e2cc686f7a7cb1e36d1c34af3255ce185904ea37844c8815a45d62728,BAD,BAD,BAD_GRID_SCALE_PACKET,False
nstxuE205052A01t022/N9/egn09w.6424E+01,bad,bc9620c25646b06e0051eb264ff07a0de37a5ed69a0f0f58b0b24ad699be45cc,BAD,BAD,BAD_CONT_CROSS_WINDOW,False
nstxuE205052A01t022/N9/egn09w.6961E+01,bad,394b524874a215cd35cf0547014c9440f73634c92c4ee3b35a1658c60ba249e9,BAD,BAD,BAD_CONT_CROSS_WINDOW,False
nstxuE205052A01t022/N9/egn09w.7046E+01,bad,56d662f43e9619fc7a25c3994625c04d6c3c8a88893317ad38e6209ed4b2ec44,BAD,BAD,BAD_CONT_CROSS_WINDOW,False
nstxuE205052A01t022/N9/egn09w.7151E+01,bad,84997fadad52711701c1f812779455a9314d6c70729bbe45b74ad59a0e5a74fd,BAD,BAD,BAD_CONT_CROSS_WINDOW,False
nstxuE205052A01t022/N9/egn09w.7373E+01,bad,092dc19abecb2d08eff0de4a790e141cbfc2120c51266179bc2373d2b23a40fb,BAD,BAD,BAD_CONT_CROSS_WINDOW,False
nstxuE205052A01t022/N9/egn09w.7563E+01,bad,f541beff8500f227ce13a348d5bffd3cae9c64423eb8a92012892e4b64df01de,BAD,BAD,BAD_CONT_CROSS_WINDOW,False
nstxuE205052A01t022/N9/egn09w.7601E+01,bad,d0fe5e872a772b9918a56ddfbc8c1aa68f9c2d61a650342bc1894beb6f6a0293,BAD,BAD,BAD_CONT_CROSS_WINDOW,False
nstxuE205052A01t022/N9/egn09w.7839E+01,bad,89ea83067ae6b6294f9ea428ff2d6e53582967d789f617958ac60c047a843fdf,BAD,BAD,BAD_CONT_CROSS_WINDOW,False
nstxuE205052A01t022/N9/egn09w.8038E+01,good,bf814cd42fa005b505cb50470c3b77aaa361cc304608a106beb45eae8987e96d,REVIEW,REVIEW,NO_GOOD_TEMPLATE,False
nstxuE205052A01t022/N9/egn09w.8190E+01,bad,8fd47a0ff81d7042d4c64e18c3bd69504111a55b5b203c98961adcfa3d30d909,BAD,BAD,BAD_GRID_SCALE_SPIKE,False
nstxuE205052A01t022/N9/egn09w.8537E+01,good,d41fb391dc8d016852a39471cb6d260773f2ff461593fc40e476f115ff433dbd,REVIEW,REVIEW,NO_GOOD_TEMPLATE,False
nstxuE205052A01t022/N9/egn09w.8945E+01,bad,9f20b19682c4842e7dc42428afd18a80d061d0a807d7b32a298a31dc257100c9,BAD,BAD,BAD_AXIS_SPIKE,False
nstxuE205052A01t022/N9/egn09w.9117E+01,bad,f354efdcf3ff186d453aa2e2fbcdb7ce9da0a04018344baea120a99641a8e3bb,BAD,BAD,BAD_AXIS_SPIKE,False
nstxuE205052A01t022/N9/egn09w.9483E+01,good,d2b1afab29de5e29607b7f2005a0791613c8275c4d54349bf0a1f48cfe3eecc3,REVIEW,REVIEW,NO_GOOD_TEMPLATE,False
nstxuE205052A01t022/N9/egn09w.9642E+01,bad,23e18ed219694fbff057ec99af9b27a0d0e0c2689a182e6689a167fa67534bb3,BAD,BAD,BAD_AXIS_SPIKE,False
nstxuE205052A01t022/N9/egn09w.9724E+01,good,2177854b3ae2e3f4b42137c83708bb9dfd1f81735b3c975d4d9af616259d6295,REVIEW,REVIEW,NO_GOOD_TEMPLATE,False
nstxuE205052A01t022/N9/egn09w.9740E+01,good,efdbe4b9b5d76f21c9cf257932f7b032a34e067fdb0a406e947d2dd0124e8b30,REVIEW,REVIEW,NO_GOOD_TEMPLATE,False
nstxuG121123B12/N1/egn01w.4164E+02,bad,fe64d4e5a0d02334932f0278399149c0cd42044245180ee7496061d2048c15cb,BAD,BAD,BAD_GRID_SCALE_SPIKE,False
nstxuG121123B12/N1/egn01w.4181E+02,bad,18461cb6324ac9e8f686254508d4d68868d81ba514f61bbd6933d5d528844fda,BAD,BAD,BAD_GRID_SCALE_SPIKE,False
nstxuG121123B12/N10/egn10w.1019E+02,bad,88414a0859e0603bcac9be0361e36ac1792829022ddad5bfc6fe1e105aa17561,BAD,BAD,BAD_CONT_CROSS_WINDOW,False
nstxuG121123B12/N10/egn10w.1179E+02,bad,86adea8e2fc257a79aea52efcfe31f3f46caa46fc74ea32e4fbcc9533f9e34d8,BAD,BAD,BAD_CONT_CROSS_WINDOW,False
nstxuG121123B12/N10/egn10w.1245E+02,bad,1461ca0e20f6c09384078262c37ed07ab43b040431e4fb398208da5230c1104c,BAD,BAD,BAD_CONT_CROSS_WINDOW,False
nstxuG121123B12/N10/egn10w.1304E+02,bad,aaf98021d47a3415531cf89f98f40d93ad917e74050e246a4829a290256f055b,BAD,BAD,BAD_AXIS_SPIKE,False
nstxuG121123B12/N10/egn10w.1344E+02,good,3f751dfdefe15a2e5b9ad0b4e8db8b0fab423619dd64de87569942c24ea0d872,REVIEW,REVIEW,NO_GOOD_TEMPLATE,False
nstxuG121123B12/N10/egn10w.1414E+02,bad,4e6896ea6ee5414fb88d609e4f8b85f8ea61348d5d151ae461a2e8b543fdb50d,BAD,BAD,BAD_CONT_CROSS_WINDOW,False
nstxuG121123B12/N10/egn10w.1447E+02,bad,9876da44e37cb287775669e600cc43bdfe8e7398a509c89caa0dcb62d620c016,REVIEW,REVIEW,NO_GOOD_TEMPLATE,False
nstxuG121123B12/N10/egn10w.1490E+02,bad,2d2655aa959f78d2efc44d32268b2ccbfaa68ef1cd5b7ed93683239123c66dad,BAD,BAD,BAD_AXIS_SPIKE,False
nstxuG121123B12/N10/egn10w.1503E+02,bad,f696e9ea1d9088ef12bf3c2347ab260f441abdf288428adb8df41006ee0dcb81,BAD,BAD,BAD_GRID_SCALE_SPIKE,False
nstxuG121123B12/N10/egn10w.1550E+02,good,20e9645aced37e90e785defe41b914eab99f89ccb1c07a2cfe4da5f8a1481514,REVIEW,REVIEW,NO_GOOD_TEMPLATE,False
nstxuG121123B12/N10/egn10w.1565E+02,good,cbb4097e1a11401d0566de7c12a7a9c743a0119d73fca152c049a456d9e20b72,REVIEW,REVIEW,NO_GOOD_TEMPLATE,False
nstxuG121123B12/N10/egn10w.1766E+02,bad,67f86d7e14a00d4db5d46054fdf35fc117b1ab9fe94c1f39919c75fb641d6d98,BAD,BAD,BAD_AXIS_SPIKE,False
nstxuG121123B12/N10/egn10w.1909E+02,bad,46a1de4f7b6e3d1a4a40e6e8028a82cc3e4645d7d0f2c90880774d300771bfcc,BAD,BAD,BAD_GRID_SCALE_SPIKE,False
nstxuG121123B12/N10/egn10w.1945E+02,good,448b88efd4c0a0d28332f0af272561787c157c9199df8128e6136cd4f7bef10c,REVIEW,REVIEW,NO_GOOD_TEMPLATE,False
nstxuG121123B12/N10/egn10w.2406E+02,bad,7129c9a5b4a8b6a554d412cb22141c45ef2cf770d168a4b1d6a3aa3fc71c9e49,BAD,BAD,BAD_GRID_SCALE_SPIKE,False
nstxuG121123B12/N10/egn10w.2430E+02,bad,0240078501af65bcb5e9d0a900a6a275d8608b7f878da42bd29ac5568e449621,BAD,BAD,BAD_CONT_CROSS_WINDOW,False
nstxuG121123B12/N10/egn10w.2508E+02,good,889903914c50b8c979c92f9ce204d1fed610eb752197c03a538ae1f59529fcbd,REVIEW,REVIEW,NO_GOOD_TEMPLATE,False
nstxuG121123B12/N10/egn10w.2629E+02,good,a651fe072e6611350eb67e073cc64f90da90ec89255da1e5e1e49d60be4b592b,REVIEW,REVIEW,NO_GOOD_TEMPLATE,False
nstxuG121123B12/N10/egn10w.2640E+02,bad,15f79158851bc5bddac1465a4d237f5d29e46e53c041e35921b03c96fb951245,BAD,BAD,BAD_CONT_CROSS_WINDOW,False
nstxuG121123B12/N10/egn10w.2814E+02,good,403f66b0d2a63264fbafa736b54d4f102b3873f488458f4a6b784ed7a5caf474,REVIEW,REVIEW,NO_GOOD_TEMPLATE,False
nstxuG121123B12/N10/egn10w.2828E+02,good,ad7dd804999f33aae5a41f7377504aa705661b0db4027a3e5ed19fba18c57dbb,REVIEW,REVIEW,NO_GOOD_TEMPLATE,False
nstxuG121123B12/N10/egn10w.2876E+02,bad,46e1aa173bb118f9b45129d3c549408fa8bddb6823fecb10e269ea95f13639da,BAD,BAD,BAD_CONT_CROSS_WINDOW,False
nstxuG121123B12/N10/egn10w.2921E+02,good,2873c8290b1c3c1ecba74c54959b2dee1d667298f6541155e5fbe785b0c233b9,REVIEW,REVIEW,NO_GOOD_TEMPLATE,False
nstxuG121123B12/N10/egn10w.2933E+02,good,3cc97255e8dae567eda447d5793a6068a2ca379dddaf96df1503936b359ad8ac,REVIEW,REVIEW,NO_GOOD_TEMPLATE,False
nstxuG121123B12/N10/egn10w.2944E+02,good,301a568b5aaf65ab8184ddc0f44c0adf1b754ee41a213b3af3f79f3efabbeb98,REVIEW,REVIEW,NO_GOOD_TEMPLATE,False
nstxuG121123B12/N10/egn10w.3038E+02,bad,c4edefcd45e7c478c220ff1a66cffddacafb72df21eb4877cd37f0939e8fe1c4,BAD,BAD,BAD_CONT_CROSS_WINDOW,False
nstxuG121123B12/N10/egn10w.3105E+02,bad,8ce9f2194688edd9b087a5d9ea43fc0d83f4f511d2cf733760aadbff372b7d0f,BAD,BAD,BAD_GRID_SCALE_SPIKE,False
nstxuG121123B12/N10/egn10w.3134E+02,bad,721839a558b44069b58650d6540d311d47dc3f84fa0684d3525f2a867eaa2ce9,BAD,BAD,BAD_CONT_CROSS_WINDOW,False
nstxuG121123B12/N10/egn10w.3216E+02,bad,40556750b52ab36e520c87b4bb7d486cb0f4381fd72736c5f69aed7ea85665cf,BAD,BAD,BAD_GRID_SCALE_SPIKE,False
nstxuG121123B12/N10/egn10w.3249E+02,bad,6c8e3813c64da2d3ff2471448c269327aa19a972cf817c94f773fea5e2ac0c22,BAD,BAD,BAD_GRID_SCALE_SPIKE,False
nstxuG121123B12/N10/egn10w.3272E+02,bad,dc7a86ab023566866176e89b85a7c9a5e0f6bec772e56ce81aae83ed9b731775,BAD,BAD,BAD_GRID_SCALE_SPIKE,False
nstxuG121123B12/N10/egn10w.3306E+02,bad,9edea3cd2c504c82340373068608c08c6ae908e9182968faebf365f7b8ae3db8,BAD,BAD,BAD_CONT_CROSS_WINDOW,False
nstxuG121123B12/N10/egn10w.3410E+02,bad,01da0c56557be6645ac04d54e4727d3f5c0a95746f84d0cd752d5f39121f39ba,BAD,BAD,BAD_GRID_SCALE_SPIKE,False
nstxuG121123B12/N10/egn10w.3429E+02,bad,145edbbceda2bd73fbd7dc72be0cd2eded9f9bf76572d2c0e78b2c7783c79aec,BAD,BAD,BAD_GRID_SCALE_SPIKE,False
nstxuG121123B12/N10/egn10w.3461E+02,bad,c4313a32564c313e86d9cd8b7f718ed0da9440bb3701f4dd8eea063d563b8762,BAD,BAD,BAD_CONT_CROSS_WINDOW,False
nstxuG121123B12/N10/egn10w.3473E+02,bad,501f712336b21dc2998dd85c94d688654889f9abaa137d2c29b60fe9e1e2987d,BAD,BAD,BAD_GRID_SCALE_SPIKE,False
nstxuG121123B12/N10/egn10w.3831E+02,bad,834f141d00d41da58ad153770c09a55ac08adae17ff9b5836a3f6e771a9039f5,BAD,BAD,BAD_AXIS_SPIKE,False
nstxuG121123B12/N10/egn10w.3865E+02,bad,0d49dce4031ec8fc17a1283bacc97cb834133bc068d989bbc1e9919aed9e5e2d,BAD,BAD,BAD_AXIS_SPIKE,False
nstxuG121123B12/N10/egn10w.3902E+02,bad,de17d27abd9167c42c67433428caa20fcda24961ad7480a32e9256ddb76f0473,BAD,BAD,BAD_AXIS_SPIKE,False
nstxuG121123B12/N10/egn10w.8243E+01,bad,5b316b9f5cf7191eb5d210061eeaa39947950e5a28db766df0ba5ae4ec051c8f,BAD,BAD,BAD_CONT_CROSS_WINDOW,False
nstxuG121123B12/N10/egn10w.8485E+01,bad,77b9ecf57f447ba4ce4497ea9c1b4fde1b09369b15879791087dd9d16e3313aa,BAD,BAD,BAD_CONT_CROSS_WINDOW,False
nstxuG121123B12/N10/egn10w.8533E+01,bad,30e1e895ee1d00f0cf19e20dbba97df945622d2600142ff6d433632a41c1ab7d,BAD,BAD,BAD_CONT_CROSS_WINDOW,False
nstxuG121123B12/N10/egn10w.9400E+01,bad,ef326a3de528b8750f273c1521148cb60bc42e20c643af084180aab8513976ef,BAD,BAD,BAD_CONT_CROSS_WINDOW,False
nstxuG121123B12/N2/egn02w.4122E+02,bad,3a04bbe5a7e826ee6246f7a98496685e6b51acd8e0d4a5093ba0890a386fec68,BAD,BAD,BAD_AXIS_SPIKE,False
nstxuG121123B12/N2/egn02w.4228E+02,bad,a6820287ee6e09708fd2424caa819d288411f2abe77a92a02994d1fc70d4089f,BAD,BAD,BAD_GRID_SCALE_SPIKE,False
nstxuG121123B12/N3/egn03w.3642E+02,bad,609b99c0f4552b5ac982fae6e32fc3c52398df8a68c523ce0d057a636a617375,BAD,BAD,BAD_GRID_SCALE_SPIKE,False
nstxuG121123B12/N3/egn03w.3885E+02,bad,a463a506eec87705a5cba18cadbb9e719cf8f2290bd6ffb94b9856594b73468a,BAD,BAD,BAD_GRID_SCALE_SPIKE,False
nstxuG121123B12/N4/egn04w.3531E+02,bad,8c5d48a8fc3c8d6c8ea3e99373dd2fa6d33c51d15f145af571fc259d4105fd36,BAD,BAD,BAD_GRID_SCALE_SPIKE,False
nstxuG121123B12/N4/egn04w.3843E+02,bad,94406443b1e418018e21848e27e894435487efff6dcd0083dc7b83a4989e2636,BAD,BAD,BAD_GRID_SCALE_SPIKE,False
nstxuG121123B12/N6/egn06w.3574E+02,bad,68cb744bfd0cfd0e93a21c189fdfb051c61acbaa44a1a833fb01f0ef01f39cf8,BAD,BAD,BAD_GRID_SCALE_SPIKE,False
nstxuG121123B12/N7/egn07w.1059E+02,bad,9b00f080536efa37162d471438d5f3b1ee685f0dfc92ffeb959706baa5bb895a,BAD,BAD,BAD_CONT_CROSS_WINDOW,False
nstxuG121123B12/N7/egn07w.1123E+02,bad,803fc2d0ee9e5fcccf122f5f25e7abd9eb1d9098ae0947651d196f13096719e2,BAD,BAD,BAD_GRID_SCALE_SPIKE,False
nstxuG121123B12/N7/egn07w.1224E+02,bad,f6bbaa28431fed4289241263e3056d358dbc94779f218d5ba58ae5b541853fa8,BAD,BAD,BAD_CONT_CROSS_WINDOW,False
nstxuG121123B12/N7/egn07w.1373E+02,bad,56a4c17681286cb6de37b7c1f60168410ac78283e6c0a4c67f0439175e794f33,BAD,BAD,BAD_AXIS_SPIKE,False
nstxuG121123B12/N7/egn07w.1458E+02,bad,9578b4d560daa3011f2749fce06c7b817e448bb05fd69df8e02198be27d77725,BAD,BAD,BAD_CONT_CROSS_WINDOW,False
nstxuG121123B12/N7/egn07w.1583E+02,bad,3b436b752dc8ba16c248151b54b549c809aa143b70f6c8d11daaa7e816c93054,BAD,BAD,BAD_CONT_CROSS_WINDOW,False
nstxuG121123B12/N7/egn07w.1880E+02,bad,55c318684a856b8a9dab08fa242c4768bbecf153c3b84004baa3955e3363b574,BAD,BAD,BAD_CONT_CROSS_WINDOW,False
nstxuG121123B12/N7/egn07w.2052E+02,bad,77b61d59cddbaaf7a25b3a48b7503961fc762941c50e9a279aaf6a7fc8dff2e2,BAD,BAD,BAD_CONT_CROSS_WINDOW,False
nstxuG121123B12/N7/egn07w.2666E+02,bad,39b3f1d83549e9fa45d18630bd96e236804d8a6cd436eb244af9afa7064199de,BAD,BAD,BAD_AXIS_SPIKE,False
nstxuG121123B12/N7/egn07w.2697E+02,bad,765e156f570963ec2253c618d1ada72503a9cea49a0cd5f38ed7c5bfbb658b19,BAD,BAD,BAD_AXIS_SPIKE,False
nstxuG121123B12/N7/egn07w.2744E+02,bad,fa5470527e86da5bbf5a7fbc266de3784f8c3919d683b4868ad85e92df738dc8,BAD,BAD,BAD_CONT_CROSS_WINDOW,False
nstxuG121123B12/N7/egn07w.2755E+02,bad,7d03fb6a9b66b8483764a689acfc88a1716414fbd16332bc7809ea21578e585f,BAD,BAD,BAD_CONT_CROSS_WINDOW,False
nstxuG121123B12/N7/egn07w.2770E+02,bad,cb99490071cdbd2fd6ffcf6ed4dbc641210229c4feefc19f215b91c0a1037f77,BAD,BAD,BAD_AXIS_SPIKE,False
nstxuG121123B12/N7/egn07w.2883E+02,good,f125cffee37a1c91656c41aea6930f2364808f5cefb2642f9c144b5b0a03817d,REVIEW,REVIEW,NO_GOOD_TEMPLATE,False
nstxuG121123B12/N7/egn07w.2949E+02,good,4d4d9d4fe52c2236bf4986ffab237d1156e43f1d4c218fc3187d1d9b2657a246,REVIEW,REVIEW,NO_GOOD_TEMPLATE,False
nstxuG121123B12/N7/egn07w.2972E+02,good,6f3512b1ad2e4ba28f7929689ebd7966609920301c151949ffa7caee9bbe4158,REVIEW,REVIEW,NO_GOOD_TEMPLATE,False
nstxuG121123B12/N7/egn07w.3171E+02,bad,4f66821ed1f3a798f5b462af1721b0dc9a88770c4c76c8776b0c0d60ade34764,BAD,BAD,BAD_GRID_SCALE_SPIKE,False
nstxuG121123B12/N7/egn07w.3281E+02,bad,ae6476e11997936f65299d530d9051a88c26b3aa73b4122310bad55416fc2be9,BAD,BAD,BAD_GRID_SCALE_SPIKE,False
nstxuG121123B12/N7/egn07w.3405E+02,bad,e55d3ea136c4f06c3b9922ba6c58cc4016c7d4ad4bee689438e29cded5e84639,BAD,BAD,BAD_GRID_SCALE_SPIKE,False
nstxuG121123B12/N7/egn07w.3416E+02,bad,aca5beb3578c2f56c6dafaab2c98f254ab56cc840523c5d8e2109dda9c5e3e24,BAD,BAD,BAD_GRID_SCALE_SPIKE,False
nstxuG121123B12/N7/egn07w.3476E+02,bad,2fcc450dfc70b25c4cfcc0357b0e5180b7ad32b9aef395ea02d32f5019507271,BAD,BAD,BAD_GRID_SCALE_SPIKE,False
nstxuG121123B12/N7/egn07w.3488E+02,bad,f6b1d919e5fec908b3e1f5c7f32fe250564dcc8aaf653d1ea071a8567c44cdaa,BAD,BAD,BAD_GRID_SCALE_SPIKE,False
nstxuG121123B12/N7/egn07w.3496E+02,bad,3862ee60d418d84bb3881f62c6d79935155b8919141396a3f22b40683e469df3,BAD,BAD,BAD_GRID_SCALE_SPIKE,False
nstxuG121123B12/N7/egn07w.3507E+02,bad,4deeaec23c2415dbf3d8c0c0c4da025437b6983abc154a506ccf50360664a464,BAD,BAD,BAD_GRID_SCALE_SPIKE,False
nstxuG121123B12/N7/egn07w.3619E+02,bad,7ab941c637c9cb5311ee6db0d2b1e784fca61684d3fa0d1d26d8313ab43a9f40,BAD,BAD,BAD_GRID_SCALE_SPIKE,False
nstxuG121123B12/N7/egn07w.8411E+01,bad,42218aaf3b77b030c89a54c6cbb3681a6ac90c6107b3c9a75837b0ecc3d3f2c8,BAD,BAD,BAD_GRID_SCALE_SPIKE,False
nstxuG121123B12/N7/egn07w.9233E+01,bad,d32c12cbd143339bb4c70b1e8564ad78d1e35db0195b764a6a9ed44bd5dc681b,BAD,BAD,BAD_GRID_SCALE_SPIKE,False
nstxuG121123B12/N7/egn07w.9817E+01,bad,19a086e4cc4d3b5b3b915eb98609b793a128f3922d4c0ea0172078245d0d8f2f,BAD,BAD,BAD_CONT_CROSS_WINDOW,False
nstxuG121123B12/N8/egn08w.1061E+02,bad,e340e82249e17f7624ec5cbf4761e66c39466451d480b4ffb6cf76dcd3b71a20,BAD,BAD,BAD_CONT_CROSS_WINDOW,False
nstxuG121123B12/N8/egn08w.1250E+02,bad,8f35009d86fbb87d5dda67a9fc25fec29d2d866d49ee752b76179ebf7c1f6b24,BAD,BAD,BAD_GRID_SCALE_SPIKE,False
nstxuG121123B12/N8/egn08w.1315E+02,bad,c76f54d7cbde8590ac74b6b0abf7af807f319180a6790b55134782fbc82f7b85,BAD,BAD,BAD_CONT_CROSS_WINDOW,False
nstxuG121123B12/N8/egn08w.1436E+02,bad,a6ed2d9f55b5bca2a11acac42f0565be8cb22912c7650d259e51af831a1a3c01,BAD,BAD,BAD_CONT_CROSS_WINDOW,False
nstxuG121123B12/N8/egn08w.2078E+02,bad,ecd09d9a25843f56744fd8fd740a3b889e244696c5b0a8348b1a312d05ecfbdb,BAD,BAD,BAD_GRID_SCALE_SPIKE,False
nstxuG121123B12/N8/egn08w.2095E+02,bad,6710e5391f3916fccbee661ebeb858e98029b97820581136fca921e9650f4ea0,BAD,BAD,BAD_CONT_CROSS_WINDOW,False
nstxuG121123B12/N8/egn08w.2191E+02,bad,3e462c58eebea0e8e4e484c75a62745297e247af1eb11a28e1b93e8114f0d226,BAD,BAD,BAD_CONT_CROSS_WINDOW,False
nstxuG121123B12/N8/egn08w.2698E+02,good,572da703851ec345aef67d9175af81351041fccf2f774772b22780457c79466a,REVIEW,REVIEW,NO_GOOD_TEMPLATE,False
nstxuG121123B12/N8/egn08w.2892E+02,bad,3308a4b00b7a07b080a0c05cb9d271998692d849de42779511bdbc49d7d8066b,REVIEW,BAD,BAD_CONTINUUM_CROSSING_TAIL,True
nstxuG121123B12/N8/egn08w.2899E+02,bad,2c3aacf55464ee96c9e111007b62f86216780705488061ae1a4aa63ebb2b5857,BAD,BAD,BAD_AXIS_SPIKE,False
nstxuG121123B12/N8/egn08w.2963E+02,good,6b2459a7eb29b82d8ac9639d2d024ad42043323d513eaca3b86b4706fac4da61,REVIEW,REVIEW,NO_GOOD_TEMPLATE,False
nstxuG121123B12/N8/egn08w.3027E+02,bad,91ea670911dc8c4b9eebd670a278c637b1f61bf1bcc913cb5444ffd79fc43c94,BAD,BAD,BAD_CONT_CROSS_WINDOW,False
nstxuG121123B12/N8/egn08w.3095E+02,bad,639c020dc8c46154893fc0c11df8a5e3900b0b9fea693e69d6307eb5892ee019,BAD,BAD,BAD_GRID_SCALE_SPIKE,False
nstxuG121123B12/N8/egn08w.3246E+02,bad,48acac633acb84534e6600eda7af01a9c9450d2e2fbe0010304b6d373d034c05,BAD,BAD,BAD_CONT_CROSS_WINDOW,False
nstxuG121123B12/N8/egn08w.3259E+02,bad,0a7a5548a592561f4e7763315aeb6e454a0b917499ad448860face6c530f4f2e,BAD,BAD,BAD_CONT_CROSS_WINDOW,False
nstxuG121123B12/N8/egn08w.3405E+02,bad,fe49a0eb9a5d5a1222e307d40bd37177c596b68f5a7c8835e984c742b3a8ab8b,BAD,BAD,BAD_GRID_SCALE_SPIKE,False
nstxuG121123B12/N8/egn08w.3447E+02,bad,eba3ec161fb5e5a24dc86f65a8cd72d08d9619b7c938a35a4ee1b2edd6cc0cdc,BAD,BAD,BAD_GRID_SCALE_SPIKE,False
nstxuG121123B12/N8/egn08w.3472E+02,bad,5dd7aa812e37349894d69407e9aaafe69453862534f4958500f4229dcb40ffe4,BAD,BAD,BAD_GRID_SCALE_SPIKE,False
nstxuG121123B12/N8/egn08w.3500E+02,bad,c4775ec0f76f2bbfed2278e9de28346e2f8f626961fab143062dfa2d1e79d953,BAD,BAD,BAD_GRID_SCALE_SPIKE,False
nstxuG121123B12/N8/egn08w.3518E+02,bad,459ee8942e5ad69da806c6672fd324eec277734e0283f2af2b1c385e702619f7,BAD,BAD,BAD_GRID_SCALE_SPIKE,False
nstxuG121123B12/N8/egn08w.3614E+02,bad,8a83d91ef65ee67731ce197d59799cca5f3c1d912eb5a13f2af1630f40c7fb4c,BAD,BAD,BAD_GRID_SCALE_SPIKE,False
nstxuG121123B12/N8/egn08w.8495E+01,bad,7c05c8a6393a5171ed90e50356e17afdf3039d42aca0b2d30d0f49d900026f3b,BAD,BAD,BAD_CONT_CROSS_WINDOW,False
nstxuG121123B12/N8/egn08w.8754E+01,bad,422be07ad726635269306aaa86cf8675f6476c869990755ccc36898b44e9c0d5,BAD,BAD,BAD_CONT_CROSS_WINDOW,False
nstxuG121123B12/N8/egn08w.9855E+01,bad,bd7116d5bfee3cf6543265e82d446d393a1db116f6fa1f7068caa5b467075f0b,BAD,BAD,BAD_CONT_CROSS_WINDOW,False
nstxuG121123B12/N9/egn09w.1044E+02,bad,0782efa73ebfe0cba0d02eaaf48f3f2022582d797a6b561b64bdd8521c20845c,BAD,BAD,BAD_GRID_SCALE_SPIKE,False
nstxuG121123B12/N9/egn09w.1052E+02,bad,978135b1b288e07b1df06092101ec4f11228336ba68a06197ee7046f62c5dbed,BAD,BAD,BAD_CONT_CROSS_WINDOW,False
nstxuG121123B12/N9/egn09w.1126E+02,bad,b7291969268897459cd6d852ceee2d02e46ccb9f88ded63f33da4d85dc423846,BAD,BAD,BAD_CONT_CROSS_WINDOW,False
nstxuG121123B12/N9/egn09w.1180E+02,bad,e3e20aafa4a4232f95a24f42c18f4e3b05c6f8480b72f7c22412429289954ee6,BAD,BAD,BAD_GRID_SCALE_SPIKE,False
nstxuG121123B12/N9/egn09w.1294E+02,bad,41d5c7a17eadbafe3c3da8ab44ad2112ede3a6a5ceaa51b99b8d4b10faedef8f,BAD,BAD,BAD_CONT_CROSS_WINDOW,False
nstxuG121123B12/N9/egn09w.1374E+02,bad,f327f14d57841fab8ee7bdc71bd00ea13e21beada243dd4ed51641559d3f1633,BAD,BAD,BAD_GRID_SCALE_SPIKE,False
nstxuG121123B12/N9/egn09w.1505E+02,bad,08d84d4b75bb5b5f84c352d3b429c85e99d1fc92a2dc026f9cf5e93ead5b9891,REVIEW,BAD,BAD_CONTINUUM_CROSSING_TAIL,True
nstxuG121123B12/N9/egn09w.1743E+02,good,65d49b46eb6c6d204203c30b904ffeebc340d729e433d73665f6cd0780973744,REVIEW,REVIEW,NO_GOOD_TEMPLATE,False
nstxuG121123B12/N9/egn09w.2202E+02,bad,a621aba79071ef237eaa7fa5df6cc077abbb63eafd1c4c811c286aa533c7126a,BAD,BAD,BAD_AXIS_SPIKE,False
nstxuG121123B12/N9/egn09w.2255E+02,bad,0be1d591d4fde39021fafe7e89e73ae6b86052e6db78315d5f4a151f314ddd0c,BAD,BAD,BAD_GRID_SCALE_SPIKE,False
nstxuG121123B12/N9/egn09w.2347E+02,bad,89247139b5f7de83e4eba92f7e6d5611c997d7d2746555716a1312394c078409,BAD,BAD,BAD_AXIS_SPIKE,False
nstxuG121123B12/N9/egn09w.2392E+02,bad,9096232232b32223ec29535d69542ff0a38425eb16ac509e97e35509d1d6891a,BAD,BAD,BAD_CONT_CROSS_WINDOW,False
nstxuG121123B12/N9/egn09w.2431E+02,bad,b640571f47ee78692f01b35847a8751d290c3e1aaafad434f25702f086996944,BAD,BAD,BAD_AXIS_SPIKE,False
nstxuG121123B12/N9/egn09w.2477E+02,bad,073f1613fbcfb7ad9348bce2ea92e2e26581e531724ef30e8035a89404c5717e,BAD,BAD,BAD_AXIS_SPIKE,False
nstxuG121123B12/N9/egn09w.2601E+02,bad,7da5ed4d2df028c9164e960600b916b93c16e607b247b888f6f5826206741e65,BAD,BAD,BAD_AXIS_SPIKE,False
nstxuG121123B12/N9/egn09w.2661E+02,good,a60a3ec1faf4d8dcc21fe8b106617998b984f6c21f26dbeab5c438e6114c5eca,REVIEW,REVIEW,NO_GOOD_TEMPLATE,False
nstxuG121123B12/N9/egn09w.2852E+02,bad,5317d05cd654b1247bc6b6bb38369958ef5a7678ac6f43c10a886e2d94c1105d,BAD,BAD,BAD_CONT_CROSS_WINDOW,False
nstxuG121123B12/N9/egn09w.2865E+02,bad,955e460d429113ad16930fac273282300d068f4e88d8ee0964fe4ae7da5049bc,BAD,BAD,BAD_CONT_CROSS_WINDOW,False
nstxuG121123B12/N9/egn09w.2884E+02,good,61f6d202bb69b6dabefb19603781b021941c1362eea42be63085103ef12913d3,REVIEW,REVIEW,NO_GOOD_TEMPLATE,False
nstxuG121123B12/N9/egn09w.2912E+02,good,4d2da9f1ce916b8383bfc6b734d9842c19f5f77a03c2d8bc4b51d2a599d2cf30,REVIEW,REVIEW,NO_GOOD_TEMPLATE,False
nstxuG121123B12/N9/egn09w.3038E+02,bad,ac4ed091f0cfcd588f9f484f69a90afff4bd5878458e8081a32bf5db9927c6ef,BAD,BAD,BAD_CONT_CROSS_WINDOW,False
nstxuG121123B12/N9/egn09w.3049E+02,bad,65bf3c4d4e08aded6dddd20a07696a7ce61b20173af20d5fe3b6cf5e91a25009,BAD,BAD,BAD_GRID_SCALE_SPIKE,False
nstxuG121123B12/N9/egn09w.3529E+02,bad,e113e7b3ac5a42d3b638789826b9a1b835c86ecb536a8b5467e2696db95e6dfc,BAD,BAD,BAD_GRID_SCALE_SPIKE,False
nstxuG121123B12/N9/egn09w.3777E+02,bad,9e239e7ea747440f07aa13b5cc3e69036ab3a6b75b442eea2671db2917aed7fe,BAD,BAD,BAD_AXIS_SPIKE,False
nstxuG121123B12/N9/egn09w.3796E+02,bad,7f1d9709a359e63cf3156e0daaa1e38198d553aacdf7dee59221fbb321708edf,BAD,BAD,BAD_AXIS_SPIKE,False
nstxuG121123B12/N9/egn09w.8217E+01,bad,d7a4153d936248af289ba2c6d8fc3ab06f790f8006e99fd14e9282c4c9492dc8,BAD,BAD,BAD_CONT_CROSS_WINDOW,False
nstxuG121123B12/N9/egn09w.8431E+01,bad,c817da338963ef9f0ba286893de05f65e2eff428869ae571a7888c9ec19ec929,BAD,BAD,BAD_CONT_CROSS_WINDOW,False
nstxuG121123B12/N9/egn09w.8529E+01,bad,8e7fcbee8f1aad51ae1dd33b785f8649154529fd81e86c42feafb14a3d38be9f,BAD,BAD,BAD_CONT_CROSS_WINDOW,False
nstxuG121123B12/N9/egn09w.8610E+01,bad,0d9576f8fe82e0a26360c0af7183089b15fcd346f1894e554fcbf4cb399b4b9d,BAD,BAD,BAD_CONT_CROSS_WINDOW,False
nstxuG121123B12/N9/egn09w.9406E+01,bad,577424d093026a903fc23aa39a1f1ae5c3eaf7d8acd7871e1bb9abee3ba86c54,BAD,BAD,BAD_GRID_SCALE_SPIKE,False
nstxuG121123B12/N9/egn09w.9892E+01,bad,98718f6ffaea48f377f9d9656399960462d515ca33ad177c8d559a3962331960,BAD,BAD,BAD_GRID_SCALE_SPIKE,False
nstxuG121123J38/N1/egn01w.2758E+02,bad,43d2824af5fb0f6bc9c7a398a9a387a578c409c3c29c10d36806c855588bdade,BAD,BAD,BAD_GRID_SCALE_SPIKE,False
nstxuG121123J38/N1/egn01w.2840E+02,bad,74e8760c89d6ada86585e0ee128de55bf5086baaff80619f82db3632c83307d2,BAD,BAD,BAD_AXIS_SPIKE,False
nstxuG121123J38/N1/egn01w.2852E+02,bad,1b35408d5082f63f6d7eed7f356eca97e3a81dd0df4414ff913aaae5aeace1d7,BAD,BAD,BAD_AXIS_SPIKE,False
nstxuG121123J38/N1/egn01w.2988E+02,bad,c2dd9b37dae7d6f48f07c901751fff0cbfcd6252046749f71638000a8e34fab9,BAD,BAD,BAD_AXIS_SPIKE,False
nstxuG121123J38/N1/egn01w.3002E+02,bad,514bb79593963d22ed285da6a42025295607c9bbc8c8267603d455628634102c,BAD,BAD,BAD_AXIS_SPIKE,False
nstxuG121123J38/N1/egn01w.3093E+02,bad,fd0ca8c51d5182808c8fa01ed49525b38075fc7a6f5da46c49fea8723757d7a2,BAD,BAD,BAD_AXIS_SPIKE,False
nstxuG121123J38/N1/egn01w.3246E+02,bad,e495514485ad39839dd2852d1d3e32ed714f299c2597af7b3ebf0313371fe797,BAD,BAD,BAD_AXIS_SPIKE,False
nstxuG121123J38/N1/egn01w.3276E+02,bad,001c6f9ad1a7e472bf2a0a8ee35601752ae12820c670c8dd06a72001e12c195e,BAD,BAD,BAD_AXIS_SPIKE,False
nstxuG121123J38/N1/egn01w.3323E+02,bad,bd3bbf5fd765ea39befd649b12cdfc6de4d7b5fb297af8330d419893a92ea4b0,BAD,BAD,BAD_AXIS_SPIKE,False
nstxuG121123J38/N10/egn10w.1025E+02,bad,b06a1a7bdfe264a510ee1aaedef698804af3be9b3bdcca69b70e91f32770e31e,BAD,BAD,BAD_CONT_CROSS_WINDOW,False
nstxuG121123J38/N10/egn10w.1030E+02,bad,a0c1c3bab79a7bc8b69765050e2659178f311a2b1fd7dab8fe41104761917fe9,BAD,BAD,BAD_CONT_CROSS_WINDOW,False
nstxuG121123J38/N10/egn10w.1054E+02,bad,f1b0d25b79c623a999eee6dc547592a41698d1198f3fcf2bf0162eba7ed0ed21,BAD,BAD,BAD_CONT_CROSS_WINDOW,False
nstxuG121123J38/N10/egn10w.1091E+02,bad,73c75753a021fba47bbafbfbdbd7c5ef25c5ceab759a35a42d26bbc9e59d34f0,BAD,BAD,BAD_CONT_CROSS_WINDOW,False
nstxuG121123J38/N10/egn10w.1101E+02,bad,4ee5d4b3d9b312c119fc7a2dee1be9a0a7dd7e45eb6104f11d185ec19c90c0cf,BAD,BAD,BAD_CONT_CROSS_WINDOW,False
nstxuG121123J38/N10/egn10w.1163E+02,bad,fad20761a8e4c2f43899a6998fc3d94790b83486e6baaa52b895e5bcd6c89132,BAD,BAD,BAD_CONT_CROSS_WINDOW,False
nstxuG121123J38/N10/egn10w.1221E+02,bad,2477cb0706016826e2b1b01264bb51db15238ce705f97f4a9640504e09a4f059,BAD,BAD,BAD_CONT_CROSS_WINDOW,False
nstxuG121123J38/N10/egn10w.1287E+02,bad,df1fb7cd757f2d832603b077e5674b18c719a03f2485714ccd6de506cfdf43eb,BAD,BAD,BAD_CONT_CROSS_WINDOW,False
nstxuG121123J38/N10/egn10w.1337E+02,bad,4bd0c2dcd8e5c4a601633ceaa53f15f415b43f4376ef7019894de3cfa65190fe,BAD,BAD,BAD_CONT_CROSS_WINDOW,False
nstxuG121123J38/N10/egn10w.1395E+02,bad,69c49ebf63694e6d40987a8358eb4585904c2ba8e855e579284a11a8e252e8a3,REVIEW,REVIEW,NO_GOOD_TEMPLATE,False
nstxuG121123J38/N10/egn10w.1468E+02,bad,9513522165079a6de07b77df9e10430e917ab06f1491a05cb025cced3e2af9df,REVIEW,REVIEW,NO_GOOD_TEMPLATE,False
nstxuG121123J38/N10/egn10w.1564E+02,bad,77794317e830f402bdb728ded7912f83c54fabcd2e25e6d2a0b1e8c3226b0334,BAD,BAD,BAD_CONT_CROSS_WINDOW,False
nstxuG121123J38/N10/egn10w.1672E+02,bad,81699f33d3f55e76071d3e2cd9711d89ce9e3adf773cf95248f68ec04e818c29,BAD,BAD,BAD_CONT_CROSS_WINDOW,False
nstxuG121123J38/N10/egn10w.1794E+02,bad,e00b18ba762d265c6c39fc576de034e5d3eb93bafaf894ec31a33a446f850416,BAD,BAD,BAD_GRID_SCALE_SPIKE,False
nstxuG121123J38/N10/egn10w.1795E+02,good,f3371d18baa50d2a7a08da2d8d69551cb19fc287a0b54a1401c525f0cb45d1a7,REVIEW,REVIEW,NO_GOOD_TEMPLATE,False
nstxuG121123J38/N10/egn10w.1935E+02,bad,7c9452139d557d0e509d89072ca9dfcb656a367b071fa7057b215564f70c15a8,BAD,BAD,BAD_CONT_CROSS_WINDOW,False
nstxuG121123J38/N10/egn10w.2067E+02,good,f3a537ca9db3991d70ad59873d5b651fbda2d01a3e17a9820523dd80dfe5f428,REVIEW,REVIEW,NO_GOOD_TEMPLATE,False
nstxuG121123J38/N10/egn10w.2187E+02,bad,a9dc5a1891ec7441509074ff8bc7c50d654344a6010740259838837ffc280f6b,BAD,BAD,BAD_GRID_SCALE_SPIKE,False
nstxuG121123J38/N10/egn10w.2189E+02,bad,a16610b9e44f273bacc7cc05ec306b8031664cbbe3d324336432b042e12b0848,BAD,BAD,BAD_CONT_CROSS_WINDOW,False
nstxuG121123J38/N10/egn10w.2199E+02,bad,58359fa155570d165d788d8ba1576e6a4150aeaa06d5b71a0cd01467b833c930,BAD,BAD,BAD_GRID_SCALE_SPIKE,False
nstxuG121123J38/N10/egn10w.2227E+02,good,08926ebfd75e25172241165d17690e02bc27da4a3ee6e07ead4fe4c59624f63f,REVIEW,REVIEW,NO_GOOD_TEMPLATE,False
nstxuG121123J38/N10/egn10w.2244E+02,bad,f868f26dd180527e54af8e9a048e872c8b129f7cd69fbf10ff0f77d6da5ef3bd,BAD,BAD,BAD_CONT_CROSS_WINDOW,False
nstxuG121123J38/N10/egn10w.2422E+02,good,8dc98ab1e6ed9c4845702880515de0a9fa38d5c07fa2bec90686b8ac2a107a72,REVIEW,REVIEW,NO_GOOD_TEMPLATE,False
nstxuG121123J38/N10/egn10w.2620E+02,bad,518597b698cb7a62b73cb5e3fb2e9791bdb78fad9173dc7f147bfbe45b8621e0,BAD,BAD,BAD_CONT_CROSS_WINDOW,False
nstxuG121123J38/N10/egn10w.2735E+02,bad,0a96e9829bf15248d03102311e6b8bd4879019b2541cafbf02d926cd97f16fbc,BAD,BAD,BAD_CONT_CROSS_WINDOW,False
nstxuG121123J38/N10/egn10w.2751E+02,bad,9f25c09dd4f6770615c67d9ea90fdb59099b9cee66230834c1abced6255799cc,BAD,BAD,BAD_GRID_SCALE_SPIKE,False
nstxuG121123J38/N10/egn10w.2920E+02,bad,c97a94c18e62103ac0cdd20974abae683864105beffdc73e79c5ba7ef6a9f66b,BAD,BAD,BAD_AXIS_SPIKE,False
nstxuG121123J38/N10/egn10w.2941E+02,bad,c0741891e1ab2ced6a05bbf7dc14135c9cabdae0decc9530f6262a918b41b885,BAD,BAD,BAD_AXIS_SPIKE,False
nstxuG121123J38/N10/egn10w.2977E+02,bad,45e9d49513bff6053b8cc943478e83f188c417a819720ac3900f012c0880c704,BAD,BAD,BAD_AXIS_SPIKE,False
nstxuG121123J38/N10/egn10w.3071E+02,bad,a15aacce2251da11ed282f5f0cfdb07a0a1925c90fa9bf6ad2809dbb0360f44d,BAD,BAD,BAD_AXIS_SPIKE,False
nstxuG121123J38/N10/egn10w.3260E+02,bad,19f52992998310e73257bc3066bd063b98d300515d8a85fd8703b51558c6adc4,BAD,BAD,BAD_AXIS_SPIKE,False
nstxuG121123J38/N10/egn10w.3477E+02,bad,d0dd51225b8b73bc119ffee71b7ef3c4c97e44c28757a520f074aa782aad0c69,BAD,BAD,BAD_AXIS_SPIKE,False
nstxuG121123J38/N10/egn10w.3559E+02,good,c54b089e3d2511c91a421922e4bc264c7054ddad6d76f936b1d7caf01129c083,REVIEW,REVIEW,NO_GOOD_TEMPLATE,False
nstxuG121123J38/N10/egn10w.3596E+02,good,887dade4c58f0b2a08477d1c3adb519b8ac7b4ea513bd32ee8a2a65c26217ff5,REVIEW,REVIEW,NO_GOOD_TEMPLATE,False
nstxuG121123J38/N10/egn10w.3698E+02,bad,7b60e80a13ff4ed89753dc47ad4edfb9a7202cd4b37a21c6f1783b70778f5cdc,REVIEW,REVIEW,NO_GOOD_TEMPLATE,False
nstxuG121123J38/N10/egn10w.4584E+02,bad,41e8e90405698a4b7db84214e1c2c4787697383b9ab2aa2ff6d99571c7a2add7,BAD,BAD,BAD_CONT_CROSS_WINDOW,False
nstxuG121123J38/N10/egn10w.9766E+01,bad,c15507c290f701487578f9b7b37bfafd42c8b9ea56a5747899b7b5924eaae925,BAD,BAD,BAD_CONT_CROSS_WINDOW,False
nstxuG121123J38/N2/egn02w.3523E+02,bad,c90663a1ec7e9513288c7202b3d0637e49bdacbe459af3447269263242c022d7,BAD,BAD,BAD_AXIS_SPIKE,False
nstxuG121123J38/N2/egn02w.4164E+02,bad,1af8f3b97d6e13b2e552ed00be24e91336733d61bccce26d1296fe7ed2b44b2a,BAD,BAD,BAD_AXIS_SPIKE,False
nstxuG121123J38/N2/egn02w.4188E+02,bad,98a9d2ff6942db454b7a75c158de511b0a68eb1ad63a2ad7ba05c8e65a0cb58f,BAD,BAD,BAD_AXIS_SPIKE,False
nstxuG121123J38/N2/egn02w.4243E+02,bad,3e6503c2fb8ff55b92cf27272651df5da7caafae5b4c97c307ab50d02d97c615,BAD,BAD,BAD_AXIS_SPIKE,False
nstxuG121123J38/N3/egn03w.2614E+02,bad,6e6235c588fe44b3e5d2b89e65859845a5ffe22e86bc31ead5e4121f9ebbeb3d,BAD,BAD,BAD_GRID_SCALE_SPIKE,False
nstxuG121123J38/N3/egn03w.2661E+02,bad,1d85b10480caf1352f474a5e73ead619bb8c2f80dbf521b7702154850e84ccab,BAD,BAD,BAD_AXIS_SPIKE,False
nstxuG121123J38/N3/egn03w.2715E+02,bad,f09aea68eba15182807edeb620dcc7f1589c285b4ee4789f4b6718e14f4ef480,BAD,BAD,BAD_AXIS_SPIKE,False
nstxuG121123J38/N3/egn03w.2781E+02,bad,3aa9da2caea77858b4d5f5e4544b3bc065cb5dc32b8653851cab7ab4ac4c74fd,BAD,BAD,BAD_GRID_SCALE_SPIKE,False
nstxuG121123J38/N3/egn03w.2954E+02,bad,263716de76e0dcf984dc4e41cf66f1859f24c0531e7dde080cad7e5d25c80955,BAD,BAD,BAD_GRID_SCALE_PACKET,False
nstxuG121123J38/N3/egn03w.4518E+02,bad,b4f8c1fef7e23ce0fe651f530c83a981ee6e7852658e9e48ae49b6f44ebf6c1d,BAD,BAD,BAD_GRID_SCALE_SPIKE,False
nstxuG121123J38/N3/egn03w.4527E+02,bad,ebc1aa69f9ed109a34a75d4b84f0377aaaf7502349668814b3c37760cf225575,BAD,BAD,BAD_GRID_SCALE_SPIKE,False
nstxuG121123J38/N3/egn03w.9525E+01,bad,29b7e47fb8b3fdcdd01d922d01c774c24e2adf522d47e8fce7d2ddd84ca0f5f5,BAD,BAD,BAD_CONT_CROSS_WINDOW,False
nstxuG121123J38/N4/egn04w.1007E+02,bad,963d1c06f3001e473b876554187d3380173451378f830bbe0f5b897e1e7cfd28,BAD,BAD,BAD_CONT_CROSS_WINDOW,False
nstxuG121123J38/N4/egn04w.9885E+01,bad,bb82f43e4b92b7b87ad75bbcb5329b88ea37be956f4b6d9f5aad91bfe52f36d2,BAD,BAD,BAD_CONT_CROSS_WINDOW,False
nstxuG121123J38/N5/egn05w.1040E+02,bad,6eda327f643fbdf95b7d12ac782b227ecf1dd34a317e8f3d189d79112b98fa45,BAD,BAD,BAD_CONT_CROSS_WINDOW,False
nstxuG121123J38/N5/egn05w.1753E+02,bad,8647c6906dd24b0e562035fad495c6feb252470cad91fb6554c95feeb0ebc568,BAD,BAD,BAD_CONT_CROSS_WINDOW,False
nstxuG121123J38/N5/egn05w.1785E+02,bad,e7082604ad02dfd8599f9670609c3424cfa1426b99a0535a6534cd53201f9668,BAD,BAD,BAD_CONT_CROSS_WINDOW,False
nstxuG121123J38/N5/egn05w.1811E+02,bad,d6cb2148e12d4a8ef57dce78baa48481d85eeb7bea2d995aa2631c522a032e88,BAD,BAD,BAD_CONT_CROSS_WINDOW,False
nstxuG121123J38/N5/egn05w.1834E+02,bad,975a5fb69952d892f115b4a474e5d85472cca4f5d296f2ac37e9e54ca21a796a,BAD,BAD,BAD_CONT_CROSS_WINDOW,False
nstxuG121123J38/N5/egn05w.1857E+02,bad,fccc97f8548caaa284987df37dca9f4f5e00538a8a6bd379f63ecca21bb75af7,BAD,BAD,BAD_CONT_CROSS_WINDOW,False
nstxuG121123J38/N5/egn05w.9122E+01,bad,f06f47f7bc44a5c674fe2b2d4d3cc80cec6d6d8f83a7b96f4d56e04baa520c10,BAD,BAD,BAD_CONT_CROSS_WINDOW,False
nstxuG121123J38/N6/egn06w.1051E+02,bad,811210541c134e8ea2cae6c1bf68157e0e31ce74e504a748e5ef74bc0768a288,BAD,BAD,BAD_CONT_CROSS_WINDOW,False
nstxuG121123J38/N6/egn06w.1054E+02,bad,d31f2dd7f9a6dd0d3d2951c4d2070d7839d67eabb99055bb1e6a388144ec01c0,BAD,BAD,BAD_CONT_CROSS_WINDOW,False
nstxuG121123J38/N6/egn06w.1113E+02,bad,54adc4629b4d689fc06f493603a89e9f2e694d0b5783b222f54ecc372bbb6a2b,BAD,BAD,BAD_CONT_CROSS_WINDOW,False
nstxuG121123J38/N6/egn06w.1130E+02,bad,0e21dd1c8af04e6cded37b75876b0e96daa05bcb112c08b6f99cf29067d5975c,BAD,BAD,BAD_GRID_SCALE_SPIKE,False
nstxuG121123J38/N6/egn06w.1140E+02,bad,e245631cbffb2d0a42b4a27a3b34aa73f9701ffd66d0857eb4643803657fce39,BAD,BAD,BAD_CONT_CROSS_WINDOW,False
nstxuG121123J38/N6/egn06w.1178E+02,bad,5b52f7da581ae089dc321e60c52aa133dd3ad80db5c0042711bb7e2955729cb7,BAD,BAD,BAD_CONT_CROSS_WINDOW,False
nstxuG121123J38/N6/egn06w.1184E+02,bad,c7c25f4723daa8e51d40d034aaa4d911ef51ab329d8f53a8d350c53afd214549,BAD,BAD,BAD_CONT_CROSS_WINDOW,False
nstxuG121123J38/N6/egn06w.1191E+02,bad,7dfd65af705ffa78d0fe04de43176dd4c1cb992c2f2e462d1864a65657561450,BAD,BAD,BAD_CONT_CROSS_WINDOW,False
nstxuG121123J38/N6/egn06w.1345E+02,bad,273c1d573d556551828535d331215c98c767b2b367712612bf6aefe07583ba46,BAD,BAD,BAD_CONT_CROSS_WINDOW,False
nstxuG121123J38/N6/egn06w.1470E+02,bad,3880f93c9b7f91b6158459dc8d5665c59781d28588a689337991339ece8db6f0,BAD,BAD,BAD_CONT_CROSS_WINDOW,False
nstxuG121123J38/N6/egn06w.1621E+02,bad,770dbe52aae94e62467e9e49b133d0ca75ed32e89279d5fd5afd1fa75eee9c50,BAD,BAD,BAD_CONT_CROSS_WINDOW,False
nstxuG121123J38/N6/egn06w.1709E+02,bad,d6992d8e5aeeef24d964083d3fb35d26c6689e3efd6dcd13a9abd666d12d982c,BAD,BAD,BAD_GRID_SCALE_SPIKE,False
nstxuG121123J38/N6/egn06w.1780E+02,bad,e8324d6749d13103895acca8b907d71e69c249bd9785f1177395980bbe95db3b,BAD,BAD,BAD_CONT_CROSS_WINDOW,False
nstxuG121123J38/N6/egn06w.1859E+02,bad,e5deb49bddf578b87dd9eb760f4d930f3155d037b286ac64b77a370e1afaf2e2,BAD,BAD,BAD_CONT_CROSS_WINDOW,False
nstxuG121123J38/N6/egn06w.2044E+02,bad,d475c858b3b411853a992edfd1848addd35d1ad85662b38a4eb3e5eec9c90c01,BAD,BAD,BAD_CONT_CROSS_WINDOW,False
nstxuG121123J38/N6/egn06w.2392E+02,bad,639cef86f02c73e20c19ad78a5de3beab32f0c7fff0b3259dcf6a81ce2aa752f,BAD,BAD,BAD_CONT_CROSS_WINDOW,False
nstxuG121123J38/N6/egn06w.2410E+02,bad,82d0e6e45113e681cbcad359b634a60e0ce58542a5403a43fceee07c66cfdf17,BAD,BAD,BAD_GRID_SCALE_SPIKE,False
nstxuG121123J38/N6/egn06w.2660E+02,bad,d39204cfe52b253abf22a9e308b97a1edcbac02fccd1a70529b78fc9934624ca,BAD,BAD,BAD_AXIS_SPIKE,False
nstxuG121123J38/N6/egn06w.2722E+02,bad,437dcd74e2f4a5c537e080de00426913950967c3a6fa4ae3b4f97833d7ff4c26,BAD,BAD,BAD_CONT_CROSS_WINDOW,False
nstxuG121123J38/N6/egn06w.4521E+02,bad,91f5ffb17ef31d870b9c6f403d344ac33a93f9eb75537d9ec94996e1b38a2854,BAD,BAD,BAD_AXIS_SPIKE,False
nstxuG121123J38/N6/egn06w.9499E+01,bad,2838e173c3a5b887722257e875d96a42ebf31744ec0bc33a5d383fe2c322a223,BAD,BAD,BAD_CONT_CROSS_WINDOW,False
nstxuG121123J38/N7/egn07w.1025E+02,bad,831cdac44f66dc218060abf86d54f236138805ab6895c86a8b9f62052d313884,BAD,BAD,BAD_CONT_CROSS_WINDOW,False
nstxuG121123J38/N7/egn07w.1050E+02,bad,197a536767e7a4cc8e372cf2d7ee02002097918cdbcfba7c6a248550d4a1426f,BAD,BAD,BAD_CONT_CROSS_WINDOW,False
nstxuG121123J38/N7/egn07w.1065E+02,bad,41fe4417411be8359865a3313a1d48f686abac7e05bd7e8e1fd71ce55032fc52,BAD,BAD,BAD_CONT_CROSS_WINDOW,False
nstxuG121123J38/N7/egn07w.1071E+02,bad,b2a82f8aba20d6c6596f3682e4ba107730b0833ee58d868da62d51dfe017fdfe,BAD,BAD,BAD_CONT_CROSS_WINDOW,False
nstxuG121123J38/N7/egn07w.1087E+02,bad,9ac36965bd0c5aa710b7bfe87ceabbff1fda35b418d816061e484081e459891d,BAD,BAD,BAD_CONT_CROSS_WINDOW,False
nstxuG121123J38/N7/egn07w.1094E+02,bad,f5d7b2742b9c8712ce8b2a2ab517310c1f0e29be2ca621d1de4901632e0dc71d,BAD,BAD,BAD_CONT_CROSS_WINDOW,False
nstxuG121123J38/N7/egn07w.1106E+02,bad,fff96b92e0541cdfc026d2c014d472f01379970b25d669eed6b170060877dba6,BAD,BAD,BAD_CONT_CROSS_WINDOW,False
nstxuG121123J38/N7/egn07w.1115E+02,bad,ec5960e3133501f0669eba4c0e8eff6d633b8c5a6c2d6ee90611ed9a0e481333,BAD,BAD,BAD_CONT_CROSS_WINDOW,False
nstxuG121123J38/N7/egn07w.1137E+02,bad,64561f064a8da4d878b89bef95c34fc7d39271c2554cb4affe6fc92bc1ae943d,BAD,BAD,BAD_CONT_CROSS_WINDOW,False
nstxuG121123J38/N7/egn07w.1145E+02,bad,8bffab4761c40589f600332c3f47f42f419a6b48b14369b7b8b49e1ec86e540c,BAD,BAD,BAD_CONT_CROSS_WINDOW,False
nstxuG121123J38/N7/egn07w.1173E+02,bad,5342d0fe75e255c95e6b1c1d724e44dc33a8c0b19a4d517017edf1ee2691cf40,BAD,BAD,BAD_CONT_CROSS_WINDOW,False
nstxuG121123J38/N7/egn07w.1186E+02,bad,0057da1895cc360735c548c7e65f361d0637356aa45ade31c5900c1c153d4d05,BAD,BAD,BAD_CONT_CROSS_WINDOW,False
nstxuG121123J38/N7/egn07w.1236E+02,bad,081cca055c82ee489a795a1f348dd10bc3d01d5bcf2eb4910f355253b3d63ac2,BAD,BAD,BAD_CONT_CROSS_WINDOW,False
nstxuG121123J38/N7/egn07w.1299E+02,bad,0c8659191faa8bc24697e13232f54b5204fa7b64c43456f69bf6b81f72814f9f,BAD,BAD,BAD_CONT_CROSS_WINDOW,False
nstxuG121123J38/N7/egn07w.1378E+02,bad,0395f3f53e80287648fc85d5e5a3beda39e5e563759da583ed74029635057639,BAD,BAD,BAD_CONT_CROSS_WINDOW,False
nstxuG121123J38/N7/egn07w.1564E+02,bad,b64c28dded5557c1f57bf3fa6b067d65813367f0c3a62c72b1c3e2823846b3ca,BAD,BAD,BAD_GRID_SCALE_SPIKE,False
nstxuG121123J38/N7/egn07w.1600E+02,bad,30c08b0ba784946f86111472af623b2eb084f6d70c79184aeca6a9fc7da64936,BAD,BAD,BAD_GRID_SCALE_SPIKE,False
nstxuG121123J38/N7/egn07w.1621E+02,bad,db68dd1318611b04545c669c5067953b9a8740fb369c208bbdd43dd71a705861,BAD,BAD,BAD_CONT_CROSS_WINDOW,False
nstxuG121123J38/N7/egn07w.1765E+02,bad,45d0c46f2d7fc987dee0a76cae0ec67f83afba4b95610b76bc0dbdbfa40a72e4,BAD,BAD,BAD_CONT_CROSS_WINDOW,False
nstxuG121123J38/N7/egn07w.1893E+02,bad,f03e5c2f483f2a7c01c0235ad3a6f18d565a9838f00e84a42320f8f742fc96ba,BAD,BAD,BAD_CONT_CROSS_WINDOW,False
nstxuG121123J38/N7/egn07w.2044E+02,bad,c74c868556f60d2ca887e02a24205552ba71ee844853e5312b6c84412100d16e,BAD,BAD,BAD_GRID_SCALE_SPIKE,False
nstxuG121123J38/N7/egn07w.2680E+02,bad,096e1a0ccae09a41f22e7c8e8ba8134834900276f9f20a5d41c4fa68068333e6,BAD,BAD,BAD_AXIS_SPIKE,False
nstxuG121123J38/N7/egn07w.2697E+02,bad,44cf172aedc53ecf4020a11c8a4625ac08bfd01dcbf4a73704a2e138e927493c,BAD,BAD,BAD_AXIS_SPIKE,False
nstxuG121123J38/N7/egn07w.2725E+02,bad,13de417a9e8abad697d136c82285335f7a81b1073d0f28e167b9b817f1d98147,BAD,BAD,BAD_AXIS_SPIKE,False
nstxuG121123J38/N7/egn07w.3028E+02,bad,accc7d19702597229d7009adfbda2512b139f9be335b898523b6f64d0969200c,BAD,BAD,BAD_CONT_CROSS_WINDOW,False
nstxuG121123J38/N7/egn07w.3273E+02,bad,9032ac63a52b69ec1198379b81a4a32fbe3076efdec1e6bfae4e038a82b47739,BAD,BAD,BAD_AXIS_SPIKE,False
nstxuG121123J38/N7/egn07w.3357E+02,bad,d823672c6a9ed4d3589c8c852362ff76cfe2bee545b6e252a0c0ebe8512844c3,BAD,BAD,BAD_AXIS_SPIKE,False
nstxuG121123J38/N7/egn07w.3384E+02,bad,83f868261803a45c6d29e49ba3a69c31efaafab99a2448120602bdbb3d57e714,BAD,BAD,BAD_CONT_CROSS_WINDOW,False
nstxuG121123J38/N7/egn07w.4270E+02,bad,3b9d1d0655f4edef41d9cf3278521b1f8acc79779f54cda5b255576d22836f66,BAD,BAD,BAD_CONT_CROSS_WINDOW,False
nstxuG121123J38/N7/egn07w.4548E+02,bad,8ec2051e25df52d46625da2fddf73d6f022454dc9b9d6b9965f22012c5e892db,BAD,BAD,BAD_GRID_SCALE_SPIKE,False
nstxuG121123J38/N7/egn07w.4580E+02,bad,aea6719eba61d1ef72f46b6e39825a0b91c13d30c25101da39bb467293855040,BAD,BAD,BAD_CONT_CROSS_WINDOW,False
nstxuG121123J38/N7/egn07w.4876E+02,bad,ac9558affd68e1caf31f70e353873746f78e880961b7f73ccdf6041448fe7820,BAD,BAD,BAD_GRID_SCALE_SPIKE,False
nstxuG121123J38/N7/egn07w.9174E+01,bad,935dd5d6213b8984f6774203190f135dd501b867b0ec95a367dcc4b4b5a8d58a,BAD,BAD,BAD_CONT_CROSS_WINDOW,False
nstxuG121123J38/N8/egn08w.1008E+02,bad,f5c0c733816ba70bae109a26d2670c91405534b43540f40b6bc9dbd34321752d,BAD,BAD,BAD_CONT_CROSS_WINDOW,False
nstxuG121123J38/N8/egn08w.1063E+02,bad,0dd278188e019cf8de3d3948e04335ea8e6cb88ea3029d1b8ed42ae6e2cd7baa,BAD,BAD,BAD_CONT_CROSS_WINDOW,False
nstxuG121123J38/N8/egn08w.1070E+02,bad,3f554c26232a17709e31b6b9e98cbf8a98129cbfd058d37c93940dba7d513829,BAD,BAD,BAD_CONT_CROSS_WINDOW,False
nstxuG121123J38/N8/egn08w.1082E+02,bad,2c9134e94383748186015f4aa12daedc78c635a59c88247439cc2c707225467c,BAD,BAD,BAD_CONT_CROSS_WINDOW,False
nstxuG121123J38/N8/egn08w.1129E+02,bad,5e1cc461cefa595a2b06069c86c40fc88329d22dbebd66d00328789c9b037615,BAD,BAD,BAD_CONT_CROSS_WINDOW,False
nstxuG121123J38/N8/egn08w.1255E+02,bad,c510a7d655eee87c9a94ce678421dd7d24bbdbbfda56ad564233230acb30bdc3,BAD,BAD,BAD_CONT_CROSS_WINDOW,False
nstxuG121123J38/N8/egn08w.1259E+02,bad,8466442e5cba6b5bde14f161a1e0f8447ee0308c7a6bdb24988f820c154c353c,BAD,BAD,BAD_CONT_CROSS_WINDOW,False
nstxuG121123J38/N8/egn08w.1406E+02,bad,12c2a031626edb814f8a36b3c81a409bbf44f2da439f5c02c5c0a913e74cfa6b,BAD,BAD,BAD_CONT_CROSS_WINDOW,False
nstxuG121123J38/N8/egn08w.1491E+02,bad,5ff221bb444d496cadb4147696717afbfb7236e743e25185076b0fd422db3280,BAD,BAD,BAD_CONT_CROSS_WINDOW,False
nstxuG121123J38/N8/egn08w.1596E+02,bad,c15fad231312404d30854f9e2faa3f9ccf5aa94e21bf33105ecf05372ab9324e,BAD,BAD,BAD_CONT_CROSS_WINDOW,False
nstxuG121123J38/N8/egn08w.1757E+02,bad,d2d88d67d6353a734b2d54236f25eba272687593ff112dc924f19755735ce817,BAD,BAD,BAD_GRID_SCALE_SPIKE,False
nstxuG121123J38/N8/egn08w.2222E+02,bad,86232338eee6d31cd067ff815ffc67a1a4541446f5841a1986a12154d6463d8e,REVIEW,REVIEW,NO_GOOD_TEMPLATE,False
nstxuG121123J38/N8/egn08w.2275E+02,bad,a7c616f2a37ccae5ba59e9f7eed4bd4f6c7fe5fc71efc8c36db1c2a8045b90a5,BAD,BAD,BAD_CONT_CROSS_WINDOW,False
nstxuG121123J38/N8/egn08w.2283E+02,bad,f388b8fe48e4886e22e6e1be23b7df542c943077d4e470a1e2ad6ae745da5f97,BAD,BAD,BAD_GRID_SCALE_SPIKE,False
nstxuG121123J38/N8/egn08w.2421E+02,bad,97f1df133f7deffd9bacfc37bc761a4ddea2d715b5e41f1d61b4798d7842f662,REVIEW,BAD,BAD_CONTINUUM_CROSSING_TAIL,True
nstxuG121123J38/N8/egn08w.2629E+02,bad,47ba439be72c0fa8d8a0f816a3baf4d7dbe024112f3a1a5291723a1e1e271f49,BAD,BAD,BAD_CONT_CROSS_WINDOW,False
nstxuG121123J38/N8/egn08w.2974E+02,bad,c8d9b985b53a3587ead6604058e24cf35415130c15f0fe165bb47c5802b45acf,REVIEW,REVIEW,NO_GOOD_TEMPLATE,False
nstxuG121123J38/N8/egn08w.3044E+02,bad,5333af328dde21b6cb611d8b4b3683783d964c91d767dcaa24949166db9e4f60,BAD,BAD,BAD_CONT_CROSS_WINDOW,False
nstxuG121123J38/N8/egn08w.3049E+02,bad,f9c4f28dcc69924eac3968d83da0a949dd9c23eca7ca4c2b5230f79ce6535b61,BAD,BAD,BAD_GRID_SCALE_SPIKE,False
nstxuG121123J38/N8/egn08w.3062E+02,bad,25b5c917bbede4f8983ca55eb66789687cfca88ba906b7b769c795b2b3527f96,BAD,BAD,BAD_AXIS_SPIKE,False
nstxuG121123J38/N8/egn08w.3359E+02,bad,edfbfebdc49e4fe208de3419ba0a300da74f8a1d8062831751e7876a083d7489,BAD,BAD,BAD_CONT_CROSS_WINDOW,False
nstxuG121123J38/N8/egn08w.3371E+02,bad,1c331e505d5ac05d4af2a2b3aa637f6e2c43d3c0e80df4527d59b7a97c52acc6,BAD,BAD,BAD_AXIS_SPIKE,False
nstxuG121123J38/N8/egn08w.4131E+02,bad,35200c16d9a5ecdaed276c445d1d501e14007a861abd84c92715c0ca4264f5ce,BAD,BAD,BAD_AXIS_SPIKE,False
nstxuG121123J38/N8/egn08w.4508E+02,bad,a40e8408775a04fd8ff8bf3a9c934fd8a265c4947fb4ac70eaa7ec6b89aa87cb,BAD,BAD,BAD_NEAR_AXIS_GRID_OSCILLATION,False
nstxuG121123J38/N9/egn09w.1020E+02,bad,08be23eb87e02762ce212588a50d4ba75c8f0c149624b50691a42e9ac5d85fa9,BAD,BAD,BAD_CONT_CROSS_WINDOW,False
nstxuG121123J38/N9/egn09w.1048E+02,bad,7ab40dc4d3ca89300a499af137a4514b36a841735f941c56578a944051c33813,BAD,BAD,BAD_CONT_CROSS_WINDOW,False
nstxuG121123J38/N9/egn09w.1077E+02,bad,8aaeb9992b1c646f5af3506c52d04926589d782476a0bcd6ba5b5643faea6e84,BAD,BAD,BAD_CONT_CROSS_WINDOW,False
nstxuG121123J38/N9/egn09w.1086E+02,bad,4581ad4e752ff3f3d8496b42ed5f99caf2db1bc1bd03d89bd8920dbfffedca9b,BAD,BAD,BAD_CONT_CROSS_WINDOW,False
nstxuG121123J38/N9/egn09w.1103E+02,bad,09514f7a8ac219888459cb6cba3b955275c8d63309ebded5c3b4a2f3e6c0a8c6,BAD,BAD,BAD_CONT_CROSS_WINDOW,False
nstxuG121123J38/N9/egn09w.1111E+02,bad,4b2b5cf18a187540db544292d802cb493d549f2383232f34002b505e7ed41c95,BAD,BAD,BAD_CONT_CROSS_WINDOW,False
nstxuG121123J38/N9/egn09w.1127E+02,bad,11f69355cee0662f886b59f7e332a1a74b8c2f8970cedbc9b87345bb8a8c3e23,BAD,BAD,BAD_CONT_CROSS_WINDOW,False
nstxuG121123J38/N9/egn09w.1182E+02,bad,4866ef1093d2c5fd1d4ebde97d8cbb1e2cab35128c3b36c600b1314f7988b4af,BAD,BAD,BAD_CONT_CROSS_WINDOW,False
nstxuG121123J38/N9/egn09w.1220E+02,bad,28d4fbe991a3389fef9bd176965839e2b0ed09710d074c8a2933bdb1d57d77b4,BAD,BAD,BAD_GRID_SCALE_SPIKE,False
nstxuG121123J38/N9/egn09w.1278E+02,bad,f463300ee674cb798935008c151baf7517576d1931e608ab52dea96b4cd3fa69,BAD,BAD,BAD_CONT_CROSS_WINDOW,False
nstxuG121123J38/N9/egn09w.1333E+02,bad,1a93e8409476da95276b7cd334323275a8af78385c0f31c7e40c1365bbef8a26,REVIEW,REVIEW,NO_GOOD_TEMPLATE,False
nstxuG121123J38/N9/egn09w.1497E+02,bad,ebc4f6595cb9600a6b0f8b260ca7c90483cac8f08ee0be81b27bcf005ea0a4ba,REVIEW,REVIEW,NO_GOOD_TEMPLATE,False
nstxuG121123J38/N9/egn09w.1621E+02,bad,07eac8a8a40981a2be1efe25ddd631911e826cd290ef178fb06dc5bae022be75,BAD,BAD,BAD_GRID_SCALE_SPIKE,False
nstxuG121123J38/N9/egn09w.1673E+02,bad,f8bef4d324e07c75a3fb2c1e0611aa0e533b9bf88c7c1836f9b590565fbd6718,BAD,BAD,BAD_GRID_SCALE_SPIKE,False
nstxuG121123J38/N9/egn09w.1719E+02,bad,a5bcb4e5589a6bf3705218af93cf04e59841c64f4f924b28bebb1931566d9ccb,REVIEW,REVIEW,NO_GOOD_TEMPLATE,False
nstxuG121123J38/N9/egn09w.1857E+02,bad,20471379aa855137652aa872e38c73fa2c11b15160b44eda656fac31b1b6ae88,REVIEW,REVIEW,NO_GOOD_TEMPLATE,False
nstxuG121123J38/N9/egn09w.1983E+02,bad,1c7e9bb215bf45ed69eb7853e45c24f2ba9779950b3bf957056c812ca7f2f136,BAD,BAD,BAD_CONT_CROSS_WINDOW,False
nstxuG121123J38/N9/egn09w.2136E+02,good,99107f12ba7d89c1c4c87f1e6710c32a5e1d0916a8fb54023af3527a907a211e,REVIEW,REVIEW,NO_GOOD_TEMPLATE,False
nstxuG121123J38/N9/egn09w.2500E+02,bad,f3d9a2773f24194f852aacdac8401fc6f5df73ea757954158c7ae8f427307739,BAD,BAD,BAD_CONT_CROSS_WINDOW,False
nstxuG121123J38/N9/egn09w.2517E+02,bad,f20e820aa9961b75975346127f235202ff4c2eeab80d49966c87b2215f823d8d,BAD,BAD,BAD_AXIS_SPIKE,False
nstxuG121123J38/N9/egn09w.2523E+02,bad,2650d2c6454a5c0c5740c770100ddad2627cd102dfb90e497cbd3e280ce6656f,BAD,BAD,BAD_AXIS_SPIKE,False
nstxuG121123J38/N9/egn09w.3300E+02,bad,095f0954d9d58d5358b0c18f626e127c353893c14233dc68d71ad478eef99fd8,BAD,BAD,BAD_CONT_CROSS_WINDOW,False
nstxuG121123J38/N9/egn09w.3364E+02,bad,fe6e5f1183901fcd05df3bedd94e1b3772962e86935573a5b7581bf7ec7b0206,BAD,BAD,BAD_AXIS_SPIKE,False
nstxuG121123J38/N9/egn09w.3378E+02,bad,9c07633ea60ffa2afda10b990d18ce3be348e86a2dc7701a0d709dad37ba06c0,BAD,BAD,BAD_AXIS_SPIKE,False
nstxuG121123J38/N9/egn09w.3413E+02,bad,5637e3b89eb63ad3be061dbc0345247065dc045ecbaa280ae0507244ea3974f4,BAD,BAD,BAD_AXIS_SPIKE,False
nstxuG121123J38/N9/egn09w.3504E+02,bad,9f7db7f9d2ff9494e55515b1326f911381bbb622c81e6cfa7d011a02c1f78044,BAD,BAD,BAD_AXIS_SPIKE,False
nstxuG121123J38/N9/egn09w.3593E+02,bad,f6b2d575e7c00d62d2e63b2f02a12c22fc8d76e7b53efe428c27c6a4237516b5,BAD,BAD,BAD_AXIS_SPIKE,False
nstxuG121123J38/N9/egn09w.4203E+02,bad,e5e240bf18ccb3c9788b43c1dd3256d68b92abf24d1f4b1faef236653bb6cc2b,BAD,BAD,BAD_GRID_SCALE_SPIKE,False
nstxuG121123J38/N9/egn09w.4445E+02,bad,786785e6e0b47880c2aa3190fff0159f5eb8e6d7713749fafd8e8c61d2c862f7,BAD,BAD,BAD_GRID_SCALE_SPIKE,False
nstxuG121123K51/N10/egn10w.1318E+02,bad,3f31fa48e042dec2154c24aaccb3f83051a06c76bf3e70058de331fb71f789b3,BAD,BAD,BAD_CONT_CROSS_WINDOW,False
nstxuG121123K51/N10/egn10w.1595E+02,bad,69db0b43e8b8ca70d457886bd784bb9b3731963ca8a0da0a861c8474be9ddefd,BAD,BAD,BAD_CONT_CROSS_WINDOW,False
nstxuG121123K51/N10/egn10w.1682E+02,bad,05ac7e26366288395fb90e98609a9c30bdfc36fe20fbb91c88a6b93bdde92d26,BAD,BAD,BAD_CONT_CROSS_WINDOW,False
nstxuG121123K51/N10/egn10w.1794E+02,bad,b98bf286e6df858dfc2213d1d1565609d47401201cf83c2fe4b073e33ef0380c,BAD,BAD,BAD_CONT_CROSS_WINDOW,False
nstxuG121123K51/N10/egn10w.1906E+02,bad,e9f94c6bd74e152849d6d99940db443ef6bcd05b7ad8166209ae3bcaf058748e,BAD,BAD,BAD_GRID_SCALE_SPIKE,False
nstxuG121123K51/N10/egn10w.1915E+02,bad,2a6f6dec0b5a8da697cb0bf4f89c73b8ef2a8e49c4ec0f4979a99eb0144176db,BAD,BAD,BAD_CONT_CROSS_WINDOW,False
nstxuG121123K51/N10/egn10w.1994E+02,bad,ea8bd6ba87b8f509694537df53dcc504a7084c2829011bc1401db4f8a99176fc,BAD,BAD,BAD_GRID_SCALE_SPIKE,False
nstxuG121123K51/N10/egn10w.2227E+02,bad,f482a7de1b01830b3306606bb45abc8833550b32409ec59f1b81c5480f016bd1,BAD,BAD,BAD_CONT_CROSS_WINDOW,False
nstxuG121123K51/N10/egn10w.2237E+02,bad,b2290b3847b3cdede18cd2bcd7b52beabe9644360feaea56a58ccf73075ad774,BAD,BAD,BAD_GRID_SCALE_SPIKE,False
nstxuG121123K51/N10/egn10w.2327E+02,bad,2012a7e6fce8d7b08f01e05d292da99abe3de5c1f98104d0e4af490e514c6cc4,BAD,BAD,BAD_CONT_CROSS_WINDOW,False
nstxuG121123K51/N10/egn10w.2386E+02,good,94630395135419eb1e8c886066433aafe5798d323b64f6de6ee8f48d2605e527,REVIEW,REVIEW,NO_GOOD_TEMPLATE,False
nstxuG121123K51/N10/egn10w.2691E+02,good,9588cbc1bece52ac320a6cdaec46ee0ef56cca3643b16c8187f38e56ef6e3b6f,REVIEW,REVIEW,NO_GOOD_TEMPLATE,False
nstxuG121123K51/N10/egn10w.2700E+02,bad,1fceb2433d4da93f281790a85873cfbb61b090ba70c0eb8c8c0ca5e110f470d8,BAD,BAD,BAD_GRID_SCALE_SPIKE,False
nstxuG121123K51/N10/egn10w.2767E+02,bad,5e6d4ef72bcf7ddced74a6ceece8b766c225befef1547ca197820ce4dd855968,BAD,BAD,BAD_CONT_CROSS_WINDOW,False
nstxuG121123K51/N10/egn10w.2782E+02,good,8144c9a97c25031a5c3e748aa6c65e8827dc6f7d7a38607c3d0d262902b843b2,REVIEW,REVIEW,NO_GOOD_TEMPLATE,False
nstxuG121123K51/N10/egn10w.3021E+02,bad,1404fc45568ee14dfd0412697b3b8abd705f54d7e19205072c45e72fbe933638,BAD,BAD,BAD_CONT_CROSS_WINDOW,False
nstxuG121123K51/N10/egn10w.3351E+02,bad,7a38094044a4b73a8ea9935ad4158ff0c1987887f98a3baa5a31ecbf5232746b,BAD,BAD,BAD_GRID_SCALE_SPIKE,False
nstxuG121123K51/N10/egn10w.3437E+02,good,d9e6fc036d53a30a3a5ee5a00a3bd1c9c1dd87342c81aecd2f1420d53c76c75b,REVIEW,REVIEW,NO_GOOD_TEMPLATE,False
nstxuG121123K51/N10/egn10w.3951E+02,bad,4a71371270f59b094a364360a3f61d2f41ae901f2a3f4abf2395f7cfc7a6c91c,BAD,BAD,BAD_CONT_CROSS_WINDOW,False
nstxuG121123K51/N10/egn10w.4354E+02,bad,f26e259dc18e1e5186c70fce1dd278addba92367ebf4b0b56b8214bc4ff26eee,BAD,BAD,BAD_AXIS_SPIKE,False
nstxuG121123K51/N10/egn10w.4437E+02,good,6146558babe07cf1fb5977134127531f556e5a93151534f55fcf28ae5e75b892,BAD,BAD,BAD_AXIS_SPIKE,False
nstxuG121123K51/N10/egn10w.4478E+02,good,8f7b76ef4c0da9c3eb00672e6cf44b37aa9c5c7bf6d35f6c598d4561ee5e3052,REVIEW,REVIEW,NO_GOOD_TEMPLATE,False
nstxuG121123K51/N10/egn10w.4557E+02,good,ec8b1403fd2bd9941671e413bd18c77102cdb9d3936e8e4bec1371a3bcbf5ba1,REVIEW,REVIEW,NO_GOOD_TEMPLATE,False
nstxuG121123K51/N10/egn10w.4608E+02,bad,5e17e251c7fa035bba57cbd2c26765aff076cc1ca116e2306f05d32bb66ab43e,BAD,BAD,BAD_AXIS_SPIKE,False
nstxuG121123K51/N10/egn10w.4656E+02,good,b173f308fc9c3c910833e114a99fd7210ad26017599f3a7e83908f50ad68c3f0,REVIEW,REVIEW,NO_GOOD_TEMPLATE,False
nstxuG121123K51/N10/egn10w.4703E+02,good,f051b7d126880ceda5418cc2414de57b6f1080f6a2af5ad34e18b3ee8d9d8ee5,REVIEW,REVIEW,NO_GOOD_TEMPLATE,False
nstxuG121123K51/N10/egn10w.4750E+02,bad,8b247d1329b8708088d3f07543e1a75c47fc7c1b8d419fb4a628cf8f4dbb0543,BAD,BAD,BAD_GRID_SCALE_SPIKE,False
nstxuG121123K51/N10/egn10w.4938E+02,bad,525a36a51b08146eb53c1d32ea1c656a1ea659049af4c3e189691cd67ff68bd8,BAD,BAD,BAD_CONT_CROSS_WINDOW,False
nstxuG121123K51/N10/egn10w.4964E+02,bad,b04cd855e4f9c2ff1389d6f174f847506f74086e28ad7ccf5da64d4382407bdb,BAD,BAD,BAD_GRID_SCALE_SPIKE,False
nstxuG121123K51/N10/egn10w.5411E+02,bad,550c032a6158a009224e909080c55b6bd6b446bda93bf8a396d6f6eb41d65ca2,BAD,BAD,BAD_GRID_SCALE_SPIKE,False
nstxuG121123K51/N10/egn10w.5459E+02,bad,8275ea26c1b8f197af0dd4ded9975cdb203987b4ebb9911dff0505cb6eee1ffc,BAD,BAD,BAD_GRID_SCALE_SPIKE,False
nstxuG121123K51/N10/egn10w.5479E+02,bad,3335092a38f32634a48768db43bfa41aa0831da0598fba61720c7c92d33e1df6,BAD,BAD,BAD_CONT_CROSS_WINDOW,False
nstxuG121123K51/N10/egn10w.5548E+02,bad,f93d83233c7b11751a6fe67dcbd65bd562ee9b491b3dc2598de96d05208cf303,BAD,BAD,BAD_GRID_SCALE_SPIKE,False
nstxuG121123K51/N10/egn10w.5564E+02,bad,b89c7e50c1fb900ead61a0a8d9618f7826c8d8a63312f547f94ca2ed8a6c4459,BAD,BAD,BAD_GRID_SCALE_SPIKE,False
nstxuG121123K51/N10/egn10w.5578E+02,bad,a3d916ae09e1d95f4ac7b58066cc1739fa0573f92c094627a10c678552815d8a,BAD,BAD,BAD_GRID_SCALE_SPIKE,False
nstxuG121123K51/N2/egn02w.6193E+02,bad,609124ddf9a954abdb81f09f137cfb713a2787b608bd1ef41721f0941a1738e7,BAD,BAD,BAD_AXIS_SPIKE,False
nstxuG121123K51/N2/egn02w.6212E+02,bad,c7a468677cba9b48645e547badd0c80f7f3be9030675b8afbab7127ed2e2ee4a,BAD,BAD,BAD_CONT_CROSS_WINDOW,False
nstxuG121123K51/N2/egn02w.6235E+02,bad,65d4b9e9d0450d8fbb7320d920be7b78e784f23db6e73fed612e800f6c19e490,BAD,BAD,BAD_CONT_CROSS_WINDOW,False
nstxuG121123K51/N3/egn03w.1010E+02,bad,b7d25c153b5bbfd2fac8b61ed13cc8b1d565a080d2155cb33dca65f325745725,BAD,BAD,BAD_CONT_CROSS_WINDOW,False
nstxuG121123K51/N3/egn03w.6042E+02,bad,91da603185944a00bf46ee7fc773dc44b3a631f6c1bb07092220c0320e280d16,BAD,BAD,BAD_CONT_CROSS_WINDOW,False
nstxuG121123K51/N3/egn03w.6064E+02,bad,b5cedb393a2fdfdc3632282ed7604bce15bbc14c963159fe897502f40b51ad01,BAD,BAD,BAD_CONT_CROSS_WINDOW,False
nstxuG121123K51/N3/egn03w.6118E+02,bad,2898c5e095c009e2eff3de5290cf09d44553937d2659d7e3e2f24eafbf132d20,BAD,BAD,BAD_AXIS_SPIKE,False
nstxuG121123K51/N3/egn03w.6432E+02,bad,8a6cf0fb9c390bac3631599d194735ce28c2a5da8d26f5a4b21d7986c0ec12e4,BAD,BAD,BAD_GRID_SCALE_SPIKE,False
nstxuG121123K51/N3/egn03w.6587E+02,bad,2cee28dc4cedd32c3954c50413de1aed5c5fadf70b7e1584da2c6acc7b39fb7c,BAD,BAD,BAD_GRID_SCALE_SPIKE,False
nstxuG121123K51/N4/egn04w.6011E+02,bad,e57738cdbc2bddc83f87e672cd5fc0b10c4663cdcb97f450da29bde0c766e762,BAD,BAD,BAD_GRID_SCALE_SPIKE,False
nstxuG121123K51/N4/egn04w.8769E+01,bad,3ee9bb6d58fa3ecc3af463d771c86103328ed3ceaeda3ad1d8bd2eac6c5b5d93,INVALID,INVALID,INVALID_METADATA,False
nstxuG121123K51/N5/egn05w.1022E+02,bad,0a38c8858dfe05c487ab18b214df1837a4b549fd6a94d6942228e438041b3a96,BAD,BAD,BAD_CONT_CROSS_WINDOW,False
nstxuG121123K51/N5/egn05w.1061E+02,bad,f8fee6857ebb5d194a8d5f28277828acd3247d74f1ecd42e3a1435b384bc7b1e,BAD,BAD,BAD_CONT_CROSS_WINDOW,False
nstxuG121123K51/N5/egn05w.1067E+02,bad,d756b761a8730168f2cee72304a0367b6f9b05c58c3fbfba5c2ca142e7e10367,BAD,BAD,BAD_CONT_CROSS_WINDOW,False
nstxuG121123K51/N5/egn05w.5581E+02,bad,f922f6eb5c1f87cb319581b00ecf7e4400fb935462da09a5bb6f5c69a1aa1bf4,BAD,BAD,BAD_CONT_CROSS_WINDOW,False
nstxuG121123K51/N5/egn05w.9037E+01,bad,5462b1b32eb428eaf492746328ce8167b700f396a10a31b2ea7894fe42d43298,BAD,BAD,BAD_CONT_CROSS_WINDOW,False
nstxuG121123K51/N6/egn06w.1042E+02,bad,27bab8cbd330ba1d18b475f339a397b366c26dd11d262cf56186f79b13d9666d,BAD,BAD,BAD_CONT_CROSS_WINDOW,False
nstxuG121123K51/N6/egn06w.1091E+02,bad,cd02460c098cf28b03a59b1975518ca92d606f4fe8083b66b0e33fadc828defa,BAD,BAD,BAD_CONT_CROSS_WINDOW,False
nstxuG121123K51/N6/egn06w.1191E+02,bad,cd3de96b4e2c0bf4ef9477b538a8cb778aea2e8a8f215054cd833a7e8ae7b940,BAD,BAD,BAD_CONT_CROSS_WINDOW,False
nstxuG121123K51/N6/egn06w.5530E+02,bad,5fa3d73d9e5737be05b5b48b13699b4cbd50dca382e3e066c6a4b57bc8553043,BAD,BAD,BAD_CONT_CROSS_WINDOW,False
nstxuG121123K51/N6/egn06w.5561E+02,bad,3b44157aca8b3780a0373ac5c0875edf93ba80d14c0d0b06719da3e22f1b9018,BAD,BAD,BAD_GRID_SCALE_SPIKE,False
nstxuG121123K51/N6/egn06w.5991E+02,bad,970ce246bb6847fa768a334174e1e75a1a4633371aebe591a3693310ba7fcc43,BAD,BAD,BAD_GRID_SCALE_SPIKE,False
nstxuG121123K51/N7/egn07w.1181E+02,bad,1291f97ef87c6ca295ff6a2b26ed7fb85369f6f379c6d3325f24fae8e7765c0f,BAD,BAD,BAD_CONT_CROSS_WINDOW,False
nstxuG121123K51/N7/egn07w.1211E+02,bad,16e4e2b1138cf7cc664975ba94e1be4780733a0d978d24a9655d9c43889132ee,BAD,BAD,BAD_CONT_CROSS_WINDOW,False
nstxuG121123K51/N7/egn07w.1323E+02,bad,000968522e4d58d60e5b4c0fb98034f6b563d7da05f86f1ff4d0fdba89731267,BAD,BAD,BAD_CONT_CROSS_WINDOW,False
nstxuG121123K51/N7/egn07w.1360E+02,bad,3f9404d6c087fada2006f7785adeeb6943bcd58ec57c30f8bb648c2c3bf9370d,BAD,BAD,BAD_CONT_CROSS_WINDOW,False
nstxuG121123K51/N7/egn07w.1416E+02,bad,71c90d18282a50c562dae9c32857cbd6f27df9554450d367e48b92ad76043e82,BAD,BAD,BAD_CONT_CROSS_WINDOW,False
nstxuG121123K51/N7/egn07w.1494E+02,bad,175d0dc6dfdca3bf7a5be4486c5320eca4186638a65a86e73f883aa56e6741c2,BAD,BAD,BAD_CONT_CROSS_WINDOW,False
nstxuG121123K51/N7/egn07w.1729E+02,bad,9f6b7b7bdb2dd7b87acd93f63691cd163b6f03cfe52744864ebcad3630e006b2,BAD,BAD,BAD_CONT_CROSS_WINDOW,False
nstxuG121123K51/N7/egn07w.1867E+02,bad,c3b26550dce00f9eaf7a4b6c310b926a559f74dd344c230097d8c4fc75a644f9,BAD,BAD,BAD_CONT_CROSS_WINDOW,False
nstxuG121123K51/N7/egn07w.1931E+02,bad,4689ac76c72efe2100fd201ddd21c273f44e7180f24b230e8d68341fcdd5d464,BAD,BAD,BAD_GRID_SCALE_PACKET,False
nstxuG121123K51/N7/egn07w.1936E+02,bad,7f0f19528f754181a3af51f7ed19625c014c7d2772888c61e4d8b421ea8793cd,BAD,BAD,BAD_CONT_CROSS_WINDOW,False
nstxuG121123K51/N7/egn07w.2051E+02,bad,2417aa1b3af190fb12214f5526f0652bc0e1e4950af56f5d960e8b71df864891,BAD,BAD,BAD_CONT_CROSS_WINDOW,False
nstxuG121123K51/N7/egn07w.2206E+02,bad,49d6f02679992cd4a15dcaa9713e795dab2b88da2cb6c5e0aeaff7713cea19a5,BAD,BAD,BAD_CONT_CROSS_WINDOW,False
nstxuG121123K51/N7/egn07w.2424E+02,bad,3492dc87ab9e44e6771f501e87a447de091572719fd900d70da10af62cc8738d,BAD,BAD,BAD_CONT_CROSS_WINDOW,False
nstxuG121123K51/N7/egn07w.2429E+02,bad,20688a7e40e911f1c083f65ebdbaac0c7da00949cf048f324420c5365bb370b9,BAD,BAD,BAD_GRID_SCALE_SPIKE,False
nstxuG121123K51/N7/egn07w.2619E+02,bad,d1890994f4f4cd724eacf3112fe3432a335edf6d79f92f2fb09f370bbcad013a,BAD,BAD,BAD_CONT_CROSS_WINDOW,False
nstxuG121123K51/N7/egn07w.2775E+02,bad,4594ec5be83f34d92d184b77725f91b76aa4ac93a6b85db98148581dee4870b8,BAD,BAD,BAD_CONT_CROSS_WINDOW,False
nstxuG121123K51/N7/egn07w.3309E+02,bad,bdfa77758cfd2822d3c80447df493b016a00084a4ba9a62c7f9fdf87f60fb56a,BAD,BAD,BAD_CONT_CROSS_WINDOW,False
nstxuG121123K51/N7/egn07w.3313E+02,bad,ea0c1e260e186b32cf317637b6d4bbd6208a8a3db10e24df0fde152c5e3730e2,BAD,BAD,BAD_GRID_SCALE_SPIKE,False
nstxuG121123K51/N7/egn07w.5585E+02,bad,0f4f25c70b21178f27e6b14bc142b9829e69e19e9b36ace23d445794a135092e,BAD,BAD,BAD_GRID_SCALE_SPIKE,False
nstxuG121123K51/N8/egn08w.1159E+02,bad,011c2e7162db284775f587a0060fd049c509fb3a238c6975ffa3bdcdcfae2bab,BAD,BAD,BAD_CONT_CROSS_WINDOW,False
nstxuG121123K51/N8/egn08w.1204E+02,bad,5bfd82b34fae0aa67029a5ee4acf5f165688955820485ae38e51bbd01caece6b,BAD,BAD,BAD_CONT_CROSS_WINDOW,False
nstxuG121123K51/N8/egn08w.1235E+02,bad,6c375ee17e60984a49636542b127b6c573c22157ba53a0323beb5e9d3bc0c832,BAD,BAD,BAD_CONT_CROSS_WINDOW,False
nstxuG121123K51/N8/egn08w.1270E+02,bad,d662761c8ff134fa1bf9400e6113ae706f38b7700620b5bd867ef5e421b45d30,BAD,BAD,BAD_CONT_CROSS_WINDOW,False
nstxuG121123K51/N8/egn08w.1288E+02,bad,78b7967e9d75fbe3fd9e7d90b2f9b243be6d96fa40df5a36081d0b009f87f78c,BAD,BAD,BAD_AXIS_SPIKE,False
nstxuG121123K51/N8/egn08w.1314E+02,bad,7791494e21d388202eb3e8aa975530d4e043b80fbfd6c039a6f0faf1f2126fc3,BAD,BAD,BAD_CONT_CROSS_WINDOW,False
nstxuG121123K51/N8/egn08w.1351E+02,bad,f512e38943ff6420fd2381d71e37c063466285518fa586e5e6c7fac2176f1e4e,BAD,BAD,BAD_CONT_CROSS_WINDOW,False
nstxuG121123K51/N8/egn08w.1405E+02,bad,f692cdb8b43d6bf5eb757df228b6ca4b7b76448a2ba4e97368c34c5451584d65,BAD,BAD,BAD_CONT_CROSS_WINDOW,False
nstxuG121123K51/N8/egn08w.1409E+02,bad,92868deb4f6d3320fca7188a8a300a667381d97d5dba00bfc67e3d8f25c034de,BAD,BAD,BAD_CONT_CROSS_WINDOW,False
nstxuG121123K51/N8/egn08w.1453E+02,bad,f77f9d05fea5a1df5a60d04478954f6b339a0c6c21908f480862532335a2e75d,BAD,BAD,BAD_CONT_CROSS_WINDOW,False
nstxuG121123K51/N8/egn08w.1525E+02,bad,7152e230197e3fcbf55740edbfc41aab4c4466f9d8842608a79d9599edcca5a2,BAD,BAD,BAD_GRID_SCALE_SPIKE,False
nstxuG121123K51/N8/egn08w.1736E+02,bad,df8f3a28f0a1ee4f171fdc2246670f10b3739168a5e1de0e6b36fe20ab82177e,BAD,BAD,BAD_CONT_CROSS_WINDOW,False
nstxuG121123K51/N8/egn08w.1824E+02,bad,604ce1f92b6f889f22f683830c658c0be8a0c474d3f515585b5279bffe84a9ce,BAD,BAD,BAD_GRID_SCALE_SPIKE,False
nstxuG121123K51/N8/egn08w.1890E+02,bad,e88b87a11856dc42e5bc5ae77d827a8868ebffd57c23ec26046002c57f4d77f6,BAD,BAD,BAD_GRID_SCALE_SPIKE,False
nstxuG121123K51/N8/egn08w.2186E+02,bad,85525cbc2e8510d9deb35732843d661b6321713323de8b87c02102ddd3a62c73,BAD,BAD,BAD_CONT_CROSS_WINDOW,False
nstxuG121123K51/N8/egn08w.2347E+02,bad,9533bc5c20ef5ba4cd57094e8ac0397538a61b0af2ce248889ad9695b59c04b1,BAD,BAD,BAD_CONT_CROSS_WINDOW,False
nstxuG121123K51/N8/egn08w.2418E+02,bad,83b17b6ff672ac3dc50f4fd9e3d1d5892cfa85d2f7a5bab1858f4ab708c43d0c,BAD,BAD,BAD_CONT_CROSS_WINDOW,False
nstxuG121123K51/N8/egn08w.2571E+02,good,f7a2534c33c418071f12a5c6c0b759afdba74d4e0617726d8e7b253765162507,REVIEW,REVIEW,NO_GOOD_TEMPLATE,False
nstxuG121123K51/N8/egn08w.2789E+02,bad,3cf4c5f8088c04931cf08ee1ec874d4490c4a352e15c8827c11fc1de3795021c,BAD,BAD,BAD_CONT_CROSS_WINDOW,False
nstxuG121123K51/N8/egn08w.3077E+02,bad,82aed35d76c8be579b764d74796a9a9e1f1617ed3654fc243bb999d027c9fe17,BAD,BAD,BAD_AXIS_SPIKE,False
nstxuG121123K51/N8/egn08w.3108E+02,bad,f9544d3789ee005d65d43b7e9244d19978b920bdf575f36f719a837ccdffe7b4,BAD,BAD,BAD_AXIS_SPIKE,False
nstxuG121123K51/N8/egn08w.3128E+02,bad,9abd9918075e482c0f7250fe505cea7fce2d56486907618dec62af1f7bedd2b0,BAD,BAD,BAD_AXIS_SPIKE,False
nstxuG121123K51/N8/egn08w.3247E+02,bad,cc7ad5a94e0696ac439be7cdc5b486880fa40744cba80f28315b3747340da85b,BAD,BAD,BAD_AXIS_SPIKE,False
nstxuG121123K51/N8/egn08w.3640E+02,bad,822faa4d187ec69c2c3c09b3a260908deb193649caa92fc77cc10ed3e887d26e,BAD,BAD,BAD_AXIS_SPIKE,False
nstxuG121123K51/N8/egn08w.3665E+02,bad,fb86a079c14fc14e23c0bc52fdcbb14c8be9b0033abb14b2a6d9c1bd13f93a3b,BAD,BAD,BAD_AXIS_SPIKE,False
nstxuG121123K51/N8/egn08w.3943E+02,good,0518caf5f964c9fc6fe1c029c59074c875a2917d452b8705b13c8c45a79220ee,REVIEW,REVIEW,NO_GOOD_TEMPLATE,False
nstxuG121123K51/N8/egn08w.4144E+02,bad,79dd7e029a35ca0927244d956a3d2d30d05d53232f8403f215f26bb0d468c91c,BAD,BAD,BAD_AXIS_SPIKE,False
nstxuG121123K51/N8/egn08w.4603E+02,good,600c303d7a07d3996167fe222d87185bbc0a73b04c83f27e75dca048af8668bf,REVIEW,REVIEW,NO_GOOD_TEMPLATE,False
nstxuG121123K51/N8/egn08w.4689E+02,good,5d76a940906918165ddcdcddad67765f4fc384e9eb1cb5a5006b52e9e6ef8acd,REVIEW,REVIEW,NO_GOOD_TEMPLATE,False
nstxuG121123K51/N8/egn08w.4746E+02,good,f29795fd855902898ae9b1d2fadd2795a56ee446a4e10501f561470dc12fb689,REVIEW,REVIEW,NO_GOOD_TEMPLATE,False
nstxuG121123K51/N8/egn08w.4784E+02,good,c0bfb7c4ec00737494203c1304e2bff9479166967368a3117ed91930193bd310,REVIEW,REVIEW,NO_GOOD_TEMPLATE,False
nstxuG121123K51/N8/egn08w.4850E+02,bad,7c0c3ddd381bedddba3046de04e804a49d16e23b2c4b94f021b6a80e56b597de,BAD,BAD,BAD_CONT_CROSS_WINDOW,False
nstxuG121123K51/N8/egn08w.5456E+02,bad,6dc3b301a5826d1fbaabb46119dbbb676aa7e20d1fab203efa82251d5570e21e,BAD,BAD,BAD_CONT_CROSS_WINDOW,False
nstxuG121123K51/N8/egn08w.5507E+02,bad,f5df232cb1e2d017db8fba5745b732341acd6923745248c63ad2be67e80638ed,BAD,BAD,BAD_CONT_CROSS_WINDOW,False
nstxuG121123K51/N8/egn08w.5542E+02,bad,dc3e3eb8143c0b6c937ddc3c85ccc7e447a198700f8b8a22853d24541704bd11,BAD,BAD,BAD_GRID_SCALE_PACKET,False
nstxuG121123K51/N8/egn08w.5563E+02,bad,b36b1de9cd09d66638c0ca2f81719f92e622f0471b6a8bd76ead9a41ebba395d,BAD,BAD,BAD_CONT_CROSS_WINDOW,False
nstxuG121123K51/N8/egn08w.5587E+02,bad,7e08be07dcfbda10d40fa592ff00d3e71e3bf7711e391eb345b5e087a184a12c,BAD,BAD,BAD_GRID_SCALE_SPIKE,False
nstxuG121123K51/N9/egn09w.1126E+02,bad,57a0b3e9f86785744c4c905e3d30160bc637a81163967f4180cfa22f5619859a,BAD,BAD,BAD_CONT_CROSS_WINDOW,False
nstxuG121123K51/N9/egn09w.1254E+02,bad,48d28f28d338275b2576117d2dabd902541a6e658937ba24db642f3b9bc9237a,BAD,BAD,BAD_CONT_CROSS_WINDOW,False
nstxuG121123K51/N9/egn09w.1296E+02,bad,5f05a674663efd7af3691b9d52a837b7a3b5c7ac50df3b250d081f2d7b98a695,BAD,BAD,BAD_CONT_CROSS_WINDOW,False
nstxuG121123K51/N9/egn09w.1425E+02,bad,ac5b195bf5df9af0b2886c826790c3ae709be0777185ee4793e204cbc4f0c991,BAD,BAD,BAD_CONT_CROSS_WINDOW,False
nstxuG121123K51/N9/egn09w.1457E+02,bad,b151d7bfca1f197808124ea64e439b8a81956ed030d63999284ef44708115785,BAD,BAD,BAD_GRID_SCALE_SPIKE,False
nstxuG121123K51/N9/egn09w.1474E+02,bad,1a527a60528ee6a2e0aa34ce8977fb5d5d22ef9df0be62979a1db8f05472f3ed,BAD,BAD,BAD_CONT_CROSS_WINDOW,False
nstxuG121123K51/N9/egn09w.1537E+02,bad,cefffbc204351e620620d504239482eb230fa27521e1da0211809e615fde5da0,BAD,BAD,BAD_CONT_CROSS_WINDOW,False
nstxuG121123K51/N9/egn09w.1613E+02,bad,7fcd5a772eba98f074198d8c7de1dc9f505132853880a4cb06038c5e69966505,BAD,BAD,BAD_CONT_CROSS_WINDOW,False
nstxuG121123K51/N9/egn09w.1721E+02,bad,486ef3af5bd5cf12ef011adf6e94161004099d003a56519756ed50524a200317,BAD,BAD,BAD_CONT_CROSS_WINDOW,False
nstxuG121123K51/N9/egn09w.1834E+02,bad,2209bdea13e17a279abefcb0f81f79fc126be0851ced39de91f8851d660187f9,BAD,BAD,BAD_CONT_CROSS_WINDOW,False
nstxuG121123K51/N9/egn09w.2065E+02,bad,156fb18714de55c9adbbc25a45ac69f1b08b38e119faab1e97ecfbe7ca5ebdd6,BAD,BAD,BAD_GRID_SCALE_SPIKE,False
nstxuG121123K51/N9/egn09w.2153E+02,good,5f1127a46c3fa8f1f865da329ef8a2e06cf095b5709eaf1d4d111fe995542cc9,REVIEW,REVIEW,NO_GOOD_TEMPLATE,False
nstxuG121123K51/N9/egn09w.2242E+02,bad,0b32545ed3abbc001b94b63e67c10dfe0eb7ce741481631b6698175155181ad2,BAD,BAD,BAD_AXIS_SPIKE,False
nstxuG121123K51/N9/egn09w.2306E+02,bad,4a1a3484f2c9418d3fd0591530b39ae8246896bc5458f0cf96ac02c83263ca61,BAD,BAD,BAD_CONT_CROSS_WINDOW,False
nstxuG121123K51/N9/egn09w.2398E+02,bad,8d34eccfeecc9aa307a6c13af88fc737a501e463c16718147fd042b934a79990,BAD,BAD,BAD_AXIS_SPIKE,False
nstxuG121123K51/N9/egn09w.2422E+02,bad,1eb89f5b5d432a45c25c23d00676414247288101d473682de8ae81c6dd34cec3,BAD,BAD,BAD_AXIS_SPIKE,False
nstxuG121123K51/N9/egn09w.2469E+02,good,6f4510ba298894181d7bbd935e7b9ebfa2514f3e6c51c14497c2249850f55d2f,REVIEW,REVIEW,NO_GOOD_TEMPLATE,False
nstxuG121123K51/N9/egn09w.2485E+02,bad,01b66f7fedca5596cd17e004b7504122029396c881f9272fe4d5385b93a9872f,BAD,BAD,BAD_CONT_CROSS_WINDOW,False
nstxuG121123K51/N9/egn09w.2702E+02,good,fd30c3bdd84c898abd89e7342037994f16f178f8877aeed0e29bd4136de715e5,REVIEW,REVIEW,NO_GOOD_TEMPLATE,False
nstxuG121123K51/N9/egn09w.2937E+02,bad,7a021b49f3e3a3e6b8041b841bd3c0877d518b5fe4d024952dee9442393babcc,BAD,BAD,BAD_CONT_CROSS_WINDOW,False
nstxuG121123K51/N9/egn09w.3093E+02,bad,22d1f20f57228f25bb03c6e20051982ddd2c85ebf0edc36e7e73a3265b5a2aec,BAD,BAD,BAD_GRID_SCALE_SPIKE,False
nstxuG121123K51/N9/egn09w.3219E+02,good,114dec4c73e6a5a564ca7b7d3b22b1aee20552cf574c9bcd6912ec3a397f5470,REVIEW,REVIEW,NO_GOOD_TEMPLATE,False
nstxuG121123K51/N9/egn09w.3938E+02,bad,0d19f1a904d50aec3d58a01d0f5ba7dfc8e15f28700f8d5012348f2f42d84cce,REVIEW,REVIEW,NO_GOOD_TEMPLATE,False
nstxuG121123K51/N9/egn09w.4043E+02,bad,835056a22edf3d4fee3e593db1b5bb31792a57aa6ec788faa4625b91584d5044,BAD,BAD,BAD_GRID_SCALE_SPIKE,False
nstxuG121123K51/N9/egn09w.4156E+02,good,5886d17904bff7c5637da560e3a15f2f6643ef09c5c4518a3499aedd8e3bffb3,REVIEW,REVIEW,NO_GOOD_TEMPLATE,False
nstxuG121123K51/N9/egn09w.4526E+02,good,5b9dbad4380f2873941006d9c56bb3a25157eee3dca9f62f869bddec5653a2fa,REVIEW,REVIEW,NO_GOOD_TEMPLATE,False
nstxuG121123K51/N9/egn09w.4552E+02,good,9e3460210665949de5d98c2424523d85458fa5a220f0867854fbc38e0224a872,REVIEW,REVIEW,NO_GOOD_TEMPLATE,False
nstxuG121123K51/N9/egn09w.4698E+02,good,0cd210aaadfef1ed7f03a0cc67b4fb435bf3164d48fda84e0f359db89a01b99a,REVIEW,REVIEW,NO_GOOD_TEMPLATE,False
nstxuG121123K51/N9/egn09w.4729E+02,good,1d1743f5dc5bd554593671c096b985c657f8cbd830ae25a63171f432c35f841b,REVIEW,REVIEW,NO_GOOD_TEMPLATE,False
nstxuG121123K51/N9/egn09w.4947E+02,bad,9a56df59d8af80090a53fc92722099c98f094e42b81084d5e7203a5e72d57649,BAD,BAD,BAD_GRID_SCALE_SPIKE,False
nstxuG121123K51/N9/egn09w.5024E+02,bad,04125c8788bac762c83219a82b64060d0651e91248faf5fe96c05de30edbc657,BAD,BAD,BAD_GRID_SCALE_SPIKE,False
nstxuG121123K51/N9/egn09w.5276E+02,bad,ea2ab94a217069c6dcdbc9fc08e7f729a2f4df4e25b5725e667973a1ae1d95ad,BAD,BAD,BAD_GRID_SCALE_SPIKE,False
nstxuG121123K51/N9/egn09w.5296E+02,bad,25c5d007b0af94d4ac049828af474266d9ecbf0bc22d6304623bc2671a815bc8,BAD,BAD,BAD_GRID_SCALE_SPIKE,False
nstxuG121123K51/N9/egn09w.5522E+02,bad,ff93de637a2903937876f440072699f38c1de93c1e14beedfd086c6553eb7150,BAD,BAD,BAD_GRID_SCALE_SPIKE,False
nstxuG121123K51/N9/egn09w.5540E+02,bad,60ba852366bddeafe1945743bc67cad7905402884d920e7790b01a3206d0496c,BAD,BAD,BAD_CONT_CROSS_WINDOW,False
nstxuG121123K51/N9/egn09w.5556E+02,bad,aa031ed547859d3120039ecafd7a9845aa94ed0093f60ba51d0432d9ae712a80,BAD,BAD,BAD_CONT_CROSS_WINDOW,False
nstxuG121123K51/N9/egn09w.5568E+02,bad,2522a1d10d74630c5c554bbf68b3abbab148b2d0b1b39e159fa53a309a191e0e,BAD,BAD,BAD_GRID_SCALE_SPIKE,False
nstxuG121123K51/N9/egn09w.5577E+02,bad,ac0ba47b8dc95ec73b6211b5df0653aceb481591a7d969138c87bcdfeb5c4531,BAD,BAD,BAD_GRID_SCALE_SPIKE,False
nstxuG121123K51/N9/egn09w.5593E+02,bad,5dd83c3163306e8519d785f288c131bde9cbb55bba3fbaf8f593b66c0a01b4ce,BAD,BAD,BAD_GRID_SCALE_SPIKE,False
nstxuG133964S31/N10/egn10w.1634E+02,bad,73bed9144e659ecfc85861f4b7f28a0e89c4d4870baca17b446e8c856ebe0981,BAD,BAD,BAD_GRID_SCALE_SPIKE,False
nstxuG133964S31/N10/egn10w.1643E+02,bad,5405b8b4396be5d5e174c0c97b28edabcc80b8f7eea69cadb5e2026ebdf6fe5a,BAD,BAD,BAD_GRID_SCALE_SPIKE,False
nstxuG133964S31/N10/egn10w.1678E+02,bad,0039e95e0be08a249c6aada85dbc303d2d3762838c142e5b3809a4a1e9dc21f6,BAD,BAD,BAD_GRID_SCALE_SPIKE,False
nstxuG133964S31/N10/egn10w.1693E+02,bad,1db8621d452d0dd1461f0ad54e7e30aadcaf4c6932adbf181b1aa18cb496988c,BAD,BAD,BAD_GRID_SCALE_SPIKE,False
nstxuG133964S31/N10/egn10w.1703E+02,bad,540b9f5c281a0ad2dd3d035749f34d246e53f2a5b6e898648616c9b44e969187,BAD,BAD,BAD_GRID_SCALE_SPIKE,False
nstxuG133964S31/N10/egn10w.1708E+02,bad,7c1eb72fc5a31e34ea28293f3a7a3ef2662736188eeb0a0d489a32ee9d9eaaf4,BAD,BAD,BAD_GRID_SCALE_SPIKE,False
nstxuG133964S31/N10/egn10w.1712E+02,bad,bf3eacf4139dcf3da110bb8a7655b2b4f0851c7513a6f360c69837056b12941a,BAD,BAD,BAD_GRID_SCALE_SPIKE,False
nstxuG133964S31/N10/egn10w.1716E+02,bad,c6c4397733802364f683d00515599ecc5d29ba47f969bcaacc1a4e7381fc2812,BAD,BAD,BAD_CONT_CROSS_WINDOW,False
nstxuG133964S31/N10/egn10w.1722E+02,bad,c48726798515ab23a485c7c02663add6a19a289c66d4ef28ebb0a285a4bc4550,BAD,BAD,BAD_CONT_CROSS_WINDOW,False
nstxuG133964S31/N10/egn10w.1729E+02,bad,02142760f136b74e2cb7b99c567ce4cfc810a6260318982610cf19f7231dc7bc,BAD,BAD,BAD_CONT_CROSS_WINDOW,False
nstxuG133964S31/N10/egn10w.1734E+02,bad,6e7ae1af2ae9c37fef65f26b9ade6444dd425f9b63f71afb633fe4616c96385f,BAD,BAD,BAD_GRID_SCALE_PACKET,False
nstxuG133964S31/N3/egn03w.1377E+02,bad,27d91abd4e0af88daf57785e818c7e5d84e42218105d2b823d5fb717ae91c947,BAD,BAD,BAD_GRID_SCALE_SPIKE,False
nstxuG133964S31/N3/egn03w.1633E+02,bad,d5c2deafafe2c91c4b6937f125784f2e94c77ad7a9b2a3d2415d6eb64f4e4d7a,BAD,BAD,BAD_GRID_SCALE_SPIKE,False
nstxuG133964S31/N4/egn04w.1027E+02,bad,89c4b30aae192c8489a12f2ebbc98888c61b7d70d09eed90dfd979ca8778c718,BAD,BAD,BAD_CONT_CROSS_WINDOW,False
nstxuG133964S31/N4/egn04w.1412E+02,bad,4a039e5f7baba161a781530061eef7ec5fd2a86d62ac05f9cf2a6de22022bbb1,BAD,BAD,BAD_GRID_SCALE_SPIKE,False
nstxuG133964S31/N4/egn04w.1428E+02,bad,44d7bb33b6634a9c2c8ed3d69d18ffa8158baf014dc6e486411441aa05819ba6,BAD,BAD,BAD_GRID_SCALE_SPIKE,False
nstxuG133964S31/N4/egn04w.1444E+02,bad,95d502af5b3a83b0bdda04a0c7ac16cddf5156ebb112b7ae7de5adf75c1ac551,BAD,BAD,BAD_GRID_SCALE_SPIKE,False
nstxuG133964S31/N4/egn04w.1453E+02,bad,3eb98a87985dacaa63ee5723fc274233143ea36435641be7bd5fa04fc54da8d6,BAD,BAD,BAD_GRID_SCALE_SPIKE,False
nstxuG133964S31/N4/egn04w.1467E+02,bad,761d461111502ae9bf0d5d669ad06128d76b8c3d4a0cfe097c471c7dc620c3bd,BAD,BAD,BAD_GRID_SCALE_SPIKE,False
nstxuG133964S31/N4/egn04w.1488E+02,bad,6cffacf9f01082516ec9fa9a0f4f4fbba91e76de4cb61cd392aa025c942ca987,BAD,BAD,BAD_GRID_SCALE_SPIKE,False
nstxuG133964S31/N4/egn04w.1498E+02,bad,150fb80ed6bab68eb24816282a4fc034586b9827d0bbfa55101fea3f0dc138f3,BAD,BAD,BAD_GRID_SCALE_SPIKE,False
nstxuG133964S31/N4/egn04w.1532E+02,bad,7e517cfee1f5ad29713c4868a2fdf802989ac631defba4cb99086e2d826fe02e,BAD,BAD,BAD_GRID_SCALE_SPIKE,False
nstxuG133964S31/N4/egn04w.1547E+02,bad,569266f7c67384ca4de1662293a8b754241b6903fd0ac6f74c8e055a74b6eb49,BAD,BAD,BAD_GRID_SCALE_SPIKE,False
nstxuG133964S31/N4/egn04w.1579E+02,bad,cbe8efba33621d43d066c63fa58251924b8cff9613916f434245f436b6d2deb4,BAD,BAD,BAD_GRID_SCALE_SPIKE,False
nstxuG133964S31/N4/egn04w.1592E+02,bad,3b314b1b457b370b638d4247172d474e453621c482a58a129f682742fc42a2e8,BAD,BAD,BAD_GRID_SCALE_SPIKE,False
nstxuG133964S31/N4/egn04w.1595E+02,bad,38b653927bf871b1b31a371f08e2192d0cefefa2028ed3190fdf8eef1118c3f5,BAD,BAD,BAD_GRID_SCALE_SPIKE,False
nstxuG133964S31/N4/egn04w.1661E+02,bad,819eacc495874721581d94479534361baa2c02826e5d55f9899f45f7d99abdb5,BAD,BAD,BAD_GRID_SCALE_SPIKE,False
nstxuG133964S31/N5/egn05w.1486E+02,bad,eba91c545f085851988212e6cd947867fe56a9bb496bbf45db9fb6b405009089,BAD,BAD,BAD_GRID_SCALE_SPIKE,False
nstxuG133964S31/N5/egn05w.1568E+02,bad,7d2964724166a82c55ad8dcae99b0fd851c845a8eabd565d1a1f8df67f3ff322,BAD,BAD,BAD_GRID_SCALE_SPIKE,False
nstxuG133964S31/N5/egn05w.1574E+02,bad,e6cf576cf3319e55690a5dd73263852e90cadf64f6c7a3d78d70aa60eb3b4782,BAD,BAD,BAD_GRID_SCALE_SPIKE,False
nstxuG133964S31/N5/egn05w.1581E+02,bad,024f2b429d1e8317cc1ae60c406ed78be7cda2abbbcecf9f5c91bd44b28811a8,BAD,BAD,BAD_GRID_SCALE_SPIKE,False
nstxuG133964S31/N5/egn05w.1600E+02,bad,ff5d2d625f368663b8bdeb6f1e244fe09469ac4035467b62a902a1e3177926dd,BAD,BAD,BAD_GRID_SCALE_SPIKE,False
nstxuG133964S31/N5/egn05w.1605E+02,bad,2aab42922f9ac21845215d48deab99e465b8ae4f8d58b6fd0ffa4bf74703795d,BAD,BAD,BAD_GRID_SCALE_SPIKE,False
nstxuG133964S31/N5/egn05w.1700E+02,bad,0c4d1604e082f29280c3bfafbee78d8326a0843c5038dd6d484f53abc079e1ff,BAD,BAD,BAD_GRID_SCALE_PACKET,False
nstxuG133964S31/N5/egn05w.1718E+02,bad,845276acac12f33cd25a7af69116c1dc3522bef91f91d5ef054fe602ce793ccd,BAD,BAD,BAD_AXIS_SPIKE,False
nstxuG133964S31/N6/egn06w.1604E+02,bad,02cdc5f827c712efd30aa07c6f27d278946666153727875742803047d93c6447,BAD,BAD,BAD_GRID_SCALE_SPIKE,False
nstxuG133964S31/N6/egn06w.1618E+02,bad,d9e40a5a263c5910c0d42bfa6b8e4860311b47b09ea4c659929dc8aa769ce01b,BAD,BAD,BAD_GRID_SCALE_SPIKE,False
nstxuG133964S31/N6/egn06w.1628E+02,bad,80b65a2c101b1ae8856e12e411d9746ed1459759a6740e04fb7f94932d45c49a,BAD,BAD,BAD_GRID_SCALE_SPIKE,False
nstxuG133964S31/N6/egn06w.1640E+02,bad,f92266957b22bfb57bc54dfdb37077a7e366ca006fffa2da2f19b190d8b118f0,BAD,BAD,BAD_GRID_SCALE_SPIKE,False
nstxuG133964S31/N6/egn06w.1699E+02,bad,d3958a2e75884ec9b83102ee4413cd6ccc018e7cae9d7591bf35e5620b151bee,BAD,BAD,BAD_GRID_SCALE_SPIKE,False
nstxuG133964S31/N6/egn06w.1725E+02,bad,d31664a3cd9f9e72f7b0dac486ff795c066fae59638dd2439301ed7512e98cbd,BAD,BAD,BAD_GRID_SCALE_PACKET,False
nstxuG133964S31/N6/egn06w.1749E+02,bad,8de33eb5224941b434057b5f6b8569da4fbe866d3d4cfd950219295bdf3c28e6,BAD,BAD,BAD_GRID_SCALE_SPIKE,False
nstxuG133964S31/N6/egn06w.1768E+02,bad,d397edec226068ff061b82765fb34b610be77f70d143b2caade82c4dc062157e,BAD,BAD,BAD_GRID_SCALE_SPIKE,False
nstxuG133964S31/N6/egn06w.9560E+01,bad,20835ce97b07c45036444e93d2a4a2d1d3124cd7977d7b1443a2a175c0219729,REVIEW,REVIEW,NO_GOOD_TEMPLATE,False
nstxuG133964S31/N6/egn06w.9583E+01,bad,8c2915d243c877df5bdae12f7d3bb128317d22ab7526ac32b85c4ca2e680d009,BAD,BAD,BAD_AXIS_SPIKE,False
nstxuG133964S31/N7/egn07w.1695E+02,bad,fc6dc42889391c4617a77e966e5c834a440d8f76bbcac01037b882659aa6f22e,BAD,BAD,BAD_GRID_SCALE_PACKET,False
nstxuG133964S31/N7/egn07w.1707E+02,bad,bb02dac68132c508b6105809d18008dc385cab7333faf7aea12a6f727b00b7bb,BAD,BAD,BAD_GRID_SCALE_PACKET,False
nstxuG133964S31/N7/egn07w.1717E+02,bad,da7cb1177329964ea391908168751f7402f77113008ab4da2b560ac938ea75b3,BAD,BAD,BAD_CONT_CROSS_WINDOW,False
nstxuG133964S31/N7/egn07w.1733E+02,bad,78f8ca563cd4e8b5499ad3d4cf3db14f63199358b14fbff1b80026fbada27466,BAD,BAD,BAD_GRID_SCALE_PACKET,False
nstxuG133964S31/N8/egn08w.1084E+02,bad,f7e7d333d255f611988609611d66229e24b98ea852e53e96cc79e9616081fa13,BAD,BAD,BAD_AXIS_SPIKE,False
nstxuG133964S31/N8/egn08w.1086E+02,bad,694bf70ee97e51b893fa3365fa9e7b40a7124dd54aeb7ae7199261df28776075,BAD,BAD,BAD_NEAR_AXIS_GRID_OSCILLATION,False
nstxuG133964S31/N8/egn08w.1569E+02,bad,5a4d5176ad9726c44a94d44b5b5e8e99e466a9fa062e33911318a8d49a8864b7,BAD,BAD,BAD_GRID_SCALE_SPIKE,False
nstxuG133964S31/N8/egn08w.1580E+02,bad,4422d4ed8689c9cd15566e0b92c60a35952559225227ee54e2e864886f6a1994,BAD,BAD,BAD_GRID_SCALE_SPIKE,False
nstxuG133964S31/N8/egn08w.1588E+02,bad,c17021ab8f06c406bf44142f200d8f5f21e1e8a11469b895742fce628a0ea3a3,BAD,BAD,BAD_GRID_SCALE_SPIKE,False
nstxuG133964S31/N8/egn08w.1628E+02,bad,b7f643dbb86a26731903cdb971d4b7ac767780ee5a5df151f6fd4ad7f01e91c3,BAD,BAD,BAD_GRID_SCALE_SPIKE,False
nstxuG133964S31/N8/egn08w.1638E+02,bad,a14460d3746c3fd4dcf60464aca8085f60165f27aeae002610829f12fbd52336,BAD,BAD,BAD_GRID_SCALE_SPIKE,False
nstxuG133964S31/N8/egn08w.1643E+02,bad,34227ef8e00487054f664baaf0d383609b9757d0e386ed906650002c71548298,BAD,BAD,BAD_GRID_SCALE_SPIKE,False
nstxuG133964S31/N8/egn08w.1670E+02,bad,5e162ff74ca9908cb2ac0695eaf7f452821f1cced5d70a2e9f45efc1753a9190,BAD,BAD,BAD_GRID_SCALE_SPIKE,False
nstxuG133964S31/N8/egn08w.1687E+02,bad,5bb0f107ca64dea9374109ce803b7c7726c9da74bebe628f3b7843e85fecfeb8,BAD,BAD,BAD_GRID_SCALE_SPIKE,False
nstxuG133964S31/N8/egn08w.1691E+02,bad,f5cc82fb31816ca0db2ad083299617d0dfc0f7fa122aeeb267bedc033a4800c6,BAD,BAD,BAD_GRID_SCALE_SPIKE,False
nstxuG133964S31/N8/egn08w.1696E+02,bad,37cc747a74d2f01ef909e2798ab57c8d2cca865c14c5b5c9aaddad6367693b93,BAD,BAD,BAD_GRID_SCALE_SPIKE,False
nstxuG133964S31/N8/egn08w.1702E+02,bad,be3be424fb35fd8466aec6304926b185ba312ea6f0b9f366d9141a84f65900ac,BAD,BAD,BAD_GRID_SCALE_SPIKE,False
nstxuG133964S31/N8/egn08w.1708E+02,bad,1cf59647bdca53ebf1001c3e206c369bcf61f89f352d807467ad85c31461bc6a,BAD,BAD,BAD_GRID_SCALE_SPIKE,False
nstxuG133964S31/N8/egn08w.1713E+02,bad,302eba652977c20a09f01b496b0dcde2ae6c4171a570e2a4ff1cc6d72265a671,BAD,BAD,BAD_GRID_SCALE_SPIKE,False
nstxuG133964S31/N8/egn08w.1718E+02,bad,e6b6aeaf63d80dcbe1bd2e7d4087372c6f4afcc7a9e0dcc4415250bd84363670,BAD,BAD,BAD_GRID_SCALE_PACKET,False
nstxuG133964S31/N8/egn08w.1725E+02,bad,6f38af8b81299090fa6277f7a973b96d4e385e317213ad75ef827d2fe2c37837,BAD,BAD,BAD_CONT_CROSS_WINDOW,False
nstxuG133964S31/N8/egn08w.1733E+02,bad,11471c8ada27894b669e225949bfab4d97eb09401889c6ea937dc2d84d5faefe,BAD,BAD,BAD_CONT_CROSS_WINDOW,False
nstxuG133964S31/N9/egn09w.1215E+02,bad,bca019395e8445064b1aa2ec782f257d545c0ce4fbffecabc854f665a76b9c8e,BAD,BAD,BAD_AXIS_SPIKE,False
nstxuG133964S31/N9/egn09w.1262E+02,bad,155448d2876575c033962359ff4b8251858233d60fb2bc2eaf504b8dba162fc6,BAD,BAD,BAD_AXIS_SPIKE,False
nstxuG133964S31/N9/egn09w.1468E+02,bad,2abf205d807e1bc8355d9619b571e0287c60e136ead78ce53439768cf21121f1,BAD,BAD,BAD_AXIS_SPIKE,False
nstxuG133964S31/N9/egn09w.1598E+02,bad,41cf460f44c165458a629813599aeef4e8b085b343b709c32dc8a33c1dbd8c98,BAD,BAD,BAD_GRID_SCALE_SPIKE,False
nstxuG133964S31/N9/egn09w.1600E+02,bad,f1bf773c5605411ae3031350d03b4af7e8c4b775d06339d01daf6d9567dbd3ec,BAD,BAD,BAD_GRID_SCALE_SPIKE,False
nstxuG133964S31/N9/egn09w.1611E+02,bad,d20ea92c54bc6eb7eb87551c5bba9b50207a41e30496197ac3a709eebfcf8062,BAD,BAD,BAD_GRID_SCALE_SPIKE,False
nstxuG133964S31/N9/egn09w.1692E+02,bad,d3351b0c6374aac9cd0db5cf2fe2444e2987cce54c53f3bb768b195b8fdb59dd,BAD,BAD,BAD_GRID_SCALE_SPIKE,False
nstxuG133964S31/N9/egn09w.1696E+02,bad,57af0382d386b74c43c43980c29879789a25ef39f41ef8185bb17572b482e9ba,BAD,BAD,BAD_CONT_CROSS_WINDOW,False
nstxuG133964S31/N9/egn09w.1724E+02,bad,3a7aa2e1c7e542e8127e669322919179be0e2407dbf74c763aacf65714c03e97,BAD,BAD,BAD_GRID_SCALE_PACKET,False
nstxuG142301H47/N1/egn01w.3450E+02,bad,2e1be01651041e56948af62d5c3a5509f8a456d5e4ff60408cd27fbf01251c1b,BAD,BAD,BAD_GRID_SCALE_SPIKE,False
nstxuG142301H47/N10/egn10w.1046E+02,bad,17c3777268f83720589fcedd3dfcc5aa8ce6bc4bcf81d856c31e545bb2b44305,BAD,BAD,BAD_CONT_CROSS_WINDOW,False
nstxuG142301H47/N10/egn10w.1189E+02,bad,5b2ec1c6a3f3663ba84e01794bff8bbc64eef629bc83990c34012bbf4f1f0989,BAD,BAD,BAD_CONT_CROSS_WINDOW,False
nstxuG142301H47/N10/egn10w.1329E+02,bad,107b075d5372a683cb66f9797271b27fd82849337976745eb1ac784dff093502,BAD,BAD,BAD_GRID_SCALE_SPIKE,False
nstxuG142301H47/N10/egn10w.1342E+02,bad,dc47daa2564b50d5c799803948d2f5012c6b5f850508c7e79957e10c12fb9c26,REVIEW,REVIEW,NO_GOOD_TEMPLATE,False
nstxuG142301H47/N10/egn10w.1403E+02,good,bab1c00b638e0c0967f54035d2d414f74417ea488fa72241e093269b583a8a0c,BAD,BAD,BAD_CONT_CROSS_WINDOW,False
nstxuG142301H47/N10/egn10w.1503E+02,good,3764175735b794a11ee551d3b66602eff0f5cbcc925bfee1913b86c38873b2b7,REVIEW,REVIEW,NO_GOOD_TEMPLATE,False
nstxuG142301H47/N10/egn10w.1517E+02,bad,90ffbd9830b44794dcee7a0157ad6de49ed3d99198804b570aa4f3e1a4fb4d02,BAD,BAD,BAD_GRID_SCALE_SPIKE,False
nstxuG142301H47/N10/egn10w.1835E+02,bad,43b731cb2cb76737b28d94d177761733f90606091c804650ceae9c6964742018,BAD,BAD,BAD_GRID_SCALE_SPIKE,False
nstxuG142301H47/N10/egn10w.2157E+02,bad,e39f2fe0ef16f4f60451b3d44abba61bd73bcf01037c1e28c5bc95c2eca98302,BAD,BAD,BAD_AXIS_SPIKE,False
nstxuG142301H47/N10/egn10w.2206E+02,bad,dcae960c39417f983fd2f1160b5f937e8697f84703945ca2b98bfc6c4b4222cc,BAD,BAD,BAD_GRID_SCALE_SPIKE,False
nstxuG142301H47/N10/egn10w.2222E+02,bad,148fcbbeb7ef015e84a2d4904f1c7207f027cf73fb91713aacdc25b357f377ea,BAD,BAD,BAD_GRID_SCALE_SPIKE,False
nstxuG142301H47/N10/egn10w.2241E+02,bad,53a708d549f18753c9af899075a2fb1676d270c8a752358bf1992704a3aeca3a,BAD,BAD,BAD_GRID_SCALE_SPIKE,False
nstxuG142301H47/N10/egn10w.2262E+02,bad,7ac72c6c501d6fefc8bde3beeaf0de52c00eccbce6d7be8f151a955fd50562a1,BAD,BAD,BAD_GRID_SCALE_SPIKE,False
nstxuG142301H47/N10/egn10w.2287E+02,bad,06cf9b0cdc47fdc7e24851e19cd71fa12e3196c051d91c1a632fb2ded6a1869a,BAD,BAD,BAD_GRID_SCALE_SPIKE,False
nstxuG142301H47/N10/egn10w.2303E+02,bad,4fa3dd6c5c34b121c47188b5f2dc665b0f1c826304fc16fa805896cede762bd7,BAD,BAD,BAD_GRID_SCALE_SPIKE,False
nstxuG142301H47/N10/egn10w.2314E+02,bad,745af4e9333bb68ef193fb475f4a27a3ccc23f9a56e90d4a01d57c95fa9973a9,BAD,BAD,BAD_GRID_SCALE_SPIKE,False
nstxuG142301H47/N10/egn10w.2331E+02,bad,846188283ad0cc8a38202786a14dbce732c02105bd5e2e433ef34f3a09d69415,BAD,BAD,BAD_GRID_SCALE_SPIKE,False
nstxuG142301H47/N10/egn10w.2349E+02,bad,80cd2fbfdca4c0540f2be2a0a830678fdc9034d39f2e2a389ec2d853c9238c9c,BAD,BAD,BAD_GRID_SCALE_SPIKE,False
nstxuG142301H47/N10/egn10w.2367E+02,bad,321cf60863a5013eb332a5c54468a3ee8b588838a147a7e94536d95283fec638,BAD,BAD,BAD_GRID_SCALE_SPIKE,False
nstxuG142301H47/N10/egn10w.2384E+02,bad,55e76d6dc4f704bc72e980a20cc488e20d14d43bb530040233ca7957232a4917,BAD,BAD,BAD_GRID_SCALE_SPIKE,False
nstxuG142301H47/N10/egn10w.2409E+02,bad,1a0b5ee76aa5b2d1679e4dddd2dbd01a631b576f0df39db5cbf08ac68acd41a8,BAD,BAD,BAD_GRID_SCALE_SPIKE,False
nstxuG142301H47/N10/egn10w.2416E+02,good,c81f933c7a6457a7065c3a90dc9816ad83f0ff6a0f19ca57f8e2fd242e670a38,REVIEW,REVIEW,NO_GOOD_TEMPLATE,False
nstxuG142301H47/N10/egn10w.2447E+02,bad,8c0ea070b8491e309a239c05f0c625bce8155451eb3b06ff1a7eb5a6aa515bef,BAD,BAD,BAD_GRID_SCALE_SPIKE,False
nstxuG142301H47/N10/egn10w.2456E+02,bad,cd2ad306ce9ace1a67d24949bb726f5da880b21599a2b635ebf06b6b386deead,BAD,BAD,BAD_GRID_SCALE_SPIKE,False
nstxuG142301H47/N10/egn10w.2470E+02,bad,e22e2adfd70ab248724e6ea986761b2f5aee9f36d4b37681c29dfdaf968409d0,BAD,BAD,BAD_GRID_SCALE_SPIKE,False
nstxuG142301H47/N10/egn10w.2505E+02,bad,49e95a246c36aaffc8ac1604d88ce9ac74dfa66d150abbefb70b42fe5e6909e9,BAD,BAD,BAD_CONT_CROSS_WINDOW,False
nstxuG142301H47/N10/egn10w.2514E+02,bad,de41be6219bc241ca4e3bc2b0abb2cd60ae626f25d5d92d48043d118bddeffce,BAD,BAD,BAD_GRID_SCALE_SPIKE,False
nstxuG142301H47/N10/egn10w.2564E+02,bad,3255e74178c5605a014233c85ad8cb3ccc9e634c49732995df0aebb53a8174d9,BAD,BAD,BAD_GRID_SCALE_SPIKE,False
nstxuG142301H47/N10/egn10w.2570E+02,bad,0fabcc9a4d72c9a4a3409bc87fcc1bdc558a86769f841fe260b023e385220308,BAD,BAD,BAD_GRID_SCALE_SPIKE,False
nstxuG142301H47/N10/egn10w.2590E+02,bad,d5fbb5389b4915f6d94801c1feb9270fd0868c26db352c06deb14a4f3e8853e7,BAD,BAD,BAD_AXIS_SPIKE,False
nstxuG142301H47/N10/egn10w.2595E+02,bad,8e9b33cd90482c7fb59025b74a44ffe67a2cedfe02e1437a6fca288c14571af6,BAD,BAD,BAD_AXIS_SPIKE,False
nstxuG142301H47/N10/egn10w.2631E+02,bad,5da4e7b38980dd906e3610465a44d36b15c4f50f18e57ad1d328d9e2738f29c5,BAD,BAD,BAD_AXIS_SPIKE,False
nstxuG142301H47/N10/egn10w.2708E+02,bad,4d511d1809ed5e093f93f56481d70229dd8994e6a1a3db6f3bc98a11d6d83825,BAD,BAD,BAD_AXIS_SPIKE,False
nstxuG142301H47/N10/egn10w.2717E+02,bad,bfb17c4d82b6a0895b3acd7c750d0f5ef56ec0f54a58b944120ff938da568bc6,BAD,BAD,BAD_AXIS_SPIKE,False
nstxuG142301H47/N10/egn10w.2741E+02,bad,c0490b712fbd17df26266339d3197693765b1233fbf525e4df9b0f0e09925d18,BAD,BAD,BAD_AXIS_SPIKE,False
nstxuG142301H47/N10/egn10w.2753E+02,bad,32a0c3b2ea57b5172b22b3cebf6dea01bb8f5fcd0c977ad5bfebbe4ea9c93d2c,BAD,BAD,BAD_AXIS_SPIKE,False
nstxuG142301H47/N10/egn10w.2777E+02,bad,b36041f7fb00e21eac1c432b599750b0c3ec727d9e1279bebd28dbd9f1f126bd,BAD,BAD,BAD_AXIS_SPIKE,False
nstxuG142301H47/N10/egn10w.9499E+01,bad,f42bfb6bb45430d7b2b146d9915d3ecf3ccd1f003b4f17722184c2ad867effcf,BAD,BAD,BAD_CONT_CROSS_WINDOW,False
nstxuG142301H47/N2/egn02w.1222E+02,bad,2631459ed9abddb078e4b01ff05bad627afea03ffa688a8407c5c280c3d22448,BAD,BAD,BAD_GRID_SCALE_SPIKE,False
nstxuG142301H47/N2/egn02w.2016E+02,bad,30bf84653ce42861a23e0144b731c7b5209d9aa468cf06bd5924275d3c35de5f,BAD,BAD,BAD_AXIS_SPIKE,False
nstxuG142301H47/N2/egn02w.2025E+02,bad,b100ea5e9e60e1949a3d29079aa1a44abc6b10eaa2dcd4f5d4cbd18ebd0b951b,BAD,BAD,BAD_GRID_SCALE_PACKET,False
nstxuG142301H47/N2/egn02w.2038E+02,bad,4dc3508991e4c60789590f6f60e2f91e3e98bec5a9f2a246409def53996e92f5,BAD,BAD,BAD_AXIS_SPIKE,False
nstxuG142301H47/N2/egn02w.2254E+02,bad,2c309d3b571fbd8bde440968972b0878e38e184da684b85c2c464a879d7cdf94,BAD,BAD,BAD_AXIS_SPIKE,False
nstxuG142301H47/N2/egn02w.2312E+02,bad,283515e80a36d987400bcc1e935ec57659249d227f53c3913cdfce0cc43a221f,BAD,BAD,BAD_AXIS_SPIKE,False
nstxuG142301H47/N2/egn02w.8452E+01,bad,fe99fb698fe1cde53d960b5d432bb79cfa6702081a5f88a6c45a1cc1d827d21b,BAD,BAD,BAD_AXIS_SPIKE,False
nstxuG142301H47/N2/egn02w.8506E+01,bad,6d56538f963b98ba9c01488112a9a32aed1412cf327d98b0b8e8618c6258ee42,BAD,BAD,BAD_AXIS_SPIKE,False
nstxuG142301H47/N3/egn03w.1659E+02,bad,2e3be706f0059b72c7b93f63045514bb1a8a5b6e16510c3c40ef5133be797388,BAD,BAD,BAD_AXIS_SPIKE,False
nstxuG142301H47/N3/egn03w.2215E+02,bad,d3161cc38a76659c317f184db14e81dabc9f368328013aa6e6f040d44689a31c,BAD,BAD,BAD_GRID_SCALE_SPIKE,False
nstxuG142301H47/N3/egn03w.2562E+02,bad,84e85ca226959f4fd2d57540dde993fd265d0ce783bdd6649401cbc78d76fd9b,BAD,BAD,BAD_CONT_CROSS_WINDOW,False
nstxuG142301H47/N3/egn03w.3059E+02,bad,9a9df7e25a3d7a94f61c3a5210fb131ea6173b1c9a8828a6c80724dd6497045f,BAD,BAD,BAD_AXIS_SPIKE,False
nstxuG142301H47/N4/egn04w.1897E+02,bad,9297afc8e90ab78635d8c87d307e301ebad56babfceeceb22efd697d9e111da7,BAD,BAD,BAD_GRID_SCALE_SPIKE,False
nstxuG142301H47/N4/egn04w.2444E+02,bad,ab9861ea83ff019f342d06ed862188bbcec9def10c478959b177cf5062349bbe,BAD,BAD,BAD_GRID_SCALE_SPIKE,False
nstxuG142301H47/N4/egn04w.2516E+02,bad,2c4f193df3c2756f7b8d6c40e4d45fc68848bf8c4c65e7d38e3fb1473d3f73db,BAD,BAD,BAD_GRID_SCALE_SPIKE,False
nstxuG142301H47/N4/egn04w.2528E+02,bad,b4bf857d234bd2d389ba0d124596de0fc69a6f3d042c5f93ea6b343ec592655d,BAD,BAD,BAD_CONT_CROSS_WINDOW,False
nstxuG142301H47/N4/egn04w.3026E+02,bad,3a1e2cf7a09b18ab2f155a5473354510c09b2731945975530a1d1bebc07a0eb1,BAD,BAD,BAD_CONT_CROSS_WINDOW,False
nstxuG142301H47/N5/egn05w.1335E+02,bad,17d9077d7a07d55f9f7ddacee2f69c84d6298f9ed8b8730df2abb8a4626f4183,BAD,BAD,BAD_AXIS_SPIKE,False
nstxuG142301H47/N5/egn05w.1372E+02,bad,e63517cd399e9486d440b3a3aa2453638c1e5441cc202359b339a237ae7a44c0,BAD,BAD,BAD_AXIS_SPIKE,False
nstxuG142301H47/N5/egn05w.1376E+02,bad,6aba9ea89e8b7a0b19604072e5e4fee48e0e050f387d11dea6545e235a47d873,BAD,BAD,BAD_AXIS_SPIKE,False
nstxuG142301H47/N5/egn05w.1405E+02,bad,9330aecd6d7b459263a8db6767b08d2985818722d47282baf4c3e2727c69c701,BAD,BAD,BAD_AXIS_SPIKE,False
nstxuG142301H47/N5/egn05w.1424E+02,bad,a9b3a37bbd13493c25a42b0edde68b3d839055ee5eb275edd4849ccb95160e58,BAD,BAD,BAD_AXIS_SPIKE,False
nstxuG142301H47/N5/egn05w.1759E+02,bad,f91e1eda8c4af07e0c67fff3237ceb440665656cfa52b054bb9d6ba6ad79e9be,BAD,BAD,BAD_AXIS_SPIKE,False
nstxuG142301H47/N5/egn05w.1831E+02,bad,8e54f1789d1fa000a808c7661a88556071d3ecf1d9f718918938827b02052dab,BAD,BAD,BAD_AXIS_SPIKE,False
nstxuG142301H47/N5/egn05w.1930E+02,bad,ecf6f6bf5a6d8e846373ef7974c40d6591b3b52bfcfa742ff14a72a196470535,BAD,BAD,BAD_AXIS_SPIKE,False
nstxuG142301H47/N5/egn05w.2251E+02,bad,75ee8b337e12ef6bbfe7690f4960206dc676b5172558a98ed0ea2bcecba478fe,BAD,BAD,BAD_AXIS_SPIKE,False
nstxuG142301H47/N5/egn05w.2293E+02,bad,f13547e09d48551ecc28cbf5feb1a225cd448dab2a80bdaa11960d35ce4e815d,BAD,BAD,BAD_AXIS_SPIKE,False
nstxuG142301H47/N5/egn05w.2296E+02,bad,d8500f6ef681f92974d6947073ae60b919391f838fb12b2e6a532f082e16d9e3,BAD,BAD,BAD_AXIS_SPIKE,False
nstxuG142301H47/N5/egn05w.2425E+02,bad,81d1d2bef82dad86978be330a8242748a45eab9a5a767b61bf80b1d340b15ca9,BAD,BAD,BAD_AXIS_SPIKE,False
nstxuG142301H47/N5/egn05w.2449E+02,bad,22777ca5bb53b78d79c28f3ca3780d89e551aa5ad1190978580e68405f1b4994,BAD,BAD,BAD_AXIS_SPIKE,False
nstxuG142301H47/N5/egn05w.2464E+02,bad,da0db0b51098bb23ac43987a880fc8fa2f66a24e29f1f61293b0b8a020b00f87,BAD,BAD,BAD_AXIS_SPIKE,False
nstxuG142301H47/N5/egn05w.2472E+02,bad,8e819794568e589c61123d8bb871fbbb24da3e3d8293e7bdd0482cf5067ef52c,BAD,BAD,BAD_CONT_CROSS_WINDOW,False
nstxuG142301H47/N5/egn05w.2482E+02,bad,f9d3342052ae881926f61527334308df3213e62b2d46276f9dc967fe6e666ff4,BAD,BAD,BAD_GRID_SCALE_SPIKE,False
nstxuG142301H47/N5/egn05w.2513E+02,bad,713c0f1a57b3612c15ec4e6ee41271eed53d374f7f2365676994583c567de9b0,BAD,BAD,BAD_CONT_CROSS_WINDOW,False
nstxuG142301H47/N5/egn05w.2577E+02,bad,d32ca4ed9fbcde06ad5bd28db1fdde289a312239f0c90e79afd16b7ccead73c1,BAD,BAD,BAD_GRID_SCALE_SPIKE,False
nstxuG142301H47/N5/egn05w.2721E+02,bad,2815139aa9ffef968d536cba76e47b577c6fe9efce66ef80fb00c79515421f58,BAD,BAD,BAD_AXIS_SPIKE,False
nstxuG142301H47/N5/egn05w.2928E+02,bad,2b26841dcee18ab066833dfe4294e39fb0cf34e1c6958518744f17c0b695c654,BAD,BAD,BAD_AXIS_SPIKE,False
nstxuG142301H47/N5/egn05w.2936E+02,bad,38b4087e54372977591dc65c864b687db2212eacf2b3137ebbfebe08392ede55,BAD,BAD,BAD_AXIS_SPIKE,False
nstxuG142301H47/N5/egn05w.9759E+01,bad,f8e2fd67a4f5bb7a7e1ce1bf89cdfa656b34d30045b5aa9fae96f6a044731f00,BAD,BAD,BAD_GRID_SCALE_SPIKE,False
nstxuG142301H47/N6/egn06w.1120E+02,bad,a411fc37e43531d989ef27c2684793101b71ded69b0efb520c4790f38d90821a,BAD,BAD,BAD_CONT_CROSS_WINDOW,False
nstxuG142301H47/N6/egn06w.1407E+02,bad,46b3b5f7df346b60dad584b741fa22fe19fd9b01ba0c92979f3a738d503e1061,BAD,BAD,BAD_CONT_CROSS_WINDOW,False
nstxuG142301H47/N6/egn06w.1623E+02,bad,68cd8863b06ddf28ddfa36524621db1c2653b9cdc9052c200e3e3f1cb6f60dbf,BAD,BAD,BAD_AXIS_SPIKE,False
nstxuG142301H47/N6/egn06w.1649E+02,bad,ad6d8661af3704c062d04de8870bdb22409bf64f79c1e4eaa8112b357781cec9,BAD,BAD,BAD_AXIS_SPIKE,False
nstxuG142301H47/N6/egn06w.1663E+02,bad,fdb84105a0880afca0d05a516e65b361c54319cedc2591be07a39390744ccd3f,BAD,BAD,BAD_AXIS_SPIKE,False
nstxuG142301H47/N6/egn06w.1930E+02,bad,a13699b6f3f230e2f9c3923f4ab558fa1c0622545d448709c685d891145f3fd9,BAD,BAD,BAD_GRID_SCALE_SPIKE,False
nstxuG142301H47/N6/egn06w.1966E+02,bad,c0c1652814b916a95282a6040c9699c13b8237d1856ee68f12b3ddceeedd1d20,BAD,BAD,BAD_AXIS_SPIKE,False
nstxuG142301H47/N6/egn06w.2005E+02,good,15d853ed9032885b1d862d26413e11fbe884f89bac09598b75a356e05ad6c1c7,REVIEW,REVIEW,NO_GOOD_TEMPLATE,False
nstxuG142301H47/N6/egn06w.2369E+02,bad,814d28d41bd94cf828af037fd32f73cc2f605dc96cc0dbce108e332f7ce3b0e1,BAD,BAD,BAD_GRID_SCALE_SPIKE,False
nstxuG142301H47/N6/egn06w.2393E+02,bad,1e5771bf0670b430e57895740c72856624de343ac5abc74826caefaa2c3ed382,BAD,BAD,BAD_CONT_CROSS_WINDOW,False
nstxuG142301H47/N6/egn06w.2416E+02,bad,66bdc85d58484b2c9810ac53ff904149188cfeb4e9a2545ee8937b33d688f123,BAD,BAD,BAD_GRID_SCALE_SPIKE,False
nstxuG142301H47/N6/egn06w.2447E+02,bad,11eea854a902efdd655a641b78bb26fcb6cd01687023968f501089abe8aaf283,BAD,BAD,BAD_GRID_SCALE_SPIKE,False
nstxuG142301H47/N6/egn06w.2495E+02,bad,1e29963c686c16052884fb0385df78dfea3082862b9b25dff017630d1f7087b9,BAD,BAD,BAD_GRID_SCALE_SPIKE,False
nstxuG142301H47/N6/egn06w.2519E+02,bad,bb4c4610bd2f0cb7ac45e7bac453c6162e83499b89d36cc1c335b5ffbaab79ca,BAD,BAD,BAD_CONT_CROSS_WINDOW,False
nstxuG142301H47/N6/egn06w.2533E+02,bad,7c05683c31eea4dad4aa79635ae980d9f2d7b1b6cd363dbb340f1b9e88b3ec1e,BAD,BAD,BAD_GRID_SCALE_SPIKE,False
nstxuG142301H47/N6/egn06w.2551E+02,bad,347ce19bdb326a2c1b22826f8e1f494d948cf6ad23661b30721c6f6069c8687a,BAD,BAD,BAD_CONT_CROSS_WINDOW,False
nstxuG142301H47/N6/egn06w.2849E+02,bad,d47cefa378cfa6f23dd9a1f311f4da17d695c4dcfd88696c4aff96c795e29534,BAD,BAD,BAD_AXIS_SPIKE,False
nstxuG142301H47/N6/egn06w.2859E+02,bad,83e3e6753ee0fb0d23b35210bf7f94d34d754ea34b955754aa9f99b0b8c73c90,BAD,BAD,BAD_AXIS_SPIKE,False
nstxuG142301H47/N6/egn06w.9086E+01,bad,83ac6c0c36f4abd8d27fb6372b6fd4ebbd8216fae22f35fc835edb84d02f7538,BAD,BAD,BAD_CONT_CROSS_WINDOW,False
nstxuG142301H47/N7/egn07w.1016E+02,bad,0ee74a5b1084fdd31c25eab9cf7daa727f04405ce4a6e9d50f3a3837989028c5,BAD,BAD,BAD_GRID_SCALE_SPIKE,False
nstxuG142301H47/N7/egn07w.1038E+02,bad,c7f2f5a58ae05f3bce4a73b90f43577ca881b3570e75a927ba1b40ae1acbeeb2,BAD,BAD,BAD_GRID_SCALE_SPIKE,False
nstxuG142301H47/N7/egn07w.1069E+02,bad,5b23c231cc53b1c3fb0b51c83ef6c47c91b76ec67f670eb97f751a570cd1396d,BAD,BAD,BAD_CONT_CROSS_WINDOW,False
nstxuG142301H47/N7/egn07w.1226E+02,bad,00a57cf4ac2b3a56711b4404e5da00cfaa7060bb2822e870376372fe070be7f5,BAD,BAD,BAD_CONT_CROSS_WINDOW,False
nstxuG142301H47/N7/egn07w.1234E+02,bad,3aa5d7fd350c544160f0969382dcfe450ca26d20649eed16665e8ff5211273e9,BAD,BAD,BAD_GRID_SCALE_SPIKE,False
nstxuG142301H47/N7/egn07w.1314E+02,bad,028f65b64d17d7abe6bd21b0fb2f83f0c6c94fbb1a91a79ba6e3f0c59de77730,BAD,BAD,BAD_CONT_CROSS_WINDOW,False
nstxuG142301H47/N7/egn07w.1317E+02,bad,469c838baf871b48e9abc198bb2273bdcc8d1d53a8bb2c4c73ff6debc4517dbe,BAD,BAD,BAD_CONT_CROSS_WINDOW,False
nstxuG142301H47/N7/egn07w.1977E+02,bad,d6992e038edd90fb83b209332bbee708dcd278e2816cdd9d38da081fca1160d0,BAD,BAD,BAD_AXIS_SPIKE,False
nstxuG142301H47/N7/egn07w.2084E+02,bad,cf35ece49b16cc54ba18271b995128c5dc5a3ed373de82632b13f8423aa13839,BAD,BAD,BAD_GRID_SCALE_SPIKE,False
nstxuG142301H47/N7/egn07w.2133E+02,bad,2d267bfcc011bc83ba919690dad8b10402ef1a43a3c6ded5930f1a0ab98b09dc,BAD,BAD,BAD_AXIS_SPIKE,False
nstxuG142301H47/N7/egn07w.2272E+02,bad,76389ea738a2ab7e97a217a9031f40f7f535f6717fb35d2f18c7118a0e6ed1a1,BAD,BAD,BAD_GRID_SCALE_SPIKE,False
nstxuG142301H47/N7/egn07w.2342E+02,bad,6f9cd1f655e330c28abf4030c839c1c7d6def75cfd1566b5cfcf9fc000799c87,BAD,BAD,BAD_GRID_SCALE_SPIKE,False
nstxuG142301H47/N7/egn07w.2362E+02,bad,650e86d74279981cfcf2747e3fa6967d14ccd4360552cc1d6e3aba4553923006,BAD,BAD,BAD_GRID_SCALE_SPIKE,False
nstxuG142301H47/N7/egn07w.2365E+02,bad,bd61d958f0f422f7b2da7ec80123db899283911a906357aeaf322ac81c100950,BAD,BAD,BAD_GRID_SCALE_SPIKE,False
nstxuG142301H47/N7/egn07w.2383E+02,bad,87d44887be96f19bc6f08ab045bd5ad34347cce99679b990e7086c3f7b163d56,BAD,BAD,BAD_GRID_SCALE_SPIKE,False
nstxuG142301H47/N7/egn07w.2401E+02,bad,62f456455236de68723c319e425105878efd21117a941fb1972370ec9cb462ec,BAD,BAD,BAD_GRID_SCALE_SPIKE,False
nstxuG142301H47/N7/egn07w.2462E+02,bad,527e33e6292a7c09a4256509e8e88ba3ac9215fd0b9e6aa376a54a1ef25b1a56,BAD,BAD,BAD_GRID_SCALE_SPIKE,False
nstxuG142301H47/N7/egn07w.2482E+02,bad,06a02eb95d8de0229d494fbd200e3a3f5ca3ecf2aea34deacbc3a915f1f2c413,BAD,BAD,BAD_GRID_SCALE_SPIKE,False
nstxuG142301H47/N7/egn07w.2489E+02,good,452fd0b7de4012821ff1904ed9357615124bca8f6e2ad58adbe4d16cd53c2723,REVIEW,REVIEW,NO_GOOD_TEMPLATE,False
nstxuG142301H47/N7/egn07w.2498E+02,bad,78da69d101e9a52e4dd3a5ce868690e5469883bd08da30f4c91e29b89c03f5b3,BAD,BAD,BAD_GRID_SCALE_SPIKE,False
nstxuG142301H47/N7/egn07w.2511E+02,bad,f995f2018cf4d0fe3650ff05db215086ee57d878f8265a83c2c440998fb450ec,BAD,BAD,BAD_CONT_CROSS_WINDOW,False
nstxuG142301H47/N7/egn07w.2520E+02,bad,5416e695e54cbc7d383bb1019c7497f768fa7dd4b8e6c40f0f7070cd9796ab68,BAD,BAD,BAD_CONT_CROSS_WINDOW,False
nstxuG142301H47/N7/egn07w.2524E+02,bad,059e294260cf25c1b6c8bec657fcf53b0af0b004afd874534110b82c4505155c,BAD,BAD,BAD_GRID_SCALE_SPIKE,False
nstxuG142301H47/N7/egn07w.2530E+02,good,f7e1ed3d56acf2f5c311502bc528c3b6ba99d39e303281a7447a5f41bbb195a5,REVIEW,REVIEW,NO_GOOD_TEMPLATE,False
nstxuG142301H47/N7/egn07w.2557E+02,bad,e7ce052356ad97a6031809912ee4833f866716c32c7e334a6aa20a8d6064747c,BAD,BAD,BAD_GRID_SCALE_SPIKE,False
nstxuG142301H47/N7/egn07w.2568E+02,bad,e7e7605a93f217b0624e6f661579966175795450323d1102d62ab08e204d6b21,BAD,BAD,BAD_GRID_SCALE_SPIKE,False
nstxuG142301H47/N7/egn07w.2575E+02,bad,e61582e361b0631d49ce798215f22e61ed619fabe91b66b75880fa741299799c,BAD,BAD,BAD_GRID_SCALE_SPIKE,False
nstxuG142301H47/N7/egn07w.3131E+02,bad,bb7bdbdc9caa81f8d20b40d702156406be8e62e289815914362e9ae273814ce7,BAD,BAD,BAD_AXIS_SPIKE,False
nstxuG142301H47/N7/egn07w.9482E+01,bad,148d5f31e5941382f117618e3d8149403980d355f77ef712eb7fcbc51d3b0e8e,BAD,BAD,BAD_CONT_CROSS_WINDOW,False
nstxuG142301H47/N8/egn08w.1001E+02,bad,ddfcb7b2cf262c0534696f776f111ef6e4aa796c825cace16d341233b729558d,BAD,BAD,BAD_GRID_SCALE_SPIKE,False
nstxuG142301H47/N8/egn08w.1010E+02,bad,a3bb15d7aa7e9cfaa1ea7e22a84f4b00628d2d3d1b6bb46dc77ab561358aef50,BAD,BAD,BAD_CONT_CROSS_WINDOW,False
nstxuG142301H47/N8/egn08w.1092E+02,bad,fa0320589413c65c026159cc0eb3786394db3d676334a170822b95981a0f5283,BAD,BAD,BAD_CONT_CROSS_WINDOW,False
nstxuG142301H47/N8/egn08w.1194E+02,bad,fd0bf8af6590c6ca118621a25c27920cd5d27783f71a8c06336e4ee8980fc310,BAD,BAD,BAD_CONT_CROSS_WINDOW,False
nstxuG142301H47/N8/egn08w.1377E+02,bad,d2fbfc49cb551c74b9def9f70135e709d6fab6341766a1381461e9da3fbd1664,BAD,BAD,BAD_CONT_CROSS_WINDOW,False
nstxuG142301H47/N8/egn08w.1433E+02,good,438cc91b8341965a315f4cbc65a6c1cedd8eb4409c489aa605b61a2405d94dca,BAD,BAD,BAD_CONT_CROSS_WINDOW,False
nstxuG142301H47/N8/egn08w.1696E+02,bad,94c38540b1d958565f6cd30393639fd26b952ac5a0514bfabf2c7c4c7b560eea,BAD,BAD,BAD_GRID_SCALE_SPIKE,False
nstxuG142301H47/N8/egn08w.1707E+02,good,ba7d5f203b23c4a5042b122dd0d89e0770d8c9f6f83bf03394ccd700d4ce9544,REVIEW,REVIEW,NO_GOOD_TEMPLATE,False
nstxuG142301H47/N8/egn08w.2237E+02,bad,9afa7973a0f85b6868bdd3efeb9f60da6b0ac94112a62e71dfe367d845dc41e9,BAD,BAD,BAD_GRID_SCALE_PACKET,False
nstxuG142301H47/N8/egn08w.2244E+02,good,968ca4a8c80a469f3a551397c8f44f687369fcb8d213698630b8844e2103473b,REVIEW,REVIEW,NO_GOOD_TEMPLATE,False
nstxuG142301H47/N8/egn08w.2248E+02,bad,dfda8d37d02af65832113da043134a5d4bf45898c87be24fc40fb7af16f8e8eb,BAD,BAD,BAD_GRID_SCALE_SPIKE,False
nstxuG142301H47/N8/egn08w.2333E+02,bad,f1b9edc90f00eaf61e84e2050ae7da6696e10e3fcc6d8f37636dc2853cb61a32,BAD,BAD,BAD_GRID_SCALE_SPIKE,False
nstxuG142301H47/N8/egn08w.2352E+02,bad,155126dfe0ce18933030e022329abf0f40638fae1c4ec613dd64ea2565fe5a02,BAD,BAD,BAD_GRID_SCALE_SPIKE,False
nstxuG142301H47/N8/egn08w.2385E+02,bad,0ab97036d8fda27f81e7e8fc0a4052549a529ff87b6941531ab6106476bd31d4,BAD,BAD,BAD_GRID_SCALE_SPIKE,False
nstxuG142301H47/N8/egn08w.2463E+02,bad,dfe4d41e9bf79ad259eb7112b37e9f38c1c4a2f626deb8bb125e5b1b15b758ab,BAD,BAD,BAD_GRID_SCALE_SPIKE,False
nstxuG142301H47/N8/egn08w.2478E+02,bad,b0e7c6666a921e7f7cf6bf830f93e83119c7acdb08c4a80937253a8134d59fe0,BAD,BAD,BAD_GRID_SCALE_SPIKE,False
nstxuG142301H47/N8/egn08w.2488E+02,bad,b9a961914eb2d49ef43dc4d8cd4db0c8941183b7aa7f5133ec9388f56f0e50b6,BAD,BAD,BAD_GRID_SCALE_SPIKE,False
nstxuG142301H47/N8/egn08w.2499E+02,bad,44060e436e86d58b38e1e0e2f82edb7b23ddec22dc09a3233a4f021f8a25efe8,BAD,BAD,BAD_GRID_SCALE_SPIKE,False
nstxuG142301H47/N8/egn08w.2513E+02,bad,4ab4e98d18fbd87fe0c34ea92f890bac6d0c94719ff6b5dfaccba6862e8b1817,BAD,BAD,BAD_CONT_CROSS_WINDOW,False
nstxuG142301H47/N8/egn08w.2541E+02,bad,b6298d1d95cffa33d09591e9f54512bbcc92d1d17e8e8a1c85fd13009191d741,BAD,BAD,BAD_GRID_SCALE_SPIKE,False
nstxuG142301H47/N8/egn08w.2564E+02,bad,610e1aafe6260568143e89937c7fd0eb9e51f8c34bc4366700d01c44f122f21e,BAD,BAD,BAD_GRID_SCALE_SPIKE,False
nstxuG142301H47/N8/egn08w.2601E+02,bad,d013583d78b908480d27b728737e32ce59cdd349ce0521f5ee1e16f0ca5e2c6a,BAD,BAD,BAD_AXIS_SPIKE,False
nstxuG142301H47/N8/egn08w.2614E+02,bad,7d1cc503e61e6682196753423ec2611f5ccce3bb7b55f201f514e4e0c3ab990b,BAD,BAD,BAD_AXIS_SPIKE,False
nstxuG142301H47/N8/egn08w.2708E+02,bad,7eb9d0f321475009c8c3d4f543dd58798f6c5348f062ebd0c5d489417d1c4073,BAD,BAD,BAD_AXIS_SPIKE,False
nstxuG142301H47/N8/egn08w.2727E+02,bad,6db8f3d00336d1139a787e7e1140fbd501ab7795d12f2ac1ff4593d23aa92586,BAD,BAD,BAD_AXIS_SPIKE,False
nstxuG142301H47/N9/egn09w.1019E+02,bad,e8452ec11ecaf83f8da28dd416ad4534238f31d771fe172823c0d977530005f7,BAD,BAD,BAD_CONT_CROSS_WINDOW,False
nstxuG142301H47/N9/egn09w.1082E+02,bad,eb053b0b4effb7d7eeeec8e0fbac622b446b27e8f80ce00cc08b6d445b580de9,BAD,BAD,BAD_GRID_SCALE_SPIKE,False
nstxuG142301H47/N9/egn09w.1185E+02,bad,a3f553f907ae762d4784d84d17351643b1be52fccd3ad3e34ed140480e6c7f3c,BAD,BAD,BAD_CONT_CROSS_WINDOW,False
nstxuG142301H47/N9/egn09w.1231E+02,bad,7f00d2fd859d99e9ad048936ebb695a397c49766ca3bcd620d9af87bd5d6c60a,BAD,BAD,BAD_CONT_CROSS_WINDOW,False
nstxuG142301H47/N9/egn09w.1234E+02,bad,49a63381c9d6027f83e7e31f074c204dfe527fb9688cf371320057b757bf0336,BAD,BAD,BAD_GRID_SCALE_SPIKE,False
nstxuG142301H47/N9/egn09w.1283E+02,bad,fa70a69013e847563988bf7fb38b65d01724a9b9471360bed310fdabec8ab0a2,BAD,BAD,BAD_CONT_CROSS_WINDOW,False
nstxuG142301H47/N9/egn09w.1308E+02,bad,49bd2888a961326d0ff2b59fa7a77016df87eeb93ea3ccd1c761bbfc04de21c4,BAD,BAD,BAD_CONT_CROSS_WINDOW,False
nstxuG142301H47/N9/egn09w.1415E+02,good,ea6bfec04e10ada76494313337bb46afb5fe1a97f0b90cd7d74da4bec30f7c49,BAD,BAD,BAD_CONT_CROSS_WINDOW,False
nstxuG142301H47/N9/egn09w.1473E+02,bad,862bca6bc26d9774e1913b72970b64c786b33abda0d8b3c12116c06628f87b51,BAD,BAD,BAD_GRID_SCALE_SPIKE,False
nstxuG142301H47/N9/egn09w.1503E+02,bad,1787036da6858bedc4548bc6ba404c5af15ab65818c42f856e618b4d094eda9c,BAD,BAD,BAD_GRID_SCALE_SPIKE,False
nstxuG142301H47/N9/egn09w.1514E+02,bad,e5717ea0c51d7979c0b43af6f3e6c66c690fa1012b3512c6ed51b2a8eb4426e2,BAD,BAD,BAD_GRID_SCALE_SPIKE,False
nstxuG142301H47/N9/egn09w.1535E+02,bad,79de033e8fd2f7d2c2ab6d8318cd80fe474ebde5f8bfb6581f86a6a59e6a16ff,BAD,BAD,BAD_GRID_SCALE_SPIKE,False
nstxuG142301H47/N9/egn09w.1813E+02,good,5ed244e210d038ff0a3905169fa089662e5489b7f6ab7d02ebd58271f9793a01,REVIEW,REVIEW,NO_GOOD_TEMPLATE,False
nstxuG142301H47/N9/egn09w.1817E+02,good,b79b5e4faa7e635cc33a03aadc76ef3d183cae8488e039bac26a422ff8dc64ba,REVIEW,REVIEW,NO_GOOD_TEMPLATE,False
nstxuG142301H47/N9/egn09w.1907E+02,bad,5d98361944c661dedcbcf9590e6329876ce0bf3b70e962c93dea24f9aeb47653,BAD,BAD,BAD_AXIS_SPIKE,False
nstxuG142301H47/N9/egn09w.2281E+02,bad,31393e300f91c18b4744e43a7f1b333fcf0788d8d79b06d6a1b753f3d78aab3e,BAD,BAD,BAD_GRID_SCALE_SPIKE,False
nstxuG142301H47/N9/egn09w.2298E+02,bad,9db6b34541b22a9fc6696f59c89cfd0ce6efc9cb7c4b97274fc863c7e3f6d9a5,BAD,BAD,BAD_GRID_SCALE_SPIKE,False
nstxuG142301H47/N9/egn09w.2313E+02,bad,23918f975f41dbad19fc17b06392e28420e390eacd6f2edce48da118f6292219,BAD,BAD,BAD_GRID_SCALE_SPIKE,False
nstxuG142301H47/N9/egn09w.2342E+02,bad,8e673592772458ea51cc19a3ddedc5665fdd0fbd0cb32cb9bb9b36f13674c5f9,BAD,BAD,BAD_GRID_SCALE_SPIKE,False
nstxuG142301H47/N9/egn09w.2352E+02,bad,bf750e3f1d2dac33ad3dcd49739cd923d0377825c6601da63d4c0cf9e71d303a,BAD,BAD,BAD_AXIS_SPIKE,False
nstxuG142301H47/N9/egn09w.2392E+02,bad,f7b4b10311ea01cf680e2d6e316a0186f66a16c4382ecb618925d46200347bef,BAD,BAD,BAD_GRID_SCALE_SPIKE,False
nstxuG142301H47/N9/egn09w.2399E+02,bad,590c39dbd88ec5810ae06fbdfc0581774b1f323b5788086368999184c0ba95b7,BAD,BAD,BAD_CONT_CROSS_WINDOW,False
nstxuG142301H47/N9/egn09w.2495E+02,bad,d5e147da36251db1eb25d51800c48120ee581741e68af188e0217b44e7bed5e9,BAD,BAD,BAD_GRID_SCALE_SPIKE,False
nstxuG142301H47/N9/egn09w.2507E+02,bad,e6fe75f215dc9ccdda1e6e1877192cf1333de217dba8958ffce5d97bfed187f0,BAD,BAD,BAD_AXIS_SPIKE,False
nstxuG142301H47/N9/egn09w.2531E+02,bad,1e6a71ea0d2460196e01816641fa942ef8930300e286de532a9d2e28af61273b,BAD,BAD,BAD_GRID_SCALE_SPIKE,False
nstxuG142301H47/N9/egn09w.2538E+02,bad,374a29e2b05bf448f9e20fc22026909d92536b88013ac70f33373c97c4a12e26,BAD,BAD,BAD_GRID_SCALE_SPIKE,False
nstxuG142301H47/N9/egn09w.2574E+02,bad,3afadf983152f6e168a2f789b6939481737259162cdaf1ce5ba079b53f53b68e,BAD,BAD,BAD_AXIS_SPIKE,False
nstxuG142301W29/N1/egn01w.1998E+02,bad,52848621ec86dd50e64ab528429e6239394908f5793975ea727f52357f1a5cf4,BAD,BAD,BAD_GRID_SCALE_SPIKE,False
nstxuG142301W29/N1/egn01w.2010E+02,bad,d6aae38f4b3f5a020952ca466ceb5aded6760d6d41e23229741f5426d52453cd,BAD,BAD,BAD_AXIS_SPIKE,False
nstxuG142301W29/N1/egn01w.2016E+02,bad,64731126dce9b874193d7141080e097e473db3fef33a5b498adc01c1431c72f2,BAD,BAD,BAD_AXIS_SPIKE,False
nstxuG142301W29/N1/egn01w.2024E+02,bad,baa1b632e95cca85d5d12d71e68468b0b379869b5195c80ca0b17783e4ece21d,BAD,BAD,BAD_AXIS_SPIKE,False
nstxuG142301W29/N1/egn01w.2041E+02,bad,b1a92c0ad57886b47f365422e3dff2a9b89bc9a3f6d46b5a9ad210a2d9896978,BAD,BAD,BAD_AXIS_SPIKE,False
nstxuG142301W29/N1/egn01w.2064E+02,bad,baab94d73fc817d93d8f2c87faba89dfdeef6681fcccd86c2c6387c0ca7332dd,BAD,BAD,BAD_AXIS_SPIKE,False
nstxuG142301W29/N1/egn01w.2079E+02,bad,4619a1c4f48e6a30cfaf3705439d07377061a296d2909e389c287ed42b78221f,BAD,BAD,BAD_AXIS_SPIKE,False
nstxuG142301W29/N1/egn01w.2093E+02,bad,0c1067530ec892d7301e4bf49ffcee23b8679d934c5aa7d3b084ecffb277b66b,BAD,BAD,BAD_AXIS_SPIKE,False
nstxuG142301W29/N1/egn01w.2121E+02,bad,4e2ebf9d266ccf8e62277c5c71f85259908d2e5dc1d11c017f512957575c6fac,BAD,BAD,BAD_AXIS_SPIKE,False
nstxuG142301W29/N1/egn01w.2158E+02,bad,e894e72f74d121327ec04d83800b6f79fd6c1c2761c36b8b357047bd62853280,BAD,BAD,BAD_AXIS_SPIKE,False
nstxuG142301W29/N1/egn01w.2182E+02,bad,e9d39f286a3e17571a70d8c49ba767c836e126fd6e2ea02c614469496f8c37b1,BAD,BAD,BAD_AXIS_SPIKE,False
nstxuG142301W29/N1/egn01w.2206E+02,bad,b6d97c54943272407d5f8884afd340a18858b80b2e482a488937fa48bea362d8,BAD,BAD,BAD_AXIS_SPIKE,False
nstxuG142301W29/N1/egn01w.2503E+02,bad,678a932fb6c08fc179e1bc249710718722b848f5aae7274e32698283daa68036,BAD,BAD,BAD_AXIS_SPIKE,False
nstxuG142301W29/N1/egn01w.2511E+02,bad,214340b3e5b12de688e83e13dccf7b4437162bc0224d5b221a883ae5dea0358c,BAD,BAD,BAD_AXIS_SPIKE,False
nstxuG142301W29/N10/egn10w.1044E+02,bad,851936d77050182145c400ac3a74212acabfa8e493d1fa7e9e22dbfc0f326681,BAD,BAD,BAD_GRID_SCALE_PACKET,False
nstxuG142301W29/N10/egn10w.1052E+02,bad,9bae2b7c77080eb20fc2f9ac9d31843f88c0e7896c6a7bb2414752858885a6c1,BAD,BAD,BAD_GRID_SCALE_PACKET,False
nstxuG142301W29/N10/egn10w.1205E+02,bad,535af8e8a2d09ca99c5a5859859b9ac9d92ce9424407d592e6ea3645643d42f0,BAD,BAD,BAD_GRID_SCALE_SPIKE,False
nstxuG142301W29/N10/egn10w.1332E+02,bad,3bac1c85ebdd687a52873635bd9c0a1c70d19e56ad06e0d623fc36455eeb7771,BAD,BAD,BAD_GRID_SCALE_SPIKE,False
nstxuG142301W29/N10/egn10w.1439E+02,bad,79af51303f41516abe311d2c2aa631bda0a183e26c87d5867fe48df847b48ff5,BAD,BAD,BAD_CONT_CROSS_WINDOW,False
nstxuG142301W29/N10/egn10w.1536E+02,bad,e3122ab87c506dc6668079ec1a317c55966d8c44626a568821884825fbf99ded,BAD,BAD,BAD_CONT_CROSS_WINDOW,False
nstxuG142301W29/N10/egn10w.1775E+02,good,cb1e6e02054a13783149217c0443308291f75d67564b429291be97fd11134886,REVIEW,REVIEW,NO_GOOD_TEMPLATE,False
nstxuG142301W29/N10/egn10w.1779E+02,bad,3814aa75da4b28601a250485e03fca28d2cf616646fff073d9b809c2e86097ac,REVIEW,BAD,BAD_CONTINUUM_CROSSING_TAIL,True
nstxuG142301W29/N10/egn10w.2625E+02,bad,656d23772762c95649f6a97a92bef45e48c139e76c5b69ffcadcac49b1d9d4bd,BAD,BAD,BAD_GRID_SCALE_SPIKE,False
nstxuG142301W29/N10/egn10w.2667E+02,bad,065301a7501727ce8f24e3284ec6b378c6ce45ff3faa76bd9e58511482ce1349,BAD,BAD,BAD_GRID_SCALE_SPIKE,False
nstxuG142301W29/N10/egn10w.2689E+02,bad,e182a777be056a048359264fdc0e095e21910c5e014fd7416691362ebb2469a5,BAD,BAD,BAD_GRID_SCALE_SPIKE,False
nstxuG142301W29/N10/egn10w.2712E+02,bad,3153a7b52e7a621de0829810a74ec59b9c796534d84ff2ef69c7dcd0515f1a15,BAD,BAD,BAD_AXIS_SPIKE,False
nstxuG142301W29/N10/egn10w.2731E+02,bad,95cf1d6d860456848b8434f9ddbc6927850ba81bd1efb998e32b8ec7af6c58d0,BAD,BAD,BAD_GRID_SCALE_SPIKE,False
nstxuG142301W29/N10/egn10w.2802E+02,good,3c5a36f7ff46825e13633e3733e9240bd8ae60de11636c00d51502b8ffdd25ba,REVIEW,REVIEW,NO_GOOD_TEMPLATE,False
nstxuG142301W29/N10/egn10w.2807E+02,bad,f08f6b0c845ea2849f3ef1305c162ef24bf3fde7877774a2b132a84319cc4405,BAD,BAD,BAD_AXIS_SPIKE,False
nstxuG142301W29/N10/egn10w.2843E+02,bad,0e2600c5b8d990d189feadd87e67d763e728077a595440b8828b050190ac1fa5,BAD,BAD,BAD_AXIS_SPIKE,False
nstxuG142301W29/N10/egn10w.2862E+02,bad,071802492209e4fd2fab6c414b2d3c0b060363f246073c9b417f7e1730543d52,BAD,BAD,BAD_AXIS_SPIKE,False
nstxuG142301W29/N10/egn10w.2908E+02,bad,417f8bac917cae134c2107aeab36d0ca16732d1caad8e9d91f8ea5eb61c1fb9b,BAD,BAD,BAD_AXIS_SPIKE,False
nstxuG142301W29/N2/egn02w.2555E+02,bad,580ff966c6d3e0fe33a31d4640434db87107cd0ffef5a56ad2b78a9e0975336c,BAD,BAD,BAD_CONT_CROSS_WINDOW,False
nstxuG142301W29/N2/egn02w.3052E+02,bad,2b543094e83d33e4140cc98094c4aac902ee6618a0349a7469f1735b2a1d0b6a,BAD,BAD,BAD_AXIS_SPIKE,False
nstxuG142301W29/N2/egn02w.3064E+02,bad,2aa35052fcd962b11ba5926e586ddba252c290aed4aa00d17f7eb1b461814241,BAD,BAD,BAD_AXIS_SPIKE,False
nstxuG142301W29/N2/egn02w.3086E+02,bad,50c18fe8f5d1a88c7e4b229485b2bfcab9c3a54112adf84e697038be0ab9b1b1,BAD,BAD,BAD_AXIS_SPIKE,False
nstxuG142301W29/N2/egn02w.3164E+02,bad,9447fa5614225043e0adc6fb007eb1c5c67cf2cdd72609bf26c701cc043581dc,BAD,BAD,BAD_AXIS_SPIKE,False
nstxuG142301W29/N2/egn02w.3173E+02,bad,b718f324c6330ff938c8779813f9dd835b3f754099c847094216924a40cd39fb,BAD,BAD,BAD_AXIS_SPIKE,False
nstxuG142301W29/N2/egn02w.3192E+02,bad,01bc536d3ede265c5323727c0afbbb410da599a69f98ba19d8d216687e6db8cd,BAD,BAD,BAD_AXIS_SPIKE,False
nstxuG142301W29/N2/egn02w.3311E+02,bad,a79e8a799c8d95c9269c430bf3c2f955d27f54f2a7db2019a55a73ba6a95e548,BAD,BAD,BAD_AXIS_SPIKE,False
nstxuG142301W29/N3/egn03w.1831E+02,bad,2947cacd26514f8adfaa78ae4902722f6f8cf3425a5553ab8ec4a991fd1cc051,BAD,BAD,BAD_GRID_SCALE_SPIKE,False
nstxuG142301W29/N3/egn03w.1882E+02,bad,ed5410a296bbafcf0a2d660920297a419de47829cd5b9d620a98827d1a24c00e,BAD,BAD,BAD_CONT_CROSS_WINDOW,False
nstxuG142301W29/N3/egn03w.2779E+02,bad,ab172935844de229907a4bffd1e0c2ed305bffe04e8099e303f77a3f6ccb4867,BAD,BAD,BAD_AXIS_SPIKE,False
nstxuG142301W29/N3/egn03w.2803E+02,bad,9011ccb6a361c669651e5cf1bfbc6e53adfa6ec05575e22f03fd4fe292b46ab7,BAD,BAD,BAD_AXIS_SPIKE,False
nstxuG142301W29/N3/egn03w.2818E+02,bad,036b866086f271625b0d1779dc45101250635c7b347a32922617448e4b12738b,BAD,BAD,BAD_AXIS_SPIKE,False
nstxuG142301W29/N3/egn03w.2859E+02,bad,02d3c24c51fa4a5480d5b50bd7f732324d62af5a9e5a3fd52c1bd7dcf4f7b035,BAD,BAD,BAD_AXIS_SPIKE,False
nstxuG142301W29/N3/egn03w.2894E+02,bad,c7237d8410820cafbcc777a0ba849cc0284b685190b14e0a9c732fb5ecc76d82,BAD,BAD,BAD_AXIS_SPIKE,False
nstxuG142301W29/N3/egn03w.3277E+02,bad,5f93f33c2d9a0fab19cd3868369aea746f34140afbcee61eceea2a6dda045e6b,BAD,BAD,BAD_AXIS_SPIKE,False
nstxuG142301W29/N3/egn03w.3279E+02,bad,05ff1c673ccc1219aa0077cc064d782ddb97e937b7565d3f6ce3fea29d0c8b6d,BAD,BAD,BAD_AXIS_SPIKE,False
nstxuG142301W29/N4/egn04w.1142E+02,bad,c643b02e4fc1aea2f551a02ef0ea8d25ef09a7159b5c7449e5620e504f10cdd6,BAD,BAD,BAD_CONT_CROSS_WINDOW,False
nstxuG142301W29/N4/egn04w.1372E+02,bad,4125abdba0e10cd781d0579c014dab0df5401615a59d87da95fe360784966a23,BAD,BAD,BAD_CONT_CROSS_WINDOW,False
nstxuG142301W29/N4/egn04w.2053E+02,bad,677caca23c4732e2949227679cf8e7a84bb6196e189b52bef7de5e000e72ad9a,BAD,BAD,BAD_AXIS_SPIKE,False
nstxuG142301W29/N4/egn04w.2072E+02,bad,5ae39c46bbf9026fe5539093f77df786915fc4f25e1702ec859a6fda1929c489,BAD,BAD,BAD_AXIS_SPIKE,False
nstxuG142301W29/N4/egn04w.2117E+02,bad,a9f85550ea3afe1af311aa074c84d2cc75e213c132a0bfb3d8cc6d843ff01d33,BAD,BAD,BAD_AXIS_SPIKE,False
nstxuG142301W29/N4/egn04w.2238E+02,bad,98889970fe45d1cc0d7679570f37f962f1b48decc10187f17169e5893b5531ef,BAD,BAD,BAD_AXIS_SPIKE,False
nstxuG142301W29/N4/egn04w.2347E+02,bad,10797b2cc58d99aa4a4d3865ba8dd1bae7301da39bcc5fa1680ce8d772b68143,BAD,BAD,BAD_CONT_CROSS_WINDOW,False
nstxuG142301W29/N4/egn04w.2381E+02,bad,b0094f77ef5d47d58999fd08a3fe98e10549e4fb1406d4c4b16f2bc81de0119e,BAD,BAD,BAD_GRID_SCALE_SPIKE,False
nstxuG142301W29/N4/egn04w.2468E+02,bad,7358edd6ba472d874f576b35ff4f91ce1667fd51b642fae4e69e8f2f9d45277c,BAD,BAD,BAD_NEAR_AXIS_GRID_OSCILLATION,False
nstxuG142301W29/N4/egn04w.2722E+02,bad,ef512f9c4163c9ca7addb3e8cda006369aa12ed277ffd455b78a1eafdcd0e2d3,BAD,BAD,BAD_CONT_CROSS_WINDOW,False
nstxuG142301W29/N4/egn04w.2778E+02,bad,38e132bd0125b19e64d17bbd34d63c2942cf2a9a0753bace72623337a40081e7,BAD,BAD,BAD_NEAR_AXIS_GRID_OSCILLATION,False
nstxuG142301W29/N4/egn04w.2792E+02,bad,fa366c3a7e50e41ba33a1a422ee41dac59df938460679c2e3f53f0fc5f3359a0,BAD,BAD,BAD_GRID_SCALE_SPIKE,False
nstxuG142301W29/N4/egn04w.2875E+02,bad,6e9f3dc21e5907c4936d583a2556bbd8dfd087a40e48199e977c76c2fc8c6fab,BAD,BAD,BAD_AXIS_SPIKE,False
nstxuG142301W29/N4/egn04w.2882E+02,bad,764914a7e6a24a943ee8ed6a267ca094ef223e0370b2287e8179188b4524c061,BAD,BAD,BAD_CONT_CROSS_WINDOW,False
nstxuG142301W29/N4/egn04w.2886E+02,bad,399a10e5fb0bfe3d7aa32d9fdf6e54ea4a6c0f0d6c108f22669cec31cb38eaf8,BAD,BAD,BAD_AXIS_SPIKE,False
nstxuG142301W29/N4/egn04w.4097E+02,bad,a11d454010d466c0f1be4f86e85bedd1f875e2bb363119e3f333142e6ef9c584,BAD,BAD,BAD_AXIS_SPIKE,False
nstxuG142301W29/N5/egn05w.1017E+02,bad,e3d527b048adfbc83cbad0caffb5623f6963e723c8f578d056c527b205c4bc65,BAD,BAD,BAD_GRID_SCALE_SPIKE,False
nstxuG142301W29/N5/egn05w.1099E+02,bad,e314d3498445820a50d6ab7c196a05da5844557bf7aa655d9821bf170a97466a,BAD,BAD,BAD_CONT_CROSS_WINDOW,False
nstxuG142301W29/N5/egn05w.1479E+02,bad,516efa20dbe0466cf72741150e0768055f98ad7b887527364fd8405f6e97e223,BAD,BAD,BAD_AXIS_SPIKE,False
nstxuG142301W29/N5/egn05w.1499E+02,bad,d4b252ff2aee58098ed912240538e80ddf651201d772de71c9eda223e8110703,BAD,BAD,BAD_AXIS_SPIKE,False
nstxuG142301W29/N5/egn05w.1649E+02,bad,cb7e2fbf00d32d143c8281f20147bfbae842945c9c0096da8be8a2f881c292a2,BAD,BAD,BAD_CONT_CROSS_WINDOW,False
nstxuG142301W29/N5/egn05w.1750E+02,bad,fa8d0d6a8001accdee814c636f75f59f4d6b2049d759ca7dadca7f4b03211f54,BAD,BAD,BAD_CONT_CROSS_WINDOW,False
nstxuG142301W29/N5/egn05w.2374E+02,bad,1ed9fd419470a80fac7e6e642fc5342ced47cfda4134e03b1caf84e12e2074d3,BAD,BAD,BAD_AXIS_SPIKE,False
nstxuG142301W29/N5/egn05w.2392E+02,bad,dc14405b5bdd8e4c7f4727970cd5086feeb7de6989561371f013c15e8f4fcb68,BAD,BAD,BAD_AXIS_SPIKE,False
nstxuG142301W29/N5/egn05w.2505E+02,good,63cf4d36604c0b7c961849e64237d27b9f4a95a0bb3a08140ba9426ca9bd443e,BAD,BAD,BAD_AXIS_SPIKE,False
nstxuG142301W29/N5/egn05w.2611E+02,bad,cdd68f8583b55e7b94b234058bc990435a3922c4280dd1e900492244a9c9f83a,BAD,BAD,BAD_GRID_SCALE_SPIKE,False
nstxuG142301W29/N5/egn05w.2741E+02,bad,205f762913fa259ea028ab4f24104dfd148c4d5cdddb7fa852792733a384fb3d,BAD,BAD,BAD_GRID_SCALE_SPIKE,False
nstxuG142301W29/N5/egn05w.2764E+02,bad,5bc1758051a72466434789561ecd68a539f160655c671798125002ad93371f04,BAD,BAD,BAD_GRID_SCALE_SPIKE,False
nstxuG142301W29/N5/egn05w.2777E+02,bad,15d512cdd50415502d68ccc4154cbc5d86cc1771558e2474dc6be1e543d17509,BAD,BAD,BAD_GRID_SCALE_SPIKE,False
nstxuG142301W29/N5/egn05w.2810E+02,bad,06e9594b16b4cf22a377af925ed38b84e67667510e4ec4393b3f7666d904c5a9,BAD,BAD,BAD_AXIS_SPIKE,False
nstxuG142301W29/N5/egn05w.2834E+02,bad,fdb1e524fe26ab3efc51a0be7957a15ffe150e0e35b304dbd1b6692d98b3a484,BAD,BAD,BAD_AXIS_SPIKE,False
nstxuG142301W29/N5/egn05w.2892E+02,bad,803cd9eacdf4f004e17e912605110ec0440ac7a3f66c288d2b8d218871b2a823,BAD,BAD,BAD_AXIS_SPIKE,False
nstxuG142301W29/N5/egn05w.2898E+02,bad,0381c53378f4775c538daa4012cc0b214def82e25bbbcc803c7b341bafe95e4f,BAD,BAD,BAD_CONT_CROSS_WINDOW,False
nstxuG142301W29/N5/egn05w.2903E+02,bad,53ca0b20fe6aee82011a3df54fb73559df7cb9be21fefbff1233110b5cdcb2c6,BAD,BAD,BAD_GRID_SCALE_SPIKE,False
nstxuG142301W29/N5/egn05w.3582E+02,bad,0f5e3da16e8b6973eb288ad831c49bb7a38acdd1be705cae5eee037506463615,BAD,BAD,BAD_AXIS_SPIKE,False
nstxuG142301W29/N5/egn05w.3585E+02,bad,25f91b001f0f25e62d8c55dc4edfdddddd53eb986aa4ebcd1d6b36bac780e891,BAD,BAD,BAD_AXIS_SPIKE,False
nstxuG142301W29/N5/egn05w.3596E+02,bad,3f7367a129171b8204b96f7afb3536b0169b91d17c03983e58a2957549bc5618,BAD,BAD,BAD_AXIS_SPIKE,False
nstxuG142301W29/N5/egn05w.3611E+02,bad,80ac1be44b90748e9fa60167c28467bb2b951e939bf3bcdd2cb37a042d80d184,BAD,BAD,BAD_AXIS_SPIKE,False
nstxuG142301W29/N6/egn06w.1178E+02,bad,9df49841d000ae200065fa3aae6cdca4c0556a9c423f2790c35a6d76d15626eb,BAD,BAD,BAD_GRID_SCALE_SPIKE,False
nstxuG142301W29/N6/egn06w.1226E+02,bad,6ebedcf084394060a757db23925ac00aaeec354bb0758b846bd99ffe7423f50f,BAD,BAD,BAD_CONT_CROSS_WINDOW,False
nstxuG142301W29/N6/egn06w.1514E+02,bad,5ad33b17f9bef19713e01133b36cc16a5a1aeb8fb255553b0ad7685e337fd73b,BAD,BAD,BAD_GRID_SCALE_SPIKE,False
nstxuG142301W29/N6/egn06w.1538E+02,bad,f2c142aa5142face45d6b721d6d82cfd5bb96804d59449c0fcac80e682a602e9,BAD,BAD,BAD_CONT_CROSS_WINDOW,False
nstxuG142301W29/N6/egn06w.1889E+02,bad,afc9a1b5eb71eb6239a72a5a3090790df3fd5975ed5cb552c101b0e5b105664f,BAD,BAD,BAD_GRID_SCALE_SPIKE,False
nstxuG142301W29/N6/egn06w.2590E+02,bad,bbc76b50e8c7513b76214203624b22050d9ac4a2937735b46dd41f677210764d,BAD,BAD,BAD_GRID_SCALE_SPIKE,False
nstxuG142301W29/N6/egn06w.2706E+02,bad,0a31471381ee5ebed72085e26edc3603a09a865dbc4df8bb16c747d97ac25619,BAD,BAD,BAD_GRID_SCALE_SPIKE,False
nstxuG142301W29/N6/egn06w.2734E+02,bad,b98c6e8144ac23f0e8b86da447be3c56fef25aba1c6bed7daf4d1b15ed52159b,BAD,BAD,BAD_GRID_SCALE_SPIKE,False
nstxuG142301W29/N6/egn06w.2755E+02,bad,d40f97e313e804cd8ae7d37b4096da158462e8fca433933c2d29defe472f83ae,BAD,BAD,BAD_GRID_SCALE_SPIKE,False
nstxuG142301W29/N6/egn06w.2775E+02,bad,2a54a8fbd2b7fbb895edb79d2aa34fa20f9a143754c7ca23ac24a5f9f52bea79,BAD,BAD,BAD_AXIS_SPIKE,False
nstxuG142301W29/N6/egn06w.2786E+02,bad,f51a1ed1f28092f9773d39655233a33f6ee8b4f0a8f212fee481ebcd52beb408,BAD,BAD,BAD_GRID_SCALE_SPIKE,False
nstxuG142301W29/N6/egn06w.2853E+02,bad,07dc9567e6b30b682e48eb535f1460de6f567386557f58f26626317d4858591f,BAD,BAD,BAD_CONT_CROSS_WINDOW,False
nstxuG142301W29/N6/egn06w.2883E+02,bad,29459136641cfa062060590e859382c9bc6469e1938d4e2c8d8771d4c66b6847,BAD,BAD,BAD_GRID_SCALE_SPIKE,False
nstxuG142301W29/N7/egn07w.1142E+02,bad,c2c90ebb4a96e6b0f35f11ed5c354679314e9c8d1880ea51a0a3fc07f4ddf664,BAD,BAD,BAD_GRID_SCALE_SPIKE,False
nstxuG142301W29/N7/egn07w.1198E+02,bad,45df05287de65a71cf780bf68730f1a56af7c3496df21d6e5c952c427258ddfc,BAD,BAD,BAD_CONT_CROSS_WINDOW,False
nstxuG142301W29/N7/egn07w.1331E+02,bad,98b5d80c79a0a0dd5d7aed4d29ee1750c83ab61acdfdd319d6114808cff11d76,BAD,BAD,BAD_CONT_CROSS_WINDOW,False
nstxuG142301W29/N7/egn07w.1334E+02,bad,c54192361edd4453b3503b77fc1c46229d5eef8f5fd5c35dc44171ba247322e1,BAD,BAD,BAD_GRID_SCALE_SPIKE,False
nstxuG142301W29/N7/egn07w.1459E+02,bad,f120a89d37670f558d864df6d1d1b059ec37da20ada7a6a49626894a8e0c0072,BAD,BAD,BAD_CONT_CROSS_WINDOW,False
nstxuG142301W29/N7/egn07w.2103E+02,good,9944cb08e42ae2f58f73ce8f2a7d997aad1d176292551a6f5564a39870798fe3,BAD,BAD,BAD_GRID_SCALE_PACKET,False
nstxuG142301W29/N7/egn07w.2116E+02,good,9ea44db28c197cec941ed00a612a85eda8addd60532d39840747f435b5c309b4,REVIEW,REVIEW,NO_GOOD_TEMPLATE,False
nstxuG142301W29/N7/egn07w.2341E+02,bad,fd011fdafe779924f4c4956bf67bc2d288db8fd0b1b9408cf215f1b8815d431e,BAD,BAD,BAD_AXIS_SPIKE,False
nstxuG142301W29/N7/egn07w.2702E+02,bad,ab048ee789c2c24e95cec2d9708bc442bd9528d9a5846b2ad6089e7e57ab630c,BAD,BAD,BAD_GRID_SCALE_SPIKE,False
nstxuG142301W29/N7/egn07w.2727E+02,bad,0f544b0d7530fe4dec0c67869012fc935bd992482e11f5c42a3a9559449cc965,BAD,BAD,BAD_GRID_SCALE_SPIKE,False
nstxuG142301W29/N7/egn07w.2784E+02,bad,6dbf4556865b0302d9f4eb24e1c2e25430d299c9ab17e19b0d18298b5febccc4,BAD,BAD,BAD_GRID_SCALE_SPIKE,False
nstxuG142301W29/N7/egn07w.2839E+02,bad,daa441db92731293cc110b579a6d1c65dd5e397e8a83b57944b4c2d40afb9399,BAD,BAD,BAD_CONT_CROSS_WINDOW,False
nstxuG142301W29/N7/egn07w.2854E+02,bad,11b645ad629bea0739ab08bf8f67b5612da861af0b41be7a2571a52d79f86ad3,BAD,BAD,BAD_CONT_CROSS_WINDOW,False
nstxuG142301W29/N7/egn07w.2875E+02,bad,d470c8a63c9a9f8b2045bd9b16783571bf4851d0895f76786cfae6a94cd72272,BAD,BAD,BAD_GRID_SCALE_SPIKE,False
nstxuG142301W29/N7/egn07w.2891E+02,bad,b407fa0cec2e0b62cf5166a9fbd60611171ea111aa1c6b6602063a78792dda43,BAD,BAD,BAD_CONT_CROSS_WINDOW,False
nstxuG142301W29/N7/egn07w.2904E+02,bad,c6a7861befa3e2dc02dcb00ba880f1dd6949f5799df9ed14831585ad1a154104,BAD,BAD,BAD_CONT_CROSS_WINDOW,False
nstxuG142301W29/N7/egn07w.2913E+02,bad,8073cf0966ea7db24843c22843d7a15576b3e56e38d1980cba54424d9ca3dad4,BAD,BAD,BAD_CONT_CROSS_WINDOW,False
nstxuG142301W29/N8/egn08w.1050E+02,bad,91c783cd4105727c2e490c241be6815e3dc9453a830db175a92a8ad746fd7b0f,BAD,BAD,BAD_CONT_CROSS_WINDOW,False
nstxuG142301W29/N8/egn08w.1122E+02,bad,0a51b30690acdf6d05d232e3cdba00d5588adfd4628397bdfe93ebec012afa28,BAD,BAD,BAD_GRID_SCALE_SPIKE,False
nstxuG142301W29/N8/egn08w.1198E+02,bad,215714f338dc25ce4b121940bf6084181ed5f45716e805c233d683be6ef82b77,BAD,BAD,BAD_CONT_CROSS_WINDOW,False
nstxuG142301W29/N8/egn08w.1268E+02,bad,bfbb9babb4b9b614f65ac88fd48dd40c052a6e6253a2fda8dc71d94c40ff2fe1,BAD,BAD,BAD_GRID_SCALE_SPIKE,False
nstxuG142301W29/N8/egn08w.1339E+02,bad,7085babb5b6364b2faa24e5c5a04596eba9e5339a1b42ad3bac93b7ad36f4bc1,BAD,BAD,BAD_CONT_CROSS_WINDOW,False
nstxuG142301W29/N8/egn08w.1488E+02,bad,c13abc843a443d238eece98e4ac2a4a42ffeba5962ce12e844d704f2e3d326c7,BAD,BAD,BAD_GRID_SCALE_SPIKE,False
nstxuG142301W29/N8/egn08w.1521E+02,bad,3d857d8b8eb88e8c85ed31bdbc0f4cd3cbd4b377af3834ccc300239a67c85a01,BAD,BAD,BAD_CONT_CROSS_WINDOW,False
nstxuG142301W29/N8/egn08w.2252E+02,bad,20f4bbf6b34ce9f813655eafb874687f93ed1a48e52a4e6ff2cfd76fae929688,BAD,BAD,BAD_GRID_SCALE_SPIKE,False
nstxuG142301W29/N8/egn08w.2304E+02,bad,9b2cf0fa4f585f519aa3992fb323d2c56caeec78578b1f3acf9f37c95c1a6c8b,REVIEW,REVIEW,NO_GOOD_TEMPLATE,False
nstxuG142301W29/N8/egn08w.2727E+02,bad,59ab1a10e9103ec3cb0d10ef3c92e9a01815c4e7160d7aaa4fba8a3c9fb52326,BAD,BAD,BAD_GRID_SCALE_SPIKE,False
nstxuG142301W29/N8/egn08w.2745E+02,bad,c4e045cca19a36224bf5cda6052b743274f89326f3dea5045a142384b460a745,BAD,BAD,BAD_CONT_CROSS_WINDOW,False
nstxuG142301W29/N8/egn08w.2771E+02,bad,ec91f38288fa3e697f1ceaffa3d480bb76eed0aae6dfb009929ad338a0921f06,BAD,BAD,BAD_GRID_SCALE_SPIKE,False
nstxuG142301W29/N8/egn08w.2798E+02,bad,5b48d47ecc798fb8108dceb51148d91687709843fa818988cb10cb4d5ab004d2,BAD,BAD,BAD_GRID_SCALE_SPIKE,False
nstxuG142301W29/N8/egn08w.2846E+02,bad,a829f5a39bfbb3f6d3604ac10be478bb71b36ee077445ec7c2a446e274425fb2,BAD,BAD,BAD_CONT_CROSS_WINDOW,False
nstxuG142301W29/N8/egn08w.2847E+02,good,09211acf8c6aa70dc5d4d9f2028da5586d86d0664506c54f88bb6830693a91f1,REVIEW,REVIEW,NO_GOOD_TEMPLATE,False
nstxuG142301W29/N8/egn08w.2880E+02,bad,120385ed90862072c4acf5424923e3a1bc1bec83b7dd807b954ccb664cc00fe1,BAD,BAD,BAD_GRID_SCALE_SPIKE,False
nstxuG142301W29/N8/egn08w.2920E+02,bad,b5d9a914b1736962f93a14e10eee359f2378c59398a14bcf643a9f2bab830ed8,BAD,BAD,BAD_GRID_SCALE_SPIKE,False
nstxuG142301W29/N9/egn09w.1049E+02,bad,44a324b0cca12157a93deaddf409975a7c168ce80146838178a7e1bc0ae4abaa,BAD,BAD,BAD_GRID_SCALE_SPIKE,False
nstxuG142301W29/N9/egn09w.1192E+02,bad,b4696ca00e489f4678790bce059403480ebee62ec058d0d60775ecd05e00b93d,BAD,BAD,BAD_CONT_CROSS_WINDOW,False
nstxuG142301W29/N9/egn09w.1228E+02,bad,3705e79d707fcc4abaedc622129ddce47ec04b5057f0ed4025ca61a5a06cd03e,BAD,BAD,BAD_GRID_SCALE_SPIKE,False
nstxuG142301W29/N9/egn09w.1242E+02,bad,6a21dda4e1691ceeb7010ebe3ad69831637fe9fd2b5f799b7ca8d0c0fbe193be,BAD,BAD,BAD_CONT_CROSS_WINDOW,False
nstxuG142301W29/N9/egn09w.1285E+02,bad,eceae4886fd08597e905571d5b7fbe42cd4656de05f69ef91d112009b1be1806,BAD,BAD,BAD_CONT_CROSS_WINDOW,False
nstxuG142301W29/N9/egn09w.1309E+02,bad,e5ba1e53b41093d1839c0cc898361e4807126f4ac136945b9760b92be39a4215,BAD,BAD,BAD_CONT_CROSS_WINDOW,False
nstxuG142301W29/N9/egn09w.1461E+02,bad,5a144020d49b3b69c1bbf5340af838f3480b7f788de26e23fe8ccb4884ab0c17,BAD,BAD,BAD_AXIS_SPIKE,False
nstxuG142301W29/N9/egn09w.1638E+02,bad,f51873f21d22e9f44142a41c553d590ecc89262fbf330416395c5daaae3c1ba1,BAD,BAD,BAD_GRID_SCALE_SPIKE,False
nstxuG142301W29/N9/egn09w.1982E+02,good,bc729049c9c236a4f72206717e62676acce782bc1bdf2ba4aa0447662ffde7b5,REVIEW,REVIEW,NO_GOOD_TEMPLATE,False
nstxuG142301W29/N9/egn09w.2524E+02,bad,ff39007736731dfcdb6a9a5144a57163eaa47a05047c236849da43f11a27d69a,BAD,BAD,BAD_GRID_SCALE_SPIKE,False
nstxuG142301W29/N9/egn09w.2589E+02,bad,3e3a686c85a0134e8a950af682f04bb724ea35fdaac0f9faeeb6d2971ec79d51,BAD,BAD,BAD_GRID_SCALE_SPIKE,False
nstxuG142301W29/N9/egn09w.2647E+02,bad,63561b51db36b03e0f93831dde630f987781ed4fbd9ef2b5bf3ab8e6facbb53a,BAD,BAD,BAD_GRID_SCALE_SPIKE,False
nstxuG142301W29/N9/egn09w.2683E+02,bad,944efc36fbb183b3c2c9dbc35f505d3108a740a94b18a404f8683c4583da15e2,BAD,BAD,BAD_GRID_SCALE_SPIKE,False
nstxuG142301W29/N9/egn09w.2710E+02,bad,a2ee949c3d6e4be15e557743626a3e35dc5f6ca18d933d793b9ff5460a32e863,BAD,BAD,BAD_GRID_SCALE_SPIKE,False
nstxuG142301W29/N9/egn09w.2747E+02,bad,f5daf142c7ee3fb2cfed8015a7d72407230404f48b3585483b1ad73b5ff861d9,BAD,BAD,BAD_GRID_SCALE_SPIKE,False
nstxuG142301W29/N9/egn09w.2764E+02,bad,36120d3396fda519256cb542e0d6afe2d919a780a63655198dd7b8fab987703d,BAD,BAD,BAD_GRID_SCALE_SPIKE,False
nstxuG142301W29/N9/egn09w.2771E+02,bad,03c510778da0b79965f5726d5ae54561a9488a5414a088247c00c150f4cad2ac,BAD,BAD,BAD_GRID_SCALE_SPIKE,False
nstxuG142301W29/N9/egn09w.2782E+02,bad,0b4ca0b4dd2e833b397c14391c30aa20863012020d6b993af65321f96b74f753,BAD,BAD,BAD_GRID_SCALE_SPIKE,False
nstxuG142301W29/N9/egn09w.2848E+02,bad,0ca443e275a59bee0b85f34589f22a3b587c38e55b35b11360f368d2bac29a9f,BAD,BAD,BAD_GRID_SCALE_SPIKE,False
nstxuG142301W29/N9/egn09w.2866E+02,bad,016e32eda5fdae9288575fb3e0bc232116e1807534b8e4daa418942dff56bf14,BAD,BAD,BAD_CONT_CROSS_WINDOW,False
nstxuG142301W29/N9/egn09w.2877E+02,bad,b9f0ae57be09e1d2bd3c969f5a7dfc83cf91622820a31bb8867bba8856827a97,BAD,BAD,BAD_GRID_SCALE_SPIKE,False
nstxuG142301W29/N9/egn09w.2886E+02,bad,bcb7fed52523cb67530ca2be411dc5a32b28f54d98bbfd5905e4985fe1116efe,BAD,BAD,BAD_GRID_SCALE_SPIKE,False
nstxuG142301W29/N9/egn09w.2896E+02,bad,f839ee1a3ef68c5de56da8c0c845be2368ec8b9c2677f39e4965b2317bfbf011,BAD,BAD,BAD_GRID_SCALE_SPIKE,False
nstxuG142301W29/N9/egn09w.2905E+02,bad,9d34fa935f8033cb51427cd92390e582f7626a9e4877dc0eb5cdd064827f2a3e,BAD,BAD,BAD_CONT_CROSS_WINDOW,False
nstxuG142301Y93/N1/egn01w.1499E+02,bad,18b77ab8526b87334d644c3b6ddd0ee26f52d9279fbd87c26c0da8840d00d427,BAD,BAD,BAD_AXIS_SPIKE,False
nstxuG142301Y93/N1/egn01w.1613E+02,bad,0a69b0e0e739d40c5cf90c1077a049f55441da4e448156656c320d96a0891281,BAD,BAD,BAD_AXIS_SPIKE,False
nstxuG142301Y93/N1/egn01w.1674E+02,bad,b0a7e39844f8e39d5030b78c18463e9b0638b6cdc27182bb1d4f339328af09de,BAD,BAD,BAD_AXIS_SPIKE,False
nstxuG142301Y93/N1/egn01w.1715E+02,bad,f46e1a44097a8e9529c3876d01159b37ef21008c99e7906903068c48d43cce59,BAD,BAD,BAD_AXIS_SPIKE,False
nstxuG142301Y93/N1/egn01w.1732E+02,bad,51e7604701d9ce5ae6d56039fa1139dacda30f32801c50078c62c8f09fc92984,BAD,BAD,BAD_AXIS_SPIKE,False
nstxuG142301Y93/N1/egn01w.1894E+02,bad,204d9e4505b64d4398a8a53022d96cbeb51c1453ff2b38e589f5f0866636c9b7,BAD,BAD,BAD_AXIS_SPIKE,False
nstxuG142301Y93/N1/egn01w.1902E+02,bad,ad9803c4d2fe5f51518143841deb6361cd8efe2651501022b532fd0e652bd720,BAD,BAD,BAD_AXIS_SPIKE,False
nstxuG142301Y93/N1/egn01w.1937E+02,bad,d0e287eb537c3a92df04a7852e76bc596eadc7767692e775a0fdd83ece14740c,BAD,BAD,BAD_AXIS_SPIKE,False
nstxuG142301Y93/N1/egn01w.2146E+02,bad,399d0d1c00a0df0d9451c30cc88cae2c671a535e18e5efb4c3e1f937bfbaec99,BAD,BAD,BAD_AXIS_SPIKE,False
nstxuG142301Y93/N1/egn01w.2168E+02,bad,211fac383144040181f566e86c312beebb944142168708d6a88ab81fb96151fd,BAD,BAD,BAD_AXIS_SPIKE,False
nstxuG142301Y93/N1/egn01w.9416E+01,bad,47d3af96aad56f191fe84a70b2b107ecb6295dedbc91de9d5e781e766bd88726,BAD,BAD,BAD_CONT_CROSS_WINDOW,False
nstxuG142301Y93/N10/egn10w.1324E+02,bad,ff1111221e51c7ff8f034a9f29de90639d44d230f60a44c29704962003f61615,BAD,BAD,BAD_GRID_SCALE_SPIKE,False
nstxuG142301Y93/N10/egn10w.1354E+02,bad,4b08eb9e290a46610b4355f8870a2c0ba5e75f257f701a2a55d5af382de058d3,BAD,BAD,BAD_GRID_SCALE_SPIKE,False
nstxuG142301Y93/N10/egn10w.1563E+02,bad,300ad60f94decda202cfffcd5fe677c6b4d140c26cc4c8103f12f4cfb5e348ed,BAD,BAD,BAD_CONT_CROSS_WINDOW,False
nstxuG142301Y93/N10/egn10w.1591E+02,bad,4197790bd3eb962362463d6e69fb20ba0637a1b35e92324f10d0a563e15cb055,BAD,BAD,BAD_CONT_CROSS_WINDOW,False
nstxuG142301Y93/N10/egn10w.1625E+02,bad,5478e5c3283a550c661acb7fe67cbe13e36319755ab10ed96d6ff2f0ed806806,BAD,BAD,BAD_CONT_CROSS_WINDOW,False
nstxuG142301Y93/N2/egn02w.1590E+02,bad,041c5c3760855aa199bbac96e36f00fa1128d0d20c5fc6c951f7bb7b6cf8c80a,BAD,BAD,BAD_AXIS_SPIKE,False
nstxuG142301Y93/N2/egn02w.1646E+02,bad,cc0dd1b7afcf7d19e6e14ed5de422692800d2fe01c0c9541011a5b4d93007677,BAD,BAD,BAD_AXIS_SPIKE,False
nstxuG142301Y93/N2/egn02w.1667E+02,bad,8550e029887859e1f680c1c4dc05abf607c628d00191df7480d3196b214d7a72,BAD,BAD,BAD_AXIS_SPIKE,False
nstxuG142301Y93/N2/egn02w.1728E+02,bad,0bfd6349a48306e084bcac4a23c321a93e6a7ce9a4c5d17e397e6c229a8786e3,BAD,BAD,BAD_AXIS_SPIKE,False
nstxuG142301Y93/N2/egn02w.1804E+02,bad,1a2152bb5ee6bcb00428ab5a3b7e4c843355d39949f6b7b1cabd8508c6a4c960,BAD,BAD,BAD_AXIS_SPIKE,False
nstxuG142301Y93/N2/egn02w.1821E+02,bad,94dedaaabfa02dba2146296775aed23858a443c38b6ce772dcc4919d52eee7e3,BAD,BAD,BAD_AXIS_SPIKE,False
nstxuG142301Y93/N2/egn02w.1855E+02,bad,f765ac2d43da951cbd26b3212ff2f26d5dad29e853ebe8259c021dc0ce0b3512,BAD,BAD,BAD_AXIS_SPIKE,False
nstxuG142301Y93/N2/egn02w.1873E+02,bad,b691fd37c5ce908d0585cdd6270a0e7146e7cab57ec401a4c102d7ba7c9befbe,BAD,BAD,BAD_AXIS_SPIKE,False
nstxuG142301Y93/N2/egn02w.1891E+02,bad,4fcf186f0e8e7347c08de0858c0e8122b8999c9850ffa4da50df02dc12b498c6,BAD,BAD,BAD_AXIS_SPIKE,False
nstxuG142301Y93/N2/egn02w.1897E+02,bad,e90ac368d4d40a2bbac3b9190ad3c1317abf13c6913574149a39ba4fe6a29bc1,BAD,BAD,BAD_AXIS_SPIKE,False
nstxuG142301Y93/N2/egn02w.1909E+02,bad,e19c525e9e507c06a8f8c919dfb7a26f76a35ee7d2f53c6d2f8ad99aa3ee02b7,BAD,BAD,BAD_AXIS_SPIKE,False
nstxuG142301Y93/N2/egn02w.1927E+02,bad,21e21292500cc0ab7cdf2352fa9584c9f571583d7eeb81dfe88477f5ce918c4f,BAD,BAD,BAD_AXIS_SPIKE,False
nstxuG142301Y93/N2/egn02w.1941E+02,bad,b8dc9e6270d8a1b306e4f388bccb768c13bc540c65a33fde660eebe7883183d3,BAD,BAD,BAD_AXIS_SPIKE,False
nstxuG142301Y93/N2/egn02w.2035E+02,bad,3d4940b864440417262781e73b37dc179d28630671b46c4d8bd820a9d80d86b3,BAD,BAD,BAD_AXIS_SPIKE,False
nstxuG142301Y93/N2/egn02w.2052E+02,bad,3cb80c241333396c398cc9510ea53cd008ef761caa8632c65f0e05a583762240,BAD,BAD,BAD_AXIS_SPIKE,False
nstxuG142301Y93/N2/egn02w.2064E+02,bad,5fb2585d644f96c2bd9539b13aab4db4ade571d0f55c980edb9a46dada27cdee,BAD,BAD,BAD_AXIS_SPIKE,False
nstxuG142301Y93/N2/egn02w.2082E+02,bad,294f16d7657f660ac20c9d6bf0a43c1e07047757a3e6ade5b21964e82809f01a,BAD,BAD,BAD_AXIS_SPIKE,False
nstxuG142301Y93/N2/egn02w.2089E+02,bad,434f4092755b4793a28cd3eddce72c349b163c3064f5a7320f3d6faf41bf44f3,BAD,BAD,BAD_AXIS_SPIKE,False
nstxuG142301Y93/N2/egn02w.2123E+02,bad,ac80253d46cc7c9bbf9dc3f16ee49280bb03530b564bf6fbe5d5a431312a2020,BAD,BAD,BAD_AXIS_SPIKE,False
nstxuG142301Y93/N2/egn02w.8189E+01,bad,7da7379c77b5c1a5eb5d626ec43b271e55385b7038b8bbc6c2b04dd546396456,BAD,BAD,BAD_CONT_CROSS_WINDOW,False
nstxuG142301Y93/N2/egn02w.9045E+01,bad,273690545a2219ef1b16c8e30eb29fb4ef97f1ec860fcb3e2f562c84fed9eaf3,BAD,BAD,BAD_GRID_SCALE_SPIKE,False
nstxuG142301Y93/N3/egn03w.1502E+02,bad,6d65c67a8fa9111badc5e9b5476f3efa038d2ca8b8d7d6d4bd64a5e04b24adab,BAD,BAD,BAD_AXIS_SPIKE,False
nstxuG142301Y93/N3/egn03w.1589E+02,bad,a58850d2ade6fa358ee9b5aebb4b44ae80e579a1e88d1872b1fe79ae87ecd186,BAD,BAD,BAD_AXIS_SPIKE,False
nstxuG142301Y93/N3/egn03w.1635E+02,bad,2420ceb65ef978a3bd80887393b86c2fd6610e401a0a38a4bcdc0b0ceb16c7c0,BAD,BAD,BAD_AXIS_SPIKE,False
nstxuG142301Y93/N3/egn03w.1668E+02,bad,7d2a5d228c8a1ec359cd614280a515bffe3c880de1afb4234be72d13fff42fa9,BAD,BAD,BAD_AXIS_SPIKE,False
nstxuG142301Y93/N3/egn03w.1676E+02,bad,943e95652bbcf2a16a80ba9181950ffe515b304b0e2c855a529caea9de6c54f8,BAD,BAD,BAD_GRID_SCALE_SPIKE,False
nstxuG142301Y93/N3/egn03w.1721E+02,bad,f6c90c6eca97bd852ffc510cfde88254f42446bc50577feaa92db0bd1f04e4db,BAD,BAD,BAD_CONT_CROSS_WINDOW,False
nstxuG142301Y93/N3/egn03w.1969E+02,bad,ed525f2687272a5d9c31ba94ef93e35a44f572ab66bf61592400768226904ce6,BAD,BAD,BAD_AXIS_SPIKE,False
nstxuG142301Y93/N3/egn03w.1980E+02,bad,a33474df52fa1df13417c8358e9f3b8f13ca123f30919a637cf5adc876aabdab,BAD,BAD,BAD_AXIS_SPIKE,False
nstxuG142301Y93/N3/egn03w.2200E+02,bad,4be20eb7bdd42aab2562c85162654049784dba2e3475d1f331199b0b067c47cb,BAD,BAD,BAD_CONT_CROSS_WINDOW,False
nstxuG142301Y93/N3/egn03w.2513E+02,bad,8c86aa93591ecadf06fad03099f2ff13f7aba6ff9b85610c4ba67d15c221ab6b,BAD,BAD,BAD_GRID_SCALE_SPIKE,False
nstxuG142301Y93/N3/egn03w.8350E+01,bad,ca23db9bc5c287025d3f4f3d7c09a1dc3440c0eac21ed5b1b5a6d34355581cd1,BAD,BAD,BAD_NEAR_AXIS_GRID_OSCILLATION,False
nstxuG142301Y93/N4/egn04w.1544E+02,bad,967b33c3baa459c9a2978014d2380378dd95224ed77bc59306e0cbe522a35451,BAD,BAD,BAD_AXIS_SPIKE,False
nstxuG142301Y93/N4/egn04w.1570E+02,bad,74afcf080a856b975f4f19937403f7b770b87fb458b7a9e49997f4303082bf44,BAD,BAD,BAD_AXIS_SPIKE,False
nstxuG142301Y93/N4/egn04w.1590E+02,bad,d2fc79310c99191e2c94456c272c9aabb6152ef3d0e7cfe93c7fb2b2718020b7,BAD,BAD,BAD_AXIS_SPIKE,False
nstxuG142301Y93/N4/egn04w.1675E+02,bad,66edaae729b7333c92d4259bd0a4eef9c1b7869d195764b549824cce87e0a4be,BAD,BAD,BAD_GRID_SCALE_SPIKE,False
nstxuG142301Y93/N4/egn04w.1706E+02,bad,1ef2b37c7770c705ea2d03da45e9d73715976a567e4204f2af60c879d0419844,BAD,BAD,BAD_AXIS_SPIKE,False
nstxuG142301Y93/N4/egn04w.1744E+02,bad,ac685cd28260282db005434ad10199c42f9c8256e403b27222558919fc1bfead,BAD,BAD,BAD_CONT_CROSS_WINDOW,False
nstxuG142301Y93/N4/egn04w.1856E+02,bad,b007923555cd78fce3c64f2322bf0842ed99cabd0d3f5e7546f37ec5fc4e3c67,BAD,BAD,BAD_AXIS_SPIKE,False
nstxuG142301Y93/N4/egn04w.1939E+02,bad,a6c50e0e92e4cdee8fa9d217efc7d87e099711ecdeeb1b3a8383a14e66a51585,BAD,BAD,BAD_AXIS_SPIKE,False
nstxuG142301Y93/N4/egn04w.8145E+01,bad,b5d4873ffddc1c801048ee9d0e594a948428ad0b7ee5f630aaa063d6832f6d91,BAD,BAD,BAD_CONT_CROSS_WINDOW,False
nstxuG142301Y93/N5/egn05w.1001E+02,bad,1135ef063de470f04353d742cc442bb4e31ef981b622d67bc4871afc4960ca0e,BAD,BAD,BAD_CONT_CROSS_WINDOW,False
nstxuG142301Y93/N5/egn05w.1008E+02,bad,6d591dd265ea2280340541b31299c5f21abfd438a6322c0817ab285f6ded403e,BAD,BAD,BAD_CONT_CROSS_WINDOW,False
nstxuG142301Y93/N5/egn05w.1074E+02,bad,b64d3c5c12f28e1b3f59b3f796d9ea683d494c4a58e2a8f7616ba721c9d968ea,BAD,BAD,BAD_CONT_CROSS_WINDOW,False
nstxuG142301Y93/N5/egn05w.1467E+02,bad,12787d8bbf9d265641800aa9c8cca8bd7ca0ef71098b6406caa458eca010d834,BAD,BAD,BAD_CONT_CROSS_WINDOW,False
nstxuG142301Y93/N5/egn05w.1481E+02,bad,4e5c9c852c3bba2ac51834ca3935b036be440caf5e8a74415ff7dbedc87d92af,BAD,BAD,BAD_CONT_CROSS_WINDOW,False
nstxuG142301Y93/N5/egn05w.1500E+02,bad,65dc79ab11001e62f355e093bc69a9d92e0e27712ec00f93f16e6be4f9372676,BAD,BAD,BAD_CONT_CROSS_WINDOW,False
nstxuG142301Y93/N5/egn05w.1522E+02,bad,5b7e86ee9f5aa31e8747f89e9729c04a43118c09f16cfafd49639e1464c5d586,BAD,BAD,BAD_CONT_CROSS_WINDOW,False
nstxuG142301Y93/N5/egn05w.1553E+02,bad,4e76f31e1ed2369845a24b81adda94ec22e2df1b24ed824508195822df5385ea,BAD,BAD,BAD_GRID_SCALE_SPIKE,False
nstxuG142301Y93/N5/egn05w.1585E+02,bad,4c2a43f7769efa7ccfe670f2926d4d0c1301b0d80b4895facb953955654f43a5,BAD,BAD,BAD_GRID_SCALE_SPIKE,False
nstxuG142301Y93/N5/egn05w.1669E+02,bad,7f7f55bc2a0298c554eed6238532f0973266c54a73eaf182d4f104a32df7b537,BAD,BAD,BAD_GRID_SCALE_SPIKE,False
nstxuG142301Y93/N5/egn05w.1738E+02,bad,9f3c36d1b21651f535ebbfa4e1d232f7ff3e7de7e636b6df4542fadbf67b3910,BAD,BAD,BAD_CONT_CROSS_WINDOW,False
nstxuG142301Y93/N5/egn05w.8770E+01,bad,8a0065dfdd5860a626a5b353034e3e2d53dd819adece4279cfbfbe065c72b6ad,BAD,BAD,BAD_CONT_CROSS_WINDOW,False
nstxuG142301Y93/N5/egn05w.8854E+01,bad,5cabe06efb280354a9700c7f23a9ec589f085a0ada9c068acc83ca5dad33b7f9,BAD,BAD,BAD_CONT_CROSS_WINDOW,False
nstxuG142301Y93/N5/egn05w.8989E+01,bad,7488fa4000b92be076c8dd73664ff22a239f798a72405e1b56909d4f83599662,BAD,BAD,BAD_CONT_CROSS_WINDOW,False
nstxuG142301Y93/N5/egn05w.9084E+01,bad,81e51ad357bd9c43c3899895aae55d8b23d031a2f1d7b048a9b0cdf77cc5d632,BAD,BAD,BAD_CONT_CROSS_WINDOW,False
nstxuG142301Y93/N5/egn05w.9138E+01,bad,9428efb801fd1dabbc349f2a43fc9fb06ff2b5c43e17d58e13df1c6ae2a48fb8,BAD,BAD,BAD_CONT_CROSS_WINDOW,False
nstxuG142301Y93/N5/egn05w.9261E+01,bad,ef5b3d725981286ca666edbeffeb2a4bdd1f749b2716cd2e97917a9bd0f9eed3,BAD,BAD,BAD_CONT_CROSS_WINDOW,False
nstxuG142301Y93/N5/egn05w.9361E+01,bad,b8c4bf426b15f4e8b8946202bac7bd56dd283c2ea61c8af88d6a3b14aacc5987,BAD,BAD,BAD_CONT_CROSS_WINDOW,False
nstxuG142301Y93/N5/egn05w.9420E+01,bad,d559b9c33016a59471e2a66c5692b3bb5bdb02f69cb50277faaa6ff919d8e901,BAD,BAD,BAD_CONT_CROSS_WINDOW,False
nstxuG142301Y93/N5/egn05w.9565E+01,bad,2577b243221bce3266ec0bc9c6ff03f81ecf55be4c287de28b858bb2a6ee8951,BAD,BAD,BAD_CONT_CROSS_WINDOW,False
nstxuG142301Y93/N5/egn05w.9780E+01,bad,fc602c1a832bae41bb3cdc2d507b00bae79db0ff11666823147b9767d729a540,BAD,BAD,BAD_CONT_CROSS_WINDOW,False
nstxuG142301Y93/N5/egn05w.9855E+01,bad,2da0c6dc995a74f7f00e56739af8607c98534742f5827b82ce6e72a06cbd0bb6,BAD,BAD,BAD_CONT_CROSS_WINDOW,False
nstxuG142301Y93/N6/egn06w.1112E+02,bad,6684a3161aa71f0f64dbc506b96e4f44651442c56bfa74e81a2975d3ec31b70c,BAD,BAD,BAD_CONT_CROSS_WINDOW,False
nstxuG142301Y93/N6/egn06w.1145E+02,bad,8366ee16be914e1d5a80562598384f2ce9c8b5ce3355ebd3ec3ae8d75ca43d02,BAD,BAD,BAD_CONT_CROSS_WINDOW,False
nstxuG142301Y93/N6/egn06w.1334E+02,bad,ee34afcf7eb8aaf0351c2ca7b4f28d1fb05af44bea0aafe10d266d0bcf973be7,BAD,BAD,BAD_AXIS_SPIKE,False
nstxuG142301Y93/N6/egn06w.1508E+02,bad,4b3ad203e2541e8f8cd1ac3be1962345679c0134b20a6027b8ea1228c7d6b714,BAD,BAD,BAD_AXIS_SPIKE,False
nstxuG142301Y93/N6/egn06w.8780E+01,bad,bd12614c2ff2b134611234d301f8653670939fa3a3fca147c4a1015ba613ea3d,BAD,BAD,BAD_CONT_CROSS_WINDOW,False
nstxuG142301Y93/N7/egn07w.1213E+02,bad,a67a34ad8e1050dc24b11c2a16f7c851a31d3d12504b4a871b48a33b454ff668,BAD,BAD,BAD_GRID_SCALE_SPIKE,False
nstxuG142301Y93/N7/egn07w.1428E+02,bad,bbf64ee621f892ddab9958e5740762edfb70dfffaf33530d3058f67ac975730f,BAD,BAD,BAD_GRID_SCALE_SPIKE,False
nstxuG142301Y93/N7/egn07w.1492E+02,bad,d6c4c3a799882ee8a6121328be039e44f1049c8cb0a48be2258c5282ad6c76ff,BAD,BAD,BAD_GRID_SCALE_SPIKE,False
nstxuG142301Y93/N7/egn07w.1496E+02,bad,bdce8108479ea532c6c712d5508707ec392469a0aa9bde7779960528244ffd4e,BAD,BAD,BAD_GRID_SCALE_SPIKE,False
nstxuG142301Y93/N7/egn07w.1545E+02,bad,823d934c22ed210bc50e226a7425b41520b6cee93992f40a33e345c8fe8a58bd,BAD,BAD,BAD_GRID_SCALE_SPIKE,False
nstxuG142301Y93/N8/egn08w.1058E+02,bad,566679a7e72d872f37bae8e9b208d81de5b81cbdc02601db7355390e697a89ab,BAD,BAD,BAD_CONT_CROSS_WINDOW,False
nstxuG142301Y93/N8/egn08w.1508E+02,bad,1f44c866855f5b281ecdd1ecde754800bff18a900c43137b41446be68271db89,BAD,BAD,BAD_CONT_CROSS_WINDOW,False
nstxuG142301Y93/N8/egn08w.1566E+02,bad,7c31f45ebec3c0801814e2c0fb10f9c4bcb9c3cf16dfdd6efd15ce01c529273e,BAD,BAD,BAD_CONT_CROSS_WINDOW,False
nstxuG142301Y93/N8/egn08w.1596E+02,bad,07b20ffd42a8e91a48b2c2c945b2c515f8d2bbd9901ac4f1fdcb4d278af7e5cb,BAD,BAD,BAD_CONT_CROSS_WINDOW,False
nstxuG142301Y93/N8/egn08w.9431E+01,bad,f0f8e7ee9f01c3ee1fffa7d972476adb4cf292c5802cb86d91fa89f9939f03cf,BAD,BAD,BAD_INTERIOR_UNRESOLVED_ENVELOPE,False
nstxuG142301Y93/N9/egn09w.1045E+02,bad,aae29a2836b23f5cb0e552e0b7db8b3de643c324274a38b104a9f31a5d558467,BAD,BAD,BAD_CONT_CROSS_WINDOW,False
nstxuG142301Y93/N9/egn09w.1153E+02,bad,21e407ca3c74d704a6d716056a7b2a1f9c6e14017d44a90f036e451fa2de4d80,BAD,BAD,BAD_CONT_CROSS_WINDOW,False
nstxuG142301Y93/N9/egn09w.1241E+02,bad,dce8172ef52a05a94825ce07dc6f7d1c7833e4a95bd1003faf3c86cd6d625bfc,BAD,BAD,BAD_GRID_SCALE_PACKET,False
nstxuG142301Y93/N9/egn09w.1281E+02,bad,a97e8680190748ca1d2db9e23da03b038b3695eba2fba34577b02427e038d0a6,BAD,BAD,BAD_GRID_SCALE_PACKET,False
nstxuG142301Y93/N9/egn09w.1340E+02,bad,3f56c580bc7915496015cf25b8fd9eae2b1917b423c0e19933694d540fbf5900,BAD,BAD,BAD_GRID_SCALE_SPIKE,False
nstxuG142301Y93/N9/egn09w.1412E+02,bad,e7d51d723d62de8333cbb428e60333d137517cfe42d6ce7ee885fe56c06f7ee2,BAD,BAD,BAD_GRID_SCALE_SPIKE,False
nstxuG142301Y93/N9/egn09w.1416E+02,bad,e4e3924c15496e05b4932024c0d3092652a66fe1e54702513d9c6e47294401a9,BAD,BAD,BAD_GRID_SCALE_SPIKE,False
nstxuG142301Y93/N9/egn09w.1423E+02,bad,09b6b8f79449063b8031106c9f8a4098489e85ddbec7d4ab54d39b4c8a629052,BAD,BAD,BAD_GRID_SCALE_SPIKE,False
nstxuG142301Y93/N9/egn09w.1428E+02,bad,89e464a0b87b12d0c0c776d38a61f4c933d026b29127cd9ca7f5adf9ed81dd13,BAD,BAD,BAD_GRID_SCALE_SPIKE,False
nstxuG142301Y93/N9/egn09w.1491E+02,bad,628206d571362e9e501b143124dbc2270702f8710859e41b0577aa62f1543e5f,BAD,BAD,BAD_CONT_CROSS_WINDOW,False
nstxuG142301Y93/N9/egn09w.1527E+02,bad,5fdc7395db228e5cceb88286b8431a902e9a7be0bc1b1210bb00c1755f401b47,BAD,BAD,BAD_GRID_SCALE_SPIKE,False
nstxuG142301Y93/N9/egn09w.1539E+02,good,505a98f1ae3caa9954a29eb47ec3a66ca39a9c3198b339728ab2701bc72b7f48,BAD,BAD,BAD_CONT_CROSS_WINDOW,False
nstxuG142301Y93/N9/egn09w.1563E+02,bad,eb7b4e39396ac1500ea05cb81dfe74140854f27f96d631ab574c4123b8c57016,BAD,BAD,BAD_CONT_CROSS_WINDOW,False
nstxuG142301Y93/N9/egn09w.1593E+02,bad,826523b225113a074663329465ea01be94fc4ccbbc8e43b5e14a2bc87d33ee2d,BAD,BAD,BAD_CONT_CROSS_WINDOW,False
nstxuG142301Y93/N9/egn09w.1633E+02,bad,a299f19d7ad1adac83138706150ac705eab58115fac69a21836a1189d5d0d0cc,BAD,BAD,BAD_CONT_CROSS_WINDOW,False
nstxuG142301Y93/N9/egn09w.1741E+02,bad,18ea0740a8fff94a0948ab7f4fdbeebcbaa450a40986312ebb088552f4d426cf,BAD,BAD,BAD_GRID_SCALE_SPIKE,False
nstxuG142301Y93/N9/egn09w.1748E+02,bad,7c2f4114b6935bb6497049da7e4c39080289f2715637a8c9a27f3580a77b4cf8,BAD,BAD,BAD_GRID_SCALE_SPIKE,False
nstxuG142301Y93/N9/egn09w.8765E+01,bad,f83ca225445c900894f3a506d72d42f5e5925e05d916a471cfcc402ab7ff8d22,BAD,BAD,BAD_CONT_CROSS_WINDOW,False
nstxuG142301Y93/N9/egn09w.9404E+01,bad,a6300aeed3329f94c341841f6abc3a7acad9afbef0f3a0072956220ab0105df1,BAD,BAD,BAD_CONT_CROSS_WINDOW,False
nstxu_204202/N10/egn10w.1026E+02,good,0dc19630b4530c339c06d8a07ee10334cbfe9e83ab64de2b31f8fa2c534996b7,BAD,BAD,BAD_AXIS_SPIKE,False
nstxu_204202/N10/egn10w.1303E+02,bad,3fb81d444dbfb9e39d04c6e0900a1cfc92d228084161e3d696bb0a1892fd49f0,BAD,BAD,BAD_AXIS_SPIKE,False
nstxu_204202/N10/egn10w.1425E+02,good,62b8003137dd68d2f20e0496bd4456287022d15e8656d4e11031224535c0edc9,REVIEW,REVIEW,NO_GOOD_TEMPLATE,False
nstxu_204202/N10/egn10w.1568E+02,good,1cf55a19ddcc8acfc21b58cfdb9647e7b43d861a82ff5fc17b4d678ef7bc7693,REVIEW,REVIEW,NO_GOOD_TEMPLATE,False
nstxu_204202/N10/egn10w.1915E+02,good,ab310c5ed06aef80db1433269c68efe486d87afd2be3cb6d8575c7de2d4ebfe3,REVIEW,REVIEW,NO_GOOD_TEMPLATE,False
nstxu_204202/N10/egn10w.2074E+02,good,3d19c7a83e829b5e60ddcc62bd7aa871dc0f83176dc0787da07305a2eded5f88,REVIEW,REVIEW,NO_GOOD_TEMPLATE,False
nstxu_204202/N10/egn10w.2304E+02,good,35e58704d2eb0215495846b96744c658dbcec095a9e6dc90c0584e404fe12677,REVIEW,REVIEW,NO_GOOD_TEMPLATE,False
nstxu_204202/N10/egn10w.2604E+02,good,4f9b24f1893bdd917bae85159bafaddc3a90d1dee7d1ff75e34b2d2a26db9aea,REVIEW,REVIEW,NO_GOOD_TEMPLATE,False
nstxu_204202/N10/egn10w.2928E+02,good,386119c51ca5692e67c41e8aadf8ac76d1e85efd90b01a8f816f2c05a4be5418,REVIEW,REVIEW,NO_GOOD_TEMPLATE,False
nstxu_204202/N10/egn10w.3236E+02,good,4b3ee51a3407cd21f375f794fae98fce7f8c2205f85321f60acd4c864f8ca8c4,REVIEW,REVIEW,NO_GOOD_TEMPLATE,False
nstxu_204202/N10/egn10w.3556E+02,good,7e47d29e840dfb3aa6c14585677ebf83f2ebaee7b871d09280cadd9f3f094bec,REVIEW,REVIEW,NO_GOOD_TEMPLATE,False
nstxu_204202/N10/egn10w.3991E+02,bad,f49dc1c05ed661cec5f54da7d5628ecfb6af31a1f15ae22da2c9d9be763bfab6,BAD,BAD,BAD_CONT_CROSS_WINDOW,False
nstxu_204202/N10/egn10w.4230E+02,bad,9d68024bb763f69f81b23c4ad781da99618c817fce3b0932427f41bcfa68c5e9,BAD,BAD,BAD_CONT_CROSS_WINDOW,False
nstxu_204202/N10/egn10w.5178E+02,bad,4af1b1d526c6aeb73edf69dfab67b39cf2f4eb9ceb8bb81f8b4970e41fddc8a5,BAD,BAD,BAD_AXIS_SPIKE,False
nstxu_204202/N10/egn10w.5250E+02,bad,369561f6528963e570a726527fa85d69ec71cb02d337102d88fd048ca4913548,BAD,BAD,BAD_CONT_CROSS_WINDOW,False
nstxu_204202/N10/egn10w.5322E+02,bad,cc2050425ef90eba26fcd7da30e59da6c9385e7f83666074e83cda7febd102a6,BAD,BAD,BAD_CONT_CROSS_WINDOW,False
nstxu_204202/N10/egn10w.5521E+02,bad,fd847c2460039a78a5eada37590616ffed6180ef5fdcf9c07feca64409acd6da,BAD,BAD,BAD_CONT_CROSS_WINDOW,False
nstxu_204202/N10/egn10w.5652E+02,bad,8ce814c6a2adb3b881e44dcce339e48c9572d5dcdab363e3a08d7cef2b0d47ae,BAD,BAD,BAD_AXIS_SPIKE,False
nstxu_204202/N10/egn10w.6318E+02,bad,2513fdaa989dfa6ed218010c00477c45d2063702ac9d85c896ea7083f8ed0b77,BAD,BAD,BAD_AXIS_SPIKE,False
nstxu_204202/N2/egn02w.6554E+01,bad,41c94e434bc4e009edbd5e55f5144e24191d18bb40fb39fc4debe138d0454ea5,BAD,BAD,BAD_CONT_CROSS_WINDOW,False
nstxu_204202/N2/egn02w.6557E+01,bad,2b6955ff51b23d8ae1e4120d8f04a32d37d155af9520915a9d1163befd2fd6e0,BAD,BAD,BAD_CONT_CROSS_WINDOW,False
nstxu_204202/N3/egn03w.1017E+02,good,1de0026591e2607cdd1893213a6ceb1ee8d9bc6403d532e0c5c4cffe8d986b8c,REVIEW,REVIEW,NO_GOOD_TEMPLATE,False
nstxu_204202/N3/egn03w.1359E+02,good,658448dc43438f9fb9d6bbc7e9b27ecde76a1ccb92dd815218dd59d03b7acfee,REVIEW,REVIEW,NO_GOOD_TEMPLATE,False
nstxu_204202/N3/egn03w.1740E+02,good,a2470beedbb15fbc38982fcfac0fc7f1a409ef2c29b65f2f5a3c8f63c647f6df,REVIEW,REVIEW,NO_GOOD_TEMPLATE,False
nstxu_204202/N3/egn03w.5040E+02,bad,bed63514ea2c6ecf9c62957050090af484e2075053ef74e11784b4975c4166a1,BAD,BAD,BAD_CONT_CROSS_WINDOW,False
nstxu_204202/N3/egn03w.5139E+02,bad,a1eb45392451a2d06f64673261717c46327c0e856d66c3ae126e07962d9e85e8,BAD,BAD,BAD_CONT_CROSS_WINDOW,False
nstxu_204202/N3/egn03w.5236E+02,bad,e6e79de0b4ebe12fd897bc47bf39098dfe3d4487944e8694110d8ea5eda72006,BAD,BAD,BAD_CONT_CROSS_WINDOW,False
nstxu_204202/N3/egn03w.5330E+02,bad,0a51ca59c666ea3fcc3ac0c6e2e5d48975669f31dda626feaeabc492164c9f14,BAD,BAD,BAD_CONT_CROSS_WINDOW,False
nstxu_204202/N3/egn03w.5461E+02,bad,1a32c88d90102aaf3d86be76640f5d5eb7b023080039a170207a37372faead11,BAD,BAD,BAD_CONT_CROSS_WINDOW,False
nstxu_204202/N3/egn03w.5470E+02,bad,ddc03e33aa6b46d1c10c8e85662db445d206ba7fe2fe5b5dd308536f039f4e79,BAD,BAD,BAD_CONT_CROSS_WINDOW,False
nstxu_204202/N3/egn03w.5830E+02,bad,e518f559f361ad9f0ebcfc46fcbeb0bfdf50de74b1a3630035481e154e6d5821,BAD,BAD,BAD_CONT_CROSS_WINDOW,False
nstxu_204202/N3/egn03w.5952E+02,bad,947de5e80df852bce217f3f7a3b913fb71c15b7063dc4df67ccd6293bdf9fe8a,BAD,BAD,BAD_CONT_CROSS_WINDOW,False
nstxu_204202/N3/egn03w.6963E+01,bad,7ac87d99c18e42e74b93624bf662c72d8fd6c5d8adf8f86d56438e7b8d887f70,BAD,BAD,BAD_CONT_CROSS_WINDOW,False
nstxu_204202/N3/egn03w.7521E+01,bad,739dcc426521d0d6b7983120806af790a8f93525d1ed3842e41fd8d9cebbffed,BAD,BAD,BAD_CONT_CROSS_WINDOW,False
nstxu_204202/N3/egn03w.9141E+01,good,bf346ce1db8c7d68a48df6aaa0ef5e8cc14547398cb81c6aa780952ddf82a83f,REVIEW,REVIEW,NO_GOOD_TEMPLATE,False
nstxu_204202/N4/egn04w.1363E+02,good,15a5e62681a40891a85ecbf522d032e4df031df7f519e468a7340b5dde618c95,REVIEW,REVIEW,NO_GOOD_TEMPLATE,False
nstxu_204202/N4/egn04w.1754E+02,good,b2d20dc21f179b75776f7907da2041bba4449e9ffb97bdc999f79dfcf18a15f5,REVIEW,REVIEW,NO_GOOD_TEMPLATE,False
nstxu_204202/N4/egn04w.2078E+02,good,3549b23bf524b8ecc46232e5c95160857453e80cc7e07a9338b80fd35705feb7,REVIEW,REVIEW,NO_GOOD_TEMPLATE,False
nstxu_204202/N4/egn04w.2635E+02,good,e9d01950182c93563f316d2dfb648bdfe25f3144f6588bf78a447e1711c920ca,REVIEW,REVIEW,NO_GOOD_TEMPLATE,False
nstxu_204202/N4/egn04w.4189E+02,bad,cb24962f5516e08b854b14c5d74403c41694ac44623be374b890c130919af2e5,BAD,BAD,BAD_AXIS_SPIKE,False
nstxu_204202/N4/egn04w.5390E+02,bad,111f991d39eeea45fdf9197f9dc3a385e9378e409538026a35b196d70f30ecd1,BAD,BAD,BAD_CONT_CROSS_WINDOW,False
nstxu_204202/N4/egn04w.5498E+02,bad,e8ca30cf30da2a21cd79616f3b4ceb9caf7fd4ea429b5b2feb521f363262db2a,BAD,BAD,BAD_CONT_CROSS_WINDOW,False
nstxu_204202/N4/egn04w.5557E+02,bad,766113115124aae5be3c84c74d41b13cd66ac71c5008d4a13c555368c84cdc06,BAD,BAD,BAD_CONT_CROSS_WINDOW,False
nstxu_204202/N4/egn04w.5610E+02,bad,9fb3df9a6276e4156958b9b2f25410e6e3b28604afe29980b26bfcff4906f4f5,BAD,BAD,BAD_CONT_CROSS_WINDOW,False
nstxu_204202/N4/egn04w.5691E+02,bad,5fa0e957c9672038ba227c6e57619abf77e050888c673bf611f0c78e4fa82a57,BAD,BAD,BAD_CONT_CROSS_WINDOW,False
nstxu_204202/N4/egn04w.5978E+02,bad,283ce6a5c0bfc18bc133382e3a76ad50304758f55d1a3d74a16c595a38b67e97,BAD,BAD,BAD_CONT_CROSS_WINDOW,False
nstxu_204202/N4/egn04w.8263E+01,good,5307717357bf608c3e002dc428b74c3495aa8c3974e6de183439897a0bd98dce,REVIEW,REVIEW,NO_GOOD_TEMPLATE,False
nstxu_204202/N5/egn05w.1266E+02,good,54e6cea63eb979fbffb95f8857c1c303a6ab7f9b21152946e2b0e256537c2232,REVIEW,REVIEW,NO_GOOD_TEMPLATE,False
nstxu_204202/N5/egn05w.1358E+02,good,f6b58313f6b330f8c33eafe9f764911bad6e3b8108a7bce664fe226fafbf08d0,REVIEW,REVIEW,NO_GOOD_TEMPLATE,False
nstxu_204202/N5/egn05w.1651E+02,good,3af5dfa6cc0cf882191db7211d1a235acf35b8cf3014d79b0aa51f0e11ba527d,REVIEW,REVIEW,NO_GOOD_TEMPLATE,False
nstxu_204202/N5/egn05w.2135E+02,good,07514d909fd3a67470d0f4d9bc701247c9bea4e4a6d1a57fba92503458ee9cef,REVIEW,REVIEW,NO_GOOD_TEMPLATE,False
nstxu_204202/N5/egn05w.2391E+02,good,dc99e2192657312dc44ae0763fd8385d4c0285aa64219e7ea8dae414943e891e,REVIEW,REVIEW,NO_GOOD_TEMPLATE,False
nstxu_204202/N5/egn05w.4909E+02,bad,8358ab61b71209eb22744d966fdd4b57b431332259b16acc5a5b118fffe55424,BAD,BAD,BAD_CONT_CROSS_WINDOW,False
nstxu_204202/N5/egn05w.5039E+02,bad,e920254a5ff5074bba026a189224b0c84041849619707b507bc4afd578b7dc7d,BAD,BAD,BAD_CONT_CROSS_WINDOW,False
nstxu_204202/N5/egn05w.5423E+02,bad,84e99bb60e13a2f981effb57a436b041e9c3cf484626f997d5707572c046b1bb,BAD,BAD,BAD_CONT_CROSS_WINDOW,False
nstxu_204202/N5/egn05w.5445E+02,bad,a73178f3e77a6a1bca9d7250214e5f9a3d6333e1a6dded2e2241654af91b022e,BAD,BAD,BAD_CONT_CROSS_WINDOW,False
nstxu_204202/N5/egn05w.5473E+02,bad,17bcb05628ad3851c4b70561db52f43951f3765a2f399b354fc6a48ee36ef783,BAD,BAD,BAD_CONT_CROSS_WINDOW,False
nstxu_204202/N5/egn05w.5612E+02,bad,6477c704fed44140ffae009fc4ff95a0d250de85bd051d19294c92a2120e9658,BAD,BAD,BAD_NEAR_AXIS_GRID_OSCILLATION,False
nstxu_204202/N5/egn05w.5727E+02,bad,14bfdfae0a440fb1ad5ad0e5d85eb7737b43705e74ee804e4abf384465270dfc,BAD,BAD,BAD_CONT_CROSS_WINDOW,False
nstxu_204202/N5/egn05w.5813E+02,bad,7158edb5208462b045cb8747c9005d407a44f8af492afbd418015db8c182ac51,BAD,BAD,BAD_AXIS_SPIKE,False
nstxu_204202/N5/egn05w.6753E+02,bad,fe0ad87bcc51c0e2d86190ffa0249da01d088d462f3d384af21d6941e0a535eb,BAD,BAD,BAD_AXIS_SPIKE,False
nstxu_204202/N6/egn06w.1001E+02,bad,654a1bc3f28b11ffcd16a0cbeb8a39bc18d703b95238d2180f4360346be7cbd0,BAD,BAD,BAD_CONT_CROSS_WINDOW,False
nstxu_204202/N6/egn06w.1273E+02,good,86988e3d023a62ef3ef40919443500645ba6c8a93bdd15d8bc0d5444a2273bd5,REVIEW,REVIEW,NO_GOOD_TEMPLATE,False
nstxu_204202/N6/egn06w.1439E+02,good,2408b84cd0dee59deb55ab189595714f4fd814091ecc067afeec1568c5815500,REVIEW,REVIEW,NO_GOOD_TEMPLATE,False
nstxu_204202/N6/egn06w.1618E+02,good,4589728cf2bc061b1279d98625e2d3983f15d977d3fb2534944c8038b973d863,REVIEW,REVIEW,NO_GOOD_TEMPLATE,False
nstxu_204202/N6/egn06w.1899E+02,good,226c5806eff4f7adcf57ba1fae8fdab85918f06fa48179b7a08cc2a118270772,REVIEW,REVIEW,NO_GOOD_TEMPLATE,False
nstxu_204202/N6/egn06w.2315E+02,good,a9dc8ea0e5f2d000b73928acea07d3cb0a5fc393b2d4cb127f13516d3e8227ba,REVIEW,REVIEW,NO_GOOD_TEMPLATE,False
nstxu_204202/N6/egn06w.2987E+02,good,8ceb9d61cbecaa1a187fd3dc703f0c9b04fd70fad6b8b1bcd72cd576d7288e90,REVIEW,REVIEW,NO_GOOD_TEMPLATE,False
nstxu_204202/N6/egn06w.4500E+02,bad,1caff13356282a0e699dc8a0af3f94edf7187573945aa657bd12f244e021271c,BAD,BAD,BAD_CONT_CROSS_WINDOW,False
nstxu_204202/N6/egn06w.4624E+02,bad,e83af9589141534e206ad042c8cfe5914f943649f11f1b1737130c741bfdd4b3,BAD,BAD,BAD_CONT_CROSS_WINDOW,False
nstxu_204202/N6/egn06w.5134E+02,bad,4efad99dcb1e1dd8048520886ada347c32c2cc2f67898a33fb7ee790c7a4ddb0,BAD,BAD,BAD_CONT_CROSS_WINDOW,False
nstxu_204202/N6/egn06w.5177E+02,bad,e0e4663a1c6b4086dd0f6ef68b98e3745cfd82bbffa2b3ff403e14a2a1a8a216,BAD,BAD,BAD_CONT_CROSS_WINDOW,False
nstxu_204202/N6/egn06w.5736E+02,bad,1fd5746ad51678fa75d3e50132f443662a7a1f22a59609aff53166078af1fb44,BAD,BAD,BAD_CONT_CROSS_WINDOW,False
nstxu_204202/N6/egn06w.5856E+02,bad,a93ba2aae94c600c796994a2c0f8765cad3cb403e173cbb6b75ce8c821117dfc,BAD,BAD,BAD_CONT_CROSS_WINDOW,False
nstxu_204202/N6/egn06w.6048E+02,bad,0613d1d568e648c441dcc37468aef5c3c63132e7e99898fd6075e9328403635e,BAD,BAD,BAD_CONT_CROSS_WINDOW,False
nstxu_204202/N6/egn06w.7914E+01,good,61b9caf323557faabb280a62218ab89d9797a9931292887c2213876e0748f80a,REVIEW,REVIEW,NO_GOOD_TEMPLATE,False
nstxu_204202/N6/egn06w.9143E+01,good,81aedbada20943c8d582712b72c4678c9d411d37a66fa81ed6d8862492d8527d,REVIEW,REVIEW,NO_GOOD_TEMPLATE,False
nstxu_204202/N7/egn07w.1060E+02,good,3b054fb31db209252862b578128614ba550ffdb06ab646b132abf436d0287eb7,REVIEW,REVIEW,NO_GOOD_TEMPLATE,False
nstxu_204202/N7/egn07w.1162E+02,good,571f008ccdc2284806ae9a67730939343aad77d42262915f1c40bd44aa5cc00e,REVIEW,REVIEW,NO_GOOD_TEMPLATE,False
nstxu_204202/N7/egn07w.1444E+02,good,e9a4ada17584cce2aed3706e047dc5d45d8da87af3b4f210444238f08a3bd321,REVIEW,REVIEW,NO_GOOD_TEMPLATE,False
nstxu_204202/N7/egn07w.1667E+02,good,45f6b69129999f32dadfe709e5d677c448fa5c04b0a784d50d5b1c846658e9d5,REVIEW,REVIEW,NO_GOOD_TEMPLATE,False
nstxu_204202/N7/egn07w.1819E+02,good,3c0a35a8a6e8268347b840421dee7eff0bf53d0ca87028ea757a98591298086a,REVIEW,REVIEW,NO_GOOD_TEMPLATE,False
nstxu_204202/N7/egn07w.2851E+02,good,27edfe4fdbfe571fdec6fb010ff3a58ac5dfa83b48d33e915d1c3c29644b3698,BAD,BAD,BAD_NEAR_AXIS_GRID_OSCILLATION,False
nstxu_204202/N7/egn07w.3107E+02,good,2d44d7717adf0b51f14e1fe5fc1fd5a2824cffbda6c8ee9cec8adaa07a504dfd,REVIEW,REVIEW,NO_GOOD_TEMPLATE,False
nstxu_204202/N7/egn07w.3718E+02,bad,b74f4872caf64e1ff7e0c631e1b820c8e5bb174b7d7b4e7f5cf4460c25862c24,REVIEW,BAD,BAD_CONTINUUM_CROSSING_TAIL,True
nstxu_204202/N7/egn07w.4336E+02,bad,04835476bfb3900ff2330f2618d3b6e794245907c2e2cf4a9a4f4fa17a5de36d,BAD,BAD,BAD_CONT_CROSS_WINDOW,False
nstxu_204202/N7/egn07w.5453E+02,bad,adbc3a80efd43462f6bf2848d59b9ebde62cc4703fbb61136a056f22b52f491c,BAD,BAD,BAD_CONT_CROSS_WINDOW,False
nstxu_204202/N7/egn07w.5724E+02,bad,04d4c4fd28aebf3b7f93d4ed93f81ec2035098755dcb97f81c6fc7f895137ef2,BAD,BAD,BAD_CONT_CROSS_WINDOW,False
nstxu_204202/N7/egn07w.5737E+02,bad,4847c7b866c7383b3426a20cd4f84cf57bd189bd41b32b1e861b3a19182dc772,BAD,BAD,BAD_CONT_CROSS_WINDOW,False
nstxu_204202/N7/egn07w.5840E+02,bad,3752d0467196d0092cb8264db37a1ead97a2fba2e1d94abd5ff0dd109c2f7a84,BAD,BAD,BAD_CONT_CROSS_WINDOW,False
nstxu_204202/N7/egn07w.6286E+02,bad,3e191a602ece08591d481586716a635ca36aec03015b3dca6eeae5d14ab15448,BAD,BAD,BAD_AXIS_SPIKE,False
nstxu_204202/N7/egn07w.6448E+02,bad,ac63b3f0c77d0a0e6f05d9c459574fff00b34e1472abc602473c0203c1066b83,BAD,BAD,BAD_AXIS_SPIKE,False
nstxu_204202/N7/egn07w.6544E+02,bad,ae425d42b3a4628649a5024f91f364f3812d965476b76d372580e8e38c945a57,BAD,BAD,BAD_AXIS_SPIKE,False
nstxu_204202/N7/egn07w.6773E+02,bad,d1ccc7b4ef22663863c4989a473044b9c76bdaaad4770b8fd06aeb87655aea37,BAD,BAD,BAD_AXIS_SPIKE,False
nstxu_204202/N7/egn07w.6868E+02,bad,0cbd75d450c58fb538d4dc3a9af754fb8a972a0ac6e1e73acfd072600f2eaba1,BAD,BAD,BAD_AXIS_SPIKE,False
nstxu_204202/N7/egn07w.7246E+02,bad,27b941fb500e40a8fc080438e6a852ef6fe0fad4d5982e570919aba89141de8f,BAD,BAD,BAD_AXIS_SPIKE,False
nstxu_204202/N7/egn07w.8631E+01,good,8fcd050f29b31be0c7e5f7e2ec241dcde63f52f5951f4a50b5bca16c266b29e8,REVIEW,REVIEW,NO_GOOD_TEMPLATE,False
nstxu_204202/N7/egn07w.8929E+01,good,631d32e8c42caa5897d91cd5022377290ef8ae3777386851f15902b0b85063cc,REVIEW,REVIEW,NO_GOOD_TEMPLATE,False
nstxu_204202/N7/egn07w.9477E+01,good,959355c324bd4230ba88dfd30ab4e6a79c9daefbaef99d0f4e3677b95537135e,REVIEW,REVIEW,NO_GOOD_TEMPLATE,False
nstxu_204202/N8/egn08w.1072E+02,good,ce6b48f8ad1251a2fddc2a003131e67ce74eddc1be0c4fa57f036c3b2a026198,REVIEW,REVIEW,NO_GOOD_TEMPLATE,False
nstxu_204202/N8/egn08w.1192E+02,bad,af37fd379b702a87f0437735d6f3e6bf7cf8aca6803bfc31b8cff2bdc657cb65,BAD,BAD,BAD_AXIS_SPIKE,False
nstxu_204202/N8/egn08w.1790E+02,good,704e0a283c56c4da0dcb0ea58232bb08455ba2f4866edec8d521b542507280e7,REVIEW,REVIEW,NO_GOOD_TEMPLATE,False
nstxu_204202/N8/egn08w.2025E+02,good,98a9098f244baab6bb45e1122197a99f5e1ae4830abf1b034ea1c750d6332373,REVIEW,REVIEW,NO_GOOD_TEMPLATE,False
nstxu_204202/N8/egn08w.2323E+02,bad,a473424bfaca2b3e1019fc7fa6dbec6948ea41f3eaa4a9c792994662d9f90f60,BAD,BAD,BAD_AXIS_SPIKE,False
nstxu_204202/N8/egn08w.2651E+02,good,99933374345b82c21694501b4e688122867dd611763a37811aa0b0db617f8292,REVIEW,REVIEW,NO_GOOD_TEMPLATE,False
nstxu_204202/N8/egn08w.3013E+02,bad,55ba68708481e4f0c1c091b98d4fc258cdc6e8527879b5b21bb7cda192cdc07f,BAD,BAD,BAD_AXIS_SPIKE,False
nstxu_204202/N8/egn08w.3306E+02,good,eac1f1cbedd3eb09f3debd8b19e1b6196486160b95992e8afe7013cecf52e738,REVIEW,REVIEW,NO_GOOD_TEMPLATE,False
nstxu_204202/N8/egn08w.3721E+02,good,5875047e05b80fd6fe8e1bd7bea34a92b78a519667c7e547d52e822318322d8b,REVIEW,REVIEW,NO_GOOD_TEMPLATE,False
nstxu_204202/N8/egn08w.4253E+02,bad,ea056be04921c3b532092aa6cc0643e007817073be709d9a5e9bc0fdbb8e3e10,BAD,BAD,BAD_GRID_SCALE_SPIKE,False
nstxu_204202/N8/egn08w.4276E+02,bad,3238a4ca0ad7b4ccbf036b5f55f8f3a0ae95920a95b9dba9c3baa7f4f00937be,REVIEW,BAD,BAD_CONTINUUM_CROSSING_TAIL,True
nstxu_204202/N8/egn08w.4293E+02,bad,9215d0df2b231e742be02079cac104b33761e53ee3d49a3cf378db8f29b68db3,BAD,BAD,BAD_NEAR_AXIS_GRID_OSCILLATION,False
nstxu_204202/N8/egn08w.4585E+02,bad,9918523c41feba7d5ff304243bfbc844db94ca99d10c4f3c382d59835299de51,BAD,BAD,BAD_CONT_CROSS_WINDOW,False
nstxu_204202/N8/egn08w.5180E+02,bad,e81a8e4d3a03e52dcabf6c38fe016407daf6b644c193d99ad30eea3f07020a00,BAD,BAD,BAD_CONT_CROSS_WINDOW,False
nstxu_204202/N8/egn08w.5262E+02,bad,d1c2954cbb7e308f257574f9411631fdf3427fdcf3a2b7db0956c3589cf925e7,BAD,BAD,BAD_CONT_CROSS_WINDOW,False
nstxu_204202/N8/egn08w.5579E+02,bad,f1e553502e0e2aa0c404138992b58f4fd8a0449a0c1bac8f7f3cd0502f0ccd13,BAD,BAD,BAD_NEAR_AXIS_GRID_OSCILLATION,False
nstxu_204202/N8/egn08w.5676E+02,bad,aa7bbee334dcb801928fbd4f20df0c365d2325ba2c4052e04e746986c71ec749,BAD,BAD,BAD_CONT_CROSS_WINDOW,False
nstxu_204202/N8/egn08w.5804E+02,bad,830fca4e196d89548da42eee6710f596999a36d31d07a047c7d8bbad5347585c,BAD,BAD,BAD_AXIS_SPIKE,False
nstxu_204202/N8/egn08w.5882E+02,bad,05e97082c918b87d6493c12a580506a8fbe3718ff9a7531f930f4f7fc02bf1a2,BAD,BAD,BAD_AXIS_SPIKE,False
nstxu_204202/N8/egn08w.6547E+02,bad,db870ad0caa3aa5ce9058a86600f2d302af1585e3632142abbd53aa4865359f3,BAD,BAD,BAD_AXIS_SPIKE,False
nstxu_204202/N8/egn08w.7126E+02,bad,eb26c95138cb71d8ca53c07ae40457ade4b05e082f1645bc2aec0ef6c87cb083,BAD,BAD,BAD_AXIS_SPIKE,False
nstxu_204202/N8/egn08w.9247E+01,good,f218b8d5e1260612a71922b9dc7caf8179a4b222d8c4c8e0776c8615d17c6e3b,REVIEW,REVIEW,NO_GOOD_TEMPLATE,False
nstxu_204202/N8/egn08w.9915E+01,good,f1ab2a5fec7b04c08c9dcff478abde43da89c6236f1d4555e8aba7081240546e,REVIEW,REVIEW,NO_GOOD_TEMPLATE,False
nstxu_204202/N9/egn09w.1029E+02,good,cba6d1697a3cd6deecc0d892e8fb38b64174ee6277f173baeda120cf80682094,REVIEW,REVIEW,NO_GOOD_TEMPLATE,False
nstxu_204202/N9/egn09w.1091E+02,good,18ddda63eac78d11ca8c8af06e12ab1e4a090adf302e03d517bed85be1091b7a,REVIEW,REVIEW,NO_GOOD_TEMPLATE,False
nstxu_204202/N9/egn09w.1197E+02,good,61374b92cc0a49426443066b568b5dd2715871184166525e97f239a2d7a830dc,REVIEW,REVIEW,NO_GOOD_TEMPLATE,False
nstxu_204202/N9/egn09w.1439E+02,good,cc44996bb34195fac007dce8f34c56321e2063f6438d5569b35d056c87d492cc,REVIEW,REVIEW,NO_GOOD_TEMPLATE,False
nstxu_204202/N9/egn09w.1562E+02,good,bd5231de63bd3c284213c08e18fc0073409d2ed29433b2a3e0d14066075eb844,REVIEW,REVIEW,NO_GOOD_TEMPLATE,False
nstxu_204202/N9/egn09w.1804E+02,good,91c10ecdfdb1f4f7ae9aa60db30cbf036414866af5c8b275a4edd7d55b99cc6c,BAD,BAD,BAD_NEAR_AXIS_GRID_OSCILLATION,False
nstxu_204202/N9/egn09w.1941E+02,good,2b6b9de0a61d9fec7b446bd3655a38424abca7575637915dfdcf48e2c1414e5e,REVIEW,REVIEW,NO_GOOD_TEMPLATE,False
nstxu_204202/N9/egn09w.2201E+02,good,52154eb8ae2638c7971b1912aa595bf4705db6ea73d1c1c4c1b6e966c6a28206,REVIEW,REVIEW,NO_GOOD_TEMPLATE,False
nstxu_204202/N9/egn09w.3150E+02,good,57f82b8091cb1b496716cec4c059043d3e6c1f03fd2a3d7e3a4f1952e2931f7c,REVIEW,REVIEW,NO_GOOD_TEMPLATE,False
nstxu_204202/N9/egn09w.3423E+02,good,e5f3e9e26d620286e88af19305b4b62ee467ceab9680648cf82f9ee3fd424527,REVIEW,REVIEW,NO_GOOD_TEMPLATE,False
nstxu_204202/N9/egn09w.3727E+02,bad,33edb43b52a6f563fc4a95727e184bf4a8c2c85b7a84598755dd3997a54a4ee8,BAD,BAD,BAD_CONT_CROSS_WINDOW,False
nstxu_204202/N9/egn09w.3737E+02,good,a5943ed015a38f0d03dbd83265253ce2e34d54d80e139ad26f06b6c26ffbc0fb,REVIEW,BAD,BAD_CONTINUUM_CROSSING_TAIL,True
nstxu_204202/N9/egn09w.3911E+02,bad,9111281c89c82bde1a82a39bf2eb38906871b174cbc6a40791397214a325cd1f,BAD,BAD,BAD_CONT_CROSS_WINDOW,False
nstxu_204202/N9/egn09w.4417E+02,bad,f2a5c6ee97839df2018d2e28992590758426eaf2206e7029a12b32eee6fc8cb3,BAD,BAD,BAD_CONT_CROSS_WINDOW,False
nstxu_204202/N9/egn09w.4979E+02,bad,7234c0222af7833d1a3ef2caeb9663adaef133725175b9a8e82eccea8e5d2c1f,BAD,BAD,BAD_CONT_CROSS_WINDOW,False
nstxu_204202/N9/egn09w.5019E+02,bad,8a37df350426234413e3708a9be16aedbea13921ac660499f3dc2566acbfc6ef,REVIEW,REVIEW,NO_GOOD_TEMPLATE,False
nstxu_204202/N9/egn09w.5431E+02,bad,30c53f37f01e09998917037643837d7f7ced3c0bdb42487651f90688a1e688e2,BAD,BAD,BAD_CONT_CROSS_WINDOW,False
nstxu_204202/N9/egn09w.9539E+01,good,2e4c57252b1ff63df9f9754e3a297b5080bdcb8f327fee2a1b9d0e5123e998f6,REVIEW,REVIEW,NO_GOOD_TEMPLATE,False
