path,label,input_fingerprint,extremum_qualified,extremum_match_found,ext_dr,ext_df_gap,ext_energy_frac,energy_peak_r,energy_halfmax_width_grid,no_axis_decision,no_axis_primary_reason,w2_decision,w2_primary_reason,w2_axis_fires,w2_axis_peak,w2_axis_peak_harmonic_index,w2_axis_peak_r,w2_axis_halfmax_width_grid,w2_axis_component_touches_boundary,w3_decision,w3_primary_reason,w3_axis_fires,w3_axis_peak,w3_axis_peak_harmonic_index,w3_axis_peak_r,w3_axis_halfmax_width_grid,w3_axis_component_touches_boundary,w5_decision,w5_primary_reason,w5_axis_fires,w5_axis_peak,w5_axis_peak_harmonic_index,w5_axis_peak_r,w5_axis_halfmax_width_grid,w5_axis_component_touches_boundary,w10_decision,w10_primary_reason,w10_axis_fires,w10_axis_peak,w10_axis_peak_harmonic_index,w10_axis_peak_r,w10_axis_halfmax_width_grid,w10_axis_component_touches_boundary
nstx_120113/N1/egn01w.1445E+02,bad,9a7ebe1b9a0dcb9558aea3b8b1ba69d57b45e757cdeea4bbd211925978b4a7d9,False,False,,,,0.04,1.152539778014576,BAD,BAD_CONT_CROSS_WINDOW,BAD,BAD_CONT_CROSS_WINDOW,False,0.26367021284548137,1,0.03,7.469226340449303,False,BAD,BAD_CONT_CROSS_WINDOW,False,0.26367021284548137,1,0.03,7.469226340449303,False,BAD,BAD_CONT_CROSS_WINDOW,False,0.26367021284548137,1,0.03,7.469226340449303,False,BAD,BAD_AXIS_SPIKE,True,0.26367021284548137,1,0.03,7.469226340449303,False
nstx_120113/N1/egn01w.1455E+02,bad,7e81aa72bed7cfd20ce8aa9ff10853d84dcde34dd1072323e39f510b50919435,False,False,,,,0.04,1.192732747648996,BAD,BAD_CONT_CROSS_WINDOW,BAD,BAD_CONT_CROSS_WINDOW,False,0.4111514914703629,1,0.03,6.73308957573886,False,BAD,BAD_CONT_CROSS_WINDOW,False,0.4111514914703629,1,0.03,6.73308957573886,False,BAD,BAD_CONT_CROSS_WINDOW,False,0.4111514914703629,1,0.03,6.73308957573886,False,BAD,BAD_AXIS_SPIKE,True,0.4111514914703629,1,0.03,6.73308957573886,False
nstx_120113/N1/egn01w.1602E+02,bad,170e7ee8b64025df5a2e3b75d07b6cbd2c95a159f55159c542897bf39b45a5bf,False,False,,,,0.06,15.850573484027647,BAD,BAD_CONT_CROSS_WINDOW,BAD,BAD_AXIS_SPIKE,True,0.4076101012522636,2,0.01,1.4282836962680756,False,BAD,BAD_AXIS_SPIKE,True,0.4076101012522636,2,0.01,1.4282836962680756,False,BAD,BAD_AXIS_SPIKE,True,0.4076101012522636,2,0.01,1.4282836962680756,False,BAD,BAD_AXIS_SPIKE,True,0.4076101012522636,2,0.01,1.4282836962680756,False
nstx_120113/N1/egn01w.1621E+02,bad,c325f217a7629ff588a8b8cf172c3dcb7d7efb27ad86d7fc0786173af1ee63cc,False,False,,,,0.07,17.028457547668978,BAD,BAD_CONT_CROSS_WINDOW,BAD,BAD_AXIS_SPIKE,True,0.4284800947545198,2,0.01,1.5486954804106614,False,BAD,BAD_AXIS_SPIKE,True,0.4284800947545198,2,0.01,1.5486954804106614,False,BAD,BAD_AXIS_SPIKE,True,0.4284800947545198,2,0.01,1.5486954804106614,False,BAD,BAD_AXIS_SPIKE,True,0.4284800947545198,2,0.01,1.5486954804106614,False
nstx_120113/N1/egn01w.1642E+02,bad,bfe18fa8a826a769a2a3aa525a5ba6c4a83832d9866c4bd2c243fe2eef973e92,False,False,,,,0.075,17.314099462201227,BAD,BAD_CONT_CROSS_WINDOW,BAD,BAD_AXIS_SPIKE,True,0.4735443464380228,1,0.01,1.6971907926595968,False,BAD,BAD_AXIS_SPIKE,True,0.4735443464380228,1,0.01,1.6971907926595968,False,BAD,BAD_AXIS_SPIKE,True,0.4735443464380228,1,0.01,1.6971907926595968,False,BAD,BAD_AXIS_SPIKE,True,0.4735443464380228,1,0.01,1.6971907926595968,False
nstx_120113/N1/egn01w.1728E+02,bad,55c61b4921ecae065a5c9fe15988c06bdb729c88886adefc4137ab63620e0f0f,False,False,,,,0.14,21.111272082169357,BAD,BAD_GRID_SCALE_SPIKE,BAD,BAD_AXIS_SPIKE,True,0.6074739929659263,1,0.01,1.69670344283669,False,BAD,BAD_AXIS_SPIKE,True,0.6074739929659263,1,0.01,1.69670344283669,False,BAD,BAD_AXIS_SPIKE,True,0.7085859709898921,1,0.02,4.917375597509458,False,BAD,BAD_AXIS_SPIKE,True,0.7085859709898921,1,0.02,4.917375597509458,False
nstx_120113/N1/egn01w.1754E+02,bad,00bd8aeb119f2bf4310878c6bc174af002c58430ac027a7121d4445c95700a04,False,False,,,,0.14,21.94343554015411,BAD,BAD_CONT_CROSS_WINDOW,BAD,BAD_AXIS_SPIKE,True,0.35528113227172603,1,0.01,1.7307535914834775,False,BAD,BAD_AXIS_SPIKE,True,0.35528113227172603,1,0.01,1.7307535914834775,False,BAD,BAD_AXIS_SPIKE,True,0.35528113227172603,1,0.01,1.7307535914834775,False,BAD,BAD_AXIS_SPIKE,True,0.4916364130873454,1,0.03,5.869364370040519,False
nstx_120113/N1/egn01w.1780E+02,bad,0a684b620f434a416ef84c56b98fa9ed26bb4de0cd01959ac752dc4985ae6235,False,False,,,,0.14,22.42184056462162,BAD,BAD_CONT_CROSS_WINDOW,BAD,BAD_AXIS_SPIKE,True,0.2357846442122887,1,0.01,1.7799069338455888,False,BAD,BAD_AXIS_SPIKE,True,0.2357846442122887,1,0.01,1.7799069338455888,False,BAD,BAD_AXIS_SPIKE,True,0.2357846442122887,1,0.01,1.7799069338455888,False,BAD,BAD_AXIS_SPIKE,True,0.4460795574570161,1,0.03,5.589831093990758,False
nstx_120113/N1/egn01w.1807E+02,bad,a7b769baefcd33bd024ca895ed9f57d430f3c5ee0da8dbfdd6b2e2695fa60eaa,False,False,,,,0.145,22.83820261089407,BAD,BAD_CONT_CROSS_WINDOW,BAD,BAD_CONT_CROSS_WINDOW,False,0.4184023218494752,1,0.03,5.3762284448386835,False,BAD,BAD_CONT_CROSS_WINDOW,False,0.4184023218494752,1,0.03,5.3762284448386835,False,BAD,BAD_CONT_CROSS_WINDOW,False,0.4184023218494752,1,0.03,5.3762284448386835,False,BAD,BAD_AXIS_SPIKE,True,0.4184023218494752,1,0.03,5.3762284448386835,False
nstx_120113/N1/egn01w.1833E+02,bad,eabea2252accf7c1d7c81d302d9dad39c354ebb9acf8727298122c7db58210d4,False,False,,,,0.23500000000000001,1.7192840668177944,BAD,BAD_CONT_CROSS_WINDOW,BAD,BAD_CONT_CROSS_WINDOW,False,0.4032316899827339,1,0.03,5.196239939809984,False,BAD,BAD_CONT_CROSS_WINDOW,False,0.4032316899827339,1,0.03,5.196239939809984,False,BAD,BAD_CONT_CROSS_WINDOW,False,0.4032316899827339,1,0.03,5.196239939809984,False,BAD,BAD_AXIS_SPIKE,True,0.4032316899827339,1,0.03,5.196239939809984,False
nstx_120113/N1/egn01w.1861E+02,bad,04ed8ef4a0956665f729cb537832cf6b23bf3780e40ca95b1f10491c6dbb1c82,False,False,,,,0.24,1.6837271214152794,BAD,BAD_CONT_CROSS_WINDOW,BAD,BAD_CONT_CROSS_WINDOW,False,0.399213335368036,1,0.03,5.039942775844894,False,BAD,BAD_CONT_CROSS_WINDOW,False,0.399213335368036,1,0.03,5.039942775844894,False,BAD,BAD_CONT_CROSS_WINDOW,False,0.399213335368036,1,0.03,5.039942775844894,False,BAD,BAD_AXIS_SPIKE,True,0.399213335368036,1,0.03,5.039942775844894,False
nstx_120113/N1/egn01w.1888E+02,bad,266dc8deef70214aa807aac36d7bbb74afb75a6b6e93e92d90da3d7d6752296a,False,False,,,,0.245,1.653428785914457,BAD,BAD_CONT_CROSS_WINDOW,BAD,BAD_CONT_CROSS_WINDOW,False,0.40709739277308715,1,0.03,4.115974400342952,False,BAD,BAD_CONT_CROSS_WINDOW,False,0.40709739277308715,1,0.03,4.115974400342952,False,BAD,BAD_AXIS_SPIKE,True,0.40709739277308715,1,0.03,4.115974400342952,False,BAD,BAD_AXIS_SPIKE,True,0.40709739277308715,1,0.03,4.115974400342952,False
nstx_120113/N1/egn01w.1916E+02,bad,b0a569baffafa97a2229328ff5d5794f6715dc7c04c4992a184879f07aea9360,False,False,,,,0.25,1.625483435355135,BAD,BAD_CONT_CROSS_WINDOW,BAD,BAD_CONT_CROSS_WINDOW,False,0.431612046549165,1,0.03,4.050232304593239,False,BAD,BAD_CONT_CROSS_WINDOW,False,0.431612046549165,1,0.03,4.050232304593239,False,BAD,BAD_AXIS_SPIKE,True,0.431612046549165,1,0.03,4.050232304593239,False,BAD,BAD_AXIS_SPIKE,True,0.431612046549165,1,0.03,4.050232304593239,False
nstx_120113/N1/egn01w.1945E+02,bad,b49f75b74feae8a6e63b87c782dbdb9456380e0671d4b5ea3b188badc6eea8ee,False,False,,,,0.255,1.596880380253185,BAD,BAD_CONT_CROSS_WINDOW,BAD,BAD_AXIS_SPIKE,True,0.22022354259389879,3,0.03,1.085375973183439,False,BAD,BAD_AXIS_SPIKE,True,0.22022354259389879,3,0.03,1.085375973183439,False,BAD,BAD_AXIS_SPIKE,True,0.4842487007567786,1,0.03,4.109867602582972,False,BAD,BAD_AXIS_SPIKE,True,0.4842487007567786,1,0.03,4.109867602582972,False
nstx_120113/N1/egn01w.1974E+02,bad,11f7381e832f65a605c878538e709010a255867b219072dd9f8f78c2fda79995,False,False,,,,0.26,1.5614508440552788,BAD,BAD_CONT_CROSS_WINDOW,BAD,BAD_AXIS_SPIKE,True,0.3062693210212752,3,0.03,1.0915062478508215,False,BAD,BAD_AXIS_SPIKE,True,0.3062693210212752,3,0.03,1.0915062478508215,False,BAD,BAD_AXIS_SPIKE,True,0.5989807894969443,1,0.03,4.258903027570994,False,BAD,BAD_AXIS_SPIKE,True,0.5989807894969443,1,0.03,4.258903027570994,False
nstx_120113/N1/egn01w.2065E+02,bad,1b6319b23918b83e08b4d92b3d5cff8bdb4b577d1f458109e358604f6e1d731d,False,False,,,,0.03,1.3808159503251802,BAD,BAD_CONT_CROSS_WINDOW,BAD,BAD_AXIS_SPIKE,True,0.6719998665062803,3,0.03,1.111848427602924,False,BAD,BAD_AXIS_SPIKE,True,0.6719998665062803,3,0.03,1.111848427602924,False,BAD,BAD_AXIS_SPIKE,True,0.6719998665062803,3,0.03,1.111848427602924,False,BAD,BAD_AXIS_SPIKE,True,0.8992159625675472,1,0.03,5.81239958673703,False
nstx_120113/N1/egn01w.2096E+02,bad,46907bb3b41d177866781802add519f814ec92d6eadfc53a0a419c8872b01d6c,False,False,,,,0.21,26.501945781189544,BAD,BAD_CONT_CROSS_WINDOW,BAD,BAD_AXIS_SPIKE,True,0.27753710399483894,3,0.03,1.1292064986594483,False,BAD,BAD_AXIS_SPIKE,True,0.27753710399483894,3,0.03,1.1292064986594483,False,BAD,BAD_AXIS_SPIKE,True,0.27753710399483894,3,0.03,1.1292064986594483,False,BAD,BAD_AXIS_SPIKE,True,0.27753710399483894,3,0.03,1.1292064986594483,False
nstx_120113/N1/egn01w.2125E+02,bad,e281f4be2054029b7de7fbffb0da854244edbea51e7313268c15000976ee3ccc,False,False,,,,0.23500000000000001,21.659002228156993,BAD,BAD_CONT_CROSS_WINDOW,BAD,BAD_AXIS_SPIKE,True,0.6372636803204726,2,0.005,1.0693604119045008,False,BAD,BAD_AXIS_SPIKE,True,0.6372636803204726,2,0.005,1.0693604119045008,False,BAD,BAD_AXIS_SPIKE,True,0.6372636803204726,2,0.005,1.0693604119045008,False,BAD,BAD_AXIS_SPIKE,True,0.6372636803204726,2,0.005,1.0693604119045008,False
nstx_120113/N1/egn01w.6266E+02,bad,1e414d1ee3e784223de6a0cae87f7ec16f5db39c8af18f46b9f8a1d0ac829809,False,False,,,,0.005,1.0271797453861864,BAD,BAD_GRID_SCALE_PACKET,BAD,BAD_AXIS_SPIKE,True,1.0,3,0.005,1.1241298072282124,False,BAD,BAD_AXIS_SPIKE,True,1.0,3,0.005,1.1241298072282124,False,BAD,BAD_AXIS_SPIKE,True,1.0,3,0.005,1.1241298072282124,False,BAD,BAD_AXIS_SPIKE,True,1.0,3,0.005,1.1241298072282124,False
nstx_120113/N2/egn02w.1062E+02,bad,a8af27e03e00b5a5b25619f2a44bf7b66d7bffc64e96d643986e9e8a3eaf33eb,False,False,,,,0.04,6.72765952037499,REVIEW,NO_GOOD_TEMPLATE,BAD,BAD_AXIS_SPIKE,True,0.9745366950742651,3,0.01,1.9560510330351248,False,BAD,BAD_AXIS_SPIKE,True,0.9745366950742651,3,0.01,1.9560510330351248,False,BAD,BAD_AXIS_SPIKE,True,0.9745366950742651,3,0.01,1.9560510330351248,False,BAD,BAD_AXIS_SPIKE,True,0.9745366950742651,3,0.01,1.9560510330351248,False
nstx_120113/N2/egn02w.1088E+02,bad,16e71b0ca2b6510bd4126918d12dea93b363a4e7e7da1c6331a7709262657874,False,False,,,,0.01,2.0890179933240605,REVIEW,NO_GOOD_TEMPLATE,REVIEW,NO_GOOD_TEMPLATE,False,1.0,3,0.01,2.4550588327164022,False,BAD,BAD_AXIS_SPIKE,True,1.0,3,0.01,2.4550588327164022,False,BAD,BAD_AXIS_SPIKE,True,1.0,3,0.01,2.4550588327164022,False,BAD,BAD_AXIS_SPIKE,True,1.0,3,0.01,2.4550588327164022,False
nstx_120113/N2/egn02w.1148E+02,good,fc8b75e33e805bf4090133a897544f9e53a8d5c76fd8c05826d69be16da01a34,False,False,,,,0.81,70.50333485049849,REVIEW,NO_GOOD_TEMPLATE,BAD,BAD_AXIS_SPIKE,True,0.22983492251605203,3,0.005,1.2609976295562153,False,BAD,BAD_AXIS_SPIKE,True,0.22983492251605203,3,0.005,1.2609976295562153,False,BAD,BAD_AXIS_SPIKE,True,0.22983492251605203,3,0.005,1.2609976295562153,False,BAD,BAD_AXIS_SPIKE,True,0.22983492251605203,3,0.005,1.2609976295562153,False
nstx_120113/N2/egn02w.1609E+02,bad,12fff3ec71f2fe7dc0c0f5c4fe254e6e48194a2477987f6bdbc516214a390b8e,False,False,,,,0.015,3.3740408332804277,REVIEW,NO_GOOD_TEMPLATE,BAD,BAD_AXIS_SPIKE,True,0.9912234993433249,2,0.01,1.8900107466346738,False,BAD,BAD_AXIS_SPIKE,True,1.0,4,0.02,2.768868413768447,False,BAD,BAD_AXIS_SPIKE,True,1.0,4,0.02,2.768868413768447,False,BAD,BAD_AXIS_SPIKE,True,1.0,4,0.02,2.768868413768447,False
nstx_120113/N2/egn02w.2030E+02,bad,c9f52ff348759acd477b93aa91f8932a43bce809e5d9021e29310cc5803aa1ef,False,False,,,,0.2,7.37007642425937,BAD,BAD_GRID_SCALE_SPIKE,BAD,BAD_AXIS_SPIKE,True,1.0,4,0.01,1.6810643543412596,False,BAD,BAD_AXIS_SPIKE,True,1.0,4,0.01,1.6810643543412596,False,BAD,BAD_AXIS_SPIKE,True,1.0,4,0.01,1.6810643543412596,False,BAD,BAD_AXIS_SPIKE,True,1.0,4,0.01,1.6810643543412596,False
nstx_120113/N3/egn03w.6981E+01,bad,47c36729b8c1808e16aae8f9c4959add026921070cb0dff64ac6644706ae6549,False,False,,,,0.005,1.936176404466569,BAD,BAD_GRID_SCALE_SPIKE,BAD,BAD_AXIS_SPIKE,True,1.0,5,0.005,1.371504677871166,False,BAD,BAD_AXIS_SPIKE,True,1.0,5,0.005,1.371504677871166,False,BAD,BAD_AXIS_SPIKE,True,1.0,5,0.005,1.371504677871166,False,BAD,BAD_AXIS_SPIKE,True,1.0,5,0.005,1.371504677871166,False
nstx_120113/N4/egn04w.1052E+02,bad,36057010da0d9b56d8d335fef757dce0ddb9f6fe784c576d79078953ab5fa0ab,False,False,,,,0.005,1.030621658892368,BAD,BAD_GRID_SCALE_SPIKE,BAD,BAD_AXIS_SPIKE,True,1.0,6,0.005,1.0825795572430672,False,BAD,BAD_AXIS_SPIKE,True,1.0,6,0.005,1.0825795572430672,False,BAD,BAD_AXIS_SPIKE,True,1.0,6,0.005,1.0825795572430672,False,BAD,BAD_AXIS_SPIKE,True,1.0,6,0.005,1.0825795572430672,False
nstx_120113/N4/egn04w.2225E+02,bad,8b1bc8ad64572482408c65508e898a9b881cb7529e30291a358279dea3cbb4b4,False,False,,,,0.005,1.3838557063397452,BAD,BAD_GRID_SCALE_SPIKE,BAD,BAD_AXIS_SPIKE,True,1.0,7,0.005,1.5924077141563242,False,BAD,BAD_AXIS_SPIKE,True,1.0,7,0.005,1.5924077141563242,False,BAD,BAD_AXIS_SPIKE,True,1.0,7,0.005,1.5924077141563242,False,BAD,BAD_AXIS_SPIKE,True,1.0,7,0.005,1.5924077141563242,False
nstx_120113/N4/egn04w.2261E+02,bad,5558720d5c97f1c5aed3284c90ab19e46cdc0abc88add5c5fcd0a437bf21cf10,False,False,,,,0.005,1.2271714035961945,BAD,BAD_GRID_SCALE_SPIKE,BAD,BAD_AXIS_SPIKE,True,1.0,7,0.005,1.447773911122429,False,BAD,BAD_AXIS_SPIKE,True,1.0,7,0.005,1.447773911122429,False,BAD,BAD_AXIS_SPIKE,True,1.0,7,0.005,1.447773911122429,False,BAD,BAD_AXIS_SPIKE,True,1.0,7,0.005,1.447773911122429,False
nstx_120113/N4/egn04w.2625E+02,bad,9dfd7fa4e0836ba0c2ca2f3ab56bd2ee148e1292ea52aeb9caab7dc37b3585a1,False,False,,,,0.005,1.0563189085583378,BAD,BAD_GRID_SCALE_SPIKE,BAD,BAD_AXIS_SPIKE,True,1.0,7,0.005,1.1262586584569145,False,BAD,BAD_AXIS_SPIKE,True,1.0,7,0.005,1.1262586584569145,False,BAD,BAD_AXIS_SPIKE,True,1.0,7,0.005,1.1262586584569145,False,BAD,BAD_AXIS_SPIKE,True,1.0,7,0.005,1.1262586584569145,False
nstx_120113/N4/egn04w.6761E+01,bad,01ac9f29ebe161942c50a5169245c516f2c8a47c3712eabca75cd0c673b8ef70,False,False,,,,0.005,1.757386629940975,BAD,BAD_GRID_SCALE_SPIKE,BAD,BAD_AXIS_SPIKE,True,1.0,5,0.005,1.3226829018701085,False,BAD,BAD_AXIS_SPIKE,True,1.0,5,0.005,1.3226829018701085,False,BAD,BAD_AXIS_SPIKE,True,1.0,5,0.005,1.3226829018701085,False,BAD,BAD_AXIS_SPIKE,True,1.0,5,0.005,1.3226829018701085,False
nstx_120113/N4/egn04w.8937E+01,bad,60915eb86f72d7ed698d8657c037f36a1173bae3aa68bd38195c2ceec0064fcf,False,False,,,,0.035,1.1255312361464376,BAD,BAD_GRID_SCALE_SPIKE,BAD,BAD_GRID_SCALE_SPIKE,False,0.6396997837499568,6,0.02,4.5409995997890205,False,BAD,BAD_GRID_SCALE_SPIKE,False,0.6396997837499568,6,0.02,4.5409995997890205,False,BAD,BAD_AXIS_SPIKE,True,0.6396997837499568,6,0.02,4.5409995997890205,False,BAD,BAD_AXIS_SPIKE,True,0.6396997837499568,6,0.02,4.5409995997890205,False
nstx_120113/N4/egn04w.8982E+01,bad,996ed3c3bcce503b0c3efd995ac2c3fe746d9bea81ec67861e02b8dee1ebfc21,False,False,,,,0.045,2.7665075514049646,REVIEW,NO_GOOD_TEMPLATE,REVIEW,NO_GOOD_TEMPLATE,False,0.6413040123022159,6,0.03,8.667792829806107,False,REVIEW,NO_GOOD_TEMPLATE,False,0.6413040123022159,6,0.03,8.667792829806107,False,REVIEW,NO_GOOD_TEMPLATE,False,0.6413040123022159,6,0.03,8.667792829806107,False,BAD,BAD_AXIS_SPIKE,True,0.6413040123022159,6,0.03,8.667792829806107,False
nstx_120113/N4/egn04w.9018E+01,bad,4ddb4e183b7e01d676a492db91a837ecf66425f8c576eb24998f8f8e1d4a7ef2,False,False,,,,0.03,1.4024803556117105,BAD,BAD_GRID_SCALE_SPIKE,BAD,BAD_AXIS_SPIKE,True,1.0,6,0.03,1.9350159487457261,False,BAD,BAD_AXIS_SPIKE,True,1.0,6,0.03,1.9350159487457261,False,BAD,BAD_AXIS_SPIKE,True,1.0,6,0.03,1.9350159487457261,False,BAD,BAD_AXIS_SPIKE,True,1.0,6,0.03,1.9350159487457261,False
nstx_120113/N4/egn04w.9059E+01,bad,f467b51797a9c122cab7aef6cfdb16e55ee7c7fddd3ce22be679840d7753eccd,False,False,,,,0.025,1.264824687900181,BAD,BAD_GRID_SCALE_PACKET,BAD,BAD_AXIS_SPIKE,True,0.37678594400489535,6,0.015,1.6863256342576183,False,BAD,BAD_AXIS_SPIKE,True,0.37678594400489535,6,0.015,1.6863256342576183,False,BAD,BAD_AXIS_SPIKE,True,1.0,6,0.025,3.1690040647558715,False,BAD,BAD_AXIS_SPIKE,True,1.0,6,0.025,3.1690040647558715,False
nstx_120113/N4/egn04w.9198E+01,bad,f5d555917a5f1df11be892978684703d18e003ad1994a9233eb53edb81e52315,False,False,,,,0.055,13.178579155642494,BAD,BAD_GRID_SCALE_SPIKE,BAD,BAD_AXIS_SPIKE,True,0.5851401706131232,6,0.01,1.73652486736908,False,BAD,BAD_AXIS_SPIKE,True,0.5851401706131232,6,0.01,1.73652486736908,False,BAD,BAD_AXIS_SPIKE,True,0.5851401706131232,6,0.01,1.73652486736908,False,BAD,BAD_AXIS_SPIKE,True,0.5851401706131232,6,0.01,1.73652486736908,False
nstx_120113/N4/egn04w.9355E+01,bad,732f7bbc1f7997dce7c9cf9bc08496dd98be8e858618eb1d036aac54910628aa,False,False,,,,0.015,1.0102454844670798,BAD,BAD_GRID_SCALE_SPIKE,BAD,BAD_AXIS_SPIKE,True,1.0,6,0.015,1.0253153332221432,False,BAD,BAD_AXIS_SPIKE,True,1.0,6,0.015,1.0253153332221432,False,BAD,BAD_AXIS_SPIKE,True,1.0,6,0.015,1.0253153332221432,False,BAD,BAD_AXIS_SPIKE,True,1.0,6,0.015,1.0253153332221432,False
nstx_120113/N4/egn04w.9419E+01,bad,a83d741e5b86e841cf879170b4e6741b0023d100eb040958660bb548d5ee37b4,False,False,,,,0.015,1.1282157038226646,BAD,BAD_GRID_SCALE_PACKET,BAD,BAD_AXIS_SPIKE,True,1.0,6,0.015,1.4791651939274566,False,BAD,BAD_AXIS_SPIKE,True,1.0,6,0.015,1.4791651939274566,False,BAD,BAD_AXIS_SPIKE,True,1.0,6,0.015,1.4791651939274566,False,BAD,BAD_AXIS_SPIKE,True,1.0,6,0.015,1.4791651939274566,False
nstx_120113/N4/egn04w.9542E+01,bad,81b59b93e2a0f00c23a88afd5104f7b7a6a6545d9413f852dfd9f0b94dff66e7,False,False,,,,0.20500000000000002,31.740586188633923,BAD,BAD_GRID_SCALE_SPIKE,BAD,BAD_AXIS_SPIKE,True,0.20527901754538166,5,0.005,1.5955753933364214,False,BAD,BAD_AXIS_SPIKE,True,0.20527901754538166,5,0.005,1.5955753933364214,False,BAD,BAD_AXIS_SPIKE,True,0.20527901754538166,5,0.005,1.5955753933364214,False,BAD,BAD_AXIS_SPIKE,True,0.20527901754538166,5,0.005,1.5955753933364214,False
nstx_120113/N5/egn05w.1161E+02,bad,496170a24d512edba368b4fab21bd5e4f9c7e3e516cc03227c4ddee8750eff3c,False,False,,,,0.02,1.777612640175108,BAD,BAD_GRID_SCALE_SPIKE,BAD,BAD_AXIS_SPIKE,True,1.0,7,0.02,1.9995043299337552,False,BAD,BAD_AXIS_SPIKE,True,1.0,7,0.02,1.9995043299337552,False,BAD,BAD_AXIS_SPIKE,True,1.0,7,0.02,1.9995043299337552,False,BAD,BAD_AXIS_SPIKE,True,1.0,7,0.02,1.9995043299337552,False
nstx_120113/N5/egn05w.1185E+02,bad,82cb7aae1e8e3fea6a265ea503be9d5c85743e10f426fb67c1db47f83e59daa4,False,False,,,,0.02,2.343730269714282,REVIEW,NO_GOOD_TEMPLATE,REVIEW,NO_GOOD_TEMPLATE,False,1.0,7,0.02,3.010178240940683,False,REVIEW,NO_GOOD_TEMPLATE,False,1.0,7,0.02,3.010178240940683,False,BAD,BAD_AXIS_SPIKE,True,1.0,7,0.02,3.010178240940683,False,BAD,BAD_AXIS_SPIKE,True,1.0,7,0.02,3.010178240940683,False
nstx_120113/N5/egn05w.1205E+02,bad,d7b9372a8f58df99151df6ea727d537c1e136110ec7d3283b5f2801a43708bba,False,False,,,,0.025,3.1048995449683714,BAD,BAD_GRID_SCALE_SPIKE,BAD,BAD_AXIS_SPIKE,True,0.2598320471358136,9,0.015,1.1243869766980912,False,BAD,BAD_AXIS_SPIKE,True,0.2598320471358136,9,0.015,1.1243869766980912,False,BAD,BAD_AXIS_SPIKE,True,0.35489662182562975,8,0.025,3.5034188605946093,False,BAD,BAD_AXIS_SPIKE,True,1.0,7,0.025,5.314878514329208,False
nstx_120113/N5/egn05w.1259E+02,bad,d35f870cddf1b197c2ebfe784da9f3df43cd0ba34cb77948e27a093c86ac6963,False,False,,,,0.01,1.1391359688224085,BAD,BAD_GRID_SCALE_SPIKE,BAD,BAD_AXIS_SPIKE,True,1.0,7,0.01,1.33316338467503,False,BAD,BAD_AXIS_SPIKE,True,1.0,7,0.01,1.33316338467503,False,BAD,BAD_AXIS_SPIKE,True,1.0,7,0.01,1.33316338467503,False,BAD,BAD_AXIS_SPIKE,True,1.0,7,0.01,1.33316338467503,False
nstx_120113/N5/egn05w.1279E+02,bad,4f2d9c94b03c595c0db0c3b1d52d303efcc5c120e5095d4b333bd510457813bf,False,False,,,,0.02,1.610714968162799,BAD,BAD_GRID_SCALE_SPIKE,BAD,BAD_AXIS_SPIKE,True,1.0,8,0.02,1.9360939068501157,False,BAD,BAD_AXIS_SPIKE,True,1.0,8,0.02,1.9360939068501157,False,BAD,BAD_AXIS_SPIKE,True,1.0,8,0.02,1.9360939068501157,False,BAD,BAD_AXIS_SPIKE,True,1.0,8,0.02,1.9360939068501157,False
nstx_120113/N5/egn05w.3147E+02,bad,da0d4f052d65d07b1c38d4e15dbcdad2ed156d6c82aff928263c3bc1bd4ab88d,False,False,,,,0.005,1.0687892405080304,BAD,BAD_GRID_SCALE_SPIKE,BAD,BAD_AXIS_SPIKE,True,1.0,7,0.005,1.148784077144657,False,BAD,BAD_AXIS_SPIKE,True,1.0,7,0.005,1.148784077144657,False,BAD,BAD_AXIS_SPIKE,True,1.0,7,0.005,1.148784077144657,False,BAD,BAD_AXIS_SPIKE,True,1.0,7,0.005,1.148784077144657,False
nstx_120113/N5/egn05w.5462E+02,bad,018ec8764d571d3494ddffc9ff2a0101a6ab5a8df84959145d6642c827792437,False,False,,,,0.005,1.1973217118401986,BAD,BAD_GRID_SCALE_SPIKE,BAD,BAD_AXIS_SPIKE,True,0.6880769536923474,3,0.005,1.0867749680627905,False,BAD,BAD_AXIS_SPIKE,True,1.0,9,0.005,2.6109269791491925,False,BAD,BAD_AXIS_SPIKE,True,1.0,9,0.005,2.6109269791491925,False,BAD,BAD_AXIS_SPIKE,True,1.0,9,0.005,2.6109269791491925,False
nstx_120113/N5/egn05w.5472E+02,bad,4cc1799784e03f4b015e91819fd6f30dbbcab5f8d49942310bcffd2def81b5eb,False,False,,,,0.005,1.210736171060306,BAD,BAD_GRID_SCALE_SPIKE,BAD,BAD_AXIS_SPIKE,True,0.6941902002431751,3,0.005,1.0869146818165853,False,BAD,BAD_AXIS_SPIKE,True,1.0,9,0.005,2.667077874831069,False,BAD,BAD_AXIS_SPIKE,True,1.0,9,0.005,2.667077874831069,False,BAD,BAD_AXIS_SPIKE,True,1.0,9,0.005,2.667077874831069,False
nstx_120113/N6/egn06w.1147E+02,bad,01a004cdca292d9456559b8555fa3a77dc388a4ab9cbda08de035daa074f96c4,False,False,,,,0.005,1.0900652293033066,BAD,BAD_GRID_SCALE_SPIKE,BAD,BAD_AXIS_SPIKE,True,1.0,9,0.005,1.2384882323156166,False,BAD,BAD_AXIS_SPIKE,True,1.0,9,0.005,1.2384882323156166,False,BAD,BAD_AXIS_SPIKE,True,1.0,9,0.005,1.2384882323156166,False,BAD,BAD_AXIS_SPIKE,True,1.0,9,0.005,1.2384882323156166,False
nstx_120113/N6/egn06w.1484E+02,bad,f3dc263667bc33e26c466e8e21954fb563c4e2721d015ed77d38f34b9102c678,False,False,,,,0.01,1.2315119772284349,BAD,BAD_GRID_SCALE_SPIKE,BAD,BAD_AXIS_SPIKE,True,1.0,10,0.01,1.274804439742201,False,BAD,BAD_AXIS_SPIKE,True,1.0,10,0.01,1.274804439742201,False,BAD,BAD_AXIS_SPIKE,True,1.0,10,0.01,1.274804439742201,False,BAD,BAD_AXIS_SPIKE,True,1.0,10,0.01,1.274804439742201,False
nstx_120113/N6/egn06w.2540E+02,bad,b7471896dc33495b79d1b436021c5da0c5846dadd2a741ccd093f116876582e0,False,False,,,,0.005,1.1225815999792246,BAD,BAD_GRID_SCALE_SPIKE,BAD,BAD_AXIS_SPIKE,True,1.0,10,0.005,1.2951702614589746,False,BAD,BAD_AXIS_SPIKE,True,1.0,10,0.005,1.2951702614589746,False,BAD,BAD_AXIS_SPIKE,True,1.0,10,0.005,1.2951702614589746,False,BAD,BAD_AXIS_SPIKE,True,1.0,10,0.005,1.2951702614589746,False
nstx_120113/N6/egn06w.8903E+01,bad,067b9d773b13686f0407b661d1cb101677f147d6b601fad4cc6c4e23af24859e,False,False,,,,0.035,1.228738859876996,BAD,BAD_GRID_SCALE_PACKET,BAD,BAD_AXIS_SPIKE,True,0.410373700862322,9,0.025,1.3634644844290909,False,BAD,BAD_AXIS_SPIKE,True,0.410373700862322,9,0.025,1.3634644844290909,False,BAD,BAD_AXIS_SPIKE,True,0.410373700862322,9,0.025,1.3634644844290909,False,BAD,BAD_AXIS_SPIKE,True,0.410373700862322,9,0.025,1.3634644844290909,False
nstx_120113/N6/egn06w.8975E+01,bad,1f35cf8ca092dec5f2880be9fad159b073b712c39a9a548c57a17e50f7085d84,False,False,,,,0.02,1.4330649581735444,BAD,BAD_INTERIOR_UNRESOLVED_ENVELOPE,BAD,BAD_INTERIOR_UNRESOLVED_ENVELOPE,False,1.0,9,0.02,2.113949824565709,False,BAD,BAD_AXIS_SPIKE,True,1.0,9,0.02,2.113949824565709,False,BAD,BAD_AXIS_SPIKE,True,1.0,9,0.02,2.113949824565709,False,BAD,BAD_AXIS_SPIKE,True,1.0,9,0.02,2.113949824565709,False
nstx_120113/N6/egn06w.9044E+01,bad,68985e1c18a7bbfd4d45e5c03e8c31a8c3a9edd5efd1daf882b54a8e3d09b106,False,False,,,,0.035,1.0440832275321943,BAD,BAD_GRID_SCALE_SPIKE,BAD,BAD_GRID_SCALE_SPIKE,False,0.8327954743328876,9,0.02,3.1788983286556634,False,BAD,BAD_GRID_SCALE_SPIKE,False,0.8327954743328876,9,0.02,3.1788983286556634,False,BAD,BAD_AXIS_SPIKE,True,0.8327954743328876,9,0.02,3.1788983286556634,False,BAD,BAD_AXIS_SPIKE,True,0.8327954743328876,9,0.02,3.1788983286556634,False
nstx_120113/N6/egn06w.9087E+01,bad,5ae2cdae576a815535823138507c7a7ba1be6685fd13fb1898794ffaca0a4d61,False,False,,,,0.03,3.3403739685066225,BAD,BAD_GRID_SCALE_SPIKE,BAD,BAD_AXIS_SPIKE,True,0.38675537175378083,9,0.005,1.0958843567926893,False,BAD,BAD_AXIS_SPIKE,True,0.38675537175378083,9,0.005,1.0958843567926893,False,BAD,BAD_AXIS_SPIKE,True,0.38675537175378083,9,0.005,1.0958843567926893,False,BAD,BAD_AXIS_SPIKE,True,1.0,9,0.03,6.407009574006834,False
nstx_120113/N6/egn06w.9881E+01,bad,46b440fe429d780a119a6fb3ae0e31c3a864f9ae6a9437c7679a7ab42563915d,False,False,,,,0.005,3.128165911534475,BAD,BAD_GRID_SCALE_SPIKE,BAD,BAD_GRID_SCALE_SPIKE,False,1.0,9,0.005,4.665876105282741,False,BAD,BAD_GRID_SCALE_SPIKE,False,1.0,9,0.005,4.665876105282741,False,BAD,BAD_AXIS_SPIKE,True,1.0,9,0.005,4.665876105282741,False,BAD,BAD_AXIS_SPIKE,True,1.0,9,0.005,4.665876105282741,False
nstx_120113/N7/egn07w.1117E+02,bad,49295924a4c05b89d7b439e6f380b9246c5b280f2de229340dcee8367df05e61,False,False,,,,0.025,1.262713828519655,BAD,BAD_GRID_SCALE_SPIKE,BAD,BAD_AXIS_SPIKE,True,1.0,10,0.025,1.8399122949827713,False,BAD,BAD_AXIS_SPIKE,True,1.0,10,0.025,1.8399122949827713,False,BAD,BAD_AXIS_SPIKE,True,1.0,10,0.025,1.8399122949827713,False,BAD,BAD_AXIS_SPIKE,True,1.0,10,0.025,1.8399122949827713,False
nstx_120113/N7/egn07w.1121E+02,bad,78fbff6f42c7e05039c25bdc6a92ed3f3f941758f00d67a59f45379234f1686f,False,False,,,,0.02,1.0494228771980585,BAD,BAD_GRID_SCALE_SPIKE,BAD,BAD_AXIS_SPIKE,True,1.0,10,0.02,1.1376102327492914,False,BAD,BAD_AXIS_SPIKE,True,1.0,10,0.02,1.1376102327492914,False,BAD,BAD_AXIS_SPIKE,True,1.0,10,0.02,1.1376102327492914,False,BAD,BAD_AXIS_SPIKE,True,1.0,10,0.02,1.1376102327492914,False
nstx_120113/N7/egn07w.1130E+02,bad,4abaf61234ddfff00ba9b328f1478b80fd404bc2fbca8108cde7b352fbccff30,False,False,,,,0.01,1.2920205390993282,BAD,BAD_GRID_SCALE_SPIKE,BAD,BAD_AXIS_SPIKE,True,1.0,10,0.01,1.8422596648927523,False,BAD,BAD_AXIS_SPIKE,True,1.0,10,0.01,1.8422596648927523,False,BAD,BAD_AXIS_SPIKE,True,1.0,10,0.01,1.8422596648927523,False,BAD,BAD_AXIS_SPIKE,True,1.0,10,0.01,1.8422596648927523,False
nstx_120113/N7/egn07w.1146E+02,bad,6570a9032542782f514215f375ac16a0cbf1610c07d66c9163e1dfbe8ef6d095,False,False,,,,0.02,2.6707590249447204,BAD,BAD_GRID_SCALE_SPIKE,BAD,BAD_AXIS_SPIKE,True,0.9836432116411389,10,0.005,1.2721067952247775,False,BAD,BAD_AXIS_SPIKE,True,0.9836432116411389,10,0.005,1.2721067952247775,False,BAD,BAD_AXIS_SPIKE,True,1.0,10,0.02,3.112837766355472,False,BAD,BAD_AXIS_SPIKE,True,1.0,10,0.02,3.112837766355472,False
nstx_120113/N7/egn07w.1162E+02,bad,efe1d72c11eb0672761f473f3c5f8db6cb387927a1a4a8004166b65ba34c602f,False,False,,,,0.01,1.1413586523216959,BAD,BAD_GRID_SCALE_SPIKE,BAD,BAD_AXIS_SPIKE,True,1.0,10,0.01,1.5035679925707697,False,BAD,BAD_AXIS_SPIKE,True,1.0,10,0.01,1.5035679925707697,False,BAD,BAD_AXIS_SPIKE,True,1.0,10,0.01,1.5035679925707697,False,BAD,BAD_AXIS_SPIKE,True,1.0,10,0.01,1.5035679925707697,False
nstx_120113/N7/egn07w.1216E+02,bad,7d0c7727f04f7768f2263066058edf788912c851c452289f41672a4028599a9e,False,False,,,,0.01,5.3099966493434785,BAD,BAD_GRID_SCALE_SPIKE,BAD,BAD_AXIS_SPIKE,True,0.3178618568523233,11,0.005,1.3084452078749937,False,BAD,BAD_AXIS_SPIKE,True,0.3178618568523233,11,0.005,1.3084452078749937,False,BAD,BAD_AXIS_SPIKE,True,0.3178618568523233,11,0.005,1.3084452078749937,False,BAD,BAD_AXIS_SPIKE,True,1.0,10,0.02,6.1455201284228345,False
nstx_120113/N7/egn07w.5141E+02,bad,20b97ae01f26799ee11a03e3cbe49b5350b6547d7f401533d70ccbecb375a1a0,False,False,,,,0.005,1.0723514983123548,BAD,BAD_GRID_SCALE_SPIKE,BAD,BAD_AXIS_SPIKE,True,1.0,9,0.005,1.01818874434781,False,BAD,BAD_AXIS_SPIKE,True,1.0,9,0.005,1.01818874434781,False,BAD,BAD_AXIS_SPIKE,True,1.0,9,0.005,1.01818874434781,False,BAD,BAD_AXIS_SPIKE,True,1.0,9,0.005,1.01818874434781,False
nstx_120113/N7/egn07w.5162E+02,bad,52e8ab291dc8ccf8ff357c3a14bf61034a346909feadf8e5bb695c2f2fa1fe9e,False,False,,,,0.005,1.0723742089082557,BAD,BAD_GRID_SCALE_SPIKE,BAD,BAD_AXIS_SPIKE,True,1.0,9,0.005,1.0161754598640378,False,BAD,BAD_AXIS_SPIKE,True,1.0,9,0.005,1.0161754598640378,False,BAD,BAD_AXIS_SPIKE,True,1.0,9,0.005,1.0161754598640378,False,BAD,BAD_AXIS_SPIKE,True,1.0,9,0.005,1.0161754598640378,False
nstx_120113/N7/egn07w.5193E+02,bad,6b26b661c7e52f3f0867f23fa97c8b88686a3b4eca829bece5922b2f56c49401,False,False,,,,0.005,1.0724137508765206,BAD,BAD_GRID_SCALE_SPIKE,BAD,BAD_AXIS_SPIKE,True,1.0,9,0.005,1.0130266055980428,False,BAD,BAD_AXIS_SPIKE,True,1.0,9,0.005,1.0130266055980428,False,BAD,BAD_AXIS_SPIKE,True,1.0,9,0.005,1.0130266055980428,False,BAD,BAD_AXIS_SPIKE,True,1.0,9,0.005,1.0130266055980428,False
nstx_120113/N7/egn07w.6041E+01,bad,7cccd94955c72f14cf8470e26c629960471f10ff679f23f7a0908ffbf350e26a,False,False,,,,0.005,1.1272595198163142,BAD,BAD_GRID_SCALE_SPIKE,BAD,BAD_AXIS_SPIKE,True,1.0,8,0.005,1.0184448677946587,False,BAD,BAD_AXIS_SPIKE,True,1.0,8,0.005,1.0184448677946587,False,BAD,BAD_AXIS_SPIKE,True,1.0,8,0.005,1.0184448677946587,False,BAD,BAD_AXIS_SPIKE,True,1.0,8,0.005,1.0184448677946587,False
nstx_135388/N1/egn01w.1468E+03,bad,8489397266f94e59ac6fde13f15a26b82356ae6caec6fe9742bf1f89a9a61400,False,True,0.24500000000000002,0.5732457822687841,0.004858791560177436,0.02,1.8086556478233602,BAD,BAD_INTERIOR_UNRESOLVED_ENVELOPE,BAD,BAD_INTERIOR_UNRESOLVED_ENVELOPE,False,1.0,3,0.02,2.3309427996905643,False,BAD,BAD_AXIS_SPIKE,True,1.0,3,0.02,2.3309427996905643,False,BAD,BAD_AXIS_SPIKE,True,1.0,3,0.02,2.3309427996905643,False,BAD,BAD_AXIS_SPIKE,True,1.0,3,0.02,2.3309427996905643,False
nstx_135388/N1/egn01w.2514E+02,bad,8d1f9523f278147d2ff1d4703c9551a3be08a134715120516a6e596b264a564e,False,True,0.08500000000000002,-0.031039827359194434,0.029462875192892857,0.35000000000000003,70.88907937809219,BAD,BAD_CONT_CROSS_WINDOW,BAD,BAD_CONT_CROSS_WINDOW,False,0.25414938869842313,2,0.025,3.314488707303788,False,BAD,BAD_CONT_CROSS_WINDOW,False,0.25414938869842313,2,0.025,3.314488707303788,False,BAD,BAD_AXIS_SPIKE,True,0.25414938869842313,2,0.025,3.314488707303788,False,BAD,BAD_AXIS_SPIKE,True,0.25414938869842313,2,0.025,3.314488707303788,False
nstx_135388/N1/egn01w.2525E+02,bad,f1c6c683f4af2d14ece9bd67acd6774bf43a445a4d8709a3ce3e904936be9658,False,True,0.07,-0.02893616207371137,0.03424391511691322,0.335,62.48700885852604,BAD,BAD_CONT_CROSS_WINDOW,BAD,BAD_CONT_CROSS_WINDOW,False,0.3131674345448857,2,0.025,2.7434937466643894,False,BAD,BAD_AXIS_SPIKE,True,0.3131674345448857,2,0.025,2.7434937466643894,False,BAD,BAD_AXIS_SPIKE,True,0.3131674345448857,2,0.025,2.7434937466643894,False,BAD,BAD_AXIS_SPIKE,True,0.3131674345448857,2,0.025,2.7434937466643894,False
nstx_135388/N1/egn01w.2721E+02,bad,62399e9882298d17a854f42c12cf8e63a560fa7ffe573126ef113461c993ac9f,False,True,0.020000000000000018,0.008826473625536645,0.1337526163500459,0.245,83.79596975067606,REVIEW,NO_GOOD_TEMPLATE,REVIEW,NO_GOOD_TEMPLATE,False,0.4936400969306417,2,0.025,2.347444555103712,False,BAD,BAD_AXIS_SPIKE,True,0.4936400969306417,2,0.025,2.347444555103712,False,BAD,BAD_AXIS_SPIKE,True,0.4936400969306417,2,0.025,2.347444555103712,False,BAD,BAD_AXIS_SPIKE,True,0.4936400969306417,2,0.025,2.347444555103712,False
nstx_135388/N1/egn01w.2857E+02,bad,a960802e98207e7c95dbe195e075f3072ef38cd570dc3fcddd7ef7db112f7393,False,True,0.020000000000000018,0.03279573810378282,0.14574964228760628,0.245,74.41483637874776,REVIEW,NO_GOOD_TEMPLATE,BAD,BAD_AXIS_SPIKE,True,0.2336570017932003,3,0.025,1.9271592514027893,False,BAD,BAD_AXIS_SPIKE,True,0.47652583293942935,2,0.025,2.8282490348764884,False,BAD,BAD_AXIS_SPIKE,True,0.47652583293942935,2,0.025,2.8282490348764884,False,BAD,BAD_AXIS_SPIKE,True,0.47652583293942935,2,0.025,2.8282490348764884,False
nstx_135388/N1/egn01w.2865E+02,bad,7a8295f46389540976f7eb89274a05203385ab0d748869749bf9bf647033b047,False,True,0.020000000000000018,0.03419193607282435,0.14644495715348102,0.245,73.9571612462117,REVIEW,NO_GOOD_TEMPLATE,BAD,BAD_AXIS_SPIKE,True,0.23145420293061533,3,0.025,1.9272726058126326,False,BAD,BAD_AXIS_SPIKE,True,0.47198221819660735,2,0.025,2.9149216178857213,False,BAD,BAD_AXIS_SPIKE,True,0.47198221819660735,2,0.025,2.9149216178857213,False,BAD,BAD_AXIS_SPIKE,True,0.47198221819660735,2,0.025,2.9149216178857213,False
nstx_135388/N1/egn01w.2876E+02,bad,d28d5b4ac1aefac1a799e45e9216a01d70ba6036220e41f3dc3bceb4508227c4,False,True,0.15000000000000002,0.03589630504547478,0.08526497575722913,0.41500000000000004,101.77424116848587,REVIEW,NO_GOOD_TEMPLATE,BAD,BAD_AXIS_SPIKE,True,0.47388137322035817,2,0.015,1.6143277635126396,False,BAD,BAD_AXIS_SPIKE,True,0.561709483060566,3,0.025,2.5264663099465623,False,BAD,BAD_AXIS_SPIKE,True,0.561709483060566,3,0.025,2.5264663099465623,False,BAD,BAD_AXIS_SPIKE,True,0.561709483060566,3,0.025,2.5264663099465623,False
nstx_135388/N1/egn01w.2885E+02,bad,99d90850096625983e6fb05f30fd9ca25acc577546395429adfff1c36ab11037,False,True,0.020000000000000018,0.03741084272366744,0.14784477872230342,0.245,73.05727790016019,REVIEW,NO_GOOD_TEMPLATE,BAD,BAD_AXIS_SPIKE,True,0.23378714062660097,2,0.005,1.3412615802342387,False,BAD,BAD_AXIS_SPIKE,True,0.23378714062660097,2,0.005,1.3412615802342387,False,BAD,BAD_AXIS_SPIKE,True,0.4605124750040954,2,0.025,3.171588959198298,False,BAD,BAD_AXIS_SPIKE,True,0.4605124750040954,2,0.025,3.171588959198298,False
nstx_135388/N1/egn01w.2905E+02,bad,e70fe3e5985cca0136c2cfb79e4e797cfbd22dea83bfc15d1d2abe2069a6c096,False,True,0.04999999999999999,0.04070706297313532,0.12146000351302727,0.315,83.37186302995299,REVIEW,NO_GOOD_TEMPLATE,BAD,BAD_AXIS_SPIKE,True,0.2622372366705242,2,0.015,1.1575932560019326,False,BAD,BAD_AXIS_SPIKE,True,0.43011012016393574,3,0.025,2.1291101531409318,False,BAD,BAD_AXIS_SPIKE,True,0.43011012016393574,3,0.025,2.1291101531409318,False,BAD,BAD_AXIS_SPIKE,True,0.43011012016393574,3,0.025,2.1291101531409318,False
nstx_135388/N10/egn10w.1104E+03,bad,1fe5d5242deee0d4699f43b64c4748f79d9aacc0a62da9a9cbff60ea8f10d46e,False,True,0.15,-0.3887955455730508,0.0002849995525518687,0.005,1.2501393615117526,BAD,BAD_GRID_SCALE_SPIKE,BAD,BAD_AXIS_SPIKE,True,0.9768471585874975,19,0.005,1.2825203713364377,False,BAD,BAD_AXIS_SPIKE,True,0.9768471585874975,19,0.005,1.2825203713364377,False,BAD,BAD_AXIS_SPIKE,True,0.9768471585874975,19,0.005,1.2825203713364377,False,BAD,BAD_AXIS_SPIKE,True,0.9768471585874975,19,0.005,1.2825203713364377,False
nstx_135388/N10/egn10w.2055E+02,bad,cfdc2360d9ff615d9f2e0446fc291de3b83eff776d7f93fed95c763418d5065c,True,True,0.0,0.008469825579976819,0.9103052980379843,0.465,1.0168839608949654,BAD,BAD_GRID_SCALE_SPIKE,BAD,BAD_GRID_SCALE_SPIKE,False,0.2411904467914882,19,0.01,2.085943485468146,False,BAD,BAD_AXIS_SPIKE,True,0.2411904467914882,19,0.01,2.085943485468146,False,BAD,BAD_AXIS_SPIKE,True,0.2411904467914882,19,0.01,2.085943485468146,False,BAD,BAD_AXIS_SPIKE,True,0.2411904467914882,19,0.01,2.085943485468146,False
nstx_135388/N10/egn10w.2074E+02,bad,7596ace6f4df51117c1797e98eea7f4e9b89e8a7c8acfd5a4f01bf0538e75b77,False,True,0.08,-0.13527142900897082,6.529682542164453e-05,0.01,1.9628288631610364,BAD,BAD_GRID_SCALE_SPIKE,BAD,BAD_GRID_SCALE_SPIKE,False,1.0,19,0.01,2.049058166244124,False,BAD,BAD_AXIS_SPIKE,True,1.0,19,0.01,2.049058166244124,False,BAD,BAD_AXIS_SPIKE,True,1.0,19,0.01,2.049058166244124,False,BAD,BAD_AXIS_SPIKE,True,1.0,19,0.01,2.049058166244124,False
nstx_135388/N10/egn10w.2086E+02,bad,2f3300dc51d57357744b100c7c5ff12fe12a2a2fe940f446076ec570b5e0c8ef,False,True,0.08,-0.1320081416380692,5.2029464812197574e-05,0.01,1.9325857752599573,BAD,BAD_GRID_SCALE_SPIKE,BAD,BAD_GRID_SCALE_SPIKE,False,1.0,19,0.01,2.021186670625498,False,BAD,BAD_AXIS_SPIKE,True,1.0,19,0.01,2.021186670625498,False,BAD,BAD_AXIS_SPIKE,True,1.0,19,0.01,2.021186670625498,False,BAD,BAD_AXIS_SPIKE,True,1.0,19,0.01,2.021186670625498,False
nstx_135388/N10/egn10w.2132E+02,bad,42c628a74d5278152dfd6755c30079aae246eb935a2b958b9330645f8da27e6d,False,True,0.08,-0.1196408827636443,5.3345274487482736e-05,0.01,1.7640257848287721,BAD,BAD_GRID_SCALE_SPIKE,BAD,BAD_AXIS_SPIKE,True,1.0,19,0.01,1.9180008899451224,False,BAD,BAD_AXIS_SPIKE,True,1.0,19,0.01,1.9180008899451224,False,BAD,BAD_AXIS_SPIKE,True,1.0,19,0.01,1.9180008899451224,False,BAD,BAD_AXIS_SPIKE,True,1.0,19,0.01,1.9180008899451224,False
nstx_135388/N10/egn10w.2167E+02,bad,f4f78b31f381ec6d258e0b7214d98ec965ea1c24b31299b24d46428e1f247711,False,True,0.08,-0.11069843309149531,2.735347269850119e-05,0.01,1.54458542577022,BAD,BAD_GRID_SCALE_SPIKE,BAD,BAD_GRID_SCALE_SPIKE,False,1.0,19,0.01,2.067952662651033,False,BAD,BAD_AXIS_SPIKE,True,1.0,19,0.01,2.067952662651033,False,BAD,BAD_AXIS_SPIKE,True,1.0,19,0.01,2.067952662651033,False,BAD,BAD_AXIS_SPIKE,True,1.0,19,0.01,2.067952662651033,False
nstx_135388/N10/egn10w.2171E+02,bad,447745eb6033d7bd63d808116b65c4db40e988c49741dc31a5d52becd81bbf0c,False,True,0.08,-0.10946424468764071,2.920072451728554e-05,0.01,1.5388376604176313,BAD,BAD_GRID_SCALE_SPIKE,BAD,BAD_GRID_SCALE_SPIKE,False,1.0,19,0.01,2.1699273488205093,False,BAD,BAD_AXIS_SPIKE,True,1.0,19,0.01,2.1699273488205093,False,BAD,BAD_AXIS_SPIKE,True,1.0,19,0.01,2.1699273488205093,False,BAD,BAD_AXIS_SPIKE,True,1.0,19,0.01,2.1699273488205093,False
nstx_135388/N10/egn10w.2660E+02,bad,0d8d1c47a30617615fd0d5b8b7722f9d2139e2d3de147c7bea546b59f3587a9e,True,True,0.0,0.0009422198375627432,0.3655121544279089,0.16,1.5657979412820877,BAD,BAD_GRID_SCALE_SPIKE,BAD,BAD_AXIS_SPIKE,True,0.20150969459176438,19,0.005,1.0623017636172845,False,BAD,BAD_AXIS_SPIKE,True,0.20150969459176438,19,0.005,1.0623017636172845,False,BAD,BAD_AXIS_SPIKE,True,0.20150969459176438,19,0.005,1.0623017636172845,False,BAD,BAD_AXIS_SPIKE,True,0.20150969459176438,19,0.005,1.0623017636172845,False
nstx_135388/N10/egn10w.3680E+02,bad,8756e609e40ff6cface9ffb3a3f78f28fbc750718e25d92117a03fbc71ce09d7,False,True,0.08,-0.04493434100225468,4.886458108476685e-06,0.01,2.3450025401946064,BAD,BAD_GRID_SCALE_SPIKE,BAD,BAD_GRID_SCALE_SPIKE,False,1.0,18,0.01,2.1396691429465613,False,BAD,BAD_AXIS_SPIKE,True,1.0,18,0.01,2.1396691429465613,False,BAD,BAD_AXIS_SPIKE,True,1.0,18,0.01,2.1396691429465613,False,BAD,BAD_AXIS_SPIKE,True,1.0,18,0.01,2.1396691429465613,False
nstx_135388/N2/egn02w.2436E+02,bad,5bbc25b26601055a542e6709c7d4f1ca8c55d8aabd2b14debffecbe9cb97cde7,False,True,0.13,-0.04816565295418809,0.0005759914571888048,0.025,1.0078475841581926,BAD,BAD_GRID_SCALE_SPIKE,BAD,BAD_AXIS_SPIKE,True,1.0,4,0.025,1.027644000987754,False,BAD,BAD_AXIS_SPIKE,True,1.0,4,0.025,1.027644000987754,False,BAD,BAD_AXIS_SPIKE,True,1.0,4,0.025,1.027644000987754,False,BAD,BAD_AXIS_SPIKE,True,1.0,4,0.025,1.027644000987754,False
nstx_135388/N2/egn02w.2444E+02,bad,d644be6dc7bea7ae5de46603ba0324429c2a740d913f07c771ef58795fe2cc9d,False,True,0.13,-0.04635200840514128,0.00038805004852368027,0.025,1.060860653022621,BAD,BAD_INTERIOR_UNRESOLVED_ENVELOPE,BAD,BAD_AXIS_SPIKE,True,1.0,4,0.025,1.285962429728344,False,BAD,BAD_AXIS_SPIKE,True,1.0,4,0.025,1.285962429728344,False,BAD,BAD_AXIS_SPIKE,True,1.0,4,0.025,1.285962429728344,False,BAD,BAD_AXIS_SPIKE,True,1.0,4,0.025,1.285962429728344,False
nstx_135388/N2/egn02w.2457E+02,bad,2cd9ab826c69abe25f7cfcc9ef932ab34b7dfc04a350d591aff4c3adc3d6fc38,False,True,0.13,-0.04350350942786708,0.0006061036968490141,0.025,1.4826267019649662,BAD,BAD_GRID_SCALE_PACKET,BAD,BAD_GRID_SCALE_PACKET,False,1.0,4,0.025,3.262444754198911,False,BAD,BAD_GRID_SCALE_PACKET,False,1.0,4,0.025,3.262444754198911,False,BAD,BAD_AXIS_SPIKE,True,1.0,4,0.025,3.262444754198911,False,BAD,BAD_AXIS_SPIKE,True,1.0,4,0.025,3.262444754198911,False
nstx_135388/N2/egn02w.2470E+02,bad,8d23f1c041ecb69559d39c3ef23e7924629191f96e8c299b5577810677c50fbe,False,True,0.135,-0.0408292852007995,0.00022408428069623065,0.02,2.247520918921147,BAD,BAD_GRID_SCALE_PACKET,BAD,BAD_GRID_SCALE_PACKET,False,1.0,4,0.02,4.939653153112919,False,BAD,BAD_GRID_SCALE_PACKET,False,1.0,4,0.02,4.939653153112919,False,BAD,BAD_AXIS_SPIKE,True,1.0,4,0.02,4.939653153112919,False,BAD,BAD_AXIS_SPIKE,True,1.0,4,0.02,4.939653153112919,False
nstx_135388/N2/egn02w.2483E+02,bad,e8cd1cdd3e7429db8326959be4dece1e14cf35929054c86fe728f5e1064e6568,False,True,0.135,-0.038005538928885314,0.00023866764182335057,0.02,1.1073604056824025,BAD,BAD_GRID_SCALE_SPIKE,BAD,BAD_AXIS_SPIKE,True,1.0,4,0.02,1.4317993235032327,False,BAD,BAD_AXIS_SPIKE,True,1.0,4,0.02,1.4317993235032327,False,BAD,BAD_AXIS_SPIKE,True,1.0,4,0.02,1.4317993235032327,False,BAD,BAD_AXIS_SPIKE,True,1.0,4,0.02,1.4317993235032327,False
nstx_135388/N2/egn02w.2496E+02,bad,1d29ed90de022b0dfdc780c4c2ef420b5f690e75aff4e25a99e2e99f54995c54,False,True,0.135,-0.03544105138252599,0.000423216127856156,0.02,1.0336275357216844,BAD,BAD_GRID_SCALE_SPIKE,BAD,BAD_AXIS_SPIKE,True,1.0,4,0.02,1.16850095840167,False,BAD,BAD_AXIS_SPIKE,True,1.0,4,0.02,1.16850095840167,False,BAD,BAD_AXIS_SPIKE,True,1.0,4,0.02,1.16850095840167,False,BAD,BAD_AXIS_SPIKE,True,1.0,4,0.02,1.16850095840167,False
nstx_135388/N2/egn02w.2504E+02,bad,ae578a17adcc67e4d5536f7b6660ecd582479336dcba7cd76e7d347fde7b3e79,False,True,0.135,-0.03374849755644238,4.406990608644099e-05,0.02,1.8020286681840083,BAD,BAD_GRID_SCALE_SPIKE,BAD,BAD_AXIS_SPIKE,True,0.8667025355547375,4,0.03,1.1868024504956747,False,BAD,BAD_AXIS_SPIKE,True,1.0,4,0.02,2.0812210629850094,False,BAD,BAD_AXIS_SPIKE,True,1.0,4,0.02,2.0812210629850094,False,BAD,BAD_AXIS_SPIKE,True,1.0,4,0.02,2.0812210629850094,False
nstx_135388/N2/egn02w.2514E+02,bad,334c66f8e6e25f0f5e862473eb6f6226a1bc9fb9ae366ee9500662f82ff0d2c4,False,True,0.14,-0.03161417418382304,0.00016228118326550934,0.015,1.0401841383042103,BAD,BAD_GRID_SCALE_SPIKE,BAD,BAD_AXIS_SPIKE,True,1.0,4,0.015,1.2077585337512866,False,BAD,BAD_AXIS_SPIKE,True,1.0,4,0.015,1.2077585337512866,False,BAD,BAD_AXIS_SPIKE,True,1.0,4,0.015,1.2077585337512866,False,BAD,BAD_AXIS_SPIKE,True,1.0,4,0.015,1.2077585337512866,False
nstx_135388/N2/egn02w.2528E+02,bad,6d54e00e5d8ace012fb6bee3091e08ef9437e36423fab34073940d051387ff96,False,True,0.14,-0.028746154741056507,0.0008881805679643817,0.015,1.0736285037185398,BAD,BAD_CONT_CROSS_WINDOW,BAD,BAD_AXIS_SPIKE,True,1.0,4,0.015,1.269340516591219,False,BAD,BAD_AXIS_SPIKE,True,1.0,4,0.015,1.269340516591219,False,BAD,BAD_AXIS_SPIKE,True,1.0,4,0.015,1.269340516591219,False,BAD,BAD_AXIS_SPIKE,True,1.0,4,0.015,1.269340516591219,False
nstx_135388/N2/egn02w.2543E+02,bad,925b5b1ddf1c4d02e1cc259d85d260c2790b0525de5b32ff3d769188cb00734d,False,True,0.1,-0.025691283890938006,0.0033310258234477163,0.055,5.457440601085518,BAD,BAD_CONT_CROSS_WINDOW,BAD,BAD_CONT_CROSS_WINDOW,False,0.8922607779798927,4,0.015,2.6522648217920186,False,BAD,BAD_AXIS_SPIKE,True,0.8922607779798927,4,0.015,2.6522648217920186,False,BAD,BAD_AXIS_SPIKE,True,0.8922607779798927,4,0.015,2.6522648217920186,False,BAD,BAD_AXIS_SPIKE,True,0.8922607779798927,4,0.015,2.6522648217920186,False
nstx_135388/N2/egn02w.2560E+02,bad,ad01948ff8cd5e4032255f6032c69985cacd3eeb78cfd107527212ce6ef48186,False,True,0.095,-0.022454815330358,0.0063485281560330354,0.06,5.804922934063601,BAD,BAD_CONT_CROSS_WINDOW,BAD,BAD_CONT_CROSS_WINDOW,False,0.75005424896437,4,0.015,3.106582020964823,False,BAD,BAD_CONT_CROSS_WINDOW,False,0.75005424896437,4,0.015,3.106582020964823,False,BAD,BAD_AXIS_SPIKE,True,0.75005424896437,4,0.015,3.106582020964823,False,BAD,BAD_AXIS_SPIKE,True,0.75005424896437,4,0.015,3.106582020964823,False
nstx_135388/N2/egn02w.2576E+02,bad,ca1185c9472ce9a5a66686c444f3c143b2b6342d48d9e4e3575756b6c3bbf323,False,True,0.09,-0.01911474426509647,0.021794514414544178,0.065,6.251672269300676,BAD,BAD_CONT_CROSS_WINDOW,BAD,BAD_CONT_CROSS_WINDOW,False,0.671763210412492,4,0.015,3.5622676066255377,False,BAD,BAD_CONT_CROSS_WINDOW,False,0.671763210412492,4,0.015,3.5622676066255377,False,BAD,BAD_AXIS_SPIKE,True,0.671763210412492,4,0.015,3.5622676066255377,False,BAD,BAD_AXIS_SPIKE,True,0.671763210412492,4,0.015,3.5622676066255377,False
nstx_135388/N2/egn02w.2592E+02,bad,a4ddb8a17cd4fa0eae1e317c92f34cf3b80931c5f94a1dfd4b17bcf5e6dc3ccf,False,True,0.075,-0.01610711870867377,0.046857779820305125,0.08,6.599727157945118,BAD,BAD_CONT_CROSS_WINDOW,BAD,BAD_CONT_CROSS_WINDOW,False,0.7069246338267711,4,0.025,4.978821756858416,False,BAD,BAD_CONT_CROSS_WINDOW,False,0.7069246338267711,4,0.025,4.978821756858416,False,BAD,BAD_AXIS_SPIKE,True,0.7069246338267711,4,0.025,4.978821756858416,False,BAD,BAD_AXIS_SPIKE,True,0.7069246338267711,4,0.025,4.978821756858416,False
nstx_135388/N2/egn02w.2608E+02,bad,b01512a98178846310d132864205c0cbb25c03108e648144cd33b5df92415381,False,True,0.024999999999999994,-0.012954060723139298,0.13798005605528332,0.13,1.5047299508312961,BAD,BAD_GRID_SCALE_SPIKE,BAD,BAD_GRID_SCALE_SPIKE,False,0.7228321661726643,4,0.025,5.692801864641308,False,BAD,BAD_GRID_SCALE_SPIKE,False,0.7228321661726643,4,0.025,5.692801864641308,False,BAD,BAD_GRID_SCALE_SPIKE,False,0.7228321661726643,4,0.025,5.692801864641308,False,BAD,BAD_AXIS_SPIKE,True,0.7228321661726643,4,0.025,5.692801864641308,False
nstx_135388/N2/egn02w.2662E+02,bad,d94169fb833b911f56d9f8049834755d8ecf7f249b0f7b4a2d574010fad82268,False,True,0.0050000000000000044,-0.0026695757302108206,0.6370550091382164,0.16,2.691865843414909,BAD,BAD_GRID_SCALE_SPIKE,BAD,BAD_GRID_SCALE_SPIKE,False,0.38365406429793064,4,0.01,2.196986770853296,False,BAD,BAD_AXIS_SPIKE,True,0.38365406429793064,4,0.01,2.196986770853296,False,BAD,BAD_AXIS_SPIKE,True,0.38365406429793064,4,0.01,2.196986770853296,False,BAD,BAD_AXIS_SPIKE,True,0.38365406429793064,4,0.01,2.196986770853296,False
nstx_135388/N2/egn02w.2667E+02,bad,aa66bec47e4bd9103ca7881ee1dc1017edf30126303b53c5eb7d50c4650cfc14,False,True,0.145,-0.0016380591068707194,0.3003434898487324,0.01,1.5405662086476202,BAD,BAD_GRID_SCALE_SPIKE,BAD,BAD_GRID_SCALE_SPIKE,False,1.0,4,0.01,2.031954043854523,False,BAD,BAD_AXIS_SPIKE,True,1.0,4,0.01,2.031954043854523,False,BAD,BAD_AXIS_SPIKE,True,1.0,4,0.01,2.031954043854523,False,BAD,BAD_AXIS_SPIKE,True,1.0,4,0.01,2.031954043854523,False
nstx_135388/N2/egn02w.2675E+02,bad,661ad16bff2f66fd37c90b6d01ab6ee6ef849fdc7ef5d3a313c46f774a3db529,False,True,0.095,-0.00012653906184119775,0.24729311984189561,0.06,9.467334356719496,BAD,BAD_GRID_SCALE_SPIKE,BAD,BAD_AXIS_SPIKE,True,0.891364611052281,4,0.01,1.8284704307454622,False,BAD,BAD_AXIS_SPIKE,True,0.891364611052281,4,0.01,1.8284704307454622,False,BAD,BAD_AXIS_SPIKE,True,0.891364611052281,4,0.01,1.8284704307454622,False,BAD,BAD_AXIS_SPIKE,True,0.891364611052281,4,0.01,1.8284704307454622,False
nstx_135388/N2/egn02w.2758E+02,bad,1974e099818e65f0e0eb4495b016ff5a248c11dc05ea630135a611312b18a588,False,True,0.045,0.015031923273926108,0.12907319069554785,0.11,10.756413828680547,REVIEW,NO_GOOD_TEMPLATE,BAD,BAD_AXIS_SPIKE,True,0.5241880887447751,4,0.01,1.1028148148027692,False,BAD,BAD_AXIS_SPIKE,True,0.5241880887447751,4,0.01,1.1028148148027692,False,BAD,BAD_AXIS_SPIKE,True,0.5241880887447751,4,0.01,1.1028148148027692,False,BAD,BAD_AXIS_SPIKE,True,0.5241880887447751,4,0.01,1.1028148148027692,False
nstx_135388/N2/egn02w.3455E+02,bad,85ed9fa3f1f3db4a4b502d8c266a07cbada5e3747e9fdd99067b33e6b8338137,False,True,0.59,0.1199442393745143,0.0019563768152305026,0.745,64.58687720585019,REVIEW,NO_GOOD_TEMPLATE,REVIEW,NO_GOOD_TEMPLATE,False,0.3699374905251896,4,0.01,10.225346451885667,False,REVIEW,NO_GOOD_TEMPLATE,False,0.3699374905251896,4,0.01,10.225346451885667,False,BAD,BAD_AXIS_SPIKE,True,0.3305893261971818,3,0.01,3.1036266458916275,False,BAD,BAD_AXIS_SPIKE,True,0.3305893261971818,3,0.01,3.1036266458916275,False
nstx_135388/N2/egn02w.4018E+02,bad,a5028c7a2c8f6ce08ff6ece629cf99a33315706e362aaa23208b9ba7c1f9867e,False,True,0.05499999999999999,0.1839669647779391,0.2740515526627421,0.1,6.165018083075791,BAD,BAD_GRID_SCALE_SPIKE,BAD,BAD_AXIS_SPIKE,True,0.8258871362542451,3,0.01,1.2753533553569198,False,BAD,BAD_AXIS_SPIKE,True,0.8258871362542451,3,0.01,1.2753533553569198,False,BAD,BAD_AXIS_SPIKE,True,0.8258871362542451,3,0.01,1.2753533553569198,False,BAD,BAD_AXIS_SPIKE,True,0.8258871362542451,3,0.01,1.2753533553569198,False
nstx_135388/N2/egn02w.4216E+02,bad,bab223a4f32a5ef5a78685b1aa7fa8b614a194441aa850971011e4d155574224,False,True,0.05,0.20334554187875906,0.1460663108537184,0.105,8.534994861835271,BAD,BAD_GRID_SCALE_SPIKE,BAD,BAD_GRID_SCALE_SPIKE,False,0.6543510759775045,3,0.02,6.510358495628515,False,BAD,BAD_AXIS_SPIKE,True,0.3901715505467362,5,0.015,2.659721210652487,False,BAD,BAD_AXIS_SPIKE,True,0.3901715505467362,5,0.015,2.659721210652487,False,BAD,BAD_AXIS_SPIKE,True,0.6543510759775045,3,0.02,6.510358495628515,False
nstx_135388/N2/egn02w.4231E+02,bad,1c695b4f4b277a06952340e87cf8a990e66d4354cc8be9a5f0f37b83a53dd03e,False,True,0.605,0.20471129058647208,0.0509228182031683,0.76,78.5083909573153,BAD,BAD_GRID_SCALE_SPIKE,BAD,BAD_AXIS_SPIKE,True,0.4032774945241888,5,0.015,1.6835527413908498,False,BAD,BAD_AXIS_SPIKE,True,0.4032774945241888,5,0.015,1.6835527413908498,False,BAD,BAD_AXIS_SPIKE,True,0.4032774945241888,5,0.015,1.6835527413908498,False,BAD,BAD_AXIS_SPIKE,True,0.5932561456023976,3,0.01,5.756910429076275,False
nstx_135388/N3/egn03w.2121E+02,bad,00923ee6ce274c9de1718290b1b7df1101aa0d7d865f217fea71eae766e9eb23,False,True,0.09999999999999999,-0.12304831448244699,0.009091432838954824,0.005,1.0471956497230233,BAD,BAD_GRID_SCALE_SPIKE,BAD,BAD_AXIS_SPIKE,True,1.0,6,0.005,1.0234969906434144,False,BAD,BAD_AXIS_SPIKE,True,1.0,6,0.005,1.0234969906434144,False,BAD,BAD_AXIS_SPIKE,True,1.0,6,0.005,1.0234969906434144,False,BAD,BAD_AXIS_SPIKE,True,1.0,6,0.005,1.0234969906434144,False
nstx_135388/N3/egn03w.2126E+02,bad,5b89a053d60d23ca4e501a97cf7e8dfce8a58f79683964de5ad14adff0d74dee,False,True,0.09999999999999999,-0.12189167768518085,0.006046306324636088,0.005,1.04700789267072,BAD,BAD_GRID_SCALE_SPIKE,BAD,BAD_AXIS_SPIKE,True,1.0,6,0.005,1.0221096701969727,False,BAD,BAD_AXIS_SPIKE,True,1.0,6,0.005,1.0221096701969727,False,BAD,BAD_AXIS_SPIKE,True,1.0,6,0.005,1.0221096701969727,False,BAD,BAD_AXIS_SPIKE,True,1.0,6,0.005,1.0221096701969727,False
nstx_135388/N3/egn03w.2160E+02,bad,c4c190685ae54c44f2030fc3eecf514439cfd62d776e1eada3ff4fb05f665685,False,True,0.27999999999999997,-0.06553809751968727,0.0012821904049799243,0.605,31.414686857007702,BAD,BAD_CONT_CROSS_WINDOW,BAD,BAD_AXIS_SPIKE,True,0.24698254053608856,6,0.005,1.0091856204780234,False,BAD,BAD_AXIS_SPIKE,True,0.24698254053608856,6,0.005,1.0091856204780234,False,BAD,BAD_AXIS_SPIKE,True,0.24698254053608856,6,0.005,1.0091856204780234,False,BAD,BAD_AXIS_SPIKE,True,0.24698254053608856,6,0.005,1.0091856204780234,False
nstx_135388/N3/egn03w.2188E+02,bad,93f8a716221fd2b32e7bd37df1aa178fc53f61a5321cca0cf11c5761c7b19f94,False,True,0.09999999999999999,-0.1057205451803175,0.010014230899948665,0.005,1.0450714771853429,BAD,BAD_CONT_CROSS_WINDOW,BAD,BAD_AXIS_SPIKE,True,1.0,6,0.005,1.0001652033140382,False,BAD,BAD_AXIS_SPIKE,True,1.0,6,0.005,1.0001652033140382,False,BAD,BAD_AXIS_SPIKE,True,1.0,6,0.005,1.0001652033140382,False,BAD,BAD_AXIS_SPIKE,True,1.0,6,0.005,1.0001652033140382,False
nstx_135388/N3/egn03w.2326E+02,bad,f8fe8bd9d20c3181e2955dc052d2332ead0efe9b8affb162513cc2ab9ee7aaf2,False,True,0.09999999999999999,-0.07253677525280235,0.010715622802829616,0.005,1.056350337547665,BAD,BAD_GRID_SCALE_SPIKE,BAD,BAD_AXIS_SPIKE,True,1.0,6,0.005,1.0896305251565246,False,BAD,BAD_AXIS_SPIKE,True,1.0,6,0.005,1.0896305251565246,False,BAD,BAD_AXIS_SPIKE,True,1.0,6,0.005,1.0896305251565246,False,BAD,BAD_AXIS_SPIKE,True,1.0,6,0.005,1.0896305251565246,False
nstx_135388/N3/egn03w.2764E+02,bad,af2cdbc257e1e9ff8c69334f0eb3d437ee62342e0232c77590ee80e9ae619e65,True,True,0.01999999999999999,0.01607313035174715,0.2551263860960317,0.085,6.7968026603390825,REVIEW,NO_GOOD_TEMPLATE,REVIEW,NO_GOOD_TEMPLATE,False,0.3338637256044041,55,0.005,2.797777318048895,False,BAD,BAD_AXIS_SPIKE,True,0.3338637256044041,55,0.005,2.797777318048895,False,BAD,BAD_AXIS_SPIKE,True,0.3338637256044041,55,0.005,2.797777318048895,False,BAD,BAD_AXIS_SPIKE,True,0.3338637256044041,55,0.005,2.797777318048895,False
nstx_135388/N3/egn03w.2917E+02,bad,e2da8409fdf9809592491858f6d7ab43d2b55332a8a021c086489b1ae479a698,False,True,0.015,0.04225615720450271,0.35036411932432443,0.12,13.003746048099318,REVIEW,NO_GOOD_TEMPLATE,BAD,BAD_AXIS_SPIKE,True,0.30977118684186833,55,0.02,1.1136263547346419,False,BAD,BAD_AXIS_SPIKE,True,0.3576531401432831,55,0.01,2.043330005297931,False,BAD,BAD_AXIS_SPIKE,True,0.3576531401432831,55,0.01,2.043330005297931,False,BAD,BAD_AXIS_SPIKE,True,0.3576531401432831,55,0.01,2.043330005297931,False
nstx_135388/N3/egn03w.2999E+02,bad,532a800eb7e27e764414474169f946a4831ce2197d4e5aa2b921f7a479deb3d0,False,True,0.049999999999999996,0.05679906459145381,0.18578156115568317,0.01,1.0360185358926959,BAD,BAD_GRID_SCALE_PACKET,BAD,BAD_AXIS_SPIKE,True,1.0,6,0.01,1.108483347801246,False,BAD,BAD_AXIS_SPIKE,True,1.0,6,0.01,1.108483347801246,False,BAD,BAD_AXIS_SPIKE,True,1.0,6,0.01,1.108483347801246,False,BAD,BAD_AXIS_SPIKE,True,1.0,6,0.01,1.108483347801246,False
nstx_135388/N3/egn03w.3194E+02,bad,61e99b8c84dd308f27b66fdce2ec4156010427392c98318538c4a90b59373056,False,True,0.36500000000000005,0.12382441984551684,0.019866392019272944,0.6900000000000001,43.07655354351672,BAD,BAD_GRID_SCALE_SPIKE,BAD,BAD_AXIS_SPIKE,True,0.2074628484024312,55,0.02,1.167894121994531,False,BAD,BAD_AXIS_SPIKE,True,0.2074628484024312,55,0.02,1.167894121994531,False,BAD,BAD_AXIS_SPIKE,True,0.2074628484024312,55,0.02,1.167894121994531,False,BAD,BAD_AXIS_SPIKE,True,0.2074628484024312,55,0.02,1.167894121994531,False
nstx_135388/N3/egn03w.3321E+02,bad,339d961ca0367dbcbd6969b64723a6c98f26c6678ac80aa88f765971f958ae14,False,True,0.04999999999999999,0.14079169203057917,0.2173586642100927,0.275,38.51227740121706,BAD,BAD_GRID_SCALE_PACKET,BAD,BAD_AXIS_SPIKE,True,0.32543094937750766,55,0.01,1.2360758413992854,False,BAD,BAD_AXIS_SPIKE,True,0.32543094937750766,55,0.01,1.2360758413992854,False,BAD,BAD_AXIS_SPIKE,True,0.32543094937750766,55,0.01,1.2360758413992854,False,BAD,BAD_AXIS_SPIKE,True,0.32543094937750766,55,0.01,1.2360758413992854,False
nstx_135388/N3/egn03w.3446E+02,bad,7b7367a8a0c1a243028289b1d6494f81210ef5bffcb875e5e4e149529de60026,False,True,0.0049999999999999975,-0.014037426068700365,0.6163192360532985,0.055,1.2030173800660835,BAD,BAD_GRID_SCALE_SPIKE,BAD,BAD_AXIS_SPIKE,True,0.3815968575815601,7,0.025,1.3777591646202534,False,BAD,BAD_AXIS_SPIKE,True,0.3815968575815601,7,0.025,1.3777591646202534,False,BAD,BAD_AXIS_SPIKE,True,0.7779432310849087,5,0.03,4.11954065542252,False,BAD,BAD_AXIS_SPIKE,True,0.7779432310849087,5,0.03,4.11954065542252,False
nstx_135388/N4/egn04w.1161E+03,bad,636a989896cb7d273d381cd4c17608a49b4ac8bfcb1ac217bb41d8a43dcf4382,False,True,0.205,-0.3304884467584993,0.0130532453580675,0.005,2.691156091896544,BAD,BAD_GRID_SCALE_SPIKE,BAD,BAD_AXIS_SPIKE,True,0.4664301953695214,8,0.005,1.457083548368257,False,BAD,BAD_AXIS_SPIKE,True,0.5900602889932801,6,0.005,2.0364302765918754,False,BAD,BAD_AXIS_SPIKE,True,1.0,9,0.01,3.524084031828967,False,BAD,BAD_AXIS_SPIKE,True,1.0,9,0.01,3.524084031828967,False
nstx_135388/N4/egn04w.2181E+02,bad,b061a44a790226ddf4ec8e7c54ef1db9a37b29543f87ea7484f5a061303d26a9,False,True,0.049999999999999996,-0.11481403338527085,0.02870075383178318,0.01,1.5886384462064715,BAD,BAD_GRID_SCALE_SPIKE,BAD,BAD_AXIS_SPIKE,True,1.0,8,0.01,1.7620982193146006,False,BAD,BAD_AXIS_SPIKE,True,1.0,8,0.01,1.7620982193146006,False,BAD,BAD_AXIS_SPIKE,True,1.0,8,0.01,1.7620982193146006,False,BAD,BAD_AXIS_SPIKE,True,1.0,8,0.01,1.7620982193146006,False
nstx_135388/N4/egn04w.2230E+02,bad,a2b72c5da903bcfcdbbe6aecf53f4e33e36f5ac7f00c5b3696f00924067fbe1f,False,True,0.049999999999999996,-0.10245863964360086,0.031335453135911774,0.01,1.4353013191629598,BAD,BAD_CONT_CROSS_WINDOW,BAD,BAD_AXIS_SPIKE,True,1.0,8,0.01,1.6952928362205564,False,BAD,BAD_AXIS_SPIKE,True,1.0,8,0.01,1.6952928362205564,False,BAD,BAD_AXIS_SPIKE,True,1.0,8,0.01,1.6952928362205564,False,BAD,BAD_AXIS_SPIKE,True,1.0,8,0.01,1.6952928362205564,False
nstx_135388/N4/egn04w.2738E+02,bad,88282b23ddc5834979e4abbbbf2aaf7ce9d8ddcb475ca07e27cf8a81fab78afe,False,True,0.024999999999999994,0.005103320778238781,0.5450097714909914,0.035,1.0619560689687348,BAD,BAD_GRID_SCALE_SPIKE,BAD,BAD_AXIS_SPIKE,True,0.6884992706380985,8,0.025,1.5808117682497451,False,BAD,BAD_AXIS_SPIKE,True,0.6884992706380985,8,0.025,1.5808117682497451,False,BAD,BAD_AXIS_SPIKE,True,0.6884992706380985,8,0.025,1.5808117682497451,False,BAD,BAD_AXIS_SPIKE,True,0.6884992706380985,8,0.025,1.5808117682497451,False
nstx_135388/N4/egn04w.2739E+02,bad,8ea4740862c5626ff92b588e994b7df05b735b6ddecf839c754f0940643f8919,False,True,0.024999999999999994,0.005239429320514399,0.6470830476674132,0.035,1.0719155608912483,BAD,BAD_GRID_SCALE_SPIKE,BAD,BAD_AXIS_SPIKE,True,0.7167770859883751,8,0.025,1.5918777366208703,False,BAD,BAD_AXIS_SPIKE,True,0.7167770859883751,8,0.025,1.5918777366208703,False,BAD,BAD_AXIS_SPIKE,True,0.7167770859883751,8,0.025,1.5918777366208703,False,BAD,BAD_AXIS_SPIKE,True,0.7167770859883751,8,0.025,1.5918777366208703,False
nstx_135388/N4/egn04w.2986E+02,bad,0b6b4194d5bd550cb34499943499139c5794576bc41c5f69d0b4fc5b22f6ccd0,True,True,0.02,0.02213089108746632,0.9002291757564772,0.02,2.811500885252512,BAD,BAD_GRID_SCALE_SPIKE,BAD,BAD_GRID_SCALE_SPIKE,False,1.0,8,0.02,4.628991712360589,False,BAD,BAD_GRID_SCALE_SPIKE,False,1.0,8,0.02,4.628991712360589,False,BAD,BAD_AXIS_SPIKE,True,1.0,8,0.02,4.628991712360589,False,BAD,BAD_AXIS_SPIKE,True,1.0,8,0.02,4.628991712360589,False
nstx_135388/N5/egn05w.2892E+02,bad,29082b2111467c631e64fcaa0d213a8a6cf47f478235128a4ff79b09f655c771,False,True,0.18,0.042582164029977464,5.694172208928848e-05,0.01,1.7470763730721628,BAD,BAD_GRID_SCALE_SPIKE,BAD,BAD_AXIS_SPIKE,True,0.820813319355851,10,0.01,1.9508836191973455,False,BAD,BAD_AXIS_SPIKE,True,1.0,9,0.01,2.690035630012688,False,BAD,BAD_AXIS_SPIKE,True,1.0,9,0.01,2.690035630012688,False,BAD,BAD_AXIS_SPIKE,True,1.0,9,0.01,2.690035630012688,False
nstx_135388/N5/egn05w.3249E+02,bad,49163f7f95cbb7a34fa2618a6e5e07dd2e555c2bbf48da7478db669545d6dada,False,True,0.010000000000000009,0.0966905501458034,0.3173730706772448,0.2,28.99787137446478,REVIEW,NO_GOOD_TEMPLATE,REVIEW,NO_GOOD_TEMPLATE,False,0.25115933275784597,90,0.02,4.312564023306322,False,REVIEW,NO_GOOD_TEMPLATE,False,0.25115933275784597,90,0.02,4.312564023306322,False,BAD,BAD_AXIS_SPIKE,True,0.25115933275784597,90,0.02,4.312564023306322,False,BAD,BAD_AXIS_SPIKE,True,0.25115933275784597,90,0.02,4.312564023306322,False
nstx_135388/N7/egn07w.2428E+02,bad,2978efc8b089ee757d8bb81d8ef274e644049c69bda236f3fe0b928a6ba7669a,False,True,0.11500000000000002,-0.04573071142217941,0.0001893936403192383,0.025,1.3219232620895305,BAD,BAD_GRID_SCALE_SPIKE,BAD,BAD_AXIS_SPIKE,True,1.0,13,0.025,1.9887685385201774,False,BAD,BAD_AXIS_SPIKE,True,1.0,13,0.025,1.9887685385201774,False,BAD,BAD_AXIS_SPIKE,True,1.0,13,0.025,1.9887685385201774,False,BAD,BAD_AXIS_SPIKE,True,1.0,13,0.025,1.9887685385201774,False
nstx_135388/N7/egn07w.2680E+02,bad,cbfa7b63db7a5a361b51c6fe066b876de4fef2035fe9a35f3bca3246d4da1f63,True,True,0.015000000000000013,0.004534118125419388,0.3404476654166301,0.125,3.8089393440055517,BAD,BAD_GRID_SCALE_SPIKE,BAD,BAD_AXIS_SPIKE,True,0.5411896295119099,13,0.01,1.3510751945122959,False,BAD,BAD_AXIS_SPIKE,True,0.5411896295119099,13,0.01,1.3510751945122959,False,BAD,BAD_AXIS_SPIKE,True,0.5411896295119099,13,0.01,1.3510751945122959,False,BAD,BAD_AXIS_SPIKE,True,0.5411896295119099,13,0.01,1.3510751945122959,False
nstx_135388/N7/egn07w.2890E+02,bad,de1ce99186927b816a788939eeab98ccee240fe9edcdc71e01ecb982253f0498,False,True,0.0,0.04139909475643972,0.3072983403414116,0.14,6.0153457409965805,BAD,BAD_GRID_SCALE_SPIKE,BAD,BAD_GRID_SCALE_SPIKE,False,0.3640073723139912,13,0.01,2.4076053988953716,False,BAD,BAD_AXIS_SPIKE,True,0.3640073723139912,13,0.01,2.4076053988953716,False,BAD,BAD_AXIS_SPIKE,True,0.3640073723139912,13,0.01,2.4076053988953716,False,BAD,BAD_AXIS_SPIKE,True,0.3640073723139912,13,0.01,2.4076053988953716,False
nstx_135388/N7/egn07w.4124E+02,bad,db0fb29cd483f5fa71f4ce8745d6d56f8afd49948d2c11d34b4581bd71c87e4e,False,True,0.05500000000000001,-0.037129740278828774,0.054771657068227474,0.075,2.5833318664258695,BAD,BAD_GRID_SCALE_SPIKE,BAD,BAD_AXIS_SPIKE,True,0.6050628770274716,14,0.015,1.4117934398673055,False,BAD,BAD_AXIS_SPIKE,True,0.6050628770274716,14,0.015,1.4117934398673055,False,BAD,BAD_AXIS_SPIKE,True,0.6050628770274716,14,0.015,1.4117934398673055,False,BAD,BAD_AXIS_SPIKE,True,0.6050628770274716,14,0.015,1.4117934398673055,False
nstx_135388/N7/egn07w.4463E+02,bad,acd424ba762a0bfb9c3f1da33ec51da692ab09d3d0a9df9ff1cf2c7a430abffd,False,True,0.32500000000000007,0.2757863570007275,0.0005709084356137601,0.685,27.38640439341209,REVIEW,NO_GOOD_TEMPLATE,BAD,BAD_AXIS_SPIKE,True,0.2943217307565935,14,0.015,1.1931060821883641,False,BAD,BAD_AXIS_SPIKE,True,0.2943217307565935,14,0.015,1.1931060821883641,False,BAD,BAD_AXIS_SPIKE,True,0.2943217307565935,14,0.015,1.1931060821883641,False,BAD,BAD_AXIS_SPIKE,True,0.2943217307565935,14,0.015,1.1931060821883641,False
nstx_135388/N8/egn08w.2587E+02,bad,0f91d4001f2e73458ad7ab8df7a9ea4c6af7395ed9b7e5f7218e5cc62bfa3c63,True,True,0.0,0.00037739440245600106,0.7685474119746404,0.28,1.596606598423067,BAD,BAD_GRID_SCALE_SPIKE,BAD,BAD_AXIS_SPIKE,True,0.28909856071868417,15,0.005,1.1055312370884938,False,BAD,BAD_AXIS_SPIKE,True,0.28909856071868417,15,0.005,1.1055312370884938,False,BAD,BAD_AXIS_SPIKE,True,0.28909856071868417,15,0.005,1.1055312370884938,False,BAD,BAD_AXIS_SPIKE,True,0.28909856071868417,15,0.005,1.1055312370884938,False
nstx_135388/N8/egn08w.4081E+02,bad,039314cee11ef7f4f1111d1bc9228aa5f322cadb89141e85d2f2d95a93bd57ba,False,True,0.03,-0.057602167344001136,0.06356698486254023,0.085,1.352374069594553,BAD,BAD_GRID_SCALE_SPIKE,BAD,BAD_AXIS_SPIKE,True,0.3004721034742473,16,0.005,1.8354763722435363,False,BAD,BAD_AXIS_SPIKE,True,0.3159173329505513,16,0.025,2.4683263852942288,False,BAD,BAD_AXIS_SPIKE,True,0.3159173329505513,16,0.025,2.4683263852942288,False,BAD,BAD_AXIS_SPIKE,True,0.3159173329505513,16,0.025,2.4683263852942288,False
nstx_135388/N9/egn09w.1107E+03,bad,35c53c47480e58e699a1ea33013474ca5cd9c9817e713fa0b0176674e4a88feb,False,True,0.165,-0.3723671497310117,0.0003020871918048987,0.005,1.2672414322895196,BAD,BAD_GRID_SCALE_SPIKE,BAD,BAD_AXIS_SPIKE,True,1.0,16,0.005,1.2517535494750636,False,BAD,BAD_AXIS_SPIKE,True,1.0,16,0.005,1.2517535494750636,False,BAD,BAD_AXIS_SPIKE,True,1.0,16,0.005,1.2517535494750636,False,BAD,BAD_AXIS_SPIKE,True,1.0,16,0.005,1.2517535494750636,False
nstx_135388/N9/egn09w.1408E+03,bad,5f04ed9dbc08e2d8d1f6465ffdc6e80d844d0c032f5a86ff23c518bf8dab3b5b,False,True,0.165,-0.44367425892173207,5.125203050770377e-05,0.005,1.0709933819426827,BAD,BAD_CONT_CROSS_WINDOW,BAD,BAD_AXIS_SPIKE,True,1.0,18,0.005,1.2363941636971316,False,BAD,BAD_AXIS_SPIKE,True,1.0,18,0.005,1.2363941636971316,False,BAD,BAD_AXIS_SPIKE,True,1.0,18,0.005,1.2363941636971316,False,BAD,BAD_AXIS_SPIKE,True,1.0,18,0.005,1.2363941636971316,False
nstx_135388/N9/egn09w.1953E+02,bad,445a7b30d1731f8a6611d12e0810953324ad4defc6a1aaa6dec00c91f0ae2db9,False,True,0.095,-0.16907593565224743,0.0022486509640267317,0.01,1.8833679385862756,BAD,BAD_GRID_SCALE_SPIKE,BAD,BAD_AXIS_SPIKE,True,0.9002122901529142,18,0.01,1.5024940660301054,False,BAD,BAD_AXIS_SPIKE,True,1.0,17,0.005,2.095024567313555,False,BAD,BAD_AXIS_SPIKE,True,1.0,17,0.005,2.095024567313555,False,BAD,BAD_AXIS_SPIKE,True,1.0,17,0.005,2.095024567313555,False
nstx_135388/N9/egn09w.1959E+02,bad,9e44c8614577def3ee07f2761fd72a650ab08b5739df325ea5e99457a55a6efa,False,True,0.095,-0.16720116986269865,0.0021471040393889647,0.01,1.8906523286620645,BAD,BAD_GRID_SCALE_SPIKE,BAD,BAD_AXIS_SPIKE,True,0.8602198437739583,18,0.01,1.4943906743470154,False,BAD,BAD_AXIS_SPIKE,True,1.0,17,0.005,2.078728868219377,False,BAD,BAD_AXIS_SPIKE,True,1.0,17,0.005,2.078728868219377,False,BAD,BAD_AXIS_SPIKE,True,1.0,17,0.005,2.078728868219377,False
nstx_135388/N9/egn09w.1979E+02,bad,20e230ed90db7bce4957f5c61b0cde8d36df65fd45fd17f5403c4a212dbc5722,False,True,0.095,-0.16114038173516784,0.001731105348671376,0.01,1.910329816123283,BAD,BAD_GRID_SCALE_SPIKE,BAD,BAD_AXIS_SPIKE,True,0.7438141866587304,18,0.01,1.4704700193409808,False,BAD,BAD_AXIS_SPIKE,True,1.0,17,0.005,2.0459138897065414,False,BAD,BAD_AXIS_SPIKE,True,1.0,17,0.005,2.0459138897065414,False,BAD,BAD_AXIS_SPIKE,True,1.0,17,0.005,2.0459138897065414,False
nstx_135388/N9/egn09w.1996E+02,bad,bb33ac7f611d3297edb3367a9946ff758ea3781d7479b9bb8cdc20c0678cf114,False,True,0.095,-0.1562606640638767,0.0015626745163464042,0.01,1.9213653116886253,BAD,BAD_GRID_SCALE_SPIKE,BAD,BAD_AXIS_SPIKE,True,0.6622282062214314,18,0.01,1.4538605467240922,False,BAD,BAD_AXIS_SPIKE,True,1.0,17,0.005,2.032795904191472,False,BAD,BAD_AXIS_SPIKE,True,1.0,17,0.005,2.032795904191472,False,BAD,BAD_AXIS_SPIKE,True,1.0,17,0.005,2.032795904191472,False
nstx_135388/N9/egn09w.2020E+02,bad,492a2bbdc943887bf0ed6c8894e16a93507cea6d10bc5add3864669ed950c039,False,True,0.095,-0.14951845247290216,0.0006157343989528582,0.01,1.92876551359249,BAD,BAD_GRID_SCALE_SPIKE,BAD,BAD_AXIS_SPIKE,True,0.5638571237770676,18,0.01,1.4350831532973356,False,BAD,BAD_AXIS_SPIKE,True,1.0,17,0.005,2.0260899546005806,False,BAD,BAD_AXIS_SPIKE,True,1.0,17,0.005,2.0260899546005806,False,BAD,BAD_AXIS_SPIKE,True,1.0,17,0.005,2.0260899546005806,False
nstx_135388/N9/egn09w.2044E+02,bad,3731a4dad6f4bffe9673160b25546d5efa85f67a95abae24d50a2b43e202c54c,False,True,0.095,-0.14275461316650553,0.0008163591736545721,0.01,1.9262138517130347,BAD,BAD_GRID_SCALE_SPIKE,BAD,BAD_AXIS_SPIKE,True,0.4787288866515863,18,0.01,1.4217286148395842,False,BAD,BAD_AXIS_SPIKE,True,1.0,17,0.005,2.028869509800421,False,BAD,BAD_AXIS_SPIKE,True,1.0,17,0.005,2.028869509800421,False,BAD,BAD_AXIS_SPIKE,True,1.0,17,0.005,2.028869509800421,False
nstx_135388/N9/egn09w.2070E+02,bad,0455fff7405a74388f29a970664485bf7368142369d473236e0376f06e0a7867,False,True,0.095,-0.13535393387212563,0.0006854696569614666,0.01,1.9105483931484133,BAD,BAD_GRID_SCALE_SPIKE,BAD,BAD_AXIS_SPIKE,True,0.3940973579108877,18,0.01,1.4146860757516133,False,BAD,BAD_AXIS_SPIKE,True,1.0,17,0.01,2.0313866290518794,False,BAD,BAD_AXIS_SPIKE,True,1.0,17,0.01,2.0313866290518794,False,BAD,BAD_AXIS_SPIKE,True,1.0,17,0.01,2.0313866290518794,False
nstx_135388/N9/egn09w.2126E+02,bad,9818f32650272c3128ebd128e071bbc8a9f324584e0d305f648e331e0c2cf01e,False,True,0.095,-0.12030133109422364,0.0002454871268376015,0.01,1.8233204963029894,BAD,BAD_GRID_SCALE_SPIKE,BAD,BAD_AXIS_SPIKE,True,1.0,17,0.01,1.971827869823554,False,BAD,BAD_AXIS_SPIKE,True,1.0,17,0.01,1.971827869823554,False,BAD,BAD_AXIS_SPIKE,True,1.0,17,0.01,1.971827869823554,False,BAD,BAD_AXIS_SPIKE,True,1.0,17,0.01,1.971827869823554,False
nstx_135388/N9/egn09w.2155E+02,bad,7e182070d75cb6f47c12d26d31b41eaa3c890161d6d8832bd3546a270e7654f5,False,True,0.095,-0.11294053032144445,8.647705664695436e-05,0.01,1.739024786739118,BAD,BAD_GRID_SCALE_SPIKE,BAD,BAD_AXIS_SPIKE,True,1.0,17,0.01,1.9613058399117973,False,BAD,BAD_AXIS_SPIKE,True,1.0,17,0.01,1.9613058399117973,False,BAD,BAD_AXIS_SPIKE,True,1.0,17,0.01,1.9613058399117973,False,BAD,BAD_AXIS_SPIKE,True,1.0,17,0.01,1.9613058399117973,False
nstx_135388/N9/egn09w.2162E+02,bad,62771cd92c78c48c3f70d34a19519de9c60bbeb1af56d253d5f802247ae71904,False,True,0.095,-0.11098359674398332,0.0001672726796738377,0.01,1.7092924586494245,BAD,BAD_GRID_SCALE_SPIKE,BAD,BAD_AXIS_SPIKE,True,1.0,17,0.01,1.9633172087518715,False,BAD,BAD_AXIS_SPIKE,True,1.0,17,0.01,1.9633172087518715,False,BAD,BAD_AXIS_SPIKE,True,1.0,17,0.01,1.9633172087518715,False,BAD,BAD_AXIS_SPIKE,True,1.0,17,0.01,1.9633172087518715,False
nstx_135388/N9/egn09w.2175E+02,bad,0fe7cba7291d5273eb5246d520b5f36fc6dac8bfd24160e666ff5d1bfde2576f,False,True,0.095,-0.1078084733593542,9.446146823080159e-05,0.01,1.652430813582956,BAD,BAD_GRID_SCALE_SPIKE,BAD,BAD_AXIS_SPIKE,True,1.0,17,0.01,1.9758210812462005,False,BAD,BAD_AXIS_SPIKE,True,1.0,17,0.01,1.9758210812462005,False,BAD,BAD_AXIS_SPIKE,True,1.0,17,0.01,1.9758210812462005,False,BAD,BAD_AXIS_SPIKE,True,1.0,17,0.01,1.9758210812462005,False
nstx_135388/N9/egn09w.2182E+02,bad,5831252343a5f43321cd4dc22dc84335cbc07a2b0ffe77b19157e00f6a7e3242,False,True,0.095,-0.10587036048175541,0.00010124974116547806,0.01,1.6117805700601588,BAD,BAD_GRID_SCALE_SPIKE,BAD,BAD_AXIS_SPIKE,True,1.0,17,0.01,1.9934840844199462,False,BAD,BAD_AXIS_SPIKE,True,1.0,17,0.01,1.9934840844199462,False,BAD,BAD_AXIS_SPIKE,True,1.0,17,0.01,1.9934840844199462,False,BAD,BAD_AXIS_SPIKE,True,1.0,17,0.01,1.9934840844199462,False
nstx_135388/N9/egn09w.2507E+02,bad,a6a33f0e81a0b5a04834408ed035684ec0e35c8b2b2e625bc4b768618d314afa,False,True,0.235,0.0421898539445302,0.0016880886151496683,0.6,16.221477230304803,BAD,BAD_GRID_SCALE_SPIKE,BAD,BAD_GRID_SCALE_SPIKE,False,0.602706808918019,17,0.03,8.735339893662285,False,BAD,BAD_GRID_SCALE_SPIKE,False,0.602706808918019,17,0.03,8.735339893662285,False,BAD,BAD_GRID_SCALE_SPIKE,False,0.602706808918019,17,0.03,8.735339893662285,False,BAD,BAD_AXIS_SPIKE,True,0.602706808918019,17,0.03,8.735339893662285,False
nstx_135388/N9/egn09w.2520E+02,bad,19d7680765a4dd43d51b4527eb52d348b77fdf8e3b94ed2d7ab7dcabbbcb17f0,False,True,0.075,-0.029018691409532914,0.08440531800032305,0.03,5.7583694585888185,BAD,BAD_GRID_SCALE_SPIKE,BAD,BAD_GRID_SCALE_SPIKE,False,1.0,17,0.03,9.718913693036264,False,BAD,BAD_GRID_SCALE_SPIKE,False,1.0,17,0.03,9.718913693036264,False,BAD,BAD_GRID_SCALE_SPIKE,False,1.0,17,0.03,9.718913693036264,False,BAD,BAD_AXIS_SPIKE,True,1.0,17,0.03,9.718913693036264,False
nstx_135388/N9/egn09w.2590E+02,bad,91c18e850ac628f891e6127181fbead2b0497f53a867ef1f982280c82260a9c7,False,True,0.09999999999999999,-0.0150900663091958,0.004590769697550121,0.005,1.8106363623200414,BAD,BAD_GRID_SCALE_SPIKE,BAD,BAD_AXIS_SPIKE,True,0.32341679380583294,18,0.005,1.0383205279177634,False,BAD,BAD_AXIS_SPIKE,True,0.32341679380583294,18,0.005,1.0383205279177634,False,BAD,BAD_AXIS_SPIKE,True,0.32341679380583294,18,0.005,1.0383205279177634,False,BAD,BAD_AXIS_SPIKE,True,1.0,17,0.005,6.094108968181104,False
nstx_135388/N9/egn09w.3605E+02,bad,983ddb0bd28d3b4a9b9bbcfc972581ecc98252486765db94642fcadabf544af7,False,True,0.085,-0.01699857635632246,8.7372003121036e-06,0.015,1.9805567647042401,BAD,BAD_INTERIOR_UNRESOLVED_ENVELOPE,BAD,BAD_AXIS_SPIKE,True,0.7117971430478208,16,0.01,1.8547821069126973,False,BAD,BAD_AXIS_SPIKE,True,1.0,18,0.015,2.036696280881609,False,BAD,BAD_AXIS_SPIKE,True,1.0,18,0.015,2.036696280881609,False,BAD,BAD_AXIS_SPIKE,True,1.0,18,0.015,2.036696280881609,False
nstx_135388/N9/egn09w.4060E+02,bad,e18f69c3655bd9894bbf8e5f84967a628b0f4194f590bc9ae0241882ca98aa63,False,True,0.035,-0.07378675177642481,0.3921526855026107,0.065,2.260415915237514,BAD,BAD_GRID_SCALE_SPIKE,BAD,BAD_AXIS_SPIKE,True,0.4012668914022458,18,0.005,1.408313275782033,False,BAD,BAD_AXIS_SPIKE,True,0.4012668914022458,18,0.005,1.408313275782033,False,BAD,BAD_AXIS_SPIKE,True,0.4012668914022458,18,0.005,1.408313275782033,False,BAD,BAD_AXIS_SPIKE,True,0.4012668914022458,18,0.005,1.408313275782033,False
nstx_135388/N9/egn09w.4641E+02,bad,5ca19ab33d376b8e2061f1aacbc0074ae86e51f2c2dd7660493e6e5e5046e261,False,True,0.095,-0.13364432375361723,0.01448611877102125,0.005,1.0142654409201146,BAD,BAD_INTERIOR_UNRESOLVED_ENVELOPE,BAD,BAD_AXIS_SPIKE,True,1.0,18,0.005,1.1207058607520224,False,BAD,BAD_AXIS_SPIKE,True,1.0,18,0.005,1.1207058607520224,False,BAD,BAD_AXIS_SPIKE,True,1.0,18,0.005,1.1207058607520224,False,BAD,BAD_AXIS_SPIKE,True,1.0,18,0.005,1.1207058607520224,False
nstx_135388/N9/egn09w.5020E+02,bad,8c087217855b459036f6b3f2c4340ceefd24821dcfbfbb8272c19b09eecb6b61,False,True,0.045000000000000005,-0.16700214175830502,0.03964939922701409,0.055,5.436369350274145,BAD,BAD_GRID_SCALE_SPIKE,BAD,BAD_AXIS_SPIKE,True,0.3789566393969861,16,0.005,1.1178178459421109,False,BAD,BAD_AXIS_SPIKE,True,0.3789566393969861,16,0.005,1.1178178459421109,False,BAD,BAD_AXIS_SPIKE,True,0.3789566393969861,16,0.005,1.1178178459421109,False,BAD,BAD_AXIS_SPIKE,True,0.8191754076636169,18,0.02,5.443877121561103,False
nstx_135388/N9/egn09w.5394E+02,bad,a81e10fbcddb5ecc2c333a68a76131a6a482ba33777baccc28fbf6b6937524c9,False,True,0.565,0.22520940091473018,9.034899296473434e-05,0.905,2.628546497726658,BAD,BAD_GRID_SCALE_SPIKE,BAD,BAD_AXIS_SPIKE,True,0.4236864618193681,18,0.005,1.3296660720208204,False,BAD,BAD_AXIS_SPIKE,True,0.4236864618193681,18,0.005,1.3296660720208204,False,BAD,BAD_AXIS_SPIKE,True,0.4236864618193681,18,0.005,1.3296660720208204,False,BAD,BAD_AXIS_SPIKE,True,0.4236864618193681,18,0.005,1.3296660720208204,False
nstx_135388/N9/egn09w.5860E+02,bad,7fbda1f57ef322a3cdcdb0e6bfaf4af7595dbf9d47aafd8dbe7001642ca33c8c,False,True,0.5700000000000001,0.17553015808136777,0.00011227198791660639,0.91,2.4745551281391664,REVIEW,NO_GOOD_TEMPLATE,BAD,BAD_AXIS_SPIKE,True,0.27148543939968844,18,0.005,1.0127896026032135,False,BAD,BAD_AXIS_SPIKE,True,0.27148543939968844,18,0.005,1.0127896026032135,False,BAD,BAD_AXIS_SPIKE,True,0.27148543939968844,18,0.005,1.0127896026032135,False,BAD,BAD_AXIS_SPIKE,True,0.27148543939968844,18,0.005,1.0127896026032135,False
nstx_135388/N9/egn09w.6908E+02,bad,b1a75ae4bf838122a95cc79e64bdd48bc748f3c4ac903b6df4d4f6457a5958ab,False,True,0.435,0.08269291265568296,0.00022980374767445945,0.775,28.508835456675264,REVIEW,NO_GOOD_TEMPLATE,REVIEW,NO_GOOD_TEMPLATE,False,0.26199845490990253,18,0.03,7.20095837836642,False,REVIEW,NO_GOOD_TEMPLATE,False,0.26199845490990253,18,0.03,7.20095837836642,False,REVIEW,NO_GOOD_TEMPLATE,False,0.26199845490990253,18,0.03,7.20095837836642,False,BAD,BAD_AXIS_SPIKE,True,0.26199845490990253,18,0.03,7.20095837836642,False
nstx_141711/N1/egn01w.2349E+03,bad,850ab93da7eae32d77c55ab3c8aebda72850b101f653e79a55f883de549c03ee,False,False,,,,0.01,2.24983486890793,BAD,BAD_GRID_SCALE_SPIKE,BAD,BAD_AXIS_SPIKE,True,0.7153375914784957,1,0.005,1.121328371023126,False,BAD,BAD_AXIS_SPIKE,True,1.0,3,0.01,2.643704787837211,False,BAD,BAD_AXIS_SPIKE,True,1.0,3,0.01,2.643704787837211,False,BAD,BAD_AXIS_SPIKE,True,1.0,3,0.01,2.643704787837211,False
nstx_141711/N1/egn01w.2375E+03,bad,1b3b2d39dad997a58282b0e02bb2ba6fdef5669df84c4c1d7f542080639cd41e,False,False,,,,0.005,2.3857805922269852,BAD,BAD_GRID_SCALE_SPIKE,BAD,BAD_AXIS_SPIKE,True,0.7814147302601739,1,0.005,1.2366967344811657,False,BAD,BAD_AXIS_SPIKE,True,0.7814147302601739,1,0.005,1.2366967344811657,False,BAD,BAD_AXIS_SPIKE,True,1.0,3,0.01,4.780925760911231,False,BAD,BAD_AXIS_SPIKE,True,1.0,3,0.01,4.780925760911231,False
nstx_141711/N1/egn01w.2778E+03,bad,285964772667ca44ac391f2ca847a90e1948e2c46fbc7dc5e15d0e645987383f,False,False,,,,0.005,1.0215356030379448,BAD,BAD_GRID_SCALE_SPIKE,BAD,BAD_AXIS_SPIKE,True,1.0,3,0.005,1.0660779212803964,False,BAD,BAD_AXIS_SPIKE,True,1.0,3,0.005,1.0660779212803964,False,BAD,BAD_AXIS_SPIKE,True,1.0,3,0.005,1.0660779212803964,False,BAD,BAD_AXIS_SPIKE,True,1.0,3,0.005,1.0660779212803964,False
nstx_141711/N1/egn01w.7183E+02,bad,42796313614743f6c6f030c7bdfae2d206fc35471ed56457d1956d8db6509dbe,False,False,,,,0.12,21.345224261827614,BAD,BAD_CONT_CROSS_WINDOW,BAD,BAD_CONT_CROSS_WINDOW,False,0.3692174666545071,2,0.03,76.0026303789957,False,BAD,BAD_CONT_CROSS_WINDOW,False,0.3692174666545071,2,0.03,76.0026303789957,False,BAD,BAD_CONT_CROSS_WINDOW,False,0.3692174666545071,2,0.03,76.0026303789957,False,BAD,BAD_AXIS_SPIKE,True,0.26357523194262794,1,0.015,6.789357804658298,False
nstx_141711/N2/egn02w.1352E+03,bad,48596b8c0e744e4505385f6e4d5a261b3734027576b23e3a4b069e42a05fed98,False,True,0.455,0.5275214375511471,0.06522639482467299,0.01,1.694177707869273,BAD,BAD_GRID_SCALE_SPIKE,BAD,BAD_AXIS_SPIKE,True,0.8918763356778757,13,0.01,1.8165463335813148,False,BAD,BAD_AXIS_SPIKE,True,1.0,17,0.01,2.0880223341822526,False,BAD,BAD_AXIS_SPIKE,True,1.0,17,0.01,2.0880223341822526,False,BAD,BAD_AXIS_SPIKE,True,1.0,17,0.01,2.0880223341822526,False
nstx_141711/N2/egn02w.2302E+03,bad,9e306c302e7a4a6fbf533ebff20cba900d991ad48173a752556ad0328671f2ca,False,True,0.455,0.6379489949233571,0.02322150253416299,0.01,1.9434497585544952,BAD,BAD_GRID_SCALE_SPIKE,BAD,BAD_AXIS_SPIKE,True,0.9535353658504314,4,0.02,1.4719021209575842,False,BAD,BAD_AXIS_SPIKE,True,1.0,4,0.01,2.0503608689444817,False,BAD,BAD_AXIS_SPIKE,True,1.0,4,0.01,2.0503608689444817,False,BAD,BAD_AXIS_SPIKE,True,1.0,4,0.01,2.0503608689444817,False
nstx_141711/N2/egn02w.4308E+02,good,758c9a711c2f47f8d16069c9af73970d3ded3ba3bb12b08141627d2d694ed08c,False,True,0.41500000000000004,0.16313976703223146,0.045493238853672256,0.05,18.497357766960118,REVIEW,NO_GOOD_TEMPLATE,BAD,BAD_AXIS_SPIKE,True,0.2322320526730743,3,0.01,1.9493787076115021,False,BAD,BAD_AXIS_SPIKE,True,0.2322320526730743,3,0.01,1.9493787076115021,False,BAD,BAD_AXIS_SPIKE,True,0.2322320526730743,3,0.01,1.9493787076115021,False,BAD,BAD_AXIS_SPIKE,True,0.2322320526730743,3,0.01,1.9493787076115021,False
nstx_141711/N2/egn02w.4512E+02,good,7f329ceafa4cdf341369c0677dbbcf3744fa3d6dd6fe8cbff4c72fd82b089e98,False,True,0.375,0.18221061353624787,0.009711490884388914,0.09,32.92955476764293,REVIEW,NO_GOOD_TEMPLATE,BAD,BAD_AXIS_SPIKE,True,0.26796974433264786,3,0.005,1.294211260614857,False,BAD,BAD_AXIS_SPIKE,True,0.26796974433264786,3,0.005,1.294211260614857,False,BAD,BAD_AXIS_SPIKE,True,0.26796974433264786,3,0.005,1.294211260614857,False,BAD,BAD_AXIS_SPIKE,True,0.26796974433264786,3,0.005,1.294211260614857,False
nstx_141711/N3/egn03w.3150E+02,bad,f6c36ac7a183d4d826b0b38747b177219f553b8bfc5f6d68d175b3e694128449,False,False,,,,0.025,1.0692698899328459,BAD,BAD_INTERIOR_UNRESOLVED_ENVELOPE,BAD,BAD_AXIS_SPIKE,True,1.0,4,0.025,1.304788668624414,False,BAD,BAD_AXIS_SPIKE,True,1.0,4,0.025,1.304788668624414,False,BAD,BAD_AXIS_SPIKE,True,1.0,4,0.025,1.304788668624414,False,BAD,BAD_AXIS_SPIKE,True,1.0,4,0.025,1.304788668624414,False
nstx_141711/N3/egn03w.3189E+02,bad,aa87509f900327f0c13557fc551df94e96ddc7fea44f61d7a3321ee07668d51e,False,False,,,,0.035,2.5847557102491954,REVIEW,NO_GOOD_TEMPLATE,REVIEW,NO_GOOD_TEMPLATE,False,0.736628789004235,4,0.025,6.289074611483233,False,REVIEW,NO_GOOD_TEMPLATE,False,0.736628789004235,4,0.025,6.289074611483233,False,REVIEW,NO_GOOD_TEMPLATE,False,0.736628789004235,4,0.025,6.289074611483233,False,BAD,BAD_AXIS_SPIKE,True,0.736628789004235,4,0.025,6.289074611483233,False
nstx_141711/N3/egn03w.3229E+02,bad,54761a22d1ee0eba2d7a83747ff4827dc435c7d9329cec6a6b0541aa50672334,False,False,,,,0.02,1.0201566320378677,BAD,BAD_GRID_SCALE_SPIKE,BAD,BAD_AXIS_SPIKE,True,1.0,4,0.02,1.1287796763073614,False,BAD,BAD_AXIS_SPIKE,True,1.0,4,0.02,1.1287796763073614,False,BAD,BAD_AXIS_SPIKE,True,1.0,4,0.02,1.1287796763073614,False,BAD,BAD_AXIS_SPIKE,True,1.0,4,0.02,1.1287796763073614,False
nstx_141711/N3/egn03w.3421E+02,bad,587c87d8af00de85e8c0d4f00e57b69bcdf4f413a81b7344f27664841d1b5964,False,False,,,,0.47500000000000003,52.09043461302113,REVIEW,NO_GOOD_TEMPLATE,BAD,BAD_AXIS_SPIKE,True,0.30057668586349073,4,0.015,1.4499874580568204,False,BAD,BAD_AXIS_SPIKE,True,0.30057668586349073,4,0.015,1.4499874580568204,False,BAD,BAD_AXIS_SPIKE,True,0.30057668586349073,4,0.015,1.4499874580568204,False,BAD,BAD_AXIS_SPIKE,True,0.30057668586349073,4,0.015,1.4499874580568204,False
nstx_141711/N4/egn04w.4863E+02,good,d17e23fefa3f66c7223fdbc0b60303df93f729d9128eabb9e9c82bd89bee4f4a,False,False,,,,0.935,2.9080400519662764,REVIEW,NO_GOOD_TEMPLATE,BAD,BAD_AXIS_SPIKE,True,0.20095843132839086,5,0.015,1.3543255230363205,False,BAD,BAD_AXIS_SPIKE,True,0.20095843132839086,5,0.015,1.3543255230363205,False,BAD,BAD_AXIS_SPIKE,True,0.20095843132839086,5,0.015,1.3543255230363205,False,BAD,BAD_AXIS_SPIKE,True,0.20095843132839086,5,0.015,1.3543255230363205,False
nstxuE202855A01t020/N1/egn01w.2608E+01,bad,22c55f2b697e29afa335ca68aef85e617d512c6e10aec683d0d2ff4cb1697d1d,False,True,0.135,0.0015383771285196826,0.058076624561304725,0.005,3.1612832575912733,BAD,BAD_GRID_SCALE_SPIKE,BAD,BAD_AXIS_SPIKE,True,1.0,6,0.015,1.8057955526066167,False,BAD,BAD_AXIS_SPIKE,True,1.0,6,0.015,1.8057955526066167,False,BAD,BAD_AXIS_SPIKE,True,1.0,6,0.015,1.8057955526066167,False,BAD,BAD_AXIS_SPIKE,True,1.0,6,0.015,1.8057955526066167,False
nstxuE202855A01t020/N10/egn10w.1763E+01,bad,ed11be8b2e4f1133148cc5d57f4ba290c4cdcdaf8e37a70c1b2f42a736a7af25,False,True,0.13,-0.031213981002780597,0.026474801001396178,0.005,1.924272889141129,BAD,BAD_GRID_SCALE_SPIKE,BAD,BAD_AXIS_SPIKE,True,0.8765151350267529,10,0.005,1.963130410052671,False,BAD,BAD_AXIS_SPIKE,True,1.0,12,0.005,2.4111125393868034,False,BAD,BAD_AXIS_SPIKE,True,1.0,12,0.005,2.4111125393868034,False,BAD,BAD_AXIS_SPIKE,True,1.0,12,0.005,2.4111125393868034,False
nstxuE202855A01t020/N10/egn10w.3318E+01,bad,59c2fbb482e4f25a0643f4f56764d94e0685b43b2d9f146cbdb5393cf5ff6b4a,False,True,0.13,-0.29378890308700045,0.001244926252053263,0.005,1.924486571940595,BAD,BAD_GRID_SCALE_SPIKE,BAD,BAD_AXIS_SPIKE,True,0.8765366571437276,10,0.005,1.9631572427899449,False,BAD,BAD_AXIS_SPIKE,True,1.0,12,0.005,2.4112285147444097,False,BAD,BAD_AXIS_SPIKE,True,1.0,12,0.005,2.4112285147444097,False,BAD,BAD_AXIS_SPIKE,True,1.0,12,0.005,2.4112285147444097,False
nstxuE202855A01t020/N4/egn04w.3787E+01,bad,ac77b26a1daf370f9dded27b7201fd3dbe8ed06527559798a6b6b5578b08cadd,False,True,0.15,-0.23132677583363337,0.0050597093549668804,0.005,1.1107014431099995,BAD,BAD_GRID_SCALE_SPIKE,BAD,BAD_AXIS_SPIKE,True,1.0,2,0.005,1.1670798687992354,False,BAD,BAD_AXIS_SPIKE,True,1.0,2,0.005,1.1670798687992354,False,BAD,BAD_AXIS_SPIKE,True,1.0,2,0.005,1.1670798687992354,False,BAD,BAD_AXIS_SPIKE,True,1.0,2,0.005,1.1670798687992354,False
nstxuE202855A01t020/N8/egn08w.1247E+01,bad,f0bd5af9d9e63ba31533143c4f989cee57d6d43bbbe8541d795468a3358fd1c7,True,True,0.0,0.02740986310208583,0.9018303129180739,0.15,2.306055429818865,REVIEW,NO_GOOD_TEMPLATE,BAD,BAD_AXIS_SPIKE,True,0.2614145330806848,11,0.005,1.0746015210151814,False,BAD,BAD_AXIS_SPIKE,True,0.2614145330806848,11,0.005,1.0746015210151814,False,BAD,BAD_AXIS_SPIKE,True,0.2614145330806848,11,0.005,1.0746015210151814,False,BAD,BAD_AXIS_SPIKE,True,0.2614145330806848,11,0.005,1.0746015210151814,False
nstxuE202855A01t020/N8/egn08w.1641E+01,bad,b34649ff281fc7ff2acda5d89d58891e0750ede976895789fb2f72f7c27e3104,False,True,0.15999999999999998,0.299073254426273,0.0008870951331809633,0.635,13.977050629526143,REVIEW,NO_GOOD_TEMPLATE,BAD,BAD_AXIS_SPIKE,True,0.23062884144694765,11,0.005,1.0746116312340097,False,BAD,BAD_AXIS_SPIKE,True,0.23062884144694765,11,0.005,1.0746116312340097,False,BAD,BAD_AXIS_SPIKE,True,0.23062884144694765,11,0.005,1.0746116312340097,False,BAD,BAD_AXIS_SPIKE,True,0.23062884144694765,11,0.005,1.0746116312340097,False
nstxuE202855A01t020/N9/egn09w.3430E+01,bad,2cea1d45c426e76ba1d0b4d8980ab60007899d5a71df8c2869a36e63ce2f614a,False,True,0.135,-0.30347717201385344,0.0013848986715830629,0.005,1.1339557980359447,BAD,BAD_GRID_SCALE_SPIKE,BAD,BAD_AXIS_SPIKE,True,1.0,11,0.005,1.11789479701081,False,BAD,BAD_AXIS_SPIKE,True,1.0,11,0.005,1.11789479701081,False,BAD,BAD_AXIS_SPIKE,True,1.0,11,0.005,1.11789479701081,False,BAD,BAD_AXIS_SPIKE,True,1.0,11,0.005,1.11789479701081,False
nstxuE202855A01t020/N9/egn09w.3613E+01,bad,a46cf0968f8dcf68493de9d4d1137ef59a35741f87e6aad4a20e4db02a743f88,False,True,0.135,-0.32128645041200193,0.0007633055597096271,0.005,1.1339431971817266,BAD,BAD_GRID_SCALE_SPIKE,BAD,BAD_AXIS_SPIKE,True,1.0,11,0.005,1.1179208115767791,False,BAD,BAD_AXIS_SPIKE,True,1.0,11,0.005,1.1179208115767791,False,BAD,BAD_AXIS_SPIKE,True,1.0,11,0.005,1.1179208115767791,False,BAD,BAD_AXIS_SPIKE,True,1.0,11,0.005,1.1179208115767791,False
nstxuE202855A01t020/N9/egn09w.3813E+01,bad,9ba694e17fdef793dbf1ad4a827d8f07ab77384299dda9b8b1e275eb5d0af540,False,True,0.135,-0.33937990475676233,0.0010760352782133648,0.005,1.133929921258753,BAD,BAD_GRID_SCALE_SPIKE,BAD,BAD_AXIS_SPIKE,True,1.0,11,0.005,1.1179494368009963,False,BAD,BAD_AXIS_SPIKE,True,1.0,11,0.005,1.1179494368009963,False,BAD,BAD_AXIS_SPIKE,True,1.0,11,0.005,1.1179494368009963,False,BAD,BAD_AXIS_SPIKE,True,1.0,11,0.005,1.1179494368009963,False
nstxuE204669M03t025/N1/egn01w.1001E+02,bad,d7f69c4a1b3e97ac7e937530c7118fc91a12ebe4e487ef4bbe5a92ae6f41e81f,False,True,0.015,0.1604177304071209,0.6694505086036862,0.045,1.0826052585413581,BAD,BAD_GRID_SCALE_PACKET,BAD,BAD_GRID_SCALE_PACKET,False,0.7547128756462436,3,0.025,3.445280909696497,False,BAD,BAD_AXIS_SPIKE,True,0.2843204177439787,1,0.03,2.118266450698673,False,BAD,BAD_AXIS_SPIKE,True,0.7547128756462436,3,0.025,3.445280909696497,False,BAD,BAD_AXIS_SPIKE,True,0.7547128756462436,3,0.025,3.445280909696497,False
nstxuE204669M03t025/N1/egn01w.1044E+02,bad,27d860e60d1334823524ba95db88a6597883d95b1825947aff9cf49831ece7e8,False,True,0.025,0.1776354953665202,0.268254836187732,0.055,12.693722272274925,BAD,BAD_GRID_SCALE_SPIKE,BAD,BAD_GRID_SCALE_SPIKE,False,0.8672111331053374,3,0.03,14.441425519612114,False,BAD,BAD_GRID_SCALE_SPIKE,False,0.8672111331053374,3,0.03,14.441425519612114,False,BAD,BAD_AXIS_SPIKE,True,0.36891988711278306,1,0.015,4.35601363789203,False,BAD,BAD_AXIS_SPIKE,True,0.36891988711278306,1,0.015,4.35601363789203,False
nstxuE204669M03t025/N1/egn01w.1052E+02,bad,302204714b47f64e21e16e58193e22f089c76879fdf993c3feb9179d0d4ce565,False,True,0.04000000000000001,0.1810028680374734,0.16416015531553343,0.07,11.197045962129438,BAD,BAD_CONT_CROSS_WINDOW,BAD,BAD_CONT_CROSS_WINDOW,False,0.5893634377956123,3,0.025,18.88430834077206,False,BAD,BAD_CONT_CROSS_WINDOW,False,0.5893634377956123,3,0.025,18.88430834077206,False,BAD,BAD_CONT_CROSS_WINDOW,False,0.5893634377956123,3,0.025,18.88430834077206,False,BAD,BAD_AXIS_SPIKE,True,0.30106220646872195,1,0.015,6.178195339945777,False
nstxuE204669M03t025/N1/egn01w.1061E+02,bad,0ea31bbf18e61add64b3a025cae269e3a8603fb3ade0f2b013a05e5d304a801b,False,True,0.05,0.18455538653364564,0.10082856804407093,0.08,10.655737062155756,BAD,BAD_CONT_CROSS_WINDOW,BAD,BAD_CONT_CROSS_WINDOW,False,0.3946434693313846,3,0.025,21.862049686838354,False,BAD,BAD_CONT_CROSS_WINDOW,False,0.3946434693313846,3,0.025,21.862049686838354,False,BAD,BAD_CONT_CROSS_WINDOW,False,0.3946434693313846,3,0.025,21.862049686838354,False,BAD,BAD_AXIS_SPIKE,True,0.2536832547962124,1,0.03,7.859068041120952,False
nstxuE204669M03t025/N1/egn01w.1071E+02,bad,36207e6598eb1a2de7494b9de6e039b9518d0536103b6903ef2fa900f6574f76,False,True,0.06,0.18821503857919947,0.06419714892142624,0.09,10.412579787864683,BAD,BAD_CONT_CROSS_WINDOW,BAD,BAD_CONT_CROSS_WINDOW,False,0.261089900558135,3,0.015,4.014615479332233,False,BAD,BAD_CONT_CROSS_WINDOW,False,0.261089900558135,3,0.015,4.014615479332233,False,BAD,BAD_AXIS_SPIKE,True,0.261089900558135,3,0.015,4.014615479332233,False,BAD,BAD_AXIS_SPIKE,True,0.261089900558135,3,0.015,4.014615479332233,False
nstxuE204669M03t025/N1/egn01w.1081E+02,bad,297839a31c74034b9da0d8f87fc9f43a07a581b42b4094208e4b91f75939a245,False,True,0.20500000000000002,0.19192675091272535,0.04398068048386951,0.23500000000000001,1.2094045488629301,BAD,BAD_CONT_CROSS_WINDOW,BAD,BAD_CONT_CROSS_WINDOW,False,0.24710541748003914,3,0.015,2.250012317356187,False,BAD,BAD_AXIS_SPIKE,True,0.24710541748003914,3,0.015,2.250012317356187,False,BAD,BAD_AXIS_SPIKE,True,0.24710541748003914,3,0.015,2.250012317356187,False,BAD,BAD_AXIS_SPIKE,True,0.24710541748003914,3,0.015,2.250012317356187,False
nstxuE204669M03t025/N1/egn01w.1091E+02,bad,b501043d8bb2bb92d53000fee507737e553ac399358a3cd0dd1a1f6070ef1423,False,True,0.21,0.19565150136892692,0.03433179277647264,0.24,1.1572027362803272,BAD,BAD_GRID_SCALE_SPIKE,BAD,BAD_AXIS_SPIKE,True,0.31162983740023226,3,0.03,1.2956710863595775,False,BAD,BAD_AXIS_SPIKE,True,0.31162983740023226,3,0.03,1.2956710863595775,False,BAD,BAD_AXIS_SPIKE,True,0.31162983740023226,3,0.03,1.2956710863595775,False,BAD,BAD_AXIS_SPIKE,True,0.31162983740023226,3,0.03,1.2956710863595775,False
nstxuE204669M03t025/N1/egn01w.1101E+02,bad,44e0b899e16fc5f725755f2d5aa56217a8ff72d4a24f2bf8c8a6a61fe086b090,False,True,0.215,0.19936446460117463,0.03347967477780963,0.245,1.1254167871634413,BAD,BAD_CONT_CROSS_WINDOW,BAD,BAD_AXIS_SPIKE,True,0.4711744038753594,3,0.03,1.1859519595764005,False,BAD,BAD_AXIS_SPIKE,True,0.4711744038753594,3,0.03,1.1859519595764005,False,BAD,BAD_AXIS_SPIKE,True,0.4711744038753594,3,0.03,1.1859519595764005,False,BAD,BAD_AXIS_SPIKE,True,0.4711744038753594,3,0.03,1.1859519595764005,False
nstxuE204669M03t025/N1/egn01w.1131E+02,bad,ad75db903475451af8f43a86bbc740cbb3a8538056fd81f5a4e134933284076e,False,True,0.0,0.21016636475074324,0.14523374768758815,0.03,1.3421043220164872,BAD,BAD_GRID_SCALE_SPIKE,BAD,BAD_AXIS_SPIKE,True,0.4571702027866816,3,0.02,1.6537118686613508,False,BAD,BAD_AXIS_SPIKE,True,0.4571702027866816,3,0.02,1.6537118686613508,False,BAD,BAD_AXIS_SPIKE,True,1.0,3,0.03,4.731267183156115,False,BAD,BAD_AXIS_SPIKE,True,1.0,3,0.03,4.731267183156115,False
nstxuE204669M03t025/N1/egn01w.1141E+02,bad,4983274aab7b5400cd39c89d1a8185249c00e79b9693d37b7f0c0aab677330d9,False,True,0.0,0.21339760805823177,0.28265026510641444,0.03,1.4124363776861728,BAD,BAD_GRID_SCALE_SPIKE,BAD,BAD_AXIS_SPIKE,True,0.5004602827999832,3,0.02,1.4988719566642132,False,BAD,BAD_AXIS_SPIKE,True,0.5004602827999832,3,0.02,1.4988719566642132,False,BAD,BAD_AXIS_SPIKE,True,0.5004602827999832,3,0.02,1.4988719566642132,False,BAD,BAD_AXIS_SPIKE,True,1.0,3,0.03,6.015658320619762,False
nstxuE204669M03t025/N1/egn01w.1149E+02,bad,7ddd9c470327cdf58bbe3b1c6977e4201fcb729764d866f637c23aeefd91eec9,False,True,0.0,0.21620141840768978,0.39954607305491263,0.03,1.498356331894586,BAD,BAD_GRID_SCALE_PACKET,BAD,BAD_AXIS_SPIKE,True,0.5331913937597689,3,0.02,1.4346931304539268,False,BAD,BAD_AXIS_SPIKE,True,0.5331913937597689,3,0.02,1.4346931304539268,False,BAD,BAD_AXIS_SPIKE,True,0.5331913937597689,3,0.02,1.4346931304539268,False,BAD,BAD_AXIS_SPIKE,True,1.0,3,0.03,8.840173584849204,False
nstxuE204669M03t025/N1/egn01w.1565E+02,bad,57b4d4acb9530702b6ca21f0c52748079809b2263caff97828f5f5dbf0620336,False,True,0.015,0.32838623495408753,0.25716519966273427,0.015,1.1404811655972928,BAD,BAD_CONT_CROSS_WINDOW,BAD,BAD_AXIS_SPIKE,True,1.0,3,0.015,1.3902644689570378,False,BAD,BAD_AXIS_SPIKE,True,1.0,3,0.015,1.3902644689570378,False,BAD,BAD_AXIS_SPIKE,True,1.0,3,0.015,1.3902644689570378,False,BAD,BAD_AXIS_SPIKE,True,1.0,3,0.015,1.3902644689570378,False
nstxuE204669M03t025/N1/egn01w.5092E+01,bad,f932fd39c762b80882d700f4118a79b404e71deddb065f72c34d4fe086f408fc,False,True,0.59,-0.17723400938567038,0.005307196831059735,0.62,83.76293822996168,BAD,BAD_CONT_CROSS_WINDOW,BAD,BAD_CONT_CROSS_WINDOW,False,0.22259692249338742,1,0.01,3.850374814714158,False,BAD,BAD_CONT_CROSS_WINDOW,False,0.22259692249338742,1,0.01,3.850374814714158,False,BAD,BAD_AXIS_SPIKE,True,0.22259692249338742,1,0.01,3.850374814714158,False,BAD,BAD_AXIS_SPIKE,True,0.22259692249338742,1,0.01,3.850374814714158,False
nstxuE204669M03t025/N1/egn01w.5468E+01,bad,0292e7d3523ad53d0a2fe3ad4a21016a85dc9f4d50d7ce8b2b13700011b0551d,False,True,0.605,-0.13611325917961153,0.005165070284625772,0.635,90.97507607901707,BAD,BAD_CONT_CROSS_WINDOW,BAD,BAD_CONT_CROSS_WINDOW,False,0.22077160151042105,3,0.02,6.41017839533282,False,BAD,BAD_CONT_CROSS_WINDOW,False,0.22077160151042105,3,0.02,6.41017839533282,False,BAD,BAD_AXIS_SPIKE,True,0.2141283698957896,1,0.01,3.125621393309039,False,BAD,BAD_AXIS_SPIKE,True,0.22077160151042105,3,0.02,6.41017839533282,False
nstxuE204669M03t025/N1/egn01w.5528E+01,bad,df54f2c4f2baeda1e369c7ac262c1134992eb53d01590bdeeafa75e17ed5e2b7,False,True,0.605,-0.1299349197185837,0.00636123462181932,0.635,93.90963277370645,BAD,BAD_CONT_CROSS_WINDOW,BAD,BAD_CONT_CROSS_WINDOW,False,0.2545918799861802,3,0.02,6.18654342288454,False,BAD,BAD_AXIS_SPIKE,True,0.23822968860878094,1,0.01,2.900650547601168,False,BAD,BAD_AXIS_SPIKE,True,0.23822968860878094,1,0.01,2.900650547601168,False,BAD,BAD_AXIS_SPIKE,True,0.2545918799861802,3,0.02,6.18654342288454,False
nstxuE204669M03t025/N1/egn01w.5586E+01,bad,047255a7778ec2df8864424d73f918fe8438464ae72cb119beb5516db09be6f0,False,True,0.6,-0.12396873532167405,0.007613352191669082,0.63,97.67955547401519,BAD,BAD_CONT_CROSS_WINDOW,BAD,BAD_CONT_CROSS_WINDOW,False,0.28999318734188473,3,0.02,5.950384742665504,False,BAD,BAD_AXIS_SPIKE,True,0.2616667642813403,1,0.01,2.656728431606014,False,BAD,BAD_AXIS_SPIKE,True,0.2616667642813403,1,0.01,2.656728431606014,False,BAD,BAD_AXIS_SPIKE,True,0.28999318734188473,3,0.02,5.950384742665504,False
nstxuE204669M03t025/N1/egn01w.5643E+01,bad,bc084c3a2b1abd3adb96689192c6be144c37c1438d9ba399c0f4b93c6747b257,False,True,0.6,-0.11827553405281677,0.008910880878945121,0.63,102.90089542544558,BAD,BAD_CONT_CROSS_WINDOW,BAD,BAD_CONT_CROSS_WINDOW,False,0.3272039276211337,3,0.02,5.703253044179063,False,BAD,BAD_AXIS_SPIKE,True,0.28477011980732675,1,0.01,2.5659491475127654,False,BAD,BAD_AXIS_SPIKE,True,0.28477011980732675,1,0.01,2.5659491475127654,False,BAD,BAD_AXIS_SPIKE,True,0.3272039276211337,3,0.02,5.703253044179063,False
nstxuE204669M03t025/N1/egn01w.5698E+01,bad,9b83142da08e8fa0ca69cccfab00a3ae1219be269cee84b580aadc2d2dcf5e7a,False,True,0.6,-0.11292012681825707,0.010225051102345142,0.63,104.80834747673092,BAD,BAD_CONT_CROSS_WINDOW,BAD,BAD_CONT_CROSS_WINDOW,False,0.36607949617152175,3,0.02,5.451839217456991,False,BAD,BAD_AXIS_SPIKE,True,0.30754590406370663,1,0.01,2.5086038883662787,False,BAD,BAD_AXIS_SPIKE,True,0.30754590406370663,1,0.01,2.5086038883662787,False,BAD,BAD_AXIS_SPIKE,True,0.36607949617152175,3,0.02,5.451839217456991,False
nstxuE204669M03t025/N1/egn01w.7162E+01,bad,fe6fe45b19d67e32773e00700af3a5b163a9a1a1e99ad161710565942f9dbc74,True,True,0.0,0.007314574273138117,0.7203500762185228,0.03,1.3696038327570257,BAD,BAD_GRID_SCALE_SPIKE,BAD,BAD_AXIS_SPIKE,True,1.0,2,0.03,1.7308287324842158,False,BAD,BAD_AXIS_SPIKE,True,1.0,2,0.03,1.7308287324842158,False,BAD,BAD_AXIS_SPIKE,True,1.0,2,0.03,1.7308287324842158,False,BAD,BAD_AXIS_SPIKE,True,1.0,2,0.03,1.7308287324842158,False
nstxuE204669M03t025/N1/egn01w.7318E+01,bad,2c8e7c81293638b82564bebed55eb89e174b7471f0e71038b94cc67790ef86c3,True,True,0.0,0.017995311281712566,0.5778261022937592,0.03,1.0759384384711523,BAD,BAD_GRID_SCALE_SPIKE,BAD,BAD_AXIS_SPIKE,True,1.0,2,0.03,1.2053817439981227,False,BAD,BAD_AXIS_SPIKE,True,1.0,2,0.03,1.2053817439981227,False,BAD,BAD_AXIS_SPIKE,True,1.0,2,0.03,1.2053817439981227,False,BAD,BAD_AXIS_SPIKE,True,1.0,2,0.03,1.2053817439981227,False
nstxuE204669M03t025/N1/egn01w.9104E+01,bad,c96e6c75c44b75eaeb1b6f58e9aa16d6dbbac312246341cd99fb09131782c2a7,False,True,0.015,0.11957220513112662,0.2221172565232507,0.015,9.86865368496317,BAD,BAD_GRID_SCALE_SPIKE,BAD,BAD_AXIS_SPIKE,True,0.7086424785882381,3,0.02,1.3441923300526992,False,BAD,BAD_AXIS_SPIKE,True,0.7086424785882381,3,0.02,1.3441923300526992,False,BAD,BAD_AXIS_SPIKE,True,0.7086424785882381,3,0.02,1.3441923300526992,False,BAD,BAD_AXIS_SPIKE,True,0.7086424785882381,3,0.02,1.3441923300526992,False
nstxuE204669M03t025/N1/egn01w.9754E+01,bad,5386ece781c1cfe2ae054e16cb24abeda8bd821a5f4f313bf3ef39a527b37fd1,False,True,0.020000000000000004,0.1493731408808878,0.30740515487375064,0.05,1.0659298969663833,BAD,BAD_GRID_SCALE_PACKET,BAD,BAD_GRID_SCALE_PACKET,False,0.5472951643401143,3,0.03,2.614246461310276,False,BAD,BAD_AXIS_SPIKE,True,0.5472951643401143,3,0.03,2.614246461310276,False,BAD,BAD_AXIS_SPIKE,True,0.5472951643401143,3,0.03,2.614246461310276,False,BAD,BAD_AXIS_SPIKE,True,0.5472951643401143,3,0.03,2.614246461310276,False
nstxuE204669M03t025/N1/egn01w.9800E+01,bad,afae561b968b961d35a9306692918f6f962c2f92460838c0d24e2e4919bbbf68,False,True,0.03,0.15137200583117616,0.2705660676043018,0.06,1.158420031239521,BAD,BAD_GRID_SCALE_PACKET,BAD,BAD_AXIS_SPIKE,True,0.7006516426806426,3,0.03,1.839041793455684,False,BAD,BAD_AXIS_SPIKE,True,0.7006516426806426,3,0.03,1.839041793455684,False,BAD,BAD_AXIS_SPIKE,True,0.7006516426806426,3,0.03,1.839041793455684,False,BAD,BAD_AXIS_SPIKE,True,0.7006516426806426,3,0.03,1.839041793455684,False
nstxuE204669M03t025/N1/egn01w.9851E+01,bad,488e1e8aa7952193ad9d7121cac3c69ccfb60ae144e0648b0ca6087bbd113499,False,True,0.03,0.15358879207215184,0.312487952294801,0.06,1.202788748922623,BAD,BAD_GRID_SCALE_SPIKE,BAD,BAD_GRID_SCALE_SPIKE,False,0.7810661196919234,3,0.03,2.340515896569188,False,BAD,BAD_GRID_SCALE_SPIKE,False,0.7810661196919234,3,0.03,2.340515896569188,False,BAD,BAD_GRID_SCALE_SPIKE,False,0.7810661196919234,3,0.03,2.340515896569188,False,BAD,BAD_AXIS_SPIKE,True,0.2803085270470342,3,0.02,7.515363580668204,False
nstxuE204669M03t025/N10/egn10w.3232E+02,bad,31e3de2d1bd46661f08d7d41c0185ac540fd8a73d2e65318e3f280cbbe64aa61,False,True,0.155,-0.46873974773444604,6.529582129150712e-05,0.005,1.093021750667949,BAD,BAD_GRID_SCALE_SPIKE,BAD,BAD_AXIS_SPIKE,True,1.0,21,0.005,1.3838315383968864,False,BAD,BAD_AXIS_SPIKE,True,1.0,21,0.005,1.3838315383968864,False,BAD,BAD_AXIS_SPIKE,True,1.0,21,0.005,1.3838315383968864,False,BAD,BAD_AXIS_SPIKE,True,1.0,21,0.005,1.3838315383968864,False
nstxuE204669M03t025/N10/egn10w.3354E+01,bad,2ba6d43d8089f38fe30dbce2215947cd01d480eb799a873802a17e74133483ea,False,True,0.155,-0.46682433447742094,0.002611192150004892,0.01,1.182352487839562,BAD,BAD_GRID_SCALE_SPIKE,BAD,BAD_AXIS_SPIKE,True,1.0,22,0.01,1.3383203835008994,False,BAD,BAD_AXIS_SPIKE,True,1.0,22,0.01,1.3383203835008994,False,BAD,BAD_AXIS_SPIKE,True,1.0,22,0.01,1.3383203835008994,False,BAD,BAD_AXIS_SPIKE,True,1.0,22,0.01,1.3383203835008994,False
nstxuE204669M03t025/N10/egn10w.3902E+01,bad,68031093fa81f0c2536aaa095c22f12e1bab82483e51cfe1ccf989a4ced0ccae,False,True,0.155,-0.35982781736848496,0.0003020766347456289,0.01,1.1789058179934637,BAD,BAD_GRID_SCALE_SPIKE,BAD,BAD_AXIS_SPIKE,True,1.0,22,0.01,1.3616866752661563,False,BAD,BAD_AXIS_SPIKE,True,1.0,22,0.01,1.3616866752661563,False,BAD,BAD_AXIS_SPIKE,True,1.0,22,0.01,1.3616866752661563,False,BAD,BAD_AXIS_SPIKE,True,1.0,22,0.01,1.3616866752661563,False
nstxuE204669M03t025/N10/egn10w.6956E+01,bad,36b4b13cea9f90da99d421f4b0af561d90d62097a5b1d9d3ca5bb135b38ad49a,False,True,0.10500000000000001,-0.018502411662558334,1.3532038304962891e-07,0.06,1.1442149527792238,BAD,BAD_GRID_SCALE_SPIKE,BAD,BAD_AXIS_SPIKE,True,0.23458902299201997,22,0.01,1.6671999163003353,False,BAD,BAD_AXIS_SPIKE,True,0.23458902299201997,22,0.01,1.6671999163003353,False,BAD,BAD_AXIS_SPIKE,True,0.23458902299201997,22,0.01,1.6671999163003353,False,BAD,BAD_AXIS_SPIKE,True,0.23458902299201997,22,0.01,1.6671999163003353,False
nstxuE204669M03t025/N10/egn10w.7320E+01,bad,654196f4372323927aa54125c83f797aedc6bb1f2fad5978e9adb14d35a4c6bb,False,True,0.04500000000000001,0.007150305601512219,0.3480390155369975,0.12,3.433810969633788,BAD,BAD_GRID_SCALE_SPIKE,BAD,BAD_GRID_SCALE_SPIKE,False,0.6691292595764474,22,0.02,4.54307456562593,False,BAD,BAD_GRID_SCALE_SPIKE,False,0.6691292595764474,22,0.02,4.54307456562593,False,BAD,BAD_AXIS_SPIKE,True,0.6691292595764474,22,0.02,4.54307456562593,False,BAD,BAD_AXIS_SPIKE,True,0.6691292595764474,22,0.02,4.54307456562593,False
nstxuE204669M03t025/N10/egn10w.7514E+01,bad,609a0d74f0c0283a789f1fbf9c2ce7f151f565e1fe4815e703e9de0acc49bdd8,False,True,0.024999999999999994,0.020018848644506152,0.5442305910052948,0.14,7.466621006356141,BAD,BAD_GRID_SCALE_SPIKE,BAD,BAD_GRID_SCALE_SPIKE,False,0.3055202557579359,22,0.025,4.89393157478678,False,BAD,BAD_GRID_SCALE_SPIKE,False,0.3055202557579359,22,0.025,4.89393157478678,False,BAD,BAD_AXIS_SPIKE,True,0.3055202557579359,22,0.025,4.89393157478678,False,BAD,BAD_AXIS_SPIKE,True,0.3055202557579359,22,0.025,4.89393157478678,False
nstxuE204669M03t025/N10/egn10w.8503E+01,bad,bb485c3926c6b60b3a724b252be8847e362cee574619fc0ba858e495af870118,False,True,0.525,0.07878166584084607,0.011318180373978252,0.6900000000000001,22.681266682820045,BAD,BAD_GRID_SCALE_SPIKE,BAD,BAD_AXIS_SPIKE,True,0.6300325363527022,22,0.01,1.6524902398454804,False,BAD,BAD_AXIS_SPIKE,True,0.6300325363527022,22,0.01,1.6524902398454804,False,BAD,BAD_AXIS_SPIKE,True,0.6300325363527022,22,0.01,1.6524902398454804,False,BAD,BAD_AXIS_SPIKE,True,0.6300325363527022,22,0.01,1.6524902398454804,False
nstxuE204669M03t025/N10/egn10w.9552E+01,bad,dfdc3bd67b55e1c25373fb780e10dc5f7a05bfe2fa72de299872f77790e0b656,False,True,0.14500000000000002,-0.022817877838037015,9.187537738651304e-08,0.015,1.7038773735489172,BAD,BAD_INTERIOR_UNRESOLVED_ENVELOPE,BAD,BAD_AXIS_SPIKE,True,1.0,21,0.015,1.6567680629746218,False,BAD,BAD_AXIS_SPIKE,True,1.0,21,0.015,1.6567680629746218,False,BAD,BAD_AXIS_SPIKE,True,1.0,21,0.015,1.6567680629746218,False,BAD,BAD_AXIS_SPIKE,True,1.0,21,0.015,1.6567680629746218,False
nstxuE204669M03t025/N2/egn02w.7610E+01,bad,e8e72609b7910f9116fbe4af44fd2da619f7d94ff43627d19ced004ee5f3e01e,False,True,0.0,-0.005136414021514408,0.5270842463937504,0.075,2.1560035791312546,BAD,BAD_GRID_SCALE_SPIKE,BAD,BAD_AXIS_SPIKE,True,0.37985471722991426,5,0.005,1.2393306036748424,False,BAD,BAD_AXIS_SPIKE,True,0.37985471722991426,5,0.005,1.2393306036748424,False,BAD,BAD_AXIS_SPIKE,True,0.37985471722991426,5,0.005,1.2393306036748424,False,BAD,BAD_AXIS_SPIKE,True,0.37985471722991426,5,0.005,1.2393306036748424,False
nstxuE204669M03t025/N2/egn02w.7702E+01,bad,0ec78497d2a05d300c53c6e792857be64f82e2c8a2402495d47e03987b3565da,True,True,0.0,0.001035570098318802,0.4053328528293748,0.04,1.2468127288289332,BAD,BAD_GRID_SCALE_SPIKE,BAD,BAD_AXIS_SPIKE,True,1.0,4,0.03,1.2768524353164044,False,BAD,BAD_AXIS_SPIKE,True,1.0,4,0.03,1.2768524353164044,False,BAD,BAD_AXIS_SPIKE,True,1.0,4,0.03,1.2768524353164044,False,BAD,BAD_AXIS_SPIKE,True,1.0,4,0.03,1.2768524353164044,False
nstxuE204669M03t025/N2/egn02w.7803E+01,bad,baf8914eeb19895461c8a91dff9a08942043a95c3370b5c7cdd3e9b1ff7173f8,False,True,0.025,0.0075430198275889294,0.29509260318365127,0.015,1.285500142237618,BAD,BAD_GRID_SCALE_PACKET,BAD,BAD_AXIS_SPIKE,True,1.0,4,0.015,1.5264964565363774,False,BAD,BAD_AXIS_SPIKE,True,1.0,4,0.015,1.5264964565363774,False,BAD,BAD_AXIS_SPIKE,True,1.0,4,0.015,1.5264964565363774,False,BAD,BAD_AXIS_SPIKE,True,1.0,4,0.015,1.5264964565363774,False
nstxuE204669M03t025/N2/egn02w.7847E+01,bad,81591570bd85c67ab0d4873568a6b4dded6aaec20a251b6beca2d888fe04d995,True,True,0.0049999999999999975,0.010298354160924372,0.21970390721775773,0.035,4.300980720208979,BAD,BAD_GRID_SCALE_PACKET,BAD,BAD_AXIS_SPIKE,True,0.7363908088592993,4,0.01,1.707839523862498,False,BAD,BAD_AXIS_SPIKE,True,0.7363908088592993,4,0.01,1.707839523862498,False,BAD,BAD_AXIS_SPIKE,True,1.0,4,0.02,4.5028489782000465,False,BAD,BAD_AXIS_SPIKE,True,1.0,4,0.02,4.5028489782000465,False
nstxuE204669M03t025/N2/egn02w.7927E+01,bad,52a5f2a762e8075ecfc5b0b9cfc51ec7c31b1f4b3ed4ed0fdcd714ee66ee2c98,True,True,0.010000000000000002,0.015337308631392474,0.2141395080804587,0.03,1.1426502658628621,BAD,BAD_GRID_SCALE_SPIKE,BAD,BAD_AXIS_SPIKE,True,1.0,4,0.03,1.1624621707991272,False,BAD,BAD_AXIS_SPIKE,True,1.0,4,0.03,1.1624621707991272,False,BAD,BAD_AXIS_SPIKE,True,1.0,4,0.03,1.1624621707991272,False,BAD,BAD_AXIS_SPIKE,True,1.0,4,0.03,1.1624621707991272,False
nstxuE204669M03t025/N2/egn02w.8168E+01,bad,a111fe72277596af137934bfe1c721ff5161f152a0bbe031a4c07e885be11a20,False,True,0.7100000000000001,0.017299456835171815,0.001144030834950554,0.785,63.113891399749185,BAD,BAD_GRID_SCALE_SPIKE,BAD,BAD_AXIS_SPIKE,True,0.5635027976682702,5,0.005,1.4585087759796844,False,BAD,BAD_AXIS_SPIKE,True,0.5635027976682702,5,0.005,1.4585087759796844,False,BAD,BAD_AXIS_SPIKE,True,0.5635027976682702,5,0.005,1.4585087759796844,False,BAD,BAD_AXIS_SPIKE,True,0.5635027976682702,5,0.005,1.4585087759796844,False
nstxuE204669M03t025/N2/egn02w.8249E+01,bad,8520c5cd4a54c19b3e4d3a9bd0932d0d6d89a766aab3aa0d4c82a4dfe94978a1,False,True,0.7100000000000001,0.012301656421710808,0.010465848653665044,0.785,67.63791266611341,BAD,BAD_GRID_SCALE_SPIKE,BAD,BAD_AXIS_SPIKE,True,0.5884093522120701,5,0.005,1.6845296858836827,False,BAD,BAD_AXIS_SPIKE,True,0.5884093522120701,5,0.005,1.6845296858836827,False,BAD,BAD_AXIS_SPIKE,True,0.5884093522120701,5,0.005,1.6845296858836827,False,BAD,BAD_AXIS_SPIKE,True,0.5884093522120701,5,0.005,1.6845296858836827,False
nstxuE204669M03t025/N2/egn02w.9006E+01,bad,a08071360794ef0a0712d26fc5a277cb8ac410ad255f8df8a51a32cc516db6d1,False,True,0.019999999999999997,-0.031201248225307513,0.38047669372751036,0.055,3.4967735477225856,BAD,BAD_GRID_SCALE_SPIKE,BAD,BAD_AXIS_SPIKE,True,0.3245328736763044,4,0.01,1.3169467801818675,False,BAD,BAD_AXIS_SPIKE,True,0.3245328736763044,4,0.01,1.3169467801818675,False,BAD,BAD_AXIS_SPIKE,True,0.9746898851628958,5,0.03,3.9043265407713417,False,BAD,BAD_AXIS_SPIKE,True,0.9746898851628958,5,0.03,3.9043265407713417,False
nstxuE204669M03t025/N2/egn02w.9225E+01,bad,50d8fe01fbae0122e1bfb377bee3badfaaf71348372d2df36c90f331b6fe64d8,False,True,0.03,-0.04277947347455485,0.13256523021431302,0.045,6.35865528521634,BAD,BAD_GRID_SCALE_SPIKE,BAD,BAD_GRID_SCALE_SPIKE,False,0.7205886343115055,5,0.03,8.330320155067227,False,BAD,BAD_GRID_SCALE_SPIKE,False,0.7205886343115055,5,0.03,8.330320155067227,False,BAD,BAD_GRID_SCALE_SPIKE,False,0.7205886343115055,5,0.03,8.330320155067227,False,BAD,BAD_AXIS_SPIKE,True,0.33719079899225207,3,0.025,5.450680083984567,False
nstxuE204669M03t025/N2/egn02w.9291E+01,bad,6ea1538d189de86a29fa113a76d5d4e141d1ca2ddb4bcc7bd0f732aa6f7d6b6e,False,True,0.024999999999999994,-0.046167911030697874,0.11478307445387821,0.05,6.341739200668108,BAD,BAD_GRID_SCALE_SPIKE,BAD,BAD_AXIS_SPIKE,True,0.4236852198146108,5,0.015,1.3818307856428773,False,BAD,BAD_AXIS_SPIKE,True,0.4236852198146108,5,0.015,1.3818307856428773,False,BAD,BAD_AXIS_SPIKE,True,0.4236852198146108,5,0.015,1.3818307856428773,False,BAD,BAD_AXIS_SPIKE,True,0.5411139907601958,5,0.025,9.431197250431744,False
nstxuE204669M03t025/N3/egn03w.7689E+01,bad,77563b5429ac0afde2271b7d471d912b227dd06933bc253ff2016c3002cc90eb,False,False,,,,0.025,1.0766685621300995,BAD,BAD_GRID_SCALE_SPIKE,BAD,BAD_AXIS_SPIKE,True,1.0,7,0.025,1.1881201222667455,False,BAD,BAD_AXIS_SPIKE,True,1.0,7,0.025,1.1881201222667455,False,BAD,BAD_AXIS_SPIKE,True,1.0,7,0.025,1.1881201222667455,False,BAD,BAD_AXIS_SPIKE,True,1.0,7,0.025,1.1881201222667455,False
nstxuE204669M03t025/N3/egn03w.7750E+01,bad,bb90ee7413df5922ef855302f23ff3904a08968ad47451484b1a1ccde1bf3a33,False,False,,,,0.02,1.080902201955436,BAD,BAD_GRID_SCALE_SPIKE,BAD,BAD_AXIS_SPIKE,True,1.0,7,0.02,1.2350985216879466,False,BAD,BAD_AXIS_SPIKE,True,1.0,7,0.02,1.2350985216879466,False,BAD,BAD_AXIS_SPIKE,True,1.0,7,0.02,1.2350985216879466,False,BAD,BAD_AXIS_SPIKE,True,1.0,7,0.02,1.2350985216879466,False
nstxuE204669M03t025/N3/egn03w.7867E+01,bad,c93452caf066452e1267fa883d2473acc979b9f549eb1bef8b6908474dd90539,False,False,,,,0.01,1.9157264739171447,BAD,BAD_INTERIOR_UNRESOLVED_ENVELOPE,BAD,BAD_INTERIOR_UNRESOLVED_ENVELOPE,False,1.0,7,0.01,2.7746596713968747,False,BAD,BAD_AXIS_SPIKE,True,1.0,7,0.01,2.7746596713968747,False,BAD,BAD_AXIS_SPIKE,True,1.0,7,0.01,2.7746596713968747,False,BAD,BAD_AXIS_SPIKE,True,1.0,7,0.01,2.7746596713968747,False
nstxuE204669M03t025/N3/egn03w.8010E+01,bad,8b7fef62497a24aadb9bce74e3d9a65ae022cff14c3e13369681da0d0d47ac70,False,False,,,,0.025,3.360043839515334,BAD,BAD_GRID_SCALE_SPIKE,BAD,BAD_GRID_SCALE_SPIKE,False,1.0,7,0.025,4.650428676952982,False,BAD,BAD_GRID_SCALE_SPIKE,False,1.0,7,0.025,4.650428676952982,False,BAD,BAD_AXIS_SPIKE,True,1.0,7,0.025,4.650428676952982,False,BAD,BAD_AXIS_SPIKE,True,1.0,7,0.025,4.650428676952982,False
nstxuE204669M03t025/N4/egn04w.1002E+02,bad,fbc899da8824dcefaf4a1b3cbe546f9feaceffac27e3694bf575cf130cbb671d,False,False,,,,0.13,1.3382402716538733,BAD,BAD_GRID_SCALE_SPIKE,BAD,BAD_GRID_SCALE_SPIKE,False,0.22973212139200067,8,0.025,2.960139196489636,False,BAD,BAD_AXIS_SPIKE,True,0.22973212139200067,8,0.025,2.960139196489636,False,BAD,BAD_AXIS_SPIKE,True,0.22973212139200067,8,0.025,2.960139196489636,False,BAD,BAD_AXIS_SPIKE,True,0.22973212139200067,8,0.025,2.960139196489636,False
nstxuE204669M03t025/N4/egn04w.7170E+01,bad,0083fa51ad273bd76183a61699040c6c38fb0d24637338f55a3076dcd1ad8990,False,False,,,,0.085,5.801842100070376,REVIEW,NO_GOOD_TEMPLATE,BAD,BAD_AXIS_SPIKE,True,0.21055511606085678,9,0.03,1.3088593854971617,False,BAD,BAD_AXIS_SPIKE,True,0.21055511606085678,9,0.03,1.3088593854971617,False,BAD,BAD_AXIS_SPIKE,True,0.21055511606085678,9,0.03,1.3088593854971617,False,BAD,BAD_AXIS_SPIKE,True,0.21055511606085678,9,0.03,1.3088593854971617,False
nstxuE204669M03t025/N4/egn04w.7212E+01,bad,a75430779d3dcc59af6a9ebb59c0f0db4447b73d0c93a853d040fd3d002311fd,False,False,,,,0.025,2.26231505450343,BAD,BAD_GRID_SCALE_SPIKE,BAD,BAD_AXIS_SPIKE,True,0.7521716033642124,9,0.005,1.9400588775650338,False,BAD,BAD_AXIS_SPIKE,True,1.0,9,0.025,2.68900319680515,False,BAD,BAD_AXIS_SPIKE,True,1.0,9,0.025,2.68900319680515,False,BAD,BAD_AXIS_SPIKE,True,1.0,9,0.025,2.68900319680515,False
nstxuE204669M03t025/N4/egn04w.7420E+01,bad,ce4fb6e2895e01acf38c4cb327cde2b902a91af339133c241f1a91ef5d3c4808,False,False,,,,0.03,3.6164499298947765,BAD,BAD_GRID_SCALE_SPIKE,BAD,BAD_GRID_SCALE_SPIKE,False,1.0,9,0.03,5.103710474791617,False,BAD,BAD_AXIS_SPIKE,True,0.7563260840247719,9,0.01,2.5984026503921314,False,BAD,BAD_AXIS_SPIKE,True,0.7563260840247719,9,0.01,2.5984026503921314,False,BAD,BAD_AXIS_SPIKE,True,1.0,9,0.03,5.103710474791617,False
nstxuE204669M03t025/N4/egn04w.8339E+01,bad,457c031f44e88d2df8d595e2e6590a657b632d4568b8b512d64f7fc4ffcb0ddb,False,False,,,,0.015,3.4125313134351325,BAD,BAD_GRID_SCALE_SPIKE,BAD,BAD_GRID_SCALE_SPIKE,False,1.0,9,0.015,4.7230211510061775,False,BAD,BAD_GRID_SCALE_SPIKE,False,1.0,9,0.015,4.7230211510061775,False,BAD,BAD_AXIS_SPIKE,True,1.0,9,0.015,4.7230211510061775,False,BAD,BAD_AXIS_SPIKE,True,1.0,9,0.015,4.7230211510061775,False
nstxuE204669M03t025/N4/egn04w.9176E+01,bad,1a319189bfa5e2dfc99cb53b32d537048de81a9d4118a5fbeb821b50df515e32,False,False,,,,0.01,1.1271840276239649,BAD,BAD_GRID_SCALE_SPIKE,BAD,BAD_AXIS_SPIKE,True,1.0,8,0.01,1.115769860238946,False,BAD,BAD_AXIS_SPIKE,True,1.0,8,0.01,1.115769860238946,False,BAD,BAD_AXIS_SPIKE,True,1.0,8,0.01,1.115769860238946,False,BAD,BAD_AXIS_SPIKE,True,1.0,8,0.01,1.115769860238946,False
nstxuE204669M03t025/N5/egn05w.7038E+01,bad,52b2d252023e19545ce0dda41f5340a8123bb2cf55a49484e3f67b607e9f2cf6,False,True,0.10500000000000001,0.01837074603984833,0.1995852613509224,0.03,1.850008603410131,BAD,BAD_GRID_SCALE_SPIKE,BAD,BAD_AXIS_SPIKE,True,0.8086528746415618,11,0.01,1.9854769609356848,False,BAD,BAD_AXIS_SPIKE,True,1.0,11,0.03,2.346146524781419,False,BAD,BAD_AXIS_SPIKE,True,1.0,11,0.03,2.346146524781419,False,BAD,BAD_AXIS_SPIKE,True,1.0,11,0.03,2.346146524781419,False
nstxuE204669M03t025/N5/egn05w.7888E+01,bad,fd79c72969b28996a3a77ae3d98c735efd6106063a289b3602249d87c877f653,False,True,0.115,0.07277468376027951,0.0006971263291915836,0.02,4.355416797629788,BAD,BAD_GRID_SCALE_SPIKE,BAD,BAD_GRID_SCALE_SPIKE,False,1.0,11,0.02,6.087185505956214,False,BAD,BAD_GRID_SCALE_SPIKE,False,1.0,11,0.02,6.087185505956214,False,BAD,BAD_GRID_SCALE_SPIKE,False,1.0,11,0.02,6.087185505956214,False,BAD,BAD_AXIS_SPIKE,True,1.0,11,0.02,6.087185505956214,False
nstxuE204669M03t025/N5/egn05w.9563E+01,bad,36861f352693b5e0403326e333e862151e3632dcd9d406edbe34dc01ed6f71d7,False,True,0.12000000000000001,0.15788493424234948,5.482831963737126e-06,0.015,1.7849082879550628,BAD,BAD_INTERIOR_UNRESOLVED_ENVELOPE,BAD,BAD_AXIS_SPIKE,True,1.0,10,0.015,1.3326985319872993,False,BAD,BAD_AXIS_SPIKE,True,1.0,10,0.015,1.3326985319872993,False,BAD,BAD_AXIS_SPIKE,True,1.0,10,0.015,1.3326985319872993,False,BAD,BAD_AXIS_SPIKE,True,1.0,10,0.015,1.3326985319872993,False
nstxuE204669M03t025/N6/egn06w.7503E+01,bad,6c2962e9224f732ca4af2daddc3294d0931ff3011376c9ff755d8862cf7e1e17,False,True,0.05499999999999999,0.00615663780743069,0.21348907102526643,0.1,6.643918770087293,BAD,BAD_GRID_SCALE_SPIKE,BAD,BAD_AXIS_SPIKE,True,0.8877565151268323,13,0.005,1.0242088212457472,False,BAD,BAD_AXIS_SPIKE,True,0.8877565151268323,13,0.005,1.0242088212457472,False,BAD,BAD_AXIS_SPIKE,True,0.8877565151268323,13,0.005,1.0242088212457472,False,BAD,BAD_AXIS_SPIKE,True,0.8877565151268323,13,0.005,1.0242088212457472,False
nstxuE204669M03t025/N7/egn07w.7397E+01,bad,4d7ec8571e5df9915d4eba752fab9924a852ff382a5f16158eb928f3858bbe4c,False,True,0.020000000000000004,-0.030876096717370065,0.5089492782325413,0.095,1.8724190753673624,BAD,BAD_GRID_SCALE_SPIKE,BAD,BAD_AXIS_SPIKE,True,0.2985876251044135,15,0.02,1.0698399118757722,False,BAD,BAD_AXIS_SPIKE,True,0.2985876251044135,15,0.02,1.0698399118757722,False,BAD,BAD_AXIS_SPIKE,True,0.2985876251044135,15,0.02,1.0698399118757722,False,BAD,BAD_AXIS_SPIKE,True,0.2985876251044135,15,0.02,1.0698399118757722,False
nstxuE204669M03t025/N8/egn08w.3282E+02,bad,2bef70e2c2947936b5dbf8ce8a8af07b9f7712d09feea9f86d7ad4190c2d0a6c,False,True,0.27499999999999997,0.6563376121479114,3.2972524048019974e-06,0.75,1.0754266505816013,BAD,BAD_GRID_SCALE_SPIKE,BAD,BAD_GRID_SCALE_SPIKE,False,0.7439514217898715,19,0.02,4.552859389064026,False,BAD,BAD_GRID_SCALE_SPIKE,False,0.7439514217898715,19,0.02,4.552859389064026,False,BAD,BAD_AXIS_SPIKE,True,0.7439514217898715,19,0.02,4.552859389064026,False,BAD,BAD_AXIS_SPIKE,True,0.7439514217898715,19,0.02,4.552859389064026,False
nstxuE204669M03t025/N9/egn09w.3101E+01,bad,048e80b7f63df28c9d569b58026bdaa57d9ff06f63cd4d5a08245234f5f86f8b,False,False,,,,0.005,1.5917774649700653,BAD,BAD_GRID_SCALE_SPIKE,BAD,BAD_AXIS_SPIKE,True,0.21209314239665827,18,0.005,1.9755912390749248,False,BAD,BAD_AXIS_SPIKE,True,1.0,20,0.005,2.181853692894742,False,BAD,BAD_AXIS_SPIKE,True,1.0,20,0.005,2.181853692894742,False,BAD,BAD_AXIS_SPIKE,True,1.0,20,0.005,2.181853692894742,False
nstxuE204669M03t025/N9/egn09w.3261E+02,bad,71fc1ffe82ec3c80617672e63dd3b8dc961c24cf40e7d6892d265b6f50695c13,False,False,,,,0.75,1.1168924194475904,BAD,BAD_GRID_SCALE_SPIKE,BAD,BAD_AXIS_SPIKE,True,1.0,21,0.005,1.1557869340460447,False,BAD,BAD_AXIS_SPIKE,True,1.0,21,0.005,1.1557869340460447,False,BAD,BAD_AXIS_SPIKE,True,1.0,21,0.005,1.1557869340460447,False,BAD,BAD_AXIS_SPIKE,True,1.0,21,0.005,1.1557869340460447,False
nstxuE204669M03t025/N9/egn09w.3299E+01,bad,b6cf8d6dbaff2bc2e7aed9b6b863b61ab68a868b46312748d515962340508f8f,False,False,,,,0.55,1.8469500051213172,BAD,BAD_GRID_SCALE_SPIKE,BAD,BAD_GRID_SCALE_SPIKE,False,0.7736084413906575,20,0.005,2.1593718086762768,False,BAD,BAD_AXIS_SPIKE,True,0.7736084413906575,20,0.005,2.1593718086762768,False,BAD,BAD_AXIS_SPIKE,True,0.7736084413906575,20,0.005,2.1593718086762768,False,BAD,BAD_AXIS_SPIKE,True,0.7736084413906575,20,0.005,2.1593718086762768,False
nstxuE204669M03t025/N9/egn09w.3319E+01,bad,9c4836a3067ed2bc207d3e9a64966cea3813ff51e1e38f596af3077d6ac11b9b,False,False,,,,0.555,2.318357127713533,BAD,BAD_GRID_SCALE_SPIKE,BAD,BAD_GRID_SCALE_SPIKE,False,0.8700014735304697,20,0.005,2.157032961271468,False,BAD,BAD_AXIS_SPIKE,True,0.8700014735304697,20,0.005,2.157032961271468,False,BAD,BAD_AXIS_SPIKE,True,0.8700014735304697,20,0.005,2.157032961271468,False,BAD,BAD_AXIS_SPIKE,True,0.8700014735304697,20,0.005,2.157032961271468,False
nstxuE204669M03t025/N9/egn09w.3359E+02,bad,488aec62253efc7adb0177eedda7bdfc4ee7161a35bcd517632bc5b2dfd53ff1,False,False,,,,0.005,1.0114679767675612,BAD,BAD_GRID_SCALE_SPIKE,BAD,BAD_AXIS_SPIKE,True,1.0,21,0.005,1.0942720566400763,False,BAD,BAD_AXIS_SPIKE,True,1.0,21,0.005,1.0942720566400763,False,BAD,BAD_AXIS_SPIKE,True,1.0,21,0.005,1.0942720566400763,False,BAD,BAD_AXIS_SPIKE,True,1.0,21,0.005,1.0942720566400763,False
nstxuE204669M03t025/N9/egn09w.3513E+01,bad,fd0450ec4097707f71c80f03543e461e01d4974dac30e7341664697cfce7cfb1,False,False,,,,0.005,1.5378584731300173,BAD,BAD_GRID_SCALE_SPIKE,BAD,BAD_AXIS_SPIKE,True,0.21224860792800085,18,0.005,1.998244840877149,False,BAD,BAD_AXIS_SPIKE,True,1.0,20,0.005,2.1336341044004525,False,BAD,BAD_AXIS_SPIKE,True,1.0,20,0.005,2.1336341044004525,False,BAD,BAD_AXIS_SPIKE,True,1.0,20,0.005,2.1336341044004525,False
nstxuE204669M03t025/N9/egn09w.3799E+01,bad,4ccc6d4d989fcf027abf5aabd6bf5679cdfca5ad358bec79cfb6a0b1edcdc8c6,False,False,,,,0.005,1.498469086019075,BAD,BAD_GRID_SCALE_SPIKE,BAD,BAD_GRID_SCALE_SPIKE,False,1.0,20,0.005,2.0965802960130198,False,BAD,BAD_AXIS_SPIKE,True,1.0,20,0.005,2.0965802960130198,False,BAD,BAD_AXIS_SPIKE,True,1.0,20,0.005,2.0965802960130198,False,BAD,BAD_AXIS_SPIKE,True,1.0,20,0.005,2.0965802960130198,False
nstxuE204669M03t025/N9/egn09w.4599E+01,bad,6508bd072462e7bdebade27bb559a1e808640f6c5bdabb33569c0376f0390451,False,False,,,,0.005,1.4257910879503544,BAD,BAD_GRID_SCALE_SPIKE,BAD,BAD_AXIS_SPIKE,True,1.0,20,0.005,1.9774385392900329,False,BAD,BAD_AXIS_SPIKE,True,1.0,20,0.005,1.9774385392900329,False,BAD,BAD_AXIS_SPIKE,True,1.0,20,0.005,1.9774385392900329,False,BAD,BAD_AXIS_SPIKE,True,1.0,20,0.005,1.9774385392900329,False
nstxuE204669M03t025/N9/egn09w.5601E+01,bad,4a3a76b7120fc2707df02e2349fff7f6c710d7c866d8e65f8152146e17364ccf,False,False,,,,0.005,1.3731652637589724,BAD,BAD_GRID_SCALE_SPIKE,BAD,BAD_AXIS_SPIKE,True,1.0,20,0.005,1.812770693397104,False,BAD,BAD_AXIS_SPIKE,True,1.0,20,0.005,1.812770693397104,False,BAD,BAD_AXIS_SPIKE,True,1.0,20,0.005,1.812770693397104,False,BAD,BAD_AXIS_SPIKE,True,1.0,20,0.005,1.812770693397104,False
nstxuE204669M03t025/N9/egn09w.6820E+01,bad,21b898a381f577912b55615c02d8658e0b4d375a41c8873725a17fa06bd40ef6,False,False,,,,0.185,1.873603759791781,BAD,BAD_GRID_SCALE_SPIKE,BAD,BAD_AXIS_SPIKE,True,0.9343487476097494,20,0.015,1.467502008096222,False,BAD,BAD_AXIS_SPIKE,True,0.9343487476097494,20,0.015,1.467502008096222,False,BAD,BAD_AXIS_SPIKE,True,0.9343487476097494,20,0.015,1.467502008096222,False,BAD,BAD_AXIS_SPIKE,True,0.9343487476097494,20,0.015,1.467502008096222,False
nstxuE204669M03t025/N9/egn09w.6853E+01,bad,6e48026b2fbd8d6a8ed92162740c199b0d624433265be2c1afd6aca959bb5373,False,False,,,,0.18,1.150414490038143,BAD,BAD_GRID_SCALE_SPIKE,BAD,BAD_GRID_SCALE_SPIKE,False,0.33719159080533223,20,0.015,2.7227958955342535,False,BAD,BAD_AXIS_SPIKE,True,0.33719159080533223,20,0.015,2.7227958955342535,False,BAD,BAD_AXIS_SPIKE,True,0.33719159080533223,20,0.015,2.7227958955342535,False,BAD,BAD_AXIS_SPIKE,True,0.33719159080533223,20,0.015,2.7227958955342535,False
nstxuE204669M03t025/N9/egn09w.7326E+01,bad,4ff367a94c2563f066902663705b978e861b9721a29cc6a6d2f415f8b0ef3ba7,False,False,,,,0.085,5.506566649862418,BAD,BAD_GRID_SCALE_SPIKE,BAD,BAD_AXIS_SPIKE,True,0.623155074084448,20,0.01,1.1437749584712857,False,BAD,BAD_AXIS_SPIKE,True,0.623155074084448,20,0.01,1.1437749584712857,False,BAD,BAD_AXIS_SPIKE,True,0.7348417719438083,20,0.025,3.0071355238137754,False,BAD,BAD_AXIS_SPIKE,True,0.7348417719438083,20,0.025,3.0071355238137754,False
nstxuE204669M03t025/N9/egn09w.7448E+01,bad,a2302e350e2f672de57271505ab33b249ee1027ae921d8782135e98dce1187fe,False,False,,,,0.01,1.0843748156120494,BAD,BAD_GRID_SCALE_SPIKE,BAD,BAD_AXIS_SPIKE,True,1.0,20,0.01,1.306023324290444,False,BAD,BAD_AXIS_SPIKE,True,1.0,20,0.01,1.306023324290444,False,BAD,BAD_AXIS_SPIKE,True,1.0,20,0.01,1.306023324290444,False,BAD,BAD_AXIS_SPIKE,True,1.0,20,0.01,1.306023324290444,False
nstxuE204669M03t025/N9/egn09w.8312E+01,bad,58f10090c529565f3bbe862fd15c8207e46fb862ec07b377e3e858bb8594f9ec,False,False,,,,0.03,5.306218627247976,BAD,BAD_GRID_SCALE_SPIKE,BAD,BAD_AXIS_SPIKE,True,0.5392319128073925,20,0.005,1.1846078316793909,False,BAD,BAD_AXIS_SPIKE,True,0.5392319128073925,20,0.005,1.1846078316793909,False,BAD,BAD_AXIS_SPIKE,True,0.5392319128073925,20,0.005,1.1846078316793909,False,BAD,BAD_AXIS_SPIKE,True,1.0,20,0.03,7.041647826047252,False
nstxuE204669M03t025/N9/egn09w.9372E+01,bad,e66f7be7326a9482e858e6feed26f6a137315bfcddc2f9fa4cf4dc6f7147b78f,False,False,,,,0.015,1.3712906544652557,BAD,BAD_INTERIOR_UNRESOLVED_ENVELOPE,BAD,BAD_AXIS_SPIKE,True,1.0,19,0.015,1.5533397390386734,False,BAD,BAD_AXIS_SPIKE,True,1.0,19,0.015,1.5533397390386734,False,BAD,BAD_AXIS_SPIKE,True,1.0,19,0.015,1.5533397390386734,False,BAD,BAD_AXIS_SPIKE,True,1.0,19,0.015,1.5533397390386734,False
nstxuE205052A01t022/N1/egn01w.1028E+02,bad,e2f1a241f39fb1952b84437b642f3fa689ccce269268fd6cd44866925838ebda,False,True,0.12000000000000001,0.0507944784733738,0.010260676833854173,0.02,1.5347754071683033,BAD,BAD_GRID_SCALE_SPIKE,BAD,BAD_GRID_SCALE_SPIKE,False,1.0,2,0.02,2.102471816569017,False,BAD,BAD_AXIS_SPIKE,True,1.0,2,0.02,2.102471816569017,False,BAD,BAD_AXIS_SPIKE,True,1.0,2,0.02,2.102471816569017,False,BAD,BAD_AXIS_SPIKE,True,1.0,2,0.02,2.102471816569017,False
nstxuE205052A01t022/N1/egn01w.1125E+02,bad,12d907ece4bfdbf06bd43b10407adc4a91677fcdb3bc22d45920b3d79ee1e839,False,True,0.125,0.09227051942122035,0.013349460746327983,0.015,1.8611474036571376,BAD,BAD_CONT_CROSS_WINDOW,BAD,BAD_AXIS_SPIKE,True,0.9990118083032216,1,0.015,1.7609359945477787,False,BAD,BAD_AXIS_SPIKE,True,1.0,2,0.015,2.655711201993933,False,BAD,BAD_AXIS_SPIKE,True,1.0,2,0.015,2.655711201993933,False,BAD,BAD_AXIS_SPIKE,True,1.0,2,0.015,2.655711201993933,False
nstxuE205052A01t022/N1/egn01w.1154E+02,bad,d47e9e4ae44309441215d1692ac2d4001f1aeb5a8fe9768301bcf0ddd46faaa8,False,True,0.125,0.10399539096950955,0.016891179931838574,0.015,1.904475744131121,BAD,BAD_GRID_SCALE_SPIKE,BAD,BAD_AXIS_SPIKE,True,0.6085139024756453,3,0.015,1.1091619633987342,False,BAD,BAD_AXIS_SPIKE,True,1.0,2,0.015,2.462305146167225,False,BAD,BAD_AXIS_SPIKE,True,1.0,2,0.015,2.462305146167225,False,BAD,BAD_AXIS_SPIKE,True,1.0,2,0.015,2.462305146167225,False
nstxuE205052A01t022/N1/egn01w.1164E+02,bad,713c79e5c0fdbfee6da367d437104f00854b264781e326fe5efa1b33ee659311,False,True,0.125,0.10765872331504356,0.016567855673912366,0.015,1.9044278712024159,BAD,BAD_GRID_SCALE_SPIKE,BAD,BAD_AXIS_SPIKE,True,0.48889476688183386,3,0.015,1.1591226409154172,False,BAD,BAD_AXIS_SPIKE,True,1.0,2,0.015,2.550823545295932,False,BAD,BAD_AXIS_SPIKE,True,1.0,2,0.015,2.550823545295932,False,BAD,BAD_AXIS_SPIKE,True,1.0,2,0.015,2.550823545295932,False
nstxuE205052A01t022/N1/egn01w.1174E+02,bad,da35ea89b582d0640f167111c5ee314189b67a9f55953cc68fd71ea12402a146,False,True,0.125,0.11158687253781123,0.01623243704590558,0.015,1.9643974708505074,BAD,BAD_GRID_SCALE_SPIKE,BAD,BAD_AXIS_SPIKE,True,0.43441523825128947,3,0.015,1.194812659578757,False,BAD,BAD_AXIS_SPIKE,True,1.0,2,0.015,2.6164393031441926,False,BAD,BAD_AXIS_SPIKE,True,1.0,2,0.015,2.6164393031441926,False,BAD,BAD_AXIS_SPIKE,True,1.0,2,0.015,2.6164393031441926,False
nstxuE205052A01t022/N1/egn01w.1185E+02,bad,c527bc899720175bca8049b6600f2fdd80b740cedabed88b37670c641167099e,False,True,0.125,0.11569192514661845,0.015675706488358494,0.015,2.023327453630612,BAD,BAD_GRID_SCALE_SPIKE,BAD,BAD_AXIS_SPIKE,True,0.43394286587137204,3,0.015,1.2214509036540244,False,BAD,BAD_AXIS_SPIKE,True,1.0,2,0.015,2.669100952629032,False,BAD,BAD_AXIS_SPIKE,True,1.0,2,0.015,2.669100952629032,False,BAD,BAD_AXIS_SPIKE,True,1.0,2,0.015,2.669100952629032,False
nstxuE205052A01t022/N1/egn01w.1194E+02,bad,7d19ef68f7109d183b4104da25d71bb35943d02d0efd5cdfcd14684ed79e0378,False,True,0.13,0.11910807000177129,0.008020089366955231,0.01,1.5342225443578679,BAD,BAD_GRID_SCALE_SPIKE,BAD,BAD_AXIS_SPIKE,True,1.0,1,0.01,1.3163607486067272,False,BAD,BAD_AXIS_SPIKE,True,1.0,1,0.01,1.3163607486067272,False,BAD,BAD_AXIS_SPIKE,True,1.0,1,0.01,1.3163607486067272,False,BAD,BAD_AXIS_SPIKE,True,1.0,1,0.01,1.3163607486067272,False
nstxuE205052A01t022/N1/egn01w.1196E+02,bad,d95f0b6671c304f15179d9822d22df89d68085258c473f5201fd5aadd33fbf7e,False,True,0.12000000000000001,0.11992309126858525,0.0154602539434537,0.02,2.1413532648971665,BAD,BAD_GRID_SCALE_SPIKE,BAD,BAD_GRID_SCALE_SPIKE,False,1.0,2,0.02,2.616725718518836,False,BAD,BAD_AXIS_SPIKE,True,1.0,2,0.02,2.616725718518836,False,BAD,BAD_AXIS_SPIKE,True,1.0,2,0.02,2.616725718518836,False,BAD,BAD_AXIS_SPIKE,True,1.0,2,0.02,2.616725718518836,False
nstxuE205052A01t022/N1/egn01w.1209E+02,bad,4a6e6e3ad488386eec27b7f195b54ad28e9e6076a377d3cbed8c2f6c9630b68e,False,True,0.125,0.12441729133378934,0.014809406560060162,0.015,2.1921808330140036,BAD,BAD_CONT_CROSS_WINDOW,BAD,BAD_AXIS_SPIKE,True,0.2627199562633985,3,0.015,1.275965509675693,False,BAD,BAD_AXIS_SPIKE,True,1.0,2,0.015,2.8260865716262122,False,BAD,BAD_AXIS_SPIKE,True,1.0,2,0.015,2.8260865716262122,False,BAD,BAD_AXIS_SPIKE,True,1.0,2,0.015,2.8260865716262122,False
nstxuE205052A01t022/N1/egn01w.1222E+02,bad,1ee82450bd601f8f9dd11f1538c43819ecdb1b1cb187ac47d80fb18a29523d3f,False,True,0.125,0.12905046706929246,0.014497494691339052,0.015,2.2488838760761305,BAD,BAD_CONT_CROSS_WINDOW,BAD,BAD_AXIS_SPIKE,True,0.26160522636841593,3,0.015,1.3056263350652078,False,BAD,BAD_AXIS_SPIKE,True,1.0,2,0.015,2.896048711621354,False,BAD,BAD_AXIS_SPIKE,True,1.0,2,0.015,2.896048711621354,False,BAD,BAD_AXIS_SPIKE,True,1.0,2,0.015,2.896048711621354,False
nstxuE205052A01t022/N1/egn01w.1235E+02,bad,d9a81f6a20990244f835183d8e49f067218ff6f4072f25950fbd9afabe424af9,False,True,0.125,0.13384525177447437,0.014587682975923234,0.015,2.3116716040588967,BAD,BAD_CONT_CROSS_WINDOW,BAD,BAD_AXIS_SPIKE,True,0.2525288617193284,3,0.015,1.3411287189558785,False,BAD,BAD_AXIS_SPIKE,True,1.0,2,0.015,2.9725576365161293,False,BAD,BAD_AXIS_SPIKE,True,1.0,2,0.015,2.9725576365161293,False,BAD,BAD_AXIS_SPIKE,True,1.0,2,0.015,2.9725576365161293,False
nstxuE205052A01t022/N1/egn01w.1249E+02,bad,011308e5d1cf7ba90db5662cc67786208ec243fa4829ebb0df0e9d380e7fb5f3,False,True,0.125,0.13879387550125205,0.015485867627679485,0.015,2.3817943255161436,BAD,BAD_CONT_CROSS_WINDOW,BAD,BAD_AXIS_SPIKE,True,0.2432654023009043,3,0.015,1.383463035609248,False,BAD,BAD_AXIS_SPIKE,True,0.2432654023009043,3,0.015,1.383463035609248,False,BAD,BAD_AXIS_SPIKE,True,1.0,2,0.015,3.0592130775904876,False,BAD,BAD_AXIS_SPIKE,True,1.0,2,0.015,3.0592130775904876,False
nstxuE205052A01t022/N1/egn01w.1264E+02,bad,23aa5a038e772bd16b3d072a2252f79a87717e58df74aec2544cd0a69e0686f2,False,True,0.125,0.14388757858445012,0.016421274939519007,0.015,2.457173059286645,BAD,BAD_CONT_CROSS_WINDOW,BAD,BAD_AXIS_SPIKE,True,0.2340782902822451,3,0.015,1.4334053787086427,False,BAD,BAD_AXIS_SPIKE,True,0.2340782902822451,3,0.015,1.4334053787086427,False,BAD,BAD_AXIS_SPIKE,True,1.0,2,0.02,3.145487259964743,False,BAD,BAD_AXIS_SPIKE,True,1.0,2,0.02,3.145487259964743,False
nstxuE205052A01t022/N1/egn01w.1280E+02,bad,b442742bfdce7aff3ac404575505c2a2410c6a6db222e45d09b1823db4730e1d,False,True,0.125,0.14911501750764591,0.01702801744835846,0.015,2.544776861054036,BAD,BAD_CONT_CROSS_WINDOW,BAD,BAD_AXIS_SPIKE,True,0.2255441853425999,3,0.015,1.4920112313197202,False,BAD,BAD_AXIS_SPIKE,True,0.2255441853425999,3,0.015,1.4920112313197202,False,BAD,BAD_AXIS_SPIKE,True,1.0,2,0.02,3.237614515457198,False,BAD,BAD_AXIS_SPIKE,True,1.0,2,0.02,3.237614515457198,False
nstxuE205052A01t022/N1/egn01w.1296E+02,bad,042047fd7f37200072eadea9bff343096c84211a69e83a4adad0f03de507875f,False,True,0.07500000000000001,0.1544654751958981,0.017651689152706606,0.065,9.677453127665137,BAD,BAD_CONT_CROSS_WINDOW,BAD,BAD_CONT_CROSS_WINDOW,False,1.0,2,0.02,3.334052743168931,False,BAD,BAD_AXIS_SPIKE,True,0.21927490815840106,3,0.015,2.9803656652453046,False,BAD,BAD_AXIS_SPIKE,True,1.0,2,0.02,3.334052743168931,False,BAD,BAD_AXIS_SPIKE,True,1.0,2,0.02,3.334052743168931,False
nstxuE205052A01t022/N1/egn01w.1313E+02,bad,7d835b05b0a65ab5f24095cec8880cffd828a3c4df8b6e5b0d06f8302e8946ca,False,True,0.07500000000000001,0.15992474780287205,0.018863925856671147,0.065,10.047129172724112,BAD,BAD_CONT_CROSS_WINDOW,BAD,BAD_AXIS_SPIKE,True,0.20326325790631133,3,0.025,1.417342342526804,False,BAD,BAD_AXIS_SPIKE,True,0.20326325790631133,3,0.025,1.417342342526804,False,BAD,BAD_AXIS_SPIKE,True,1.0,2,0.02,3.4362564939673925,False,BAD,BAD_AXIS_SPIKE,True,1.0,2,0.02,3.4362564939673925,False
nstxuE205052A01t022/N1/egn01w.1330E+02,bad,f95b19995b06354109b486e7368cf3a44990b093781ddfd6d1c459eb924fff22,False,True,0.07,0.16548118396939113,0.02102422189119283,0.07,10.33780948622079,BAD,BAD_CONT_CROSS_WINDOW,BAD,BAD_AXIS_SPIKE,True,0.21879205057410794,3,0.025,1.3446023938681522,False,BAD,BAD_AXIS_SPIKE,True,0.21879205057410794,3,0.025,1.3446023938681522,False,BAD,BAD_AXIS_SPIKE,True,1.0,2,0.02,3.5417396426038485,False,BAD,BAD_AXIS_SPIKE,True,1.0,2,0.02,3.5417396426038485,False
nstxuE205052A01t022/N1/egn01w.1349E+02,bad,236a5c8e64c11de89cf85c3189d48c5aefebc0c3cff6a90a3577b2759637b2b3,False,True,0.07,0.17111682515044738,0.024088762623446877,0.07,10.652509288129908,BAD,BAD_CONT_CROSS_WINDOW,BAD,BAD_AXIS_SPIKE,True,0.2404753622562279,3,0.025,1.263790968648549,False,BAD,BAD_AXIS_SPIKE,True,0.2404753622562279,3,0.025,1.263790968648549,False,BAD,BAD_AXIS_SPIKE,True,1.0,2,0.02,3.6553176776185388,False,BAD,BAD_AXIS_SPIKE,True,1.0,2,0.02,3.6553176776185388,False
nstxuE205052A01t022/N1/egn01w.1367E+02,bad,8914adbc36742c9118ed139aa248a0bd44c241d188316cb528e892c633a884eb,False,True,0.06500000000000002,0.17682088042245137,0.027722210532437015,0.075,10.948054518926996,BAD,BAD_CONT_CROSS_WINDOW,BAD,BAD_AXIS_SPIKE,True,0.26706662235782647,3,0.025,1.198936874885894,False,BAD,BAD_AXIS_SPIKE,True,0.26706662235782647,3,0.025,1.198936874885894,False,BAD,BAD_AXIS_SPIKE,True,1.0,2,0.02,3.7726735782235488,False,BAD,BAD_AXIS_SPIKE,True,1.0,2,0.02,3.7726735782235488,False
nstxuE205052A01t022/N1/egn01w.1387E+02,bad,8aadc6b964c1a314974ba561fee7b1ada7d0d97a5e3a48b1c97e86ce0fc2e8f2,False,True,0.06500000000000002,0.1825800048920339,0.031479203770114955,0.075,11.364875295271023,BAD,BAD_GRID_SCALE_PACKET,BAD,BAD_AXIS_SPIKE,True,0.29588575157243413,3,0.025,1.1465633462989115,False,BAD,BAD_AXIS_SPIKE,True,0.29588575157243413,3,0.025,1.1465633462989115,False,BAD,BAD_AXIS_SPIKE,True,0.983558994512865,2,0.02,3.892386633917827,False,BAD,BAD_AXIS_SPIKE,True,0.983558994512865,2,0.02,3.892386633917827,False
nstxuE205052A01t022/N1/egn01w.1407E+02,bad,ae998792c33661eb4a3a8a91c2ba651170a465b2feb2cb5b5e232ec9269e1ea3,False,True,0.06000000000000001,0.1883801126648023,0.03487804235956687,0.08,11.765778425529914,BAD,BAD_GRID_SCALE_PACKET,BAD,BAD_AXIS_SPIKE,True,0.3401305383289,3,0.025,1.0903651854794174,False,BAD,BAD_AXIS_SPIKE,True,0.3401305383289,3,0.025,1.0903651854794174,False,BAD,BAD_AXIS_SPIKE,True,0.9444946247886051,2,0.02,4.022329099220084,False,BAD,BAD_AXIS_SPIKE,True,0.9444946247886051,2,0.02,4.022329099220084,False
nstxuE205052A01t022/N1/egn01w.1427E+02,bad,01455fd36f3ead1cd44471427dcb981d8fdb06d84aceb5147665044db53d9ed7,False,True,0.05500000000000001,0.1942181441731874,0.03775912020998151,0.085,12.207427561561342,BAD,BAD_GRID_SCALE_SPIKE,BAD,BAD_AXIS_SPIKE,True,0.3912608860513993,3,0.025,1.0716682423076482,False,BAD,BAD_AXIS_SPIKE,True,0.3912608860513993,3,0.025,1.0716682423076482,False,BAD,BAD_AXIS_SPIKE,True,0.8969287075197584,2,0.02,4.143502682448136,False,BAD,BAD_AXIS_SPIKE,True,0.8969287075197584,2,0.02,4.143502682448136,False
nstxuE205052A01t022/N1/egn01w.1448E+02,bad,18b1b890105de33eec183abde4c6f086e20c89e7ff2a96aa796d5e4feeed8141,False,True,0.05500000000000001,0.2000867603822904,0.03929883950933619,0.085,12.54758043058433,BAD,BAD_GRID_SCALE_SPIKE,BAD,BAD_AXIS_SPIKE,True,0.5250288869059183,3,0.025,1.20451191721569,False,BAD,BAD_AXIS_SPIKE,True,0.5250288869059183,3,0.025,1.20451191721569,False,BAD,BAD_AXIS_SPIKE,True,0.7812518543348564,2,0.02,4.285451315544853,False,BAD,BAD_AXIS_SPIKE,True,0.7812518543348564,2,0.02,4.285451315544853,False
nstxuE205052A01t022/N1/egn01w.1470E+02,bad,26fdcfe115c5eb3a994ec190928d7eb4b2c7eff0a6130ecec9033f000a9144a5,False,True,0.42500000000000004,0.20599425706961544,0.04032608856886488,0.5650000000000001,92.48429343028775,BAD,BAD_GRID_SCALE_SPIKE,BAD,BAD_AXIS_SPIKE,True,0.6622413288121957,3,0.025,1.3183240208034055,False,BAD,BAD_AXIS_SPIKE,True,0.6622413288121957,3,0.025,1.3183240208034055,False,BAD,BAD_AXIS_SPIKE,True,0.8154142188351644,2,0.01,4.131377279341135,False,BAD,BAD_AXIS_SPIKE,True,0.8154142188351644,2,0.01,4.131377279341135,False
nstxuE205052A01t022/N1/egn01w.1492E+02,bad,236c13cdd47165d30f703eedbd26b5cf342fb8135a1e043ca01bc772ec5aa8c3,False,True,0.11500000000000002,0.2120130774171797,0.03799055792414205,0.025,1.3161355059667874,BAD,BAD_GRID_SCALE_SPIKE,BAD,BAD_AXIS_SPIKE,True,1.0,3,0.025,1.562922856867715,False,BAD,BAD_AXIS_SPIKE,True,1.0,3,0.025,1.562922856867715,False,BAD,BAD_AXIS_SPIKE,True,1.0,3,0.025,1.562922856867715,False,BAD,BAD_AXIS_SPIKE,True,1.0,3,0.025,1.562922856867715,False
nstxuE205052A01t022/N1/egn01w.1625E+02,bad,ae4f9efe26fa7400119935fcd9ea14c4c78803f6e7f9455ab23c3804ac89257b,False,True,0.11500000000000002,0.24497308525439793,0.055575102561153236,0.025,3.144238838109421,BAD,BAD_GRID_SCALE_SPIKE,BAD,BAD_AXIS_SPIKE,True,1.0,2,0.02,1.3579438653053075,False,BAD,BAD_AXIS_SPIKE,True,1.0,2,0.02,1.3579438653053075,False,BAD,BAD_AXIS_SPIKE,True,1.0,2,0.02,1.3579438653053075,False,BAD,BAD_AXIS_SPIKE,True,1.0,2,0.02,1.3579438653053075,False
nstxuE205052A01t022/N1/egn01w.1652E+02,bad,bbbb54925ac5d4bd5676e061a8c0e48ab074c7915654dc2d4e81e4525aeb04d1,False,True,0.12000000000000001,0.2509921120025578,0.05319888932780278,0.02,3.271456720970962,BAD,BAD_GRID_SCALE_SPIKE,BAD,BAD_AXIS_SPIKE,True,1.0,2,0.02,1.4863309715970467,False,BAD,BAD_AXIS_SPIKE,True,1.0,2,0.02,1.4863309715970467,False,BAD,BAD_AXIS_SPIKE,True,1.0,2,0.02,1.4863309715970467,False,BAD,BAD_AXIS_SPIKE,True,1.0,2,0.02,1.4863309715970467,False
nstxuE205052A01t022/N1/egn01w.1677E+02,bad,b33c5808ffda5567cf3b1d3087ea55b736fd6f87dcce528fe301a449ab97974f,False,True,0.12000000000000001,0.2567601532491048,0.05120472630781392,0.02,3.2137894781811878,BAD,BAD_GRID_SCALE_SPIKE,BAD,BAD_AXIS_SPIKE,True,1.0,2,0.02,1.5897372441573874,False,BAD,BAD_AXIS_SPIKE,True,1.0,2,0.02,1.5897372441573874,False,BAD,BAD_AXIS_SPIKE,True,1.0,2,0.02,1.5897372441573874,False,BAD,BAD_AXIS_SPIKE,True,1.0,2,0.02,1.5897372441573874,False
nstxuE205052A01t022/N1/egn01w.1703E+02,bad,22ece3fc70ae8f3f607ef4512e1bf861970a3a312312ee5e002a14a9c810975b,False,True,0.12000000000000001,0.26237803514201397,0.04948976065675218,0.02,3.1867534779036863,BAD,BAD_GRID_SCALE_SPIKE,BAD,BAD_AXIS_SPIKE,True,1.0,2,0.02,1.6771868787769137,False,BAD,BAD_AXIS_SPIKE,True,1.0,2,0.02,1.6771868787769137,False,BAD,BAD_AXIS_SPIKE,True,1.0,2,0.02,1.6771868787769137,False,BAD,BAD_AXIS_SPIKE,True,1.0,2,0.02,1.6771868787769137,False
nstxuE205052A01t022/N1/egn01w.1729E+02,bad,cdfb721cd551c3adb89f55d67456d6332a20bb4f2a64f6551db7def16f7d6277,False,True,0.12000000000000001,0.26787695277448476,0.047786082650773755,0.02,3.17873689021179,BAD,BAD_GRID_SCALE_SPIKE,BAD,BAD_AXIS_SPIKE,True,0.5976810279174719,3,0.025,1.635829199152411,False,BAD,BAD_AXIS_SPIKE,True,0.5976810279174719,3,0.025,1.635829199152411,False,BAD,BAD_AXIS_SPIKE,True,0.5976810279174719,3,0.025,1.635829199152411,False,BAD,BAD_AXIS_SPIKE,True,1.0,2,0.02,5.469613421647883,False
nstxuE205052A01t022/N1/egn01w.1754E+02,bad,e9f01d390a6028af12750fdf7ce471f1ec0ad435cac7fbf97895a80451c705f0,False,True,0.12000000000000001,0.27311945474416827,0.045074851542234694,0.02,3.120948903036896,BAD,BAD_GRID_SCALE_SPIKE,BAD,BAD_AXIS_SPIKE,True,1.0,2,0.02,1.5218690705020619,False,BAD,BAD_AXIS_SPIKE,True,1.0,2,0.02,1.5218690705020619,False,BAD,BAD_AXIS_SPIKE,True,1.0,2,0.02,1.5218690705020619,False,BAD,BAD_AXIS_SPIKE,True,1.0,2,0.02,1.5218690705020619,False
nstxuE205052A01t022/N1/egn01w.1780E+02,bad,dc4ba4749b17a36ff0f8b95da2dd3ea53db632606cb634c04b26b14a3d83a76d,False,True,0.12000000000000001,0.27845418096822977,0.04297446780838733,0.02,3.111019814372346,BAD,BAD_GRID_SCALE_SPIKE,BAD,BAD_AXIS_SPIKE,True,1.0,2,0.02,1.5815758029397213,False,BAD,BAD_AXIS_SPIKE,True,1.0,2,0.02,1.5815758029397213,False,BAD,BAD_AXIS_SPIKE,True,1.0,2,0.02,1.5815758029397213,False,BAD,BAD_AXIS_SPIKE,True,1.0,2,0.02,1.5815758029397213,False
nstxuE205052A01t022/N1/egn01w.9546E+01,bad,1780783fca4c31b564018901b3b9a6f3ad196fd722bb9c6aadcac0fc31b2da96,False,True,0.09500000000000001,0.014791634485627482,0.00012876899768851465,0.045,3.2277550958128853,BAD,BAD_GRID_SCALE_SPIKE,BAD,BAD_AXIS_SPIKE,True,0.6746973234253316,2,0.03,1.6810595313848833,False,BAD,BAD_AXIS_SPIKE,True,0.6746973234253316,2,0.03,1.6810595313848833,False,BAD,BAD_AXIS_SPIKE,True,0.6746973234253316,2,0.03,1.6810595313848833,False,BAD,BAD_AXIS_SPIKE,True,0.6746973234253316,2,0.03,1.6810595313848833,False
nstxuE205052A01t022/N1/egn01w.9878E+01,bad,667f8d57609c5f352d6738d473d4265eee046924737bc31845ec491ffc488e22,False,True,0.11000000000000001,0.03149082216549364,0.0015659248495609231,0.03,1.4674831189482762,BAD,BAD_GRID_SCALE_SPIKE,BAD,BAD_GRID_SCALE_SPIKE,False,1.0,2,0.03,2.129314612281556,False,BAD,BAD_AXIS_SPIKE,True,1.0,2,0.03,2.129314612281556,False,BAD,BAD_AXIS_SPIKE,True,1.0,2,0.03,2.129314612281556,False,BAD,BAD_AXIS_SPIKE,True,1.0,2,0.03,2.129314612281556,False
nstxuE205052A01t022/N10/egn10w.8025E+01,bad,db2e23686231396c4f0e65004052649de0b280e98aad3f2ece0f278bbed52085,False,True,0.15,-0.09789219681882422,6.691827876074368e-07,0.03,1.1859946522402,BAD,BAD_INTERIOR_UNRESOLVED_ENVELOPE,BAD,BAD_AXIS_SPIKE,True,1.0,16,0.03,1.5976485382649994,False,BAD,BAD_AXIS_SPIKE,True,1.0,16,0.03,1.5976485382649994,False,BAD,BAD_AXIS_SPIKE,True,1.0,16,0.03,1.5976485382649994,False,BAD,BAD_AXIS_SPIKE,True,1.0,16,0.03,1.5976485382649994,False
nstxuE205052A01t022/N10/egn10w.9457E+01,bad,391d7aa1ab33eef73bb9a8a0abcf7d3c9d7baa733fa54cf2bfabff771e9ef5f3,False,True,0.175,-0.011351966929085962,0.024877454004822105,0.005,1.0763750445914857,BAD,BAD_GRID_SCALE_SPIKE,BAD,BAD_AXIS_SPIKE,True,1.0,17,0.005,1.2014585668895572,False,BAD,BAD_AXIS_SPIKE,True,1.0,17,0.005,1.2014585668895572,False,BAD,BAD_AXIS_SPIKE,True,1.0,17,0.005,1.2014585668895572,False,BAD,BAD_AXIS_SPIKE,True,1.0,17,0.005,1.2014585668895572,False
nstxuE205052A01t022/N10/egn10w.9643E+01,bad,243216d6e6b5d4e025e6d49c9263ad04b3a1f3fca9e5ba280f437c16c785fad5,False,True,0.175,-0.0015297315057504724,0.024886158475066634,0.005,1.075931596517725,BAD,BAD_GRID_SCALE_SPIKE,BAD,BAD_AXIS_SPIKE,True,1.0,17,0.005,1.1911936893410056,False,BAD,BAD_AXIS_SPIKE,True,1.0,17,0.005,1.1911936893410056,False,BAD,BAD_AXIS_SPIKE,True,1.0,17,0.005,1.1911936893410056,False,BAD,BAD_AXIS_SPIKE,True,1.0,17,0.005,1.1911936893410056,False
nstxuE205052A01t022/N10/egn10w.9887E+01,bad,92bc21b8571e02951dce17b3b4fbb180c7dd25130b4b1eb9d1640d2f42bb3d7a,False,True,0.22000000000000003,0.2637678597803718,0.005104609318456681,0.6950000000000001,18.704892367084614,BAD,BAD_GRID_SCALE_SPIKE,BAD,BAD_AXIS_SPIKE,True,0.8529526642102264,17,0.005,1.1802333054224254,False,BAD,BAD_AXIS_SPIKE,True,0.8529526642102264,17,0.005,1.1802333054224254,False,BAD,BAD_AXIS_SPIKE,True,0.8529526642102264,17,0.005,1.1802333054224254,False,BAD,BAD_AXIS_SPIKE,True,0.8529526642102264,17,0.005,1.1802333054224254,False
nstxuE205052A01t022/N2/egn02w.1014E+02,bad,0f95fe88d45faacebd12b45b4832392c91b6c3356be4a60e25856aff50108f3b,False,True,0.225,0.05381991009172608,0.01361771724952956,0.01,1.5341670312776032,BAD,BAD_GRID_SCALE_SPIKE,BAD,BAD_AXIS_SPIKE,True,1.0,3,0.01,1.3610453432075835,False,BAD,BAD_AXIS_SPIKE,True,1.0,3,0.01,1.3610453432075835,False,BAD,BAD_AXIS_SPIKE,True,1.0,3,0.01,1.3610453432075835,False,BAD,BAD_AXIS_SPIKE,True,1.0,3,0.01,1.3610453432075835,False
nstxuE205052A01t022/N2/egn02w.1033E+02,bad,a6048e646d293b22a68d5bb32b36d25f8bc398417c4c99e639605601e21841ac,False,True,0.225,0.06269483111172337,0.017335668644105094,0.01,1.878264454385549,BAD,BAD_GRID_SCALE_SPIKE,BAD,BAD_AXIS_SPIKE,True,0.20686480706132795,4,0.015,1.5426490480206747,False,BAD,BAD_AXIS_SPIKE,True,1.0,3,0.01,2.2399842337779607,False,BAD,BAD_AXIS_SPIKE,True,1.0,3,0.01,2.2399842337779607,False,BAD,BAD_AXIS_SPIKE,True,1.0,3,0.01,2.2399842337779607,False
nstxuE205052A01t022/N2/egn02w.1133E+02,bad,81e2b9522211523b3f2890b1467d2014ea0c9fde430e602c7e0a6aac3f94c7f5,False,True,0.22000000000000003,0.10492243361366595,0.003916392659421832,0.015,2.4076288533881365,BAD,BAD_GRID_SCALE_SPIKE,BAD,BAD_GRID_SCALE_SPIKE,False,1.0,3,0.015,4.459395372362473,False,BAD,BAD_GRID_SCALE_SPIKE,False,1.0,3,0.015,4.459395372362473,False,BAD,BAD_AXIS_SPIKE,True,1.0,3,0.015,4.459395372362473,False,BAD,BAD_AXIS_SPIKE,True,1.0,3,0.015,4.459395372362473,False
nstxuE205052A01t022/N2/egn02w.1317E+02,bad,ba014ec5caa2dabcec1f428a0adf99812889fef61a4fee954287d704725c93ba,False,True,0.165,0.16977894054531903,0.06816822907553197,0.07,5.4051638384823395,BAD,BAD_CONT_CROSS_WINDOW,BAD,BAD_CONT_CROSS_WINDOW,False,0.4562738433281117,3,0.025,8.470293122244108,False,BAD,BAD_CONT_CROSS_WINDOW,False,0.4562738433281117,3,0.025,8.470293122244108,False,BAD,BAD_AXIS_SPIKE,True,0.2654125744437579,4,0.03,3.4392669582194326,False,BAD,BAD_AXIS_SPIKE,True,0.4562738433281117,3,0.025,8.470293122244108,False
nstxuE205052A01t022/N2/egn02w.1326E+02,bad,aab29a9d309f02e4d2b270fc28da5458f3fcdfc7316dac6c8156104971f5b591,False,True,0.16000000000000003,0.17275671931296088,0.08184110097356415,0.075,5.6892184342699865,BAD,BAD_CONT_CROSS_WINDOW,BAD,BAD_AXIS_SPIKE,True,0.20038596896128974,4,0.015,1.4871816358679841,False,BAD,BAD_AXIS_SPIKE,True,0.20038596896128974,4,0.015,1.4871816358679841,False,BAD,BAD_AXIS_SPIKE,True,0.20038596896128974,4,0.015,1.4871816358679841,False,BAD,BAD_AXIS_SPIKE,True,0.5425247068542877,3,0.025,9.628561691979282,False
nstxuE205052A01t022/N2/egn02w.1336E+02,bad,5eebebe55ddd84777e408a0f584e9dad1917d4382bf7999f725eac0af8969b03,False,True,0.15000000000000002,0.17565986936691358,0.10097094327485273,0.085,6.364820471867547,BAD,BAD_CONT_CROSS_WINDOW,BAD,BAD_AXIS_SPIKE,True,0.420584569158197,4,0.015,1.5901951169521855,False,BAD,BAD_AXIS_SPIKE,True,0.420584569158197,4,0.015,1.5901951169521855,False,BAD,BAD_AXIS_SPIKE,True,0.420584569158197,4,0.015,1.5901951169521855,False,BAD,BAD_AXIS_SPIKE,True,0.420584569158197,4,0.015,1.5901951169521855,False
nstxuE205052A01t022/N2/egn02w.1344E+02,bad,931aa2804934faa59b733ff5b5d03af09395422614460e8cc48202cfe71bf3cd,False,True,0.22000000000000003,0.1782563211165677,0.10711214901946663,0.015,9.592910732727793,BAD,BAD_CONT_CROSS_WINDOW,BAD,BAD_CONT_CROSS_WINDOW,False,1.0,3,0.02,14.503341976673179,False,BAD,BAD_AXIS_SPIKE,True,0.7947506917378047,4,0.015,2.7150851909310125,False,BAD,BAD_AXIS_SPIKE,True,0.7947506917378047,4,0.015,2.7150851909310125,False,BAD,BAD_AXIS_SPIKE,True,0.7947506917378047,4,0.015,2.7150851909310125,False
nstxuE205052A01t022/N2/egn02w.1352E+02,bad,c1df9ff864d33d22d33094db7308224a5ba589cbb9090473c71c74f5a4ed15ec,False,True,0.22000000000000003,0.1806758383256457,0.08710372322816501,0.015,13.04211681722827,BAD,BAD_CONT_CROSS_WINDOW,BAD,BAD_CONT_CROSS_WINDOW,False,0.9923566001767056,4,0.015,3.6357849293356828,False,BAD,BAD_AXIS_SPIKE,True,0.22923919390169073,2,0.01,2.2110203288708488,False,BAD,BAD_AXIS_SPIKE,True,0.9923566001767056,4,0.015,3.6357849293356828,False,BAD,BAD_AXIS_SPIKE,True,0.9923566001767056,4,0.015,3.6357849293356828,False
nstxuE205052A01t022/N2/egn02w.8524E+01,bad,a467db63fc29f45e3811f04b2cd18574b7ad077370eccb762e99bec74adb0fa6,False,True,0.20500000000000002,-0.0319687050159281,0.0300415396309155,0.03,1.9649256355576425,BAD,BAD_GRID_SCALE_SPIKE,BAD,BAD_GRID_SCALE_SPIKE,False,1.0,3,0.03,2.4043888624098715,False,BAD,BAD_AXIS_SPIKE,True,1.0,3,0.03,2.4043888624098715,False,BAD,BAD_AXIS_SPIKE,True,1.0,3,0.03,2.4043888624098715,False,BAD,BAD_AXIS_SPIKE,True,1.0,3,0.03,2.4043888624098715,False
nstxuE205052A01t022/N2/egn02w.8620E+01,bad,875665e12ce6f46c9a2b507202ecd3d47c2b0e07400f5c29fe30f68b70fa7191,False,True,0.21000000000000002,-0.02620073875089022,0.0024207450782391246,0.025,1.7348031506030612,BAD,BAD_GRID_SCALE_SPIKE,BAD,BAD_GRID_SCALE_SPIKE,False,1.0,3,0.025,2.2570576255281867,False,BAD,BAD_AXIS_SPIKE,True,1.0,3,0.025,2.2570576255281867,False,BAD,BAD_AXIS_SPIKE,True,1.0,3,0.025,2.2570576255281867,False,BAD,BAD_AXIS_SPIKE,True,1.0,3,0.025,2.2570576255281867,False
nstxuE205052A01t022/N2/egn02w.8671E+01,bad,e44a678a776054192e3c1bde68090d723095c5b23585896658850639e4f3c5f1,False,True,0.21500000000000002,-0.023174583743783346,0.006691666406106224,0.02,2.05402421755887,BAD,BAD_GRID_SCALE_SPIKE,BAD,BAD_AXIS_SPIKE,True,0.3133422471190961,5,0.025,1.8149464062635179,False,BAD,BAD_AXIS_SPIKE,True,1.0,3,0.02,2.331986629151977,False,BAD,BAD_AXIS_SPIKE,True,1.0,3,0.02,2.331986629151977,False,BAD,BAD_AXIS_SPIKE,True,1.0,3,0.02,2.331986629151977,False
nstxuE205052A01t022/N2/egn02w.8697E+01,bad,ba3762a474da1c3de33a419d8a1131cb84b586c3c5a5009a3c2b2ff259b3847c,False,True,0.21500000000000002,-0.021628490945020683,0.000489060034132952,0.02,1.7932898828050554,BAD,BAD_GRID_SCALE_SPIKE,BAD,BAD_AXIS_SPIKE,True,0.29198837829150115,5,0.025,1.7997526632938312,False,BAD,BAD_AXIS_SPIKE,True,1.0,3,0.02,2.321380662244959,False,BAD,BAD_AXIS_SPIKE,True,1.0,3,0.02,2.321380662244959,False,BAD,BAD_AXIS_SPIKE,True,1.0,3,0.02,2.321380662244959,False
nstxuE205052A01t022/N2/egn02w.8751E+01,bad,b92104a8d7d2c92c8d6ba29eea8cb5ebc6039f6744b63f6d246524537cf64f95,False,True,0.21500000000000002,-0.018470469870719354,0.008226775016021242,0.02,1.378974039824165,BAD,BAD_GRID_SCALE_SPIKE,BAD,BAD_AXIS_SPIKE,True,0.252885659580634,5,0.025,1.9580469966630092,False,BAD,BAD_AXIS_SPIKE,True,1.0,3,0.02,2.02844752537589,False,BAD,BAD_AXIS_SPIKE,True,1.0,3,0.02,2.02844752537589,False,BAD,BAD_AXIS_SPIKE,True,1.0,3,0.02,2.02844752537589,False
nstxuE205052A01t022/N2/egn02w.8805E+01,bad,618a8c626611ce176804dab66eb3aba3ed52fba003dffdcba4583ab6a338bb8d,False,True,0.21500000000000002,-0.015345999878871388,0.027595500913425983,0.02,1.3919688468219282,BAD,BAD_GRID_SCALE_SPIKE,BAD,BAD_AXIS_SPIKE,True,1.0,3,0.02,1.9652532670630798,False,BAD,BAD_AXIS_SPIKE,True,1.0,3,0.02,1.9652532670630798,False,BAD,BAD_AXIS_SPIKE,True,1.0,3,0.02,1.9652532670630798,False,BAD,BAD_AXIS_SPIKE,True,1.0,3,0.02,1.9652532670630798,False
nstxuE205052A01t022/N2/egn02w.8884E+01,bad,5ddda217e600a7704ec65fe50ae7a5c7374effe611795e7bd784392f6f0e9314,False,True,0.21500000000000002,-0.010834806399254241,0.003096909884239005,0.02,1.8472653513168773,BAD,BAD_GRID_SCALE_SPIKE,BAD,BAD_AXIS_SPIKE,True,0.29698052482833276,5,0.02,1.970044726032994,False,BAD,BAD_AXIS_SPIKE,True,1.0,3,0.02,2.23148110545555,False,BAD,BAD_AXIS_SPIKE,True,1.0,3,0.02,2.23148110545555,False,BAD,BAD_AXIS_SPIKE,True,1.0,3,0.02,2.23148110545555,False
nstxuE205052A01t022/N2/egn02w.9108E+01,bad,bf06f2a7e42a7633f9b8f48db049c14f89f122f3f6b0da142d6c7b035476560c,False,True,0.22000000000000003,0.0016596973158826101,0.050971018456564834,0.015,1.3808993646519714,BAD,BAD_GRID_SCALE_SPIKE,BAD,BAD_AXIS_SPIKE,True,1.0,3,0.015,1.9998223806673212,False,BAD,BAD_AXIS_SPIKE,True,1.0,3,0.015,1.9998223806673212,False,BAD,BAD_AXIS_SPIKE,True,1.0,3,0.015,1.9998223806673212,False,BAD,BAD_AXIS_SPIKE,True,1.0,3,0.015,1.9998223806673212,False
nstxuE205052A01t022/N2/egn02w.9240E+01,bad,7c804056fd0dbad430b834184ff4fc6fe1e90b8c5ff29bd5b62d3f919e77c1a0,False,True,0.22000000000000003,0.008827084456026093,0.03072120254426006,0.015,1.4952492824455452,BAD,BAD_GRID_SCALE_SPIKE,BAD,BAD_AXIS_SPIKE,True,1.0,3,0.015,1.9836547948062089,False,BAD,BAD_AXIS_SPIKE,True,1.0,3,0.015,1.9836547948062089,False,BAD,BAD_AXIS_SPIKE,True,1.0,3,0.015,1.9836547948062089,False,BAD,BAD_AXIS_SPIKE,True,1.0,3,0.015,1.9836547948062089,False
nstxuE205052A01t022/N2/egn02w.9495E+01,bad,eed2374e7d801d3012bb4b6cb8724bef2587cb261fe25573194cb8aeba9326b2,False,True,0.225,0.022242545237070272,0.033848591230637534,0.01,2.39014465799738,BAD,BAD_GRID_SCALE_SPIKE,BAD,BAD_AXIS_SPIKE,True,0.30984211608676604,5,0.015,1.3695129770335226,False,BAD,BAD_AXIS_SPIKE,True,1.0,3,0.01,2.934254547323486,False,BAD,BAD_AXIS_SPIKE,True,1.0,3,0.01,2.934254547323486,False,BAD,BAD_AXIS_SPIKE,True,1.0,3,0.01,2.934254547323486,False
nstxuE205052A01t022/N2/egn02w.9679E+01,bad,3ab44e18521d425b0669d0b0174faa43a98225acfde5302416b5a7c1ebf5242e,False,True,0.225,0.031573187365141975,0.019296287624105925,0.01,1.8138063268707156,BAD,BAD_GRID_SCALE_SPIKE,BAD,BAD_AXIS_SPIKE,True,1.0,3,0.01,1.782566053075313,False,BAD,BAD_AXIS_SPIKE,True,1.0,3,0.01,1.782566053075313,False,BAD,BAD_AXIS_SPIKE,True,1.0,3,0.01,1.782566053075313,False,BAD,BAD_AXIS_SPIKE,True,1.0,3,0.01,1.782566053075313,False
nstxuE205052A01t022/N3/egn03w.1083E+02,bad,69aeef704c13da50c60c7ff260be8b891e167e229956090bc3223bbfe3572de0,False,True,0.07999999999999999,0.1364397388372664,0.04113277749466042,0.07,11.69798103299165,REVIEW,NO_GOOD_TEMPLATE,BAD,BAD_AXIS_SPIKE,True,0.7390504568613203,5,0.01,1.4566277129889702,False,BAD,BAD_AXIS_SPIKE,True,0.7390504568613203,5,0.01,1.4566277129889702,False,BAD,BAD_AXIS_SPIKE,True,0.7390504568613203,5,0.01,1.4566277129889702,False,BAD,BAD_AXIS_SPIKE,True,0.7390504568613203,5,0.01,1.4566277129889702,False
nstxuE205052A01t022/N3/egn03w.1204E+02,bad,d95a8da6fd3915f0fa39a825040abcff0ea7860b3608df94d833f91318a64059,False,True,0.09,0.18081284742713538,0.17659674514797488,0.06,1.3487550283739727,BAD,BAD_GRID_SCALE_SPIKE,BAD,BAD_AXIS_SPIKE,True,1.0,4,0.01,1.274321062590857,False,BAD,BAD_AXIS_SPIKE,True,1.0,4,0.01,1.274321062590857,False,BAD,BAD_AXIS_SPIKE,True,1.0,4,0.01,1.274321062590857,False,BAD,BAD_AXIS_SPIKE,True,1.0,4,0.01,1.274321062590857,False
nstxuE205052A01t022/N3/egn03w.1233E+02,bad,8c1794a6f66636014836919b29c2b2ff8e09a7a9fadc983287c16bf107e7b06d,False,True,0.04999999999999999,0.19055404236269446,0.30504427547249996,0.1,2.7933116939733993,BAD,BAD_GRID_SCALE_SPIKE,BAD,BAD_AXIS_SPIKE,True,0.8452678066383791,4,0.03,1.1048573851580465,False,BAD,BAD_AXIS_SPIKE,True,0.8452678066383791,4,0.03,1.1048573851580465,False,BAD,BAD_AXIS_SPIKE,True,0.8452678066383791,4,0.03,1.1048573851580465,False,BAD,BAD_AXIS_SPIKE,True,0.8452678066383791,4,0.03,1.1048573851580465,False
nstxuE205052A01t022/N3/egn03w.1237E+02,bad,adb91268dc48bddec475f6861757760fe337e9b01aa71bbeeeb0d60418688028,False,True,0.04999999999999999,0.1919626705657762,0.20301874052695093,0.1,4.165831452971913,BAD,BAD_GRID_SCALE_SPIKE,BAD,BAD_AXIS_SPIKE,True,0.6197965662611132,6,0.02,1.2404629950739425,False,BAD,BAD_AXIS_SPIKE,True,0.6197965662611132,6,0.02,1.2404629950739425,False,BAD,BAD_AXIS_SPIKE,True,0.6227380030006014,4,0.025,3.1519114514119426,False,BAD,BAD_AXIS_SPIKE,True,0.6227380030006014,4,0.025,3.1519114514119426,False
nstxuE205052A01t022/N3/egn03w.1304E+02,bad,0895056942942af98af559a5ea0719eb046a68fb3b270771d8427e04453de792,False,True,0.009999999999999981,0.21301437293653167,0.2662637370642959,0.14,1.5196726893265955,BAD,BAD_GRID_SCALE_SPIKE,BAD,BAD_AXIS_SPIKE,True,0.799780517875612,4,0.02,1.9808705423729338,False,BAD,BAD_AXIS_SPIKE,True,0.799780517875612,4,0.02,1.9808705423729338,False,BAD,BAD_AXIS_SPIKE,True,0.799780517875612,4,0.02,1.9808705423729338,False,BAD,BAD_AXIS_SPIKE,True,0.799780517875612,4,0.02,1.9808705423729338,False
nstxuE205052A01t022/N3/egn03w.1315E+02,bad,e3d3791aa15193e80126cbc0413694f69c7d04e70d93897ff1e64b0bab0aafd3,False,True,0.014999999999999986,0.21612831369144078,0.2525908564928127,0.135,3.556514324428045,BAD,BAD_GRID_SCALE_SPIKE,BAD,BAD_AXIS_SPIKE,True,1.0,4,0.02,1.2667391306189761,False,BAD,BAD_AXIS_SPIKE,True,1.0,4,0.02,1.2667391306189761,False,BAD,BAD_AXIS_SPIKE,True,1.0,4,0.02,1.2667391306189761,False,BAD,BAD_AXIS_SPIKE,True,1.0,4,0.02,1.2667391306189761,False
nstxuE205052A01t022/N3/egn03w.1323E+02,bad,cd1da5a0d51bfaf54c55ea46b7889a6650502ac1cdbe09cfa71c72b7c0ee5957,False,True,0.13,0.2186355275236993,0.16832629449163486,0.02,1.5750831698519214,BAD,BAD_GRID_SCALE_SPIKE,BAD,BAD_AXIS_SPIKE,True,1.0,4,0.02,1.7579329861179938,False,BAD,BAD_AXIS_SPIKE,True,1.0,4,0.02,1.7579329861179938,False,BAD,BAD_AXIS_SPIKE,True,1.0,4,0.02,1.7579329861179938,False,BAD,BAD_AXIS_SPIKE,True,1.0,4,0.02,1.7579329861179938,False
nstxuE205052A01t022/N3/egn03w.1329E+02,bad,cbb67c9f5c4f4520eb2f31cec6f3b67bd590a668996bc40917fac8eb81c5d8f2,False,True,0.0,0.22041130591284055,0.1703131505800798,0.15,1.1359008989061503,BAD,BAD_GRID_SCALE_SPIKE,BAD,BAD_AXIS_SPIKE,True,1.0,4,0.015,1.2486882516389284,False,BAD,BAD_AXIS_SPIKE,True,1.0,4,0.015,1.2486882516389284,False,BAD,BAD_AXIS_SPIKE,True,1.0,4,0.015,1.2486882516389284,False,BAD,BAD_AXIS_SPIKE,True,1.0,4,0.015,1.2486882516389284,False
nstxuE205052A01t022/N3/egn03w.1357E+02,bad,3e45c54efd657838f3174de94dbf078725f28703111b22d2d07a361d06715533,False,True,0.13999999999999999,0.22848605381098253,0.0894356030287169,0.01,11.384278976610833,BAD,BAD_CONT_CROSS_WINDOW,BAD,BAD_AXIS_SPIKE,True,0.33287530264245924,6,0.015,1.9627733080524172,False,BAD,BAD_AXIS_SPIKE,True,0.33287530264245924,6,0.015,1.9627733080524172,False,BAD,BAD_AXIS_SPIKE,True,0.33287530264245924,6,0.015,1.9627733080524172,False,BAD,BAD_AXIS_SPIKE,True,0.33287530264245924,6,0.015,1.9627733080524172,False
nstxuE205052A01t022/N3/egn03w.6210E+01,bad,5328fd7c23aaf0473d2133f480ff1113258d2fc96e4036620ff18d2113f2d996,False,True,0.15499999999999997,0.0626291835315057,0.052468040419561886,0.625,41.83643695066046,BAD,BAD_GRID_SCALE_SPIKE,BAD,BAD_AXIS_SPIKE,True,0.6966590921584223,5,0.01,1.8287932213787876,False,BAD,BAD_AXIS_SPIKE,True,0.6966590921584223,5,0.01,1.8287932213787876,False,BAD,BAD_AXIS_SPIKE,True,0.6966590921584223,5,0.01,1.8287932213787876,False,BAD,BAD_AXIS_SPIKE,True,0.6966590921584223,5,0.01,1.8287932213787876,False
nstxuE205052A01t022/N3/egn03w.8396E+01,bad,e0c9086f3dfccad10325348bdc3c5ffd342c0259d638ae9e2155ec5036ea6ce8,False,True,0.12,0.019160595733126628,0.008984806717341195,0.03,2.0551342583950785,BAD,BAD_GRID_SCALE_SPIKE,BAD,BAD_GRID_SCALE_SPIKE,False,1.0,5,0.03,2.354707530774778,False,BAD,BAD_AXIS_SPIKE,True,1.0,5,0.03,2.354707530774778,False,BAD,BAD_AXIS_SPIKE,True,1.0,5,0.03,2.354707530774778,False,BAD,BAD_AXIS_SPIKE,True,1.0,5,0.03,2.354707530774778,False
nstxuE205052A01t022/N3/egn03w.8435E+01,bad,3766d4a65c3d84b78f7222475d3eab7ff21d86446150d3f5f1a10447b90859b0,False,True,0.12,0.0213955575734976,0.013998422731421897,0.03,1.5369353933437038,BAD,BAD_GRID_SCALE_SPIKE,BAD,BAD_GRID_SCALE_SPIKE,False,1.0,5,0.03,2.3564744900830403,False,BAD,BAD_AXIS_SPIKE,True,1.0,5,0.03,2.3564744900830403,False,BAD,BAD_AXIS_SPIKE,True,1.0,5,0.03,2.3564744900830403,False,BAD,BAD_AXIS_SPIKE,True,1.0,5,0.03,2.3564744900830403,False
nstxuE205052A01t022/N3/egn03w.8484E+01,bad,577a0861dcada9e690f36c60527ad678359358912bd512249aa18389c1ab9fdd,False,True,0.12,0.024279479017694266,0.019554605511622594,0.03,1.8312947687286794,BAD,BAD_GRID_SCALE_SPIKE,BAD,BAD_GRID_SCALE_SPIKE,False,1.0,5,0.03,2.1532045346198894,False,BAD,BAD_AXIS_SPIKE,True,1.0,5,0.03,2.1532045346198894,False,BAD,BAD_AXIS_SPIKE,True,1.0,5,0.03,2.1532045346198894,False,BAD,BAD_AXIS_SPIKE,True,1.0,5,0.03,2.1532045346198894,False
nstxuE205052A01t022/N3/egn03w.8535E+01,bad,ce44e00a2bde6b52c87e69520695fc59dc66ee086d71377265357cb073490bf4,False,True,0.125,0.02717027636954421,0.021575970016221094,0.025,1.7254767959064574,BAD,BAD_GRID_SCALE_SPIKE,BAD,BAD_GRID_SCALE_SPIKE,False,1.0,5,0.025,2.20301282960606,False,BAD,BAD_AXIS_SPIKE,True,1.0,5,0.025,2.20301282960606,False,BAD,BAD_AXIS_SPIKE,True,1.0,5,0.025,2.20301282960606,False,BAD,BAD_AXIS_SPIKE,True,1.0,5,0.025,2.20301282960606,False
nstxuE205052A01t022/N3/egn03w.8601E+01,bad,3c67545f701627fd06ee415e7bfb218cffba3c9cea062f3bcb6d3e01aaf4c56d,False,True,0.125,0.030931444582297435,0.035334465317192816,0.025,1.3293081611907418,BAD,BAD_GRID_SCALE_SPIKE,BAD,BAD_AXIS_SPIKE,True,1.0,5,0.025,1.9255664921902698,False,BAD,BAD_AXIS_SPIKE,True,1.0,5,0.025,1.9255664921902698,False,BAD,BAD_AXIS_SPIKE,True,1.0,5,0.025,1.9255664921902698,False,BAD,BAD_AXIS_SPIKE,True,1.0,5,0.025,1.9255664921902698,False
nstxuE205052A01t022/N3/egn03w.8668E+01,bad,0fd45795fc3e7bccee2d4f0679097311a2eb0ca749bcfa5bf873c4dcc66c7af0,False,True,0.125,0.03467508159693149,0.049720496407616256,0.025,1.853794167375017,BAD,BAD_GRID_SCALE_SPIKE,BAD,BAD_GRID_SCALE_SPIKE,False,1.0,5,0.025,2.163515750212995,False,BAD,BAD_AXIS_SPIKE,True,1.0,5,0.025,2.163515750212995,False,BAD,BAD_AXIS_SPIKE,True,1.0,5,0.025,2.163515750212995,False,BAD,BAD_AXIS_SPIKE,True,1.0,5,0.025,2.163515750212995,False
nstxuE205052A01t022/N3/egn03w.8758E+01,bad,8c94ba27f59c37465cdc2e719f12673605144223b2a239ff5b129efe041c26fa,False,True,0.13,0.03962654048309822,0.07011996472351195,0.02,1.4351155789373238,BAD,BAD_GRID_SCALE_SPIKE,BAD,BAD_GRID_SCALE_SPIKE,False,1.0,5,0.02,2.4236129071329904,False,BAD,BAD_AXIS_SPIKE,True,1.0,5,0.02,2.4236129071329904,False,BAD,BAD_AXIS_SPIKE,True,1.0,5,0.02,2.4236129071329904,False,BAD,BAD_AXIS_SPIKE,True,1.0,5,0.02,2.4236129071329904,False
nstxuE205052A01t022/N3/egn03w.8845E+01,bad,4c400dd8c25b113a31d1617fd60846a02dedece203fbf39c6792cc2feb79fd46,False,True,0.13,0.04439848417615451,0.049042238611839505,0.02,1.6329008229710804,BAD,BAD_GRID_SCALE_SPIKE,BAD,BAD_AXIS_SPIKE,True,1.0,5,0.02,1.9596298199059405,False,BAD,BAD_AXIS_SPIKE,True,1.0,5,0.02,1.9596298199059405,False,BAD,BAD_AXIS_SPIKE,True,1.0,5,0.02,1.9596298199059405,False,BAD,BAD_AXIS_SPIKE,True,1.0,5,0.02,1.9596298199059405,False
nstxuE205052A01t022/N3/egn03w.8965E+01,bad,f2510348b5e900c71e517d6cf644d98b66dc3179830e57f0686662a3bc1bb0e6,False,True,0.135,0.05079015872668062,0.04807005477891427,0.015,1.7939123458537927,BAD,BAD_GRID_SCALE_SPIKE,BAD,BAD_AXIS_SPIKE,True,0.22410528518347425,5,0.005,1.1046947380120966,False,BAD,BAD_AXIS_SPIKE,True,1.0,5,0.015,2.3469682418555617,False,BAD,BAD_AXIS_SPIKE,True,1.0,5,0.015,2.3469682418555617,False,BAD,BAD_AXIS_SPIKE,True,1.0,5,0.015,2.3469682418555617,False
nstxuE205052A01t022/N3/egn03w.9085E+01,bad,1343ecee0503593f2ff06869928e49d00091dc2eecc837a1a121768102002f73,False,True,0.135,0.05710194798169235,0.0818124463014955,0.015,1.0527959756406753,BAD,BAD_GRID_SCALE_SPIKE,BAD,BAD_AXIS_SPIKE,True,1.0,5,0.015,1.1959463075970134,False,BAD,BAD_AXIS_SPIKE,True,1.0,5,0.015,1.1959463075970134,False,BAD,BAD_AXIS_SPIKE,True,1.0,5,0.015,1.1959463075970134,False,BAD,BAD_AXIS_SPIKE,True,1.0,5,0.015,1.1959463075970134,False
nstxuE205052A01t022/N3/egn03w.9237E+01,bad,661127e199f3c5b051f06a9f214c7a28516b53f71323562cbbd87e87f6fe9480,False,True,0.135,0.06488962146049995,0.1420328495093903,0.015,1.0583210692681213,BAD,BAD_INTERIOR_UNRESOLVED_ENVELOPE,BAD,BAD_AXIS_SPIKE,True,1.0,5,0.015,1.233147225689512,False,BAD,BAD_AXIS_SPIKE,True,1.0,5,0.015,1.233147225689512,False,BAD,BAD_AXIS_SPIKE,True,1.0,5,0.015,1.233147225689512,False,BAD,BAD_AXIS_SPIKE,True,1.0,5,0.015,1.233147225689512,False
nstxuE205052A01t022/N3/egn03w.9381E+01,bad,67c8baba448cb9df5f3f4207165b722105f591215f55d97fcc144bdb9a79a6af,False,True,0.135,0.07206068012173134,0.22676709910889825,0.015,1.650655389656415,BAD,BAD_INTERIOR_UNRESOLVED_ENVELOPE,BAD,BAD_INTERIOR_UNRESOLVED_ENVELOPE,False,1.0,5,0.015,2.121726962627075,False,BAD,BAD_AXIS_SPIKE,True,1.0,5,0.015,2.121726962627075,False,BAD,BAD_AXIS_SPIKE,True,1.0,5,0.015,2.121726962627075,False,BAD,BAD_AXIS_SPIKE,True,1.0,5,0.015,2.121726962627075,False
nstxuE205052A01t022/N3/egn03w.9549E+01,bad,f10e947eb44776b3a8a6d9f78f697af84ec969c87e539182fe07c9ac4a71236d,False,True,0.09999999999999999,0.08028695800907897,0.15822382499600016,0.05,4.884633850194016,REVIEW,NO_GOOD_TEMPLATE,REVIEW,NO_GOOD_TEMPLATE,False,0.8477124607201255,5,0.02,3.1458637590703353,False,REVIEW,NO_GOOD_TEMPLATE,False,0.8477124607201255,5,0.02,3.1458637590703353,False,BAD,BAD_AXIS_SPIKE,True,0.8477124607201255,5,0.02,3.1458637590703353,False,BAD,BAD_AXIS_SPIKE,True,0.8477124607201255,5,0.02,3.1458637590703353,False
nstxuE205052A01t022/N3/egn03w.9808E+01,bad,83ba36dbdca1722896a825787906472a8f8d7234b99abce11771d14741c6fbb0,False,True,0.12,0.09252176974543748,0.15195668182489566,0.03,3.8930618731651494,REVIEW,NO_GOOD_TEMPLATE,REVIEW,NO_GOOD_TEMPLATE,False,1.0,5,0.03,5.056398999202698,False,REVIEW,NO_GOOD_TEMPLATE,False,1.0,5,0.03,5.056398999202698,False,REVIEW,NO_GOOD_TEMPLATE,False,1.0,5,0.03,5.056398999202698,False,BAD,BAD_AXIS_SPIKE,True,1.0,5,0.03,5.056398999202698,False
nstxuE205052A01t022/N3/egn03w.9958E+01,bad,d168a79229b8232b5f97b9fd0e42aec817f0b39d908a3a3acaeaec8c5044aab5,False,True,0.13999999999999999,0.09937193625899121,0.10935200451724283,0.01,1.7891183840563387,BAD,BAD_GRID_SCALE_SPIKE,BAD,BAD_GRID_SCALE_SPIKE,False,1.0,5,0.01,2.797886137898084,False,BAD,BAD_AXIS_SPIKE,True,1.0,5,0.01,2.797886137898084,False,BAD,BAD_AXIS_SPIKE,True,1.0,5,0.01,2.797886137898084,False,BAD,BAD_AXIS_SPIKE,True,1.0,5,0.01,2.797886137898084,False
nstxuE205052A01t022/N4/egn04w.1033E+02,bad,85f32e701495cf6b829508617e63a26e20b63234ebd31692d8f6be0f427babfb,False,True,0.11,0.03033393608771592,0.03840351867772678,0.015,1.15603618406784,BAD,BAD_GRID_SCALE_SPIKE,BAD,BAD_AXIS_SPIKE,True,1.0,7,0.015,1.4141877745900853,False,BAD,BAD_AXIS_SPIKE,True,1.0,7,0.015,1.4141877745900853,False,BAD,BAD_AXIS_SPIKE,True,1.0,7,0.015,1.4141877745900853,False,BAD,BAD_AXIS_SPIKE,True,1.0,7,0.015,1.4141877745900853,False
nstxuE205052A01t022/N4/egn04w.1120E+02,bad,75fb796928b7caa46e65608fa57d5fab0aec7ee461d6ab5a76b66bfe4ab25bd4,False,True,0.1,0.0685891807438609,0.23047361384656812,0.025,1.2468648934335338,BAD,BAD_GRID_SCALE_SPIKE,BAD,BAD_AXIS_SPIKE,True,1.0,7,0.025,1.4314943359290968,False,BAD,BAD_AXIS_SPIKE,True,1.0,7,0.025,1.4314943359290968,False,BAD,BAD_AXIS_SPIKE,True,1.0,7,0.025,1.4314943359290968,False,BAD,BAD_AXIS_SPIKE,True,1.0,7,0.025,1.4314943359290968,False
nstxuE205052A01t022/N4/egn04w.1125E+02,bad,5721cea28410df4242b2076fba74f3d6322e674bc7147a5f1f160973118f534b,False,True,0.1,0.07071610342957456,0.24631971073827214,0.025,1.8790004752099818,BAD,BAD_GRID_SCALE_SPIKE,BAD,BAD_AXIS_SPIKE,True,0.8503499532467144,6,0.025,1.1692251836196432,False,BAD,BAD_AXIS_SPIKE,True,0.8503499532467144,6,0.025,1.1692251836196432,False,BAD,BAD_AXIS_SPIKE,True,0.9304690629613112,7,0.025,3.5383319253524252,False,BAD,BAD_AXIS_SPIKE,True,0.9304690629613112,7,0.025,3.5383319253524252,False
nstxuE205052A01t022/N4/egn04w.9702E+01,bad,313ca867c33be8a5165799d39ad0a48c4a1ac1ef99610fdbecad919e51b17b0d,False,True,0.07,-0.0006899199840102249,0.19729855084350897,0.055,1.0982492111620932,BAD,BAD_GRID_SCALE_SPIKE,BAD,BAD_AXIS_SPIKE,True,1.0,6,0.025,1.2843887318455545,False,BAD,BAD_AXIS_SPIKE,True,1.0,6,0.025,1.2843887318455545,False,BAD,BAD_AXIS_SPIKE,True,1.0,6,0.025,1.2843887318455545,False,BAD,BAD_AXIS_SPIKE,True,1.0,6,0.025,1.2843887318455545,False
nstxuE205052A01t022/N4/egn04w.9744E+01,bad,b1244d70db1fce75d28122f33cdfe4838e31796f9f969658c600d50b0edd13a0,True,True,0.0050000000000000044,0.0014621495815142773,0.8443881205352679,0.12,6.589473897532416,BAD,BAD_GRID_SCALE_SPIKE,BAD,BAD_AXIS_SPIKE,True,0.2273017309397583,6,0.025,1.7879138374207362,False,BAD,BAD_AXIS_SPIKE,True,0.2273017309397583,6,0.025,1.7879138374207362,False,BAD,BAD_AXIS_SPIKE,True,0.2273017309397583,6,0.025,1.7879138374207362,False,BAD,BAD_AXIS_SPIKE,True,0.2273017309397583,6,0.025,1.7879138374207362,False
nstxuE205052A01t022/N4/egn04w.9789E+01,bad,7bf266a8f6ee160467b55f2bc0855d0c9d7a4786870fe171d5fca050ef6ae7d8,False,True,0.08499999999999999,0.003796595774514434,0.18633105630898308,0.04,1.0864641579823129,BAD,BAD_GRID_SCALE_SPIKE,BAD,BAD_AXIS_SPIKE,True,1.0,6,0.02,1.5309638374000545,False,BAD,BAD_AXIS_SPIKE,True,1.0,6,0.02,1.5309638374000545,False,BAD,BAD_AXIS_SPIKE,True,1.0,6,0.02,1.5309638374000545,False,BAD,BAD_AXIS_SPIKE,True,1.0,6,0.02,1.5309638374000545,False
nstxuE205052A01t022/N4/egn04w.9849E+01,bad,1a3391aeaa1b9bb60ce0e55cf1a5b09d35daa1eeaa2c6e4290ba8bc31bd91e9b,False,True,0.285,0.24332600901950724,0.0007256131073293883,0.745,37.47728556633727,REVIEW,NO_GOOD_TEMPLATE,REVIEW,NO_GOOD_TEMPLATE,False,0.22862757532219652,6,0.02,3.2195066817234954,False,REVIEW,NO_GOOD_TEMPLATE,False,0.22862757532219652,6,0.02,3.2195066817234954,False,BAD,BAD_AXIS_SPIKE,True,0.22862757532219652,6,0.02,3.2195066817234954,False,BAD,BAD_AXIS_SPIKE,True,0.22862757532219652,6,0.02,3.2195066817234954,False
nstxuE205052A01t022/N5/egn05w.1024E+02,bad,27d7763392e3c516ac08483035a460bc1d2b5850fe023a5347f78eab51c02f42,False,True,0.11499999999999999,0.04784968596937833,0.08351881704862078,0.125,9.323374128713713,REVIEW,NO_GOOD_TEMPLATE,BAD,BAD_AXIS_SPIKE,True,0.4328851012019383,8,0.005,1.3824656517711422,False,BAD,BAD_AXIS_SPIKE,True,0.4328851012019383,8,0.005,1.3824656517711422,False,BAD,BAD_AXIS_SPIKE,True,0.4328851012019383,8,0.005,1.3824656517711422,False,BAD,BAD_AXIS_SPIKE,True,0.4328851012019383,8,0.005,1.3824656517711422,False
nstxuE205052A01t022/N5/egn05w.1342E+02,bad,4e80db97fc5bf28c6df24e7290d5b8a570fcd37d378dc2ced73e1d36fef85bec,False,True,0.37499999999999994,0.28335905752644075,0.0005361212760698072,0.835,37.074024962180815,BAD,BAD_GRID_SCALE_SPIKE,BAD,BAD_AXIS_SPIKE,True,0.3542968641599662,7,0.03,1.3745894648447838,False,BAD,BAD_AXIS_SPIKE,True,0.3620545497560487,9,0.01,2.3239149834410138,False,BAD,BAD_AXIS_SPIKE,True,0.3620545497560487,9,0.01,2.3239149834410138,False,BAD,BAD_AXIS_SPIKE,True,0.3620545497560487,9,0.01,2.3239149834410138,False
nstxuE205052A01t022/N5/egn05w.1348E+02,bad,1c7970822a41b002b7dccf0104ebce9a9df58ff648af49726d10b55b1e37a464,False,True,0.06499999999999997,0.1701651983084923,0.30489201987091097,0.17500000000000002,22.37221103619063,BAD,BAD_GRID_SCALE_PACKET,BAD,BAD_GRID_SCALE_PACKET,False,0.5378963875992815,9,0.015,2.1968322183043876,False,BAD,BAD_AXIS_SPIKE,True,0.5378963875992815,9,0.015,2.1968322183043876,False,BAD,BAD_AXIS_SPIKE,True,0.5378963875992815,9,0.015,2.1968322183043876,False,BAD,BAD_AXIS_SPIKE,True,0.5378963875992815,9,0.015,2.1968322183043876,False
nstxuE205052A01t022/N5/egn05w.1358E+02,bad,2fa8e9bb0e64fbe40acbd1f122a8cecc74eff18c9c2186496f7c8af10932d18d,False,True,0.05499999999999999,0.1731935631558558,0.3872286645131361,0.185,22.60352288282362,BAD,BAD_GRID_SCALE_PACKET,BAD,BAD_GRID_SCALE_PACKET,False,0.2748686615793894,7,0.03,3.5307794415189413,False,BAD,BAD_GRID_SCALE_PACKET,False,0.2748686615793894,7,0.03,3.5307794415189413,False,BAD,BAD_AXIS_SPIKE,True,0.2748686615793894,7,0.03,3.5307794415189413,False,BAD,BAD_AXIS_SPIKE,True,0.2748686615793894,7,0.03,3.5307794415189413,False
nstxuE205052A01t022/N5/egn05w.1365E+02,bad,d8fd433e1e37f89f37cc1dcad3dc62a92ed56186854a067a421d474d0d9afe0d,False,True,0.04999999999999999,0.1752945751868764,0.35570128677371377,0.19,14.837959295815589,BAD,BAD_GRID_SCALE_PACKET,BAD,BAD_AXIS_SPIKE,True,0.2700159713813384,9,0.015,1.6591990277005642,False,BAD,BAD_AXIS_SPIKE,True,0.2700159713813384,9,0.015,1.6591990277005642,False,BAD,BAD_AXIS_SPIKE,True,0.28437758063408175,7,0.03,4.434930287252414,False,BAD,BAD_AXIS_SPIKE,True,0.28437758063408175,7,0.03,4.434930287252414,False
nstxuE205052A01t022/N5/egn05w.1372E+02,bad,93e8bf2ebff8d8d8782892bc3644e252a6e76f5bbfd6f2bd4e4753cee632b762,False,True,0.044999999999999984,0.1775383214475084,0.3259960444338242,0.195,11.10285403287448,BAD,BAD_GRID_SCALE_PACKET,BAD,BAD_GRID_SCALE_PACKET,False,0.3361420825924702,9,0.015,4.0773750204321235,False,BAD,BAD_AXIS_SPIKE,True,0.22294213869952198,7,0.01,2.4155679031934834,False,BAD,BAD_AXIS_SPIKE,True,0.3361420825924702,9,0.015,4.0773750204321235,False,BAD,BAD_AXIS_SPIKE,True,0.3361420825924702,9,0.015,4.0773750204321235,False
nstxuE205052A01t022/N5/egn05w.1380E+02,bad,005b3f29b55cc8fccbf7a8334a588b5f93da389356f219b0d3fb7a1bf45848a5,False,True,0.03999999999999998,0.17987687031580013,0.318901885314153,0.2,11.174066096486223,BAD,BAD_GRID_SCALE_PACKET,BAD,BAD_GRID_SCALE_PACKET,False,0.3782317116931302,9,0.015,4.05095926882882,False,BAD,BAD_GRID_SCALE_PACKET,False,0.3782317116931302,9,0.015,4.05095926882882,False,BAD,BAD_AXIS_SPIKE,True,0.3782317116931302,9,0.015,4.05095926882882,False,BAD,BAD_AXIS_SPIKE,True,0.3782317116931302,9,0.015,4.05095926882882,False
nstxuE205052A01t022/N5/egn05w.1745E+02,bad,1f70dab3fa7f32b7d5ba070beb8583a58b5993d31226e8ad59b6072e7eb5821a,False,True,0.51,0.12566826923942664,0.0003690703554457248,0.97,2.450498268926027,BAD,BAD_GRID_SCALE_SPIKE,BAD,BAD_AXIS_SPIKE,True,0.41712973287258687,8,0.01,1.3445159634969432,False,BAD,BAD_AXIS_SPIKE,True,0.41712973287258687,8,0.01,1.3445159634969432,False,BAD,BAD_AXIS_SPIKE,True,0.41712973287258687,8,0.01,1.3445159634969432,False,BAD,BAD_AXIS_SPIKE,True,0.41712973287258687,8,0.01,1.3445159634969432,False
nstxuE205052A01t022/N5/egn05w.8362E+01,bad,c6c9bd217cf0a6ce8469a9686511366ec7faa6d7b7718d08b7f471b41befcdbe,False,True,0.205,-0.05365464132858839,4.450661650250381e-07,0.035,1.098742345618439,BAD,BAD_GRID_SCALE_SPIKE,BAD,BAD_AXIS_SPIKE,True,0.8134729979977902,8,0.025,1.6218797667113816,False,BAD,BAD_AXIS_SPIKE,True,0.8134729979977902,8,0.025,1.6218797667113816,False,BAD,BAD_AXIS_SPIKE,True,0.8134729979977902,8,0.025,1.6218797667113816,False,BAD,BAD_AXIS_SPIKE,True,0.8134729979977902,8,0.025,1.6218797667113816,False
nstxuE205052A01t022/N5/egn05w.8685E+01,bad,147a2d136c50d81c57b2f8e1a488ff10107a07c182315d1215a49e13286db033,False,True,0.22499999999999998,-0.033900923382686514,0.001826312899705791,0.015,1.0352561833838896,BAD,BAD_GRID_SCALE_SPIKE,BAD,BAD_AXIS_SPIKE,True,1.0,8,0.015,1.1960717835899481,False,BAD,BAD_AXIS_SPIKE,True,1.0,8,0.015,1.1960717835899481,False,BAD,BAD_AXIS_SPIKE,True,1.0,8,0.015,1.1960717835899481,False,BAD,BAD_AXIS_SPIKE,True,1.0,8,0.015,1.1960717835899481,False
nstxuE205052A01t022/N5/egn05w.8767E+01,bad,3c694c4e83bf67e616288e63e73d4c5eb2fc1fc2e56ebc64f0efd81244a9dedf,False,True,0.05499999999999999,-0.029085784863693478,0.006743290057280985,0.185,1.1160217717844256,BAD,BAD_GRID_SCALE_SPIKE,BAD,BAD_AXIS_SPIKE,True,1.0,8,0.015,1.014429788982091,False,BAD,BAD_AXIS_SPIKE,True,1.0,8,0.015,1.014429788982091,False,BAD,BAD_AXIS_SPIKE,True,1.0,8,0.015,1.014429788982091,False,BAD,BAD_AXIS_SPIKE,True,1.0,8,0.015,1.014429788982091,False
nstxuE205052A01t022/N5/egn05w.9271E+01,bad,23b4b53cc8b816d8a811b8f3895b260f8d645a763faa72795ca206b732b66449,False,True,0.22999999999999998,-0.0007000805573396747,0.09913976998312024,0.01,1.0161296676162543,BAD,BAD_GRID_SCALE_PACKET,BAD,BAD_AXIS_SPIKE,True,1.0,8,0.01,1.0979859949628228,False,BAD,BAD_AXIS_SPIKE,True,1.0,8,0.01,1.0979859949628228,False,BAD,BAD_AXIS_SPIKE,True,1.0,8,0.01,1.0979859949628228,False,BAD,BAD_AXIS_SPIKE,True,1.0,8,0.01,1.0979859949628228,False
nstxuE205052A01t022/N5/egn05w.9349E+01,bad,b2144f2b4db7d8f1e0b9644c7f567b2c31a4cf80a3f1cca0a36c2f9f41056dd0,False,True,0.15499999999999997,0.003502169134810352,0.14837418611434147,0.085,7.540989115093244,BAD,BAD_GRID_SCALE_SPIKE,BAD,BAD_AXIS_SPIKE,True,0.5847363656481618,8,0.01,1.246850170113258,False,BAD,BAD_AXIS_SPIKE,True,0.5847363656481618,8,0.01,1.246850170113258,False,BAD,BAD_AXIS_SPIKE,True,0.5847363656481618,8,0.01,1.246850170113258,False,BAD,BAD_AXIS_SPIKE,True,0.5847363656481618,8,0.01,1.246850170113258,False
nstxuE205052A01t022/N5/egn05w.9548E+01,bad,2f44d047bb4c69fe496c49639ee1de63de2832bda9c99fe8d7569b00387ecfbe,False,True,0.135,0.0139510293688531,0.12152053571579169,0.105,7.302986624577351,BAD,BAD_GRID_SCALE_SPIKE,BAD,BAD_AXIS_SPIKE,True,0.6710063249830623,8,0.01,1.036159328262086,False,BAD,BAD_AXIS_SPIKE,True,0.6710063249830623,8,0.01,1.036159328262086,False,BAD,BAD_AXIS_SPIKE,True,0.6710063249830623,8,0.01,1.036159328262086,False,BAD,BAD_AXIS_SPIKE,True,0.6710063249830623,8,0.01,1.036159328262086,False
nstxuE205052A01t022/N5/egn05w.9593E+01,bad,a6eacc013212a2986e52934095e2979d8ccd7dd38ed1800740777d3e19eaa54e,False,True,0.26999999999999996,0.22472546033115545,0.001671619414564399,0.725,32.08395336253569,BAD,BAD_GRID_SCALE_SPIKE,BAD,BAD_AXIS_SPIKE,True,0.5782639169579962,8,0.01,1.029603555300558,False,BAD,BAD_AXIS_SPIKE,True,0.5782639169579962,8,0.01,1.029603555300558,False,BAD,BAD_AXIS_SPIKE,True,0.5782639169579962,8,0.01,1.029603555300558,False,BAD,BAD_AXIS_SPIKE,True,0.5782639169579962,8,0.01,1.029603555300558,False
nstxuE205052A01t022/N5/egn05w.9717E+01,bad,d67628862a50f0ae119c236524ce250ed67fb560cd6afde804691c2d430550b7,False,True,0.22999999999999998,0.02253955710366988,0.11102632886371736,0.01,1.010055817664323,BAD,BAD_GRID_SCALE_SPIKE,BAD,BAD_AXIS_SPIKE,True,1.0,8,0.01,1.0662360990981143,False,BAD,BAD_AXIS_SPIKE,True,1.0,8,0.01,1.0662360990981143,False,BAD,BAD_AXIS_SPIKE,True,1.0,8,0.01,1.0662360990981143,False,BAD,BAD_AXIS_SPIKE,True,1.0,8,0.01,1.0662360990981143,False
nstxuE205052A01t022/N6/egn06w.1163E+02,bad,eb2c87ebd26b401482cfa68642e68910c8648da97d230554d5a6ab91467db4d3,False,True,0.10500000000000001,0.15121303726986685,0.3388376054678933,0.165,10.550080469968737,BAD,BAD_GRID_SCALE_SPIKE,BAD,BAD_GRID_SCALE_SPIKE,False,0.6958445328739239,10,0.015,4.692168454261405,False,BAD,BAD_GRID_SCALE_SPIKE,False,0.6958445328739239,10,0.015,4.692168454261405,False,BAD,BAD_AXIS_SPIKE,True,0.6958445328739239,10,0.015,4.692168454261405,False,BAD,BAD_AXIS_SPIKE,True,0.6958445328739239,10,0.015,4.692168454261405,False
nstxuE205052A01t022/N6/egn06w.8721E+01,bad,d5c0d7aef80bd7f6ee2ce8b7f0b9c2326bd2ce5d0cd2223ed23280765c247f7b,False,True,0.22000000000000003,-0.0004191077500403563,0.05896892734515058,0.065,1.688773066242817,BAD,BAD_CONT_CROSS_WINDOW,BAD,BAD_AXIS_SPIKE,True,0.2622308406405736,10,0.03,1.1704904891137666,False,BAD,BAD_AXIS_SPIKE,True,0.2622308406405736,10,0.03,1.1704904891137666,False,BAD,BAD_AXIS_SPIKE,True,0.2622308406405736,10,0.03,1.1704904891137666,False,BAD,BAD_AXIS_SPIKE,True,0.2622308406405736,10,0.03,1.1704904891137666,False
nstxuE205052A01t022/N6/egn06w.8752E+01,bad,4653acd971615fe7399846840642b1c59fe6a48990758ec0902956000955c9b7,False,True,0.20500000000000002,0.001306837913997091,0.06849717022511714,0.08,1.4653888781211988,BAD,BAD_GRID_SCALE_SPIKE,BAD,BAD_AXIS_SPIKE,True,0.2811677958176695,10,0.025,1.3801196647903455,False,BAD,BAD_AXIS_SPIKE,True,0.2811677958176695,10,0.025,1.3801196647903455,False,BAD,BAD_AXIS_SPIKE,True,0.2811677958176695,10,0.025,1.3801196647903455,False,BAD,BAD_AXIS_SPIKE,True,0.2811677958176695,10,0.025,1.3801196647903455,False
nstxuE205052A01t022/N6/egn06w.8889E+01,good,7de54ea1a84e774f8186202dd160041d54c9df8b8c0acad03a8a44d68f6650b4,False,True,0.2,0.009047617255021163,0.09861462645231171,0.085,3.7105038178078114,REVIEW,NO_GOOD_TEMPLATE,REVIEW,NO_GOOD_TEMPLATE,False,0.27556130205508855,10,0.03,2.971148388118207,False,BAD,BAD_AXIS_SPIKE,True,0.27556130205508855,10,0.03,2.971148388118207,False,BAD,BAD_AXIS_SPIKE,True,0.27556130205508855,10,0.03,2.971148388118207,False,BAD,BAD_AXIS_SPIKE,True,0.27556130205508855,10,0.03,2.971148388118207,False
nstxuE205052A01t022/N6/egn06w.9086E+01,bad,c500bc8618fbc29645357072c89f4de9e0814c9abaed03d6e94043dd6b4f6072,False,True,0.22500000000000003,0.019873535380952087,0.10574520332207167,0.06,1.4031375653416334,BAD,BAD_GRID_SCALE_PACKET,BAD,BAD_AXIS_SPIKE,True,0.7201862837768366,10,0.02,1.2923056559038193,False,BAD,BAD_AXIS_SPIKE,True,0.7201862837768366,10,0.02,1.2923056559038193,False,BAD,BAD_AXIS_SPIKE,True,0.7201862837768366,10,0.02,1.2923056559038193,False,BAD,BAD_AXIS_SPIKE,True,0.7201862837768366,10,0.02,1.2923056559038193,False
nstxuE205052A01t022/N6/egn06w.9614E+01,bad,e0af725076a6ab635b499edf4afb6a232f07b0c1e7b55a2f0d945b925dc87608,False,True,0.26499999999999996,0.21867691316752724,0.0021253177933375027,0.72,26.177545301297123,BAD,BAD_GRID_SCALE_SPIKE,BAD,BAD_AXIS_SPIKE,True,0.370141195508685,10,0.03,1.6460844207184744,False,BAD,BAD_AXIS_SPIKE,True,0.370141195508685,10,0.03,1.6460844207184744,False,BAD,BAD_AXIS_SPIKE,True,0.370141195508685,10,0.03,1.6460844207184744,False,BAD,BAD_AXIS_SPIKE,True,0.370141195508685,10,0.03,1.6460844207184744,False
nstxuE205052A01t022/N6/egn06w.9880E+01,bad,9504a14469cee991a0698a387a70d91c3ae8018b70ee00cdc3f57991d456af7f,False,True,0.16500000000000004,0.06006120139143405,0.18525564788759985,0.12,7.659576759077244,REVIEW,NO_GOOD_TEMPLATE,REVIEW,NO_GOOD_TEMPLATE,False,0.3221191340458516,10,0.01,5.562161139485147,False,REVIEW,NO_GOOD_TEMPLATE,False,0.3221191340458516,10,0.01,5.562161139485147,False,REVIEW,NO_GOOD_TEMPLATE,False,0.3221191340458516,10,0.01,5.562161139485147,False,BAD,BAD_AXIS_SPIKE,True,0.3221191340458516,10,0.01,5.562161139485147,False
nstxuE205052A01t022/N7/egn07w.1398E+02,bad,c811998640979989a0a26c567895f81033ab456b624ecf14409d1df7d33c3866,False,True,0.31500000000000006,0.2894733595372954,0.0003340959178100199,0.81,25.972006257807532,BAD,BAD_GRID_SCALE_SPIKE,BAD,BAD_AXIS_SPIKE,True,0.6495173039631402,11,0.005,1.2228983815438104,False,BAD,BAD_AXIS_SPIKE,True,0.6495173039631402,11,0.005,1.2228983815438104,False,BAD,BAD_AXIS_SPIKE,True,0.6495173039631402,11,0.005,1.2228983815438104,False,BAD,BAD_AXIS_SPIKE,True,0.6495173039631402,11,0.005,1.2228983815438104,False
nstxuE205052A01t022/N7/egn07w.6909E+01,bad,34a577114057ec87d562988690be4fc68970935173cfa560da849d8db846bbf5,False,True,0.10499999999999998,0.14186880515223219,0.02440956533584203,0.6,16.638964867912676,BAD,BAD_GRID_SCALE_SPIKE,BAD,BAD_AXIS_SPIKE,True,0.23179183444649532,12,0.03,1.1128913867038723,False,BAD,BAD_AXIS_SPIKE,True,0.23179183444649532,12,0.03,1.1128913867038723,False,BAD,BAD_AXIS_SPIKE,True,0.4646000024509715,11,0.025,3.5988986563747263,False,BAD,BAD_AXIS_SPIKE,True,0.4646000024509715,11,0.025,3.5988986563747263,False
nstxuE205052A01t022/N8/egn08w.1007E+02,bad,e8e5726d8b131cc2843247d2634a3a94946771cd9f38bbf4b36fe662c3925d48,False,True,0.21000000000000002,0.03504125408509641,0.0015026927120621912,0.02,2.5289642482141343,BAD,BAD_GRID_SCALE_SPIKE,BAD,BAD_AXIS_SPIKE,True,0.2719323673483445,12,0.03,1.5868331113876297,False,BAD,BAD_AXIS_SPIKE,True,0.2719323673483445,12,0.03,1.5868331113876297,False,BAD,BAD_AXIS_SPIKE,True,0.2719323673483445,12,0.03,1.5868331113876297,False,BAD,BAD_AXIS_SPIKE,True,1.0,13,0.02,5.713475910971388,False
nstxuE205052A01t022/N8/egn08w.1125E+02,bad,ada8e93d940b6d4a2b2badd43aedaa9911ae6e7fc69b439479df945cca79d7e9,False,True,0.18,0.07945472511575001,0.0035470505271904735,0.035,1.7148142468101617,BAD,BAD_GRID_SCALE_SPIKE,BAD,BAD_GRID_SCALE_SPIKE,False,0.7763329309146914,12,0.03,2.4892252032772495,False,BAD,BAD_GRID_SCALE_SPIKE,False,0.7763329309146914,12,0.03,2.4892252032772495,False,BAD,BAD_AXIS_SPIKE,True,0.28206077624022313,13,0.025,3.5573633309996535,False,BAD,BAD_AXIS_SPIKE,True,0.28206077624022313,13,0.025,3.5573633309996535,False
nstxuE205052A01t022/N8/egn08w.1226E+02,bad,0ee4194e5e5966d7ae17f7f778b42242e08676bf41920232d13aa1fa5d65e5f8,False,True,0.195,0.03412597141597297,0.02321293685503213,0.02,1.3359893139036931,BAD,BAD_GRID_SCALE_SPIKE,BAD,BAD_AXIS_SPIKE,True,0.7738904553752345,14,0.005,1.942504523425111,False,BAD,BAD_AXIS_SPIKE,True,1.0,12,0.02,2.1307944495953626,False,BAD,BAD_AXIS_SPIKE,True,1.0,12,0.02,2.1307944495953626,False,BAD,BAD_AXIS_SPIKE,True,1.0,12,0.02,2.1307944495953626,False
nstxuE205052A01t022/N8/egn08w.7488E+01,bad,3d6fbb7d7f6e8491865accb012d2e74e36a0b925637be52f1c0fdbc8a21666ee,False,True,0.125,0.16300478718916384,0.018936915135680705,0.615,20.030171617273716,BAD,BAD_GRID_SCALE_SPIKE,BAD,BAD_AXIS_SPIKE,True,0.444399822750473,13,0.005,1.0009487763310687,False,BAD,BAD_AXIS_SPIKE,True,0.444399822750473,13,0.005,1.0009487763310687,False,BAD,BAD_AXIS_SPIKE,True,0.444399822750473,13,0.005,1.0009487763310687,False,BAD,BAD_AXIS_SPIKE,True,0.444399822750473,13,0.005,1.0009487763310687,False
nstxuE205052A01t022/N8/egn08w.8099E+01,bad,e4d7dfe2a5c42df706ece172695ffa5c1a79e3c99f51bd269b19cfa0684900b3,False,True,0.13,-0.0759728068653621,6.400189803445191e-05,0.1,1.1650175144430535,BAD,BAD_GRID_SCALE_SPIKE,BAD,BAD_AXIS_SPIKE,True,0.3124227308191672,13,0.02,1.398733950426415,False,BAD,BAD_AXIS_SPIKE,True,0.3124227308191672,13,0.02,1.398733950426415,False,BAD,BAD_AXIS_SPIKE,True,0.3124227308191672,13,0.02,1.398733950426415,False,BAD,BAD_AXIS_SPIKE,True,0.3124227308191672,13,0.02,1.398733950426415,False
nstxuE205052A01t022/N8/egn08w.8231E+01,bad,dc836724cfcd39573321e379dfa0e53fd0e699506cf09b1220ee06f0fb8e7543,False,True,0.165,-0.06732738070202597,0.00011647112978266151,0.065,1.2639390436238434,BAD,BAD_GRID_SCALE_SPIKE,BAD,BAD_GRID_SCALE_SPIKE,False,0.7046183576694098,13,0.02,4.158296216526091,False,BAD,BAD_GRID_SCALE_SPIKE,False,0.7046183576694098,13,0.02,4.158296216526091,False,BAD,BAD_AXIS_SPIKE,True,0.7046183576694098,13,0.02,4.158296216526091,False,BAD,BAD_AXIS_SPIKE,True,0.7046183576694098,13,0.02,4.158296216526091,False
nstxuE205052A01t022/N8/egn08w.8566E+01,bad,bec3a1ea796bc451eb7a6b163dbc774a05725e7c85783cd39943625794efa008,False,True,0.15000000000000002,-0.04621694341589751,0.00029474748395029584,0.08,3.883580032728104,BAD,BAD_GRID_SCALE_SPIKE,BAD,BAD_AXIS_SPIKE,True,0.3282457152944458,13,0.005,1.3920857159936173,False,BAD,BAD_AXIS_SPIKE,True,0.3282457152944458,13,0.005,1.3920857159936173,False,BAD,BAD_AXIS_SPIKE,True,0.3282457152944458,13,0.005,1.3920857159936173,False,BAD,BAD_AXIS_SPIKE,True,0.3282457152944458,13,0.005,1.3920857159936173,False
nstxuE205052A01t022/N8/egn08w.8772E+01,bad,1281dab120efa18cea6f6035a4f6bfa87d81ba3c1864b2671ff094e978ab27c0,False,True,0.14,-0.03385015531209797,0.04104210072403742,0.09,4.141620484059325,BAD,BAD_CONT_CROSS_WINDOW,BAD,BAD_CONT_CROSS_WINDOW,False,0.3558955243657597,13,0.01,2.034987648373408,False,BAD,BAD_AXIS_SPIKE,True,0.3558955243657597,13,0.01,2.034987648373408,False,BAD,BAD_AXIS_SPIKE,True,0.3558955243657597,13,0.01,2.034987648373408,False,BAD,BAD_AXIS_SPIKE,True,0.3558955243657597,13,0.01,2.034987648373408,False
nstxuE205052A01t022/N8/egn08w.9053E+01,bad,33cdd1370d8c7503101c1c5ce2fda7896173878f3808145dc42badcdd7ad6acc,False,True,0.20000000000000007,0.2387662106520168,0.002193949917726436,0.6900000000000001,15.790012017518729,REVIEW,NO_GOOD_TEMPLATE,BAD,BAD_AXIS_SPIKE,True,0.3234809971098751,13,0.005,1.3110644259939075,False,BAD,BAD_AXIS_SPIKE,True,0.3234809971098751,13,0.005,1.3110644259939075,False,BAD,BAD_AXIS_SPIKE,True,0.3234809971098751,13,0.005,1.3110644259939075,False,BAD,BAD_AXIS_SPIKE,True,0.3234809971098751,13,0.005,1.3110644259939075,False
nstxuE205052A01t022/N8/egn08w.9206E+01,bad,9a81980034bd7257fea3526dcb986453ed9d620e02899aff37e474f5a4687639,False,True,0.225,-0.009188149999828987,0.006653307552153781,0.005,1.1422703634941398,BAD,BAD_GRID_SCALE_SPIKE,BAD,BAD_AXIS_SPIKE,True,1.0,13,0.005,1.4373613746245344,False,BAD,BAD_AXIS_SPIKE,True,1.0,13,0.005,1.4373613746245344,False,BAD,BAD_AXIS_SPIKE,True,1.0,13,0.005,1.4373613746245344,False,BAD,BAD_AXIS_SPIKE,True,1.0,13,0.005,1.4373613746245344,False
nstxuE205052A01t022/N8/egn08w.9375E+01,bad,d102cac976e87d5f79834aed3da05aa64c07835edf64a6eee4e6f23627fb7f87,False,True,0.2,-7.017081783352857e-05,0.0016968774661809307,0.03,1.2082448855803716,BAD,BAD_GRID_SCALE_SPIKE,BAD,BAD_AXIS_SPIKE,True,1.0,13,0.03,1.7032362834979435,False,BAD,BAD_AXIS_SPIKE,True,1.0,13,0.03,1.7032362834979435,False,BAD,BAD_AXIS_SPIKE,True,1.0,13,0.03,1.7032362834979435,False,BAD,BAD_AXIS_SPIKE,True,1.0,13,0.03,1.7032362834979435,False
nstxuE205052A01t022/N8/egn08w.9624E+01,bad,7d506f60621aa729798a24fa850a56bb91ad11157e0bc6d94135238728c55a8f,False,True,0.21000000000000002,0.012938887921403797,5.163766159959462e-05,0.02,1.5377043869880425,BAD,BAD_GRID_SCALE_SPIKE,BAD,BAD_AXIS_SPIKE,True,0.27024289396934364,12,0.03,1.2614970506337224,False,BAD,BAD_AXIS_SPIKE,True,0.27024289396934364,12,0.03,1.2614970506337224,False,BAD,BAD_AXIS_SPIKE,True,1.0,13,0.02,4.942409511780481,False,BAD,BAD_AXIS_SPIKE,True,1.0,13,0.02,4.942409511780481,False
nstxuE205052A01t022/N9/egn09w.8945E+01,bad,9f20b19682c4842e7dc42428afd18a80d061d0a807d7b32a298a31dc257100c9,False,True,0.23,-0.003088165569677696,0.01412583623698646,0.04,1.4729264073172181,BAD,BAD_GRID_SCALE_SPIKE,BAD,BAD_GRID_SCALE_SPIKE,False,0.23078696288127237,15,0.03,5.353315530197531,False,BAD,BAD_GRID_SCALE_SPIKE,False,0.23078696288127237,15,0.03,5.353315530197531,False,BAD,BAD_GRID_SCALE_SPIKE,False,0.23078696288127237,15,0.03,5.353315530197531,False,BAD,BAD_AXIS_SPIKE,True,0.23078696288127237,15,0.03,5.353315530197531,False
nstxuE205052A01t022/N9/egn09w.9117E+01,bad,f354efdcf3ff186d453aa2e2fbcdb7ce9da0a04018344baea120a99641a8e3bb,False,True,0.24500000000000002,0.006426249522405552,0.0003720251925812012,0.025,1.8032856801322785,BAD,BAD_GRID_SCALE_SPIKE,BAD,BAD_AXIS_SPIKE,True,1.0,14,0.025,1.6779784509154343,False,BAD,BAD_AXIS_SPIKE,True,1.0,14,0.025,1.6779784509154343,False,BAD,BAD_AXIS_SPIKE,True,1.0,14,0.025,1.6779784509154343,False,BAD,BAD_AXIS_SPIKE,True,1.0,14,0.025,1.6779784509154343,False
nstxuE205052A01t022/N9/egn09w.9642E+01,bad,23e18ed219694fbff057ec99af9b27a0d0e0c2689a182e6689a167fa67534bb3,False,True,0.255,0.03384698582210323,0.0005448031322248035,0.015,1.9687144329425268,BAD,BAD_GRID_SCALE_SPIKE,BAD,BAD_AXIS_SPIKE,True,0.3877203154986976,16,0.015,1.3071873653374442,False,BAD,BAD_AXIS_SPIKE,True,1.0,15,0.015,2.229364233446864,False,BAD,BAD_AXIS_SPIKE,True,1.0,15,0.015,2.229364233446864,False,BAD,BAD_AXIS_SPIKE,True,1.0,15,0.015,2.229364233446864,False
nstxuG121123B12/N10/egn10w.1304E+02,bad,aaf98021d47a3415531cf89f98f40d93ad917e74050e246a4829a290256f055b,False,True,0.16,-0.2077076120428544,1.436820579502575e-05,0.01,1.9053099273069738,BAD,BAD_GRID_SCALE_SPIKE,BAD,BAD_GRID_SCALE_SPIKE,False,1.0,12,0.01,2.05044131963687,False,BAD,BAD_AXIS_SPIKE,True,1.0,12,0.01,2.05044131963687,False,BAD,BAD_AXIS_SPIKE,True,1.0,12,0.01,2.05044131963687,False,BAD,BAD_AXIS_SPIKE,True,1.0,12,0.01,2.05044131963687,False
nstxuG121123B12/N10/egn10w.1490E+02,bad,2d2655aa959f78d2efc44d32268b2ccbfaa68ef1cd5b7ed93683239123c66dad,False,True,0.16,-0.12959323377843363,0.0005012508073800486,0.01,1.709788645043516,BAD,BAD_GRID_SCALE_SPIKE,BAD,BAD_AXIS_SPIKE,True,1.0,12,0.01,1.921029818555857,False,BAD,BAD_AXIS_SPIKE,True,1.0,12,0.01,1.921029818555857,False,BAD,BAD_AXIS_SPIKE,True,1.0,12,0.01,1.921029818555857,False,BAD,BAD_AXIS_SPIKE,True,1.0,12,0.01,1.921029818555857,False
nstxuG121123B12/N10/egn10w.1766E+02,bad,67f86d7e14a00d4db5d46054fdf35fc117b1ab9fe94c1f39919c75fb641d6d98,False,True,0.07,-0.1654904149824375,0.059570077091897974,0.015,3.7505926305520076,BAD,BAD_GRID_SCALE_SPIKE,BAD,BAD_GRID_SCALE_SPIKE,False,1.0,12,0.015,4.014916174975329,False,BAD,BAD_GRID_SCALE_SPIKE,False,1.0,12,0.015,4.014916174975329,False,BAD,BAD_AXIS_SPIKE,True,1.0,12,0.015,4.014916174975329,False,BAD,BAD_AXIS_SPIKE,True,1.0,12,0.015,4.014916174975329,False
nstxuG121123B12/N10/egn10w.3831E+02,bad,834f141d00d41da58ad153770c09a55ac08adae17ff9b5836a3f6e771a9039f5,False,True,0.07500000000000001,-0.11666761015032145,0.18255045168858866,0.01,2.10231519168398,BAD,BAD_GRID_SCALE_SPIKE,BAD,BAD_AXIS_SPIKE,True,0.7864187173293844,11,0.01,1.5510629231976811,False,BAD,BAD_AXIS_SPIKE,True,1.0,12,0.005,2.498360161892993,False,BAD,BAD_AXIS_SPIKE,True,1.0,12,0.005,2.498360161892993,False,BAD,BAD_AXIS_SPIKE,True,1.0,12,0.005,2.498360161892993,False
nstxuG121123B12/N10/egn10w.3865E+02,bad,0d49dce4031ec8fc17a1283bacc97cb834133bc068d989bbc1e9919aed9e5e2d,False,True,0.07500000000000001,-0.1205631770766374,0.10272746650638166,0.01,2.115726646924206,BAD,BAD_GRID_SCALE_SPIKE,BAD,BAD_AXIS_SPIKE,True,0.8001062437320571,11,0.01,1.5875340557436657,False,BAD,BAD_AXIS_SPIKE,True,1.0,12,0.005,2.484471754445015,False,BAD,BAD_AXIS_SPIKE,True,1.0,12,0.005,2.484471754445015,False,BAD,BAD_AXIS_SPIKE,True,1.0,12,0.005,2.484471754445015,False
nstxuG121123B12/N10/egn10w.3902E+02,bad,de17d27abd9167c42c67433428caa20fcda24961ad7480a32e9256ddb76f0473,False,True,0.07500000000000001,-0.12476524338795768,0.09670502245019515,0.01,2.13021493209236,BAD,BAD_GRID_SCALE_SPIKE,BAD,BAD_AXIS_SPIKE,True,0.8157213075478126,11,0.01,1.6181148422048892,False,BAD,BAD_AXIS_SPIKE,True,1.0,12,0.005,2.467381384566793,False,BAD,BAD_AXIS_SPIKE,True,1.0,12,0.005,2.467381384566793,False,BAD,BAD_AXIS_SPIKE,True,1.0,12,0.005,2.467381384566793,False
nstxuG121123B12/N2/egn02w.4122E+02,bad,3a04bbe5a7e826ee6246f7a98496685e6b51acd8e0d4a5093ba0890a386fec68,False,True,0.25,-0.0643762138395468,0.010206247628997297,0.745,1.9912585574141106,BAD,BAD_CONT_CROSS_WINDOW,BAD,BAD_CONT_CROSS_WINDOW,False,0.22606336547042188,3,0.02,2.9611582487670596,False,BAD,BAD_AXIS_SPIKE,True,0.22606336547042188,3,0.02,2.9611582487670596,False,BAD,BAD_AXIS_SPIKE,True,0.22606336547042188,3,0.02,2.9611582487670596,False,BAD,BAD_AXIS_SPIKE,True,0.22606336547042188,3,0.02,2.9611582487670596,False
nstxuG121123B12/N7/egn07w.1373E+02,bad,56a4c17681286cb6de37b7c1f60168410ac78283e6c0a4c67f0439175e794f33,True,True,0.0,0.0032483553015058082,0.6587484584764844,0.34500000000000003,1.4278482884682253,BAD,BAD_GRID_SCALE_SPIKE,BAD,BAD_AXIS_SPIKE,True,0.23430480972414694,8,0.01,1.247722168470738,False,BAD,BAD_AXIS_SPIKE,True,0.23430480972414694,8,0.01,1.247722168470738,False,BAD,BAD_AXIS_SPIKE,True,0.23430480972414694,8,0.01,1.247722168470738,False,BAD,BAD_AXIS_SPIKE,True,0.23430480972414694,8,0.01,1.247722168470738,False
nstxuG121123B12/N7/egn07w.2666E+02,bad,39b3f1d83549e9fa45d18630bd96e236804d8a6cd436eb244af9afa7064199de,True,True,0.0,0.009191850422211795,0.8937459639184824,0.05,1.3325523387094111,BAD,BAD_GRID_SCALE_SPIKE,BAD,BAD_AXIS_SPIKE,True,0.7197075776100594,8,0.03,1.1837375497533886,False,BAD,BAD_AXIS_SPIKE,True,0.7197075776100594,8,0.03,1.1837375497533886,False,BAD,BAD_AXIS_SPIKE,True,0.7197075776100594,8,0.03,1.1837375497533886,False,BAD,BAD_AXIS_SPIKE,True,0.7197075776100594,8,0.03,1.1837375497533886,False
nstxuG121123B12/N7/egn07w.2697E+02,bad,765e156f570963ec2253c618d1ada72503a9cea49a0cd5f38ed7c5bfbb658b19,True,True,0.0049999999999999975,0.014782206818406569,0.9498275935707078,0.055,1.5027538462518641,REVIEW,NO_GOOD_TEMPLATE,REVIEW,NO_GOOD_TEMPLATE,False,0.5873219467675771,8,0.03,7.253257216114002,False,REVIEW,NO_GOOD_TEMPLATE,False,0.5873219467675771,8,0.03,7.253257216114002,False,REVIEW,NO_GOOD_TEMPLATE,False,0.5873219467675771,8,0.03,7.253257216114002,False,BAD,BAD_AXIS_SPIKE,True,0.3351498065313939,8,0.015,8.434470559953585,False
nstxuG121123B12/N7/egn07w.2770E+02,bad,cb99490071cdbd2fd6ffcf6ed4dbc641210229c4feefc19f215b91c0a1037f77,True,True,0.0050000000000000044,0.027909139922628928,0.9025018894319722,0.045,5.9501564173711845,BAD,BAD_GRID_SCALE_SPIKE,BAD,BAD_GRID_SCALE_SPIKE,False,1.0,8,0.03,6.809356368003187,False,BAD,BAD_GRID_SCALE_SPIKE,False,1.0,8,0.03,6.809356368003187,False,BAD,BAD_GRID_SCALE_SPIKE,False,1.0,8,0.03,6.809356368003187,False,BAD,BAD_AXIS_SPIKE,True,1.0,8,0.03,6.809356368003187,False
nstxuG121123B12/N8/egn08w.2899E+02,bad,2c3aacf55464ee96c9e111007b62f86216780705488061ae1a4aa63ebb2b5857,True,True,0.0,0.012610316391422568,0.16301623117906525,0.14,2.4910389753907913,BAD,BAD_CONT_CROSS_WINDOW,BAD,BAD_CONT_CROSS_WINDOW,False,0.34279772592009,10,0.02,2.7299069508883522,False,BAD,BAD_AXIS_SPIKE,True,0.34279772592009,10,0.02,2.7299069508883522,False,BAD,BAD_AXIS_SPIKE,True,0.34279772592009,10,0.02,2.7299069508883522,False,BAD,BAD_AXIS_SPIKE,True,0.34279772592009,10,0.02,2.7299069508883522,False
nstxuG121123B12/N9/egn09w.2202E+02,bad,a621aba79071ef237eaa7fa5df6cc077abbb63eafd1c4c811c286aa533c7126a,False,True,0.09,-0.008465770086806683,0.0384443630355057,0.02,1.2929186575632454,BAD,BAD_GRID_SCALE_SPIKE,BAD,BAD_AXIS_SPIKE,True,1.0,11,0.02,1.8628453966821445,False,BAD,BAD_AXIS_SPIKE,True,1.0,11,0.02,1.8628453966821445,False,BAD,BAD_AXIS_SPIKE,True,1.0,11,0.02,1.8628453966821445,False,BAD,BAD_AXIS_SPIKE,True,1.0,11,0.02,1.8628453966821445,False
nstxuG121123B12/N9/egn09w.2347E+02,bad,89247139b5f7de83e4eba92f7e6d5611c997d7d2746555716a1312394c078409,True,True,0.0,0.023201611399345914,0.9674912396930844,0.11,2.9377584297281434,REVIEW,NO_GOOD_TEMPLATE,REVIEW,NO_GOOD_TEMPLATE,False,0.2282955005533676,11,0.005,2.9685885093861044,False,BAD,BAD_AXIS_SPIKE,True,0.2282955005533676,11,0.005,2.9685885093861044,False,BAD,BAD_AXIS_SPIKE,True,0.2282955005533676,11,0.005,2.9685885093861044,False,BAD,BAD_AXIS_SPIKE,True,0.2282955005533676,11,0.005,2.9685885093861044,False
nstxuG121123B12/N9/egn09w.2431E+02,bad,b640571f47ee78692f01b35847a8751d290c3e1aaafad434f25702f086996944,False,True,0.105,0.040129742947973515,0.1180694896409952,0.005,1.1293120894396467,BAD,BAD_INTERIOR_UNRESOLVED_ENVELOPE,BAD,BAD_AXIS_SPIKE,True,1.0,11,0.005,1.4085357962007512,False,BAD,BAD_AXIS_SPIKE,True,1.0,11,0.005,1.4085357962007512,False,BAD,BAD_AXIS_SPIKE,True,1.0,11,0.005,1.4085357962007512,False,BAD,BAD_AXIS_SPIKE,True,1.0,11,0.005,1.4085357962007512,False
nstxuG121123B12/N9/egn09w.2477E+02,bad,073f1613fbcfb7ad9348bce2ea92e2e26581e531724ef30e8035a89404c5717e,False,True,0.105,0.049216122535042255,0.060961450999993554,0.005,1.0928548776957283,BAD,BAD_INTERIOR_UNRESOLVED_ENVELOPE,BAD,BAD_AXIS_SPIKE,True,1.0,11,0.005,1.3149001230166657,False,BAD,BAD_AXIS_SPIKE,True,1.0,11,0.005,1.3149001230166657,False,BAD,BAD_AXIS_SPIKE,True,1.0,11,0.005,1.3149001230166657,False,BAD,BAD_AXIS_SPIKE,True,1.0,11,0.005,1.3149001230166657,False
nstxuG121123B12/N9/egn09w.2601E+02,bad,7da5ed4d2df028c9164e960600b916b93c16e607b247b888f6f5826206741e65,False,True,0.105,0.07032353528391228,0.026606838702277254,0.005,1.1258265273673955,BAD,BAD_INTERIOR_UNRESOLVED_ENVELOPE,BAD,BAD_AXIS_SPIKE,True,1.0,11,0.005,1.3684132420682154,False,BAD,BAD_AXIS_SPIKE,True,1.0,11,0.005,1.3684132420682154,False,BAD,BAD_AXIS_SPIKE,True,1.0,11,0.005,1.3684132420682154,False,BAD,BAD_AXIS_SPIKE,True,1.0,11,0.005,1.3684132420682154,False
nstxuG121123B12/N9/egn09w.3777E+02,bad,9e239e7ea747440f07aa13b5cc3e69036ab3a6b75b442eea2671db2917aed7fe,False,True,0.1,-0.11172672429486778,0.0017562240660803136,0.01,2.0522906741470477,BAD,BAD_GRID_SCALE_SPIKE,BAD,BAD_AXIS_SPIKE,True,0.8040159292594146,11,0.01,1.8681820575551356,False,BAD,BAD_AXIS_SPIKE,True,1.0,10,0.015,2.1935397092517466,False,BAD,BAD_AXIS_SPIKE,True,1.0,10,0.015,2.1935397092517466,False,BAD,BAD_AXIS_SPIKE,True,1.0,10,0.015,2.1935397092517466,False
nstxuG121123B12/N9/egn09w.3796E+02,bad,7f1d9709a359e63cf3156e0daaa1e38198d553aacdf7dee59221fbb321708edf,False,True,0.1,-0.1140014490895727,0.0032909439771411707,0.01,2.1508279344810934,BAD,BAD_GRID_SCALE_SPIKE,BAD,BAD_AXIS_SPIKE,True,0.6961512790661665,11,0.01,1.8841290807779705,False,BAD,BAD_AXIS_SPIKE,True,1.0,10,0.015,2.161154832654686,False,BAD,BAD_AXIS_SPIKE,True,1.0,10,0.015,2.161154832654686,False,BAD,BAD_AXIS_SPIKE,True,1.0,10,0.015,2.161154832654686,False
nstxuG121123J38/N1/egn01w.2840E+02,bad,74e8760c89d6ada86585e0ee128de55bf5086baaff80619f82db3632c83307d2,False,True,0.7450000000000001,0.19988182908847213,0.00612831596487714,0.925,1.947383447541351,BAD,BAD_GRID_SCALE_SPIKE,BAD,BAD_AXIS_SPIKE,True,0.4489529082959031,3,0.02,1.4675296213178388,False,BAD,BAD_AXIS_SPIKE,True,1.0,1,0.015,2.104552848768749,False,BAD,BAD_AXIS_SPIKE,True,1.0,1,0.015,2.104552848768749,False,BAD,BAD_AXIS_SPIKE,True,1.0,1,0.015,2.104552848768749,False
nstxuG121123J38/N1/egn01w.2852E+02,bad,1b35408d5082f63f6d7eed7f356eca97e3a81dd0df4414ff913aaae5aeace1d7,False,True,0.74,0.19740126307958017,0.008899040433005942,0.92,1.830821317525344,BAD,BAD_GRID_SCALE_SPIKE,BAD,BAD_AXIS_SPIKE,True,1.0,1,0.015,1.852427266388801,False,BAD,BAD_AXIS_SPIKE,True,1.0,1,0.015,1.852427266388801,False,BAD,BAD_AXIS_SPIKE,True,1.0,1,0.015,1.852427266388801,False,BAD,BAD_AXIS_SPIKE,True,1.0,1,0.015,1.852427266388801,False
nstxuG121123J38/N1/egn01w.2988E+02,bad,c2dd9b37dae7d6f48f07c901751fff0cbfcd6252046749f71638000a8e34fab9,False,True,0.16499999999999998,0.16978883814823106,0.052102557983181384,0.015,1.2201298879895226,BAD,BAD_GRID_SCALE_SPIKE,BAD,BAD_AXIS_SPIKE,True,1.0,1,0.015,1.740776963357498,False,BAD,BAD_AXIS_SPIKE,True,1.0,1,0.015,1.740776963357498,False,BAD,BAD_AXIS_SPIKE,True,1.0,1,0.015,1.740776963357498,False,BAD,BAD_AXIS_SPIKE,True,1.0,1,0.015,1.740776963357498,False
nstxuG121123J38/N1/egn01w.3002E+02,bad,514bb79593963d22ed285da6a42025295607c9bbc8c8267603d455628634102c,False,True,0.7250000000000001,0.16720999734900074,0.018580922885109465,0.905,1.2123406486399757,BAD,BAD_GRID_SCALE_SPIKE,BAD,BAD_AXIS_SPIKE,True,1.0,1,0.015,1.959815315509315,False,BAD,BAD_AXIS_SPIKE,True,1.0,1,0.015,1.959815315509315,False,BAD,BAD_AXIS_SPIKE,True,1.0,1,0.015,1.959815315509315,False,BAD,BAD_AXIS_SPIKE,True,1.0,1,0.015,1.959815315509315,False
nstxuG121123J38/N1/egn01w.3093E+02,bad,fd0ca8c51d5182808c8fa01ed49525b38075fc7a6f5da46c49fea8723757d7a2,False,True,0.16999999999999998,0.149862160081089,0.042931843160678024,0.01,1.2580375047546304,BAD,BAD_GRID_SCALE_SPIKE,BAD,BAD_AXIS_SPIKE,True,1.0,1,0.01,1.581581350627818,False,BAD,BAD_AXIS_SPIKE,True,1.0,1,0.01,1.581581350627818,False,BAD,BAD_AXIS_SPIKE,True,1.0,1,0.01,1.581581350627818,False,BAD,BAD_AXIS_SPIKE,True,1.0,1,0.01,1.581581350627818,False
nstxuG121123J38/N1/egn01w.3246E+02,bad,e495514485ad39839dd2852d1d3e32ed714f299c2597af7b3ebf0313371fe797,False,True,0.16999999999999998,0.12236644357268005,0.07722084411479635,0.01,2.0608379837658317,BAD,BAD_GRID_SCALE_SPIKE,BAD,BAD_AXIS_SPIKE,True,0.4629265982382459,3,0.01,1.2697870397132862,False,BAD,BAD_AXIS_SPIKE,True,1.0,1,0.01,2.3501965487235634,False,BAD,BAD_AXIS_SPIKE,True,1.0,1,0.01,2.3501965487235634,False,BAD,BAD_AXIS_SPIKE,True,1.0,1,0.01,2.3501965487235634,False
nstxuG121123J38/N1/egn01w.3276E+02,bad,001c6f9ad1a7e472bf2a0a8ee35601752ae12820c670c8dd06a72001e12c195e,False,True,0.175,0.11730427782254696,0.08973902758779974,0.005,2.018029318564046,BAD,BAD_GRID_SCALE_SPIKE,BAD,BAD_AXIS_SPIKE,True,0.45394202861563365,3,0.01,1.2070754172068696,False,BAD,BAD_AXIS_SPIKE,True,1.0,1,0.005,2.4019348677024825,False,BAD,BAD_AXIS_SPIKE,True,1.0,1,0.005,2.4019348677024825,False,BAD,BAD_AXIS_SPIKE,True,1.0,1,0.005,2.4019348677024825,False
nstxuG121123J38/N1/egn01w.3323E+02,bad,bd3bbf5fd765ea39befd649b12cdfc6de4d7b5fb297af8330d419893a92ea4b0,False,True,0.175,0.10926782979208906,0.07846014759623032,0.005,1.7145316344577575,BAD,BAD_GRID_SCALE_SPIKE,BAD,BAD_AXIS_SPIKE,True,0.43171828219898034,3,0.01,1.1752032750374084,False,BAD,BAD_AXIS_SPIKE,True,1.0,1,0.005,2.4063832742478066,False,BAD,BAD_AXIS_SPIKE,True,1.0,1,0.005,2.4063832742478066,False,BAD,BAD_AXIS_SPIKE,True,1.0,1,0.005,2.4063832742478066,False
nstxuG121123J38/N10/egn10w.2920E+02,bad,c97a94c18e62103ac0cdd20974abae683864105beffdc73e79c5ba7ef6a9f66b,False,True,0.08,0.03759718825236594,0.40662439901380415,0.03,1.5231326454027028,BAD,BAD_INTERIOR_UNRESOLVED_ENVELOPE,BAD,BAD_INTERIOR_UNRESOLVED_ENVELOPE,False,1.0,13,0.03,2.24712309505299,False,BAD,BAD_AXIS_SPIKE,True,1.0,13,0.03,2.24712309505299,False,BAD,BAD_AXIS_SPIKE,True,1.0,13,0.03,2.24712309505299,False,BAD,BAD_AXIS_SPIKE,True,1.0,13,0.03,2.24712309505299,False
nstxuG121123J38/N10/egn10w.2941E+02,bad,c0741891e1ab2ced6a05bbf7dc14135c9cabdae0decc9530f6262a918b41b885,False,True,0.0,0.04103159803786524,0.8211996814918301,0.11,4.159414407467432,REVIEW,NO_GOOD_TEMPLATE,BAD,BAD_AXIS_SPIKE,True,0.6231625991171729,13,0.03,1.7914308712683014,False,BAD,BAD_AXIS_SPIKE,True,0.6231625991171729,13,0.03,1.7914308712683014,False,BAD,BAD_AXIS_SPIKE,True,0.6231625991171729,13,0.03,1.7914308712683014,False,BAD,BAD_AXIS_SPIKE,True,0.6231625991171729,13,0.03,1.7914308712683014,False
nstxuG121123J38/N10/egn10w.2977E+02,bad,45e9d49513bff6053b8cc943478e83f188c417a819720ac3900f012c0880c704,False,True,0.08,0.046991373510090216,0.005808611082442936,0.03,1.7480196158887025,BAD,BAD_GRID_SCALE_SPIKE,BAD,BAD_GRID_SCALE_SPIKE,False,1.0,13,0.03,5.9243170179112745,False,BAD,BAD_GRID_SCALE_SPIKE,False,1.0,13,0.03,5.9243170179112745,False,BAD,BAD_GRID_SCALE_SPIKE,False,1.0,13,0.03,5.9243170179112745,False,BAD,BAD_AXIS_SPIKE,True,1.0,13,0.03,5.9243170179112745,False
nstxuG121123J38/N10/egn10w.3071E+02,bad,a15aacce2251da11ed282f5f0cfdb07a0a1925c90fa9bf6ad2809dbb0360f44d,False,True,0.09,0.06156164811849298,0.03972839111210011,0.02,2.2840537205608116,REVIEW,NO_GOOD_TEMPLATE,REVIEW,NO_GOOD_TEMPLATE,False,1.0,13,0.02,3.879428966309464,False,REVIEW,NO_GOOD_TEMPLATE,False,1.0,13,0.02,3.879428966309464,False,BAD,BAD_AXIS_SPIKE,True,1.0,13,0.02,3.879428966309464,False,BAD,BAD_AXIS_SPIKE,True,1.0,13,0.02,3.879428966309464,False
nstxuG121123J38/N10/egn10w.3260E+02,bad,19f52992998310e73257bc3066bd063b98d300515d8a85fd8703b51558c6adc4,False,True,0.09,0.05152980045423548,0.000719437412433215,0.025,1.8262485895738159,BAD,BAD_GRID_SCALE_SPIKE,BAD,BAD_AXIS_SPIKE,True,0.8688441403151426,13,0.01,1.4592675427327295,False,BAD,BAD_AXIS_SPIKE,True,0.8688441403151426,13,0.01,1.4592675427327295,False,BAD,BAD_AXIS_SPIKE,True,1.0,13,0.025,3.5954693522758894,False,BAD,BAD_AXIS_SPIKE,True,1.0,13,0.025,3.5954693522758894,False
nstxuG121123J38/N10/egn10w.3477E+02,bad,d0dd51225b8b73bc119ffee71b7ef3c4c97e44c28757a520f074aa782aad0c69,False,True,0.11,0.018109984614162668,0.0002926673450680426,0.005,1.682277131228879,BAD,BAD_GRID_SCALE_SPIKE,BAD,BAD_AXIS_SPIKE,True,0.22152412290117351,12,0.01,1.941932147608277,False,BAD,BAD_AXIS_SPIKE,True,1.0,13,0.005,2.258736478295285,False,BAD,BAD_AXIS_SPIKE,True,1.0,13,0.005,2.258736478295285,False,BAD,BAD_AXIS_SPIKE,True,1.0,13,0.005,2.258736478295285,False
nstxuG121123J38/N2/egn02w.3523E+02,bad,c90663a1ec7e9513288c7202b3d0637e49bdacbe459af3447269263242c022d7,False,True,0.46499999999999997,0.167031063962652,0.009220542009851876,0.025,2.272395492512793,BAD,BAD_GRID_SCALE_SPIKE,BAD,BAD_AXIS_SPIKE,True,0.901668314293514,3,0.025,1.9797964757262136,False,BAD,BAD_AXIS_SPIKE,True,0.901668314293514,3,0.025,1.9797964757262136,False,BAD,BAD_AXIS_SPIKE,True,1.0,2,0.025,3.1613080435077108,False,BAD,BAD_AXIS_SPIKE,True,1.0,2,0.025,3.1613080435077108,False
nstxuG121123J38/N2/egn02w.4164E+02,bad,1af8f3b97d6e13b2e552ed00be24e91336733d61bccce26d1296fe7ed2b44b2a,False,True,0.47,0.07342820651544477,0.03194450009752527,0.02,1.3228648578149476,BAD,BAD_CONT_CROSS_WINDOW,BAD,BAD_AXIS_SPIKE,True,0.8270622780288245,3,0.02,1.3674867498034433,False,BAD,BAD_AXIS_SPIKE,True,0.8270622780288245,3,0.02,1.3674867498034433,False,BAD,BAD_AXIS_SPIKE,True,0.8270622780288245,3,0.02,1.3674867498034433,False,BAD,BAD_AXIS_SPIKE,True,0.8270622780288245,3,0.02,1.3674867498034433,False
nstxuG121123J38/N2/egn02w.4188E+02,bad,98a9d2ff6942db454b7a75c158de511b0a68eb1ad63a2ad7ba05c8e65a0cb58f,False,True,0.44,0.07034095408321407,0.030246796459220644,0.05,7.849812630244945,BAD,BAD_CONT_CROSS_WINDOW,BAD,BAD_AXIS_SPIKE,True,0.534695951155436,3,0.02,1.2142982028011533,False,BAD,BAD_AXIS_SPIKE,True,0.534695951155436,3,0.02,1.2142982028011533,False,BAD,BAD_AXIS_SPIKE,True,0.534695951155436,3,0.02,1.2142982028011533,False,BAD,BAD_AXIS_SPIKE,True,0.534695951155436,3,0.02,1.2142982028011533,False
nstxuG121123J38/N2/egn02w.4243E+02,bad,3e6503c2fb8ff55b92cf27272651df5da7caafae5b4c97c307ab50d02d97c615,False,True,0.445,0.06343140081319609,0.030856373662374755,0.045,8.055967959472499,BAD,BAD_CONT_CROSS_WINDOW,BAD,BAD_AXIS_SPIKE,True,0.41045211128106324,2,0.015,1.9602872645764824,False,BAD,BAD_AXIS_SPIKE,True,0.41045211128106324,2,0.015,1.9602872645764824,False,BAD,BAD_AXIS_SPIKE,True,0.41045211128106324,2,0.015,1.9602872645764824,False,BAD,BAD_AXIS_SPIKE,True,0.41045211128106324,2,0.015,1.9602872645764824,False
nstxuG121123J38/N3/egn03w.2661E+02,bad,1d85b10480caf1352f474a5e73ead619bb8c2f80dbf521b7702154850e84ccab,False,True,0.14,0.22798585894551154,0.05661518614301438,0.055,1.06363030307757,BAD,BAD_GRID_SCALE_SPIKE,BAD,BAD_GRID_SCALE_SPIKE,False,0.26213307241779055,4,0.03,6.563333763297321,False,BAD,BAD_GRID_SCALE_SPIKE,False,0.26213307241779055,4,0.03,6.563333763297321,False,BAD,BAD_GRID_SCALE_SPIKE,False,0.26213307241779055,4,0.03,6.563333763297321,False,BAD,BAD_AXIS_SPIKE,True,0.26213307241779055,4,0.03,6.563333763297321,False
nstxuG121123J38/N3/egn03w.2715E+02,bad,f09aea68eba15182807edeb620dcc7f1589c285b4ee4789f4b6718e14f4ef480,False,True,0.14500000000000002,0.2155541036144685,0.07609123430692384,0.05,1.0119436334257408,BAD,BAD_GRID_SCALE_SPIKE,BAD,BAD_GRID_SCALE_SPIKE,False,0.23799752217698947,4,0.03,5.596752652923075,False,BAD,BAD_GRID_SCALE_SPIKE,False,0.23799752217698947,4,0.03,5.596752652923075,False,BAD,BAD_GRID_SCALE_SPIKE,False,0.23799752217698947,4,0.03,5.596752652923075,False,BAD,BAD_AXIS_SPIKE,True,0.23799752217698947,4,0.03,5.596752652923075,False
nstxuG121123J38/N6/egn06w.2660E+02,bad,d39204cfe52b253abf22a9e308b97a1edcbac02fccd1a70529b78fc9934624ca,False,True,0.08,0.05258041102152214,0.13597937006994784,0.08,3.4522960216290532,BAD,BAD_GRID_SCALE_SPIKE,BAD,BAD_AXIS_SPIKE,True,0.22222937257893466,4,0.015,1.3786670561603809,False,BAD,BAD_AXIS_SPIKE,True,0.8691990860026365,8,0.02,2.0351462164522736,False,BAD,BAD_AXIS_SPIKE,True,0.8691990860026365,8,0.02,2.0351462164522736,False,BAD,BAD_AXIS_SPIKE,True,0.8691990860026365,8,0.02,2.0351462164522736,False
nstxuG121123J38/N6/egn06w.4521E+02,bad,91f5ffb17ef31d870b9c6f403d344ac33a93f9eb75537d9ec94996e1b38a2854,True,True,0.010000000000000009,0.004180353721624282,0.24947902347115453,0.41000000000000003,19.972891652361536,BAD,BAD_CONT_CROSS_WINDOW,BAD,BAD_AXIS_SPIKE,True,0.5186262372548925,7,0.025,1.091327007916433,False,BAD,BAD_AXIS_SPIKE,True,0.5186262372548925,7,0.025,1.091327007916433,False,BAD,BAD_AXIS_SPIKE,True,0.5186262372548925,7,0.025,1.091327007916433,False,BAD,BAD_AXIS_SPIKE,True,0.5186262372548925,7,0.025,1.091327007916433,False
nstxuG121123J38/N7/egn07w.2680E+02,bad,096e1a0ccae09a41f22e7c8e8ba8134834900276f9f20a5d41c4fa68068333e6,True,True,0.015,0.00044756157495277454,0.47990947202284534,0.1,1.2745937761553527,REVIEW,NO_GOOD_TEMPLATE,BAD,BAD_AXIS_SPIKE,True,0.2795961495295245,9,0.025,1.0266334829718158,False,BAD,BAD_AXIS_SPIKE,True,0.2795961495295245,9,0.025,1.0266334829718158,False,BAD,BAD_AXIS_SPIKE,True,0.2795961495295245,9,0.025,1.0266334829718158,False,BAD,BAD_AXIS_SPIKE,True,0.2795961495295245,9,0.025,1.0266334829718158,False
nstxuG121123J38/N7/egn07w.2697E+02,bad,44cf172aedc53ecf4020a11c8a4625ac08bfd01dcbf4a73704a2e138e927493c,True,True,0.0,0.003656916794311819,0.5217513456003473,0.115,1.1426925490925637,REVIEW,NO_GOOD_TEMPLATE,REVIEW,NO_GOOD_TEMPLATE,False,0.296588214870454,9,0.025,9.41239440832447,False,REVIEW,NO_GOOD_TEMPLATE,False,0.296588214870454,9,0.025,9.41239440832447,False,REVIEW,NO_GOOD_TEMPLATE,False,0.296588214870454,9,0.025,9.41239440832447,False,BAD,BAD_AXIS_SPIKE,True,0.296588214870454,9,0.025,9.41239440832447,False
nstxuG121123J38/N7/egn07w.2725E+02,bad,13de417a9e8abad697d136c82285335f7a81b1073d0f28e167b9b817f1d98147,True,True,0.0,0.008768961935023955,0.9042760739265105,0.115,2.691783655086985,BAD,BAD_GRID_SCALE_SPIKE,BAD,BAD_GRID_SCALE_SPIKE,False,0.2634126960100761,9,0.03,2.1290472683451807,False,BAD,BAD_AXIS_SPIKE,True,0.2634126960100761,9,0.03,2.1290472683451807,False,BAD,BAD_AXIS_SPIKE,True,0.2634126960100761,9,0.03,2.1290472683451807,False,BAD,BAD_AXIS_SPIKE,True,0.2634126960100761,9,0.03,2.1290472683451807,False
nstxuG121123J38/N7/egn07w.3273E+02,bad,9032ac63a52b69ec1198379b81a4a32fbe3076efdec1e6bfae4e038a82b47739,False,True,0.42000000000000004,0.18659154988081836,0.0019191758511725502,0.92,2.0318214310749427,BAD,BAD_GRID_SCALE_SPIKE,BAD,BAD_AXIS_SPIKE,True,0.664173797122884,9,0.02,1.7504241626423105,False,BAD,BAD_AXIS_SPIKE,True,0.664173797122884,9,0.02,1.7504241626423105,False,BAD,BAD_AXIS_SPIKE,True,0.664173797122884,9,0.02,1.7504241626423105,False,BAD,BAD_AXIS_SPIKE,True,0.664173797122884,9,0.02,1.7504241626423105,False
nstxuG121123J38/N7/egn07w.3357E+02,bad,d823672c6a9ed4d3589c8c852362ff76cfe2bee545b6e252a0c0ebe8512844c3,True,True,0.01999999999999999,0.036746934102738826,0.5862361081319518,0.1,9.708767318305103,REVIEW,NO_GOOD_TEMPLATE,REVIEW,NO_GOOD_TEMPLATE,False,0.40071339820599305,9,0.015,2.5781405128985027,False,BAD,BAD_AXIS_SPIKE,True,0.40071339820599305,9,0.015,2.5781405128985027,False,BAD,BAD_AXIS_SPIKE,True,0.40071339820599305,9,0.015,2.5781405128985027,False,BAD,BAD_AXIS_SPIKE,True,0.40071339820599305,9,0.015,2.5781405128985027,False
nstxuG121123J38/N8/egn08w.3062E+02,bad,25b5c917bbede4f8983ca55eb66789687cfca88ba906b7b769c795b2b3527f96,True,True,0.0049999999999999906,0.016898111635130837,0.8136112919005707,0.07,1.2699328041981761,REVIEW,NO_GOOD_TEMPLATE,REVIEW,NO_GOOD_TEMPLATE,False,0.3593240037196098,10,0.02,2.409938820018487,False,BAD,BAD_AXIS_SPIKE,True,0.3593240037196098,10,0.02,2.409938820018487,False,BAD,BAD_AXIS_SPIKE,True,0.3593240037196098,10,0.02,2.409938820018487,False,BAD,BAD_AXIS_SPIKE,True,0.3593240037196098,10,0.02,2.409938820018487,False
nstxuG121123J38/N8/egn08w.3371E+02,bad,1c331e505d5ac05d4af2a2b3aa637f6e2c43d3c0e80df4527d59b7a97c52acc6,True,True,0.0,0.03430714478853236,0.8235192912333053,0.08,4.311039691647422,REVIEW,NO_GOOD_TEMPLATE,REVIEW,NO_GOOD_TEMPLATE,False,0.7599057206268336,10,0.02,2.105770464335066,False,BAD,BAD_AXIS_SPIKE,True,0.7599057206268336,10,0.02,2.105770464335066,False,BAD,BAD_AXIS_SPIKE,True,0.7599057206268336,10,0.02,2.105770464335066,False,BAD,BAD_AXIS_SPIKE,True,0.7599057206268336,10,0.02,2.105770464335066,False
nstxuG121123J38/N8/egn08w.4131E+02,bad,35200c16d9a5ecdaed276c445d1d501e14007a861abd84c92715c0ca4264f5ce,False,True,0.07500000000000001,-0.05647893705480247,0.0021139266842183204,0.265,1.3737399471453915,BAD,BAD_CONT_CROSS_WINDOW,BAD,BAD_AXIS_SPIKE,True,0.22685556079385222,11,0.015,1.7323392772118966,False,BAD,BAD_AXIS_SPIKE,True,0.22685556079385222,11,0.015,1.7323392772118966,False,BAD,BAD_AXIS_SPIKE,True,0.22685556079385222,11,0.015,1.7323392772118966,False,BAD,BAD_AXIS_SPIKE,True,0.22685556079385222,11,0.015,1.7323392772118966,False
nstxuG121123J38/N9/egn09w.2517E+02,bad,f20e820aa9961b75975346127f235202ff4c2eeab80d49966c87b2215f823d8d,True,True,0.0050000000000000044,0.004967440141431536,0.7977446306361695,0.135,1.5209879575532659,BAD,BAD_CONT_CROSS_WINDOW,BAD,BAD_AXIS_SPIKE,True,0.39264060622937447,11,0.005,1.2067120806931892,False,BAD,BAD_AXIS_SPIKE,True,0.39264060622937447,11,0.005,1.2067120806931892,False,BAD,BAD_AXIS_SPIKE,True,0.39264060622937447,11,0.005,1.2067120806931892,False,BAD,BAD_AXIS_SPIKE,True,0.39264060622937447,11,0.005,1.2067120806931892,False
nstxuG121123J38/N9/egn09w.2523E+02,bad,2650d2c6454a5c0c5740c770100ddad2627cd102dfb90e497cbd3e280ce6656f,True,True,0.0,0.006082956713973951,0.8014485855854561,0.14,2.2899224465159183,BAD,BAD_GRID_SCALE_PACKET,BAD,BAD_AXIS_SPIKE,True,0.45866703557435484,11,0.005,1.2103796945534102,False,BAD,BAD_AXIS_SPIKE,True,0.45866703557435484,11,0.005,1.2103796945534102,False,BAD,BAD_AXIS_SPIKE,True,0.45866703557435484,11,0.005,1.2103796945534102,False,BAD,BAD_AXIS_SPIKE,True,0.45866703557435484,11,0.005,1.2103796945534102,False
nstxuG121123J38/N9/egn09w.3364E+02,bad,fe6e5f1183901fcd05df3bedd94e1b3772962e86935573a5b7581bf7ec7b0206,False,True,0.025,0.01733020225940614,0.9724716464002853,0.01,1.6076183047356976,BAD,BAD_GRID_SCALE_SPIKE,BAD,BAD_AXIS_SPIKE,True,1.0,11,0.01,1.778527414436018,False,BAD,BAD_AXIS_SPIKE,True,1.0,11,0.01,1.778527414436018,False,BAD,BAD_AXIS_SPIKE,True,1.0,11,0.01,1.778527414436018,False,BAD,BAD_AXIS_SPIKE,True,1.0,11,0.01,1.778527414436018,False
nstxuG121123J38/N9/egn09w.3378E+02,bad,9c07633ea60ffa2afda10b990d18ce3be348e86a2dc7701a0d709dad37ba06c0,True,True,0.010000000000000002,0.01944639677786661,0.9776773701765012,0.025,1.2690242418938755,BAD,BAD_GRID_SCALE_SPIKE,BAD,BAD_AXIS_SPIKE,True,0.47144312382975606,12,0.015,1.321589481232769,False,BAD,BAD_AXIS_SPIKE,True,0.47144312382975606,12,0.015,1.321589481232769,False,BAD,BAD_AXIS_SPIKE,True,1.0,11,0.01,4.2936005991376796,False,BAD,BAD_AXIS_SPIKE,True,1.0,11,0.01,4.2936005991376796,False
nstxuG121123J38/N9/egn09w.3413E+02,bad,5637e3b89eb63ad3be061dbc0345247065dc045ecbaa280ae0507244ea3974f4,True,True,0.0050000000000000044,0.02264694402239778,0.9949092280746142,0.03,1.172040811671389,BAD,BAD_GRID_SCALE_SPIKE,BAD,BAD_AXIS_SPIKE,True,1.0,11,0.03,1.457839900199892,False,BAD,BAD_AXIS_SPIKE,True,1.0,11,0.03,1.457839900199892,False,BAD,BAD_AXIS_SPIKE,True,1.0,11,0.03,1.457839900199892,False,BAD,BAD_AXIS_SPIKE,True,1.0,11,0.03,1.457839900199892,False
nstxuG121123J38/N9/egn09w.3504E+02,bad,9f7db7f9d2ff9494e55515b1326f911381bbb622c81e6cfa7d011a02c1f78044,True,True,0.010000000000000002,0.00931853846882345,0.9912632269580318,0.025,1.1535224642065127,BAD,BAD_GRID_SCALE_SPIKE,BAD,BAD_AXIS_SPIKE,True,1.0,11,0.025,1.3796214707971057,False,BAD,BAD_AXIS_SPIKE,True,1.0,11,0.025,1.3796214707971057,False,BAD,BAD_AXIS_SPIKE,True,1.0,11,0.025,1.3796214707971057,False,BAD,BAD_AXIS_SPIKE,True,1.0,11,0.025,1.3796214707971057,False
nstxuG121123J38/N9/egn09w.3593E+02,bad,f6b2d575e7c00d62d2e63b2f02a12c22fc8d76e7b53efe428c27c6a4237516b5,True,True,0.0050000000000000044,0.001854714938346119,0.9366065370437,0.155,1.6178008605649108,REVIEW,NO_GOOD_TEMPLATE,BAD,BAD_AXIS_SPIKE,True,0.22786826382710793,11,0.01,1.1247256359304698,False,BAD,BAD_AXIS_SPIKE,True,0.22786826382710793,11,0.01,1.1247256359304698,False,BAD,BAD_AXIS_SPIKE,True,0.22786826382710793,11,0.01,1.1247256359304698,False,BAD,BAD_AXIS_SPIKE,True,0.22786826382710793,11,0.01,1.1247256359304698,False
nstxuG121123K51/N10/egn10w.4354E+02,bad,f26e259dc18e1e5186c70fce1dd278addba92367ebf4b0b56b8214bc4ff26eee,True,True,0.0049999999999999975,0.011578587448672005,0.9854904223729227,0.045,1.1723857960542885,BAD,BAD_GRID_SCALE_SPIKE,BAD,BAD_GRID_SCALE_SPIKE,False,0.5237645489481559,12,0.03,4.425723571284175,False,BAD,BAD_GRID_SCALE_SPIKE,False,0.5237645489481559,12,0.03,4.425723571284175,False,BAD,BAD_AXIS_SPIKE,True,0.5237645489481559,12,0.03,4.425723571284175,False,BAD,BAD_AXIS_SPIKE,True,0.5237645489481559,12,0.03,4.425723571284175,False
nstxuG121123K51/N10/egn10w.4437E+02,good,6146558babe07cf1fb5977134127531f556e5a93151534f55fcf28ae5e75b892,True,True,0.0,0.020839602502605484,0.9968947819496686,0.04,1.8810600516645293,REVIEW,NO_GOOD_TEMPLATE,REVIEW,NO_GOOD_TEMPLATE,False,0.21810349131640994,12,0.025,5.580593788023424,False,REVIEW,NO_GOOD_TEMPLATE,False,0.21810349131640994,12,0.025,5.580593788023424,False,REVIEW,NO_GOOD_TEMPLATE,False,0.21810349131640994,12,0.025,5.580593788023424,False,BAD,BAD_AXIS_SPIKE,True,0.21810349131640994,12,0.025,5.580593788023424,False
nstxuG121123K51/N10/egn10w.4608E+02,bad,5e17e251c7fa035bba57cbd2c26765aff076cc1ca116e2306f05d32bb66ab43e,True,True,0.0,0.014178843299860565,0.9488491760089303,0.04,3.4654063100922325,BAD,BAD_GRID_SCALE_SPIKE,BAD,BAD_GRID_SCALE_SPIKE,False,0.8574471799190001,12,0.03,4.149482088529728,False,BAD,BAD_AXIS_SPIKE,True,0.41140288525500524,12,0.005,2.1493373919408585,False,BAD,BAD_AXIS_SPIKE,True,0.41140288525500524,12,0.005,2.1493373919408585,False,BAD,BAD_AXIS_SPIKE,True,0.41140288525500524,12,0.005,2.1493373919408585,False
nstxuG121123K51/N2/egn02w.6193E+02,bad,609124ddf9a954abdb81f09f137cfb713a2787b608bd1ef41721f0941a1738e7,False,True,0.11499999999999999,-0.03551810935020016,0.09209180214982604,0.595,5.018101397285446,BAD,BAD_CONT_CROSS_WINDOW,BAD,BAD_CONT_CROSS_WINDOW,False,0.3408624274579735,3,0.015,2.511881837767571,False,BAD,BAD_AXIS_SPIKE,True,0.3408624274579735,3,0.015,2.511881837767571,False,BAD,BAD_AXIS_SPIKE,True,0.3408624274579735,3,0.015,2.511881837767571,False,BAD,BAD_AXIS_SPIKE,True,0.3408624274579735,3,0.015,2.511881837767571,False
nstxuG121123K51/N3/egn03w.6118E+02,bad,2898c5e095c009e2eff3de5290cf09d44553937d2659d7e3e2f24eafbf132d20,False,True,0.185,-0.06709706043604406,0.0020195454690872315,0.06,1.219838149834647,BAD,BAD_CONT_CROSS_WINDOW,BAD,BAD_AXIS_SPIKE,True,0.3983081216959572,3,0.03,1.2009001892565367,False,BAD,BAD_AXIS_SPIKE,True,0.3983081216959572,3,0.03,1.2009001892565367,False,BAD,BAD_AXIS_SPIKE,True,0.3983081216959572,3,0.03,1.2009001892565367,False,BAD,BAD_AXIS_SPIKE,True,0.3983081216959572,3,0.03,1.2009001892565367,False
nstxuG121123K51/N8/egn08w.1288E+02,bad,78b7967e9d75fbe3fd9e7d90b2f9b243be6d96fa40df5a36081d0b009f87f78c,False,True,0.21,-0.4689752163916943,0.0040136005871873005,0.005,1.819180651375303,BAD,BAD_INTERIOR_UNRESOLVED_ENVELOPE,BAD,BAD_AXIS_SPIKE,True,0.3099361290309196,9,0.005,1.6628942596414455,False,BAD,BAD_AXIS_SPIKE,True,1.0,10,0.005,2.1182678069915464,False,BAD,BAD_AXIS_SPIKE,True,1.0,10,0.005,2.1182678069915464,False,BAD,BAD_AXIS_SPIKE,True,1.0,10,0.005,2.1182678069915464,False
nstxuG121123K51/N8/egn08w.3077E+02,bad,82aed35d76c8be579b764d74796a9a9e1f1617ed3654fc243bb999d027c9fe17,False,True,0.075,-0.08622049078226623,0.00451409029453331,0.03,1.0642242784276805,BAD,BAD_GRID_SCALE_PACKET,BAD,BAD_AXIS_SPIKE,True,1.0,10,0.03,1.2981973664875406,False,BAD,BAD_AXIS_SPIKE,True,1.0,10,0.03,1.2981973664875406,False,BAD,BAD_AXIS_SPIKE,True,1.0,10,0.03,1.2981973664875406,False,BAD,BAD_AXIS_SPIKE,True,1.0,10,0.03,1.2981973664875406,False
nstxuG121123K51/N8/egn08w.3108E+02,bad,f9544d3789ee005d65d43b7e9244d19978b920bdf575f36f719a837ccdffe7b4,False,True,0.07999999999999999,-0.08087344302910822,0.010873082385550365,0.025,1.3122116954544627,BAD,BAD_GRID_SCALE_SPIKE,BAD,BAD_AXIS_SPIKE,True,1.0,10,0.025,1.9402415348622137,False,BAD,BAD_AXIS_SPIKE,True,1.0,10,0.025,1.9402415348622137,False,BAD,BAD_AXIS_SPIKE,True,1.0,10,0.025,1.9402415348622137,False,BAD,BAD_AXIS_SPIKE,True,1.0,10,0.025,1.9402415348622137,False
nstxuG121123K51/N8/egn08w.3128E+02,bad,9abd9918075e482c0f7250fe505cea7fce2d56486907618dec62af1f7bedd2b0,False,True,0.06999999999999999,-0.07735643461138926,0.05407364314753325,0.035,1.0432401775263889,BAD,BAD_GRID_SCALE_SPIKE,BAD,BAD_AXIS_SPIKE,True,0.9275605843279999,10,0.025,1.2221424965294596,False,BAD,BAD_AXIS_SPIKE,True,0.9275605843279999,10,0.025,1.2221424965294596,False,BAD,BAD_AXIS_SPIKE,True,0.9275605843279999,10,0.025,1.2221424965294596,False,BAD,BAD_AXIS_SPIKE,True,0.9275605843279999,10,0.025,1.2221424965294596,False
nstxuG121123K51/N8/egn08w.3247E+02,bad,cc7ad5a94e0696ac439be7cdc5b486880fa40744cba80f28315b3747340da85b,False,True,0.08499999999999999,-0.05748222896659271,0.07020499643810657,0.02,1.0744082041794765,BAD,BAD_GRID_SCALE_SPIKE,BAD,BAD_AXIS_SPIKE,True,1.0,10,0.02,1.2920089341720966,False,BAD,BAD_AXIS_SPIKE,True,1.0,10,0.02,1.2920089341720966,False,BAD,BAD_AXIS_SPIKE,True,1.0,10,0.02,1.2920089341720966,False,BAD,BAD_AXIS_SPIKE,True,1.0,10,0.02,1.2920089341720966,False
nstxuG121123K51/N8/egn08w.3640E+02,bad,822faa4d187ec69c2c3c09b3a260908deb193649caa92fc77cc10ed3e887d26e,True,True,0.0050000000000000044,0.001229115624885604,0.6219110199033779,0.11,1.3092585226274933,REVIEW,NO_GOOD_TEMPLATE,BAD,BAD_AXIS_SPIKE,True,1.0,10,0.01,1.7622556831157807,False,BAD,BAD_AXIS_SPIKE,True,1.0,10,0.01,1.7622556831157807,False,BAD,BAD_AXIS_SPIKE,True,1.0,10,0.01,1.7622556831157807,False,BAD,BAD_AXIS_SPIKE,True,1.0,10,0.01,1.7622556831157807,False
nstxuG121123K51/N8/egn08w.3665E+02,bad,fb86a079c14fc14e23c0bc52fdcbb14c8be9b0033abb14b2a6d9c1bd13f93a3b,True,True,0.0,0.004715788014728532,0.9334670506360996,0.105,1.7967714377866677,BAD,BAD_GRID_SCALE_SPIKE,BAD,BAD_AXIS_SPIKE,True,0.2806392470655995,10,0.01,1.612017485040416,False,BAD,BAD_AXIS_SPIKE,True,0.2806392470655995,10,0.01,1.612017485040416,False,BAD,BAD_AXIS_SPIKE,True,0.2806392470655995,10,0.01,1.612017485040416,False,BAD,BAD_AXIS_SPIKE,True,0.2806392470655995,10,0.01,1.612017485040416,False
nstxuG121123K51/N8/egn08w.4144E+02,bad,79dd7e029a35ca0927244d956a3d2d30d05d53232f8403f215f26bb0d468c91c,False,True,0.09999999999999999,0.06395305345524882,0.0846840404220839,0.005,1.3439948452139558,BAD,BAD_GRID_SCALE_SPIKE,BAD,BAD_GRID_SCALE_SPIKE,False,1.0,10,0.005,3.3366373065430133,False,BAD,BAD_GRID_SCALE_SPIKE,False,1.0,10,0.005,3.3366373065430133,False,BAD,BAD_AXIS_SPIKE,True,1.0,10,0.005,3.3366373065430133,False,BAD,BAD_AXIS_SPIKE,True,1.0,10,0.005,3.3366373065430133,False
nstxuG121123K51/N9/egn09w.2242E+02,bad,0b32545ed3abbc001b94b63e67c10dfe0eb7ce741481631b6698175155181ad2,False,True,0.165,-0.1709114622877916,0.00027891356759255726,0.005,1.0033121132589677,BAD,BAD_GRID_SCALE_SPIKE,BAD,BAD_AXIS_SPIKE,True,1.0,11,0.005,1.022417428550616,False,BAD,BAD_AXIS_SPIKE,True,1.0,11,0.005,1.022417428550616,False,BAD,BAD_AXIS_SPIKE,True,1.0,11,0.005,1.022417428550616,False,BAD,BAD_AXIS_SPIKE,True,1.0,11,0.005,1.022417428550616,False
nstxuG121123K51/N9/egn09w.2398E+02,bad,8d34eccfeecc9aa307a6c13af88fc737a501e463c16718147fd042b934a79990,False,True,0.165,-0.1321635748260667,0.0005423439998958192,0.005,1.0046433340893102,BAD,BAD_GRID_SCALE_SPIKE,BAD,BAD_AXIS_SPIKE,True,1.0,11,0.005,1.0408893027566617,False,BAD,BAD_AXIS_SPIKE,True,1.0,11,0.005,1.0408893027566617,False,BAD,BAD_AXIS_SPIKE,True,1.0,11,0.005,1.0408893027566617,False,BAD,BAD_AXIS_SPIKE,True,1.0,11,0.005,1.0408893027566617,False
nstxuG121123K51/N9/egn09w.2422E+02,bad,1eb89f5b5d432a45c25c23d00676414247288101d473682de8ae81c6dd34cec3,True,True,0.0,0.0029659661949236566,0.8072024278549119,0.305,1.5145415406574103,BAD,BAD_GRID_SCALE_SPIKE,BAD,BAD_AXIS_SPIKE,True,0.7649700105892828,11,0.005,1.0442221678678945,False,BAD,BAD_AXIS_SPIKE,True,0.7649700105892828,11,0.005,1.0442221678678945,False,BAD,BAD_AXIS_SPIKE,True,0.7649700105892828,11,0.005,1.0442221678678945,False,BAD,BAD_AXIS_SPIKE,True,0.7649700105892828,11,0.005,1.0442221678678945,False
nstxuG133964S31/N5/egn05w.1718E+02,bad,845276acac12f33cd25a7af69116c1dc3522bef91f91d5ef054fe602ce793ccd,True,True,0.0,0.017256921602180435,0.09773642196399926,0.41500000000000004,1.0127316468100722,BAD,BAD_GRID_SCALE_SPIKE,BAD,BAD_AXIS_SPIKE,True,0.30121485786567376,23,0.01,1.9449505270254817,False,BAD,BAD_AXIS_SPIKE,True,0.30121485786567376,23,0.01,1.9449505270254817,False,BAD,BAD_AXIS_SPIKE,True,0.30121485786567376,23,0.01,1.9449505270254817,False,BAD,BAD_AXIS_SPIKE,True,0.30121485786567376,23,0.01,1.9449505270254817,False
nstxuG133964S31/N6/egn06w.9583E+01,bad,8c2915d243c877df5bdae12f7d3bb128317d22ab7526ac32b85c4ca2e680d009,False,True,0.35,0.3479926072106812,0.0003247949232593975,0.84,1.991364465243306,BAD,BAD_GRID_SCALE_PACKET,BAD,BAD_AXIS_SPIKE,True,0.38796167179774504,28,0.01,1.5245517007226406,False,BAD,BAD_AXIS_SPIKE,True,0.38796167179774504,28,0.01,1.5245517007226406,False,BAD,BAD_AXIS_SPIKE,True,0.38796167179774504,28,0.01,1.5245517007226406,False,BAD,BAD_AXIS_SPIKE,True,0.38796167179774504,28,0.01,1.5245517007226406,False
nstxuG133964S31/N8/egn08w.1084E+02,bad,f7e7d333d255f611988609611d66229e24b98ea852e53e96cc79e9616081fa13,False,True,0.35000000000000003,-0.2093630939540289,0.0002917374858799824,0.79,1.9717548687176123,BAD,BAD_GRID_SCALE_SPIKE,BAD,BAD_AXIS_SPIKE,True,0.4318391908061583,34,0.01,1.2726260540123535,False,BAD,BAD_AXIS_SPIKE,True,0.4318391908061583,34,0.01,1.2726260540123535,False,BAD,BAD_AXIS_SPIKE,True,0.5627041670124209,27,0.01,3.2377457149439235,False,BAD,BAD_AXIS_SPIKE,True,0.5627041670124209,27,0.01,3.2377457149439235,False
nstxuG133964S31/N9/egn09w.1215E+02,bad,bca019395e8445064b1aa2ec782f257d545c0ce4fbffecabc854f665a76b9c8e,False,True,0.024999999999999998,-0.0811765302652968,0.46881043903195757,0.005,1.3368116739150777,BAD,BAD_GRID_SCALE_SPIKE,BAD,BAD_AXIS_SPIKE,True,0.9449610738310151,41,0.01,1.4177472672946099,False,BAD,BAD_AXIS_SPIKE,True,0.9449610738310151,41,0.01,1.4177472672946099,False,BAD,BAD_AXIS_SPIKE,True,0.9449610738310151,41,0.01,1.4177472672946099,False,BAD,BAD_AXIS_SPIKE,True,0.9449610738310151,41,0.01,1.4177472672946099,False
nstxuG133964S31/N9/egn09w.1262E+02,bad,155448d2876575c033962359ff4b8251858233d60fb2bc2eaf504b8dba162fc6,False,True,0.024999999999999998,-0.09831355880891358,0.2429908585993229,0.005,1.328055546090957,BAD,BAD_GRID_SCALE_SPIKE,BAD,BAD_AXIS_SPIKE,True,0.4979004574540553,41,0.01,1.4086424383295155,False,BAD,BAD_AXIS_SPIKE,True,0.4979004574540553,41,0.01,1.4086424383295155,False,BAD,BAD_AXIS_SPIKE,True,0.4979004574540553,41,0.01,1.4086424383295155,False,BAD,BAD_AXIS_SPIKE,True,0.4979004574540553,41,0.01,1.4086424383295155,False
nstxuG133964S31/N9/egn09w.1468E+02,bad,2abf205d807e1bc8355d9619b571e0287c60e136ead78ce53439768cf21121f1,False,True,0.024999999999999998,-0.16391362052129937,0.40339270286911205,0.005,1.290475688939093,BAD,BAD_GRID_SCALE_SPIKE,BAD,BAD_AXIS_SPIKE,True,0.3900507845201035,41,0.01,1.3385770596325168,False,BAD,BAD_AXIS_SPIKE,True,0.3900507845201035,41,0.01,1.3385770596325168,False,BAD,BAD_AXIS_SPIKE,True,0.3900507845201035,41,0.01,1.3385770596325168,False,BAD,BAD_AXIS_SPIKE,True,0.3900507845201035,41,0.01,1.3385770596325168,False
nstxuG142301H47/N10/egn10w.2157E+02,bad,e39f2fe0ef16f4f60451b3d44abba61bd73bcf01037c1e28c5bc95c2eca98302,False,True,0.10500000000000001,0.05720083205483487,0.0003163224878356307,0.01,2.8364087475863506,BAD,BAD_GRID_SCALE_SPIKE,BAD,BAD_AXIS_SPIKE,True,0.29538568883710736,10,0.01,1.848411600156824,False,BAD,BAD_AXIS_SPIKE,True,0.29538568883710736,10,0.01,1.848411600156824,False,BAD,BAD_AXIS_SPIKE,True,0.29538568883710736,10,0.01,1.848411600156824,False,BAD,BAD_AXIS_SPIKE,True,1.0,12,0.01,5.417069597660895,False
nstxuG142301H47/N10/egn10w.2590E+02,bad,d5fbb5389b4915f6d94801c1feb9270fd0868c26db352c06deb14a4f3e8853e7,False,True,0.10500000000000001,-0.012181931727988404,0.01053306859422054,0.01,1.2308172580574612,BAD,BAD_GRID_SCALE_SPIKE,BAD,BAD_AXIS_SPIKE,True,1.0,11,0.01,1.274653208388911,False,BAD,BAD_AXIS_SPIKE,True,1.0,11,0.01,1.274653208388911,False,BAD,BAD_AXIS_SPIKE,True,1.0,11,0.01,1.274653208388911,False,BAD,BAD_AXIS_SPIKE,True,1.0,11,0.01,1.274653208388911,False
nstxuG142301H47/N10/egn10w.2595E+02,bad,8e9b33cd90482c7fb59025b74a44ffe67a2cedfe02e1437a6fca288c14571af6,False,True,0.10500000000000001,-0.013203797371032977,0.008230782197216943,0.01,1.2183517361979312,BAD,BAD_GRID_SCALE_SPIKE,BAD,BAD_AXIS_SPIKE,True,1.0,11,0.01,1.2720160523808823,False,BAD,BAD_AXIS_SPIKE,True,1.0,11,0.01,1.2720160523808823,False,BAD,BAD_AXIS_SPIKE,True,1.0,11,0.01,1.2720160523808823,False,BAD,BAD_AXIS_SPIKE,True,1.0,11,0.01,1.2720160523808823,False
nstxuG142301H47/N10/egn10w.2631E+02,bad,5da4e7b38980dd906e3610465a44d36b15c4f50f18e57ad1d328d9e2738f29c5,False,True,0.10500000000000001,-0.019968689783063032,0.0782200773985221,0.01,1.1575739620534369,BAD,BAD_GRID_SCALE_SPIKE,BAD,BAD_AXIS_SPIKE,True,1.0,11,0.01,1.258573333196754,False,BAD,BAD_AXIS_SPIKE,True,1.0,11,0.01,1.258573333196754,False,BAD,BAD_AXIS_SPIKE,True,1.0,11,0.01,1.258573333196754,False,BAD,BAD_AXIS_SPIKE,True,1.0,11,0.01,1.258573333196754,False
nstxuG142301H47/N10/egn10w.2708E+02,bad,4d511d1809ed5e093f93f56481d70229dd8994e6a1a3db6f3bc98a11d6d83825,False,True,0.10500000000000001,-0.03394886556245652,0.0026718937509589502,0.01,1.0840405931031876,BAD,BAD_CONT_CROSS_WINDOW,BAD,BAD_AXIS_SPIKE,True,1.0,11,0.01,1.214107073851664,False,BAD,BAD_AXIS_SPIKE,True,1.0,11,0.01,1.214107073851664,False,BAD,BAD_AXIS_SPIKE,True,1.0,11,0.01,1.214107073851664,False,BAD,BAD_AXIS_SPIKE,True,1.0,11,0.01,1.214107073851664,False
nstxuG142301H47/N10/egn10w.2717E+02,bad,bfb17c4d82b6a0895b3acd7c750d0f5ef56ec0f54a58b944120ff938da568bc6,False,True,0.10500000000000001,-0.035673569270450796,0.002659577287645471,0.01,1.0772193365923477,BAD,BAD_INTERIOR_UNRESOLVED_ENVELOPE,BAD,BAD_AXIS_SPIKE,True,1.0,11,0.01,1.2042845599458811,False,BAD,BAD_AXIS_SPIKE,True,1.0,11,0.01,1.2042845599458811,False,BAD,BAD_AXIS_SPIKE,True,1.0,11,0.01,1.2042845599458811,False,BAD,BAD_AXIS_SPIKE,True,1.0,11,0.01,1.2042845599458811,False
nstxuG142301H47/N10/egn10w.2741E+02,bad,c0490b712fbd17df26266339d3197693765b1233fbf525e4df9b0f0e09925d18,False,True,0.10500000000000001,-0.03983092109873263,0.000827519949298718,0.01,1.0616940399216523,BAD,BAD_INTERIOR_UNRESOLVED_ENVELOPE,BAD,BAD_AXIS_SPIKE,True,1.0,11,0.01,1.173756986026704,False,BAD,BAD_AXIS_SPIKE,True,1.0,11,0.01,1.173756986026704,False,BAD,BAD_AXIS_SPIKE,True,1.0,11,0.01,1.173756986026704,False,BAD,BAD_AXIS_SPIKE,True,1.0,11,0.01,1.173756986026704,False
nstxuG142301H47/N10/egn10w.2753E+02,bad,32a0c3b2ea57b5172b22b3cebf6dea01bb8f5fcd0c977ad5bfebbe4ea9c93d2c,False,True,0.10500000000000001,-0.04198612668756442,0.0005799016537056789,0.01,1.0538961206824113,BAD,BAD_INTERIOR_UNRESOLVED_ENVELOPE,BAD,BAD_AXIS_SPIKE,True,1.0,11,0.01,1.1526396942068091,False,BAD,BAD_AXIS_SPIKE,True,1.0,11,0.01,1.1526396942068091,False,BAD,BAD_AXIS_SPIKE,True,1.0,11,0.01,1.1526396942068091,False,BAD,BAD_AXIS_SPIKE,True,1.0,11,0.01,1.1526396942068091,False
nstxuG142301H47/N10/egn10w.2777E+02,bad,b36041f7fb00e21eac1c432b599750b0c3ec727d9e1279bebd28dbd9f1f126bd,False,True,0.10500000000000001,-0.04605564921316993,4.181860976540196e-05,0.01,1.0391556065743588,BAD,BAD_INTERIOR_UNRESOLVED_ENVELOPE,BAD,BAD_AXIS_SPIKE,True,1.0,11,0.01,1.0970040462948767,False,BAD,BAD_AXIS_SPIKE,True,1.0,11,0.01,1.0970040462948767,False,BAD,BAD_AXIS_SPIKE,True,1.0,11,0.01,1.0970040462948767,False,BAD,BAD_AXIS_SPIKE,True,1.0,11,0.01,1.0970040462948767,False
nstxuG142301H47/N2/egn02w.2016E+02,bad,30bf84653ce42861a23e0144b731c7b5209d9aa468cf06bd5924275d3c35de5f,False,True,0.015,-0.003096444269095262,0.28683398467178145,0.1,1.3395309592027616,BAD,BAD_GRID_SCALE_SPIKE,BAD,BAD_GRID_SCALE_SPIKE,False,0.23982234635628036,3,0.005,2.2980068304852943,False,BAD,BAD_AXIS_SPIKE,True,0.23982234635628036,3,0.005,2.2980068304852943,False,BAD,BAD_AXIS_SPIKE,True,0.23982234635628036,3,0.005,2.2980068304852943,False,BAD,BAD_AXIS_SPIKE,True,0.23982234635628036,3,0.005,2.2980068304852943,False
nstxuG142301H47/N2/egn02w.2038E+02,bad,4dc3508991e4c60789590f6f60e2f91e3e98bec5a9f2a246409def53996e92f5,True,True,0.01999999999999999,0.002270828188029162,0.1668799908801324,0.105,4.954465880498413,BAD,BAD_GRID_SCALE_SPIKE,BAD,BAD_GRID_SCALE_SPIKE,False,0.3822202140592951,3,0.005,2.6497341502811538,False,BAD,BAD_AXIS_SPIKE,True,0.3822202140592951,3,0.005,2.6497341502811538,False,BAD,BAD_AXIS_SPIKE,True,0.3822202140592951,3,0.005,2.6497341502811538,False,BAD,BAD_AXIS_SPIKE,True,0.3822202140592951,3,0.005,2.6497341502811538,False
nstxuG142301H47/N2/egn02w.2254E+02,bad,2c309d3b571fbd8bde440968972b0878e38e184da684b85c2c464a879d7cdf94,False,True,0.08,0.05133676310504575,0.22876220238824418,0.005,1.1987555543253203,BAD,BAD_GRID_SCALE_SPIKE,BAD,BAD_AXIS_SPIKE,True,1.0,3,0.005,1.4630686764245389,False,BAD,BAD_AXIS_SPIKE,True,1.0,3,0.005,1.4630686764245389,False,BAD,BAD_AXIS_SPIKE,True,1.0,3,0.005,1.4630686764245389,False,BAD,BAD_AXIS_SPIKE,True,1.0,3,0.005,1.4630686764245389,False
nstxuG142301H47/N2/egn02w.2312E+02,bad,283515e80a36d987400bcc1e935ec57659249d227f53c3913cdfce0cc43a221f,False,True,0.08,0.0633716141201107,0.04050545419504346,0.005,1.3757880318597897,BAD,BAD_GRID_SCALE_SPIKE,BAD,BAD_AXIS_SPIKE,True,0.8008220328873303,2,0.015,1.2863046108802185,False,BAD,BAD_AXIS_SPIKE,True,1.0,3,0.005,2.3655901995560615,False,BAD,BAD_AXIS_SPIKE,True,1.0,3,0.005,2.3655901995560615,False,BAD,BAD_AXIS_SPIKE,True,1.0,3,0.005,2.3655901995560615,False
nstxuG142301H47/N2/egn02w.8452E+01,bad,fe99fb698fe1cde53d960b5d432bb79cfa6702081a5f88a6c45a1cc1d827d21b,False,True,0.08,-0.5490925751618726,0.03101051520909179,0.005,1.1133284745059608,BAD,BAD_GRID_SCALE_SPIKE,BAD,BAD_AXIS_SPIKE,True,1.0,3,0.005,1.195217829169776,False,BAD,BAD_AXIS_SPIKE,True,1.0,3,0.005,1.195217829169776,False,BAD,BAD_AXIS_SPIKE,True,1.0,3,0.005,1.195217829169776,False,BAD,BAD_AXIS_SPIKE,True,1.0,3,0.005,1.195217829169776,False
nstxuG142301H47/N2/egn02w.8506E+01,bad,6d56538f963b98ba9c01488112a9a32aed1412cf327d98b0b8e8618c6258ee42,False,True,0.08,-0.5441800719676881,0.07732822602267633,0.005,1.112469785622966,BAD,BAD_GRID_SCALE_SPIKE,BAD,BAD_AXIS_SPIKE,True,1.0,3,0.005,1.1956048806045043,False,BAD,BAD_AXIS_SPIKE,True,1.0,3,0.005,1.1956048806045043,False,BAD,BAD_AXIS_SPIKE,True,1.0,3,0.005,1.1956048806045043,False,BAD,BAD_AXIS_SPIKE,True,1.0,3,0.005,1.1956048806045043,False
nstxuG142301H47/N3/egn03w.1659E+02,bad,2e3be706f0059b72c7b93f63045514bb1a8a5b6e16510c3c40ef5133be797388,False,True,0.010000000000000009,0.12057893406687334,0.2700516215829517,0.275,34.71193260889155,BAD,BAD_CONT_CROSS_WINDOW,BAD,BAD_AXIS_SPIKE,True,0.667413780580342,3,0.01,1.9452613215577494,False,BAD,BAD_AXIS_SPIKE,True,0.667413780580342,3,0.01,1.9452613215577494,False,BAD,BAD_AXIS_SPIKE,True,0.667413780580342,3,0.01,1.9452613215577494,False,BAD,BAD_AXIS_SPIKE,True,0.667413780580342,3,0.01,1.9452613215577494,False
nstxuG142301H47/N3/egn03w.3059E+02,bad,9a9df7e25a3d7a94f61c3a5210fb131ea6173b1c9a8828a6c80724dd6497045f,False,True,0.165,-0.0752222616571941,0.011245158816222234,0.165,2.027934307338608,BAD,BAD_GRID_SCALE_SPIKE,BAD,BAD_AXIS_SPIKE,True,0.45649863329894586,3,0.01,1.346182235909875,False,BAD,BAD_AXIS_SPIKE,True,0.45649863329894586,3,0.01,1.346182235909875,False,BAD,BAD_AXIS_SPIKE,True,0.5745853851477918,4,0.015,3.2162065769836627,False,BAD,BAD_AXIS_SPIKE,True,0.5745853851477918,4,0.015,3.2162065769836627,False
nstxuG142301H47/N5/egn05w.1335E+02,bad,17d9077d7a07d55f9f7ddacee2f69c84d6298f9ed8b8730df2abb8a4626f4183,False,True,0.13999999999999999,-0.14488844098284337,0.026586300889195353,0.01,1.1208280959782027,BAD,BAD_CONT_CROSS_WINDOW,BAD,BAD_AXIS_SPIKE,True,1.0,6,0.01,1.3325862001186757,False,BAD,BAD_AXIS_SPIKE,True,1.0,6,0.01,1.3325862001186757,False,BAD,BAD_AXIS_SPIKE,True,1.0,6,0.01,1.3325862001186757,False,BAD,BAD_AXIS_SPIKE,True,1.0,6,0.01,1.3325862001186757,False
nstxuG142301H47/N5/egn05w.1372E+02,bad,e63517cd399e9486d440b3a3aa2453638c1e5441cc202359b339a237ae7a44c0,False,True,0.41000000000000003,0.16347421451592817,0.013926373012099156,0.8250000000000001,1.37386723219719,BAD,BAD_GRID_SCALE_SPIKE,BAD,BAD_AXIS_SPIKE,True,0.433926872737771,6,0.01,1.3366416093045044,False,BAD,BAD_AXIS_SPIKE,True,0.433926872737771,6,0.01,1.3366416093045044,False,BAD,BAD_AXIS_SPIKE,True,0.433926872737771,6,0.01,1.3366416093045044,False,BAD,BAD_AXIS_SPIKE,True,0.433926872737771,6,0.01,1.3366416093045044,False
nstxuG142301H47/N5/egn05w.1376E+02,bad,6aba9ea89e8b7a0b19604072e5e4fee48e0e050f387d11dea6545e235a47d873,False,True,0.13999999999999999,-0.12763918637031962,0.014636400718261606,0.01,1.1229007945775626,BAD,BAD_GRID_SCALE_SPIKE,BAD,BAD_AXIS_SPIKE,True,1.0,6,0.01,1.337721067185376,False,BAD,BAD_AXIS_SPIKE,True,1.0,6,0.01,1.337721067185376,False,BAD,BAD_AXIS_SPIKE,True,1.0,6,0.01,1.337721067185376,False,BAD,BAD_AXIS_SPIKE,True,1.0,6,0.01,1.337721067185376,False
nstxuG142301H47/N5/egn05w.1405E+02,bad,9330aecd6d7b459263a8db6767b08d2985818722d47282baf4c3e2727c69c701,False,True,0.13,-0.11594466506214324,0.016417496495623178,0.02,2.3996459351807204,BAD,BAD_CONT_CROSS_WINDOW,BAD,BAD_AXIS_SPIKE,True,0.9689945147583996,6,0.01,1.3435586550399337,False,BAD,BAD_AXIS_SPIKE,True,0.9689945147583996,6,0.01,1.3435586550399337,False,BAD,BAD_AXIS_SPIKE,True,1.0,6,0.02,3.6452488312491766,False,BAD,BAD_AXIS_SPIKE,True,1.0,6,0.02,3.6452488312491766,False
nstxuG142301H47/N5/egn05w.1424E+02,bad,a9b3a37bbd13493c25a42b0edde68b3d839055ee5eb275edd4849ccb95160e58,False,True,0.125,-0.1086988992825605,0.029986383361719812,0.025,2.369619135210313,BAD,BAD_CONT_CROSS_WINDOW,BAD,BAD_AXIS_SPIKE,True,0.9244461364973123,6,0.01,1.3453323656980176,False,BAD,BAD_AXIS_SPIKE,True,0.9244461364973123,6,0.01,1.3453323656980176,False,BAD,BAD_AXIS_SPIKE,True,1.0,6,0.025,3.4367353210260436,False,BAD,BAD_AXIS_SPIKE,True,1.0,6,0.025,3.4367353210260436,False
nstxuG142301H47/N5/egn05w.1759E+02,bad,f91e1eda8c4af07e0c67fff3237ceb440665656cfa52b054bb9d6ba6ad79e9be,False,True,0.11499999999999999,0.0025941107863570317,0.08046103477534271,0.035,1.1837179813200496,BAD,BAD_GRID_SCALE_SPIKE,BAD,BAD_AXIS_SPIKE,True,0.49040474099111125,6,0.02,1.9810509312264224,False,BAD,BAD_AXIS_SPIKE,True,0.49040474099111125,6,0.02,1.9810509312264224,False,BAD,BAD_AXIS_SPIKE,True,0.49040474099111125,6,0.02,1.9810509312264224,False,BAD,BAD_AXIS_SPIKE,True,0.49040474099111125,6,0.02,1.9810509312264224,False
nstxuG142301H47/N5/egn05w.1831E+02,bad,8e54f1789d1fa000a808c7661a88556071d3ecf1d9f718918938827b02052dab,True,True,0.0,0.022481948039750982,0.6249963031754487,0.15,6.949233455033527,REVIEW,NO_GOOD_TEMPLATE,BAD,BAD_AXIS_SPIKE,True,0.492945617073605,6,0.015,1.434405940657097,False,BAD,BAD_AXIS_SPIKE,True,0.492945617073605,6,0.015,1.434405940657097,False,BAD,BAD_AXIS_SPIKE,True,0.492945617073605,6,0.015,1.434405940657097,False,BAD,BAD_AXIS_SPIKE,True,0.7894014241772758,6,0.025,7.324944540512215,False
nstxuG142301H47/N5/egn05w.1930E+02,bad,ecf6f6bf5a6d8e846373ef7974c40d6591b3b52bfcfa742ff14a72a196470535,False,True,0.135,0.04788132836042502,0.5716032608409046,0.015,2.0119684054231923,BAD,BAD_GRID_SCALE_SPIKE,BAD,BAD_GRID_SCALE_SPIKE,False,1.0,6,0.015,2.6286322193559157,False,BAD,BAD_AXIS_SPIKE,True,1.0,6,0.015,2.6286322193559157,False,BAD,BAD_AXIS_SPIKE,True,1.0,6,0.015,2.6286322193559157,False,BAD,BAD_AXIS_SPIKE,True,1.0,6,0.015,2.6286322193559157,False
nstxuG142301H47/N5/egn05w.2251E+02,bad,75ee8b337e12ef6bbfe7690f4960206dc676b5172558a98ed0ea2bcecba478fe,False,True,0.14,0.059199362032958364,0.16793994136918913,0.02,1.0777641469147954,BAD,BAD_GRID_SCALE_SPIKE,BAD,BAD_AXIS_SPIKE,True,1.0,6,0.02,1.2643048309450102,False,BAD,BAD_AXIS_SPIKE,True,1.0,6,0.02,1.2643048309450102,False,BAD,BAD_AXIS_SPIKE,True,1.0,6,0.02,1.2643048309450102,False,BAD,BAD_AXIS_SPIKE,True,1.0,6,0.02,1.2643048309450102,False
nstxuG142301H47/N5/egn05w.2293E+02,bad,f13547e09d48551ecc28cbf5feb1a225cd448dab2a80bdaa11960d35ce4e815d,False,True,0.55,0.0419545401317674,0.07058657995674637,0.98,2.194620294809835,BAD,BAD_GRID_SCALE_SPIKE,BAD,BAD_AXIS_SPIKE,True,0.2805732786176574,6,0.02,1.2719628643188887,False,BAD,BAD_AXIS_SPIKE,True,0.2805732786176574,6,0.02,1.2719628643188887,False,BAD,BAD_AXIS_SPIKE,True,0.2805732786176574,6,0.02,1.2719628643188887,False,BAD,BAD_AXIS_SPIKE,True,0.2805732786176574,6,0.02,1.2719628643188887,False
nstxuG142301H47/N5/egn05w.2296E+02,bad,d8500f6ef681f92974d6947073ae60b919391f838fb12b2e6a532f082e16d9e3,False,True,0.10500000000000004,0.04138865848079798,0.19906992108016072,0.535,2.086514882797852,BAD,BAD_GRID_SCALE_SPIKE,BAD,BAD_AXIS_SPIKE,True,0.23558728093664483,6,0.02,1.321608856113534,False,BAD,BAD_AXIS_SPIKE,True,0.23558728093664483,6,0.02,1.321608856113534,False,BAD,BAD_AXIS_SPIKE,True,0.23558728093664483,6,0.02,1.321608856113534,False,BAD,BAD_AXIS_SPIKE,True,0.23558728093664483,6,0.02,1.321608856113534,False
nstxuG142301H47/N5/egn05w.2425E+02,bad,81d1d2bef82dad86978be330a8242748a45eab9a5a767b61bf80b1d340b15ca9,True,True,0.010000000000000009,0.03150239185458297,0.269406806842655,0.315,9.294823934949282,BAD,BAD_GRID_SCALE_SPIKE,BAD,BAD_AXIS_SPIKE,True,0.3993613970747456,6,0.01,1.3392531255041333,False,BAD,BAD_AXIS_SPIKE,True,0.3993613970747456,6,0.01,1.3392531255041333,False,BAD,BAD_AXIS_SPIKE,True,0.3993613970747456,6,0.01,1.3392531255041333,False,BAD,BAD_AXIS_SPIKE,True,0.3993613970747456,6,0.01,1.3392531255041333,False
nstxuG142301H47/N5/egn05w.2449E+02,bad,22777ca5bb53b78d79c28f3ca3780d89e551aa5ad1190978580e68405f1b4994,False,True,0.04999999999999999,0.008297664689981523,0.18517261349660985,0.48,1.0234751983869583,BAD,BAD_GRID_SCALE_SPIKE,BAD,BAD_AXIS_SPIKE,True,0.4955338098285976,6,0.01,1.3089468867269665,False,BAD,BAD_AXIS_SPIKE,True,0.4955338098285976,6,0.01,1.3089468867269665,False,BAD,BAD_AXIS_SPIKE,True,0.4955338098285976,6,0.01,1.3089468867269665,False,BAD,BAD_AXIS_SPIKE,True,0.4955338098285976,6,0.01,1.3089468867269665,False
nstxuG142301H47/N5/egn05w.2464E+02,bad,da0db0b51098bb23ac43987a880fc8fa2f66a24e29f1f61293b0b8a020b00f87,True,True,0.0050000000000000044,0.01230476283138242,0.5769402900617773,0.165,5.149745718536891,BAD,BAD_CONT_CROSS_WINDOW,BAD,BAD_AXIS_SPIKE,True,0.3125375432683236,6,0.01,1.2929142420326427,False,BAD,BAD_AXIS_SPIKE,True,0.3125375432683236,6,0.01,1.2929142420326427,False,BAD,BAD_AXIS_SPIKE,True,0.3125375432683236,6,0.01,1.2929142420326427,False,BAD,BAD_AXIS_SPIKE,True,0.3125375432683236,6,0.01,1.2929142420326427,False
nstxuG142301H47/N5/egn05w.2721E+02,bad,2815139aa9ffef968d536cba76e47b577c6fe9efce66ef80fb00c79515421f58,False,True,0.15,-0.036655450332251094,0.09355882775017207,0.01,1.0235699232311182,BAD,BAD_GRID_SCALE_PACKET,BAD,BAD_AXIS_SPIKE,True,1.0,6,0.01,1.1117851615150718,False,BAD,BAD_AXIS_SPIKE,True,1.0,6,0.01,1.1117851615150718,False,BAD,BAD_AXIS_SPIKE,True,1.0,6,0.01,1.1117851615150718,False,BAD,BAD_AXIS_SPIKE,True,1.0,6,0.01,1.1117851615150718,False
nstxuG142301H47/N5/egn05w.2928E+02,bad,2b26841dcee18ab066833dfe4294e39fb0cf34e1c6958518744f17c0b695c654,False,True,0.15,-0.07144241559144539,0.005941314388977774,0.01,1.0162353525660646,BAD,BAD_GRID_SCALE_SPIKE,BAD,BAD_AXIS_SPIKE,True,1.0,6,0.01,1.0161883318859273,False,BAD,BAD_AXIS_SPIKE,True,1.0,6,0.01,1.0161883318859273,False,BAD,BAD_AXIS_SPIKE,True,1.0,6,0.01,1.0161883318859273,False,BAD,BAD_AXIS_SPIKE,True,1.0,6,0.01,1.0161883318859273,False
nstxuG142301H47/N5/egn05w.2936E+02,bad,38b4087e54372977591dc65c864b687db2212eacf2b3137ebbfebe08392ede55,False,True,0.15,-0.07256164105407016,0.003559687837888641,0.01,1.0165435200242312,BAD,BAD_GRID_SCALE_SPIKE,BAD,BAD_AXIS_SPIKE,True,1.0,6,0.01,1.0202284181782184,False,BAD,BAD_AXIS_SPIKE,True,1.0,6,0.01,1.0202284181782184,False,BAD,BAD_AXIS_SPIKE,True,1.0,6,0.01,1.0202284181782184,False,BAD,BAD_AXIS_SPIKE,True,1.0,6,0.01,1.0202284181782184,False
nstxuG142301H47/N6/egn06w.1623E+02,bad,68cd8863b06ddf28ddfa36524621db1c2653b9cdc9052c200e3e3f1cb6f60dbf,False,True,0.08499999999999999,-0.08909321750862259,0.0004935783994223933,0.025,1.0529701415867523,BAD,BAD_CONT_CROSS_WINDOW,BAD,BAD_AXIS_SPIKE,True,1.0,7,0.025,1.2736240752168706,False,BAD,BAD_AXIS_SPIKE,True,1.0,7,0.025,1.2736240752168706,False,BAD,BAD_AXIS_SPIKE,True,1.0,7,0.025,1.2736240752168706,False,BAD,BAD_AXIS_SPIKE,True,1.0,7,0.025,1.2736240752168706,False
nstxuG142301H47/N6/egn06w.1649E+02,bad,ad6d8661af3704c062d04de8870bdb22409bf64f79c1e4eaa8112b357781cec9,False,True,0.09,-0.08062686190310607,0.0027032755941442895,0.02,1.0483711703242125,BAD,BAD_GRID_SCALE_SPIKE,BAD,BAD_AXIS_SPIKE,True,1.0,7,0.02,1.2564415024881135,False,BAD,BAD_AXIS_SPIKE,True,1.0,7,0.02,1.2564415024881135,False,BAD,BAD_AXIS_SPIKE,True,1.0,7,0.02,1.2564415024881135,False,BAD,BAD_AXIS_SPIKE,True,1.0,7,0.02,1.2564415024881135,False
nstxuG142301H47/N6/egn06w.1663E+02,bad,fdb84105a0880afca0d05a516e65b361c54319cedc2591be07a39390744ccd3f,False,True,0.095,-0.07608930926197693,0.002897669532943443,0.015,1.3708200467308251,BAD,BAD_GRID_SCALE_SPIKE,BAD,BAD_AXIS_SPIKE,True,1.0,7,0.015,1.851482207591798,False,BAD,BAD_AXIS_SPIKE,True,1.0,7,0.015,1.851482207591798,False,BAD,BAD_AXIS_SPIKE,True,1.0,7,0.015,1.851482207591798,False,BAD,BAD_AXIS_SPIKE,True,1.0,7,0.015,1.851482207591798,False
nstxuG142301H47/N6/egn06w.1966E+02,bad,c0c1652814b916a95282a6040c9699c13b8237d1856ee68f12b3ddceeedd1d20,False,True,0.1,0.010285329343649379,0.590200494456932,0.01,1.1850645479858746,BAD,BAD_INTERIOR_UNRESOLVED_ENVELOPE,BAD,BAD_AXIS_SPIKE,True,1.0,7,0.01,1.5133957976654115,False,BAD,BAD_AXIS_SPIKE,True,1.0,7,0.01,1.5133957976654115,False,BAD,BAD_AXIS_SPIKE,True,1.0,7,0.01,1.5133957976654115,False,BAD,BAD_AXIS_SPIKE,True,1.0,7,0.01,1.5133957976654115,False
nstxuG142301H47/N6/egn06w.2849E+02,bad,d47cefa378cfa6f23dd9a1f311f4da17d695c4dcfd88696c4aff96c795e29534,False,True,0.10500000000000001,-0.05826603058631081,0.08393276672050683,0.01,1.62714601300218,BAD,BAD_GRID_SCALE_SPIKE,BAD,BAD_AXIS_SPIKE,True,1.0,8,0.005,1.035691325612771,False,BAD,BAD_AXIS_SPIKE,True,1.0,8,0.005,1.035691325612771,False,BAD,BAD_AXIS_SPIKE,True,1.0,8,0.005,1.035691325612771,False,BAD,BAD_AXIS_SPIKE,True,1.0,8,0.005,1.035691325612771,False
nstxuG142301H47/N6/egn06w.2859E+02,bad,83e3e6753ee0fb0d23b35210bf7f94d34d754ea34b955754aa9f99b0b8c73c90,False,True,0.10500000000000001,-0.06004343827176384,0.13017909159096552,0.01,1.6215561682126747,BAD,BAD_GRID_SCALE_SPIKE,BAD,BAD_AXIS_SPIKE,True,1.0,8,0.005,1.0099271210837455,False,BAD,BAD_AXIS_SPIKE,True,1.0,8,0.005,1.0099271210837455,False,BAD,BAD_AXIS_SPIKE,True,1.0,8,0.005,1.0099271210837455,False,BAD,BAD_AXIS_SPIKE,True,1.0,8,0.005,1.0099271210837455,False
nstxuG142301H47/N7/egn07w.1977E+02,bad,d6992e038edd90fb83b209332bbee708dcd278e2816cdd9d38da081fca1160d0,False,True,0.075,-0.024851320290080428,0.16625110317815522,0.005,1.092458534066037,BAD,BAD_GRID_SCALE_SPIKE,BAD,BAD_AXIS_SPIKE,True,1.0,8,0.005,1.3251495232096768,False,BAD,BAD_AXIS_SPIKE,True,1.0,8,0.005,1.3251495232096768,False,BAD,BAD_AXIS_SPIKE,True,1.0,8,0.005,1.3251495232096768,False,BAD,BAD_AXIS_SPIKE,True,1.0,8,0.005,1.3251495232096768,False
nstxuG142301H47/N7/egn07w.2133E+02,bad,2d267bfcc011bc83ba919690dad8b10402ef1a43a3c6ded5930f1a0ab98b09dc,True,True,0.0,0.01336219936409702,0.9662336405566327,0.08,2.889290831601493,REVIEW,NO_GOOD_TEMPLATE,BAD,BAD_AXIS_SPIKE,True,0.20609425926114167,8,0.005,1.1581973849595792,False,BAD,BAD_AXIS_SPIKE,True,0.20609425926114167,8,0.005,1.1581973849595792,False,BAD,BAD_AXIS_SPIKE,True,0.20609425926114167,8,0.005,1.1581973849595792,False,BAD,BAD_AXIS_SPIKE,True,0.20609425926114167,8,0.005,1.1581973849595792,False
nstxuG142301H47/N7/egn07w.3131E+02,bad,bb7bdbdc9caa81f8d20b40d702156406be8e62e289815914362e9ae273814ce7,False,True,0.05500000000000001,-0.10108715711305441,0.06435915804085796,0.14,2.254092922358053,BAD,BAD_GRID_SCALE_SPIKE,BAD,BAD_AXIS_SPIKE,True,0.41940148895426416,8,0.005,1.235314665448982,False,BAD,BAD_AXIS_SPIKE,True,0.41940148895426416,8,0.005,1.235314665448982,False,BAD,BAD_AXIS_SPIKE,True,0.41940148895426416,8,0.005,1.235314665448982,False,BAD,BAD_AXIS_SPIKE,True,0.41940148895426416,8,0.005,1.235314665448982,False
nstxuG142301H47/N8/egn08w.2601E+02,bad,d013583d78b908480d27b728737e32ce59cdd349ce0521f5ee1e16f0ca5e2c6a,False,True,0.055,-0.01276660010627441,0.12970247838305102,0.005,1.3755351916451326,BAD,BAD_GRID_SCALE_SPIKE,BAD,BAD_AXIS_SPIKE,True,1.0,10,0.005,1.333895973058499,False,BAD,BAD_AXIS_SPIKE,True,1.0,10,0.005,1.333895973058499,False,BAD,BAD_AXIS_SPIKE,True,1.0,10,0.005,1.333895973058499,False,BAD,BAD_AXIS_SPIKE,True,1.0,10,0.005,1.333895973058499,False
nstxuG142301H47/N8/egn08w.2614E+02,bad,7d1cc503e61e6682196753423ec2611f5ccce3bb7b55f201f514e4e0c3ab990b,False,True,0.055,-0.015194105342648031,0.22356840555767307,0.005,1.365832946772597,BAD,BAD_GRID_SCALE_SPIKE,BAD,BAD_AXIS_SPIKE,True,1.0,10,0.005,1.3333944289382376,False,BAD,BAD_AXIS_SPIKE,True,1.0,10,0.005,1.3333944289382376,False,BAD,BAD_AXIS_SPIKE,True,1.0,10,0.005,1.3333944289382376,False,BAD,BAD_AXIS_SPIKE,True,1.0,10,0.005,1.3333944289382376,False
nstxuG142301H47/N8/egn08w.2708E+02,bad,7eb9d0f321475009c8c3d4f543dd58798f6c5348f062ebd0c5d489417d1c4073,False,True,0.019999999999999962,-0.026810442627742206,0.18735017834818465,0.34500000000000003,1.0628917865943444,BAD,BAD_GRID_SCALE_SPIKE,BAD,BAD_AXIS_SPIKE,True,1.0,10,0.005,1.3583593089477775,False,BAD,BAD_AXIS_SPIKE,True,1.0,10,0.005,1.3583593089477775,False,BAD,BAD_AXIS_SPIKE,True,1.0,10,0.005,1.3583593089477775,False,BAD,BAD_AXIS_SPIKE,True,1.0,10,0.005,1.3583593089477775,False
nstxuG142301H47/N8/egn08w.2727E+02,bad,6db8f3d00336d1139a787e7e1140fbd501ab7795d12f2ac1ff4593d23aa92586,False,True,0.055,-0.035814690757102786,0.3233804950519926,0.005,1.3174859399663303,BAD,BAD_GRID_SCALE_SPIKE,BAD,BAD_AXIS_SPIKE,True,1.0,10,0.005,1.3623139274935618,False,BAD,BAD_AXIS_SPIKE,True,1.0,10,0.005,1.3623139274935618,False,BAD,BAD_AXIS_SPIKE,True,1.0,10,0.005,1.3623139274935618,False,BAD,BAD_AXIS_SPIKE,True,1.0,10,0.005,1.3623139274935618,False
nstxuG142301H47/N9/egn09w.1907E+02,bad,5d98361944c661dedcbcf9590e6329876ce0bf3b70e962c93dea24f9aeb47653,False,True,0.019999999999999997,0.1468775456930188,0.32900865450758116,0.01,1.773028911152899,BAD,BAD_GRID_SCALE_SPIKE,BAD,BAD_AXIS_SPIKE,True,1.0,10,0.005,1.2648975994892973,False,BAD,BAD_AXIS_SPIKE,True,1.0,10,0.005,1.2648975994892973,False,BAD,BAD_AXIS_SPIKE,True,1.0,10,0.005,1.2648975994892973,False,BAD,BAD_AXIS_SPIKE,True,1.0,10,0.005,1.2648975994892973,False
nstxuG142301H47/N9/egn09w.2352E+02,bad,bf750e3f1d2dac33ad3dcd49739cd923d0377825c6601da63d4c0cf9e71d303a,True,True,0.0050000000000000044,0.03274421515161506,0.999471622289506,0.035,1.2650828494918873,REVIEW,NO_GOOD_TEMPLATE,REVIEW,NO_GOOD_TEMPLATE,False,0.5878924269305168,10,0.025,3.800358101241423,False,REVIEW,NO_GOOD_TEMPLATE,False,0.5878924269305168,10,0.025,3.800358101241423,False,BAD,BAD_AXIS_SPIKE,True,0.5878924269305168,10,0.025,3.800358101241423,False,BAD,BAD_AXIS_SPIKE,True,0.5878924269305168,10,0.025,3.800358101241423,False
nstxuG142301H47/N9/egn09w.2507E+02,bad,e6fe75f215dc9ccdda1e6e1877192cf1333de217dba8958ffce5d97bfed187f0,True,True,0.015,0.0002782533973954466,0.2441551299623274,0.015,1.1504399423681693,BAD,BAD_GRID_SCALE_SPIKE,BAD,BAD_AXIS_SPIKE,True,1.0,11,0.015,1.323734637845551,False,BAD,BAD_AXIS_SPIKE,True,1.0,11,0.015,1.323734637845551,False,BAD,BAD_AXIS_SPIKE,True,1.0,11,0.015,1.323734637845551,False,BAD,BAD_AXIS_SPIKE,True,1.0,11,0.015,1.323734637845551,False
nstxuG142301H47/N9/egn09w.2574E+02,bad,3afadf983152f6e168a2f789b6939481737259162cdaf1ce5ba079b53f53b68e,True,True,0.0,0.00031415603395127496,0.39965405254608477,0.325,1.2268482116166157,BAD,BAD_GRID_SCALE_SPIKE,BAD,BAD_AXIS_SPIKE,True,0.21443630841380315,10,0.03,1.450150841673891,False,BAD,BAD_AXIS_SPIKE,True,0.5761338742919213,11,0.02,2.6961273650266517,False,BAD,BAD_AXIS_SPIKE,True,0.5761338742919213,11,0.02,2.6961273650266517,False,BAD,BAD_AXIS_SPIKE,True,0.5761338742919213,11,0.02,2.6961273650266517,False
nstxuG142301W29/N1/egn01w.2010E+02,bad,d6aae38f4b3f5a020952ca466ceb5aded6760d6d41e23229741f5426d52453cd,False,True,0.035,0.0030739231038193547,0.3095293751692481,0.045,2.732531815880357,BAD,BAD_GRID_SCALE_SPIKE,BAD,BAD_AXIS_SPIKE,True,0.35098568921022816,3,0.02,1.415947556123915,False,BAD,BAD_AXIS_SPIKE,True,0.8327706458198827,1,0.015,2.126478679394539,False,BAD,BAD_AXIS_SPIKE,True,0.8327706458198827,1,0.015,2.126478679394539,False,BAD,BAD_AXIS_SPIKE,True,0.8327706458198827,1,0.015,2.126478679394539,False
nstxuG142301W29/N1/egn01w.2016E+02,bad,64731126dce9b874193d7141080e097e473db3fef33a5b498adc01c1431c72f2,False,True,0.05,0.004590876521019779,0.05268682473009526,0.03,1.2406282387328957,BAD,BAD_GRID_SCALE_SPIKE,BAD,BAD_AXIS_SPIKE,True,0.3536055525877812,3,0.03,1.4887673357466746,False,BAD,BAD_AXIS_SPIKE,True,1.0,1,0.03,2.309965934439976,False,BAD,BAD_AXIS_SPIKE,True,1.0,1,0.03,2.309965934439976,False,BAD,BAD_AXIS_SPIKE,True,1.0,1,0.03,2.309965934439976,False
nstxuG142301W29/N1/egn01w.2024E+02,bad,baa1b632e95cca85d5d12d71e68468b0b379869b5195c80ca0b17783e4ece21d,False,True,0.05,0.0065804731500915745,0.049310322706949995,0.03,1.1509620984567057,BAD,BAD_GRID_SCALE_SPIKE,BAD,BAD_AXIS_SPIKE,True,1.0,1,0.03,1.5229039943283889,False,BAD,BAD_AXIS_SPIKE,True,1.0,1,0.03,1.5229039943283889,False,BAD,BAD_AXIS_SPIKE,True,1.0,1,0.03,1.5229039943283889,False,BAD,BAD_AXIS_SPIKE,True,1.0,1,0.03,1.5229039943283889,False
nstxuG142301W29/N1/egn01w.2041E+02,bad,b1a92c0ad57886b47f365422e3dff2a9b89bc9a3f6d46b5a9ad210a2d9896978,False,True,0.065,0.010526628117329751,0.050945658213075735,0.015,1.058745413347099,BAD,BAD_GRID_SCALE_SPIKE,BAD,BAD_AXIS_SPIKE,True,1.0,1,0.015,1.193352263932741,False,BAD,BAD_AXIS_SPIKE,True,1.0,1,0.015,1.193352263932741,False,BAD,BAD_AXIS_SPIKE,True,1.0,1,0.015,1.193352263932741,False,BAD,BAD_AXIS_SPIKE,True,1.0,1,0.015,1.193352263932741,False
nstxuG142301W29/N1/egn01w.2064E+02,bad,baab94d73fc817d93d8f2c87faba89dfdeef6681fcccd86c2c6387c0ca7332dd,False,True,0.065,0.01617131474879355,0.04203303330363891,0.015,1.1611095810544627,BAD,BAD_INTERIOR_UNRESOLVED_ENVELOPE,BAD,BAD_AXIS_SPIKE,True,1.0,1,0.015,1.5833035040350003,False,BAD,BAD_AXIS_SPIKE,True,1.0,1,0.015,1.5833035040350003,False,BAD,BAD_AXIS_SPIKE,True,1.0,1,0.015,1.5833035040350003,False,BAD,BAD_AXIS_SPIKE,True,1.0,1,0.015,1.5833035040350003,False
nstxuG142301W29/N1/egn01w.2079E+02,bad,4619a1c4f48e6a30cfaf3705439d07377061a296d2909e389c287ed42b78221f,False,True,0.065,0.01958799683393136,0.09804501206479584,0.015,1.4286908595758239,BAD,BAD_INTERIOR_UNRESOLVED_ENVELOPE,BAD,BAD_INTERIOR_UNRESOLVED_ENVELOPE,False,1.0,1,0.015,2.1516990679960744,False,BAD,BAD_AXIS_SPIKE,True,1.0,1,0.015,2.1516990679960744,False,BAD,BAD_AXIS_SPIKE,True,1.0,1,0.015,2.1516990679960744,False,BAD,BAD_AXIS_SPIKE,True,1.0,1,0.015,2.1516990679960744,False
nstxuG142301W29/N1/egn01w.2093E+02,bad,0c1067530ec892d7301e4bf49ffcee23b8679d934c5aa7d3b084ecffb277b66b,False,True,0.075,0.02301970958598046,0.10530945468921506,0.005,1.1314826325496599,BAD,BAD_INTERIOR_UNRESOLVED_ENVELOPE,BAD,BAD_AXIS_SPIKE,True,1.0,1,0.005,1.2788390179312432,False,BAD,BAD_AXIS_SPIKE,True,1.0,1,0.005,1.2788390179312432,False,BAD,BAD_AXIS_SPIKE,True,1.0,1,0.005,1.2788390179312432,False,BAD,BAD_AXIS_SPIKE,True,1.0,1,0.005,1.2788390179312432,False
nstxuG142301W29/N1/egn01w.2121E+02,bad,4e2ebf9d266ccf8e62277c5c71f85259908d2e5dc1d11c017f512957575c6fac,False,True,0.075,0.029481396376001202,0.12597580786358256,0.005,1.0609986372453861,BAD,BAD_INTERIOR_UNRESOLVED_ENVELOPE,BAD,BAD_AXIS_SPIKE,True,1.0,1,0.005,1.0699119673325344,False,BAD,BAD_AXIS_SPIKE,True,1.0,1,0.005,1.0699119673325344,False,BAD,BAD_AXIS_SPIKE,True,1.0,1,0.005,1.0699119673325344,False,BAD,BAD_AXIS_SPIKE,True,1.0,1,0.005,1.0699119673325344,False
nstxuG142301W29/N1/egn01w.2158E+02,bad,e894e72f74d121327ec04d83800b6f79fd6c1c2761c36b8b357047bd62853280,False,True,0.075,0.03775113739745581,0.18030248831169865,0.005,1.0613087204687437,BAD,BAD_GRID_SCALE_SPIKE,BAD,BAD_AXIS_SPIKE,True,1.0,1,0.005,1.047637038566748,False,BAD,BAD_AXIS_SPIKE,True,1.0,1,0.005,1.047637038566748,False,BAD,BAD_AXIS_SPIKE,True,1.0,1,0.005,1.047637038566748,False,BAD,BAD_AXIS_SPIKE,True,1.0,1,0.005,1.047637038566748,False
nstxuG142301W29/N1/egn01w.2182E+02,bad,e9d39f286a3e17571a70d8c49ba767c836e126fd6e2ea02c614469496f8c37b1,False,True,0.075,0.04316368224202295,0.09194285386304606,0.005,1.0642174344388824,BAD,BAD_GRID_SCALE_SPIKE,BAD,BAD_AXIS_SPIKE,True,1.0,1,0.005,1.0641665966313965,False,BAD,BAD_AXIS_SPIKE,True,1.0,1,0.005,1.0641665966313965,False,BAD,BAD_AXIS_SPIKE,True,1.0,1,0.005,1.0641665966313965,False,BAD,BAD_AXIS_SPIKE,True,1.0,1,0.005,1.0641665966313965,False
nstxuG142301W29/N1/egn01w.2206E+02,bad,b6d97c54943272407d5f8884afd340a18858b80b2e482a488937fa48bea362d8,False,True,0.42500000000000004,0.18107124597740926,0.06605016296680553,0.675,1.1648926991652209,BAD,BAD_GRID_SCALE_SPIKE,BAD,BAD_AXIS_SPIKE,True,1.0,1,0.005,1.0465612274848126,False,BAD,BAD_AXIS_SPIKE,True,1.0,1,0.005,1.0465612274848126,False,BAD,BAD_AXIS_SPIKE,True,1.0,1,0.005,1.0465612274848126,False,BAD,BAD_AXIS_SPIKE,True,1.0,1,0.005,1.0465612274848126,False
nstxuG142301W29/N1/egn01w.2503E+02,bad,678a932fb6c08fc179e1bc249710718722b848f5aae7274e32698283daa68036,False,True,0.075,0.10658010614002128,0.3409236331141657,0.005,1.1138732380499117,BAD,BAD_INTERIOR_UNRESOLVED_ENVELOPE,BAD,BAD_AXIS_SPIKE,True,1.0,1,0.005,1.292082111838805,False,BAD,BAD_AXIS_SPIKE,True,1.0,1,0.005,1.292082111838805,False,BAD,BAD_AXIS_SPIKE,True,1.0,1,0.005,1.292082111838805,False,BAD,BAD_AXIS_SPIKE,True,1.0,1,0.005,1.292082111838805,False
nstxuG142301W29/N1/egn01w.2511E+02,bad,214340b3e5b12de688e83e13dccf7b4437162bc0224d5b221a883ae5dea0358c,False,True,0.075,0.10798298517065176,0.3264927322882606,0.005,1.1179606401500266,BAD,BAD_INTERIOR_UNRESOLVED_ENVELOPE,BAD,BAD_AXIS_SPIKE,True,1.0,1,0.005,1.302918677254125,False,BAD,BAD_AXIS_SPIKE,True,1.0,1,0.005,1.302918677254125,False,BAD,BAD_AXIS_SPIKE,True,1.0,1,0.005,1.302918677254125,False,BAD,BAD_AXIS_SPIKE,True,1.0,1,0.005,1.302918677254125,False
nstxuG142301W29/N10/egn10w.2712E+02,bad,3153a7b52e7a621de0829810a74ec59b9c796534d84ff2ef69c7dcd0515f1a15,True,True,0.0,0.032218401011281504,0.4031911391680954,0.215,4.189547734515853,BAD,BAD_GRID_SCALE_SPIKE,BAD,BAD_GRID_SCALE_SPIKE,False,0.5576145085457374,13,0.015,2.131136109381101,False,BAD,BAD_AXIS_SPIKE,True,0.5576145085457374,13,0.015,2.131136109381101,False,BAD,BAD_AXIS_SPIKE,True,0.5576145085457374,13,0.015,2.131136109381101,False,BAD,BAD_AXIS_SPIKE,True,0.5576145085457374,13,0.015,2.131136109381101,False
nstxuG142301W29/N10/egn10w.2807E+02,bad,f08f6b0c845ea2849f3ef1305c162ef24bf3fde7877774a2b132a84319cc4405,True,True,0.0,0.015684493526223052,0.2996502803029698,0.135,2.339616688935547,BAD,BAD_GRID_SCALE_SPIKE,BAD,BAD_AXIS_SPIKE,True,0.30386948197093444,12,0.005,1.2553884602083671,False,BAD,BAD_AXIS_SPIKE,True,0.30386948197093444,12,0.005,1.2553884602083671,False,BAD,BAD_AXIS_SPIKE,True,0.30386948197093444,12,0.005,1.2553884602083671,False,BAD,BAD_AXIS_SPIKE,True,0.30386948197093444,12,0.005,1.2553884602083671,False
nstxuG142301W29/N10/egn10w.2843E+02,bad,0e2600c5b8d990d189feadd87e67d763e728077a595440b8828b050190ac1fa5,True,True,0.0050000000000000044,0.008165240487324556,0.26434303594182995,0.21,2.312961691076781,BAD,BAD_GRID_SCALE_SPIKE,BAD,BAD_AXIS_SPIKE,True,0.2590862118793035,14,0.02,1.555769227568997,False,BAD,BAD_AXIS_SPIKE,True,0.9615144513972691,12,0.015,2.031872631510479,False,BAD,BAD_AXIS_SPIKE,True,0.9615144513972691,12,0.015,2.031872631510479,False,BAD,BAD_AXIS_SPIKE,True,0.9615144513972691,12,0.015,2.031872631510479,False
nstxuG142301W29/N10/egn10w.2862E+02,bad,071802492209e4fd2fab6c414b2d3c0b060363f246073c9b417f7e1730543d52,True,True,0.0050000000000000044,0.004766824843688892,0.35709326712748507,0.21,2.308922322702783,BAD,BAD_GRID_SCALE_SPIKE,BAD,BAD_AXIS_SPIKE,True,0.22076929938990184,12,0.02,1.3185976488329976,False,BAD,BAD_AXIS_SPIKE,True,0.22076929938990184,12,0.02,1.3185976488329976,False,BAD,BAD_AXIS_SPIKE,True,0.22076929938990184,12,0.02,1.3185976488329976,False,BAD,BAD_AXIS_SPIKE,True,0.22076929938990184,12,0.02,1.3185976488329976,False
nstxuG142301W29/N10/egn10w.2908E+02,bad,417f8bac917cae134c2107aeab36d0ca16732d1caad8e9d91f8ea5eb61c1fb9b,True,True,0.0,0.002203899048171684,0.2647848049043624,0.36,1.115125176934939,BAD,BAD_GRID_SCALE_SPIKE,BAD,BAD_GRID_SCALE_SPIKE,False,0.5468945595990384,12,0.02,2.178852610323924,False,BAD,BAD_AXIS_SPIKE,True,0.5468945595990384,12,0.02,2.178852610323924,False,BAD,BAD_AXIS_SPIKE,True,0.5468945595990384,12,0.02,2.178852610323924,False,BAD,BAD_AXIS_SPIKE,True,0.5468945595990384,12,0.02,2.178852610323924,False
nstxuG142301W29/N2/egn02w.3052E+02,bad,2b543094e83d33e4140cc98094c4aac902ee6618a0349a7469f1735b2a1d0b6a,False,True,0.415,-0.02103090222035863,0.004371782966403997,0.01,1.290388984821833,BAD,BAD_GRID_SCALE_SPIKE,BAD,BAD_AXIS_SPIKE,True,1.0,3,0.01,1.7678316159332106,False,BAD,BAD_AXIS_SPIKE,True,1.0,3,0.01,1.7678316159332106,False,BAD,BAD_AXIS_SPIKE,True,1.0,3,0.01,1.7678316159332106,False,BAD,BAD_AXIS_SPIKE,True,1.0,3,0.01,1.7678316159332106,False
nstxuG142301W29/N2/egn02w.3064E+02,bad,2aa35052fcd962b11ba5926e586ddba252c290aed4aa00d17f7eb1b461814241,False,True,0.065,-0.022990332992753472,0.023228244339061663,0.36,1.206646500406594,BAD,BAD_GRID_SCALE_SPIKE,BAD,BAD_AXIS_SPIKE,True,1.0,3,0.01,1.7081857026467326,False,BAD,BAD_AXIS_SPIKE,True,1.0,3,0.01,1.7081857026467326,False,BAD,BAD_AXIS_SPIKE,True,1.0,3,0.01,1.7081857026467326,False,BAD,BAD_AXIS_SPIKE,True,1.0,3,0.01,1.7081857026467326,False
nstxuG142301W29/N2/egn02w.3086E+02,bad,50c18fe8f5d1a88c7e4b229485b2bfcab9c3a54112adf84e697038be0ab9b1b1,False,True,0.07,-0.026490125516268857,0.029732321781191832,0.355,1.2462321303581159,BAD,BAD_GRID_SCALE_SPIKE,BAD,BAD_AXIS_SPIKE,True,1.0,3,0.01,1.8050090578181555,False,BAD,BAD_AXIS_SPIKE,True,1.0,3,0.01,1.8050090578181555,False,BAD,BAD_AXIS_SPIKE,True,1.0,3,0.01,1.8050090578181555,False,BAD,BAD_AXIS_SPIKE,True,1.0,3,0.01,1.8050090578181555,False
nstxuG142301W29/N2/egn02w.3164E+02,bad,9447fa5614225043e0adc6fb007eb1c5c67cf2cdd72609bf26c701cc043581dc,False,True,0.415,-0.0385128793387991,0.0005404585704423997,0.01,3.0480743599046134,BAD,BAD_GRID_SCALE_SPIKE,BAD,BAD_GRID_SCALE_SPIKE,False,1.0,3,0.01,4.4093089892671875,False,BAD,BAD_AXIS_SPIKE,True,0.3835572072635305,2,0.015,2.334645024969312,False,BAD,BAD_AXIS_SPIKE,True,1.0,3,0.01,4.4093089892671875,False,BAD,BAD_AXIS_SPIKE,True,1.0,3,0.01,4.4093089892671875,False
nstxuG142301W29/N2/egn02w.3173E+02,bad,b718f324c6330ff938c8779813f9dd835b3f754099c847094216924a40cd39fb,False,True,0.415,-0.03994826562107645,0.0015582926788554542,0.01,1.5320218816990738,BAD,BAD_GRID_SCALE_SPIKE,BAD,BAD_GRID_SCALE_SPIKE,False,1.0,3,0.01,4.575834407956352,False,BAD,BAD_AXIS_SPIKE,True,0.2656691686380016,2,0.015,2.2443924453794164,False,BAD,BAD_AXIS_SPIKE,True,1.0,3,0.01,4.575834407956352,False,BAD,BAD_AXIS_SPIKE,True,1.0,3,0.01,4.575834407956352,False
nstxuG142301W29/N2/egn02w.3192E+02,bad,01bc536d3ede265c5323727c0afbbb410da599a69f98ba19d8d216687e6db8cd,False,True,0.315,-0.0427012050311219,0.001455664730867264,0.11,1.87387679951794,BAD,BAD_GRID_SCALE_SPIKE,BAD,BAD_AXIS_SPIKE,True,1.0,3,0.01,1.957185465555843,False,BAD,BAD_AXIS_SPIKE,True,1.0,3,0.01,1.957185465555843,False,BAD,BAD_AXIS_SPIKE,True,1.0,3,0.01,1.957185465555843,False,BAD,BAD_AXIS_SPIKE,True,1.0,3,0.01,1.957185465555843,False
nstxuG142301W29/N2/egn02w.3311E+02,bad,a79e8a799c8d95c9269c430bf3c2f955d27f54f2a7db2019a55a73ba6a95e548,False,True,0.415,-0.060066588307398756,0.0007423769825090045,0.01,1.4916924610912528,BAD,BAD_GRID_SCALE_SPIKE,BAD,BAD_GRID_SCALE_SPIKE,False,1.0,3,0.01,2.1368654544936176,False,BAD,BAD_AXIS_SPIKE,True,1.0,3,0.01,2.1368654544936176,False,BAD,BAD_AXIS_SPIKE,True,1.0,3,0.01,2.1368654544936176,False,BAD,BAD_AXIS_SPIKE,True,1.0,3,0.01,2.1368654544936176,False
nstxuG142301W29/N3/egn03w.2779E+02,bad,ab172935844de229907a4bffd1e0c2ed305bffe04e8099e303f77a3f6ccb4867,True,True,0.015000000000000013,0.010976576969966971,0.18674399887124415,0.435,9.785529603579745,BAD,BAD_GRID_SCALE_SPIKE,BAD,BAD_AXIS_SPIKE,True,0.3776043627142804,4,0.015,1.1421075173649826,False,BAD,BAD_AXIS_SPIKE,True,0.3776043627142804,4,0.015,1.1421075173649826,False,BAD,BAD_AXIS_SPIKE,True,0.3776043627142804,4,0.015,1.1421075173649826,False,BAD,BAD_AXIS_SPIKE,True,0.3776043627142804,4,0.015,1.1421075173649826,False
nstxuG142301W29/N3/egn03w.2803E+02,bad,9011ccb6a361c669651e5cf1bfbc6e53adfa6ec05575e22f03fd4fe292b46ab7,True,True,0.015000000000000013,0.006543992682959894,0.20314741243197246,0.435,7.808206186090671,BAD,BAD_GRID_SCALE_SPIKE,BAD,BAD_AXIS_SPIKE,True,0.35569893710098105,4,0.015,1.1198268702952838,False,BAD,BAD_AXIS_SPIKE,True,0.35569893710098105,4,0.015,1.1198268702952838,False,BAD,BAD_AXIS_SPIKE,True,0.35569893710098105,4,0.015,1.1198268702952838,False,BAD,BAD_AXIS_SPIKE,True,0.35569893710098105,4,0.015,1.1198268702952838,False
nstxuG142301W29/N3/egn03w.2818E+02,bad,036b866086f271625b0d1779dc45101250635c7b347a32922617448e4b12738b,True,True,0.0050000000000000044,0.003944494184791154,0.20655376701840739,0.455,2.786010525610172,BAD,BAD_GRID_SCALE_SPIKE,BAD,BAD_AXIS_SPIKE,True,0.3017590504774837,4,0.015,1.1076150948936376,False,BAD,BAD_AXIS_SPIKE,True,0.3017590504774837,4,0.015,1.1076150948936376,False,BAD,BAD_AXIS_SPIKE,True,0.3017590504774837,4,0.015,1.1076150948936376,False,BAD,BAD_AXIS_SPIKE,True,0.3017590504774837,4,0.015,1.1076150948936376,False
nstxuG142301W29/N3/egn03w.2859E+02,bad,02d3c24c51fa4a5480d5b50bd7f732324d62af5a9e5a3fd52c1bd7dcf4f7b035,True,True,0.010000000000000009,0.0149890981355806,0.3145647312367864,0.245,15.8826987779506,BAD,BAD_GRID_SCALE_SPIKE,BAD,BAD_AXIS_SPIKE,True,0.3245973806790656,4,0.015,1.0758426303978166,False,BAD,BAD_AXIS_SPIKE,True,0.3245973806790656,4,0.015,1.0758426303978166,False,BAD,BAD_AXIS_SPIKE,True,0.3245973806790656,4,0.015,1.0758426303978166,False,BAD,BAD_AXIS_SPIKE,True,0.3245973806790656,4,0.015,1.0758426303978166,False
nstxuG142301W29/N3/egn03w.2894E+02,bad,c7237d8410820cafbcc777a0ba849cc0284b685190b14e0a9c732fb5ecc76d82,False,True,0.034999999999999976,-0.00938968553261512,0.01086115872035134,0.485,1.0091695081351104,BAD,BAD_GRID_SCALE_SPIKE,BAD,BAD_AXIS_SPIKE,True,0.2720719298941033,4,0.015,1.060868668312813,False,BAD,BAD_AXIS_SPIKE,True,0.2720719298941033,4,0.015,1.060868668312813,False,BAD,BAD_AXIS_SPIKE,True,0.2720719298941033,4,0.015,1.060868668312813,False,BAD,BAD_AXIS_SPIKE,True,0.2720719298941033,4,0.015,1.060868668312813,False
nstxuG142301W29/N3/egn03w.3277E+02,bad,5f93f33c2d9a0fab19cd3868369aea746f34140afbcee61eceea2a6dda045e6b,False,True,0.23500000000000001,-0.0519343900449433,0.03006012584482229,0.02,2.11650281061411,BAD,BAD_GRID_SCALE_SPIKE,BAD,BAD_AXIS_SPIKE,True,0.8966450565662495,4,0.015,1.419480099548947,False,BAD,BAD_AXIS_SPIKE,True,1.0,3,0.02,2.291944852511681,False,BAD,BAD_AXIS_SPIKE,True,1.0,3,0.02,2.291944852511681,False,BAD,BAD_AXIS_SPIKE,True,1.0,3,0.02,2.291944852511681,False
nstxuG142301W29/N3/egn03w.3279E+02,bad,05ff1c673ccc1219aa0077cc064d782ddb97e937b7565d3f6ce3fea29d0c8b6d,False,True,0.24,-0.05224944861720863,0.05563025428442792,0.015,1.418883144063739,BAD,BAD_GRID_SCALE_SPIKE,BAD,BAD_AXIS_SPIKE,True,1.0,4,0.015,1.7814118558704606,False,BAD,BAD_AXIS_SPIKE,True,1.0,4,0.015,1.7814118558704606,False,BAD,BAD_AXIS_SPIKE,True,1.0,4,0.015,1.7814118558704606,False,BAD,BAD_AXIS_SPIKE,True,1.0,4,0.015,1.7814118558704606,False
nstxuG142301W29/N4/egn04w.2053E+02,bad,677caca23c4732e2949227679cf8e7a84bb6196e189b52bef7de5e000e72ad9a,True,True,0.0,4.3687719793105386e-05,0.7503358298664832,0.145,2.042742543121373,BAD,BAD_GRID_SCALE_SPIKE,BAD,BAD_GRID_SCALE_SPIKE,False,0.26358608746172535,5,0.025,5.79426328130025,False,BAD,BAD_GRID_SCALE_SPIKE,False,0.26358608746172535,5,0.025,5.79426328130025,False,BAD,BAD_GRID_SCALE_SPIKE,False,0.26358608746172535,5,0.025,5.79426328130025,False,BAD,BAD_AXIS_SPIKE,True,0.26358608746172535,5,0.025,5.79426328130025,False
nstxuG142301W29/N4/egn04w.2072E+02,bad,5ae39c46bbf9026fe5539093f77df786915fc4f25e1702ec859a6fda1929c489,True,True,0.0050000000000000044,0.004733135089428253,0.4367730203300535,0.15,4.12377341913655,REVIEW,NO_GOOD_TEMPLATE,BAD,BAD_AXIS_SPIKE,True,0.7866937414063057,5,0.005,1.1318784340110195,False,BAD,BAD_AXIS_SPIKE,True,0.7866937414063057,5,0.005,1.1318784340110195,False,BAD,BAD_AXIS_SPIKE,True,0.7866937414063057,5,0.005,1.1318784340110195,False,BAD,BAD_AXIS_SPIKE,True,0.7866937414063057,5,0.005,1.1318784340110195,False
nstxuG142301W29/N4/egn04w.2117E+02,bad,a9f85550ea3afe1af311aa074c84d2cc75e213c132a0bfb3d8cc6d843ff01d33,True,True,0.0,0.015374990482363711,0.43653261183882497,0.145,5.766074353953942,REVIEW,NO_GOOD_TEMPLATE,REVIEW,NO_GOOD_TEMPLATE,False,0.6168137648143249,5,0.005,2.4862316039130836,False,BAD,BAD_AXIS_SPIKE,True,0.6168137648143249,5,0.005,2.4862316039130836,False,BAD,BAD_AXIS_SPIKE,True,0.6168137648143249,5,0.005,2.4862316039130836,False,BAD,BAD_AXIS_SPIKE,True,0.6168137648143249,5,0.005,2.4862316039130836,False
nstxuG142301W29/N4/egn04w.2238E+02,bad,98889970fe45d1cc0d7679570f37f962f1b48decc10187f17169e5893b5531ef,False,True,0.009999999999999981,0.042169691437161545,0.6315273955002317,0.135,9.975768955319856,REVIEW,NO_GOOD_TEMPLATE,REVIEW,NO_GOOD_TEMPLATE,False,0.6399655722916371,5,0.01,8.383277011566694,False,REVIEW,NO_GOOD_TEMPLATE,False,0.6399655722916371,5,0.01,8.383277011566694,False,REVIEW,NO_GOOD_TEMPLATE,False,0.6399655722916371,5,0.01,8.383277011566694,False,BAD,BAD_AXIS_SPIKE,True,0.6399655722916371,5,0.01,8.383277011566694,False
nstxuG142301W29/N4/egn04w.2875E+02,bad,6e9f3dc21e5907c4936d583a2556bbd8dfd087a40e48199e977c76c2fc8c6fab,False,True,0.145,0.004327870388769784,0.23076829562741483,0.01,3.1336423152957216,BAD,BAD_GRID_SCALE_SPIKE,BAD,BAD_AXIS_SPIKE,True,0.24254133759619392,2,0.01,1.6085694336792251,False,BAD,BAD_AXIS_SPIKE,True,0.5771975127824329,5,0.01,2.8541590904655947,False,BAD,BAD_AXIS_SPIKE,True,1.0,4,0.01,3.686784098138575,False,BAD,BAD_AXIS_SPIKE,True,1.0,4,0.01,3.686784098138575,False
nstxuG142301W29/N4/egn04w.2886E+02,bad,399a10e5fb0bfe3d7aa32d9fdf6e54ea4a6c0f0d6c108f22669cec31cb38eaf8,False,True,0.145,0.0023818613616722337,0.2907285620522334,0.01,3.156483377864856,BAD,BAD_GRID_SCALE_SPIKE,BAD,BAD_AXIS_SPIKE,True,0.2421235381750863,2,0.01,1.619275225793071,False,BAD,BAD_AXIS_SPIKE,True,0.572096842345729,5,0.01,2.850879832718708,False,BAD,BAD_AXIS_SPIKE,True,1.0,4,0.01,3.6993412234532204,False,BAD,BAD_AXIS_SPIKE,True,1.0,4,0.01,3.6993412234532204,False
nstxuG142301W29/N4/egn04w.4097E+02,bad,a11d454010d466c0f1be4f86e85bedd1f875e2bb363119e3f333142e6ef9c584,False,True,0.11499999999999999,-0.15872325881678626,0.0033393024766702304,0.04,3.461544366032919,BAD,BAD_GRID_SCALE_SPIKE,BAD,BAD_AXIS_SPIKE,True,0.4751054080057571,6,0.02,1.515059662909736,False,BAD,BAD_AXIS_SPIKE,True,0.4751054080057571,6,0.02,1.515059662909736,False,BAD,BAD_AXIS_SPIKE,True,0.4751054080057571,6,0.02,1.515059662909736,False,BAD,BAD_AXIS_SPIKE,True,0.4751054080057571,6,0.02,1.515059662909736,False
nstxuG142301W29/N5/egn05w.1479E+02,bad,516efa20dbe0466cf72741150e0768055f98ad7b887527364fd8405f6e97e223,False,True,0.49500000000000005,0.17996148391620448,0.030592191090137645,0.9550000000000001,18.397449168407064,BAD,BAD_CONT_CROSS_WINDOW,BAD,BAD_CONT_CROSS_WINDOW,False,0.2919477630649045,6,0.02,3.7144943907850405,False,BAD,BAD_CONT_CROSS_WINDOW,False,0.2919477630649045,6,0.02,3.7144943907850405,False,BAD,BAD_AXIS_SPIKE,True,0.2919477630649045,6,0.02,3.7144943907850405,False,BAD,BAD_AXIS_SPIKE,True,0.2919477630649045,6,0.02,3.7144943907850405,False
nstxuG142301W29/N5/egn05w.1499E+02,bad,d4b252ff2aee58098ed912240538e80ddf651201d772de71c9eda223e8110703,False,True,0.0,0.09232525437935431,0.3216079569054918,0.375,32.09695460570999,BAD,BAD_CONT_CROSS_WINDOW,BAD,BAD_CONT_CROSS_WINDOW,False,0.20699919610699713,6,0.02,3.478303280007048,False,BAD,BAD_CONT_CROSS_WINDOW,False,0.20699919610699713,6,0.02,3.478303280007048,False,BAD,BAD_AXIS_SPIKE,True,0.20699919610699713,6,0.02,3.478303280007048,False,BAD,BAD_AXIS_SPIKE,True,0.20699919610699713,6,0.02,3.478303280007048,False
nstxuG142301W29/N5/egn05w.2374E+02,bad,1ed9fd419470a80fac7e6e642fc5342ced47cfda4134e03b1caf84e12e2074d3,True,True,0.0049999999999999906,0.0002831673005801303,0.8733393718136667,0.09,2.159922901431588,REVIEW,NO_GOOD_TEMPLATE,REVIEW,NO_GOOD_TEMPLATE,False,0.4647045317207323,6,0.03,3.5535145079850476,False,REVIEW,NO_GOOD_TEMPLATE,False,0.4647045317207323,6,0.03,3.5535145079850476,False,BAD,BAD_AXIS_SPIKE,True,0.4647045317207323,6,0.03,3.5535145079850476,False,BAD,BAD_AXIS_SPIKE,True,0.4647045317207323,6,0.03,3.5535145079850476,False
nstxuG142301W29/N5/egn05w.2392E+02,bad,dc14405b5bdd8e4c7f4727970cd5086feeb7de6989561371f013c15e8f4fcb68,True,True,0.0,0.0040866561374634566,0.5928933484484591,0.085,1.1713725019355359,BAD,BAD_GRID_SCALE_SPIKE,BAD,BAD_GRID_SCALE_SPIKE,False,0.690150622139538,6,0.025,4.07432922893078,False,BAD,BAD_GRID_SCALE_SPIKE,False,0.690150622139538,6,0.025,4.07432922893078,False,BAD,BAD_AXIS_SPIKE,True,0.690150622139538,6,0.025,4.07432922893078,False,BAD,BAD_AXIS_SPIKE,True,0.690150622139538,6,0.025,4.07432922893078,False
nstxuG142301W29/N5/egn05w.2505E+02,good,63cf4d36604c0b7c961849e64237d27b9f4a95a0bb3a08140ba9426ca9bd443e,True,True,0.0,0.026943921788263714,0.8547688296053719,0.085,5.3921636652763585,REVIEW,NO_GOOD_TEMPLATE,REVIEW,NO_GOOD_TEMPLATE,False,0.5928328902805263,6,0.025,2.391009229833046,False,BAD,BAD_AXIS_SPIKE,True,0.5928328902805263,6,0.025,2.391009229833046,False,BAD,BAD_AXIS_SPIKE,True,0.5928328902805263,6,0.025,2.391009229833046,False,BAD,BAD_AXIS_SPIKE,True,0.5928328902805263,6,0.025,2.391009229833046,False
nstxuG142301W29/N5/egn05w.2810E+02,bad,06e9594b16b4cf22a377af925ed38b84e67667510e4ec4393b3f7666d904c5a9,True,True,0.0,0.01712625573101528,0.4613441169103736,0.255,7.4542905797905625,BAD,BAD_GRID_SCALE_SPIKE,BAD,BAD_GRID_SCALE_SPIKE,False,0.31969613288606114,6,0.02,4.213309137668511,False,BAD,BAD_GRID_SCALE_SPIKE,False,0.31969613288606114,6,0.02,4.213309137668511,False,BAD,BAD_AXIS_SPIKE,True,0.31969613288606114,6,0.02,4.213309137668511,False,BAD,BAD_AXIS_SPIKE,True,0.31969613288606114,6,0.02,4.213309137668511,False
nstxuG142301W29/N5/egn05w.2834E+02,bad,fdb1e524fe26ab3efc51a0be7957a15ffe150e0e35b304dbd1b6692d98b3a484,True,True,0.0,0.012797107933306661,0.4634316205425364,0.255,5.950812650861104,BAD,BAD_CONT_CROSS_WINDOW,BAD,BAD_CONT_CROSS_WINDOW,False,0.3397013497185627,6,0.02,4.22304164440005,False,BAD,BAD_CONT_CROSS_WINDOW,False,0.3397013497185627,6,0.02,4.22304164440005,False,BAD,BAD_AXIS_SPIKE,True,0.3397013497185627,6,0.02,4.22304164440005,False,BAD,BAD_AXIS_SPIKE,True,0.3397013497185627,6,0.02,4.22304164440005,False
nstxuG142301W29/N5/egn05w.2892E+02,bad,803cd9eacdf4f004e17e912605110ec0440ac7a3f66c288d2b8d218871b2a823,True,True,0.0,0.002517338355797413,0.34599170503334203,0.09,2.4202319870034046,BAD,BAD_CONT_CROSS_WINDOW,BAD,BAD_CONT_CROSS_WINDOW,False,0.4388715580093943,6,0.01,4.167482465082433,False,BAD,BAD_CONT_CROSS_WINDOW,False,0.4388715580093943,6,0.01,4.167482465082433,False,BAD,BAD_AXIS_SPIKE,True,0.4388715580093943,6,0.01,4.167482465082433,False,BAD,BAD_AXIS_SPIKE,True,0.4388715580093943,6,0.01,4.167482465082433,False
nstxuG142301W29/N5/egn05w.3582E+02,bad,0f5e3da16e8b6973eb288ad831c49bb7a38acdd1be705cae5eee037506463615,False,True,0.05499999999999999,-0.09926714795928906,0.021424680236437264,0.035,1.4006422355974255,BAD,BAD_GRID_SCALE_SPIKE,BAD,BAD_AXIS_SPIKE,True,0.5038866052113288,7,0.025,1.1227460361192925,False,BAD,BAD_AXIS_SPIKE,True,0.5038866052113288,7,0.025,1.1227460361192925,False,BAD,BAD_AXIS_SPIKE,True,0.5038866052113288,7,0.025,1.1227460361192925,False,BAD,BAD_AXIS_SPIKE,True,0.5038866052113288,7,0.025,1.1227460361192925,False
nstxuG142301W29/N5/egn05w.3585E+02,bad,25f91b001f0f25e62d8c55dc4edfdddddd53eb986aa4ebcd1d6b36bac780e891,False,True,0.05499999999999999,-0.09957975549276421,0.009967442404441246,0.035,1.4366558124984912,BAD,BAD_GRID_SCALE_SPIKE,BAD,BAD_AXIS_SPIKE,True,0.5212325003701663,7,0.025,1.1236771211365264,False,BAD,BAD_AXIS_SPIKE,True,0.5212325003701663,7,0.025,1.1236771211365264,False,BAD,BAD_AXIS_SPIKE,True,0.5212325003701663,7,0.025,1.1236771211365264,False,BAD,BAD_AXIS_SPIKE,True,0.5212325003701663,7,0.025,1.1236771211365264,False
nstxuG142301W29/N5/egn05w.3596E+02,bad,3f7367a129171b8204b96f7afb3536b0169b91d17c03983e58a2957549bc5618,False,True,0.07,-0.10105314299738562,0.010870004443347651,0.16,3.9695279226402147,BAD,BAD_GRID_SCALE_SPIKE,BAD,BAD_AXIS_SPIKE,True,0.6165819999086734,7,0.025,1.2215637768049985,False,BAD,BAD_AXIS_SPIKE,True,0.6165819999086734,7,0.025,1.2215637768049985,False,BAD,BAD_AXIS_SPIKE,True,0.6165819999086734,7,0.025,1.2215637768049985,False,BAD,BAD_AXIS_SPIKE,True,0.6165819999086734,7,0.025,1.2215637768049985,False
nstxuG142301W29/N5/egn05w.3611E+02,bad,80ac1be44b90748e9fa60167c28467bb2b951e939bf3bcdd2cb37a042d80d184,False,True,0.08,-0.10293326561155934,0.006278926903052829,0.01,2.1537009786218095,BAD,BAD_GRID_SCALE_SPIKE,BAD,BAD_AXIS_SPIKE,True,0.7341490348633428,7,0.025,1.2428000869370515,False,BAD,BAD_AXIS_SPIKE,True,1.0,7,0.01,2.053841738037856,False,BAD,BAD_AXIS_SPIKE,True,1.0,7,0.01,2.053841738037856,False,BAD,BAD_AXIS_SPIKE,True,1.0,7,0.01,2.053841738037856,False
nstxuG142301W29/N6/egn06w.2775E+02,bad,2a54a8fbd2b7fbb895edb79d2aa34fa20f9a143754c7ca23ac24a5f9f52bea79,False,True,0.165,0.020542925929263923,0.0014857318335479107,0.025,1.0763473781563262,BAD,BAD_GRID_SCALE_SPIKE,BAD,BAD_AXIS_SPIKE,True,1.0,8,0.025,1.286233021044813,False,BAD,BAD_AXIS_SPIKE,True,1.0,8,0.025,1.286233021044813,False,BAD,BAD_AXIS_SPIKE,True,1.0,8,0.025,1.286233021044813,False,BAD,BAD_AXIS_SPIKE,True,1.0,8,0.025,1.286233021044813,False
nstxuG142301W29/N7/egn07w.2341E+02,bad,fd011fdafe779924f4c4956bf67bc2d288db8fd0b1b9408cf215f1b8815d431e,False,True,0.125,0.053063100450865375,0.0006212156276228114,0.01,1.867379368414291,BAD,BAD_GRID_SCALE_SPIKE,BAD,BAD_GRID_SCALE_SPIKE,False,1.0,9,0.01,3.3882092207303134,False,BAD,BAD_GRID_SCALE_SPIKE,False,1.0,9,0.01,3.3882092207303134,False,BAD,BAD_AXIS_SPIKE,True,1.0,9,0.01,3.3882092207303134,False,BAD,BAD_AXIS_SPIKE,True,1.0,9,0.01,3.3882092207303134,False
nstxuG142301W29/N9/egn09w.1461E+02,bad,5a144020d49b3b69c1bbf5340af838f3480b7f788de26e23fe8ccb4884ab0c17,True,True,0.0,0.030200515723887277,0.4298491032965465,0.33,8.456728829491466,BAD,BAD_CONT_CROSS_WINDOW,BAD,BAD_AXIS_SPIKE,True,0.27083389325321466,11,0.005,1.2203227271351424,False,BAD,BAD_AXIS_SPIKE,True,0.27083389325321466,11,0.005,1.2203227271351424,False,BAD,BAD_AXIS_SPIKE,True,0.27083389325321466,11,0.005,1.2203227271351424,False,BAD,BAD_AXIS_SPIKE,True,0.27083389325321466,11,0.005,1.2203227271351424,False
nstxuG142301Y93/N1/egn01w.1499E+02,bad,18b77ab8526b87334d644c3b6ddd0ee26f52d9279fbd87c26c0da8840d00d427,False,True,0.015000000000000013,-0.026882272649713816,0.5939373454648861,0.23,3.309670613883214,BAD,BAD_GRID_SCALE_SPIKE,BAD,BAD_AXIS_SPIKE,True,0.443706360315475,2,0.02,1.0715280563462062,False,BAD,BAD_AXIS_SPIKE,True,0.443706360315475,2,0.02,1.0715280563462062,False,BAD,BAD_AXIS_SPIKE,True,0.443706360315475,2,0.02,1.0715280563462062,False,BAD,BAD_AXIS_SPIKE,True,0.443706360315475,2,0.02,1.0715280563462062,False
nstxuG142301Y93/N1/egn01w.1613E+02,bad,0a69b0e0e739d40c5cf90c1077a049f55441da4e448156656c320d96a0891281,False,True,0.21,0.010274446037818281,0.21723580223951466,0.005,1.0411678875835149,BAD,BAD_GRID_SCALE_SPIKE,BAD,BAD_AXIS_SPIKE,True,0.9143095933378881,3,0.005,1.01947460068431,False,BAD,BAD_AXIS_SPIKE,True,0.9143095933378881,3,0.005,1.01947460068431,False,BAD,BAD_AXIS_SPIKE,True,0.9143095933378881,3,0.005,1.01947460068431,False,BAD,BAD_AXIS_SPIKE,True,0.9143095933378881,3,0.005,1.01947460068431,False
nstxuG142301Y93/N1/egn01w.1674E+02,bad,b0a7e39844f8e39d5030b78c18463e9b0638b6cdc27182bb1d4f339328af09de,True,True,0.0,0.02828088094365809,0.266407095347343,0.215,30.10322316647643,BAD,BAD_CONT_CROSS_WINDOW,BAD,BAD_AXIS_SPIKE,True,0.3690059582361748,3,0.005,1.0113632331746594,False,BAD,BAD_AXIS_SPIKE,True,0.3690059582361748,3,0.005,1.0113632331746594,False,BAD,BAD_AXIS_SPIKE,True,0.3690059582361748,3,0.005,1.0113632331746594,False,BAD,BAD_AXIS_SPIKE,True,0.3690059582361748,3,0.005,1.0113632331746594,False
nstxuG142301Y93/N1/egn01w.1715E+02,bad,f46e1a44097a8e9529c3876d01159b37ef21008c99e7906903068c48d43cce59,False,True,0.16,0.03997242409105444,0.05230839882260743,0.055,3.6874477397870336,BAD,BAD_CONT_CROSS_WINDOW,BAD,BAD_AXIS_SPIKE,True,0.37079023176773673,3,0.005,1.0399987011590963,False,BAD,BAD_AXIS_SPIKE,True,0.37079023176773673,3,0.005,1.0399987011590963,False,BAD,BAD_AXIS_SPIKE,True,0.37079023176773673,3,0.005,1.0399987011590963,False,BAD,BAD_AXIS_SPIKE,True,0.37079023176773673,3,0.005,1.0399987011590963,False
nstxuG142301Y93/N1/egn01w.1732E+02,bad,51e7604701d9ce5ae6d56039fa1139dacda30f32801c50078c62c8f09fc92984,False,True,0.16,0.044909959514813684,0.07946970873869057,0.055,8.355492363883522,BAD,BAD_CONT_CROSS_WINDOW,BAD,BAD_AXIS_SPIKE,True,0.5926529497977756,3,0.005,1.017952586871323,False,BAD,BAD_AXIS_SPIKE,True,0.5926529497977756,3,0.005,1.017952586871323,False,BAD,BAD_AXIS_SPIKE,True,0.5926529497977756,3,0.005,1.017952586871323,False,BAD,BAD_AXIS_SPIKE,True,0.5926529497977756,3,0.005,1.017952586871323,False
nstxuG142301Y93/N1/egn01w.1894E+02,bad,204d9e4505b64d4398a8a53022d96cbeb51c1453ff2b38e589f5f0866636c9b7,False,True,0.135,0.08646568770679045,0.06348772682201467,0.08,7.444742880486148,BAD,BAD_GRID_SCALE_SPIKE,BAD,BAD_AXIS_SPIKE,True,0.771787674387941,3,0.005,1.0732586200023957,False,BAD,BAD_AXIS_SPIKE,True,0.771787674387941,3,0.005,1.0732586200023957,False,BAD,BAD_AXIS_SPIKE,True,0.771787674387941,3,0.005,1.0732586200023957,False,BAD,BAD_AXIS_SPIKE,True,0.771787674387941,3,0.005,1.0732586200023957,False
nstxuG142301Y93/N1/egn01w.1902E+02,bad,ad9803c4d2fe5f51518143841deb6361cd8efe2651501022b532fd0e652bd720,False,True,0.21,0.08855385302758796,0.06036354755862653,0.005,1.0521195988294474,BAD,BAD_GRID_SCALE_SPIKE,BAD,BAD_AXIS_SPIKE,True,0.8540653009868862,3,0.005,1.0721062154951613,False,BAD,BAD_AXIS_SPIKE,True,0.8540653009868862,3,0.005,1.0721062154951613,False,BAD,BAD_AXIS_SPIKE,True,0.8540653009868862,3,0.005,1.0721062154951613,False,BAD,BAD_AXIS_SPIKE,True,0.8540653009868862,3,0.005,1.0721062154951613,False
nstxuG142301Y93/N1/egn01w.1937E+02,bad,d0e287eb537c3a92df04a7852e76bc596eadc7767692e775a0fdd83ece14740c,False,True,0.135,0.09683986374026042,0.008072847296033978,0.08,8.03011009990388,BAD,BAD_GRID_SCALE_SPIKE,BAD,BAD_AXIS_SPIKE,True,0.6241782927956171,3,0.005,1.0901775890332646,False,BAD,BAD_AXIS_SPIKE,True,0.6241782927956171,3,0.005,1.0901775890332646,False,BAD,BAD_AXIS_SPIKE,True,0.6241782927956171,3,0.005,1.0901775890332646,False,BAD,BAD_AXIS_SPIKE,True,0.6241782927956171,3,0.005,1.0901775890332646,False
nstxuG142301Y93/N1/egn01w.2146E+02,bad,399d0d1c00a0df0d9451c30cc88cae2c671a535e18e5efb4c3e1f937bfbaec99,False,True,0.16999999999999998,0.14183801658599723,0.017473326890494544,0.045,1.3091400222985687,BAD,BAD_GRID_SCALE_SPIKE,BAD,BAD_AXIS_SPIKE,True,0.37970731067179475,3,0.005,1.72435407129535,False,BAD,BAD_AXIS_SPIKE,True,0.37970731067179475,3,0.005,1.72435407129535,False,BAD,BAD_AXIS_SPIKE,True,0.37970731067179475,3,0.005,1.72435407129535,False,BAD,BAD_AXIS_SPIKE,True,0.37970731067179475,3,0.005,1.72435407129535,False
nstxuG142301Y93/N1/egn01w.2168E+02,bad,211fac383144040181f566e86c312beebb944142168708d6a88ab81fb96151fd,False,True,0.21,0.14618214485641742,0.027813970957655438,0.005,1.0740731386628524,BAD,BAD_GRID_SCALE_SPIKE,BAD,BAD_AXIS_SPIKE,True,0.9204600537905143,3,0.005,1.1392253700878128,False,BAD,BAD_AXIS_SPIKE,True,0.9204600537905143,3,0.005,1.1392253700878128,False,BAD,BAD_AXIS_SPIKE,True,0.9204600537905143,3,0.005,1.1392253700878128,False,BAD,BAD_AXIS_SPIKE,True,0.9204600537905143,3,0.005,1.1392253700878128,False
nstxuG142301Y93/N2/egn02w.1590E+02,bad,041c5c3760855aa199bbac96e36f00fa1128d0d20c5fc6c951f7bb7b6cf8c80a,False,True,0.16,0.006653527288059712,0.06345130750533863,0.03,1.206890529869388,BAD,BAD_GRID_SCALE_SPIKE,BAD,BAD_AXIS_SPIKE,True,1.0,5,0.03,1.5871831939260068,False,BAD,BAD_AXIS_SPIKE,True,1.0,5,0.03,1.5871831939260068,False,BAD,BAD_AXIS_SPIKE,True,1.0,5,0.03,1.5871831939260068,False,BAD,BAD_AXIS_SPIKE,True,1.0,5,0.03,1.5871831939260068,False
nstxuG142301Y93/N2/egn02w.1646E+02,bad,cc0dd1b7afcf7d19e6e14ed5de422692800d2fe01c0c9541011a5b4d93007677,False,True,0.16,0.023661377109777282,0.0167175293190942,0.03,1.8655935396379177,BAD,BAD_GRID_SCALE_SPIKE,BAD,BAD_AXIS_SPIKE,True,1.0,4,0.03,1.9499090786935096,False,BAD,BAD_AXIS_SPIKE,True,1.0,4,0.03,1.9499090786935096,False,BAD,BAD_AXIS_SPIKE,True,1.0,4,0.03,1.9499090786935096,False,BAD,BAD_AXIS_SPIKE,True,1.0,4,0.03,1.9499090786935096,False
nstxuG142301Y93/N2/egn02w.1667E+02,bad,8550e029887859e1f680c1c4dc05abf607c628d00191df7480d3196b214d7a72,False,True,0.085,0.029899628887069294,0.02024264542050073,0.105,3.178521776927243,BAD,BAD_GRID_SCALE_SPIKE,BAD,BAD_AXIS_SPIKE,True,0.20862451463052506,3,0.02,1.0501775134643059,False,BAD,BAD_AXIS_SPIKE,True,0.7316403497692099,4,0.03,2.3515577919284754,False,BAD,BAD_AXIS_SPIKE,True,0.7316403497692099,4,0.03,2.3515577919284754,False,BAD,BAD_AXIS_SPIKE,True,0.7316403497692099,4,0.03,2.3515577919284754,False
nstxuG142301Y93/N2/egn02w.1728E+02,bad,0bfd6349a48306e084bcac4a23c321a93e6a7ce9a4c5d17e397e6c229a8786e3,False,True,0.08,0.047110770530031064,0.021835651475365,0.11,2.3284570268437914,BAD,BAD_GRID_SCALE_SPIKE,BAD,BAD_AXIS_SPIKE,True,0.2307683624333005,5,0.015,1.5689003875462226,False,BAD,BAD_AXIS_SPIKE,True,0.5687678930596826,4,0.03,2.482083367463611,False,BAD,BAD_AXIS_SPIKE,True,0.5687678930596826,4,0.03,2.482083367463611,False,BAD,BAD_AXIS_SPIKE,True,0.5687678930596826,4,0.03,2.482083367463611,False
nstxuG142301Y93/N2/egn02w.1804E+02,bad,1a2152bb5ee6bcb00428ab5a3b7e4c843355d39949f6b7b1cabd8508c6a4c960,False,True,0.12,0.06746873986804063,0.0511055481842246,0.07,3.5798429081430547,BAD,BAD_GRID_SCALE_SPIKE,BAD,BAD_AXIS_SPIKE,True,0.373006477487591,4,0.03,1.880135035389524,False,BAD,BAD_AXIS_SPIKE,True,0.373006477487591,4,0.03,1.880135035389524,False,BAD,BAD_AXIS_SPIKE,True,0.373006477487591,4,0.03,1.880135035389524,False,BAD,BAD_AXIS_SPIKE,True,0.373006477487591,4,0.03,1.880135035389524,False
nstxuG142301Y93/N2/egn02w.1821E+02,bad,94dedaaabfa02dba2146296775aed23858a443c38b6ce772dcc4919d52eee7e3,False,True,0.12,0.07180652184353636,0.062344726065065206,0.07,3.83130485226436,BAD,BAD_GRID_SCALE_SPIKE,BAD,BAD_AXIS_SPIKE,True,0.3547831316074682,4,0.03,1.8136415099352945,False,BAD,BAD_AXIS_SPIKE,True,0.3547831316074682,4,0.03,1.8136415099352945,False,BAD,BAD_AXIS_SPIKE,True,0.3547831316074682,4,0.03,1.8136415099352945,False,BAD,BAD_AXIS_SPIKE,True,0.3547831316074682,4,0.03,1.8136415099352945,False
nstxuG142301Y93/N2/egn02w.1855E+02,bad,f765ac2d43da951cbd26b3212ff2f26d5dad29e853ebe8259c021dc0ce0b3512,False,True,0.115,0.08051373876196216,0.08300183101001812,0.075,4.6163753498494,BAD,BAD_GRID_SCALE_SPIKE,BAD,BAD_AXIS_SPIKE,True,0.34683164290767665,4,0.03,1.3076950957659872,False,BAD,BAD_AXIS_SPIKE,True,0.34683164290767665,4,0.03,1.3076950957659872,False,BAD,BAD_AXIS_SPIKE,True,0.34683164290767665,4,0.03,1.3076950957659872,False,BAD,BAD_AXIS_SPIKE,True,0.34683164290767665,4,0.03,1.3076950957659872,False
nstxuG142301Y93/N2/egn02w.1873E+02,bad,b691fd37c5ce908d0585cdd6270a0e7146e7cab57ec401a4c102d7ba7c9befbe,False,True,0.115,0.08486498141590415,0.06558514284856136,0.075,4.74026799003056,BAD,BAD_GRID_SCALE_SPIKE,BAD,BAD_AXIS_SPIKE,True,0.3286014429416213,4,0.03,1.4171467183926179,False,BAD,BAD_AXIS_SPIKE,True,0.3286014429416213,4,0.03,1.4171467183926179,False,BAD,BAD_AXIS_SPIKE,True,0.3286014429416213,4,0.03,1.4171467183926179,False,BAD,BAD_AXIS_SPIKE,True,0.3286014429416213,4,0.03,1.4171467183926179,False
nstxuG142301Y93/N2/egn02w.1891E+02,bad,4fcf186f0e8e7347c08de0858c0e8122b8999c9850ffa4da50df02dc12b498c6,False,True,0.115,0.08916493323188067,0.0748064223401984,0.075,5.372720885717964,BAD,BAD_GRID_SCALE_SPIKE,BAD,BAD_AXIS_SPIKE,True,0.3455351307646119,4,0.03,1.2263261968513974,False,BAD,BAD_AXIS_SPIKE,True,0.3455351307646119,4,0.03,1.2263261968513974,False,BAD,BAD_AXIS_SPIKE,True,0.3455351307646119,4,0.03,1.2263261968513974,False,BAD,BAD_AXIS_SPIKE,True,0.3455351307646119,4,0.03,1.2263261968513974,False
nstxuG142301Y93/N2/egn02w.1897E+02,bad,e90ac368d4d40a2bbac3b9190ad3c1317abf13c6913574149a39ba4fe6a29bc1,False,True,0.115,0.09065177760130652,0.16305405281662072,0.075,8.693526872723773,BAD,BAD_GRID_SCALE_SPIKE,BAD,BAD_AXIS_SPIKE,True,0.3471762709736105,6,0.025,1.2990050386013932,False,BAD,BAD_AXIS_SPIKE,True,0.5440147069245428,5,0.025,2.5568904115217226,False,BAD,BAD_AXIS_SPIKE,True,0.5440147069245428,5,0.025,2.5568904115217226,False,BAD,BAD_AXIS_SPIKE,True,0.5440147069245428,5,0.025,2.5568904115217226,False
nstxuG142301Y93/N2/egn02w.1909E+02,bad,e19c525e9e507c06a8f8c919dfb7a26f76a35ee7d2f53c6d2f8ad99aa3ee02b7,False,True,0.115,0.09343291227818554,0.08134247580890677,0.075,5.379910402436338,BAD,BAD_GRID_SCALE_SPIKE,BAD,BAD_AXIS_SPIKE,True,0.28244239000819726,4,0.03,1.556966119564993,False,BAD,BAD_AXIS_SPIKE,True,0.28244239000819726,4,0.03,1.556966119564993,False,BAD,BAD_AXIS_SPIKE,True,0.28244239000819726,4,0.03,1.556966119564993,False,BAD,BAD_AXIS_SPIKE,True,0.28244239000819726,4,0.03,1.556966119564993,False
nstxuG142301Y93/N2/egn02w.1927E+02,bad,21e21292500cc0ab7cdf2352fa9584c9f571583d7eeb81dfe88477f5ce918c4f,False,True,0.11,0.09765108115190974,0.07140755662751302,0.08,6.100174652695131,BAD,BAD_CONT_CROSS_WINDOW,BAD,BAD_AXIS_SPIKE,True,0.2968720968325781,4,0.03,1.2329958706549986,False,BAD,BAD_AXIS_SPIKE,True,0.2968720968325781,4,0.03,1.2329958706549986,False,BAD,BAD_AXIS_SPIKE,True,0.2968720968325781,4,0.03,1.2329958706549986,False,BAD,BAD_AXIS_SPIKE,True,0.2968720968325781,4,0.03,1.2329958706549986,False
nstxuG142301Y93/N2/egn02w.1941E+02,bad,b8dc9e6270d8a1b306e4f388bccb768c13bc540c65a33fde660eebe7883183d3,False,True,0.10999999999999999,0.10110018360507236,0.0724069679808128,0.3,66.20047561559163,BAD,BAD_GRID_SCALE_SPIKE,BAD,BAD_AXIS_SPIKE,True,0.39206607553677564,6,0.025,1.2021564537137173,False,BAD,BAD_AXIS_SPIKE,True,0.591986549808172,5,0.025,2.5465054224980235,False,BAD,BAD_AXIS_SPIKE,True,0.591986549808172,5,0.025,2.5465054224980235,False,BAD,BAD_AXIS_SPIKE,True,0.591986549808172,5,0.025,2.5465054224980235,False
nstxuG142301Y93/N2/egn02w.2035E+02,bad,3d4940b864440417262781e73b37dc179d28630671b46c4d8bd820a9d80d86b3,False,True,0.105,0.12196989024677997,0.029748644481097635,0.085,12.699016537382063,BAD,BAD_GRID_SCALE_SPIKE,BAD,BAD_AXIS_SPIKE,True,0.4592279763711769,4,0.025,1.8319685574164217,False,BAD,BAD_AXIS_SPIKE,True,0.4939468873303991,5,0.025,2.988506804796238,False,BAD,BAD_AXIS_SPIKE,True,0.4939468873303991,5,0.025,2.988506804796238,False,BAD,BAD_AXIS_SPIKE,True,0.4939468873303991,5,0.025,2.988506804796238,False
nstxuG142301Y93/N2/egn02w.2052E+02,bad,3cb80c241333396c398cc9510ea53cd008ef761caa8632c65f0e05a583762240,False,True,0.1,0.12571511568718158,0.03811070946810563,0.09,13.7458879639755,BAD,BAD_GRID_SCALE_SPIKE,BAD,BAD_AXIS_SPIKE,True,0.41350651619906525,4,0.025,1.5655955465356834,False,BAD,BAD_AXIS_SPIKE,True,0.41350651619906525,4,0.025,1.5655955465356834,False,BAD,BAD_AXIS_SPIKE,True,0.41350651619906525,4,0.025,1.5655955465356834,False,BAD,BAD_AXIS_SPIKE,True,0.41350651619906525,4,0.025,1.5655955465356834,False
nstxuG142301Y93/N2/egn02w.2064E+02,bad,5fb2585d644f96c2bd9539b13aab4db4ade571d0f55c980edb9a46dada27cdee,False,True,0.1,0.12829292156120756,0.03786562129343722,0.09,13.561041236175294,BAD,BAD_GRID_SCALE_SPIKE,BAD,BAD_AXIS_SPIKE,True,0.4866359258235634,4,0.01,1.6128821906984103,False,BAD,BAD_AXIS_SPIKE,True,0.4866359258235634,4,0.01,1.6128821906984103,False,BAD,BAD_AXIS_SPIKE,True,0.4866359258235634,4,0.01,1.6128821906984103,False,BAD,BAD_AXIS_SPIKE,True,0.4866359258235634,4,0.01,1.6128821906984103,False
nstxuG142301Y93/N2/egn02w.2082E+02,bad,294f16d7657f660ac20c9d6bf0a43c1e07047757a3e6ade5b21964e82809f01a,False,True,0.095,0.1319924390175343,0.055619209145948936,0.095,14.670151486465288,BAD,BAD_GRID_SCALE_SPIKE,BAD,BAD_AXIS_SPIKE,True,0.4873836704604198,4,0.01,1.725539994449922,False,BAD,BAD_AXIS_SPIKE,True,0.4873836704604198,4,0.01,1.725539994449922,False,BAD,BAD_AXIS_SPIKE,True,0.4873836704604198,4,0.01,1.725539994449922,False,BAD,BAD_AXIS_SPIKE,True,0.4873836704604198,4,0.01,1.725539994449922,False
nstxuG142301Y93/N2/egn02w.2089E+02,bad,434f4092755b4793a28cd3eddce72c349b163c3064f5a7320f3d6faf41bf44f3,False,True,0.095,0.13338619050861378,0.055341203919270526,0.095,14.663697457552596,BAD,BAD_GRID_SCALE_SPIKE,BAD,BAD_AXIS_SPIKE,True,0.5286514780413254,4,0.01,1.8410847613610337,False,BAD,BAD_AXIS_SPIKE,True,0.5286514780413254,4,0.01,1.8410847613610337,False,BAD,BAD_AXIS_SPIKE,True,0.5286514780413254,4,0.01,1.8410847613610337,False,BAD,BAD_AXIS_SPIKE,True,0.5286514780413254,4,0.01,1.8410847613610337,False
nstxuG142301Y93/N2/egn02w.2123E+02,bad,ac80253d46cc7c9bbf9dc3f16ee49280bb03530b564bf6fbe5d5a431312a2020,False,True,0.095,0.14049289457975367,0.07606450808596411,0.095,18.72960992937142,BAD,BAD_GRID_SCALE_SPIKE,BAD,BAD_AXIS_SPIKE,True,0.46559470484864457,3,0.01,1.3740968695479427,False,BAD,BAD_AXIS_SPIKE,True,0.46559470484864457,3,0.01,1.3740968695479427,False,BAD,BAD_AXIS_SPIKE,True,0.49186288000448924,4,0.01,4.0722732806127775,False,BAD,BAD_AXIS_SPIKE,True,0.49186288000448924,4,0.01,4.0722732806127775,False
nstxuG142301Y93/N3/egn03w.1502E+02,bad,6d65c67a8fa9111badc5e9b5476f3efa038d2ca8b8d7d6d4bd64a5e04b24adab,False,True,0.010000000000000009,-5.662775478830835e-05,0.9006057871374488,0.135,3.363852021520236,BAD,BAD_GRID_SCALE_SPIKE,BAD,BAD_GRID_SCALE_SPIKE,False,0.22234491714956423,6,0.02,3.1587603609508275,False,BAD,BAD_GRID_SCALE_SPIKE,False,0.22234491714956423,6,0.02,3.1587603609508275,False,BAD,BAD_AXIS_SPIKE,True,0.22234491714956423,6,0.02,3.1587603609508275,False,BAD,BAD_AXIS_SPIKE,True,0.22234491714956423,6,0.02,3.1587603609508275,False
nstxuG142301Y93/N3/egn03w.1589E+02,bad,a58850d2ade6fa358ee9b5aebb4b44ae80e579a1e88d1872b1fe79ae87ecd186,False,True,0.05499999999999999,0.02749351571236923,0.1134400047507362,0.07,3.3536597670776795,BAD,BAD_GRID_SCALE_SPIKE,BAD,BAD_AXIS_SPIKE,True,0.5210097231871423,6,0.02,1.6181514617894943,False,BAD,BAD_AXIS_SPIKE,True,0.5210097231871423,6,0.02,1.6181514617894943,False,BAD,BAD_AXIS_SPIKE,True,0.5772390136382373,6,0.03,3.3316149182635257,False,BAD,BAD_AXIS_SPIKE,True,0.5772390136382373,6,0.03,3.3316149182635257,False
nstxuG142301Y93/N3/egn03w.1635E+02,bad,2420ceb65ef978a3bd80887393b86c2fd6610e401a0a38a4bcdc0b0ceb16c7c0,False,True,0.05499999999999999,0.04137245834321244,0.18669241531498637,0.07,1.9953726377537755,BAD,BAD_GRID_SCALE_SPIKE,BAD,BAD_AXIS_SPIKE,True,0.4021779185845653,6,0.02,1.572154305784238,False,BAD,BAD_AXIS_SPIKE,True,0.4021779185845653,6,0.02,1.572154305784238,False,BAD,BAD_AXIS_SPIKE,True,0.4740314367225794,6,0.03,4.91872384946858,False,BAD,BAD_AXIS_SPIKE,True,0.4740314367225794,6,0.03,4.91872384946858,False
nstxuG142301Y93/N3/egn03w.1668E+02,bad,7d2a5d228c8a1ec359cd614280a515bffe3c880de1afb4234be72d13fff42fa9,False,True,0.039999999999999994,0.05081501009202588,0.15021660808869014,0.085,4.551929782951772,BAD,BAD_GRID_SCALE_SPIKE,BAD,BAD_AXIS_SPIKE,True,0.7381671157163726,6,0.03,1.3766545185881127,False,BAD,BAD_AXIS_SPIKE,True,0.7381671157163726,6,0.03,1.3766545185881127,False,BAD,BAD_AXIS_SPIKE,True,0.7381671157163726,6,0.03,1.3766545185881127,False,BAD,BAD_AXIS_SPIKE,True,0.7381671157163726,6,0.03,1.3766545185881127,False
nstxuG142301Y93/N3/egn03w.1969E+02,bad,ed525f2687272a5d9c31ba94ef93e35a44f572ab66bf61592400768226904ce6,False,True,0.11499999999999999,0.12656723166975964,0.06717308550807041,0.24,32.557987870277366,BAD,BAD_CONT_CROSS_WINDOW,BAD,BAD_AXIS_SPIKE,True,0.20300584376228992,7,0.02,1.8882496457821227,False,BAD,BAD_AXIS_SPIKE,True,0.20300584376228992,7,0.02,1.8882496457821227,False,BAD,BAD_AXIS_SPIKE,True,0.20300584376228992,7,0.02,1.8882496457821227,False,BAD,BAD_AXIS_SPIKE,True,0.20300584376228992,7,0.02,1.8882496457821227,False
nstxuG142301Y93/N3/egn03w.1980E+02,bad,a33474df52fa1df13417c8358e9f3b8f13ca123f30919a637cf5adc876aabdab,False,True,0.065,0.12891708010848732,0.15302258291637252,0.19,2.457934833414793,BAD,BAD_GRID_SCALE_SPIKE,BAD,BAD_AXIS_SPIKE,True,0.3192891804911898,7,0.03,1.3708012701988528,False,BAD,BAD_AXIS_SPIKE,True,0.4005192416193811,6,0.03,2.3603509472965882,False,BAD,BAD_AXIS_SPIKE,True,0.4005192416193811,6,0.03,2.3603509472965882,False,BAD,BAD_AXIS_SPIKE,True,0.4005192416193811,6,0.03,2.3603509472965882,False
nstxuG142301Y93/N4/egn04w.1544E+02,bad,967b33c3baa459c9a2978014d2380378dd95224ed77bc59306e0cbe522a35451,False,True,0.0049999999999999906,-0.016554719568238823,0.16698225041371317,0.085,3.2814925809075524,BAD,BAD_GRID_SCALE_SPIKE,BAD,BAD_GRID_SCALE_SPIKE,False,0.41817146183441756,8,0.03,2.219555008603695,False,BAD,BAD_GRID_SCALE_SPIKE,False,0.41817146183441756,8,0.03,2.219555008603695,False,BAD,BAD_AXIS_SPIKE,True,0.24424871512372667,7,0.03,4.271348078129296,False,BAD,BAD_AXIS_SPIKE,True,0.24424871512372667,7,0.03,4.271348078129296,False
nstxuG142301Y93/N4/egn04w.1570E+02,bad,74afcf080a856b975f4f19937403f7b770b87fb458b7a9e49997f4303082bf44,False,True,0.01999999999999999,-0.024739067163529593,0.13668107098742263,0.07,1.5521667678044027,BAD,BAD_GRID_SCALE_SPIKE,BAD,BAD_AXIS_SPIKE,True,0.33993381848905313,7,0.03,1.4852044822989316,False,BAD,BAD_AXIS_SPIKE,True,0.6935429649098405,8,0.03,2.3052680743396574,False,BAD,BAD_AXIS_SPIKE,True,0.6935429649098405,8,0.03,2.3052680743396574,False,BAD,BAD_AXIS_SPIKE,True,0.6935429649098405,8,0.03,2.3052680743396574,False
nstxuG142301Y93/N4/egn04w.1590E+02,bad,d2fc79310c99191e2c94456c272c9aabb6152ef3d0e7cfe93c7fb2b2718020b7,False,True,0.034999999999999996,-0.03085075802189311,0.24123384238752746,0.055,1.3523760540413197,BAD,BAD_GRID_SCALE_SPIKE,BAD,BAD_AXIS_SPIKE,True,0.5525909372339275,9,0.03,1.0855256258065153,False,BAD,BAD_AXIS_SPIKE,True,0.5525909372339275,9,0.03,1.0855256258065153,False,BAD,BAD_AXIS_SPIKE,True,0.5525909372339275,9,0.03,1.0855256258065153,False,BAD,BAD_AXIS_SPIKE,True,0.5525909372339275,9,0.03,1.0855256258065153,False
nstxuG142301Y93/N4/egn04w.1706E+02,bad,1ef2b37c7770c705ea2d03da45e9d73715976a567e4204f2af60c879d0419844,False,True,0.01999999999999999,-0.0646463548648755,0.2626468692326735,0.07,1.7622316003584881,BAD,BAD_GRID_SCALE_SPIKE,BAD,BAD_AXIS_SPIKE,True,0.8456187318829332,8,0.03,1.370215322932971,False,BAD,BAD_AXIS_SPIKE,True,0.8456187318829332,8,0.03,1.370215322932971,False,BAD,BAD_AXIS_SPIKE,True,0.8456187318829332,8,0.03,1.370215322932971,False,BAD,BAD_AXIS_SPIKE,True,0.8456187318829332,8,0.03,1.370215322932971,False
nstxuG142301Y93/N4/egn04w.1856E+02,bad,b007923555cd78fce3c64f2322bf0842ed99cabd0d3f5e7546f37ec5fc4e3c67,False,True,0.04500000000000001,0.13096085632025412,0.17763183511334496,0.255,27.525077682174487,BAD,BAD_GRID_SCALE_SPIKE,BAD,BAD_GRID_SCALE_SPIKE,False,0.22400013204027064,8,0.025,4.307482219453525,False,BAD,BAD_AXIS_SPIKE,True,0.21156023505977173,9,0.03,2.922699125854145,False,BAD,BAD_AXIS_SPIKE,True,0.22400013204027064,8,0.025,4.307482219453525,False,BAD,BAD_AXIS_SPIKE,True,0.22400013204027064,8,0.025,4.307482219453525,False
nstxuG142301Y93/N4/egn04w.1939E+02,bad,a6c50e0e92e4cdee8fa9d217efc7d87e099711ecdeeb1b3a8383a14e66a51585,False,True,0.05499999999999999,0.13262472120490265,0.13739393264656638,0.155,2.249947282511411,BAD,BAD_GRID_SCALE_SPIKE,BAD,BAD_AXIS_SPIKE,True,0.3132815698815737,9,0.025,1.4651465960883021,False,BAD,BAD_AXIS_SPIKE,True,0.3132815698815737,9,0.025,1.4651465960883021,False,BAD,BAD_AXIS_SPIKE,True,0.3132815698815737,9,0.025,1.4651465960883021,False,BAD,BAD_AXIS_SPIKE,True,0.3296990204430658,8,0.025,5.685565214672368,False
nstxuG142301Y93/N6/egn06w.1334E+02,bad,ee34afcf7eb8aaf0351c2ca7b4f28d1fb05af44bea0aafe10d266d0bcf973be7,False,True,0.024999999999999998,-0.03277045110515354,0.3768780054369555,0.005,1.4172029575824485,BAD,BAD_GRID_SCALE_SPIKE,BAD,BAD_AXIS_SPIKE,True,0.9439083166639013,12,0.005,1.4951255178148741,False,BAD,BAD_AXIS_SPIKE,True,0.9439083166639013,12,0.005,1.4951255178148741,False,BAD,BAD_AXIS_SPIKE,True,0.9439083166639013,12,0.005,1.4951255178148741,False,BAD,BAD_AXIS_SPIKE,True,0.9439083166639013,12,0.005,1.4951255178148741,False
nstxuG142301Y93/N6/egn06w.1508E+02,bad,4b3ad203e2541e8f8cd1ac3be1962345679c0134b20a6027b8ea1228c7d6b714,True,True,0.0,0.0012626554302243487,0.8005232873177768,0.215,3.5575498797970004,BAD,BAD_GRID_SCALE_SPIKE,BAD,BAD_AXIS_SPIKE,True,0.2842024303138872,12,0.005,1.5683315673156975,False,BAD,BAD_AXIS_SPIKE,True,0.2842024303138872,12,0.005,1.5683315673156975,False,BAD,BAD_AXIS_SPIKE,True,0.2842024303138872,12,0.005,1.5683315673156975,False,BAD,BAD_AXIS_SPIKE,True,0.2842024303138872,12,0.005,1.5683315673156975,False
nstxu_204202/N10/egn10w.1026E+02,good,0dc19630b4530c339c06d8a07ee10334cbfe9e83ab64de2b31f8fa2c534996b7,False,True,0.08500000000000008,0.09006487425743978,0.09244033764134468,0.5750000000000001,11.401269202975483,REVIEW,NO_GOOD_TEMPLATE,BAD,BAD_AXIS_SPIKE,True,0.2840649228523934,15,0.015,1.0687120218219974,False,BAD,BAD_AXIS_SPIKE,True,0.2840649228523934,15,0.015,1.0687120218219974,False,BAD,BAD_AXIS_SPIKE,True,0.2840649228523934,15,0.015,1.0687120218219974,False,BAD,BAD_AXIS_SPIKE,True,0.2840649228523934,15,0.015,1.0687120218219974,False
nstxu_204202/N10/egn10w.1303E+02,bad,3fb81d444dbfb9e39d04c6e0900a1cfc92d228084161e3d696bb0a1892fd49f0,False,True,0.14500000000000002,0.19255737939618095,0.022317746995942744,0.635,22.60351878830482,REVIEW,NO_GOOD_TEMPLATE,REVIEW,NO_GOOD_TEMPLATE,False,0.514609122786857,15,0.02,2.3428220293212916,False,BAD,BAD_AXIS_SPIKE,True,0.514609122786857,15,0.02,2.3428220293212916,False,BAD,BAD_AXIS_SPIKE,True,0.514609122786857,15,0.02,2.3428220293212916,False,BAD,BAD_AXIS_SPIKE,True,0.514609122786857,15,0.02,2.3428220293212916,False
nstxu_204202/N10/egn10w.5178E+02,bad,4af1b1d526c6aeb73edf69dfab67b39cf2f4eb9ceb8bb81f8b4970e41fddc8a5,False,True,0.185,-0.24659517227064137,4.4793474908314507e-05,0.01,1.3040889570451397,BAD,BAD_GRID_SCALE_SPIKE,BAD,BAD_AXIS_SPIKE,True,1.0,14,0.01,1.034740269091454,False,BAD,BAD_AXIS_SPIKE,True,1.0,14,0.01,1.034740269091454,False,BAD,BAD_AXIS_SPIKE,True,1.0,14,0.01,1.034740269091454,False,BAD,BAD_AXIS_SPIKE,True,1.0,14,0.01,1.034740269091454,False
nstxu_204202/N10/egn10w.5652E+02,bad,8ce814c6a2adb3b881e44dcce339e48c9572d5dcdab363e3a08d7cef2b0d47ae,False,True,0.185,-0.27892781003403067,8.22063128236385e-06,0.01,1.2623454893216914,BAD,BAD_GRID_SCALE_SPIKE,BAD,BAD_AXIS_SPIKE,True,1.0,14,0.01,1.069332291720174,False,BAD,BAD_AXIS_SPIKE,True,1.0,14,0.01,1.069332291720174,False,BAD,BAD_AXIS_SPIKE,True,1.0,14,0.01,1.069332291720174,False,BAD,BAD_AXIS_SPIKE,True,1.0,14,0.01,1.069332291720174,False
nstxu_204202/N10/egn10w.6318E+02,bad,2513fdaa989dfa6ed218010c00477c45d2063702ac9d85c896ea7083f8ed0b77,False,True,0.185,-0.3179755231028455,3.038688636399919e-06,0.01,1.1883927070052454,BAD,BAD_GRID_SCALE_SPIKE,BAD,BAD_AXIS_SPIKE,True,1.0,16,0.01,1.0573709276657572,False,BAD,BAD_AXIS_SPIKE,True,1.0,16,0.01,1.0573709276657572,False,BAD,BAD_AXIS_SPIKE,True,1.0,16,0.01,1.0573709276657572,False,BAD,BAD_AXIS_SPIKE,True,1.0,16,0.01,1.0573709276657572,False
nstxu_204202/N4/egn04w.4189E+02,bad,cb24962f5516e08b854b14c5d74403c41694ac44623be374b890c130919af2e5,False,False,,,,0.01,1.8809853286424274,BAD,BAD_GRID_SCALE_SPIKE,BAD,BAD_AXIS_SPIKE,True,1.0,5,0.01,1.7956353920507018,False,BAD,BAD_AXIS_SPIKE,True,1.0,5,0.01,1.7956353920507018,False,BAD,BAD_AXIS_SPIKE,True,1.0,5,0.01,1.7956353920507018,False,BAD,BAD_AXIS_SPIKE,True,1.0,5,0.01,1.7956353920507018,False
nstxu_204202/N5/egn05w.5813E+02,bad,7158edb5208462b045cb8747c9005d407a44f8af492afbd418015db8c182ac51,False,True,0.285,0.601606062980515,8.408065181265868e-05,0.705,1.3353370447588109,BAD,BAD_CONT_CROSS_WINDOW,BAD,BAD_CONT_CROSS_WINDOW,False,0.29720906248965995,10,0.015,3.286975842029548,False,BAD,BAD_CONT_CROSS_WINDOW,False,0.29720906248965995,10,0.015,3.286975842029548,False,BAD,BAD_AXIS_SPIKE,True,0.29720906248965995,10,0.015,3.286975842029548,False,BAD,BAD_AXIS_SPIKE,True,0.29720906248965995,10,0.015,3.286975842029548,False
nstxu_204202/N5/egn05w.6753E+02,bad,fe0ad87bcc51c0e2d86190ffa0249da01d088d462f3d384af21d6941e0a535eb,False,True,0.36,-0.32765444380250486,0.0003036011265054932,0.535,1.0484375382128652,BAD,BAD_GRID_SCALE_SPIKE,BAD,BAD_AXIS_SPIKE,True,0.5782949389341708,8,0.01,1.4589960017147265,False,BAD,BAD_AXIS_SPIKE,True,0.5782949389341708,8,0.01,1.4589960017147265,False,BAD,BAD_AXIS_SPIKE,True,1.0,10,0.01,3.4504515766674113,False,BAD,BAD_AXIS_SPIKE,True,1.0,10,0.01,3.4504515766674113,False
nstxu_204202/N7/egn07w.6286E+02,bad,3e191a602ece08591d481586716a635ca36aec03015b3dca6eeae5d14ab15448,False,True,0.16,-0.41472322801790923,0.0002480275052044811,0.01,1.110548228679256,BAD,BAD_CONT_CROSS_WINDOW,BAD,BAD_AXIS_SPIKE,True,1.0,12,0.01,1.2202385424443014,False,BAD,BAD_AXIS_SPIKE,True,1.0,12,0.01,1.2202385424443014,False,BAD,BAD_AXIS_SPIKE,True,1.0,12,0.01,1.2202385424443014,False,BAD,BAD_AXIS_SPIKE,True,1.0,12,0.01,1.2202385424443014,False
nstxu_204202/N7/egn07w.6448E+02,bad,ac63b3f0c77d0a0e6f05d9c459574fff00b34e1472abc602473c0203c1066b83,False,True,0.16,-0.42213333198469855,0.00028407476702726965,0.01,1.1045356015840484,BAD,BAD_CONT_CROSS_WINDOW,BAD,BAD_AXIS_SPIKE,True,1.0,12,0.01,1.2237273418257495,False,BAD,BAD_AXIS_SPIKE,True,1.0,12,0.01,1.2237273418257495,False,BAD,BAD_AXIS_SPIKE,True,1.0,12,0.01,1.2237273418257495,False,BAD,BAD_AXIS_SPIKE,True,1.0,12,0.01,1.2237273418257495,False
nstxu_204202/N7/egn07w.6544E+02,bad,ae425d42b3a4628649a5024f91f364f3812d965476b76d372580e8e38c945a57,False,True,0.16,-0.4263625739218764,0.00033876848505116143,0.01,1.1014551429037784,BAD,BAD_CONT_CROSS_WINDOW,BAD,BAD_AXIS_SPIKE,True,1.0,12,0.01,1.2269019058225494,False,BAD,BAD_AXIS_SPIKE,True,1.0,12,0.01,1.2269019058225494,False,BAD,BAD_AXIS_SPIKE,True,1.0,12,0.01,1.2269019058225494,False,BAD,BAD_AXIS_SPIKE,True,1.0,12,0.01,1.2269019058225494,False
nstxu_204202/N7/egn07w.6773E+02,bad,d1ccc7b4ef22663863c4989a473044b9c76bdaaad4770b8fd06aeb87655aea37,False,True,0.16,-0.4361602403177981,0.00018714606819173634,0.01,1.095226564654354,BAD,BAD_CONT_CROSS_WINDOW,BAD,BAD_AXIS_SPIKE,True,1.0,12,0.01,1.2382081246062242,False,BAD,BAD_AXIS_SPIKE,True,1.0,12,0.01,1.2382081246062242,False,BAD,BAD_AXIS_SPIKE,True,1.0,12,0.01,1.2382081246062242,False,BAD,BAD_AXIS_SPIKE,True,1.0,12,0.01,1.2382081246062242,False
nstxu_204202/N7/egn07w.6868E+02,bad,0cbd75d450c58fb538d4dc3a9af754fb8a972a0ac6e1e73acfd072600f2eaba1,False,True,0.16,-0.4400499213884659,0.0002267111788442868,0.01,1.0930604623275375,BAD,BAD_CONT_CROSS_WINDOW,BAD,BAD_AXIS_SPIKE,True,1.0,10,0.01,1.3375915483579526,False,BAD,BAD_AXIS_SPIKE,True,1.0,10,0.01,1.3375915483579526,False,BAD,BAD_AXIS_SPIKE,True,1.0,10,0.01,1.3375915483579526,False,BAD,BAD_AXIS_SPIKE,True,1.0,10,0.01,1.3375915483579526,False
nstxu_204202/N7/egn07w.7246E+02,bad,27b941fb500e40a8fc080438e6a852ef6fe0fad4d5982e570919aba89141de8f,False,True,0.16,-0.45487853758538643,0.00011749841255088162,0.01,1.0855530504463573,BAD,BAD_GRID_SCALE_SPIKE,BAD,BAD_AXIS_SPIKE,True,1.0,10,0.01,1.3246236806261826,False,BAD,BAD_AXIS_SPIKE,True,1.0,10,0.01,1.3246236806261826,False,BAD,BAD_AXIS_SPIKE,True,1.0,10,0.01,1.3246236806261826,False,BAD,BAD_AXIS_SPIKE,True,1.0,10,0.01,1.3246236806261826,False
nstxu_204202/N8/egn08w.1192E+02,bad,af37fd379b702a87f0437735d6f3e6bf7cf8aca6803bfc31b8cff2bdc657cb65,False,True,0.13499999999999995,0.13078969711571498,0.006046590032381464,0.58,24.911391817683004,REVIEW,NO_GOOD_TEMPLATE,BAD,BAD_AXIS_SPIKE,True,0.5669576368340579,13,0.015,1.2388309603666794,False,BAD,BAD_AXIS_SPIKE,True,0.5669576368340579,13,0.015,1.2388309603666794,False,BAD,BAD_AXIS_SPIKE,True,0.5669576368340579,13,0.015,1.2388309603666794,False,BAD,BAD_AXIS_SPIKE,True,0.5669576368340579,13,0.015,1.2388309603666794,False
nstxu_204202/N8/egn08w.2323E+02,bad,a473424bfaca2b3e1019fc7fa6dbec6948ea41f3eaa4a9c792994662d9f90f60,False,True,0.5150000000000001,0.3160067509981864,0.0006674329143045513,0.9450000000000001,2.3152354054613467,REVIEW,NO_GOOD_TEMPLATE,BAD,BAD_AXIS_SPIKE,True,0.29459874204319725,13,0.015,1.193200070080307,False,BAD,BAD_AXIS_SPIKE,True,0.29459874204319725,13,0.015,1.193200070080307,False,BAD,BAD_AXIS_SPIKE,True,0.29459874204319725,13,0.015,1.193200070080307,False,BAD,BAD_AXIS_SPIKE,True,0.29459874204319725,13,0.015,1.193200070080307,False
nstxu_204202/N8/egn08w.3013E+02,bad,55ba68708481e4f0c1c091b98d4fc258cdc6e8527879b5b21bb7cda192cdc07f,False,True,0.40499999999999997,0.15558356963545922,0.0009540841961026165,0.835,32.10103439494467,BAD,BAD_GRID_SCALE_SPIKE,BAD,BAD_AXIS_SPIKE,True,0.38572285865443906,13,0.015,1.1738671543732533,False,BAD,BAD_AXIS_SPIKE,True,0.38572285865443906,13,0.015,1.1738671543732533,False,BAD,BAD_AXIS_SPIKE,True,0.38572285865443906,13,0.015,1.1738671543732533,False,BAD,BAD_AXIS_SPIKE,True,0.38572285865443906,13,0.015,1.1738671543732533,False
nstxu_204202/N8/egn08w.5804E+02,bad,830fca4e196d89548da42eee6710f596999a36d31d07a047c7d8bbad5347585c,False,True,0.2700000000000001,-0.16744301799149175,4.751762811983844e-06,0.7000000000000001,3.252143015561071,BAD,BAD_GRID_SCALE_SPIKE,BAD,BAD_AXIS_SPIKE,True,0.2961735020225558,11,0.005,1.8777368019864102,False,BAD,BAD_AXIS_SPIKE,True,0.5302916401860169,13,0.01,2.178987291758138,False,BAD,BAD_AXIS_SPIKE,True,0.5302916401860169,13,0.01,2.178987291758138,False,BAD,BAD_AXIS_SPIKE,True,0.5302916401860169,13,0.01,2.178987291758138,False
nstxu_204202/N8/egn08w.5882E+02,bad,05e97082c918b87d6493c12a580506a8fbe3718ff9a7531f930f4f7fc02bf1a2,False,True,0.31,-0.1730006783979157,8.282049454642705e-06,0.74,2.3395034809655435,BAD,BAD_GRID_SCALE_SPIKE,BAD,BAD_GRID_SCALE_SPIKE,False,0.2254183344632418,13,0.01,2.0660305441755638,False,BAD,BAD_AXIS_SPIKE,True,0.2254183344632418,13,0.01,2.0660305441755638,False,BAD,BAD_AXIS_SPIKE,True,0.2254183344632418,13,0.01,2.0660305441755638,False,BAD,BAD_AXIS_SPIKE,True,0.2254183344632418,13,0.01,2.0660305441755638,False
nstxu_204202/N8/egn08w.6547E+02,bad,db870ad0caa3aa5ce9058a86600f2d302af1585e3632142abbd53aa4865359f3,False,True,0.09500000000000003,-0.21613024026013436,0.00010758746607165807,0.525,1.2711937954105412,BAD,BAD_GRID_SCALE_SPIKE,BAD,BAD_AXIS_SPIKE,True,1.0,13,0.01,1.3417961576810182,False,BAD,BAD_AXIS_SPIKE,True,1.0,13,0.01,1.3417961576810182,False,BAD,BAD_AXIS_SPIKE,True,1.0,13,0.01,1.3417961576810182,False,BAD,BAD_AXIS_SPIKE,True,1.0,13,0.01,1.3417961576810182,False
nstxu_204202/N8/egn08w.7126E+02,bad,eb26c95138cb71d8ca53c07ae40457ade4b05e082f1645bc2aec0ef6c87cb083,False,True,0.18,-0.2486204761159595,0.00021766353972145865,0.61,2.9731113888377347,BAD,BAD_GRID_SCALE_SPIKE,BAD,BAD_AXIS_SPIKE,True,1.0,13,0.01,1.0469659393042923,False,BAD,BAD_AXIS_SPIKE,True,1.0,13,0.01,1.0469659393042923,False,BAD,BAD_AXIS_SPIKE,True,1.0,13,0.01,1.0469659393042923,False,BAD,BAD_AXIS_SPIKE,True,1.0,13,0.01,1.0469659393042923,False
