path,label,shot,ntor,omega,gap_region,final_decision,final_reason,automatic_final_decision,original_rule_decision,rule_primary_reason,decision_source,manual_decision,manual_reason,reviewer,adjudication_timestamp,selected_final,overall_rule_severity,input_fingerprint,mode_key
nstxuE202806A02t025/N2/egn02w.1012E+02,good,nstxuE202806A02t025,2,3.1819268066888338,tae_like,GOOD,NO_GOOD_TEMPLATE,GOOD,REVIEW,NO_GOOD_TEMPLATE,rule_survivor_policy,,,,,True,0.207925958258348,8b599c27eb4623077b12bdb7428daa48eb4cd213f1220e25712f9b8aaedf956a,nstxuE202806A02t025/N2/egn02w.1012E+02
nstxuE202806A02t025/N2/egn02w.1280E+02,good,nstxuE202806A02t025,2,3.5775223578919952,tae_like,GOOD,NO_GOOD_TEMPLATE,GOOD,REVIEW,NO_GOOD_TEMPLATE,rule_survivor_policy,,,,,True,0.15782528953991762,ec79593d639462b4fec492b261092d111c2132c4b60b34c0a3bd4b86ccdc546f,nstxuE202806A02t025/N2/egn02w.1280E+02
nstxuE202806A02t025/N2/egn02w.2482E+02,good,nstxuE202806A02t025,2,4.982277906061013,tae_like,GOOD,NO_GOOD_TEMPLATE,GOOD,REVIEW,NO_GOOD_TEMPLATE,rule_survivor_policy,,,,,True,0.34347188244781224,e3321bba385809b105ae95d0c92d4891adc1b0ab1133dcc1d4b0ce5f22d4cd6d,nstxuE202806A02t025/N2/egn02w.2482E+02
nstxuE202806A02t025/N3/egn03w.7973E+01,good,nstxuE202806A02t025,3,2.8236788982742365,tae_like,GOOD,NO_GOOD_TEMPLATE,GOOD,REVIEW,NO_GOOD_TEMPLATE,rule_survivor_policy,,,,,True,0.25533081677271324,a94bbf19fb24b3ffa4aa9f8b053d16e21af0898240c0c98505b473eae17c90d3,nstxuE202806A02t025/N3/egn03w.7973E+01
nstxuE202806A02t025/N3/egn03w.8510E+01,good,nstxuE202806A02t025,3,2.917223817008173,tae_like,GOOD,NO_GOOD_TEMPLATE,GOOD,REVIEW,NO_GOOD_TEMPLATE,rule_survivor_policy,,,,,True,0.5539053423710105,2af681face4a6035fdb55a05427782c1cc59517d4abecd15139fdd98fb84c01b,nstxuE202806A02t025/N3/egn03w.8510E+01
nstxuE202806A02t025/N3/egn03w.1033E+02,good,nstxuE202806A02t025,3,3.213602888324673,tae_like,GOOD,NO_GOOD_TEMPLATE,GOOD,REVIEW,NO_GOOD_TEMPLATE,rule_survivor_policy,,,,,True,0.341435969592736,d21827c4f09b7140688a0b683c4738fa5ae606095db1e5e8c1d36199fecdf376,nstxuE202806A02t025/N3/egn03w.1033E+02
nstxuE202806A02t025/N3/egn03w.1075E+02,good,nstxuE202806A02t025,3,3.279470460428385,tae_like,GOOD,NO_GOOD_TEMPLATE,GOOD,REVIEW,NO_GOOD_TEMPLATE,rule_survivor_policy,,,,,True,0.5450608813227762,248d84fd32aa7496d1dc8625eda80fcbc908bd9bf35d22550a046e305733e899,nstxuE202806A02t025/N3/egn03w.1075E+02
nstxuE202806A02t025/N4/egn04w.7053E+01,good,nstxuE202806A02t025,4,2.655677666668795,tae_like,GOOD,NO_GOOD_TEMPLATE,GOOD,REVIEW,NO_GOOD_TEMPLATE,rule_survivor_policy,,,,,True,0.9580668714352318,b74abf0de00dd8208a36cdf30fdf005e1513cae0368ab08d5707188bca9b7bc3,nstxuE202806A02t025/N4/egn04w.7053E+01
nstxuE202806A02t025/N4/egn04w.1300E+02,good,nstxuE202806A02t025,4,3.605252615656407,tae_like,GOOD,NO_GOOD_TEMPLATE,GOOD,REVIEW,NO_GOOD_TEMPLATE,rule_survivor_policy,,,,,True,0.29833034461304625,aa167e11cb4a9d38811e73c47dbe8985d505c1d3a2e63010a5e2dfa7772d6063,nstxuE202806A02t025/N4/egn04w.1300E+02
nstxuE202806A02t025/N4/egn04w.1322E+02,good,nstxuE202806A02t025,4,3.6356687095306857,tae_like,GOOD,NO_GOOD_TEMPLATE,GOOD,REVIEW,NO_GOOD_TEMPLATE,rule_survivor_policy,,,,,True,0.12120264094950646,c3603c56c27f52bc7b2c7e389310651633ca4cb3deb90a31b069357d7f824e99,nstxuE202806A02t025/N4/egn04w.1322E+02
nstxuE202806A02t025/N4/egn04w.1391E+02,good,nstxuE202806A02t025,4,3.7299773847998616,tae_like,GOOD,NO_GOOD_TEMPLATE,GOOD,REVIEW,NO_GOOD_TEMPLATE,rule_survivor_policy,,,,,True,0.12475792645465825,57692c3f630af174171a218b0887417719eb9f79cdea8c69c7d242a62cd22d18,nstxuE202806A02t025/N4/egn04w.1391E+02
nstxuE202806A02t025/N4/egn04w.1534E+02,good,nstxuE202806A02t025,4,3.9170908778995264,tae_like,GOOD,NO_GOOD_TEMPLATE,GOOD,REVIEW,NO_GOOD_TEMPLATE,rule_survivor_policy,,,,,True,0.6317502753017575,0962517b6a5e54dcae1307a604031d74ce1e73d4103680f6180797e696fd93fc,nstxuE202806A02t025/N4/egn04w.1534E+02
nstxuE202806A02t025/N5/egn05w.1084E+02,good,nstxuE202806A02t025,5,3.292620883441087,tae_like,GOOD,NO_GOOD_TEMPLATE,GOOD,REVIEW,NO_GOOD_TEMPLATE,rule_survivor_policy,,,,,True,0.8247878404299555,c04534e3bfe3a4010e60ab85995b2ec37e20d97c266bc4ead6a138d7714e77e3,nstxuE202806A02t025/N5/egn05w.1084E+02
nstxuE202806A02t025/N5/egn05w.1186E+02,good,nstxuE202806A02t025,5,3.444537876130654,tae_like,GOOD,NO_GOOD_TEMPLATE,GOOD,REVIEW,NO_GOOD_TEMPLATE,rule_survivor_policy,,,,,True,0.3220523378091099,04429d2d5dc689e4eb4cce95b61a1a31f06504b89d1dc61848601ebf32a4a43b,nstxuE202806A02t025/N5/egn05w.1186E+02
nstxuE202806A02t025/N5/egn05w.1235E+02,good,nstxuE202806A02t025,5,3.5138050845024114,tae_like,GOOD,NO_GOOD_TEMPLATE,GOOD,REVIEW,NO_GOOD_TEMPLATE,rule_survivor_policy,,,,,True,0.6497345865536137,ae7f05646dc911abc49edc40a091003b7a4ce3d0c6481506601e26aa83d1e36d,nstxuE202806A02t025/N5/egn05w.1235E+02
nstxuE202806A02t025/N5/egn05w.1264E+02,good,nstxuE202806A02t025,5,3.5551947115000084,tae_like,GOOD,NO_GOOD_TEMPLATE,GOOD,REVIEW,NO_GOOD_TEMPLATE,rule_survivor_policy,,,,,True,0.3217999242253267,6b47152a709dcf09279054430977013cc21314bfe568147e7f4e9978581cbda5,nstxuE202806A02t025/N5/egn05w.1264E+02
nstxuE202806A02t025/N5/egn05w.1699E+02,good,nstxuE202806A02t025,5,4.121965465768347,tae_like,GOOD,NO_GOOD_TEMPLATE,GOOD,REVIEW,NO_GOOD_TEMPLATE,rule_survivor_policy,,,,,True,0.8869093859723332,feb97ee4dda525237a8a8782ccf3867213c2dd5f4b25aef6d8bbb69cfaf95978,nstxuE202806A02t025/N5/egn05w.1699E+02
nstxuE202806A02t025/N5/egn05w.2436E+02,good,nstxuE202806A02t025,5,4.935527483241174,tae_like,GOOD,NO_GOOD_TEMPLATE,GOOD,REVIEW,NO_GOOD_TEMPLATE,rule_survivor_policy,,,,,True,0.13628534474783943,e49c8b63191bb981c43061416b97f3eec8bc476539de689b4557d1f7d813a623,nstxuE202806A02t025/N5/egn05w.2436E+02
nstxuE202806A02t025/N6/egn06w.9229E+01,good,nstxuE202806A02t025,6,3.0378755419516703,tae_like,GOOD,NO_GOOD_TEMPLATE,GOOD,REVIEW,NO_GOOD_TEMPLATE,rule_survivor_policy,,,,,True,0.9881678333693297,783f25289858d550cc75bfa1641b2b78d6d6d0668b9ad6e92c1af0d06e118117,nstxuE202806A02t025/N6/egn06w.9229E+01
nstxuE202806A02t025/N6/egn06w.9644E+01,good,nstxuE202806A02t025,6,3.1054640174988757,tae_like,GOOD,NO_GOOD_TEMPLATE,GOOD,REVIEW,NO_GOOD_TEMPLATE,rule_survivor_policy,,,,,True,0.24304801066422552,a64a1dc4682d70447f41c3e5414aa8d8e7ff22c034c528ffd2acde7d8be3d47c,nstxuE202806A02t025/N6/egn06w.9644E+01
nstxuE202806A02t025/N6/egn06w.1042E+02,good,nstxuE202806A02t025,6,3.2283474218987425,tae_like,GOOD,NO_GOOD_TEMPLATE,GOOD,REVIEW,NO_GOOD_TEMPLATE,rule_survivor_policy,,,,,True,0.4059738949439148,e2ba7b2e11f0a304eb3149842ddc3189ce24f3af31b4e5d256fdde54c187752f,nstxuE202806A02t025/N6/egn06w.1042E+02
nstxuE202806A02t025/N6/egn06w.1159E+02,good,nstxuE202806A02t025,6,3.4047546965362314,tae_like,GOOD,NO_GOOD_TEMPLATE,GOOD,REVIEW,NO_GOOD_TEMPLATE,rule_survivor_policy,,,,,True,0.36450410040050163,61992ddc8cdbd838f1ea4763e7d4b943a719cdcd8e5ccc964524380fd957d3a6,nstxuE202806A02t025/N6/egn06w.1159E+02
nstxuE202806A02t025/N6/egn06w.1331E+02,good,nstxuE202806A02t025,6,3.647947303792915,tae_like,GOOD,NO_GOOD_TEMPLATE,GOOD,REVIEW,NO_GOOD_TEMPLATE,rule_survivor_policy,,,,,True,0.4201711264844358,e6c3e37c7f233ddf4364a3f2139d7b1f16b6420de26bb35f9c3d8d5bbe55a255,nstxuE202806A02t025/N6/egn06w.1331E+02
nstxuE202806A02t025/N6/egn06w.1507E+02,good,nstxuE202806A02t025,6,3.8824412581976375,tae_like,GOOD,NO_GOOD_TEMPLATE,GOOD,REVIEW,NO_GOOD_TEMPLATE,rule_survivor_policy,,,,,True,0.3956085910226527,faac0b72f27d46414a97964521de776f21209a0e27fc5df314e1850f8dbfa388,nstxuE202806A02t025/N6/egn06w.1507E+02
nstxuE202806A02t025/N6/egn06w.1767E+02,good,nstxuE202806A02t025,6,4.203292221776254,tae_like,GOOD,NO_GOOD_TEMPLATE,GOOD,REVIEW,NO_GOOD_TEMPLATE,rule_survivor_policy,,,,,True,0.6103479482953573,3b241809dbb2e22edf70704512600b2f24d1c9797daa373f5c5a33381960c312,nstxuE202806A02t025/N6/egn06w.1767E+02
nstxuE202806A02t025/N7/egn07w.8494E+01,good,nstxuE202806A02t025,7,2.914473985869355,tae_like,GOOD,NO_GOOD_TEMPLATE,GOOD,REVIEW,NO_GOOD_TEMPLATE,rule_survivor_policy,,,,,True,0.19255593049031364,e197c9ec1df3865ec21a939a344f26fa4533fffa822ea469aab5cdfc4931de9e,nstxuE202806A02t025/N7/egn07w.8494E+01
nstxuE202806A02t025/N7/egn07w.8601E+01,good,nstxuE202806A02t025,7,2.9327136783045273,tae_like,GOOD,NO_GOOD_TEMPLATE,GOOD,REVIEW,NO_GOOD_TEMPLATE,rule_survivor_policy,,,,,True,0.5027109353057279,4fa68279b6cb8b0da7b6ee1844ce8230126c08f0025a81c6ec2f26bb83e78e3f,nstxuE202806A02t025/N7/egn07w.8601E+01
nstxuE202806A02t025/N7/egn07w.1152E+02,good,nstxuE202806A02t025,7,3.3938417011697353,tae_like,GOOD,NO_GOOD_TEMPLATE,GOOD,REVIEW,NO_GOOD_TEMPLATE,rule_survivor_policy,,,,,True,0.27322164609686295,5a230b418625ffa0b94b47ba6d56a74710f302e48d07c7a00a430eda4341508b,nstxuE202806A02t025/N7/egn07w.1152E+02
nstxuE202806A02t025/N7/egn07w.1196E+02,good,nstxuE202806A02t025,7,3.4576959803601413,tae_like,GOOD,NO_GOOD_TEMPLATE,GOOD,REVIEW,NO_GOOD_TEMPLATE,rule_survivor_policy,,,,,True,0.46480131280989967,b0de20e69240c3dda1d0a536ffd902115344b5febe945a0b2a49a8a025074b55,nstxuE202806A02t025/N7/egn07w.1196E+02
nstxuE202806A02t025/N7/egn07w.1334E+02,good,nstxuE202806A02t025,7,3.652439112708037,tae_like,GOOD,NO_GOOD_TEMPLATE,GOOD,REVIEW,NO_GOOD_TEMPLATE,rule_survivor_policy,,,,,True,0.2633631597981271,bb456dfdc4b6479474dc9021b3cbe3eded0c025ed1131496d313121b0274227e,nstxuE202806A02t025/N7/egn07w.1334E+02
nstxuE202806A02t025/N7/egn07w.1411E+02,good,nstxuE202806A02t025,7,3.756991153126535,tae_like,GOOD,NO_GOOD_TEMPLATE,GOOD,REVIEW,NO_GOOD_TEMPLATE,rule_survivor_policy,,,,,True,0.42251417999315694,776497559351100290610e80f6ea71d2dd024db514cc81fbc1a025ee88b0391f,nstxuE202806A02t025/N7/egn07w.1411E+02
nstxuE202806A02t025/N7/egn07w.2346E+02,good,nstxuE202806A02t025,7,4.843957444624071,tae_like,GOOD,NO_GOOD_TEMPLATE,GOOD,REVIEW,NO_GOOD_TEMPLATE,rule_survivor_policy,,,,,True,0.14590729491849927,30a76379997932124ce90625a2404127ce80fe73667dff8660a58a577f91a87d,nstxuE202806A02t025/N7/egn07w.2346E+02
nstxuE202806A02t025/N7/egn07w.2435E+02,good,nstxuE202806A02t025,7,4.934512024779895,tae_like,GOOD,NO_GOOD_TEMPLATE,GOOD,REVIEW,NO_GOOD_TEMPLATE,rule_survivor_policy,,,,,True,0.40866745563977,3131ec42b23904850a00f93dae61203cca6db15e8306fcec60cbb233ae3485a7,nstxuE202806A02t025/N7/egn07w.2435E+02
nstxuE202806A02t025/N8/egn08w.9030E+01,good,nstxuE202806A02t025,8,3.0049459811295405,tae_like,GOOD,NO_GOOD_TEMPLATE,GOOD,REVIEW,NO_GOOD_TEMPLATE,rule_survivor_policy,,,,,True,0.9851959910401419,50e17b41f61158411b7324db314d13b3e5fef52169002702ff6f01aeb27e8b15,nstxuE202806A02t025/N8/egn08w.9030E+01
nstxuE202806A02t025/N8/egn08w.1045E+02,good,nstxuE202806A02t025,8,3.2323053065223224,tae_like,GOOD,NO_GOOD_TEMPLATE,GOOD,REVIEW,NO_GOOD_TEMPLATE,rule_survivor_policy,,,,,True,0.5784616096006989,6cb40fa97ac2093f94ef47735b0c65b186df72c39bc466805a95cdcf2b692acb,nstxuE202806A02t025/N8/egn08w.1045E+02
nstxuE202806A02t025/N8/egn08w.1091E+02,good,nstxuE202806A02t025,8,3.303673770577433,tae_like,GOOD,NO_GOOD_TEMPLATE,GOOD,REVIEW,NO_GOOD_TEMPLATE,rule_survivor_policy,,,,,True,0.5883625611713614,377f90c32b71b6e1fba7b457576683c22ad9c0b51c520b6923ab102956337b0f,nstxuE202806A02t025/N8/egn08w.1091E+02
nstxuE202806A02t025/N8/egn08w.1145E+02,good,nstxuE202806A02t025,8,3.384344170535579,tae_like,GOOD,NO_GOOD_TEMPLATE,GOOD,REVIEW,NO_GOOD_TEMPLATE,rule_survivor_policy,,,,,True,0.49514206212873535,27bbec13ca1edbd084a0b3e3ba2c599a931a5080556e68151a762caf3d1dab71,nstxuE202806A02t025/N8/egn08w.1145E+02
nstxuE202806A02t025/N8/egn08w.1205E+02,good,nstxuE202806A02t025,8,3.4716296871977703,tae_like,GOOD,NO_GOOD_TEMPLATE,GOOD,REVIEW,NO_GOOD_TEMPLATE,rule_survivor_policy,,,,,True,0.5545050334598022,7cbd42253cfc78249c228980bf8cd2bd60855d56bb5b0a421273f4e07d442eb2,nstxuE202806A02t025/N8/egn08w.1205E+02
nstxuE202806A02t025/N8/egn08w.1247E+02,good,nstxuE202806A02t025,8,3.5318347064825204,tae_like,GOOD,NO_GOOD_TEMPLATE,GOOD,REVIEW,NO_GOOD_TEMPLATE,rule_survivor_policy,,,,,True,0.3262720727835984,d9b69a2ac273a6dc73f3be0212064030f5a57bec3c2d9fec621ea4011a357bdd,nstxuE202806A02t025/N8/egn08w.1247E+02
nstxuE202806A02t025/N8/egn08w.1273E+02,good,nstxuE202806A02t025,8,3.568416500340356,tae_like,GOOD,NO_GOOD_TEMPLATE,GOOD,REVIEW,NO_GOOD_TEMPLATE,rule_survivor_policy,,,,,True,0.5260403852996902,74a5f8f1ce8453b351cea0dba5f4c5167f50431c8f3494ff08301b03f41d4a0d,nstxuE202806A02t025/N8/egn08w.1273E+02
nstxuE202806A02t025/N8/egn08w.1339E+02,good,nstxuE202806A02t025,8,3.6597774538232724,tae_like,GOOD,NO_GOOD_TEMPLATE,GOOD,REVIEW,NO_GOOD_TEMPLATE,rule_survivor_policy,,,,,True,0.5531577331067979,411835c8c7566f39a65741022a2fc9a36bf26782d7c46de64461430692f9eef8,nstxuE202806A02t025/N8/egn08w.1339E+02
nstxuE202806A02t025/N8/egn08w.1611E+02,good,nstxuE202806A02t025,8,4.0137452722111515,tae_like,GOOD,NO_GOOD_TEMPLATE,GOOD,REVIEW,NO_GOOD_TEMPLATE,rule_survivor_policy,,,,,True,0.8429459835242991,1f885e062dc5bc88436795fdf3913507ec9ec2d6f5f72f3695ce8de95c86f16d,nstxuE202806A02t025/N8/egn08w.1611E+02
nstxuE202806A02t025/N8/egn08w.2430E+02,good,nstxuE202806A02t025,8,4.929316898968916,tae_like,GOOD,NO_GOOD_TEMPLATE,GOOD,REVIEW,NO_GOOD_TEMPLATE,rule_survivor_policy,,,,,True,0.3227278268444766,cb2ac166c6a4982da286e0350626a44ee6095ab8634017a9d6fc084db766cbb4,nstxuE202806A02t025/N8/egn08w.2430E+02
nstxuE202806A02t025/N8/egn08w.2494E+02,good,nstxuE202806A02t025,8,4.994271492268604,tae_like,GOOD,NO_GOOD_TEMPLATE,GOOD,REVIEW,NO_GOOD_TEMPLATE,rule_survivor_policy,,,,,True,0.321296330478218,bd1cf6293cfa6d114276602f3669e4ab586c5692105ba909f347c8a7e91a9c8e,nstxuE202806A02t025/N8/egn08w.2494E+02
nstxuE202806A02t025/N9/egn09w.7987E+01,good,nstxuE202806A02t025,9,2.8260942476403805,tae_like,GOOD,NO_GOOD_TEMPLATE,GOOD,REVIEW,NO_GOOD_TEMPLATE,rule_survivor_policy,,,,,True,0.994790184907518,4de90252bac8587275c706b28ce9cc9cfb304dc07586706d993d74c3c293a437,nstxuE202806A02t025/N9/egn09w.7987E+01
nstxuE202806A02t025/N9/egn09w.9977E+01,good,nstxuE202806A02t025,9,3.158653901517601,tae_like,GOOD,NO_GOOD_TEMPLATE,GOOD,REVIEW,NO_GOOD_TEMPLATE,rule_survivor_policy,,,,,True,0.482779665066051,7ac0e9f653a07d288c86c5f93c160bdf2499c5727e2241310b2f7c31afd34941,nstxuE202806A02t025/N9/egn09w.9977E+01
nstxuE202806A02t025/N9/egn09w.1092E+02,good,nstxuE202806A02t025,9,3.304253249277639,tae_like,GOOD,NO_GOOD_TEMPLATE,GOOD,REVIEW,NO_GOOD_TEMPLATE,rule_survivor_policy,,,,,True,0.5512219274637271,5c06577dd331e40dd64b7b4ec892c47aa091110566555a680c89c63c81aae6ea,nstxuE202806A02t025/N9/egn09w.1092E+02
nstxuE202806A02t025/N9/egn09w.1148E+02,good,nstxuE202806A02t025,9,3.387721592213369,tae_like,GOOD,NO_GOOD_TEMPLATE,GOOD,REVIEW,NO_GOOD_TEMPLATE,rule_survivor_policy,,,,,True,0.5282450447097674,a42f8713010cf3a4bc0267fcc75a1b527c6de2a87eca0b5d7f3ae4ad4e530850,nstxuE202806A02t025/N9/egn09w.1148E+02
nstxuE202806A02t025/N9/egn09w.1189E+02,good,nstxuE202806A02t025,9,3.4485457252649874,tae_like,GOOD,NO_GOOD_TEMPLATE,GOOD,REVIEW,NO_GOOD_TEMPLATE,rule_survivor_policy,,,,,True,0.42345252921881443,1f842b30430e91f1c823c16006c41bb0300311200154c0b247c7d187eac679b1,nstxuE202806A02t025/N9/egn09w.1189E+02
nstxuE202806A02t025/N9/egn09w.1221E+02,good,nstxuE202806A02t025,9,3.494072091710812,tae_like,GOOD,NO_GOOD_TEMPLATE,GOOD,REVIEW,NO_GOOD_TEMPLATE,rule_survivor_policy,,,,,True,0.5066892956882523,c5dd07cdff0b35ca26a1cb4efe70b90976bb5beec721cbc5fdfda79054cfcc81,nstxuE202806A02t025/N9/egn09w.1221E+02
nstxuE202806A02t025/N9/egn09w.1336E+02,good,nstxuE202806A02t025,9,3.6556180571736716,tae_like,GOOD,NO_GOOD_TEMPLATE,GOOD,REVIEW,NO_GOOD_TEMPLATE,rule_survivor_policy,,,,,True,0.5952300136077416,ecc7ee9dd3f0e2804c288ef8a91a13e04672e1512aa74048c51b8e3b37b2e796,nstxuE202806A02t025/N9/egn09w.1336E+02
nstxuE202806A02t025/N9/egn09w.1382E+02,good,nstxuE202806A02t025,9,3.717727773036629,tae_like,GOOD,NO_GOOD_TEMPLATE,GOOD,REVIEW,NO_GOOD_TEMPLATE,rule_survivor_policy,,,,,True,0.9652189005465648,85f1d59c654687cb4bd96bc6fb0138d5e6e4529cc5641331c9b3aa2c0697d3d7,nstxuE202806A02t025/N9/egn09w.1382E+02
nstxuE202806A02t025/N9/egn09w.1391E+02,good,nstxuE202806A02t025,9,3.7299084855871816,tae_like,GOOD,NO_GOOD_TEMPLATE,GOOD,REVIEW,NO_GOOD_TEMPLATE,rule_survivor_policy,,,,,True,0.5711028843217456,4fca6ca41bb92d5ed644a1ebce7da9649af9b62c345e929fa13eaf9f50adda99,nstxuE202806A02t025/N9/egn09w.1391E+02
nstxuE202806A02t025/N9/egn09w.1406E+02,good,nstxuE202806A02t025,9,3.74936329572839,tae_like,GOOD,NO_GOOD_TEMPLATE,GOOD,REVIEW,NO_GOOD_TEMPLATE,rule_survivor_policy,,,,,True,0.5914328286974043,cb2bda83749edc36b538f56c672b4fe13d4710fb577043eca54f0fea200e757e,nstxuE202806A02t025/N9/egn09w.1406E+02
nstxuE202806A02t025/N9/egn09w.1422E+02,good,nstxuE202806A02t025,9,3.770551551820265,tae_like,GOOD,NO_GOOD_TEMPLATE,GOOD,REVIEW,NO_GOOD_TEMPLATE,rule_survivor_policy,,,,,True,0.22567779456497392,aadaaa764b516ddec8ec812de1386c64f5f45b0fb3a9e1b7f9ce30bfec3a59a6,nstxuE202806A02t025/N9/egn09w.1422E+02
nstxuE202806A02t025/N9/egn09w.1428E+02,good,nstxuE202806A02t025,9,3.7791091971538955,tae_like,GOOD,NO_GOOD_TEMPLATE,GOOD,REVIEW,NO_GOOD_TEMPLATE,rule_survivor_policy,,,,,True,0.17818595497270165,f92b7097e549ce8f561b5fda9f130e6e034729958b46172818cdae6a44da94d2,nstxuE202806A02t025/N9/egn09w.1428E+02
nstxuE202806A02t025/N9/egn09w.1472E+02,good,nstxuE202806A02t025,9,3.8365163802407074,tae_like,GOOD,NO_GOOD_TEMPLATE,GOOD,REVIEW,NO_GOOD_TEMPLATE,rule_survivor_policy,,,,,True,0.603891403988519,baebfb74333e7c9b93b8164d8bf4b9d52524cd2335541338435841f2b0a437bb,nstxuE202806A02t025/N9/egn09w.1472E+02
nstxuE202806A02t025/N9/egn09w.1832E+02,good,nstxuE202806A02t025,9,4.280025876666428,tae_like,GOOD,NO_GOOD_TEMPLATE,GOOD,REVIEW,NO_GOOD_TEMPLATE,rule_survivor_policy,,,,,True,0.3649152457511514,9e772f4878e78596d416a7b3e93267a90b3aa00e79f7c747acb8309a690f533c,nstxuE202806A02t025/N9/egn09w.1832E+02
nstxuE202806A02t025/N9/egn09w.2448E+02,good,nstxuE202806A02t025,9,4.947681146287517,tae_like,GOOD,NO_GOOD_TEMPLATE,GOOD,REVIEW,NO_GOOD_TEMPLATE,rule_survivor_policy,,,,,True,0.21625983469839632,57154fa1b567f6393dcd8b93d9f27e3e16486af33bdc7bcf7cf150d7b98678d2,nstxuE202806A02t025/N9/egn09w.2448E+02
nstxuE202806A02t025/N9/egn09w.2509E+02,good,nstxuE202806A02t025,9,5.00918205008116,tae_like,GOOD,NO_GOOD_TEMPLATE,GOOD,REVIEW,NO_GOOD_TEMPLATE,rule_survivor_policy,,,,,True,0.3576114902111668,5627e490a26c9eaf5ecd4f27d4625d31142538a06d7f855b8d746541b682556f,nstxuE202806A02t025/N9/egn09w.2509E+02
nstxuE202806A02t025/N10/egn10w.5223E+01,good,nstxuE202806A02t025,10,2.285456254205026,tae_like,GOOD,NO_GOOD_TEMPLATE,GOOD,REVIEW,NO_GOOD_TEMPLATE,rule_survivor_policy,,,,,True,0.3683468752196638,85449cbce8b30569d6d216bb2c0f732c1b9797401306f3daafd693395ba98bbe,nstxuE202806A02t025/N10/egn10w.5223E+01
nstxuE202806A02t025/N10/egn10w.9820E+01,good,nstxuE202806A02t025,10,3.133654545420234,tae_like,GOOD,NO_GOOD_TEMPLATE,GOOD,REVIEW,NO_GOOD_TEMPLATE,rule_survivor_policy,,,,,True,0.5423586905092779,40380aa7b2215a006e4f1acc254f54a6d4e7d0e294ea68e2485ca808e26ad3e4,nstxuE202806A02t025/N10/egn10w.9820E+01
nstxuE202806A02t025/N10/egn10w.1073E+02,good,nstxuE202806A02t025,10,3.2749261586442477,tae_like,GOOD,NO_GOOD_TEMPLATE,GOOD,REVIEW,NO_GOOD_TEMPLATE,rule_survivor_policy,,,,,True,0.6674726753205286,4df7919870a01c8afe172878dc222cb531bea995a63cb056038531fe6f93f2f4,nstxuE202806A02t025/N10/egn10w.1073E+02
nstxuE202806A02t025/N10/egn10w.1164E+02,good,nstxuE202806A02t025,10,3.412166291881734,tae_like,GOOD,NO_GOOD_TEMPLATE,GOOD,REVIEW,NO_GOOD_TEMPLATE,rule_survivor_policy,,,,,True,0.5310250501693765,6c109492f222d0cdc70944543f612f0a77056f4a7464f8352536b4a5ad5a771e,nstxuE202806A02t025/N10/egn10w.1164E+02
nstxuE202806A02t025/N10/egn10w.1205E+02,good,nstxuE202806A02t025,10,3.471200311060509,tae_like,GOOD,NO_GOOD_TEMPLATE,GOOD,REVIEW,NO_GOOD_TEMPLATE,rule_survivor_policy,,,,,True,0.5581324053256921,94df10107a54d9e00fc62c31bcb2e749d86d6b7cf469a2b0bbfad83d6b18ee25,nstxuE202806A02t025/N10/egn10w.1205E+02
nstxuE202806A02t025/N10/egn10w.1262E+02,good,nstxuE202806A02t025,10,3.5521899663085894,tae_like,GOOD,NO_GOOD_TEMPLATE,GOOD,REVIEW,NO_GOOD_TEMPLATE,rule_survivor_policy,,,,,True,0.5315899993930439,12c13dab58cfe2b80ac9cf2b4d5dc382240f487793cdb6a662ac234b0b6b0de8,nstxuE202806A02t025/N10/egn10w.1262E+02
nstxuE202806A02t025/N10/egn10w.1323E+02,good,nstxuE202806A02t025,10,3.637279988598695,tae_like,GOOD,NO_GOOD_TEMPLATE,GOOD,REVIEW,NO_GOOD_TEMPLATE,rule_survivor_policy,,,,,True,0.5745690873666919,379768d46015665f8ee6bc04ca9bba14910f74e51192b9290709678aa5c3c2d0,nstxuE202806A02t025/N10/egn10w.1323E+02
nstxuE202806A02t025/N10/egn10w.1395E+02,good,nstxuE202806A02t025,10,3.7352031260819136,tae_like,GOOD,NO_GOOD_TEMPLATE,GOOD,REVIEW,NO_GOOD_TEMPLATE,rule_survivor_policy,,,,,True,0.6181663360478408,196ac239c390ad1423a9d70e7273acd28543c55c1b76e8e150e525f853bf09a2,nstxuE202806A02t025/N10/egn10w.1395E+02
nstxuE202806A02t025/N10/egn10w.1469E+02,good,nstxuE202806A02t025,10,3.832897468188359,tae_like,GOOD,NO_GOOD_TEMPLATE,GOOD,REVIEW,NO_GOOD_TEMPLATE,rule_survivor_policy,,,,,True,0.5221937316155691,f24004988e4ccb376d1194492e9ad163903d875812d9cd0d48244644f1c5126d,nstxuE202806A02t025/N10/egn10w.1469E+02
nstxuE202806A02t025/N10/egn10w.1540E+02,good,nstxuE202806A02t025,10,3.9243010555602194,tae_like,GOOD,NO_GOOD_TEMPLATE,GOOD,REVIEW,NO_GOOD_TEMPLATE,rule_survivor_policy,,,,,True,0.5472105896556452,15a7e7cf8e82cdec99b37d8510d91e78cfcc01fcead7b7e2a4325481ab056527,nstxuE202806A02t025/N10/egn10w.1540E+02
nstxuE202806A02t025/N10/egn10w.1618E+02,good,nstxuE202806A02t025,10,4.022168856581641,tae_like,GOOD,NO_GOOD_TEMPLATE,GOOD,REVIEW,NO_GOOD_TEMPLATE,rule_survivor_policy,,,,,True,0.6243730444574463,131c64942fa8842b2fccedfcd16d0c208e8159fb7dd047aea23ad77a8b8da91e,nstxuE202806A02t025/N10/egn10w.1618E+02
nstxuE202806A02t025/N10/egn10w.1707E+02,good,nstxuE202806A02t025,10,4.131686292552451,tae_like,GOOD,NO_GOOD_TEMPLATE,GOOD,REVIEW,NO_GOOD_TEMPLATE,rule_survivor_policy,,,,,True,0.6505291584751541,e7e3da1019b2d92d2a42e59d35030aa0ed1089ffa9b288d197bdf6a707a87d08,nstxuE202806A02t025/N10/egn10w.1707E+02
nstxuE202806A02t025/N10/egn10w.2371E+02,good,nstxuE202806A02t025,10,4.8693830452919125,tae_like,GOOD,NO_GOOD_TEMPLATE,GOOD,REVIEW,NO_GOOD_TEMPLATE,rule_survivor_policy,,,,,True,0.25785068086519897,1433499eda1ab99657d68d2404beb850a1bcbae2d61acbb8e6ec52475880d7af,nstxuE202806A02t025/N10/egn10w.2371E+02
nstxuE202806A02t025/N10/egn10w.2456E+02,good,nstxuE202806A02t025,10,4.95556996977431,tae_like,GOOD,NO_GOOD_TEMPLATE,GOOD,REVIEW,NO_GOOD_TEMPLATE,rule_survivor_policy,,,,,True,0.46339496445675643,8fe705aeed1dc387e3ba18b77c849ff47303bf777b977c05ec3fc2c8abc4584e,nstxuE202806A02t025/N10/egn10w.2456E+02
nstxuE202806A02t025/N10/egn10w.2462E+02,good,nstxuE202806A02t025,10,4.961369580748478,tae_like,GOOD,NO_GOOD_TEMPLATE,GOOD,REVIEW,NO_GOOD_TEMPLATE,rule_survivor_policy,,,,,True,0.7135281018520532,b33746b5a56ee4c63d645e58482b23e9f58cebdaf161860fd54a4954f0ee273a,nstxuE202806A02t025/N10/egn10w.2462E+02
nstxuE202806A02t025/N10/egn10w.3502E+02,good,nstxuE202806A02t025,10,5.918028147500253,tae_like,GOOD,NO_GOOD_TEMPLATE,GOOD,REVIEW,NO_GOOD_TEMPLATE,rule_survivor_policy,,,,,True,0.43718623286066816,6b207127a94ee26794b6630815a8d85d4dc6eed3dccee5788eb9776609e894e1,nstxuE202806A02t025/N10/egn10w.3502E+02
nstxuE202806A02t045/N1/egn01w.8832E+01,good,nstxuE202806A02t045,1,2.9718461175197315,tae_like,GOOD,NO_GOOD_TEMPLATE,GOOD,REVIEW,NO_GOOD_TEMPLATE,rule_survivor_policy,,,,,True,0.13714788180003407,f63c1e533c8cf9a0a2d6c218ac935103068aadd63ce533f5c3e50eac05868da4,nstxuE202806A02t045/N1/egn01w.8832E+01
nstxuE202806A02t045/N1/egn01w.5804E+02,good,nstxuE202806A02t045,1,7.618457341859759,tae_like,GOOD,NO_GOOD_TEMPLATE,GOOD,REVIEW,NO_GOOD_TEMPLATE,rule_survivor_policy,,,,,True,0.5889586244903876,6ac7f5ed31e5cb0f5dbf96a722a836104462ed4c14d05e3a39a49daced11e62d,nstxuE202806A02t045/N1/egn01w.5804E+02
nstxuE202806A02t045/N1/egn01w.5806E+02,good,nstxuE202806A02t045,1,7.61968510840939,tae_like,GOOD,NO_GOOD_TEMPLATE,GOOD,REVIEW,NO_GOOD_TEMPLATE,rule_survivor_policy,,,,,True,0.8705237564859744,033e57c0d5241f3c88338cc129a9903f7439e7a33c7fff1a50c06b6d25640b71,nstxuE202806A02t045/N1/egn01w.5806E+02
nstxuE202806A02t045/N2/egn02w.8575E+01,good,nstxuE202806A02t045,2,2.9283640651158525,tae_like,GOOD,NO_GOOD_TEMPLATE,GOOD,REVIEW,NO_GOOD_TEMPLATE,rule_survivor_policy,,,,,True,0.34969511800843645,9eb8bfdcb04d7aeabca4f499504763c8951a814558eb05153834433a448ef4a2,nstxuE202806A02t045/N2/egn02w.8575E+01
nstxuE202806A02t045/N2/egn02w.8916E+01,good,nstxuE202806A02t045,2,2.986037357352814,tae_like,GOOD,NO_GOOD_TEMPLATE,GOOD,REVIEW,NO_GOOD_TEMPLATE,rule_survivor_policy,,,,,True,0.607813752091505,c59700274865efdf71e75f117efaf17ce70e7db193a36f1816b75706db5ca7ff,nstxuE202806A02t045/N2/egn02w.8916E+01
nstxuE202806A02t045/N2/egn02w.1451E+02,good,nstxuE202806A02t045,2,3.8091490612371266,tae_like,GOOD,NO_GOOD_TEMPLATE,GOOD,REVIEW,NO_GOOD_TEMPLATE,rule_survivor_policy,,,,,True,0.27408387127011874,56ad5b0f4058b92b5a890d6898cd1ab071dd180ea2f7f09a0abbe40e7ec23c23,nstxuE202806A02t045/N2/egn02w.1451E+02
nstxuE202806A02t045/N2/egn02w.4043E+02,good,nstxuE202806A02t045,2,6.358242778752054,tae_like,GOOD,NO_GOOD_TEMPLATE,GOOD,REVIEW,NO_GOOD_TEMPLATE,rule_survivor_policy,,,,,True,0.6064855529360345,f5e5bfb57e6f8e646c229c5f6b0037c017703d5cd2082b918da0b8c23a43cbe7,nstxuE202806A02t045/N2/egn02w.4043E+02
nstxuE202806A02t045/N3/egn03w.1144E+02,good,nstxuE202806A02t045,3,3.382646597821974,tae_like,GOOD,NO_GOOD_TEMPLATE,GOOD,REVIEW,NO_GOOD_TEMPLATE,rule_survivor_policy,,,,,True,0.43872092345275726,4bf93a8193d679a5e84d0976bb3d76d2ea845f0d52cfaafea1cdc84467d8c337,nstxuE202806A02t045/N3/egn03w.1144E+02
nstxuE202806A02t045/N3/egn03w.1922E+02,good,nstxuE202806A02t045,3,4.384090063236132,tae_like,GOOD,NO_GOOD_TEMPLATE,GOOD,REVIEW,NO_GOOD_TEMPLATE,rule_survivor_policy,,,,,True,0.4188389409680275,3a7cac3d9b0e1e41e76572dd87fcbb396539117999ea3339b7dd29f633ee3a7d,nstxuE202806A02t045/N3/egn03w.1922E+02
nstxuE202806A02t045/N3/egn03w.2015E+02,good,nstxuE202806A02t045,3,4.488673038846899,tae_like,GOOD,NO_GOOD_TEMPLATE,GOOD,REVIEW,NO_GOOD_TEMPLATE,rule_survivor_policy,,,,,True,0.4251556189047315,6de88563e609f5f6f5893eabd4ad1d7bf25842394bc8467bed6e3f2f85be0e61,nstxuE202806A02t045/N3/egn03w.2015E+02
nstxuE202806A02t045/N4/egn04w.9819E+01,good,nstxuE202806A02t045,4,3.1335110251237936,tae_like,GOOD,NO_GOOD_TEMPLATE,GOOD,REVIEW,NO_GOOD_TEMPLATE,rule_survivor_policy,,,,,True,0.4163649235250726,ec62c280da692684a51c895d127967ff9924fe3a12a5f127dca3e8a2d63c8e8d,nstxuE202806A02t045/N4/egn04w.9819E+01
nstxuE202806A02t045/N4/egn04w.1097E+02,good,nstxuE202806A02t045,4,3.3120565896125695,tae_like,GOOD,NO_GOOD_TEMPLATE,GOOD,REVIEW,NO_GOOD_TEMPLATE,rule_survivor_policy,,,,,True,0.8462252701981797,7402c5b69f147161f658d5a097e40bbc440a0fb935d0dd370674a57401bee8f0,nstxuE202806A02t045/N4/egn04w.1097E+02
nstxuE202806A02t045/N4/egn04w.1248E+02,good,nstxuE202806A02t045,4,3.5329259966579882,tae_like,GOOD,NO_GOOD_TEMPLATE,GOOD,REVIEW,NO_GOOD_TEMPLATE,rule_survivor_policy,,,,,True,0.40518628440007887,c765bba350dd4abcbe3b4d371df6667a0eb34601a5299f739fb8d20cac64a107,nstxuE202806A02t045/N4/egn04w.1248E+02
nstxuE202806A02t045/N4/egn04w.1432E+02,good,nstxuE202806A02t045,4,3.7846745312596943,tae_like,GOOD,NO_GOOD_TEMPLATE,GOOD,REVIEW,NO_GOOD_TEMPLATE,rule_survivor_policy,,,,,True,0.43477195678510944,c500d63dea35ee46f1dec06a954eb4b3a78566f8eb52c5c37d510405d4724f0a,nstxuE202806A02t045/N4/egn04w.1432E+02
nstxuE202806A02t045/N4/egn04w.1727E+02,good,nstxuE202806A02t045,4,4.15518078352194,tae_like,GOOD,NO_GOOD_TEMPLATE,GOOD,REVIEW,NO_GOOD_TEMPLATE,rule_survivor_policy,,,,,True,0.6936116425795884,7362ae162cfb00b8c988d2f324f624e6549aaac1716a4334d3b8ab65e56bbaaa,nstxuE202806A02t045/N4/egn04w.1727E+02
nstxuE202806A02t045/N4/egn04w.2039E+02,good,nstxuE202806A02t045,4,4.515854631294817,tae_like,GOOD,NO_GOOD_TEMPLATE,GOOD,REVIEW,NO_GOOD_TEMPLATE,rule_survivor_policy,,,,,True,0.5434600346706728,d81a28472df72f322053d47203afe8c4267d51ce72f3148e08dea16ca8e3cbcd,nstxuE202806A02t045/N4/egn04w.2039E+02
nstxuE202806A02t045/N4/egn04w.2311E+02,good,nstxuE202806A02t045,4,4.807248394865217,tae_like,GOOD,NO_GOOD_TEMPLATE,GOOD,REVIEW,NO_GOOD_TEMPLATE,rule_survivor_policy,,,,,True,0.5929503510355871,e9e62ed7401ee93e3d0ddf69139f276bb3b7e973fe54349828feaf83b3157082,nstxuE202806A02t045/N4/egn04w.2311E+02
nstxuE202806A02t045/N5/egn05w.1096E+02,good,nstxuE202806A02t045,5,3.3109313099157247,tae_like,GOOD,NO_GOOD_TEMPLATE,GOOD,REVIEW,NO_GOOD_TEMPLATE,rule_survivor_policy,,,,,True,0.4669297453325689,9d68787b33563cc286ae9bfad32e28540799d93631a8f838b250d07ac3e5807e,nstxuE202806A02t045/N5/egn05w.1096E+02
nstxuE202806A02t045/N5/egn05w.1161E+02,good,nstxuE202806A02t045,5,3.4080779589348644,tae_like,GOOD,NO_GOOD_TEMPLATE,GOOD,REVIEW,NO_GOOD_TEMPLATE,rule_survivor_policy,,,,,True,0.4919200701900404,afd0f4da8fdf994d7d5b96ab8cadfbc49deb0440d96167c531d3528d7135ba93,nstxuE202806A02t045/N5/egn05w.1161E+02
nstxuE202806A02t045/N5/egn05w.1361E+02,good,nstxuE202806A02t045,5,3.689430666524593,tae_like,GOOD,NO_GOOD_TEMPLATE,GOOD,REVIEW,NO_GOOD_TEMPLATE,rule_survivor_policy,,,,,True,0.5615778213751036,723cb192d5726d06c1590c71d1817b0a0f304c192263b1c9941da81e712047a0,nstxuE202806A02t045/N5/egn05w.1361E+02
nstxuE202806A02t045/N5/egn05w.1493E+02,good,nstxuE202806A02t045,5,3.864068967874,tae_like,GOOD,NO_GOOD_TEMPLATE,GOOD,REVIEW,NO_GOOD_TEMPLATE,rule_survivor_policy,,,,,True,0.46568077405146835,25adefb6a200b60a3022f8d3b935a3d3c67b830c89d5bc0430fa7d6330109be9,nstxuE202806A02t045/N5/egn05w.1493E+02
nstxuE202806A02t045/N5/egn05w.1747E+02,good,nstxuE202806A02t045,5,4.17987756269783,tae_like,GOOD,NO_GOOD_TEMPLATE,GOOD,REVIEW,NO_GOOD_TEMPLATE,rule_survivor_policy,,,,,True,0.5261314934793886,77d72ea2b902a46bd12b9af239a7a18fc0a0b870e2ace19599ad04aef7bcb0c6,nstxuE202806A02t045/N5/egn05w.1747E+02
nstxuE202806A02t045/N5/egn05w.2131E+02,good,nstxuE202806A02t045,5,4.616368746424026,tae_like,GOOD,NO_GOOD_TEMPLATE,GOOD,REVIEW,NO_GOOD_TEMPLATE,rule_survivor_policy,,,,,True,0.5677747667719678,5a69a2fa6519cdc8767ff3c7243ecb5150ca7d58ccded51f818e79b81a1b3464,nstxuE202806A02t045/N5/egn05w.2131E+02
nstxuE202806A02t045/N5/egn05w.2439E+02,good,nstxuE202806A02t045,5,4.938811971763474,tae_like,GOOD,NO_GOOD_TEMPLATE,GOOD,REVIEW,NO_GOOD_TEMPLATE,rule_survivor_policy,,,,,True,0.38910140782803193,392952c3f94d4d2cdedab0abfcb8482ed5cd8b28c0d8a4c49dbcdbc1f34acc36,nstxuE202806A02t045/N5/egn05w.2439E+02
nstxuE202806A02t045/N5/egn05w.2792E+02,good,nstxuE202806A02t045,5,5.284225259713552,tae_like,GOOD,NO_GOOD_TEMPLATE,GOOD,REVIEW,NO_GOOD_TEMPLATE,rule_survivor_policy,,,,,True,0.4497767266208256,32faf504be6581301ae0855f34d3df9bca07689f1e255c15add26d1c9dc4a9d0,nstxuE202806A02t045/N5/egn05w.2792E+02
nstxuE202806A02t045/N5/egn05w.4665E+02,good,nstxuE202806A02t045,5,6.830006026284235,tae_like,GOOD,NO_GOOD_TEMPLATE,GOOD,REVIEW,NO_GOOD_TEMPLATE,rule_survivor_policy,,,,,True,0.8872301083700914,05ee075d76347e68c1eb02a6bf35555e754354aba0b020187d955767f362ffa2,nstxuE202806A02t045/N5/egn05w.4665E+02
nstxuE202806A02t045/N6/egn06w.1055E+02,good,nstxuE202806A02t045,6,3.247463506009242,tae_like,GOOD,NO_GOOD_TEMPLATE,GOOD,REVIEW,NO_GOOD_TEMPLATE,rule_survivor_policy,,,,,True,0.4257472062120496,95533749b671dafc2090978fdd015ad458834f92ca7315cd99d7c1442ace58f0,nstxuE202806A02t045/N6/egn06w.1055E+02
nstxuE202806A02t045/N6/egn06w.1172E+02,good,nstxuE202806A02t045,6,3.423749036216501,tae_like,GOOD,NO_GOOD_TEMPLATE,GOOD,REVIEW,NO_GOOD_TEMPLATE,rule_survivor_policy,,,,,True,0.5439413899226043,cc1de8e1d57597b7f580c5c78faf674f22a1b440c2fea637a7bf13dce32a52ad,nstxuE202806A02t045/N6/egn06w.1172E+02
nstxuE202806A02t045/N6/egn06w.1247E+02,good,nstxuE202806A02t045,6,3.5317437504136002,tae_like,GOOD,NO_GOOD_TEMPLATE,GOOD,REVIEW,NO_GOOD_TEMPLATE,rule_survivor_policy,,,,,True,0.5434142040802719,38366278138bd2f7d0926aca773e9153b89bdda61a211dc04ffda49fd697be12,nstxuE202806A02t045/N6/egn06w.1247E+02
nstxuE202806A02t045/N6/egn06w.1394E+02,good,nstxuE202806A02t045,6,3.7333450049502304,tae_like,GOOD,NO_GOOD_TEMPLATE,GOOD,REVIEW,NO_GOOD_TEMPLATE,rule_survivor_policy,,,,,True,0.5494115459620177,46451af74ade35bd597478bb13a8315733fdce2f3dfea229eb81f70a2eb181d1,nstxuE202806A02t045/N6/egn06w.1394E+02
nstxuE202806A02t045/N6/egn06w.1606E+02,good,nstxuE202806A02t045,6,4.008017125047129,tae_like,GOOD,NO_GOOD_TEMPLATE,GOOD,REVIEW,NO_GOOD_TEMPLATE,rule_survivor_policy,,,,,True,0.4293599031569315,6b606cd0fac306d99c1fb97fb5e022f25329467fb69814dd2e3c8439d5f399b8,nstxuE202806A02t045/N6/egn06w.1606E+02
nstxuE202806A02t045/N6/egn06w.1739E+02,good,nstxuE202806A02t045,6,4.17029372013184,tae_like,GOOD,NO_GOOD_TEMPLATE,GOOD,REVIEW,NO_GOOD_TEMPLATE,rule_survivor_policy,,,,,True,0.4806491162321374,6bb37d7e539f012487e7551d161d0567e4ab5f6f2cc6e6a073c1df77947b9ff9,nstxuE202806A02t045/N6/egn06w.1739E+02
nstxuE202806A02t045/N6/egn06w.2025E+02,good,nstxuE202806A02t045,6,4.499972016543109,tae_like,GOOD,NO_GOOD_TEMPLATE,GOOD,REVIEW,NO_GOOD_TEMPLATE,rule_survivor_policy,,,,,True,0.5867189513269924,7fa44e9e84233fadd8203a5f9011d730f40c182b569dc4b5327f9f0c19ba21bf,nstxuE202806A02t045/N6/egn06w.2025E+02
nstxuE202806A02t045/N6/egn06w.2722E+02,good,nstxuE202806A02t045,6,5.216827174924076,tae_like,GOOD,NO_GOOD_TEMPLATE,GOOD,REVIEW,NO_GOOD_TEMPLATE,rule_survivor_policy,,,,,True,0.4299375652017941,a9a6cebcc0f83f9fecc1f3498ad4ee688cee4b2ea7b907a2e46cb3658e33d4d0,nstxuE202806A02t045/N6/egn06w.2722E+02
nstxuE202806A02t045/N6/egn06w.3006E+02,good,nstxuE202806A02t045,6,5.482987106963831,tae_like,GOOD,NO_GOOD_TEMPLATE,GOOD,REVIEW,NO_GOOD_TEMPLATE,rule_survivor_policy,,,,,True,0.4728429056524824,3e93886e8bdad03eefc7d4d15249371d98f5fcd0a1483ec36210bc660e4d187f,nstxuE202806A02t045/N6/egn06w.3006E+02
nstxuE202806A02t045/N6/egn06w.3372E+02,good,nstxuE202806A02t045,6,5.8072565837584,tae_like,GOOD,NO_GOOD_TEMPLATE,GOOD,REVIEW,NO_GOOD_TEMPLATE,rule_survivor_policy,,,,,True,0.8330028520707529,a4811ce1397b961dd035eff0df3039722d210508c481e460b1a8fe8cbdbb6ae9,nstxuE202806A02t045/N6/egn06w.3372E+02
nstxuE202806A02t045/N6/egn06w.4590E+02,good,nstxuE202806A02t045,6,6.774749795098283,tae_like,GOOD,NO_GOOD_TEMPLATE,GOOD,REVIEW,NO_GOOD_TEMPLATE,rule_survivor_policy,,,,,True,0.7054920183924265,90c9aee1f0483f1f2756300f36d1302497cac4ec509e4b3c3fa944fe9e2db3e7,nstxuE202806A02t045/N6/egn06w.4590E+02
nstxuE202806A02t045/N7/egn07w.1030E+02,good,nstxuE202806A02t045,7,3.209922184686635,tae_like,GOOD,NO_GOOD_TEMPLATE,GOOD,REVIEW,NO_GOOD_TEMPLATE,rule_survivor_policy,,,,,True,0.5564490678060753,51f7d919be4ebcafe893762be4e7a37f0459b835bb3d0c4026afebd331d6b72d,nstxuE202806A02t045/N7/egn07w.1030E+02
nstxuE202806A02t045/N7/egn07w.1182E+02,good,nstxuE202806A02t045,7,3.43833609748137,tae_like,GOOD,NO_GOOD_TEMPLATE,GOOD,REVIEW,NO_GOOD_TEMPLATE,rule_survivor_policy,,,,,True,0.14906518210806316,eddcfe21e778fde9e386155295e130aca6b39eff0086687a6448b99887c5e7a5,nstxuE202806A02t045/N7/egn07w.1182E+02
nstxuE202806A02t045/N7/egn07w.1313E+02,good,nstxuE202806A02t045,7,3.6238733219606916,tae_like,GOOD,NO_GOOD_TEMPLATE,GOOD,REVIEW,NO_GOOD_TEMPLATE,rule_survivor_policy,,,,,True,0.45491470226534425,b7747b930b12e7d3973c3a2ce99539fb47a33b0b6b026bf33783befe86226f3a,nstxuE202806A02t045/N7/egn07w.1313E+02
nstxuE202806A02t045/N7/egn07w.1441E+02,good,nstxuE202806A02t045,7,3.796288467259138,tae_like,GOOD,NO_GOOD_TEMPLATE,GOOD,REVIEW,NO_GOOD_TEMPLATE,rule_survivor_policy,,,,,True,0.5885859582098373,f853660fea275e4077f224f3b77408c283ad95c9e2ed9d8338cb334565e26ca5,nstxuE202806A02t045/N7/egn07w.1441E+02
nstxuE202806A02t045/N7/egn07w.1614E+02,good,nstxuE202806A02t045,7,4.017917697434241,tae_like,GOOD,NO_GOOD_TEMPLATE,GOOD,REVIEW,NO_GOOD_TEMPLATE,rule_survivor_policy,,,,,True,0.5261552541531298,f8a4ee69dbbd78f9ff2c3b0352e381ed1a3b1d0e14db42077c73bb3c78a6afa3,nstxuE202806A02t045/N7/egn07w.1614E+02
nstxuE202806A02t045/N7/egn07w.1795E+02,good,nstxuE202806A02t045,7,4.23701031074451,tae_like,GOOD,NO_GOOD_TEMPLATE,GOOD,REVIEW,NO_GOOD_TEMPLATE,rule_survivor_policy,,,,,True,0.44324243487525705,44813d8011429241341ddee9ef4fbb738aaa9bc436d4f6125f9a0a99058b89a5,nstxuE202806A02t045/N7/egn07w.1795E+02
nstxuE202806A02t045/N7/egn07w.2005E+02,good,nstxuE202806A02t045,7,4.477517737593069,tae_like,GOOD,NO_GOOD_TEMPLATE,GOOD,REVIEW,NO_GOOD_TEMPLATE,rule_survivor_policy,,,,,True,0.49496292196785113,cc140a3722199f0a4faf5f578301a499152ada0c6e63116b3bed5d60b4323b2c,nstxuE202806A02t045/N7/egn07w.2005E+02
nstxuE202806A02t045/N7/egn07w.2281E+02,good,nstxuE202806A02t045,7,4.775743410544089,tae_like,GOOD,NO_GOOD_TEMPLATE,GOOD,REVIEW,NO_GOOD_TEMPLATE,rule_survivor_policy,,,,,True,0.6061609570941228,0884ba276c10d61f980ad0588cef6d01e9743c7ebad4cd4892f9861f761d23ec,nstxuE202806A02t045/N7/egn07w.2281E+02
nstxuE202806A02t045/N7/egn07w.2616E+02,good,nstxuE202806A02t045,7,5.114301051630665,tae_like,GOOD,NO_GOOD_TEMPLATE,GOOD,REVIEW,NO_GOOD_TEMPLATE,rule_survivor_policy,,,,,True,0.5525358503758451,bc92c13e4dd271df7ec3057a1ff8447b1bf279d6ff26447b9bce27c27fc811d2,nstxuE202806A02t045/N7/egn07w.2616E+02
nstxuE202806A02t045/N7/egn07w.2935E+02,good,nstxuE202806A02t045,7,5.41713233912605,tae_like,GOOD,NO_GOOD_TEMPLATE,GOOD,REVIEW,NO_GOOD_TEMPLATE,rule_survivor_policy,,,,,True,0.5428702440425209,6b315f0aa2adbb0ace616704f31afbdad573ab310453a0d4d30505780095c58b,nstxuE202806A02t045/N7/egn07w.2935E+02
nstxuE202806A02t045/N7/egn07w.3015E+02,good,nstxuE202806A02t045,7,5.4913237112715985,tae_like,GOOD,NO_GOOD_TEMPLATE,GOOD,REVIEW,NO_GOOD_TEMPLATE,rule_survivor_policy,,,,,True,0.23927149616934099,6a671973caa481c4f4342e39d04a889499741f713842353de11266a36ef73ba5,nstxuE202806A02t045/N7/egn07w.3015E+02
nstxuE202806A02t045/N7/egn07w.3073E+02,good,nstxuE202806A02t045,7,5.543361331536462,tae_like,GOOD,NO_GOOD_TEMPLATE,GOOD,REVIEW,NO_GOOD_TEMPLATE,rule_survivor_policy,,,,,True,0.6282593313826103,76735730a5144371b3fb0f9881970187522f810b398f419b9d4842ac8c654f71,nstxuE202806A02t045/N7/egn07w.3073E+02
nstxuE202806A02t045/N7/egn07w.3220E+02,good,nstxuE202806A02t045,7,5.674420146297816,tae_like,GOOD,NO_GOOD_TEMPLATE,GOOD,REVIEW,NO_GOOD_TEMPLATE,rule_survivor_policy,,,,,True,0.48104412048922435,b2889bcaac703bb4ba89f02bb93eb465198e73768d0839f22279e4de8bdc4d55,nstxuE202806A02t045/N7/egn07w.3220E+02
nstxuE202806A02t045/N7/egn07w.3679E+02,good,nstxuE202806A02t045,7,6.065528441908857,tae_like,GOOD,NO_GOOD_TEMPLATE,GOOD,REVIEW,NO_GOOD_TEMPLATE,rule_survivor_policy,,,,,True,0.482406082981249,7c493d25f6123ef4de94d11bb2c3a0fd42f081426d270f70a4481a8a373a42e7,nstxuE202806A02t045/N7/egn07w.3679E+02
nstxuE202806A02t045/N7/egn07w.4369E+02,good,nstxuE202806A02t045,7,6.609895424017492,tae_like,GOOD,NO_GOOD_TEMPLATE,GOOD,REVIEW,NO_GOOD_TEMPLATE,rule_survivor_policy,,,,,True,0.7970005198197331,89fa4e5389cee2865e87c37cea9a9122c8b99de8a13f1d4fef062c5931bdf306,nstxuE202806A02t045/N7/egn07w.4369E+02
nstxuE202806A02t045/N7/egn07w.5104E+02,good,nstxuE202806A02t045,7,7.144244123446144,tae_like,GOOD,NO_GOOD_TEMPLATE,GOOD,REVIEW,NO_GOOD_TEMPLATE,rule_survivor_policy,,,,,True,0.7659828819991226,7604cfd43f028fdd340201ff87fde2740aadc2c2371014c7bd65adfa1d5a295e,nstxuE202806A02t045/N7/egn07w.5104E+02
nstxuE202806A02t045/N8/egn08w.1229E+02,good,nstxuE202806A02t045,8,3.505926681429492,tae_like,GOOD,NO_GOOD_TEMPLATE,GOOD,REVIEW,NO_GOOD_TEMPLATE,rule_survivor_policy,,,,,True,0.6684631667006311,b2e1b295c7a55a0f7072fec4e51a638d4028cb8fe62d1a5bcc120090d2c6c456,nstxuE202806A02t045/N8/egn08w.1229E+02
nstxuE202806A02t045/N8/egn08w.1437E+02,good,nstxuE202806A02t045,8,3.7908825491756843,tae_like,GOOD,NO_GOOD_TEMPLATE,GOOD,REVIEW,NO_GOOD_TEMPLATE,rule_survivor_policy,,,,,True,0.47781971567562986,4451fe291544552200d5c84d9a1b5a3b6d1c463313f38d5f5902b6969d66618d,nstxuE202806A02t045/N8/egn08w.1437E+02
nstxuE202806A02t045/N8/egn08w.1834E+02,good,nstxuE202806A02t045,8,4.282871019469056,tae_like,GOOD,NO_GOOD_TEMPLATE,GOOD,REVIEW,NO_GOOD_TEMPLATE,rule_survivor_policy,,,,,True,0.4683590983481492,6b5dd07ca5aa2ce4ee1f7b2efe84071e4f0b53894e205318ba9e86ece255f7dc,nstxuE202806A02t045/N8/egn08w.1834E+02
nstxuE202806A02t045/N8/egn08w.1871E+02,good,nstxuE202806A02t045,8,4.325079978154651,tae_like,GOOD,NO_GOOD_TEMPLATE,GOOD,REVIEW,NO_GOOD_TEMPLATE,rule_survivor_policy,,,,,True,0.9326459063802036,c622aeaff5008458598e91b26dcfdc3ad2245c061c63e979ea880f7ebe4dc60b,nstxuE202806A02t045/N8/egn08w.1871E+02
nstxuE202806A02t045/N8/egn08w.2733E+02,good,nstxuE202806A02t045,8,5.227565041818933,tae_like,GOOD,NO_GOOD_TEMPLATE,GOOD,REVIEW,NO_GOOD_TEMPLATE,rule_survivor_policy,,,,,True,0.11423626037872225,b206efe7680fb20e2a985565a9f237d722598cb35b9b196c4c905faeaea42b66,nstxuE202806A02t045/N8/egn08w.2733E+02
nstxuE202806A02t045/N8/egn08w.3426E+02,good,nstxuE202806A02t045,8,5.853195645104341,tae_like,GOOD,NO_GOOD_TEMPLATE,GOOD,REVIEW,NO_GOOD_TEMPLATE,rule_survivor_policy,,,,,True,0.8805970490144771,9485ae84fd5111cc65e252509baa95bafe4a6b4f92d735a8c4d86209a25eb72e,nstxuE202806A02t045/N8/egn08w.3426E+02
nstxuE202806A02t045/N9/egn09w.1094E+02,good,nstxuE202806A02t045,9,3.307964947354737,tae_like,GOOD,NO_GOOD_TEMPLATE,GOOD,REVIEW,NO_GOOD_TEMPLATE,rule_survivor_policy,,,,,True,0.5425389130477827,c989ae4c7628921dfe66b08b9426461cfc3415fcfb51e72c28734cb541db42ee,nstxuE202806A02t045/N9/egn09w.1094E+02
nstxuE202806A02t045/N9/egn09w.1149E+02,good,nstxuE202806A02t045,9,3.3902581356220227,tae_like,GOOD,NO_GOOD_TEMPLATE,GOOD,REVIEW,NO_GOOD_TEMPLATE,rule_survivor_policy,,,,,True,0.6102933011886467,9e0b4fb4c9dd3022c8d3c8758461da2beb5d9d7ed846de9a4a516ecc00a57a8f,nstxuE202806A02t045/N9/egn09w.1149E+02
nstxuE202806A02t045/N9/egn09w.1221E+02,good,nstxuE202806A02t045,9,3.494421438281646,tae_like,GOOD,NO_GOOD_TEMPLATE,GOOD,REVIEW,NO_GOOD_TEMPLATE,rule_survivor_policy,,,,,True,0.4034891291299114,f0453fd47345a728a79ff8b442a69d298500246306cbbfac3ff719881b447168,nstxuE202806A02t045/N9/egn09w.1221E+02
nstxuE202806A02t045/N9/egn09w.1556E+02,good,nstxuE202806A02t045,9,3.9444780742147016,tae_like,GOOD,NO_GOOD_TEMPLATE,GOOD,REVIEW,NO_GOOD_TEMPLATE,rule_survivor_policy,,,,,True,0.5245958979185348,f793f8e4c1e0a56a9485f7123eb1172e9b480f9f042387d0313b29e955f2c338,nstxuE202806A02t045/N9/egn09w.1556E+02
nstxuE202806A02t045/N9/egn09w.1764E+02,good,nstxuE202806A02t045,9,4.200491067195848,tae_like,GOOD,NO_GOOD_TEMPLATE,GOOD,REVIEW,NO_GOOD_TEMPLATE,rule_survivor_policy,,,,,True,0.5862640922003485,40afdec97da4119e9b461a79a0acccf43ab1bc0ed97d5fe69037d9cf7e3871cb,nstxuE202806A02t045/N9/egn09w.1764E+02
nstxuE202806A02t045/N9/egn09w.1799E+02,good,nstxuE202806A02t045,9,4.2409085470305,tae_like,GOOD,NO_GOOD_TEMPLATE,GOOD,REVIEW,NO_GOOD_TEMPLATE,rule_survivor_policy,,,,,True,0.370674543713906,68b0e3455dbeabb45d6483d20a7f981f0b9ae024c6db5e6210d38b0a1c9be089,nstxuE202806A02t045/N9/egn09w.1799E+02
nstxuE202806A02t045/N9/egn09w.1924E+02,good,nstxuE202806A02t045,9,4.3867798413693775,tae_like,GOOD,NO_GOOD_TEMPLATE,GOOD,REVIEW,NO_GOOD_TEMPLATE,rule_survivor_policy,,,,,True,0.5427904691556069,9d3a18f797f3bc952edde74ee51b8d8ecc67927074652c966a4c877e3d7c8830,nstxuE202806A02t045/N9/egn09w.1924E+02
nstxuE202806A02t045/N9/egn09w.2122E+02,good,nstxuE202806A02t045,9,4.607040276241125,tae_like,GOOD,NO_GOOD_TEMPLATE,GOOD,REVIEW,NO_GOOD_TEMPLATE,rule_survivor_policy,,,,,True,0.4793655430007755,9d8205834b9de431409bd6d02bbd385837dec12e653dc1efd79c6b418cd23954,nstxuE202806A02t045/N9/egn09w.2122E+02
nstxuE202806A02t045/N9/egn09w.2387E+02,good,nstxuE202806A02t045,9,4.885916316143296,tae_like,GOOD,NO_GOOD_TEMPLATE,GOOD,REVIEW,NO_GOOD_TEMPLATE,rule_survivor_policy,,,,,True,0.5698242130717852,1baece92307381208a8f414d39d3d0b24c8cf28a8a954152613c54f239ca2fb1,nstxuE202806A02t045/N9/egn09w.2387E+02
nstxuE202806A02t045/N9/egn09w.2497E+02,good,nstxuE202806A02t045,9,4.996951681795352,tae_like,GOOD,NO_GOOD_TEMPLATE,GOOD,REVIEW,NO_GOOD_TEMPLATE,rule_survivor_policy,,,,,True,0.11165134600270267,da2377f18c681f959416943037ef35a17682c5295e3eaf9af89d80f7575a437a,nstxuE202806A02t045/N9/egn09w.2497E+02
nstxuE202806A02t045/N9/egn09w.3274E+02,good,nstxuE202806A02t045,9,5.722171467139212,tae_like,GOOD,NO_GOOD_TEMPLATE,GOOD,REVIEW,NO_GOOD_TEMPLATE,rule_survivor_policy,,,,,True,0.5736641598973516,9acc731758b67302c5e6703399593b5d659b384b69d9a7c4b7b78fb426468df8,nstxuE202806A02t045/N9/egn09w.3274E+02
nstxuE202806A02t045/N9/egn09w.3623E+02,good,nstxuE202806A02t045,9,6.018836079069651,tae_like,GOOD,NO_GOOD_TEMPLATE,GOOD,REVIEW,NO_GOOD_TEMPLATE,rule_survivor_policy,,,,,True,0.6235991685257039,f573b09917620ca82aab8e773154c7df8bfefd75b95003e5625b3fa77211b110,nstxuE202806A02t045/N9/egn09w.3623E+02
nstxuE202806A02t045/N9/egn09w.4009E+02,good,nstxuE202806A02t045,9,6.331721484496683,tae_like,GOOD,NO_GOOD_TEMPLATE,GOOD,REVIEW,NO_GOOD_TEMPLATE,rule_survivor_policy,,,,,True,0.6477482282753447,0eb0012440d8d577b4efc108ddb8f3cda9ef50033b168657b97028e01edd7081,nstxuE202806A02t045/N9/egn09w.4009E+02
nstxuE202806A02t045/N9/egn09w.4454E+02,good,nstxuE202806A02t045,9,6.673830871642575,tae_like,GOOD,NO_GOOD_TEMPLATE,GOOD,REVIEW,NO_GOOD_TEMPLATE,rule_survivor_policy,,,,,True,0.8991289969232498,9033b7e372c275ab0a86cd486e674745c72bf81b2e7b4de7d014bd21ed84ff35,nstxuE202806A02t045/N9/egn09w.4454E+02
nstxuE202806A02t045/N10/egn10w.1241E+02,good,nstxuE202806A02t045,10,3.5221656992528647,tae_like,GOOD,NO_GOOD_TEMPLATE,GOOD,REVIEW,NO_GOOD_TEMPLATE,rule_survivor_policy,,,,,True,0.8654497912925225,9468e2abbc58782841a8224d296226b9d37724e9f26052cd5af7ded50e3dabd4,nstxuE202806A02t045/N10/egn10w.1241E+02
nstxuE202806A02t045/N10/egn10w.1319E+02,good,nstxuE202806A02t045,10,3.6321963788511593,tae_like,GOOD,NO_GOOD_TEMPLATE,GOOD,REVIEW,NO_GOOD_TEMPLATE,rule_survivor_policy,,,,,True,0.5129782325364997,257c3f9c2d3457d3812ffa5a76d967e92a0e81222f5468ce418a1c1140f8b04d,nstxuE202806A02t045/N10/egn10w.1319E+02
nstxuE202806A02t045/N10/egn10w.1391E+02,good,nstxuE202806A02t045,10,3.7296879995534686,tae_like,GOOD,NO_GOOD_TEMPLATE,GOOD,REVIEW,NO_GOOD_TEMPLATE,rule_survivor_policy,,,,,True,0.5791550809197676,a20b80447b57e717d86d02091feace387865f37be4840e8b7580fdc71b738e00,nstxuE202806A02t045/N10/egn10w.1391E+02
nstxuE202806A02t045/N10/egn10w.1473E+02,good,nstxuE202806A02t045,10,3.8385254126747674,tae_like,GOOD,NO_GOOD_TEMPLATE,GOOD,REVIEW,NO_GOOD_TEMPLATE,rule_survivor_policy,,,,,True,0.44264097826072496,9ac4d6b81c4ab8c26b725224215483f9286dddea6f54fd7cccf06ba5ee436cc4,nstxuE202806A02t045/N10/egn10w.1473E+02
nstxuE202806A02t045/N10/egn10w.1563E+02,good,nstxuE202806A02t045,10,3.953179282444035,tae_like,GOOD,NO_GOOD_TEMPLATE,GOOD,REVIEW,NO_GOOD_TEMPLATE,rule_survivor_policy,,,,,True,0.1143703358873856,404763158fef0107826c93716d5a6535b58dd55ab354b63784ac23ea5b3228a0,nstxuE202806A02t045/N10/egn10w.1563E+02
nstxuE202806A02t045/N10/egn10w.1684E+02,good,nstxuE202806A02t045,10,4.104202079840986,tae_like,GOOD,NO_GOOD_TEMPLATE,GOOD,REVIEW,NO_GOOD_TEMPLATE,rule_survivor_policy,,,,,True,0.6087816066125912,28951c99e60027a73729a7c0763a05c7129366a7727a485cd3b09832969fda97,nstxuE202806A02t045/N10/egn10w.1684E+02
nstxuE202806A02t045/N10/egn10w.1765E+02,good,nstxuE202806A02t045,10,4.200986603849588,tae_like,GOOD,NO_GOOD_TEMPLATE,GOOD,REVIEW,NO_GOOD_TEMPLATE,rule_survivor_policy,,,,,True,0.36167620668101635,eaceeb8d6a365bb7441f9da96668f5abbfb26e9c5fdbf9b81bf67f9886895fa3,nstxuE202806A02t045/N10/egn10w.1765E+02
nstxuE202806A02t045/N10/egn10w.1860E+02,good,nstxuE202806A02t045,10,4.31328117924742,tae_like,GOOD,NO_GOOD_TEMPLATE,GOOD,REVIEW,NO_GOOD_TEMPLATE,rule_survivor_policy,,,,,True,0.5364866564712981,33f0205c89c36299e9ccad16ed312e547e0e8231fe29fa0b3e2f62b3a31314d3,nstxuE202806A02t045/N10/egn10w.1860E+02
nstxuE202806A02t045/N10/egn10w.1896E+02,good,nstxuE202806A02t045,10,4.354251197974896,tae_like,GOOD,NO_GOOD_TEMPLATE,GOOD,REVIEW,NO_GOOD_TEMPLATE,rule_survivor_policy,,,,,True,0.738741796317106,ad16deedce285183b66ee8c7c40828b4d9b5e8423c7c29bdad5c34b1bea0cf7c,nstxuE202806A02t045/N10/egn10w.1896E+02
nstxuE202806A02t045/N10/egn10w.2044E+02,good,nstxuE202806A02t045,10,4.5214168488122946,tae_like,GOOD,NO_GOOD_TEMPLATE,GOOD,REVIEW,NO_GOOD_TEMPLATE,rule_survivor_policy,,,,,True,0.5251714693229431,47aa579c18af8a4d30dac821ab13574e569e57654a6a938f82e3b765b70869e7,nstxuE202806A02t045/N10/egn10w.2044E+02
nstxuE202806A02t045/N10/egn10w.2242E+02,good,nstxuE202806A02t045,10,4.734843699658668,tae_like,GOOD,NO_GOOD_TEMPLATE,GOOD,REVIEW,NO_GOOD_TEMPLATE,rule_survivor_policy,,,,,True,0.4525321681348544,35ae1197aecf5f637ca28f68bda8f992f5b8bda0961a85ca700ea1df2071c2f9,nstxuE202806A02t045/N10/egn10w.2242E+02
nstxuE202806A02t045/N10/egn10w.2335E+02,good,nstxuE202806A02t045,10,4.832691642502464,tae_like,GOOD,NO_GOOD_TEMPLATE,GOOD,REVIEW,NO_GOOD_TEMPLATE,rule_survivor_policy,,,,,True,0.23611968146194917,26dd809ce8ec75148bbb13ef12826faefe100c0aad5dece826e48314a3aed0c0,nstxuE202806A02t045/N10/egn10w.2335E+02
nstxuE202806A02t045/N10/egn10w.2451E+02,good,nstxuE202806A02t045,10,4.951123672135077,tae_like,GOOD,NO_GOOD_TEMPLATE,GOOD,REVIEW,NO_GOOD_TEMPLATE,rule_survivor_policy,,,,,True,0.8704976963833202,2c3a965782881bcab40d6f6874e11598e4bf8a84023234b60434ff49246542b7,nstxuE202806A02t045/N10/egn10w.2451E+02
nstxuE202806A02t045/N10/egn10w.2510E+02,good,nstxuE202806A02t045,10,5.009654022911796,tae_like,GOOD,NO_GOOD_TEMPLATE,GOOD,REVIEW,NO_GOOD_TEMPLATE,rule_survivor_policy,,,,,True,0.6303697624767036,59ff7bee6ff35737279be54901f7e67e0f291d848e67b328934bfe4e5f262fe1,nstxuE202806A02t045/N10/egn10w.2510E+02
nstxuE202806A02t045/N10/egn10w.3113E+02,good,nstxuE202806A02t045,10,5.579607600037367,tae_like,GOOD,NO_GOOD_TEMPLATE,GOOD,REVIEW,NO_GOOD_TEMPLATE,rule_survivor_policy,,,,,True,0.5525571019894782,0888ea0dcfdebc0e4cc9a6c4606af3c7716962f9b9af6591aef3ac2417bde8e8,nstxuE202806A02t045/N10/egn10w.3113E+02
nstxuE202806A02t045/N10/egn10w.3403E+02,good,nstxuE202806A02t045,10,5.833395695938581,tae_like,GOOD,NO_GOOD_TEMPLATE,GOOD,REVIEW,NO_GOOD_TEMPLATE,rule_survivor_policy,,,,,True,0.5897522381117468,acd87c2e87a1fdb1317b1ba658de29c838f4da09170a7419373bb216e886c94e,nstxuE202806A02t045/N10/egn10w.3403E+02
nstxuE202806A02t045/N10/egn10w.3742E+02,good,nstxuE202806A02t045,10,6.117369878221661,tae_like,GOOD,NO_GOOD_TEMPLATE,GOOD,REVIEW,NO_GOOD_TEMPLATE,rule_survivor_policy,,,,,True,0.6071986629120284,c12e52138768226c8e76fcc25ba603eb430ed0752e92e77489526e15aff5a99a,nstxuE202806A02t045/N10/egn10w.3742E+02
nstxuE202926A03t025/N2/egn02w.5024E+01,good,nstxuE202926A03t025,2,2.2413166805657405,tae_like,GOOD,NO_GOOD_TEMPLATE,GOOD,REVIEW,NO_GOOD_TEMPLATE,rule_survivor_policy,,,,,True,0.3296609135092263,75891f2c9f6f05366c0e801d1661e97efd6fd150839f3ef8fe86e0304e236013,nstxuE202926A03t025/N2/egn02w.5024E+01
nstxuE202926A03t025/N2/egn02w.5184E+01,good,nstxuE202926A03t025,2,2.2767729928787306,tae_like,GOOD,NO_GOOD_TEMPLATE,GOOD,REVIEW,NO_GOOD_TEMPLATE,rule_survivor_policy,,,,,True,0.5335526899973273,77ad63cab46f03db271f1bb0454da3263e552d6878beb6808317ddf0602b0a8a,nstxuE202926A03t025/N2/egn02w.5184E+01
nstxuE202926A03t025/N2/egn02w.5655E+01,good,nstxuE202926A03t025,2,2.378081611835334,tae_like,GOOD,NO_GOOD_TEMPLATE,GOOD,REVIEW,NO_GOOD_TEMPLATE,rule_survivor_policy,,,,,True,0.13337714467204378,c35131c8b81276c6ca8b451cafba5ba53e3463c55cda0423fdef4dfdd7869f22,nstxuE202926A03t025/N2/egn02w.5655E+01
nstxuE202926A03t025/N3/egn03w.3989E+01,good,nstxuE202926A03t025,3,1.9971868707741811,tae_like,GOOD,NO_GOOD_TEMPLATE,GOOD,REVIEW,NO_GOOD_TEMPLATE,rule_survivor_policy,,,,,True,0.19836104779273,6b7ed0b1adbb57c5cbfe74bdfd83f936ceeab09d366c09a3305fb63663e2645c,nstxuE202926A03t025/N3/egn03w.3989E+01
nstxuE202926A03t025/N3/egn03w.4137E+01,good,nstxuE202926A03t025,3,2.034053290817344,tae_like,GOOD,NO_GOOD_TEMPLATE,GOOD,REVIEW,NO_GOOD_TEMPLATE,rule_survivor_policy,,,,,True,0.20980011002155122,c9f3191867551caadc2c04c4e8126b1dc83c031708c3a9f37ad678b2d8247b66,nstxuE202926A03t025/N3/egn03w.4137E+01
nstxuE202926A03t025/N3/egn03w.4573E+01,good,nstxuE202926A03t025,3,2.1384566308261523,tae_like,GOOD,NO_GOOD_TEMPLATE,GOOD,REVIEW,NO_GOOD_TEMPLATE,rule_survivor_policy,,,,,True,0.18735452707874514,6dbc01a17b46def43a28baba006dcc0f0c47275816f89cfc1f574631e5933a36,nstxuE202926A03t025/N3/egn03w.4573E+01
nstxuE202926A03t025/N3/egn03w.7191E+01,good,nstxuE202926A03t025,3,2.681553722369542,tae_like,GOOD,NO_GOOD_TEMPLATE,GOOD,REVIEW,NO_GOOD_TEMPLATE,rule_survivor_policy,,,,,True,0.17699967742222042,c9addbd8c6ae3e4550cb085e18aff4e3e68d1545518c0211637d2839eb494499,nstxuE202926A03t025/N3/egn03w.7191E+01
nstxuE202926A03t025/N3/egn03w.1141E+02,good,nstxuE202926A03t025,3,3.3772634192678836,tae_like,GOOD,NO_GOOD_TEMPLATE,GOOD,REVIEW,NO_GOOD_TEMPLATE,rule_survivor_policy,,,,,True,0.1426964365672939,a39f12c073d46198884291a5db9f4da7a905fed1f4c6139df5a0fada3199165b,nstxuE202926A03t025/N3/egn03w.1141E+02
nstxuE202926A03t025/N3/egn03w.1151E+02,good,nstxuE202926A03t025,3,3.3930995396568804,tae_like,GOOD,NO_GOOD_TEMPLATE,GOOD,REVIEW,NO_GOOD_TEMPLATE,rule_survivor_policy,,,,,True,0.43684482343004816,4f049b0a4a60293d7d9dcdd726c59fd0d39160497985ce8a167059b739246141,nstxuE202926A03t025/N3/egn03w.1151E+02
nstxuE202926A03t025/N4/egn04w.3735E+01,good,nstxuE202926A03t025,4,1.9325924025323238,tae_like,GOOD,NO_GOOD_TEMPLATE,GOOD,REVIEW,NO_GOOD_TEMPLATE,rule_survivor_policy,,,,,True,0.3587505724343471,cfd640fce43bd155520b76f99e10aabda93756f6036191fd2deb68f25a0ea5c9,nstxuE202926A03t025/N4/egn04w.3735E+01
nstxuE202926A03t025/N4/egn04w.4267E+01,good,nstxuE202926A03t025,4,2.0657243412094295,tae_like,GOOD,NO_GOOD_TEMPLATE,GOOD,REVIEW,NO_GOOD_TEMPLATE,rule_survivor_policy,,,,,True,0.2504310605493822,405bb3e54cda22b3f5e44e8c8e0f4b8caeb91b9cb28eb70ad833a3230517bfab,nstxuE202926A03t025/N4/egn04w.4267E+01
nstxuE202926A03t025/N4/egn04w.5180E+01,good,nstxuE202926A03t025,4,2.2760420116724616,tae_like,GOOD,NO_GOOD_TEMPLATE,GOOD,REVIEW,NO_GOOD_TEMPLATE,rule_survivor_policy,,,,,True,0.25104737075171385,142205cbb4ac9b06edcc58bab7f25b95786a12075d3748a678751aeba73ee275,nstxuE202926A03t025/N4/egn04w.5180E+01
nstxuE202926A03t025/N4/egn04w.8470E+01,good,nstxuE202926A03t025,4,2.9103929334607304,tae_like,GOOD,NO_GOOD_TEMPLATE,GOOD,REVIEW,NO_GOOD_TEMPLATE,rule_survivor_policy,,,,,True,0.20697057825583087,3ddad181118d06e231ae12f38e0055a37f1f13a39711622194e9814c17456b40,nstxuE202926A03t025/N4/egn04w.8470E+01
nstxuE202926A03t025/N4/egn04w.1699E+02,good,nstxuE202926A03t025,4,4.122127563488432,tae_like,GOOD,NO_GOOD_TEMPLATE,GOOD,REVIEW,NO_GOOD_TEMPLATE,rule_survivor_policy,,,,,True,0.7768592290958402,8980ab1455466f19b4013e6b450e8b176602fee8f9cbee9b0d6f99c08ecd2f9d,nstxuE202926A03t025/N4/egn04w.1699E+02
nstxuE202926A03t025/N5/egn05w.5543E+01,good,nstxuE202926A03t025,5,2.3543125476361957,tae_like,GOOD,NO_GOOD_TEMPLATE,GOOD,REVIEW,NO_GOOD_TEMPLATE,rule_survivor_policy,,,,,True,0.2586256113306956,1e5bfe297b9c8dc0f4e8eaf3622115b85d665ae5225315ce1b1f91e2dc6e4349,nstxuE202926A03t025/N5/egn05w.5543E+01
nstxuE202926A03t025/N5/egn05w.5978E+01,good,nstxuE202926A03t025,5,2.4450843018206676,tae_like,GOOD,NO_GOOD_TEMPLATE,GOOD,REVIEW,NO_GOOD_TEMPLATE,rule_survivor_policy,,,,,True,0.3032049997047439,1ef040937d2fdaed044c9c1063478939cc0cacf0fda074ad9cc2eaa9469bd818,nstxuE202926A03t025/N5/egn05w.5978E+01
nstxuE202926A03t025/N5/egn05w.6996E+01,good,nstxuE202926A03t025,5,2.6450261127889685,tae_like,GOOD,NO_GOOD_TEMPLATE,GOOD,REVIEW,NO_GOOD_TEMPLATE,rule_survivor_policy,,,,,True,0.16049415428692407,cb887f5e96522b41dd5e53a6f3dd129ce5eda71ec42db2c6876f7c120b0c50a9,nstxuE202926A03t025/N5/egn05w.6996E+01
nstxuE202926A03t025/N6/egn06w.4561E+01,good,nstxuE202926A03t025,6,2.1355674623158056,tae_like,GOOD,NO_GOOD_TEMPLATE,GOOD,REVIEW,NO_GOOD_TEMPLATE,rule_survivor_policy,,,,,True,0.15251219081951864,fa9e29c44748c328c3547f8e8ad6a2746dd8f4907aceabc5b42d58ba35fc32e2,nstxuE202926A03t025/N6/egn06w.4561E+01
nstxuE202926A03t025/N6/egn06w.4659E+01,good,nstxuE202926A03t025,6,2.158405851621167,tae_like,GOOD,NO_GOOD_TEMPLATE,GOOD,REVIEW,NO_GOOD_TEMPLATE,rule_survivor_policy,,,,,True,0.121543524202708,ee6ec11f290bc7c6464c1fa4680b5aebd747934e3314d7cd3e2a4f6d3c7dbfec,nstxuE202926A03t025/N6/egn06w.4659E+01
nstxuE202926A03t025/N6/egn06w.4892E+01,good,nstxuE202926A03t025,6,2.2117252932077993,tae_like,GOOD,NO_GOOD_TEMPLATE,GOOD,REVIEW,NO_GOOD_TEMPLATE,rule_survivor_policy,,,,,True,0.16310531605763767,8943765be77c6315c460c0e5e574cd36d48f8db8adeb123e4c7d4b849f45ec0b,nstxuE202926A03t025/N6/egn06w.4892E+01
nstxuE202926A03t025/N6/egn06w.5130E+01,good,nstxuE202926A03t025,6,2.2650489853066786,tae_like,GOOD,NO_GOOD_TEMPLATE,GOOD,REVIEW,NO_GOOD_TEMPLATE,rule_survivor_policy,,,,,True,0.40212957715003333,b6e383e687916c5b25f1c26805b61de2799c8d9f0f39ff8bc9ad962b104a69ef,nstxuE202926A03t025/N6/egn06w.5130E+01
nstxuE202926A03t025/N6/egn06w.6769E+01,good,nstxuE202926A03t025,6,2.6016381913676794,tae_like,GOOD,NO_GOOD_TEMPLATE,GOOD,REVIEW,NO_GOOD_TEMPLATE,rule_survivor_policy,,,,,True,0.3755940602780742,c5a67bb789efd5c8491c604d437d80396ce6f81edf76cd0195c17307f3166e59,nstxuE202926A03t025/N6/egn06w.6769E+01
nstxuE202926A03t025/N6/egn06w.1060E+02,good,nstxuE202926A03t025,6,3.255647689648227,tae_like,GOOD,NO_GOOD_TEMPLATE,GOOD,REVIEW,NO_GOOD_TEMPLATE,rule_survivor_policy,,,,,True,0.6113780989022246,28b69ba9483f32cfd4d82062f41b71e999d1fe41bab68201d9abe102a70abda5,nstxuE202926A03t025/N6/egn06w.1060E+02
nstxuE202926A03t025/N7/egn07w.4592E+01,good,nstxuE202926A03t025,7,2.1429135024993604,tae_like,GOOD,NO_GOOD_TEMPLATE,GOOD,REVIEW,NO_GOOD_TEMPLATE,rule_survivor_policy,,,,,True,0.24175673246625923,4f0b078a6341a042aec2c2cb1bbc9913acf5498528b55036875bda26a32829d5,nstxuE202926A03t025/N7/egn07w.4592E+01
nstxuE202926A03t025/N7/egn07w.7641E+01,good,nstxuE202926A03t025,7,2.764189896762131,tae_like,GOOD,NO_GOOD_TEMPLATE,GOOD,REVIEW,NO_GOOD_TEMPLATE,rule_survivor_policy,,,,,True,0.41911038136631557,e0c3b7da29353804ea912e0c470cdde6b3b2a6d4fa94bf2e0ce6d0c92b89c844,nstxuE202926A03t025/N7/egn07w.7641E+01
nstxuE202926A03t025/N8/egn08w.4761E+01,good,nstxuE202926A03t025,8,2.181918101479177,tae_like,GOOD,NO_GOOD_TEMPLATE,GOOD,REVIEW,NO_GOOD_TEMPLATE,rule_survivor_policy,,,,,True,0.5316029582277079,dcd1402045f2e1e07fdd7c296bcf183cc0c907e43d832b6322a9cb939a92ae6d,nstxuE202926A03t025/N8/egn08w.4761E+01
nstxuE202926A03t025/N8/egn08w.5651E+01,good,nstxuE202926A03t025,8,2.3771953042170186,tae_like,GOOD,NO_GOOD_TEMPLATE,GOOD,REVIEW,NO_GOOD_TEMPLATE,rule_survivor_policy,,,,,True,0.6139591178028067,a97051f3328724ed2b55afb392cdb12aa9cdd60b2f4224d78a4b0e3b92594015,nstxuE202926A03t025/N8/egn08w.5651E+01
nstxuE202926A03t025/N9/egn09w.4096E+01,good,nstxuE202926A03t025,9,2.0237808652477094,tae_like,GOOD,NO_GOOD_TEMPLATE,GOOD,REVIEW,NO_GOOD_TEMPLATE,rule_survivor_policy,,,,,True,0.8527828587104679,f7a9f941968f9ec82e03efb571681b9285cf73bc8045ab1dbb727728dbb41948,nstxuE202926A03t025/N9/egn09w.4096E+01
nstxuE202926A03t025/N9/egn09w.4282E+01,good,nstxuE202926A03t025,9,2.069353830921465,tae_like,GOOD,NO_GOOD_TEMPLATE,GOOD,REVIEW,NO_GOOD_TEMPLATE,rule_survivor_policy,,,,,True,0.5305363842102875,a3e976949267ec7fb5c1a3e1027bc3439d39bfe1e948d6bc79951e82c2993663,nstxuE202926A03t025/N9/egn09w.4282E+01
nstxuE202926A03t025/N9/egn09w.4388E+01,good,nstxuE202926A03t025,9,2.094851009120024,tae_like,GOOD,NO_GOOD_TEMPLATE,GOOD,REVIEW,NO_GOOD_TEMPLATE,rule_survivor_policy,,,,,True,0.6200324534322905,e4d13f71c28784b3a82d0e4dc7d4057b699e532ecb617dade008ffda23619884,nstxuE202926A03t025/N9/egn09w.4388E+01
nstxuE202926A03t025/N9/egn09w.5212E+01,good,nstxuE202926A03t025,9,2.2828826056906935,tae_like,GOOD,NO_GOOD_TEMPLATE,GOOD,REVIEW,NO_GOOD_TEMPLATE,rule_survivor_policy,,,,,True,0.2375014684949814,381bbb326157a9182329e36d6df18b0c46dee880a0a4f11e2f56b1b5af0e9a31,nstxuE202926A03t025/N9/egn09w.5212E+01
nstxuE202926A03t025/N9/egn09w.5572E+01,good,nstxuE202926A03t025,9,2.3604310441584544,tae_like,GOOD,NO_GOOD_TEMPLATE,GOOD,REVIEW,NO_GOOD_TEMPLATE,rule_survivor_policy,,,,,True,0.8541263668780362,53c0a72584ec421fb6494d47dc7922eca90899568905e47487b6f173f1b34d4c,nstxuE202926A03t025/N9/egn09w.5572E+01
nstxuE202926A03t025/N9/egn09w.5835E+01,good,nstxuE202926A03t025,9,2.4156219679799853,tae_like,GOOD,NO_GOOD_TEMPLATE,GOOD,REVIEW,NO_GOOD_TEMPLATE,rule_survivor_policy,,,,,True,0.5170976883869154,eaab146b68cb7523349d676d103c871459b60f05c5b69c755af9e305bd72b172,nstxuE202926A03t025/N9/egn09w.5835E+01
nstxuE202926A03t025/N9/egn09w.6234E+01,good,nstxuE202926A03t025,9,2.4968419094869407,tae_like,GOOD,NO_GOOD_TEMPLATE,GOOD,REVIEW,NO_GOOD_TEMPLATE,rule_survivor_policy,,,,,True,0.5395130070302395,a37ecd69cf5c2d6ca5e24ba0c72b294eb21009159ff3f99a710b15b468fcb579,nstxuE202926A03t025/N9/egn09w.6234E+01
nstxuE202926A03t025/N9/egn09w.6535E+01,good,nstxuE202926A03t025,9,2.5563785797992784,tae_like,GOOD,NO_GOOD_TEMPLATE,GOOD,REVIEW,NO_GOOD_TEMPLATE,rule_survivor_policy,,,,,True,0.6080926260346925,00ca7f05a7bad815e6d427ad0384356e77d5151fc263761449cebed725408579,nstxuE202926A03t025/N9/egn09w.6535E+01
nstxuE202926A03t025/N9/egn09w.6928E+01,good,nstxuE202926A03t025,9,2.6320721423121216,tae_like,GOOD,NO_GOOD_TEMPLATE,GOOD,REVIEW,NO_GOOD_TEMPLATE,rule_survivor_policy,,,,,True,0.6011707327056979,c44d04f79d300941f6ea3c4d5e18aede87221e43271c53e5acc12e5c2ebf5568,nstxuE202926A03t025/N9/egn09w.6928E+01
nstxuE202926A03t025/N9/egn09w.7712E+01,good,nstxuE202926A03t025,9,2.776967152598647,tae_like,GOOD,NO_GOOD_TEMPLATE,GOOD,REVIEW,NO_GOOD_TEMPLATE,rule_survivor_policy,,,,,True,0.33741877906006407,f540b7d6d1cff4247797a9f39c415a5f4884352119ae03540d43591e27c27c0a,nstxuE202926A03t025/N9/egn09w.7712E+01
nstxuE202926A03t025/N9/egn09w.8123E+01,good,nstxuE202926A03t025,9,2.850035978391325,tae_like,GOOD,NO_GOOD_TEMPLATE,GOOD,REVIEW,NO_GOOD_TEMPLATE,rule_survivor_policy,,,,,True,0.7654811914002944,8b8fc6ef61ac7797a4496eafdecf74150c802e28d61f622f20c5f88609745aa1,nstxuE202926A03t025/N9/egn09w.8123E+01
nstxuE202926A03t025/N10/egn10w.4956E+01,good,nstxuE202926A03t025,10,2.2261848998837426,tae_like,GOOD,NO_GOOD_TEMPLATE,GOOD,REVIEW,NO_GOOD_TEMPLATE,rule_survivor_policy,,,,,True,0.647284118540948,4178065af2412be02a113fa0208f06b03bbac3b1ce806b13e04865ad44c011d5,nstxuE202926A03t025/N10/egn10w.4956E+01
nstxuE202926A03t025/N10/egn10w.5310E+01,good,nstxuE202926A03t025,10,2.304386828067655,tae_like,GOOD,NO_GOOD_TEMPLATE,GOOD,REVIEW,NO_GOOD_TEMPLATE,rule_survivor_policy,,,,,True,0.5511603792606271,2e3689cc4b6c07d9ac4828de97111aa3746e8059734d13bf230e5a511a635055,nstxuE202926A03t025/N10/egn10w.5310E+01
nstxuE202926A03t025/N10/egn10w.5591E+01,good,nstxuE202926A03t025,10,2.364494000215674,tae_like,GOOD,NO_GOOD_TEMPLATE,GOOD,REVIEW,NO_GOOD_TEMPLATE,rule_survivor_policy,,,,,True,0.807386102786199,16715ba38d820a43b0575e9ee10c6953697f207cc407b6f717944f5f75fbd6f5,nstxuE202926A03t025/N10/egn10w.5591E+01
nstxuE202926A03t025/N10/egn10w.5842E+01,good,nstxuE202926A03t025,10,2.4170524460025624,tae_like,GOOD,NO_GOOD_TEMPLATE,GOOD,REVIEW,NO_GOOD_TEMPLATE,rule_survivor_policy,,,,,True,0.5590853525758024,09cde0d9cd87b8de90d9a5923c4e5045d81750820d1089eb77a70955d61598c2,nstxuE202926A03t025/N10/egn10w.5842E+01
nstxuE202926A03t025/N10/egn10w.6300E+01,good,nstxuE202926A03t025,10,2.510066339436412,tae_like,GOOD,NO_GOOD_TEMPLATE,GOOD,REVIEW,NO_GOOD_TEMPLATE,rule_survivor_policy,,,,,True,0.6102929995078148,023744538c07e9f38f719363f32eb563181796f54a26b98449d3f3f3f2cdbb4d,nstxuE202926A03t025/N10/egn10w.6300E+01
nstxuE202926A03t025/N10/egn10w.6551E+01,good,nstxuE202926A03t025,10,2.5595483040097537,tae_like,GOOD,NO_GOOD_TEMPLATE,GOOD,REVIEW,NO_GOOD_TEMPLATE,rule_survivor_policy,,,,,True,0.5645910491163425,947e892fc60053f953b617cff482eb5fe935bd6d0d6a7c773479d2d5378d84c6,nstxuE202926A03t025/N10/egn10w.6551E+01
nstxuE202926A03t025/N10/egn10w.6991E+01,good,nstxuE202926A03t025,10,2.6440494767857095,tae_like,GOOD,NO_GOOD_TEMPLATE,GOOD,REVIEW,NO_GOOD_TEMPLATE,rule_survivor_policy,,,,,True,0.6133601480997565,458b834559c5c9f4233aae156ae4e3758a847cd54366652022cf46c2806ed5ff,nstxuE202926A03t025/N10/egn10w.6991E+01
nstxuE202926A03t025/N10/egn10w.7372E+01,good,nstxuE202926A03t025,10,2.7152015750083143,tae_like,GOOD,NO_GOOD_TEMPLATE,GOOD,REVIEW,NO_GOOD_TEMPLATE,rule_survivor_policy,,,,,True,0.6110254460491641,7f625f1fd77ab903a11d05ab8b3b3ea31fff69e2822a05a797a2af5b2297eaa3,nstxuE202926A03t025/N10/egn10w.7372E+01
nstxuE202926A03t025/N10/egn10w.7777E+01,good,nstxuE202926A03t025,10,2.7887322661270577,tae_like,GOOD,NO_GOOD_TEMPLATE,GOOD,REVIEW,NO_GOOD_TEMPLATE,rule_survivor_policy,,,,,True,0.5272790867163292,78204d71f5f4522657e3bae416e8b13517bf7a4304c0f532cb452015bb97f67d,nstxuE202926A03t025/N10/egn10w.7777E+01
nstxuE202926A03t025/N10/egn10w.8195E+01,good,nstxuE202926A03t025,10,2.8626500154611527,tae_like,GOOD,NO_GOOD_TEMPLATE,GOOD,REVIEW,NO_GOOD_TEMPLATE,rule_survivor_policy,,,,,True,0.5649196598925884,b66674b5e8e347ba1607bc1f192df1758923af3a8e2a72d0fb4161e7ba317938,nstxuE202926A03t025/N10/egn10w.8195E+01
nstxuE202926A03t025/N10/egn10w.8633E+01,good,nstxuE202926A03t025,10,2.9382116124337925,tae_like,GOOD,NO_GOOD_TEMPLATE,GOOD,REVIEW,NO_GOOD_TEMPLATE,rule_survivor_policy,,,,,True,0.5637263487130091,cba82cb92c4b144b6bfe6e46221ae37050203af0ee31f649263bc989d83c5abb,nstxuE202926A03t025/N10/egn10w.8633E+01
nstxuE202926A03t025/N10/egn10w.9093E+01,good,nstxuE202926A03t025,10,3.0154724531910317,tae_like,GOOD,NO_GOOD_TEMPLATE,GOOD,REVIEW,NO_GOOD_TEMPLATE,rule_survivor_policy,,,,,True,0.7254816972525606,0873cfd473ebec21f20ac9c37df83fd7c15aab59c4e89a09c6453dfb5db45b6d,nstxuE202926A03t025/N10/egn10w.9093E+01
nstxuE202926A03t025/N10/egn10w.9556E+01,good,nstxuE202926A03t025,10,3.091247409521761,tae_like,GOOD,NO_GOOD_TEMPLATE,GOOD,REVIEW,NO_GOOD_TEMPLATE,rule_survivor_policy,,,,,True,0.7479887517343418,7c3ed00d6da705e974c5b1fd5412a5e1eccf68a5dad7d454cd7a7ca20e373921,nstxuE202926A03t025/N10/egn10w.9556E+01
nstxuE202944A02t021/N2/egn02w.7349E+01,good,nstxuE202944A02t021,2,2.710943780327929,tae_like,GOOD,NO_GOOD_TEMPLATE,GOOD,REVIEW,NO_GOOD_TEMPLATE,rule_survivor_policy,,,,,True,0.310080208149232,9db20801abbfd972043b7c3183ae43ded08b5d6cc7833ad68c2e07fc1ecba8c3,nstxuE202944A02t021/N2/egn02w.7349E+01
nstxuE202944A02t021/N3/egn03w.9654E+01,good,nstxuE202944A02t021,3,3.107073169415017,tae_like,GOOD,NO_GOOD_TEMPLATE,GOOD,REVIEW,NO_GOOD_TEMPLATE,rule_survivor_policy,,,,,True,0.2566650324535986,cc5b51e7f2609850d028e009b15d241d008d60fe7f9f1ccb4a2a06147309bb5b,nstxuE202944A02t021/N3/egn03w.9654E+01
nstxuE202944A02t021/N4/egn04w.6698E+01,good,nstxuE202944A02t021,4,2.588124547210778,tae_like,GOOD,NO_GOOD_TEMPLATE,GOOD,REVIEW,NO_GOOD_TEMPLATE,rule_survivor_policy,,,,,True,0.39485825192151136,f2904ef7ba246fa350cfa88c2b5e3c065bc3def405e04c4db0b6776f90efa52e,nstxuE202944A02t021/N4/egn04w.6698E+01
nstxuE202944A02t021/N4/egn04w.6793E+01,good,nstxuE202944A02t021,4,2.6062471404439687,tae_like,GOOD,NO_GOOD_TEMPLATE,GOOD,REVIEW,NO_GOOD_TEMPLATE,rule_survivor_policy,,,,,True,0.45353691493659937,fa9c4e7b82d0552f6e2fbad54225c286c0fa3a2550c0e4f357c759eef7be2bde,nstxuE202944A02t021/N4/egn04w.6793E+01
nstxuE202944A02t021/N4/egn04w.6940E+01,good,nstxuE202944A02t021,4,2.63435587962094,tae_like,GOOD,NO_GOOD_TEMPLATE,GOOD,REVIEW,NO_GOOD_TEMPLATE,rule_survivor_policy,,,,,True,0.48819986833009066,522bd92366073e7ab4ce81aba0e65e7b4c7afbd8efad9a3cd53af4f5d5388c77,nstxuE202944A02t021/N4/egn04w.6940E+01
nstxuE202944A02t021/N4/egn04w.7657E+01,good,nstxuE202944A02t021,4,2.7672051685593018,tae_like,GOOD,NO_GOOD_TEMPLATE,GOOD,REVIEW,NO_GOOD_TEMPLATE,rule_survivor_policy,,,,,True,0.11903089504475622,7ddf1d8f67fab9f33a98e519f73c44dbdb474bf1ec75c31166a0a51ca482819a,nstxuE202944A02t021/N4/egn04w.7657E+01
nstxuE202944A02t021/N4/egn04w.1174E+02,good,nstxuE202944A02t021,4,3.4264089165367237,tae_like,GOOD,NO_GOOD_TEMPLATE,GOOD,REVIEW,NO_GOOD_TEMPLATE,rule_survivor_policy,,,,,True,0.3405451652988772,fe63907cf5c3655de04703f06ef6b14307a932111d329394bd71bef769618ea1,nstxuE202944A02t021/N4/egn04w.1174E+02
nstxuE202944A02t021/N5/egn05w.7091E+01,good,nstxuE202944A02t021,5,2.662867627356336,tae_like,GOOD,NO_GOOD_TEMPLATE,GOOD,REVIEW,NO_GOOD_TEMPLATE,rule_survivor_policy,,,,,True,0.511704355990195,29ad666f103e2b76d96a9c1098606e8a62f9ccd91a5d4cb126b23ad1df30b1da,nstxuE202944A02t021/N5/egn05w.7091E+01
nstxuE202944A02t021/N5/egn05w.7602E+01,good,nstxuE202944A02t021,5,2.757101047898384,tae_like,GOOD,NO_GOOD_TEMPLATE,GOOD,REVIEW,NO_GOOD_TEMPLATE,rule_survivor_policy,,,,,True,0.5387961432516714,8dc8dc6f4d09016f25ab7d3e53e6df92873b0f52dae1a8c1ea3f45953f56b625,nstxuE202944A02t021/N5/egn05w.7602E+01
nstxuE202944A02t021/N5/egn05w.7868E+01,good,nstxuE202944A02t021,5,2.804940956697521,tae_like,GOOD,NO_GOOD_TEMPLATE,GOOD,REVIEW,NO_GOOD_TEMPLATE,rule_survivor_policy,,,,,True,0.10617856783915185,eb945f164e5db0e1f985e1fc3e7f8cf3deb365f0b27a2602068a9899e1b75bef,nstxuE202944A02t021/N5/egn05w.7868E+01
nstxuE202944A02t021/N6/egn06w.7325E+01,good,nstxuE202944A02t021,6,2.7065273689450624,tae_like,GOOD,NO_GOOD_TEMPLATE,GOOD,REVIEW,NO_GOOD_TEMPLATE,rule_survivor_policy,,,,,True,0.6308833081323937,71de06e23909a1a6500637ed25b87f62338bc858a4307ad0bbf116ebe20ed239,nstxuE202944A02t021/N6/egn06w.7325E+01
nstxuE202944A02t021/N6/egn06w.7755E+01,good,nstxuE202944A02t021,6,2.7848545351727734,tae_like,GOOD,NO_GOOD_TEMPLATE,GOOD,REVIEW,NO_GOOD_TEMPLATE,rule_survivor_policy,,,,,True,0.611019997915478,85b1a43d3d22a03399c7dae74b9100988fb6430f86a83578e68fb9692463c4aa,nstxuE202944A02t021/N6/egn06w.7755E+01
nstxuE202944A02t021/N6/egn06w.7977E+01,good,nstxuE202944A02t021,6,2.824274967364702,tae_like,GOOD,NO_GOOD_TEMPLATE,GOOD,REVIEW,NO_GOOD_TEMPLATE,rule_survivor_policy,,,,,True,0.09113487941952407,5e794dbc706e8fb5ade12e7eea7512945233eeb1617051f0a492f0114dd8920d,nstxuE202944A02t021/N6/egn06w.7977E+01
nstxuE202944A02t021/N6/egn06w.8425E+01,good,nstxuE202944A02t021,6,2.902558935805157,tae_like,GOOD,NO_GOOD_TEMPLATE,GOOD,REVIEW,NO_GOOD_TEMPLATE,rule_survivor_policy,,,,,True,0.5455365126153439,6d3b18304dcea4b362226a647394836029091275891af71d85334f62a0b5c35e,nstxuE202944A02t021/N6/egn06w.8425E+01
nstxuE202944A02t021/N6/egn06w.1054E+02,good,nstxuE202944A02t021,6,3.2463752084815174,tae_like,GOOD,NO_GOOD_TEMPLATE,GOOD,REVIEW,NO_GOOD_TEMPLATE,rule_survivor_policy,,,,,True,0.759516402464753,ba50c36aeaf9f4b21da6c89fd73e50783d989c891549ae2e4d0afee7d387fa7d,nstxuE202944A02t021/N6/egn06w.1054E+02
nstxuE202944A02t021/N6/egn06w.1309E+02,good,nstxuE202944A02t021,6,3.6182808360990406,tae_like,GOOD,NO_GOOD_TEMPLATE,GOOD,REVIEW,NO_GOOD_TEMPLATE,rule_survivor_policy,,,,,True,0.6390663464951198,d6aeaf47f19dc1395827c4d3e2295bbfed7bf75a66e68badeb6c2bd509d57c2f,nstxuE202944A02t021/N6/egn06w.1309E+02
nstxuE202944A02t021/N6/egn06w.1382E+02,good,nstxuE202944A02t021,6,3.717914407449211,tae_like,GOOD,NO_GOOD_TEMPLATE,GOOD,REVIEW,NO_GOOD_TEMPLATE,rule_survivor_policy,,,,,True,0.541940443426266,bf6a63c08cda8d4a8c8413d946066e92e983c45e0ff5cd35c3e88329b3e8b603,nstxuE202944A02t021/N6/egn06w.1382E+02
nstxuE202944A02t021/N7/egn07w.7484E+01,good,nstxuE202944A02t021,7,2.7357806537370353,tae_like,GOOD,NO_GOOD_TEMPLATE,GOOD,REVIEW,NO_GOOD_TEMPLATE,rule_survivor_policy,,,,,True,0.5945548634147849,b2331b7a64778ad072111eb23d2c76fedd62d33d3aee08abaeee98d8f6292d70,nstxuE202944A02t021/N7/egn07w.7484E+01
nstxuE202944A02t021/N7/egn07w.1011E+02,good,nstxuE202944A02t021,7,3.18037976994659,tae_like,GOOD,NO_GOOD_TEMPLATE,GOOD,REVIEW,NO_GOOD_TEMPLATE,rule_survivor_policy,,,,,True,0.5875888377241049,dc68f63ecc6cb919c20c8b2b899bbab05a49d205ffdf8331c472ea78023827a8,nstxuE202944A02t021/N7/egn07w.1011E+02
nstxuE202944A02t021/N7/egn07w.1180E+02,good,nstxuE202944A02t021,7,3.4343874215569627,tae_like,GOOD,NO_GOOD_TEMPLATE,GOOD,REVIEW,NO_GOOD_TEMPLATE,rule_survivor_policy,,,,,True,0.6055161955657834,c0664a6e6ea4c22bc19c2ebebe9912ecd838e2c917a1562d7938fafb350ae0d8,nstxuE202944A02t021/N7/egn07w.1180E+02
nstxuE202944A02t021/N7/egn07w.1359E+02,good,nstxuE202944A02t021,7,3.686343624437934,tae_like,GOOD,NO_GOOD_TEMPLATE,GOOD,REVIEW,NO_GOOD_TEMPLATE,rule_survivor_policy,,,,,True,0.5468447373154811,11acdeb9e4ac7ab38618e0bd4153fc151b6241d9fc756ab543a8e61d9c45c7df,nstxuE202944A02t021/N7/egn07w.1359E+02
nstxuE202944A02t021/N7/egn07w.1441E+02,good,nstxuE202944A02t021,7,3.7960989162438716,tae_like,GOOD,NO_GOOD_TEMPLATE,GOOD,REVIEW,NO_GOOD_TEMPLATE,rule_survivor_policy,,,,,True,0.5533926392165505,a467db6c93a02891fa4013584cd6acdd5fd1bb0401c1939d1f4fb5f62739ce85,nstxuE202944A02t021/N7/egn07w.1441E+02
nstxuE202944A02t021/N7/egn07w.1523E+02,good,nstxuE202944A02t021,7,3.9026173898777614,tae_like,GOOD,NO_GOOD_TEMPLATE,GOOD,REVIEW,NO_GOOD_TEMPLATE,rule_survivor_policy,,,,,True,0.5787943740942276,edd51538d98383a4ebbdf507af8111cda86e8939f087c8a0f38d76d9c4e53a11,nstxuE202944A02t021/N7/egn07w.1523E+02
nstxuE202944A02t021/N7/egn07w.1617E+02,good,nstxuE202944A02t021,7,4.021274249186575,tae_like,GOOD,NO_GOOD_TEMPLATE,GOOD,REVIEW,NO_GOOD_TEMPLATE,rule_survivor_policy,,,,,True,0.5968063038585203,7234635e4837cc7c5c8abd155d574f42fd8f7b2fb440bc6292dda58988b3912e,nstxuE202944A02t021/N7/egn07w.1617E+02
nstxuE202944A02t021/N7/egn07w.1716E+02,good,nstxuE202944A02t021,7,4.142575570849296,tae_like,GOOD,NO_GOOD_TEMPLATE,GOOD,REVIEW,NO_GOOD_TEMPLATE,rule_survivor_policy,,,,,True,0.6578574996134153,12675b606781b4bfb599c62f0d2b8ab56e3840c56493c75fb0e47f7a4ccdf348,nstxuE202944A02t021/N7/egn07w.1716E+02
nstxuE202944A02t021/N8/egn08w.7294E+01,good,nstxuE202944A02t021,8,2.700805210859639,tae_like,GOOD,NO_GOOD_TEMPLATE,GOOD,REVIEW,NO_GOOD_TEMPLATE,rule_survivor_policy,,,,,True,0.19543470108660507,dbe09b577c7b2cdfbb89a0a4bc08ee9b87ce304d5c4aecaeda9e3c960333b73c,nstxuE202944A02t021/N8/egn08w.7294E+01
nstxuE202944A02t021/N8/egn08w.8014E+01,good,nstxuE202944A02t021,8,2.830945997824522,tae_like,GOOD,NO_GOOD_TEMPLATE,GOOD,REVIEW,NO_GOOD_TEMPLATE,rule_survivor_policy,,,,,True,0.1061031787556757,0e2d1d39c3a502a2397817fb64b5d4f9a3635c2e17bb1eb56efc7c52bcfd2ab2,nstxuE202944A02t021/N8/egn08w.8014E+01
nstxuE202944A02t021/N8/egn08w.8173E+01,good,nstxuE202944A02t021,8,2.8588141166894525,tae_like,GOOD,NO_GOOD_TEMPLATE,GOOD,REVIEW,NO_GOOD_TEMPLATE,rule_survivor_policy,,,,,True,0.9805472102312521,74afe6a5fec6885cc54abe14136d5f3e707fdaa30c22810395f6df4ba160e9ec,nstxuE202944A02t021/N8/egn08w.8173E+01
nstxuE202944A02t021/N8/egn08w.8874E+01,good,nstxuE202944A02t021,8,2.978932934258374,tae_like,GOOD,NO_GOOD_TEMPLATE,GOOD,REVIEW,NO_GOOD_TEMPLATE,rule_survivor_policy,,,,,True,0.5790695513322697,9f852afd7e0717957cb9e84efb40572b086d8b9230d3b51af21a7b4981793887,nstxuE202944A02t021/N8/egn08w.8874E+01
nstxuE202944A02t021/N9/egn09w.7363E+01,good,nstxuE202944A02t021,9,2.713426332700672,tae_like,GOOD,NO_GOOD_TEMPLATE,GOOD,REVIEW,NO_GOOD_TEMPLATE,rule_survivor_policy,,,,,True,0.46360962864300354,82a5cefad9b5b271258dbabd1cbedca8f681fed444e85e33d31d9d0534f8562d,nstxuE202944A02t021/N9/egn09w.7363E+01
nstxuE202944A02t021/N9/egn09w.8009E+01,good,nstxuE202944A02t021,9,2.829969956513626,tae_like,GOOD,NO_GOOD_TEMPLATE,GOOD,REVIEW,NO_GOOD_TEMPLATE,rule_survivor_policy,,,,,True,0.6132350163271061,b7074d87fc9dbbea1aff0650f28760a88db25bb80656faf1f7ca92c0a071deb2,nstxuE202944A02t021/N9/egn09w.8009E+01
nstxuE202944A02t021/N9/egn09w.9396E+01,good,nstxuE202944A02t021,9,3.065224771342011,tae_like,GOOD,NO_GOOD_TEMPLATE,GOOD,REVIEW,NO_GOOD_TEMPLATE,rule_survivor_policy,,,,,True,0.5406580741135375,dd10bb20216fe3fd4a6dcadf9cd16b977c03f8eeadb1a82ae8974f074a0eae81,nstxuE202944A02t021/N9/egn09w.9396E+01
nstxuE202944A02t021/N9/egn09w.1003E+02,good,nstxuE202944A02t021,9,3.1665157602691467,tae_like,GOOD,NO_GOOD_TEMPLATE,GOOD,REVIEW,NO_GOOD_TEMPLATE,rule_survivor_policy,,,,,True,0.9543001378298755,93c74d16f450840bcedf5e67c9221b5db9f363c406b7d37f73518c11a58ac56e,nstxuE202944A02t021/N9/egn09w.1003E+02
nstxuE202944A02t021/N9/egn09w.1149E+02,good,nstxuE202944A02t021,9,3.38913228116629,tae_like,GOOD,NO_GOOD_TEMPLATE,GOOD,REVIEW,NO_GOOD_TEMPLATE,rule_survivor_policy,,,,,True,0.8384086245182693,b9b3d3e132c89048e302e64f2ff38f8bb3b7c9babf5c351b7a6372bcb81dc6fd,nstxuE202944A02t021/N9/egn09w.1149E+02
nstxuE202944A02t021/N10/egn10w.8023E+01,good,nstxuE202944A02t021,10,2.8325432556679973,tae_like,GOOD,NO_GOOD_TEMPLATE,GOOD,REVIEW,NO_GOOD_TEMPLATE,rule_survivor_policy,,,,,True,0.7145616373598164,4e8dc56ace6e7051ee726848920188de363ba5e299456482d2dd2ac6b95be806,nstxuE202944A02t021/N10/egn10w.8023E+01
nstxuE202944A02t021/N10/egn10w.8106E+01,good,nstxuE202944A02t021,10,2.847135510063487,tae_like,GOOD,NO_GOOD_TEMPLATE,GOOD,REVIEW,NO_GOOD_TEMPLATE,rule_survivor_policy,,,,,True,0.6732853524246293,8529ee44b2f03b72c0c41449169abf7ad5b8befcef8794bd7901a12b0a126449,nstxuE202944A02t021/N10/egn10w.8106E+01
nstxuE202944A02t021/N10/egn10w.1833E+02,good,nstxuE202944A02t021,10,4.281064512885417,tae_like,GOOD,NO_GOOD_TEMPLATE,GOOD,REVIEW,NO_GOOD_TEMPLATE,rule_survivor_policy,,,,,True,0.5788931306493892,72f154a4150a15d2d93e8f37d3c09f55b7344dafa9a67a7860a533082b780382,nstxuE202944A02t021/N10/egn10w.1833E+02
nstxuE202944A02t021/N10/egn10w.1946E+02,good,nstxuE202944A02t021,10,4.411735457285013,tae_like,GOOD,NO_GOOD_TEMPLATE,GOOD,REVIEW,NO_GOOD_TEMPLATE,rule_survivor_policy,,,,,True,0.6319308025676735,5f657db626bd90ddd9a9ce8935e6f00d380b8274be06e865f47505735839cfe5,nstxuE202944A02t021/N10/egn10w.1946E+02
nstxuE202947A03t015/N1/egn01w.1778E+01,good,nstxuE202947A03t015,1,1.333510992695524,tae_like,GOOD,NO_GOOD_TEMPLATE,GOOD,REVIEW,NO_GOOD_TEMPLATE,rule_survivor_policy,,,,,True,0.0907740263196791,dac23dd78380c0b8515aa4294b332f4129bac458e00b07dd5bbce2dc63a912a0,nstxuE202947A03t015/N1/egn01w.1778E+01
nstxuE202947A03t015/N1/egn01w.2312E+01,good,nstxuE202947A03t015,1,1.5206321166981456,tae_like,GOOD,NO_GOOD_TEMPLATE,GOOD,REVIEW,NO_GOOD_TEMPLATE,rule_survivor_policy,,,,,True,0.09378537025916375,dd01680bffaae4ac5826a6ac181f634e4924d22a5e1c71e7d24bd1ad6f5f1f49,nstxuE202947A03t015/N1/egn01w.2312E+01
nstxuE202947A03t015/N1/egn01w.3070E+01,good,nstxuE202947A03t015,1,1.752260603756936,tae_like,GOOD,NO_GOOD_TEMPLATE,GOOD,REVIEW,NO_GOOD_TEMPLATE,rule_survivor_policy,,,,,True,0.1799331429386539,5e22e0640887d62037709cf13302dd0f76f6a4538b449499c9c1b66ec3c4dab5,nstxuE202947A03t015/N1/egn01w.3070E+01
nstxuE202947A03t015/N2/egn02w.1631E+01,good,nstxuE202947A03t015,2,1.2772454769656756,tae_like,GOOD,NO_GOOD_TEMPLATE,GOOD,REVIEW,NO_GOOD_TEMPLATE,rule_survivor_policy,,,,,True,0.31785377658320635,3772f45e7091163118476cd5d87bd2a6cf547409177452123ea62aecc497ae13,nstxuE202947A03t015/N2/egn02w.1631E+01
nstxuE202947A03t015/N2/egn02w.1772E+01,good,nstxuE202947A03t015,2,1.3313097941074843,tae_like,GOOD,NO_GOOD_TEMPLATE,GOOD,REVIEW,NO_GOOD_TEMPLATE,rule_survivor_policy,,,,,True,0.3508256506729448,61b8a93fd7f8b14fab82c208e8e205f4283c6d319ebcc5a94fef571c485a93ac,nstxuE202947A03t015/N2/egn02w.1772E+01
nstxuE202947A03t015/N2/egn02w.2035E+01,good,nstxuE202947A03t015,2,1.4265942054181227,tae_like,GOOD,NO_GOOD_TEMPLATE,GOOD,REVIEW,NO_GOOD_TEMPLATE,rule_survivor_policy,,,,,True,0.15742673678905195,91cf63e6bbae9029442a7537c2333435d4e10949bbb893d05610424234a95a96,nstxuE202947A03t015/N2/egn02w.2035E+01
nstxuE202947A03t015/N3/egn03w.1613E+01,good,nstxuE202947A03t015,3,1.2698650244432579,tae_like,GOOD,NO_GOOD_TEMPLATE,GOOD,REVIEW,NO_GOOD_TEMPLATE,rule_survivor_policy,,,,,True,0.1994551302265639,fa1eb35f7ef1c2fb8c5ae6cf0b16f7654bf1528646f4f62787b4d5c55e274827,nstxuE202947A03t015/N3/egn03w.1613E+01
nstxuE202947A03t015/N3/egn03w.1807E+01,good,nstxuE202947A03t015,3,1.3443506250237116,tae_like,GOOD,NO_GOOD_TEMPLATE,GOOD,REVIEW,NO_GOOD_TEMPLATE,rule_survivor_policy,,,,,True,0.18194489847944686,f04e606a7ca1cc70cc6f7383785a8bacc4fa1d32b96cc2239004b69824826c91,nstxuE202947A03t015/N3/egn03w.1807E+01
nstxuE202947A03t015/N3/egn03w.3299E+01,good,nstxuE202947A03t015,3,1.8164264553912983,tae_like,GOOD,NO_GOOD_TEMPLATE,GOOD,REVIEW,NO_GOOD_TEMPLATE,rule_survivor_policy,,,,,True,0.2934093641305189,3fac7ed531b1a18a5d0c7ea20e4b3d1bab586ecd32d7e6d4d6b9fd8a7c734ce5,nstxuE202947A03t015/N3/egn03w.3299E+01
nstxuE202947A03t015/N3/egn03w.3701E+01,good,nstxuE202947A03t015,3,1.9237725308391285,tae_like,GOOD,NO_GOOD_TEMPLATE,GOOD,REVIEW,NO_GOOD_TEMPLATE,rule_survivor_policy,,,,,True,0.866825040257673,9368f024ab9cf6099a50c2dbe3d06c9616c69d659d872d7c22f103535cdb5721,nstxuE202947A03t015/N3/egn03w.3701E+01
nstxuE202947A03t015/N4/egn04w.1369E+01,good,nstxuE202947A03t015,4,1.1699464668522934,tae_like,GOOD,NO_GOOD_TEMPLATE,GOOD,REVIEW,NO_GOOD_TEMPLATE,rule_survivor_policy,,,,,True,0.2927068186072584,e7f71589302668e30f78a272747f600c8a311baff45c56bb481af071eba09137,nstxuE202947A03t015/N4/egn04w.1369E+01
nstxuE202947A03t015/N4/egn04w.1595E+01,good,nstxuE202947A03t015,4,1.2630945758676775,tae_like,GOOD,NO_GOOD_TEMPLATE,GOOD,REVIEW,NO_GOOD_TEMPLATE,rule_survivor_policy,,,,,True,0.3695230267252605,3269ba2cc0307a6d7ab5b70eed2dbee9383da08efa14485a674f96ed1519d1f4,nstxuE202947A03t015/N4/egn04w.1595E+01
nstxuE202947A03t015/N4/egn04w.1754E+01,good,nstxuE202947A03t015,4,1.3244368779942357,tae_like,GOOD,NO_GOOD_TEMPLATE,GOOD,REVIEW,NO_GOOD_TEMPLATE,rule_survivor_policy,,,,,True,0.2950844068109495,1a2d42b9dd66caaff02433c6c4cc6886c99c4bc68a9c94cdd0852d01c2e5c41d,nstxuE202947A03t015/N4/egn04w.1754E+01
nstxuE202947A03t015/N4/egn04w.1868E+01,good,nstxuE202947A03t015,4,1.3667405284400516,tae_like,GOOD,NO_GOOD_TEMPLATE,GOOD,REVIEW,NO_GOOD_TEMPLATE,rule_survivor_policy,,,,,True,0.2403037188665633,e2d56f14302c008949f3d86179bb3f8410ca6879f628debd48d56b97d067c359,nstxuE202947A03t015/N4/egn04w.1868E+01
nstxuE202947A03t015/N4/egn04w.2333E+01,good,nstxuE202947A03t015,4,1.5275202545576547,tae_like,GOOD,NO_GOOD_TEMPLATE,GOOD,REVIEW,NO_GOOD_TEMPLATE,rule_survivor_policy,,,,,True,0.22000684031455728,39761a05b70956496c4d291774fde00c29e832bd9ddb55f8a299a4923a7def84,nstxuE202947A03t015/N4/egn04w.2333E+01
nstxuE202947A03t015/N4/egn04w.2768E+01,good,nstxuE202947A03t015,4,1.6636257766433453,tae_like,GOOD,NO_GOOD_TEMPLATE,GOOD,REVIEW,NO_GOOD_TEMPLATE,rule_survivor_policy,,,,,True,0.3267693611712797,3fbdad082466aee64733d236453406e4f5f1bad9e246f0c4107d7d30e5166d93,nstxuE202947A03t015/N4/egn04w.2768E+01
nstxuE202947A03t015/N4/egn04w.3028E+01,good,nstxuE202947A03t015,4,1.7400506130272144,tae_like,GOOD,NO_GOOD_TEMPLATE,GOOD,REVIEW,NO_GOOD_TEMPLATE,rule_survivor_policy,,,,,True,0.2603773868056119,2db3908872fd8c33d89b1121c6718d7d9cae2a89333f5fedfb4cadbabd433a9a,nstxuE202947A03t015/N4/egn04w.3028E+01
nstxuE202947A03t015/N4/egn04w.3052E+01,good,nstxuE202947A03t015,4,1.7470941496445012,tae_like,GOOD,NO_GOOD_TEMPLATE,GOOD,REVIEW,NO_GOOD_TEMPLATE,rule_survivor_policy,,,,,True,0.20129356690289732,808a9e92f4edb25f91040e6b89c4419652aa0e890c38233ea6250c4c01ba27e5,nstxuE202947A03t015/N4/egn04w.3052E+01
nstxuE202947A03t015/N4/egn04w.3132E+01,good,nstxuE202947A03t015,4,1.7696454792775032,tae_like,GOOD,NO_GOOD_TEMPLATE,GOOD,REVIEW,NO_GOOD_TEMPLATE,rule_survivor_policy,,,,,True,0.5731325487033555,1dc920dda4636bda74840cafbf442da024d7502dc77a554fec93c2ca6db92034,nstxuE202947A03t015/N4/egn04w.3132E+01
nstxuE202947A03t015/N5/egn05w.1570E+01,good,nstxuE202947A03t015,5,1.2531878808954349,tae_like,GOOD,NO_GOOD_TEMPLATE,GOOD,REVIEW,NO_GOOD_TEMPLATE,rule_survivor_policy,,,,,True,0.7265933972092775,fad0c7c125690bf1663a601ea07948e949e7eb4c245e3c593d380f6ed1270353,nstxuE202947A03t015/N5/egn05w.1570E+01
nstxuE202947A03t015/N5/egn05w.1665E+01,good,nstxuE202947A03t015,5,1.2902302326516593,tae_like,GOOD,NO_GOOD_TEMPLATE,GOOD,REVIEW,NO_GOOD_TEMPLATE,rule_survivor_policy,,,,,True,0.27790343264102507,4b4302400b31101bb129b0818a5afd086fc31cdc75f7c115797f2f2a758cd8ac,nstxuE202947A03t015/N5/egn05w.1665E+01
nstxuE202947A03t015/N5/egn05w.1820E+01,good,nstxuE202947A03t015,5,1.3490593263437547,tae_like,GOOD,NO_GOOD_TEMPLATE,GOOD,REVIEW,NO_GOOD_TEMPLATE,rule_survivor_policy,,,,,True,0.2974126005718993,86c5b09353ce1640523cec5f2d8e5e5a9b8842a1d9b761c8a5ed4b3f1d4fe4e4,nstxuE202947A03t015/N5/egn05w.1820E+01
nstxuE202947A03t015/N5/egn05w.1928E+01,good,nstxuE202947A03t015,5,1.3886538458143791,tae_like,GOOD,NO_GOOD_TEMPLATE,GOOD,REVIEW,NO_GOOD_TEMPLATE,rule_survivor_policy,,,,,True,0.3008488830196734,04ca62ded824db693b5df5f804dacaaf4f23773ea155d730b34281e3b3c47e99,nstxuE202947A03t015/N5/egn05w.1928E+01
nstxuE202947A03t015/N5/egn05w.2352E+01,good,nstxuE202947A03t015,5,1.5335607480797713,tae_like,GOOD,smooth core mode with continuum crossing in low shear region,BAD,BAD,BAD_CONT_CROSS_WINDOW,manual_override,GOOD,smooth core mode with continuum crossing in low shear region,Elena,2026-09-14T18:44:59.392422+00:00,True,1.2499881576168752,33429190a687c18d115d488121ba7ee41bcbe49d5c6041b13394bad2be189568,nstxuE202947A03t015/N5/egn05w.2352E+01
nstxuE202947A03t015/N5/egn05w.3476E+01,good,nstxuE202947A03t015,5,1.8642851052175966,tae_like,GOOD,NO_GOOD_TEMPLATE,GOOD,REVIEW,NO_GOOD_TEMPLATE,rule_survivor_policy,,,,,True,0.2559046116998157,eea3f3ec35b1c7c93dcade08c170c8e305cb7a5cbeb06f7b65849b6246f76a41,nstxuE202947A03t015/N5/egn05w.3476E+01
nstxuE202947A03t015/N5/egn05w.3632E+01,good,nstxuE202947A03t015,5,1.905767640114753,tae_like,GOOD,NO_GOOD_TEMPLATE,GOOD,REVIEW,NO_GOOD_TEMPLATE,rule_survivor_policy,,,,,True,0.832852141091201,f50a037d9442503f4eaae9694f2b8c9e8cbea68c3a4f8a6abf39a0fd899c817e,nstxuE202947A03t015/N5/egn05w.3632E+01
nstxuE202947A03t015/N5/egn05w.5081E+01,good,nstxuE202947A03t015,5,2.2541904622754947,tae_like,GOOD,NO_GOOD_TEMPLATE,GOOD,REVIEW,NO_GOOD_TEMPLATE,rule_survivor_policy,,,,,True,0.5903174763104103,3893e1d630e4c4216e99af809bc531acbccf6b17f603fd66bb0e67fa82031e52,nstxuE202947A03t015/N5/egn05w.5081E+01
nstxuE202947A03t015/N6/egn06w.1769E+01,good,nstxuE202947A03t015,6,1.3299747664213157,tae_like,GOOD,NO_GOOD_TEMPLATE,GOOD,REVIEW,NO_GOOD_TEMPLATE,rule_survivor_policy,,,,,True,0.9262100672257402,17866d29c5a926ae7621362c495edcdef3de53f7f861e8b7898d22238ee70009,nstxuE202947A03t015/N6/egn06w.1769E+01
nstxuE202947A03t015/N6/egn06w.1853E+01,good,nstxuE202947A03t015,6,1.361288495586244,tae_like,GOOD,NO_GOOD_TEMPLATE,GOOD,REVIEW,NO_GOOD_TEMPLATE,rule_survivor_policy,,,,,True,0.3573220503587477,bdde1e929980383dd4f67cecce62ea6e7d5c7e20290ab36553c1425dd98ac18c,nstxuE202947A03t015/N6/egn06w.1853E+01
nstxuE202947A03t015/N6/egn06w.1921E+01,good,nstxuE202947A03t015,6,1.3858287428401488,tae_like,GOOD,NO_GOOD_TEMPLATE,GOOD,REVIEW,NO_GOOD_TEMPLATE,rule_survivor_policy,,,,,True,0.3795619289056815,4e691bed3629888411d01b4d52129c38d7c5ba6d0180ebc791b2a4272a53df0e,nstxuE202947A03t015/N6/egn06w.1921E+01
nstxuE202947A03t015/N6/egn06w.2056E+01,good,nstxuE202947A03t015,6,1.4338557299524362,tae_like,GOOD,NO_GOOD_TEMPLATE,GOOD,REVIEW,NO_GOOD_TEMPLATE,rule_survivor_policy,,,,,True,0.5524966208570271,e09123c9800bf582aa1a7fc4e323d0dd839a64b19da8aa6e20bb989e3709a0b0,nstxuE202947A03t015/N6/egn06w.2056E+01
nstxuE202947A03t015/N6/egn06w.2135E+01,good,nstxuE202947A03t015,6,1.4610777796428633,tae_like,GOOD,NO_GOOD_TEMPLATE,GOOD,REVIEW,NO_GOOD_TEMPLATE,rule_survivor_policy,,,,,True,0.3131123771412476,39a0d3682ccdb2897376af9b341d39804a8054e23a77719ea76764ff4a5a0af7,nstxuE202947A03t015/N6/egn06w.2135E+01
nstxuE202947A03t015/N6/egn06w.2470E+01,good,nstxuE202947A03t015,6,1.5716575805085748,tae_like,GOOD,NO_GOOD_TEMPLATE,GOOD,REVIEW,NO_GOOD_TEMPLATE,rule_survivor_policy,,,,,True,0.3234383934954821,ac487a0e6a71638185874bb31a1d9899db0380d9765c55e463a3eed84a45b461,nstxuE202947A03t015/N6/egn06w.2470E+01
nstxuE202947A03t015/N6/egn06w.2956E+01,good,nstxuE202947A03t015,6,1.7192495162291828,tae_like,GOOD,NO_GOOD_TEMPLATE,GOOD,REVIEW,NO_GOOD_TEMPLATE,rule_survivor_policy,,,,,True,0.5304616443773844,30963d46c2682d8a01c9713b4ff5c919b757b8b50ff8088ecba61eb62c7a261a,nstxuE202947A03t015/N6/egn06w.2956E+01
nstxuE202947A03t015/N6/egn06w.5434E+01,good,nstxuE202947A03t015,6,2.3311142391152604,tae_like,GOOD,NO_GOOD_TEMPLATE,GOOD,REVIEW,NO_GOOD_TEMPLATE,rule_survivor_policy,,,,,True,0.3644462344526532,159e89d7a5b1f693cfd64c6066cdb0c5879dcb4ef1b108a85e89407f6c4d7de6,nstxuE202947A03t015/N6/egn06w.5434E+01
nstxuE202947A03t015/N7/egn07w.1499E+01,good,nstxuE202947A03t015,7,1.224418408654952,tae_like,GOOD,NO_GOOD_TEMPLATE,GOOD,REVIEW,NO_GOOD_TEMPLATE,rule_survivor_policy,,,,,True,0.47318651221130464,8fb4fe4dc84237e587b15ec5719bb1c064a1adca5b60c39e6dcb3ef0a74edd9f,nstxuE202947A03t015/N7/egn07w.1499E+01
nstxuE202947A03t015/N7/egn07w.1921E+01,good,nstxuE202947A03t015,7,1.3861254174507298,tae_like,GOOD,NO_GOOD_TEMPLATE,GOOD,REVIEW,NO_GOOD_TEMPLATE,rule_survivor_policy,,,,,True,0.3972038175039569,5d932ad8b9be8e4c09fb668423e0a8d52fe9941352a33b68e5f8a0485fe049b7,nstxuE202947A03t015/N7/egn07w.1921E+01
nstxuE202947A03t015/N7/egn07w.2940E+01,good,nstxuE202947A03t015,7,1.7145963191443514,tae_like,GOOD,NO_GOOD_TEMPLATE,GOOD,REVIEW,NO_GOOD_TEMPLATE,rule_survivor_policy,,,,,True,0.45119286501131617,ca2327aadd6031daf2d74bab0698884484562f90e20e281cf06bc575c96219eb,nstxuE202947A03t015/N7/egn07w.2940E+01
nstxuE202947A03t015/N7/egn07w.5771E+01,good,nstxuE202947A03t015,7,2.402388444973618,tae_like,GOOD,NO_GOOD_TEMPLATE,GOOD,REVIEW,NO_GOOD_TEMPLATE,rule_survivor_policy,,,,,True,0.9406173596027645,82042bc15aaf2f79984ccd71b5f4780cf562fff1d4c735fd2483262b61bf4eaf,nstxuE202947A03t015/N7/egn07w.5771E+01
nstxuE202947A03t015/N8/egn08w.1063E+01,good,nstxuE202947A03t015,8,1.031075699235247,tae_like,GOOD,NO_GOOD_TEMPLATE,GOOD,REVIEW,NO_GOOD_TEMPLATE,rule_survivor_policy,,,,,True,0.7150236879106108,86e5fca8ed7bc923bd220135396893c62017f880b1a98c1c5a106392c85d2fea,nstxuE202947A03t015/N8/egn08w.1063E+01
nstxuE202947A03t015/N8/egn08w.1751E+01,good,nstxuE202947A03t015,8,1.3234105081756267,tae_like,GOOD,NO_GOOD_TEMPLATE,GOOD,REVIEW,NO_GOOD_TEMPLATE,rule_survivor_policy,,,,,True,0.6666706899534348,f60cf491c060756867f0e459af92cb87adda0083fcea260194da1203cb026cd0,nstxuE202947A03t015/N8/egn08w.1751E+01
nstxuE202947A03t015/N8/egn08w.1813E+01,good,nstxuE202947A03t015,8,1.3465710614597564,tae_like,GOOD,NO_GOOD_TEMPLATE,GOOD,REVIEW,NO_GOOD_TEMPLATE,rule_survivor_policy,,,,,True,0.5153018745412442,3f8119b0f8440ae83a7059a8454146ee8d023ab971ac51bedf7a597fd8a24c77,nstxuE202947A03t015/N8/egn08w.1813E+01
nstxuE202947A03t015/N8/egn08w.1845E+01,good,nstxuE202947A03t015,8,1.3582811407355841,tae_like,GOOD,NO_GOOD_TEMPLATE,GOOD,REVIEW,NO_GOOD_TEMPLATE,rule_survivor_policy,,,,,True,0.4834998462037569,ed00b10c0504a5578bd6e8b6010ee98083f8b1235a8ac80b07b0dfc53c9b1207,nstxuE202947A03t015/N8/egn08w.1845E+01
nstxuE202947A03t015/N8/egn08w.2146E+01,good,nstxuE202947A03t015,8,1.4647536704759259,tae_like,GOOD,NO_GOOD_TEMPLATE,GOOD,REVIEW,NO_GOOD_TEMPLATE,rule_survivor_policy,,,,,True,0.8129873361775599,b40dd81cf19d30cd2192e481639c2dea0952a8e5ed8dae34ba7d6e168cb59197,nstxuE202947A03t015/N8/egn08w.2146E+01
nstxuE202947A03t015/N8/egn08w.2238E+01,good,nstxuE202947A03t015,8,1.495981931629361,tae_like,GOOD,NO_GOOD_TEMPLATE,GOOD,REVIEW,NO_GOOD_TEMPLATE,rule_survivor_policy,,,,,True,0.9514858423184621,3b704e0dec03d5ac25a1fde026b059dab3f5f33bf157aac2e35981ec6d1a0c22,nstxuE202947A03t015/N8/egn08w.2238E+01
nstxuE202947A03t015/N8/egn08w.6095E+01,good,nstxuE202947A03t015,8,2.4687809687431335,tae_like,GOOD,NO_GOOD_TEMPLATE,GOOD,REVIEW,NO_GOOD_TEMPLATE,rule_survivor_policy,,,,,True,0.34399160487450936,801b20aa097834635b60842989577236aad43830eaa049b56893f74d0158ade6,nstxuE202947A03t015/N8/egn08w.6095E+01
nstxuE202947A03t015/N9/egn09w.1394E+01,good,nstxuE202947A03t015,9,1.1805967925132606,tae_like,GOOD,NO_GOOD_TEMPLATE,GOOD,REVIEW,NO_GOOD_TEMPLATE,rule_survivor_policy,,,,,True,0.7271591067910346,50f19abbf4bb5f40ade8c6ba1ad93753eb84f2b4f33bb7751f3560556cadcd2c,nstxuE202947A03t015/N9/egn09w.1394E+01
nstxuE202947A03t015/N9/egn09w.1769E+01,good,nstxuE202947A03t015,9,1.3301293409018387,tae_like,GOOD,NO_GOOD_TEMPLATE,GOOD,REVIEW,NO_GOOD_TEMPLATE,rule_survivor_policy,,,,,True,0.5678577200971904,bf424c4b05a4233087be0a3e446905c0118f9ae1e4d2916b05577440685312a1,nstxuE202947A03t015/N9/egn09w.1769E+01
nstxuE202947A03t015/N9/egn09w.2108E+01,good,nstxuE202947A03t015,9,1.4520464570549125,tae_like,GOOD,NO_GOOD_TEMPLATE,GOOD,REVIEW,NO_GOOD_TEMPLATE,rule_survivor_policy,,,,,True,0.9525927953363806,90caee9e2468b4077ed1211edbd8578da4fc68820c73a4d7575d2543ac409cf9,nstxuE202947A03t015/N9/egn09w.2108E+01
nstxuE202947A03t015/N9/egn09w.3119E+01,good,nstxuE202947A03t015,9,1.7659893880510384,tae_like,GOOD,NO_GOOD_TEMPLATE,GOOD,REVIEW,NO_GOOD_TEMPLATE,rule_survivor_policy,,,,,True,0.6738676087443007,3e3e524c7374cadc90003c12db75501d40de4ed1786526855c5f295fbe28678d,nstxuE202947A03t015/N9/egn09w.3119E+01
nstxuE202947A03t015/N9/egn09w.6540E+01,good,nstxuE202947A03t015,9,2.5573635740417364,tae_like,GOOD,NO_GOOD_TEMPLATE,GOOD,REVIEW,NO_GOOD_TEMPLATE,rule_survivor_policy,,,,,True,0.40802417649207184,e1020ab7e5637c79e7708962d760eaf2d7e320bbd1eecfa4f705b9fcc0451ea6,nstxuE202947A03t015/N9/egn09w.6540E+01
nstxuE202947A03t015/N10/egn10w.1462E+01,good,nstxuE202947A03t015,10,1.2092572436465607,tae_like,GOOD,NO_GOOD_TEMPLATE,GOOD,REVIEW,NO_GOOD_TEMPLATE,rule_survivor_policy,,,,,True,0.839695347733324,938a192c630e2274dd5bcff3ff190d478e0f0630839fe6b1300f3bc5be26910a,nstxuE202947A03t015/N10/egn10w.1462E+01
nstxuE202947A03t015/N10/egn10w.1475E+01,good,nstxuE202947A03t015,10,1.2143350840018021,tae_like,GOOD,NO_GOOD_TEMPLATE,GOOD,REVIEW,NO_GOOD_TEMPLATE,rule_survivor_policy,,,,,True,0.8790014417754973,d486bf6c75765c7d2b7cea13b46f2753bd8835e9d92cd2302d8729e159627ff0,nstxuE202947A03t015/N10/egn10w.1475E+01
nstxuE202947A03t015/N10/egn10w.1589E+01,good,nstxuE202947A03t015,10,1.2607462364317448,tae_like,GOOD,NO_GOOD_TEMPLATE,GOOD,REVIEW,NO_GOOD_TEMPLATE,rule_survivor_policy,,,,,True,0.6921168991634037,9a7bf138473514c8cc18d856c8f0962b78cce4415f7863881f09934d2beabd2e,nstxuE202947A03t015/N10/egn10w.1589E+01
nstxuE202947A03t015/N10/egn10w.1746E+01,good,nstxuE202947A03t015,10,1.3214453252929106,tae_like,GOOD,NO_GOOD_TEMPLATE,GOOD,REVIEW,NO_GOOD_TEMPLATE,rule_survivor_policy,,,,,True,0.7102879690221574,4489fe651b40e976efc2fa3f83b1a8e138188cc67304dc1de0d8ce569e286f3a,nstxuE202947A03t015/N10/egn10w.1746E+01
nstxuE202947A03t015/N10/egn10w.1874E+01,good,nstxuE202947A03t015,10,1.3690185107482589,tae_like,GOOD,NO_GOOD_TEMPLATE,GOOD,REVIEW,NO_GOOD_TEMPLATE,rule_survivor_policy,,,,,True,0.582963228721613,d192dd6a8a07d85a7f8d0780e283c86be051c9e62573ccbb4f6f080422d3adfb,nstxuE202947A03t015/N10/egn10w.1874E+01
nstxuE202947A03t015/N10/egn10w.1947E+01,good,nstxuE202947A03t015,10,1.3954015486996876,tae_like,GOOD,NO_GOOD_TEMPLATE,GOOD,REVIEW,NO_GOOD_TEMPLATE,rule_survivor_policy,,,,,True,0.5426066276840877,733000ea50450a60f5532149c92f644b338b8fc61e2442de9436aeda956cd587,nstxuE202947A03t015/N10/egn10w.1947E+01
nstxuE202947A03t015/N10/egn10w.2662E+01,good,nstxuE202947A03t015,10,1.6314993302975993,tae_like,GOOD,NO_GOOD_TEMPLATE,GOOD,REVIEW,NO_GOOD_TEMPLATE,rule_survivor_policy,,,,,True,0.7489163772535652,af44ca5d6e928579c69a64292ff8f3e17fa4229d7bcfea89e07077b8ccf63cc6,nstxuE202947A03t015/N10/egn10w.2662E+01
nstxuE202947A03t015/N10/egn10w.3392E+01,good,nstxuE202947A03t015,10,1.8417344441440822,tae_like,GOOD,NO_GOOD_TEMPLATE,GOOD,REVIEW,NO_GOOD_TEMPLATE,rule_survivor_policy,,,,,True,0.8552108253233996,7677cf8889f946eb8631b80d5dd67e26eafad7f9092253e232cfebc3fc6f8445,nstxuE202947A03t015/N10/egn10w.3392E+01
nstxuE203262A04t018/N1/egn01w.6797E+01,good,nstxuE203262A04t018,1,2.6071787952802943,tae_like,GOOD,NO_GOOD_TEMPLATE,GOOD,REVIEW,NO_GOOD_TEMPLATE,rule_survivor_policy,,,,,True,0.12988875925668303,1506f8b4c7012720fac46ee41c5ee915834d94d44457337218190214a3e481f0,nstxuE203262A04t018/N1/egn01w.6797E+01
nstxuE203262A04t018/N2/egn02w.5897E+01,good,nstxuE203262A04t018,2,2.4282727995557862,tae_like,GOOD,NO_GOOD_TEMPLATE,GOOD,REVIEW,NO_GOOD_TEMPLATE,rule_survivor_policy,,,,,True,0.3254190359444869,145fcd7a31531caa88ee9af1bb3818500295b843cd658edecd06d27aa4346c97,nstxuE203262A04t018/N2/egn02w.5897E+01
nstxuE203262A04t018/N2/egn02w.9418E+01,good,nstxuE203262A04t018,2,3.068903164389732,tae_like,GOOD,NO_GOOD_TEMPLATE,GOOD,REVIEW,NO_GOOD_TEMPLATE,rule_survivor_policy,,,,,True,0.2882128513604149,f4acd5bb1ef40d783cba35309be72cdcdc17bb98b56807c9279301269f3190df,nstxuE203262A04t018/N2/egn02w.9418E+01
nstxuE203262A04t018/N3/egn03w.4660E+01,good,nstxuE203262A04t018,3,2.1586648019979537,tae_like,GOOD,NO_GOOD_TEMPLATE,GOOD,REVIEW,NO_GOOD_TEMPLATE,rule_survivor_policy,,,,,True,0.5429100222782601,f456f6cac226d2f1d66fcc29c62ae05686a218738d867ddc4023c1a10944a46b,nstxuE203262A04t018/N3/egn03w.4660E+01
nstxuE203262A04t018/N3/egn03w.5346E+01,good,nstxuE203262A04t018,3,2.3122246568830684,tae_like,GOOD,NO_GOOD_TEMPLATE,GOOD,REVIEW,NO_GOOD_TEMPLATE,rule_survivor_policy,,,,,True,0.5286710347978486,37a7626d9d7fadc3943d16ab5e7e2b63c8e23c9816d55ebea96d49cf8e067764,nstxuE203262A04t018/N3/egn03w.5346E+01
nstxuE203262A04t018/N3/egn03w.5536E+01,good,nstxuE203262A04t018,3,2.3528548479334797,tae_like,GOOD,NO_GOOD_TEMPLATE,GOOD,REVIEW,NO_GOOD_TEMPLATE,rule_survivor_policy,,,,,True,0.5073915767133308,a87460aaa5c7eed2d109b7c1f13b8aa94967853aed4f3fccf93a4d548b14677d,nstxuE203262A04t018/N3/egn03w.5536E+01
nstxuE203262A04t018/N3/egn03w.6042E+01,good,nstxuE203262A04t018,3,2.4580043349115708,tae_like,GOOD,NO_GOOD_TEMPLATE,GOOD,REVIEW,NO_GOOD_TEMPLATE,rule_survivor_policy,,,,,True,0.6873005820319027,b4176aec7dbec7ee4463ac7ba31a8f6c8cf1f7ee37b6bed27e14f36bca75d085,nstxuE203262A04t018/N3/egn03w.6042E+01
nstxuE203262A04t018/N3/egn03w.1180E+02,good,nstxuE203262A04t018,3,3.4351318846540813,tae_like,GOOD,NO_GOOD_TEMPLATE,GOOD,REVIEW,NO_GOOD_TEMPLATE,rule_survivor_policy,,,,,True,0.38489840902921363,238dcdbeeaaee58201b5e0bbeaaf1085a40f623313d272e6b0667602252897c1,nstxuE203262A04t018/N3/egn03w.1180E+02
nstxuE203262A04t018/N3/egn03w.1291E+02,good,nstxuE203262A04t018,3,3.593078455562715,tae_like,GOOD,NO_GOOD_TEMPLATE,GOOD,REVIEW,NO_GOOD_TEMPLATE,rule_survivor_policy,,,,,True,0.9465243944205121,dc0dbe66a74fe5e8e63a5592c644b991b38ddcfef663d46d16be46c629cd5973,nstxuE203262A04t018/N3/egn03w.1291E+02
nstxuE203262A04t018/N4/egn04w.4562E+01,good,nstxuE203262A04t018,4,2.1359284461075574,tae_like,GOOD,NO_GOOD_TEMPLATE,GOOD,REVIEW,NO_GOOD_TEMPLATE,rule_survivor_policy,,,,,True,0.9665626288264577,c22a4bb31a082fa47e17aed3c27a82036c79619db87db36ad9445d4a992194ff,nstxuE203262A04t018/N4/egn04w.4562E+01
nstxuE203262A04t018/N4/egn04w.4612E+01,good,nstxuE203262A04t018,4,2.147444896300723,tae_like,GOOD,NO_GOOD_TEMPLATE,GOOD,REVIEW,NO_GOOD_TEMPLATE,rule_survivor_policy,,,,,True,0.46866482018040095,97426078e0382c20d1ba49ddff13e9ff9fccbfb8e4348a5e5f57974c852c7912,nstxuE203262A04t018/N4/egn04w.4612E+01
nstxuE203262A04t018/N4/egn04w.6377E+01,good,nstxuE203262A04t018,4,2.5251965770763847,tae_like,GOOD,NO_GOOD_TEMPLATE,GOOD,REVIEW,NO_GOOD_TEMPLATE,rule_survivor_policy,,,,,True,0.5323434721795741,5b6ce383cdcd2bb45b256b84e64b34aebdc244720ca48d35ceff6dc91250ad34,nstxuE203262A04t018/N4/egn04w.6377E+01
nstxuE203262A04t018/N4/egn04w.6614E+01,good,nstxuE203262A04t018,4,2.571698529470408,tae_like,GOOD,NO_GOOD_TEMPLATE,GOOD,REVIEW,NO_GOOD_TEMPLATE,rule_survivor_policy,,,,,True,0.15804266765773053,3af289a17791c53c8e4fe9f85214bcd1c7dea3e417109844402b0c60dafffe29,nstxuE203262A04t018/N4/egn04w.6614E+01
nstxuE203262A04t018/N4/egn04w.6916E+01,good,nstxuE203262A04t018,4,2.6297913079160455,tae_like,GOOD,NO_GOOD_TEMPLATE,GOOD,REVIEW,NO_GOOD_TEMPLATE,rule_survivor_policy,,,,,True,0.6182411342642212,b4e2178d45a8ddd42da33d6703fcdd5a54253bb32d2b03b150c38349edbe4e0e,nstxuE203262A04t018/N4/egn04w.6916E+01
nstxuE203262A04t018/N4/egn04w.7532E+01,good,nstxuE203262A04t018,4,2.744530951531513,tae_like,GOOD,NO_GOOD_TEMPLATE,GOOD,REVIEW,NO_GOOD_TEMPLATE,rule_survivor_policy,,,,,True,0.5727892358227729,41fb340b3be4ab42092a2c64ddcf375579e6ec60b2af8302cbbd3b6850ece6cf,nstxuE203262A04t018/N4/egn04w.7532E+01
nstxuE203262A04t018/N4/egn04w.8127E+01,good,nstxuE203262A04t018,4,2.850833878614106,tae_like,GOOD,NO_GOOD_TEMPLATE,GOOD,REVIEW,NO_GOOD_TEMPLATE,rule_survivor_policy,,,,,True,0.5431795592931233,6bf96c8a874847f38a94243e9f003493ef3caa9870f247fdcba34e513f21ce73,nstxuE203262A04t018/N4/egn04w.8127E+01
nstxuE203262A04t018/N4/egn04w.8697E+01,good,nstxuE203262A04t018,4,2.9491331625346864,tae_like,GOOD,NO_GOOD_TEMPLATE,GOOD,REVIEW,NO_GOOD_TEMPLATE,rule_survivor_policy,,,,,True,0.1954657088860641,bf2a6beada010a8c05c718f0a3c23f5e078fe033c4822a2b14372b6e1080b9d1,nstxuE203262A04t018/N4/egn04w.8697E+01
nstxuE203262A04t018/N4/egn04w.8776E+01,good,nstxuE203262A04t018,4,2.9624704188785174,tae_like,GOOD,NO_GOOD_TEMPLATE,GOOD,REVIEW,NO_GOOD_TEMPLATE,rule_survivor_policy,,,,,True,0.521809963826667,b5f5373b3c90b15e250020f71a7bfee61882a6515f9a413949cf8911667ecbe1,nstxuE203262A04t018/N4/egn04w.8776E+01
nstxuE203262A04t018/N4/egn04w.8872E+01,good,nstxuE203262A04t018,4,2.9786654877635077,tae_like,GOOD,NO_GOOD_TEMPLATE,GOOD,REVIEW,NO_GOOD_TEMPLATE,rule_survivor_policy,,,,,True,0.4595267051016211,87d8e862e63bee5360c99665bb90119631173e820531f206b8c41d16b611f444,nstxuE203262A04t018/N4/egn04w.8872E+01
nstxuE203262A04t018/N4/egn04w.1263E+02,good,nstxuE203262A04t018,4,3.5535715245045703,tae_like,GOOD,NO_GOOD_TEMPLATE,GOOD,REVIEW,NO_GOOD_TEMPLATE,rule_survivor_policy,,,,,True,0.606075979694346,133cc8ecfd2fa650ca0d4ff17cad0d6079db5aef56ba8b2e4207912ebda03212,nstxuE203262A04t018/N4/egn04w.1263E+02
nstxuE203262A04t018/N5/egn05w.5525E+01,good,nstxuE203262A04t018,5,2.350554541146536,tae_like,GOOD,NO_GOOD_TEMPLATE,GOOD,REVIEW,NO_GOOD_TEMPLATE,rule_survivor_policy,,,,,True,0.4973282579457133,706684908a75b75a48d38e7d5f6067ff7825f4a69af3e447463a2ccabb60a4a0,nstxuE203262A04t018/N5/egn05w.5525E+01
nstxuE203262A04t018/N5/egn05w.5721E+01,good,nstxuE203262A04t018,5,2.39176395082454,tae_like,GOOD,NO_GOOD_TEMPLATE,GOOD,REVIEW,NO_GOOD_TEMPLATE,rule_survivor_policy,,,,,True,0.4493920763122017,d2355f758bc17fbaf0ce90fe3a747cc7142ce2efaeebd5e931d177c48818cdc3,nstxuE203262A04t018/N5/egn05w.5721E+01
nstxuE203262A04t018/N5/egn05w.6072E+01,good,nstxuE203262A04t018,5,2.4641130566268283,tae_like,GOOD,NO_GOOD_TEMPLATE,GOOD,REVIEW,NO_GOOD_TEMPLATE,rule_survivor_policy,,,,,True,0.34260076636928055,10fe628aaced4c0a44394ad8aa27a866511a7d9680286fc15b086328fd1938bc,nstxuE203262A04t018/N5/egn05w.6072E+01
nstxuE203262A04t018/N5/egn05w.6374E+01,good,nstxuE203262A04t018,5,2.524657136619456,tae_like,GOOD,NO_GOOD_TEMPLATE,GOOD,REVIEW,NO_GOOD_TEMPLATE,rule_survivor_policy,,,,,True,0.6181865471103525,cfe4b32d3f2cfee773b707b126bc75eb7423355f192f1947d2c2f8e28e4bac06,nstxuE203262A04t018/N5/egn05w.6374E+01
nstxuE203262A04t018/N5/egn05w.6431E+01,good,nstxuE203262A04t018,5,2.53593468783286,tae_like,GOOD,NO_GOOD_TEMPLATE,GOOD,REVIEW,NO_GOOD_TEMPLATE,rule_survivor_policy,,,,,True,0.16324824896101178,aa16d075b8f05150d328f21bfcf328cd76210bd8aafea123fe9f2ef3c9596151,nstxuE203262A04t018/N5/egn05w.6431E+01
nstxuE203262A04t018/N5/egn05w.6767E+01,good,nstxuE203262A04t018,5,2.6013270153815617,tae_like,GOOD,NO_GOOD_TEMPLATE,GOOD,REVIEW,NO_GOOD_TEMPLATE,rule_survivor_policy,,,,,True,0.7141827422521753,7bad343cba508c32653b635162cce31b5e1573a4eb5bba44ff0ccb08ff0c3b0d,nstxuE203262A04t018/N5/egn05w.6767E+01
nstxuE203262A04t018/N5/egn05w.7270E+01,good,nstxuE203262A04t018,5,2.6963150071159494,tae_like,GOOD,NO_GOOD_TEMPLATE,GOOD,REVIEW,NO_GOOD_TEMPLATE,rule_survivor_policy,,,,,True,0.6405604311557649,ed40b33ed0dc32b8c0f0e6d9ceb049aa7f81c39a5bf26b352a015d0b54068e21,nstxuE203262A04t018/N5/egn05w.7270E+01
nstxuE203262A04t018/N5/egn05w.7824E+01,good,nstxuE203262A04t018,5,2.7970826518034344,tae_like,GOOD,NO_GOOD_TEMPLATE,GOOD,REVIEW,NO_GOOD_TEMPLATE,rule_survivor_policy,,,,,True,0.5287052508262173,d8541eea4eef3d0d6c76424780abea272036d99baf916f8c5ea6cbb7e4b89d7f,nstxuE203262A04t018/N5/egn05w.7824E+01
nstxuE203262A04t018/N5/egn05w.8416E+01,good,nstxuE203262A04t018,5,2.900978081289998,tae_like,GOOD,NO_GOOD_TEMPLATE,GOOD,REVIEW,NO_GOOD_TEMPLATE,rule_survivor_policy,,,,,True,0.5040184797840849,f36e3741db7b866f9cd6ca3ec5d9255f4fd922263c3ad9423c55efab86fa57d6,nstxuE203262A04t018/N5/egn05w.8416E+01
nstxuE203262A04t018/N5/egn05w.9037E+01,good,nstxuE203262A04t018,5,3.0061259582955193,tae_like,GOOD,NO_GOOD_TEMPLATE,GOOD,REVIEW,NO_GOOD_TEMPLATE,rule_survivor_policy,,,,,True,0.5482274500323189,1db78420021d1c9b03b959876edb09df2482719d918e936f3e4403fefafb9395,nstxuE203262A04t018/N5/egn05w.9037E+01
nstxuE203262A04t018/N5/egn05w.9053E+01,good,nstxuE203262A04t018,5,3.008860356606668,tae_like,GOOD,NO_GOOD_TEMPLATE,GOOD,REVIEW,NO_GOOD_TEMPLATE,rule_survivor_policy,,,,,True,0.22983054912128054,23f9cb7581ad41c76c3713a8bf7ea59215d3bd551b8e2bf4389f94d72682aa63,nstxuE203262A04t018/N5/egn05w.9053E+01
nstxuE203262A04t018/N5/egn05w.9242E+01,good,nstxuE203262A04t018,5,3.0400826786876336,tae_like,GOOD,NO_GOOD_TEMPLATE,GOOD,REVIEW,NO_GOOD_TEMPLATE,rule_survivor_policy,,,,,True,0.5567642399046278,cca946f14cfd726f2f4d90d681f70a21a6b206b67d1e176f961d0c1367e38dcf,nstxuE203262A04t018/N5/egn05w.9242E+01
nstxuE203262A04t018/N5/egn05w.1195E+02,good,nstxuE203262A04t018,5,3.4562240499406505,tae_like,GOOD,NO_GOOD_TEMPLATE,GOOD,REVIEW,NO_GOOD_TEMPLATE,rule_survivor_policy,,,,,True,0.1942538582146233,cb1be1529f5b122551515fb06610ea174a6ea52d765438a0519a2956f7887fd2,nstxuE203262A04t018/N5/egn05w.1195E+02
nstxuE203262A04t018/N6/egn06w.4921E+01,good,nstxuE203262A04t018,6,2.2183442804551965,tae_like,GOOD,NO_GOOD_TEMPLATE,GOOD,REVIEW,NO_GOOD_TEMPLATE,rule_survivor_policy,,,,,True,0.5244240446423512,b0a1f9a41859a08e37d395c12132a20c5dc851bc0ffed1ed0c543b683c5efeca,nstxuE203262A04t018/N6/egn06w.4921E+01
nstxuE203262A04t018/N6/egn06w.5108E+01,good,nstxuE203262A04t018,6,2.2600228492637147,tae_like,GOOD,NO_GOOD_TEMPLATE,GOOD,REVIEW,NO_GOOD_TEMPLATE,rule_survivor_policy,,,,,True,0.4998760433089294,c3760a1ebdd361ab642f2a3e8dd0cc26cb7557d8a1a512de5449527188e370ff,nstxuE203262A04t018/N6/egn06w.5108E+01
nstxuE203262A04t018/N6/egn06w.5989E+01,good,nstxuE203262A04t018,6,2.447182869907037,tae_like,GOOD,NO_GOOD_TEMPLATE,GOOD,REVIEW,NO_GOOD_TEMPLATE,rule_survivor_policy,,,,,True,0.31027536772597014,7dca221970cdb2c9b36e141dd6eca2e01b86ddd42fbfd96f93d8f17011c738e7,nstxuE203262A04t018/N6/egn06w.5989E+01
nstxuE203262A04t018/N6/egn06w.6271E+01,good,nstxuE203262A04t018,6,2.5042159660963694,tae_like,GOOD,NO_GOOD_TEMPLATE,GOOD,REVIEW,NO_GOOD_TEMPLATE,rule_survivor_policy,,,,,True,0.5528118055773937,7b1262d1ef951b849b6f03d272492080763c0bad91e4c27d24789dec7c1e3b64,nstxuE203262A04t018/N6/egn06w.6271E+01
nstxuE203262A04t018/N6/egn06w.6369E+01,good,nstxuE203262A04t018,6,2.5236110061337906,tae_like,GOOD,NO_GOOD_TEMPLATE,GOOD,REVIEW,NO_GOOD_TEMPLATE,rule_survivor_policy,,,,,True,0.3890533888387688,b77ac4677076fbb30b5376acae0be92031614323ca242e706a1c8bb9b17f3ff2,nstxuE203262A04t018/N6/egn06w.6369E+01
nstxuE203262A04t018/N6/egn06w.6504E+01,good,nstxuE203262A04t018,6,2.550299401121727,tae_like,GOOD,NO_GOOD_TEMPLATE,GOOD,REVIEW,NO_GOOD_TEMPLATE,rule_survivor_policy,,,,,True,0.6979505063314732,cb0376e88dd34b056d8c8355f8b6eb2d18f4af2e8d5e258febc51058f8831c00,nstxuE203262A04t018/N6/egn06w.6504E+01
nstxuE203262A04t018/N6/egn06w.6906E+01,good,nstxuE203262A04t018,6,2.6278850256545105,tae_like,GOOD,NO_GOOD_TEMPLATE,GOOD,REVIEW,NO_GOOD_TEMPLATE,rule_survivor_policy,,,,,True,0.6066393464765407,c39bb801722547a24d6946c5cfa09178b629c0696e7637179061e5e8e07e3a44,nstxuE203262A04t018/N6/egn06w.6906E+01
nstxuE203262A04t018/N6/egn06w.7444E+01,good,nstxuE203262A04t018,6,2.72830717725368,tae_like,GOOD,NO_GOOD_TEMPLATE,GOOD,REVIEW,NO_GOOD_TEMPLATE,rule_survivor_policy,,,,,True,0.6660725738343305,e0b7338783486503d81ff394fb905b1ffad8ef47911f7020aa0084b1b84b7a46,nstxuE203262A04t018/N6/egn06w.7444E+01
nstxuE203262A04t018/N6/egn06w.7835E+01,good,nstxuE203262A04t018,6,2.799029785943458,tae_like,GOOD,NO_GOOD_TEMPLATE,GOOD,REVIEW,NO_GOOD_TEMPLATE,rule_survivor_policy,,,,,True,0.5690999738244925,8a89c98f3de68210ba03973c982a7346f7fe782744c1d40e7f1700d656404b89,nstxuE203262A04t018/N6/egn06w.7835E+01
nstxuE203262A04t018/N6/egn06w.8397E+01,good,nstxuE203262A04t018,6,2.8978359559844056,tae_like,GOOD,NO_GOOD_TEMPLATE,GOOD,REVIEW,NO_GOOD_TEMPLATE,rule_survivor_policy,,,,,True,0.5542460306946982,9902a0929bdd13edfac5175ced1c37c59d8bab21134a7640723f0fede9277f03,nstxuE203262A04t018/N6/egn06w.8397E+01
nstxuE203262A04t018/N6/egn06w.8997E+01,good,nstxuE203262A04t018,6,2.9994932583260487,tae_like,GOOD,NO_GOOD_TEMPLATE,GOOD,REVIEW,NO_GOOD_TEMPLATE,rule_survivor_policy,,,,,True,0.5019577321444572,8014b7f47d02b4ad54637a805d284677ceeba172f08d1777cc55054d219d8897,nstxuE203262A04t018/N6/egn06w.8997E+01
nstxuE203262A04t018/N6/egn06w.9368E+01,good,nstxuE203262A04t018,6,3.0606562488328763,tae_like,GOOD,NO_GOOD_TEMPLATE,GOOD,REVIEW,NO_GOOD_TEMPLATE,rule_survivor_policy,,,,,True,0.23791024157830246,793403c1ffb59d7e9c782010d91fc27f648c089da5de21a5f5ccc26d19997a49,nstxuE203262A04t018/N6/egn06w.9368E+01
nstxuE203262A04t018/N6/egn06w.9540E+01,good,nstxuE203262A04t018,6,3.088689957535863,tae_like,GOOD,NO_GOOD_TEMPLATE,GOOD,REVIEW,NO_GOOD_TEMPLATE,rule_survivor_policy,,,,,True,0.602879136302445,451c85393198316f91b07030ce76879fb51e944eed3dac9eb157264519c8ded4,nstxuE203262A04t018/N6/egn06w.9540E+01
nstxuE203262A04t018/N6/egn06w.1093E+02,good,nstxuE203262A04t018,6,3.3065235155743333,tae_like,GOOD,NO_GOOD_TEMPLATE,GOOD,REVIEW,NO_GOOD_TEMPLATE,rule_survivor_policy,,,,,True,0.6624322137935652,c630e6b0db42a4400147c47e174d6e50fad05740fdbf3b052feac17b5db44aa6,nstxuE203262A04t018/N6/egn06w.1093E+02
nstxuE203262A04t018/N6/egn06w.1174E+02,good,nstxuE203262A04t018,6,3.426915147782139,tae_like,GOOD,NO_GOOD_TEMPLATE,GOOD,REVIEW,NO_GOOD_TEMPLATE,rule_survivor_policy,,,,,True,0.7063680813056008,248d4aaf99f0519ade09197385b7799087d465e002d640ce167d213cd58586c7,nstxuE203262A04t018/N6/egn06w.1174E+02
nstxuE203262A04t018/N6/egn06w.1181E+02,good,nstxuE203262A04t018,6,3.4359023649803597,tae_like,GOOD,NO_GOOD_TEMPLATE,GOOD,REVIEW,NO_GOOD_TEMPLATE,rule_survivor_policy,,,,,True,0.4136744412968614,40cb257bf3566882ee4c0e3c2b3de972ccc049e6f934d54c78813c8308aaeb25,nstxuE203262A04t018/N6/egn06w.1181E+02
nstxuE203262A04t018/N6/egn06w.1529E+02,good,nstxuE203262A04t018,6,3.909657066794249,tae_like,GOOD,NO_GOOD_TEMPLATE,GOOD,REVIEW,NO_GOOD_TEMPLATE,rule_survivor_policy,,,,,True,0.6329435569146603,013459325671277fed55632ebedb5b46904c4080d1ea936c6dfaf011667b8902,nstxuE203262A04t018/N6/egn06w.1529E+02
nstxuE203262A04t018/N7/egn07w.2226E+01,good,nstxuE203262A04t018,7,1.491833968867219,tae_like,GOOD,NO_GOOD_TEMPLATE,GOOD,REVIEW,NO_GOOD_TEMPLATE,rule_survivor_policy,,,,,True,0.6458169070078721,e93291bfa9d7d33f290f285b8399e864e704f55c6b4f8492d39ea48c08a1f8ca,nstxuE203262A04t018/N7/egn07w.2226E+01
nstxuE203262A04t018/N7/egn07w.2457E+01,good,nstxuE203262A04t018,7,1.5676381390198248,tae_like,GOOD,NO_GOOD_TEMPLATE,GOOD,REVIEW,NO_GOOD_TEMPLATE,rule_survivor_policy,,,,,True,0.7833274315884367,79e9d2fd7249ceaabb31b411296b7d04351c59a7c89586b90ca31a31e5f6475b,nstxuE203262A04t018/N7/egn07w.2457E+01
nstxuE203262A04t018/N7/egn07w.4842E+01,good,nstxuE203262A04t018,7,2.2004314090882198,tae_like,GOOD,NO_GOOD_TEMPLATE,GOOD,REVIEW,NO_GOOD_TEMPLATE,rule_survivor_policy,,,,,True,0.43752225849707793,958ad4fbdf65544062bfa439fa87242240675959973392de18b2094307b2f351,nstxuE203262A04t018/N7/egn07w.4842E+01
nstxuE203262A04t018/N7/egn07w.4961E+01,good,nstxuE203262A04t018,7,2.2274024558320633,tae_like,GOOD,NO_GOOD_TEMPLATE,GOOD,REVIEW,NO_GOOD_TEMPLATE,rule_survivor_policy,,,,,True,0.707057234054127,c296ec0d1818415c93ac38d7f11b67735c08b73779653d3d97af862d6504e948,nstxuE203262A04t018/N7/egn07w.4961E+01
nstxuE203262A04t018/N7/egn07w.5961E+01,good,nstxuE203262A04t018,7,2.4414449667982687,tae_like,GOOD,NO_GOOD_TEMPLATE,GOOD,REVIEW,NO_GOOD_TEMPLATE,rule_survivor_policy,,,,,True,0.2894605267328168,014071ace0ac5c017c74f79a9b12578580b7cb3bdbc397a48a1085c7143bd837,nstxuE203262A04t018/N7/egn07w.5961E+01
nstxuE203262A04t018/N7/egn07w.6036E+01,good,nstxuE203262A04t018,7,2.456867065000105,tae_like,GOOD,NO_GOOD_TEMPLATE,GOOD,REVIEW,NO_GOOD_TEMPLATE,rule_survivor_policy,,,,,True,0.6809359548804936,c91425b98966e397713d8e4bfa8e75701c4c2bbcd36706f1ef5aa0e16105667b,nstxuE203262A04t018/N7/egn07w.6036E+01
nstxuE203262A04t018/N7/egn07w.6160E+01,good,nstxuE203262A04t018,7,2.4819788904384814,tae_like,GOOD,NO_GOOD_TEMPLATE,GOOD,REVIEW,NO_GOOD_TEMPLATE,rule_survivor_policy,,,,,True,0.604829574330943,af925f52987f73fe29c7638c86a20136234522b5fcd34dee177764d499e963a7,nstxuE203262A04t018/N7/egn07w.6160E+01
nstxuE203262A04t018/N7/egn07w.6369E+01,good,nstxuE203262A04t018,7,2.5237815728030806,tae_like,GOOD,NO_GOOD_TEMPLATE,GOOD,REVIEW,NO_GOOD_TEMPLATE,rule_survivor_policy,,,,,True,0.3628471301595452,e763013ff7fdd74333e9c5689558bb5b3eaa39483a6f6338945f9b03d428c111,nstxuE203262A04t018/N7/egn07w.6369E+01
nstxuE203262A04t018/N7/egn07w.6632E+01,good,nstxuE203262A04t018,7,2.5752186568826687,tae_like,GOOD,NO_GOOD_TEMPLATE,GOOD,REVIEW,NO_GOOD_TEMPLATE,rule_survivor_policy,,,,,True,0.5775521295270297,473670f4dbaa06228b853d937a5a9555cca98db344d0f8734af125dd1a7258b5,nstxuE203262A04t018/N7/egn07w.6632E+01
nstxuE203262A04t018/N7/egn07w.7020E+01,good,nstxuE203262A04t018,7,2.649608085313104,tae_like,GOOD,NO_GOOD_TEMPLATE,GOOD,REVIEW,NO_GOOD_TEMPLATE,rule_survivor_policy,,,,,True,0.7442877307877924,ba9c717814d9869edda234e7fddd4a043d1ccd217db4c2e297de9991847d7c3b,nstxuE203262A04t018/N7/egn07w.7020E+01
nstxuE203262A04t018/N7/egn07w.7320E+01,good,nstxuE203262A04t018,7,2.705506442612868,tae_like,GOOD,NO_GOOD_TEMPLATE,GOOD,REVIEW,NO_GOOD_TEMPLATE,rule_survivor_policy,,,,,True,0.59397096675392,bf273338dc2793509721e9b89f74590501fe3d901c7924275180d25a02253321,nstxuE203262A04t018/N7/egn07w.7320E+01
nstxuE203262A04t018/N7/egn07w.7857E+01,good,nstxuE203262A04t018,7,2.8030529386970473,tae_like,GOOD,NO_GOOD_TEMPLATE,GOOD,REVIEW,NO_GOOD_TEMPLATE,rule_survivor_policy,,,,,True,0.5224286430633357,8fea41a54c4febf442292d9afa6758e40c122dc7ddbad39864d716b1ffdc7cc3,nstxuE203262A04t018/N7/egn07w.7857E+01
nstxuE203262A04t018/N7/egn07w.8258E+01,good,nstxuE203262A04t018,7,2.8736709420857767,tae_like,GOOD,NO_GOOD_TEMPLATE,GOOD,REVIEW,NO_GOOD_TEMPLATE,rule_survivor_policy,,,,,True,0.586527413374277,30929ab664acb21c884952df9c62e1286dabaf95dc814520fcd8f563e29b3e26,nstxuE203262A04t018/N7/egn07w.8258E+01
nstxuE203262A04t018/N7/egn07w.8757E+01,good,nstxuE203262A04t018,7,2.9592589803857003,tae_like,GOOD,NO_GOOD_TEMPLATE,GOOD,REVIEW,NO_GOOD_TEMPLATE,rule_survivor_policy,,,,,True,0.588553252450287,52dfdc4e216536ae1dd26516d742e649c4fb8db6b35e735251feb3e39ad07a78,nstxuE203262A04t018/N7/egn07w.8757E+01
nstxuE203262A04t018/N7/egn07w.9333E+01,good,nstxuE203262A04t018,7,3.0550506035035006,tae_like,GOOD,NO_GOOD_TEMPLATE,GOOD,REVIEW,NO_GOOD_TEMPLATE,rule_survivor_policy,,,,,True,0.5756178057181558,fa60d5c4afe81f8cd2f860d212fcd7ee0ccb98b4b58341b342321a91a730b96c,nstxuE203262A04t018/N7/egn07w.9333E+01
nstxuE203262A04t018/N7/egn07w.9674E+01,good,nstxuE203262A04t018,7,3.110338550784049,tae_like,GOOD,NO_GOOD_TEMPLATE,GOOD,REVIEW,NO_GOOD_TEMPLATE,rule_survivor_policy,,,,,True,0.2284722983955513,e3357d9bafb3da119fe7d27bc29b7d32d1774591c7f82fea4b16f39013681f89,nstxuE203262A04t018/N7/egn07w.9674E+01
nstxuE203262A04t018/N7/egn07w.9849E+01,good,nstxuE203262A04t018,7,3.1383256180697514,tae_like,GOOD,NO_GOOD_TEMPLATE,GOOD,REVIEW,NO_GOOD_TEMPLATE,rule_survivor_policy,,,,,True,0.5408075787940535,0c9fe68160429e2883fb809cb8c17e8804e3cf934a450cb946013672f2f90d8c,nstxuE203262A04t018/N7/egn07w.9849E+01
nstxuE203262A04t018/N7/egn07w.1117E+02,good,nstxuE203262A04t018,7,3.341669221613299,tae_like,GOOD,NO_GOOD_TEMPLATE,GOOD,REVIEW,NO_GOOD_TEMPLATE,rule_survivor_policy,,,,,True,0.6718565836724869,a3dce3b05790c004fe526d5048a5e2b79a9c64c846a23c4ea7084c12204ed114,nstxuE203262A04t018/N7/egn07w.1117E+02
nstxuE203262A04t018/N7/egn07w.1190E+02,good,nstxuE203262A04t018,7,3.450032104994592,tae_like,GOOD,NO_GOOD_TEMPLATE,GOOD,REVIEW,NO_GOOD_TEMPLATE,rule_survivor_policy,,,,,True,0.8027771984026215,5effa507d39ac628d58dacbd016ad8d0b72f61dfe9ea0e71e18bf78c9f94f732,nstxuE203262A04t018/N7/egn07w.1190E+02
nstxuE203262A04t018/N7/egn07w.1219E+02,good,nstxuE203262A04t018,7,3.4911214779093176,tae_like,GOOD,NO_GOOD_TEMPLATE,GOOD,REVIEW,NO_GOOD_TEMPLATE,rule_survivor_policy,,,,,True,0.6599405501232268,2207f0361588cf642c43a6207132e9c90084eebaada500773cdda49bd02296e1,nstxuE203262A04t018/N7/egn07w.1219E+02
nstxuE203262A04t018/N7/egn07w.1357E+02,good,nstxuE203262A04t018,7,3.6839097988753737,tae_like,GOOD,NO_GOOD_TEMPLATE,GOOD,REVIEW,NO_GOOD_TEMPLATE,rule_survivor_policy,,,,,True,0.5544686758937596,adcbd66f1c05c3ff89249c5197821dc091c7dad30cc9ab57f4272a04ebb25d5d,nstxuE203262A04t018/N7/egn07w.1357E+02
nstxuE203262A04t018/N7/egn07w.1533E+02,good,nstxuE203262A04t018,7,3.9155684904772663,tae_like,GOOD,NO_GOOD_TEMPLATE,GOOD,REVIEW,NO_GOOD_TEMPLATE,rule_survivor_policy,,,,,True,0.9478610145752695,c2510e79dfdd5b665618ddf16e033aa1c371248cd95cc6581e3858d206aad7d9,nstxuE203262A04t018/N7/egn07w.1533E+02
nstxuE203262A04t018/N8/egn08w.4516E+01,good,nstxuE203262A04t018,8,2.1251085377660552,tae_like,GOOD,NO_GOOD_TEMPLATE,GOOD,REVIEW,NO_GOOD_TEMPLATE,rule_survivor_policy,,,,,True,0.9276074846790792,5354447ab9a5e03d19dc510d19747aa732830bfc2a75b3358203381eb7278844,nstxuE203262A04t018/N8/egn08w.4516E+01
nstxuE203262A04t018/N8/egn08w.4882E+01,good,nstxuE203262A04t018,8,2.2095223118647804,tae_like,GOOD,NO_GOOD_TEMPLATE,GOOD,REVIEW,NO_GOOD_TEMPLATE,rule_survivor_policy,,,,,True,0.8494352052006349,9c518affdf8c4df6555c196c6a552c152820a9622295bc04763320d0388af964,nstxuE203262A04t018/N8/egn08w.4882E+01
nstxuE203262A04t018/N8/egn08w.4900E+01,good,nstxuE203262A04t018,8,2.213502353882065,tae_like,GOOD,NO_GOOD_TEMPLATE,GOOD,REVIEW,NO_GOOD_TEMPLATE,rule_survivor_policy,,,,,True,0.7286022000773658,636851f721a979579623b37f13b15fa848067a1c8cfd3a4f8da6d6d97c462856,nstxuE203262A04t018/N8/egn08w.4900E+01
nstxuE203262A04t018/N8/egn08w.5738E+01,good,nstxuE203262A04t018,8,2.395454626581323,tae_like,GOOD,NO_GOOD_TEMPLATE,GOOD,REVIEW,NO_GOOD_TEMPLATE,rule_survivor_policy,,,,,True,0.6084024356426706,9757b1bbd864c623702cb1241ca41b4718d5d6709faf965550cd52b754c23ed9,nstxuE203262A04t018/N8/egn08w.5738E+01
nstxuE203262A04t018/N8/egn08w.6253E+01,good,nstxuE203262A04t018,8,2.5005059623694947,tae_like,GOOD,NO_GOOD_TEMPLATE,GOOD,REVIEW,NO_GOOD_TEMPLATE,rule_survivor_policy,,,,,True,0.5882288277458468,735b18631e715b4df68af4f8db5fea02a332bbcf5dd2a1ebefcee1790ce5bf8e,nstxuE203262A04t018/N8/egn08w.6253E+01
nstxuE203262A04t018/N8/egn08w.6379E+01,good,nstxuE203262A04t018,8,2.5257486208658846,tae_like,GOOD,NO_GOOD_TEMPLATE,GOOD,REVIEW,NO_GOOD_TEMPLATE,rule_survivor_policy,,,,,True,0.37888867456527237,84998a64f2192642ce7ef89537b4adee04bb25f4f581a1a7aefc226c5c2820a9,nstxuE203262A04t018/N8/egn08w.6379E+01
nstxuE203262A04t018/N8/egn08w.6903E+01,good,nstxuE203262A04t018,8,2.6273079805204747,tae_like,GOOD,NO_GOOD_TEMPLATE,GOOD,REVIEW,NO_GOOD_TEMPLATE,rule_survivor_policy,,,,,True,0.5739141372064703,ac94202525ef860d8df374e7bb62b8311f3467aab69c994d79e3fd7da3eb6108,nstxuE203262A04t018/N8/egn08w.6903E+01
nstxuE203262A04t018/N8/egn08w.7256E+01,good,nstxuE203262A04t018,8,2.6937165135603323,tae_like,GOOD,NO_GOOD_TEMPLATE,GOOD,REVIEW,NO_GOOD_TEMPLATE,rule_survivor_policy,,,,,True,0.8212381105369823,1ba0594de268066d04c77a11700b187eb9699b5907f3eba2a7fca6770ed8984d,nstxuE203262A04t018/N8/egn08w.7256E+01
nstxuE203262A04t018/N8/egn08w.7573E+01,good,nstxuE203262A04t018,8,2.7519183463002577,tae_like,GOOD,NO_GOOD_TEMPLATE,GOOD,REVIEW,NO_GOOD_TEMPLATE,rule_survivor_policy,,,,,True,0.5849602941255905,9a9bf8b1f39f51536ec42c18b40242249cf9ab77acf84493c843844f316fac26,nstxuE203262A04t018/N8/egn08w.7573E+01
nstxuE203262A04t018/N8/egn08w.8140E+01,good,nstxuE203262A04t018,8,2.853064109859276,tae_like,GOOD,NO_GOOD_TEMPLATE,GOOD,REVIEW,NO_GOOD_TEMPLATE,rule_survivor_policy,,,,,True,0.6515282356245483,fe32c6ee0f3e67da8f9734ecfaf4817ce4c3361cb64fd76ce81bffbec7e8acf9,nstxuE203262A04t018/N8/egn08w.8140E+01
nstxuE203262A04t018/N8/egn08w.8454E+01,good,nstxuE203262A04t018,8,2.9075659336835518,tae_like,GOOD,NO_GOOD_TEMPLATE,GOOD,REVIEW,NO_GOOD_TEMPLATE,rule_survivor_policy,,,,,True,0.6299656424916691,fc7c108c4faf3f00c98d361775e39c31c39c974d1ecb45f96985bcd90473b2f5,nstxuE203262A04t018/N8/egn08w.8454E+01
nstxuE203262A04t018/N8/egn08w.8992E+01,good,nstxuE203262A04t018,8,2.9987177735428583,tae_like,GOOD,NO_GOOD_TEMPLATE,GOOD,REVIEW,NO_GOOD_TEMPLATE,rule_survivor_policy,,,,,True,0.6348077056470612,1520e625541712ca73f1bd834eb9c091ef140b5ecd82250eac399590bc99a2ef,nstxuE203262A04t018/N8/egn08w.8992E+01
nstxuE203262A04t018/N8/egn08w.9514E+01,good,nstxuE203262A04t018,8,3.0844644843842226,tae_like,GOOD,NO_GOOD_TEMPLATE,GOOD,REVIEW,NO_GOOD_TEMPLATE,rule_survivor_policy,,,,,True,0.6165826144946006,2c7106f5008352a32f971c284e63e9f114c715f2899d285f27b24651a9dcdb64,nstxuE203262A04t018/N8/egn08w.9514E+01
nstxuE203262A04t018/N8/egn08w.9948E+01,good,nstxuE203262A04t018,8,3.15402923109869,tae_like,GOOD,NO_GOOD_TEMPLATE,GOOD,REVIEW,NO_GOOD_TEMPLATE,rule_survivor_policy,,,,,True,0.21751498599923438,681c6766c3ea3ee1f90e54230fedc5564817e6e64b3f3a083a93ed1d4a935385,nstxuE203262A04t018/N8/egn08w.9948E+01
nstxuE203262A04t018/N8/egn08w.1005E+02,good,nstxuE203262A04t018,8,3.1708223557945616,tae_like,GOOD,NO_GOOD_TEMPLATE,GOOD,REVIEW,NO_GOOD_TEMPLATE,rule_survivor_policy,,,,,True,0.545147392069746,6e0058728741f27d79ad081ae1e7f343a6776c3817c6ab6618965e2bd1982892,nstxuE203262A04t018/N8/egn08w.1005E+02
nstxuE203262A04t018/N8/egn08w.1015E+02,good,nstxuE203262A04t018,8,3.1853615278838237,tae_like,GOOD,NO_GOOD_TEMPLATE,GOOD,REVIEW,NO_GOOD_TEMPLATE,rule_survivor_policy,,,,,True,0.5100796580872727,b022cba50ec05849ac4c9b2a9013ffa3c101f31a746b9299ae760312ae009d8d,nstxuE203262A04t018/N8/egn08w.1015E+02
nstxuE203262A04t018/N8/egn08w.1162E+02,good,nstxuE203262A04t018,8,3.409367160731978,tae_like,GOOD,NO_GOOD_TEMPLATE,GOOD,REVIEW,NO_GOOD_TEMPLATE,rule_survivor_policy,,,,,True,0.3536800312954944,608bd2182ec46da1456c847089f658b85b62eb0bd4acb13128eaf6b7ee944ebe,nstxuE203262A04t018/N8/egn08w.1162E+02
nstxuE203262A04t018/N8/egn08w.1261E+02,good,nstxuE203262A04t018,8,3.551050318933637,tae_like,GOOD,NO_GOOD_TEMPLATE,GOOD,REVIEW,NO_GOOD_TEMPLATE,rule_survivor_policy,,,,,True,0.6925823450041918,b813a18f9f92f8b7d678a9021844f70ad1da6a2ea36361e130947f0e224cee4b,nstxuE203262A04t018/N8/egn08w.1261E+02
nstxuE203262A04t018/N9/egn09w.4452E+01,good,nstxuE203262A04t018,9,2.1099015546495283,tae_like,GOOD,NO_GOOD_TEMPLATE,GOOD,REVIEW,NO_GOOD_TEMPLATE,rule_survivor_policy,,,,,True,0.9862140490948446,c04936185f42f2b26767894c62747ff9b1f3627f6cbd3ada93bb580aa25cbec6,nstxuE203262A04t018/N9/egn09w.4452E+01
nstxuE203262A04t018/N9/egn09w.4572E+01,good,nstxuE203262A04t018,9,2.1382282851520644,tae_like,GOOD,NO_GOOD_TEMPLATE,GOOD,REVIEW,NO_GOOD_TEMPLATE,rule_survivor_policy,,,,,True,0.9213587940871412,86606066043e35fefed5c6581857a313fc9ec607f488e00b7a2dc757aa1a665b,nstxuE203262A04t018/N9/egn09w.4572E+01
nstxuE203262A04t018/N9/egn09w.4938E+01,good,nstxuE203262A04t018,9,2.222166858005733,tae_like,GOOD,NO_GOOD_TEMPLATE,GOOD,REVIEW,NO_GOOD_TEMPLATE,rule_survivor_policy,,,,,True,0.6120931164897991,c6de0026acbb86085b5e97fb256b25cc3cbe8727f96f0375e4d2446dfa4e0734,nstxuE203262A04t018/N9/egn09w.4938E+01
nstxuE203262A04t018/N9/egn09w.5076E+01,good,nstxuE203262A04t018,9,2.252927497457327,tae_like,GOOD,NO_GOOD_TEMPLATE,GOOD,REVIEW,NO_GOOD_TEMPLATE,rule_survivor_policy,,,,,True,0.5735016035142888,c6900439bc16dde3e9d5d5fc9b52ff6c6042fd63507a3c5f86fc6328b0302fd6,nstxuE203262A04t018/N9/egn09w.5076E+01
nstxuE203262A04t018/N9/egn09w.5224E+01,good,nstxuE203262A04t018,9,2.285644593287779,tae_like,GOOD,NO_GOOD_TEMPLATE,GOOD,REVIEW,NO_GOOD_TEMPLATE,rule_survivor_policy,,,,,True,0.7293415329886462,1bb753696446e79ae825c9cd3df80266178c8e83f6aefdb186e7d54eb6d96587,nstxuE203262A04t018/N9/egn09w.5224E+01
nstxuE203262A04t018/N9/egn09w.5665E+01,good,nstxuE203262A04t018,9,2.3801636754899245,tae_like,GOOD,NO_GOOD_TEMPLATE,GOOD,REVIEW,NO_GOOD_TEMPLATE,rule_survivor_policy,,,,,True,0.7182815021788245,d31e65abe858b446ba23f974968a4ad14ce1de1aea74be6ba7c473ed18e884c4,nstxuE203262A04t018/N9/egn09w.5665E+01
nstxuE203262A04t018/N9/egn09w.5736E+01,good,nstxuE203262A04t018,9,2.3950415537098113,tae_like,GOOD,NO_GOOD_TEMPLATE,GOOD,REVIEW,NO_GOOD_TEMPLATE,rule_survivor_policy,,,,,True,0.5977626925658109,1383c2490e9038c2d3bef070e16bcee825c09512a5d70eaac6762a93bc1b0355,nstxuE203262A04t018/N9/egn09w.5736E+01
nstxuE203262A04t018/N9/egn09w.6372E+01,good,nstxuE203262A04t018,9,2.5242397545408806,tae_like,GOOD,NO_GOOD_TEMPLATE,GOOD,REVIEW,NO_GOOD_TEMPLATE,rule_survivor_policy,,,,,True,0.4241574125436822,7979731e96687699ba1bc8af81237cfd1ca081ac18d06b9c2ac75357416174cd,nstxuE203262A04t018/N9/egn09w.6372E+01
nstxuE203262A04t018/N9/egn09w.6457E+01,good,nstxuE203262A04t018,9,2.5411331384772233,tae_like,GOOD,NO_GOOD_TEMPLATE,GOOD,REVIEW,NO_GOOD_TEMPLATE,rule_survivor_policy,,,,,True,0.8100246483672748,8c5003c2af7059149ef6e159f2a1b07a6d231186e02d43dd4b683fd4fe73b13f,nstxuE203262A04t018/N9/egn09w.6457E+01
nstxuE203262A04t018/N9/egn09w.7012E+01,good,nstxuE203262A04t018,9,2.6481091387423565,tae_like,GOOD,NO_GOOD_TEMPLATE,GOOD,REVIEW,NO_GOOD_TEMPLATE,rule_survivor_policy,,,,,True,0.8520554471409804,fde4aa0b0632f409f5fbd55bfed85d272fc3f2da44b243a3b81246d3b4c909b9,nstxuE203262A04t018/N9/egn09w.7012E+01
nstxuE203262A04t018/N9/egn09w.7057E+01,good,nstxuE203262A04t018,9,2.6565871496559454,tae_like,GOOD,NO_GOOD_TEMPLATE,GOOD,REVIEW,NO_GOOD_TEMPLATE,rule_survivor_policy,,,,,True,0.8186818135287751,4470ba5bd462f7a3e91f8490fc8db8276d3e7b426162f51b59f4251b82629f66,nstxuE203262A04t018/N9/egn09w.7057E+01
nstxuE203262A04t018/N9/egn09w.7342E+01,good,nstxuE203262A04t018,9,2.709526190160278,tae_like,GOOD,NO_GOOD_TEMPLATE,GOOD,REVIEW,NO_GOOD_TEMPLATE,rule_survivor_policy,,,,,True,0.5750388678762082,024b7b0667dda6e5755081140e8b6a33dc7069983efba8cbdfecf00ee320981f,nstxuE203262A04t018/N9/egn09w.7342E+01
nstxuE203262A04t018/N9/egn09w.7842E+01,good,nstxuE203262A04t018,9,2.8002827666488943,tae_like,GOOD,NO_GOOD_TEMPLATE,GOOD,REVIEW,NO_GOOD_TEMPLATE,rule_survivor_policy,,,,,True,0.6009867668316664,041719fcc10573f5797b7de9c2ccb8302b641e1f5af6a21c2f575c7853a1c01f,nstxuE203262A04t018/N9/egn09w.7842E+01
nstxuE203262A04t018/N9/egn09w.7920E+01,good,nstxuE203262A04t018,9,2.814247903496691,tae_like,GOOD,NO_GOOD_TEMPLATE,GOOD,REVIEW,NO_GOOD_TEMPLATE,rule_survivor_policy,,,,,True,0.4372861756547818,064a35d0b209400b94cd5ec952db7b4fc54b0536b9652f5e30dc9c6f34f4fd35,nstxuE203262A04t018/N9/egn09w.7920E+01
nstxuE203262A04t018/N9/egn09w.8000E+01,good,nstxuE203262A04t018,9,2.8283667023787764,tae_like,GOOD,NO_GOOD_TEMPLATE,GOOD,REVIEW,NO_GOOD_TEMPLATE,rule_survivor_policy,,,,,True,0.7090554376760567,67cb4013256b8951a1ac605b8b8996b6c8cc84034becf34e2605358b1eefcac7,nstxuE203262A04t018/N9/egn09w.8000E+01
nstxuE203262A04t018/N9/egn09w.9522E+01,good,nstxuE203262A04t018,9,3.085838918312123,tae_like,GOOD,NO_GOOD_TEMPLATE,GOOD,REVIEW,NO_GOOD_TEMPLATE,rule_survivor_policy,,,,,True,0.5787504433640259,f0820dd7b3be9d3257cdc30b689722501d4fbcbfeed2756a2c2991beef80d14c,nstxuE203262A04t018/N9/egn09w.9522E+01
nstxuE203262A04t018/N9/egn09w.1006E+02,good,nstxuE203262A04t018,9,3.1714220573670007,tae_like,GOOD,NO_GOOD_TEMPLATE,GOOD,REVIEW,NO_GOOD_TEMPLATE,rule_survivor_policy,,,,,True,0.5978697878197435,49d12f3f57c7b5fc4ec58cd8e750201d5685ffa6ae3a1e3c79d35c1fab0c705c,nstxuE203262A04t018/N9/egn09w.1006E+02
nstxuE203262A04t018/N9/egn09w.1015E+02,good,nstxuE203262A04t018,9,3.186523086235504,tae_like,GOOD,NO_GOOD_TEMPLATE,GOOD,REVIEW,NO_GOOD_TEMPLATE,rule_survivor_policy,,,,,True,0.22975865722327946,0b8f0558e13ffd00a0d5b46c8b9d6bb9a1e91d5c09152359636ac30fdbb9097d,nstxuE203262A04t018/N9/egn09w.1015E+02
nstxuE203262A04t018/N9/egn09w.1039E+02,good,nstxuE203262A04t018,9,3.2237230839828577,tae_like,GOOD,NO_GOOD_TEMPLATE,GOOD,REVIEW,NO_GOOD_TEMPLATE,rule_survivor_policy,,,,,True,0.5187115178628491,5e86fd30f4c296ca08408def47e6e4a3efc87ee2bd428549ffc0b2a25322b73c,nstxuE203262A04t018/N9/egn09w.1039E+02
nstxuE203262A04t018/N9/egn09w.1059E+02,good,nstxuE203262A04t018,9,3.2537803008021537,tae_like,GOOD,NO_GOOD_TEMPLATE,GOOD,REVIEW,NO_GOOD_TEMPLATE,rule_survivor_policy,,,,,True,0.5706959180951537,be68d51d905bd7a655c1208f049dc7dcdad17f3e7bc1b847d418eae93a9a94cb,nstxuE203262A04t018/N9/egn09w.1059E+02
nstxuE203262A04t018/N9/egn09w.1156E+02,good,nstxuE203262A04t018,9,3.4002380098823495,tae_like,GOOD,NO_GOOD_TEMPLATE,GOOD,REVIEW,NO_GOOD_TEMPLATE,rule_survivor_policy,,,,,True,0.7830450832066272,8e418549fb800f2f6ebd82ff13c21f803dff475227c5659adba01f8eb6ae1b16,nstxuE203262A04t018/N9/egn09w.1156E+02
nstxuE203262A04t018/N9/egn09w.1176E+02,good,nstxuE203262A04t018,9,3.4289730515596597,tae_like,GOOD,NO_GOOD_TEMPLATE,GOOD,REVIEW,NO_GOOD_TEMPLATE,rule_survivor_policy,,,,,True,0.8211096909963388,4a648969a3f467cfeaf36bd2d4a3de6b5ad38feea6785e3d5205c89a6bd2ebaa,nstxuE203262A04t018/N9/egn09w.1176E+02
nstxuE203262A04t018/N9/egn09w.1204E+02,good,nstxuE203262A04t018,9,3.4693526473883836,tae_like,GOOD,NO_GOOD_TEMPLATE,GOOD,REVIEW,NO_GOOD_TEMPLATE,rule_survivor_policy,,,,,True,0.7971334323561519,f17f5d2295e43d5dedb80d0af4fffe67f3349db3ae5f52cffe52afbb0c082890,nstxuE203262A04t018/N9/egn09w.1204E+02
nstxuE203262A04t018/N9/egn09w.1388E+02,good,nstxuE203262A04t018,9,3.726020507728474,tae_like,GOOD,NO_GOOD_TEMPLATE,GOOD,REVIEW,NO_GOOD_TEMPLATE,rule_survivor_policy,,,,,True,0.6299258278077795,45576ecf1369fd8341f8baed3f52f870f218fe8f68d72fd07aa3dfa1b062bee7,nstxuE203262A04t018/N9/egn09w.1388E+02
nstxuE203262A04t018/N9/egn09w.1638E+02,good,nstxuE203262A04t018,9,4.047251874851237,tae_like,GOOD,NO_GOOD_TEMPLATE,GOOD,REVIEW,NO_GOOD_TEMPLATE,rule_survivor_policy,,,,,True,0.5963191591749089,96a73301ff1780927b36ccc3e98877ae7c61ad0fc7017ad8b0a80717dab817fa,nstxuE203262A04t018/N9/egn09w.1638E+02
nstxuE203262A04t018/N9/egn09w.1738E+02,good,nstxuE203262A04t018,9,4.168401434374107,tae_like,GOOD,NO_GOOD_TEMPLATE,GOOD,REVIEW,NO_GOOD_TEMPLATE,rule_survivor_policy,,,,,True,0.8947845131375457,250a9937b8764ac4e79944ca864a94b3b87695bdc257f15992156dc1208497ef,nstxuE203262A04t018/N9/egn09w.1738E+02
nstxuE203262A04t018/N10/egn10w.3157E+01,good,nstxuE203262A04t018,10,1.7767922709349782,tae_like,GOOD,NO_GOOD_TEMPLATE,GOOD,REVIEW,NO_GOOD_TEMPLATE,rule_survivor_policy,,,,,True,0.7676304721726667,b17a84bf938ed7506a99d7bd5e498685a302c361c5dee1fb2f2cc5dfbb6bbeaa,nstxuE203262A04t018/N10/egn10w.3157E+01
nstxuE203262A04t018/N10/egn10w.3271E+01,good,nstxuE203262A04t018,10,1.8086637742923644,tae_like,GOOD,NO_GOOD_TEMPLATE,GOOD,REVIEW,NO_GOOD_TEMPLATE,rule_survivor_policy,,,,,True,0.8823806154291938,a7d80aea2bce344edfe8bb33e40f3567ec90d7e6bf56bad422177648b96b126d,nstxuE203262A04t018/N10/egn10w.3271E+01
nstxuE203262A04t018/N10/egn10w.4965E+01,good,nstxuE203262A04t018,10,2.228247429186072,tae_like,GOOD,NO_GOOD_TEMPLATE,GOOD,REVIEW,NO_GOOD_TEMPLATE,rule_survivor_policy,,,,,True,0.745516568459248,3197e0c665ea8d02d24357379091f503da3cc738b942f811f3fb0ff8144c85f9,nstxuE203262A04t018/N10/egn10w.4965E+01
nstxuE203262A04t018/N10/egn10w.5775E+01,good,nstxuE203262A04t018,10,2.4030328694440044,tae_like,GOOD,NO_GOOD_TEMPLATE,GOOD,REVIEW,NO_GOOD_TEMPLATE,rule_survivor_policy,,,,,True,0.35238739611160286,457a0b48e0479dfbfcb7a212de23b57f036dc908207d03f466c5016e4f0584c3,nstxuE203262A04t018/N10/egn10w.5775E+01
nstxuE203262A04t018/N10/egn10w.5822E+01,good,nstxuE203262A04t018,10,2.412888942519095,tae_like,GOOD,NO_GOOD_TEMPLATE,GOOD,REVIEW,NO_GOOD_TEMPLATE,rule_survivor_policy,,,,,True,0.5289430782214052,787b3f706910ad21c2d5e3684c94a2e455b67dbe5b14ecb6f6ebfd6da2c81289,nstxuE203262A04t018/N10/egn10w.5822E+01
nstxuE203262A04t018/N10/egn10w.5867E+01,good,nstxuE203262A04t018,10,2.4222593604171054,tae_like,GOOD,NO_GOOD_TEMPLATE,GOOD,REVIEW,NO_GOOD_TEMPLATE,rule_survivor_policy,,,,,True,0.514505767368822,0ff4fff38584e3e66e22a43f941684fa34428889b89cd7079a518c2ebad83854,nstxuE203262A04t018/N10/egn10w.5867E+01
nstxuE203262A04t018/N10/egn10w.6263E+01,good,nstxuE203262A04t018,10,2.5025349504138323,tae_like,GOOD,NO_GOOD_TEMPLATE,GOOD,REVIEW,NO_GOOD_TEMPLATE,rule_survivor_policy,,,,,True,0.58651328862988,83dd9d912a1840a6a93d2b27048779716ecfddec9385ae7e61cdda932644e976,nstxuE203262A04t018/N10/egn10w.6263E+01
nstxuE203262A04t018/N10/egn10w.6350E+01,good,nstxuE203262A04t018,10,2.5198428701110194,tae_like,GOOD,NO_GOOD_TEMPLATE,GOOD,REVIEW,NO_GOOD_TEMPLATE,rule_survivor_policy,,,,,True,0.475214187155989,56f54a70e6b4eb4d9d7ecda4f66e1b0da5bd5845f70d942f58ddbb5ae56ad4b7,nstxuE203262A04t018/N10/egn10w.6350E+01
nstxuE203262A04t018/N10/egn10w.6623E+01,good,nstxuE203262A04t018,10,2.5735515655144425,tae_like,GOOD,NO_GOOD_TEMPLATE,GOOD,REVIEW,NO_GOOD_TEMPLATE,rule_survivor_policy,,,,,True,0.9261956138912095,808f10bc348d37f80692580cd92b1f0d2cbe124e2ba413ea39b51814f8784471,nstxuE203262A04t018/N10/egn10w.6623E+01
nstxuE203262A04t018/N10/egn10w.6770E+01,good,nstxuE203262A04t018,10,2.601944391719139,tae_like,GOOD,NO_GOOD_TEMPLATE,GOOD,REVIEW,NO_GOOD_TEMPLATE,rule_survivor_policy,,,,,True,0.8001316189618243,3efba3765018703e83b61c6c257d772efbba7a6419d99d04ced1c030949b69de,nstxuE203262A04t018/N10/egn10w.6770E+01
nstxuE203262A04t018/N10/egn10w.6838E+01,good,nstxuE203262A04t018,10,2.6149837294766534,tae_like,GOOD,NO_GOOD_TEMPLATE,GOOD,REVIEW,NO_GOOD_TEMPLATE,rule_survivor_policy,,,,,True,0.41281689486244677,b23eb82749ea56be2c3c152985e8dadfda3425232bf9c45819cc3f04784a59ff,nstxuE203262A04t018/N10/egn10w.6838E+01
nstxuE203262A04t018/N10/egn10w.7234E+01,good,nstxuE203262A04t018,10,2.6895775897006087,tae_like,GOOD,NO_GOOD_TEMPLATE,GOOD,REVIEW,NO_GOOD_TEMPLATE,rule_survivor_policy,,,,,True,0.51321498315422,b548a2e10cfe0ccb5bf1d3fe33dc7f8266cc1c1cd3d5a582bc9a00cf9461fc15,nstxuE203262A04t018/N10/egn10w.7234E+01
nstxuE203262A04t018/N10/egn10w.7331E+01,good,nstxuE203262A04t018,10,2.7075811307825544,tae_like,GOOD,NO_GOOD_TEMPLATE,GOOD,REVIEW,NO_GOOD_TEMPLATE,rule_survivor_policy,,,,,True,0.5782633208831356,63eecfac29abf954ef0af196ea30c5402955f86f60023c05583dfd60c9b27661,nstxuE203262A04t018/N10/egn10w.7331E+01
nstxuE203262A04t018/N10/egn10w.7942E+01,good,nstxuE203262A04t018,10,2.8180806293270164,tae_like,GOOD,NO_GOOD_TEMPLATE,GOOD,REVIEW,NO_GOOD_TEMPLATE,rule_survivor_policy,,,,,True,0.5008661162943284,44f75fb378645b34f5227fec8a3952d3bc74bdd69082e54113a29a5179214a9c,nstxuE203262A04t018/N10/egn10w.7942E+01
nstxuE203262A04t018/N10/egn10w.8230E+01,good,nstxuE203262A04t018,10,2.8688287420393905,tae_like,GOOD,NO_GOOD_TEMPLATE,GOOD,REVIEW,NO_GOOD_TEMPLATE,rule_survivor_policy,,,,,True,0.6312341381399615,62dbed043c4a22091dd40386a3b69b24c24e323e70f0ab7c8c7d3968fbd4f99f,nstxuE203262A04t018/N10/egn10w.8230E+01
nstxuE203262A04t018/N10/egn10w.8331E+01,good,nstxuE203262A04t018,10,2.886310791939162,tae_like,GOOD,NO_GOOD_TEMPLATE,GOOD,REVIEW,NO_GOOD_TEMPLATE,rule_survivor_policy,,,,,True,0.4583010838476217,d957dfde9f7232bc4988fd3307e905caef795228bdafac1fca8276afeb90cef1,nstxuE203262A04t018/N10/egn10w.8331E+01
nstxuE203262A04t018/N10/egn10w.8504E+01,good,nstxuE203262A04t018,10,2.91610921403688,tae_like,GOOD,NO_GOOD_TEMPLATE,GOOD,REVIEW,NO_GOOD_TEMPLATE,rule_survivor_policy,,,,,True,0.955381328443242,78760303f9daaab49c5ede08da5e7989264dd291260497b827359541429a9888,nstxuE203262A04t018/N10/egn10w.8504E+01
nstxuE203262A04t018/N10/egn10w.8582E+01,good,nstxuE203262A04t018,10,2.9295705020497906,tae_like,GOOD,NO_GOOD_TEMPLATE,GOOD,REVIEW,NO_GOOD_TEMPLATE,rule_survivor_policy,,,,,True,0.5736900407052669,b4fed71541c5308ce26e6c92f8963bd0e01d4906772dcb43d7fec204fe8e6de9,nstxuE203262A04t018/N10/egn10w.8582E+01
nstxuE203262A04t018/N10/egn10w.9079E+01,good,nstxuE203262A04t018,10,3.0130937699666496,tae_like,GOOD,NO_GOOD_TEMPLATE,GOOD,REVIEW,NO_GOOD_TEMPLATE,rule_survivor_policy,,,,,True,0.5326917064630602,b848240be784472c468de58ff72f8a864eac24c9eaa435d41433a6c3ca1b86b1,nstxuE203262A04t018/N10/egn10w.9079E+01
nstxuE203262A04t018/N10/egn10w.9497E+01,good,nstxuE203262A04t018,10,3.0816970991145105,tae_like,GOOD,NO_GOOD_TEMPLATE,GOOD,REVIEW,NO_GOOD_TEMPLATE,rule_survivor_policy,,,,,True,0.6330525615630219,f07cedb2563670c0459521cc9a59248707daba6f489c085b256e1629cec31084,nstxuE203262A04t018/N10/egn10w.9497E+01
nstxuE203262A04t018/N10/egn10w.1000E+02,good,nstxuE203262A04t018,10,3.163048387678577,tae_like,GOOD,NO_GOOD_TEMPLATE,GOOD,REVIEW,NO_GOOD_TEMPLATE,rule_survivor_policy,,,,,True,0.6843918334416217,635756bd90abf9ca9456093955989ff4ecd40418c13aedbbcb240dd9440e5fdb,nstxuE203262A04t018/N10/egn10w.1000E+02
nstxuE203262A04t018/N10/egn10w.1029E+02,good,nstxuE203262A04t018,10,3.207231001175518,tae_like,GOOD,NO_GOOD_TEMPLATE,GOOD,REVIEW,NO_GOOD_TEMPLATE,rule_survivor_policy,,,,,True,0.2655921711860796,06337f140faa5ec3c7a1cdfbe22b3af246f20611bd8e954a5cbfaddad3f3ae85,nstxuE203262A04t018/N10/egn10w.1029E+02
nstxuE203262A04t018/N10/egn10w.1151E+02,good,nstxuE203262A04t018,10,3.3929026124154413,tae_like,GOOD,NO_GOOD_TEMPLATE,GOOD,REVIEW,NO_GOOD_TEMPLATE,rule_survivor_policy,,,,,True,0.9727913935380456,942f154deb70009eef701cef728ac57ce65ef1ab8f69458771aef2e944f2998d,nstxuE203262A04t018/N10/egn10w.1151E+02
nstxuE203262A04t018/N10/egn10w.1161E+02,good,nstxuE203262A04t018,10,3.4077273021698704,tae_like,GOOD,NO_GOOD_TEMPLATE,GOOD,REVIEW,NO_GOOD_TEMPLATE,rule_survivor_policy,,,,,True,0.7609174697725858,0ac1767b71d31ea1a6221eeb643443a2f2c40cf4ac3fcb4cc97625e0b91e7285,nstxuE203262A04t018/N10/egn10w.1161E+02
nstxuE203262A04t018/N10/egn10w.1202E+02,good,nstxuE203262A04t018,10,3.466399526663645,tae_like,GOOD,NO_GOOD_TEMPLATE,GOOD,REVIEW,NO_GOOD_TEMPLATE,rule_survivor_policy,,,,,True,0.8707102331300953,7a92342c80fa3555dc7ee9cd898ca6342cc0d58144edee7739d11e702e6f5111,nstxuE203262A04t018/N10/egn10w.1202E+02
nstxuE203262A04t018/N10/egn10w.1220E+02,good,nstxuE203262A04t018,10,3.4927957604913833,tae_like,GOOD,NO_GOOD_TEMPLATE,GOOD,REVIEW,NO_GOOD_TEMPLATE,rule_survivor_policy,,,,,True,0.6694897013149917,79bb13482c6c06a07102e62a41fb73f12ab4dcd3eac11490ef4dec3cf705e4d6,nstxuE203262A04t018/N10/egn10w.1220E+02
nstxuE203262A04t018/N10/egn10w.1285E+02,good,nstxuE203262A04t018,10,3.584743433664028,tae_like,GOOD,NO_GOOD_TEMPLATE,GOOD,REVIEW,NO_GOOD_TEMPLATE,rule_survivor_policy,,,,,True,0.651475734276994,ec5fe2ae9d84bd39c2250055f5249d934ec03a7af98db139b9bfcca0069fbd10,nstxuE203262A04t018/N10/egn10w.1285E+02
nstxuE203262A04t018/N10/egn10w.1507E+02,good,nstxuE203262A04t018,10,3.882063940206969,tae_like,GOOD,NO_GOOD_TEMPLATE,GOOD,REVIEW,NO_GOOD_TEMPLATE,rule_survivor_policy,,,,,True,0.6629211793837839,2e8a57ba83f8e457f1683a7676217cffb7db29d6081b714a6bfc66289d71420a,nstxuE203262A04t018/N10/egn10w.1507E+02
nstxuE203262A04t018/N10/egn10w.1586E+02,good,nstxuE203262A04t018,10,3.982428897794264,tae_like,GOOD,NO_GOOD_TEMPLATE,GOOD,REVIEW,NO_GOOD_TEMPLATE,rule_survivor_policy,,,,,True,0.635152201746785,708f95cde75b944a89062257a1fabab0af3ea52f3a388fa0c37e21d48a2a6390,nstxuE203262A04t018/N10/egn10w.1586E+02
nstxuE203262A04t018/N10/egn10w.1770E+02,good,nstxuE203262A04t018,10,4.207520996484186,tae_like,GOOD,NO_GOOD_TEMPLATE,GOOD,REVIEW,NO_GOOD_TEMPLATE,rule_survivor_policy,,,,,True,0.9211160839362139,19fe53325a4381dfe9d4cb7da64056c75e51012ef87f1e8034eaedf17321934c,nstxuE203262A04t018/N10/egn10w.1770E+02
nstxuE203609A01t020/N2/egn02w.2934E+01,good,nstxuE203609A01t020,2,1.713036818894012,tae_like,GOOD,NO_GOOD_TEMPLATE,GOOD,REVIEW,NO_GOOD_TEMPLATE,rule_survivor_policy,,,,,True,0.1637449533591708,5f35c19b81e4e504ab22fa696241bec7957a9c530a71c82e7f59fb2a304a439d,nstxuE203609A01t020/N2/egn02w.2934E+01
nstxuE203609A01t020/N2/egn02w.3563E+01,good,nstxuE203609A01t020,2,1.8875059226771842,tae_like,GOOD,NO_GOOD_TEMPLATE,GOOD,REVIEW,NO_GOOD_TEMPLATE,rule_survivor_policy,,,,,True,0.14155800055543735,c89e09e3b6fcf026b52a2f445067efba9157b6efd32ea14b0ff3c7770af52ee8,nstxuE203609A01t020/N2/egn02w.3563E+01
nstxuE203609A01t020/N2/egn02w.4871E+01,good,nstxuE203609A01t020,2,2.2070959104990076,tae_like,GOOD,NO_GOOD_TEMPLATE,GOOD,REVIEW,NO_GOOD_TEMPLATE,rule_survivor_policy,,,,,True,0.1469757087093121,5f36c1539fd8d0a478891f81f7777ecf03a3b40c8530dda7814f0563ccc93e8f,nstxuE203609A01t020/N2/egn02w.4871E+01
nstxuE203609A01t020/N2/egn02w.8881E+01,good,nstxuE203609A01t020,2,2.9800585345330743,tae_like,GOOD,NO_GOOD_TEMPLATE,GOOD,REVIEW,NO_GOOD_TEMPLATE,rule_survivor_policy,,,,,True,0.14839160670542006,84885e75c7a71d5f7a5275207f1ecbd962b526ab88d420722f13ee7b03d4c275,nstxuE203609A01t020/N2/egn02w.8881E+01
nstxuE203609A01t020/N2/egn02w.9053E+01,good,nstxuE203609A01t020,2,3.0088475449114616,tae_like,GOOD,NO_GOOD_TEMPLATE,GOOD,REVIEW,NO_GOOD_TEMPLATE,rule_survivor_policy,,,,,True,0.7074735523070839,9bfc4fd594a1a878d78bf48e6e089097090a85333f05da8a1e8f57a076f1f644,nstxuE203609A01t020/N2/egn02w.9053E+01
nstxuE203609A01t020/N3/egn03w.3225E+01,good,nstxuE203609A01t020,3,1.795794512099728,tae_like,GOOD,NO_GOOD_TEMPLATE,GOOD,REVIEW,NO_GOOD_TEMPLATE,rule_survivor_policy,,,,,True,0.2310026198618316,bf9d79f906088f08ada46b266e1928b72842617743171ad8c797176818d77279,nstxuE203609A01t020/N3/egn03w.3225E+01
nstxuE203609A01t020/N3/egn03w.3886E+01,good,nstxuE203609A01t020,3,1.9713162707254703,tae_like,GOOD,NO_GOOD_TEMPLATE,GOOD,REVIEW,NO_GOOD_TEMPLATE,rule_survivor_policy,,,,,True,0.42773097597335935,65ebe46c81afdc4e842c3765892f6de4842899ab4c6c71ee5c36e7becbd72cb0,nstxuE203609A01t020/N3/egn03w.3886E+01
nstxuE203609A01t020/N3/egn03w.6072E+01,good,nstxuE203609A01t020,3,2.464180846246854,tae_like,GOOD,NO_GOOD_TEMPLATE,GOOD,REVIEW,NO_GOOD_TEMPLATE,rule_survivor_policy,,,,,True,0.1950642638333685,b61e0233835607f2151200879f06eed98a962b07c951e2b9e8a7d5d937d41297,nstxuE203609A01t020/N3/egn03w.6072E+01
nstxuE203609A01t020/N4/egn04w.3580E+01,good,nstxuE203609A01t020,4,1.8920921205153964,tae_like,GOOD,NO_GOOD_TEMPLATE,GOOD,REVIEW,NO_GOOD_TEMPLATE,rule_survivor_policy,,,,,True,0.32979374007799667,5c0b5334be7678da052eb461baac25fccf0345030036715ab9f3e6b16ac89fc5,nstxuE203609A01t020/N4/egn04w.3580E+01
nstxuE203609A01t020/N4/egn04w.3965E+01,good,nstxuE203609A01t020,4,1.991155724818372,tae_like,GOOD,NO_GOOD_TEMPLATE,GOOD,REVIEW,NO_GOOD_TEMPLATE,rule_survivor_policy,,,,,True,0.20693463149818242,262bbf288c952835fe4d85b4f384990ebf0b30b07b2bf40a92e0c41fce3279a5,nstxuE203609A01t020/N4/egn04w.3965E+01
nstxuE203609A01t020/N4/egn04w.4522E+01,good,nstxuE203609A01t020,4,2.1264292914793055,tae_like,GOOD,NO_GOOD_TEMPLATE,GOOD,REVIEW,NO_GOOD_TEMPLATE,rule_survivor_policy,,,,,True,0.2933723665489741,5130e4b7ee8682335551c5c8553bfcb52b42f81dab090aa8b074810b05f25c7a,nstxuE203609A01t020/N4/egn04w.4522E+01
nstxuE203609A01t020/N4/egn04w.7014E+01,good,nstxuE203609A01t020,4,2.648434225079483,tae_like,GOOD,NO_GOOD_TEMPLATE,GOOD,REVIEW,NO_GOOD_TEMPLATE,rule_survivor_policy,,,,,True,0.2506951065518955,301006e913e83036f20c3124fb5dd6462c4637ad2ab142825eba3870b8814513,nstxuE203609A01t020/N4/egn04w.7014E+01
nstxuE203609A01t020/N4/egn04w.7532E+01,good,nstxuE203609A01t020,4,2.7444185846183675,tae_like,GOOD,NO_GOOD_TEMPLATE,GOOD,REVIEW,NO_GOOD_TEMPLATE,rule_survivor_policy,,,,,True,0.0979808672026565,e47a24bb2ca96d05fb007c6b9df32f63fc7e3ae7178a59494326138432861e8e,nstxuE203609A01t020/N4/egn04w.7532E+01
nstxuE203609A01t020/N4/egn04w.7716E+01,good,nstxuE203609A01t020,4,2.7776796457903767,tae_like,GOOD,NO_GOOD_TEMPLATE,GOOD,REVIEW,NO_GOOD_TEMPLATE,rule_survivor_policy,,,,,True,0.1782578614037897,ea2e35854393532d58ba550bc78f14f6da6ac154e780d8bbb4785c2b59a0924a,nstxuE203609A01t020/N4/egn04w.7716E+01
nstxuE203609A01t020/N4/egn04w.7773E+01,good,nstxuE203609A01t020,4,2.787939637415953,tae_like,GOOD,NO_GOOD_TEMPLATE,GOOD,REVIEW,NO_GOOD_TEMPLATE,rule_survivor_policy,,,,,True,0.22714044586900672,bf5005d97dfa9d25d218475d189cfc93a8d90c380cd795b1b54a75ebef22f0b0,nstxuE203609A01t020/N4/egn04w.7773E+01
nstxuE203609A01t020/N4/egn04w.7817E+01,good,nstxuE203609A01t020,4,2.7958696002399765,tae_like,GOOD,NO_GOOD_TEMPLATE,GOOD,REVIEW,NO_GOOD_TEMPLATE,rule_survivor_policy,,,,,True,0.9359633715996648,c236391c1f56ec8ab4447ac37f04ff914349ee27e800cf64cedeae14ece058f2,nstxuE203609A01t020/N4/egn04w.7817E+01
nstxuE203609A01t020/N6/egn06w.3819E+01,good,nstxuE203609A01t020,6,1.954193457749898,tae_like,GOOD,NO_GOOD_TEMPLATE,GOOD,REVIEW,NO_GOOD_TEMPLATE,rule_survivor_policy,,,,,True,0.2926285087756243,6aad3c0b99c0bfa556c5ed21d3008561b7e0bd6601f618f10608fd823d02a2d3,nstxuE203609A01t020/N6/egn06w.3819E+01
nstxuE203609A01t020/N6/egn06w.3984E+01,good,nstxuE203609A01t020,6,1.995902914389316,tae_like,GOOD,NO_GOOD_TEMPLATE,GOOD,REVIEW,NO_GOOD_TEMPLATE,rule_survivor_policy,,,,,True,0.47309293165927996,0e88e63fbc7c1380041b1554bf4b6e0816d9cfae1ef50e9872b1385582ade530,nstxuE203609A01t020/N6/egn06w.3984E+01
nstxuE203609A01t020/N6/egn06w.4065E+01,good,nstxuE203609A01t020,6,2.0163066855223786,tae_like,GOOD,NO_GOOD_TEMPLATE,GOOD,REVIEW,NO_GOOD_TEMPLATE,rule_survivor_policy,,,,,True,0.29322750552054316,286334f0d49e617d9e80522db2cc079ffd173f9392e790169b9d941914d11ba9,nstxuE203609A01t020/N6/egn06w.4065E+01
nstxuE203609A01t020/N6/egn06w.4279E+01,good,nstxuE203609A01t020,6,2.068493646165483,tae_like,GOOD,NO_GOOD_TEMPLATE,GOOD,REVIEW,NO_GOOD_TEMPLATE,rule_survivor_policy,,,,,True,0.14766187792631158,6ec48a122f147d3007f7ee7b6c59a3b2358cf49ca60b49721d2a3a6c4769d410,nstxuE203609A01t020/N6/egn06w.4279E+01
nstxuE203609A01t020/N6/egn06w.6017E+01,good,nstxuE203609A01t020,6,2.452975450101231,tae_like,GOOD,NO_GOOD_TEMPLATE,GOOD,REVIEW,NO_GOOD_TEMPLATE,rule_survivor_policy,,,,,True,0.41146284125292015,a2fa908b6d4be2cc085bad13ffc622d2ebe2769a84831b99aa9ab74230eb4c3c,nstxuE203609A01t020/N6/egn06w.6017E+01
nstxuE203609A01t020/N6/egn06w.6074E+01,good,nstxuE203609A01t020,6,2.4645614764031327,tae_like,GOOD,NO_GOOD_TEMPLATE,GOOD,REVIEW,NO_GOOD_TEMPLATE,rule_survivor_policy,,,,,True,0.16636163694308925,99c7ce574a39f97d5c0b0664694eb9749cd09c989bd74e22d32e9dc566d5dd25,nstxuE203609A01t020/N6/egn06w.6074E+01
nstxuE203609A01t020/N6/egn06w.6239E+01,good,nstxuE203609A01t020,6,2.4977552113459636,tae_like,GOOD,NO_GOOD_TEMPLATE,GOOD,REVIEW,NO_GOOD_TEMPLATE,rule_survivor_policy,,,,,True,0.3213865337973965,505eb5d677c32cbda771cbe848a3daa707e06f80ee736de69e3c4a1b4489e1d0,nstxuE203609A01t020/N6/egn06w.6239E+01
nstxuE203609A01t020/N6/egn06w.6299E+01,good,nstxuE203609A01t020,6,2.5098231661307753,tae_like,GOOD,NO_GOOD_TEMPLATE,GOOD,REVIEW,NO_GOOD_TEMPLATE,rule_survivor_policy,,,,,True,0.6614227664202851,ac6af5bf9b6c0a3f920092fbcb39be6e76780495caa4b84beaf387fb8caf7be8,nstxuE203609A01t020/N6/egn06w.6299E+01
nstxuE203609A01t020/N6/egn06w.8639E+01,good,nstxuE203609A01t020,6,2.9391648242841377,tae_like,GOOD,NO_GOOD_TEMPLATE,GOOD,REVIEW,NO_GOOD_TEMPLATE,rule_survivor_policy,,,,,True,0.3619924303292207,76ebbc759893415dd1839bcfd3ff06ce03ea434587cc97891abe5cb847438b5e,nstxuE203609A01t020/N6/egn06w.8639E+01
nstxuE203609A01t020/N7/egn07w.2711E+01,good,nstxuE203609A01t020,7,1.6463779538677958,tae_like,GOOD,NO_GOOD_TEMPLATE,GOOD,REVIEW,NO_GOOD_TEMPLATE,rule_survivor_policy,,,,,True,0.9413941562151383,25e3c674aff442608df9d7c411966face4f668cbce34f733d8c98d03fc52a6d2,nstxuE203609A01t020/N7/egn07w.2711E+01
nstxuE203609A01t020/N7/egn07w.3330E+01,good,nstxuE203609A01t020,7,1.8248744577628881,tae_like,GOOD,NO_GOOD_TEMPLATE,GOOD,REVIEW,NO_GOOD_TEMPLATE,rule_survivor_policy,,,,,True,0.5311142012800789,ab7ea5917edec66dd7e2b7d10a068ebe0391e063979f10ee5ea14bfabbe5bb56,nstxuE203609A01t020/N7/egn07w.3330E+01
nstxuE203609A01t020/N7/egn07w.3559E+01,good,nstxuE203609A01t020,7,1.886535581102686,tae_like,GOOD,NO_GOOD_TEMPLATE,GOOD,REVIEW,NO_GOOD_TEMPLATE,rule_survivor_policy,,,,,True,0.5080238891130959,385570b8ce37639e8f101011bee3dcb363f801f57aae56da4832dc33522f5e7a,nstxuE203609A01t020/N7/egn07w.3559E+01
nstxuE203609A01t020/N7/egn07w.3730E+01,good,nstxuE203609A01t020,7,1.9312987692913932,tae_like,GOOD,NO_GOOD_TEMPLATE,GOOD,REVIEW,NO_GOOD_TEMPLATE,rule_survivor_policy,,,,,True,0.592991375088294,56b87aec0b1e0d8c1fbe2c201b378e4be9183e3b4713f96c542f12b59e5809ab,nstxuE203609A01t020/N7/egn07w.3730E+01
nstxuE203609A01t020/N7/egn07w.3804E+01,good,nstxuE203609A01t020,7,1.9503892023663478,tae_like,GOOD,NO_GOOD_TEMPLATE,GOOD,REVIEW,NO_GOOD_TEMPLATE,rule_survivor_policy,,,,,True,0.517367169187443,92be111dbdf848da27089d3488bd69830ff99672203764fb545e4f395c448393,nstxuE203609A01t020/N7/egn07w.3804E+01
nstxuE203609A01t020/N7/egn07w.4023E+01,good,nstxuE203609A01t020,7,2.0056422904201323,tae_like,GOOD,NO_GOOD_TEMPLATE,GOOD,REVIEW,NO_GOOD_TEMPLATE,rule_survivor_policy,,,,,True,0.5525911910597343,c4c2ed2b9a1be0afee696daea208602d0232c49038fd87d7a5f50bc050e8bd6b,nstxuE203609A01t020/N7/egn07w.4023E+01
nstxuE203609A01t020/N7/egn07w.8079E+01,good,nstxuE203609A01t020,7,2.84236564410171,tae_like,GOOD,NO_GOOD_TEMPLATE,GOOD,REVIEW,NO_GOOD_TEMPLATE,rule_survivor_policy,,,,,True,0.5740848717556764,e1cdfc5e677695f172186ee6f408cb017bb4e62b1f9e8e1dccf7f52c7161a14c,nstxuE203609A01t020/N7/egn07w.8079E+01
nstxuE203609A01t020/N7/egn07w.9477E+01,good,nstxuE203609A01t020,7,3.078455599398358,tae_like,GOOD,NO_GOOD_TEMPLATE,GOOD,REVIEW,NO_GOOD_TEMPLATE,rule_survivor_policy,,,,,True,0.9535914631544841,5dd0e552aceb1f164da6e61edbc9551d4810a34479bc56b4f47bfee4f72fdff0,nstxuE203609A01t020/N7/egn07w.9477E+01
nstxuE203609A01t020/N10/egn10w.4440E+01,good,nstxuE203609A01t020,10,2.107089100095231,tae_like,GOOD,NO_GOOD_TEMPLATE,GOOD,REVIEW,NO_GOOD_TEMPLATE,rule_survivor_policy,,,,,True,0.7520790890832578,7b35e142b58035a80573f3e672cd49cb6b58b12c4a01da3d74e14371a0fb5c35,nstxuE203609A01t020/N10/egn10w.4440E+01
nstxuE203609A01t020/N10/egn10w.9193E+01,good,nstxuE203609A01t020,10,3.0319650370708002,tae_like,GOOD,NO_GOOD_TEMPLATE,GOOD,REVIEW,NO_GOOD_TEMPLATE,rule_survivor_policy,,,,,True,0.9952140606099166,adc8bbe0768401e438b366b0f4fc771ffe5ad087254f46c37c670873eff0d972,nstxuE203609A01t020/N10/egn10w.9193E+01
nstxuE203653A02t025/N3/egn03w.9713E+01,good,nstxuE203653A02t025,3,3.1166116858687127,tae_like,GOOD,NO_GOOD_TEMPLATE,GOOD,REVIEW,NO_GOOD_TEMPLATE,rule_survivor_policy,,,,,True,0.4887757260597376,5f7b71c73071b5f5ccc177165d928423589a789afd3e8e5a4a316494c7e4d99b,nstxuE203653A02t025/N3/egn03w.9713E+01
nstxuE203653A02t025/N3/egn03w.1068E+02,good,nstxuE203653A02t025,3,3.267659433023928,tae_like,GOOD,NO_GOOD_TEMPLATE,GOOD,REVIEW,NO_GOOD_TEMPLATE,rule_survivor_policy,,,,,True,0.31878052697866766,b7e59dcd245d3d41ad0daafe34b8c811988cc17b60cf2fc7d69a8ea1d620cc08,nstxuE203653A02t025/N3/egn03w.1068E+02
nstxuE203653A02t025/N3/egn03w.1548E+02,good,nstxuE203653A02t025,3,3.934124884926426,tae_like,GOOD,NO_GOOD_TEMPLATE,GOOD,REVIEW,NO_GOOD_TEMPLATE,rule_survivor_policy,,,,,True,0.4046026538827601,6f87486f2fe39871d04dcd03a79b96ecdec451f0d0701ac6a760e844d8b81750,nstxuE203653A02t025/N3/egn03w.1548E+02
nstxuE203653A02t025/N4/egn04w.8525E+01,good,nstxuE203653A02t025,4,2.919790630026541,tae_like,GOOD,NO_GOOD_TEMPLATE,GOOD,REVIEW,NO_GOOD_TEMPLATE,rule_survivor_policy,,,,,True,0.598594705902037,72bdddb2b8b85347552bcbf67f3f87a9c8b0e29d8634de2cf9b5323d976cc778,nstxuE203653A02t025/N4/egn04w.8525E+01
nstxuE203653A02t025/N4/egn04w.8984E+01,good,nstxuE203653A02t025,4,2.997324824920636,tae_like,GOOD,NO_GOOD_TEMPLATE,GOOD,REVIEW,NO_GOOD_TEMPLATE,rule_survivor_policy,,,,,True,0.4146476128378645,30a7292b0cdf574d0c9bbe841109d0b371aaf000ca3c7fe3db46af641e098df4,nstxuE203653A02t025/N4/egn04w.8984E+01
nstxuE203653A02t025/N4/egn04w.9386E+01,good,nstxuE203653A02t025,4,3.063727852005023,tae_like,GOOD,NO_GOOD_TEMPLATE,GOOD,REVIEW,NO_GOOD_TEMPLATE,rule_survivor_policy,,,,,True,0.6774347779044794,8b06fff77dd8c913451bca57dfeecb34c9b4bf9c58e4b6edb337a6e80c9663d4,nstxuE203653A02t025/N4/egn04w.9386E+01
nstxuE203653A02t025/N4/egn04w.9449E+01,good,nstxuE203653A02t025,4,3.073864938803684,tae_like,GOOD,NO_GOOD_TEMPLATE,GOOD,REVIEW,NO_GOOD_TEMPLATE,rule_survivor_policy,,,,,True,0.6676327636415803,0812a39835d7e74f9cd996120962cbc792c36f6201012f15aacac02087aca222,nstxuE203653A02t025/N4/egn04w.9449E+01
nstxuE203653A02t025/N4/egn04w.9722E+01,good,nstxuE203653A02t025,4,3.118074975071073,tae_like,GOOD,NO_GOOD_TEMPLATE,GOOD,REVIEW,NO_GOOD_TEMPLATE,rule_survivor_policy,,,,,True,0.42427858498926146,abeab90603b8b67904bce5311541e84453aa2d259af53e3ae72ed3ff8d5df445,nstxuE203653A02t025/N4/egn04w.9722E+01
nstxuE203653A02t025/N4/egn04w.1080E+02,good,nstxuE203653A02t025,4,3.286363105774135,tae_like,GOOD,NO_GOOD_TEMPLATE,GOOD,REVIEW,NO_GOOD_TEMPLATE,rule_survivor_policy,,,,,True,0.49262627203309006,67642a56a6e0fb18c9ba6ee169befaefca6abaa0ee861f0d36ed6e4d1d41e8f8,nstxuE203653A02t025/N4/egn04w.1080E+02
nstxuE203653A02t025/N4/egn04w.1111E+02,good,nstxuE203653A02t025,4,3.333160417321477,tae_like,GOOD,NO_GOOD_TEMPLATE,GOOD,REVIEW,NO_GOOD_TEMPLATE,rule_survivor_policy,,,,,True,0.44446545429610934,d35ba7a0b5c9090f65e11c7b9453081a73e6a84e30d33ea6e91dc1f3faba5f03,nstxuE203653A02t025/N4/egn04w.1111E+02
nstxuE203653A02t025/N4/egn04w.1273E+02,good,nstxuE203653A02t025,4,3.5674045042865474,tae_like,GOOD,NO_GOOD_TEMPLATE,GOOD,REVIEW,NO_GOOD_TEMPLATE,rule_survivor_policy,,,,,True,0.5721896208584668,0de91f71db330638bf2afbaedb9e5b6ee6c0d1d2e2b7d3a90fa51783eaaa5ee1,nstxuE203653A02t025/N4/egn04w.1273E+02
nstxuE203653A02t025/N4/egn04w.1499E+02,good,nstxuE203653A02t025,4,3.872121304450775,tae_like,GOOD,NO_GOOD_TEMPLATE,GOOD,REVIEW,NO_GOOD_TEMPLATE,rule_survivor_policy,,,,,True,0.5299997557474444,c5bca68335ed9ff912785d536f1446dfdd9c42e620b905f24ca2a44203d9aef8,nstxuE203653A02t025/N4/egn04w.1499E+02
nstxuE203653A02t025/N4/egn04w.1900E+02,good,nstxuE203653A02t025,4,4.358728552805221,tae_like,GOOD,NO_GOOD_TEMPLATE,GOOD,REVIEW,NO_GOOD_TEMPLATE,rule_survivor_policy,,,,,True,0.4271200850689426,24265bb92757f864c7a831ceb8010f8c62c83ebdbaa7da2d6a88af4ec3362e63,nstxuE203653A02t025/N4/egn04w.1900E+02
nstxuE203653A02t025/N4/egn04w.2207E+02,good,nstxuE203653A02t025,4,4.698266692040747,tae_like,GOOD,NO_GOOD_TEMPLATE,GOOD,REVIEW,NO_GOOD_TEMPLATE,rule_survivor_policy,,,,,True,0.4556493128517341,f41bb71d4c444a47c9bd482146ab6a775dfcd2dc96a072f67116403a5605cbc1,nstxuE203653A02t025/N4/egn04w.2207E+02
nstxuE203653A02t025/N5/egn05w.8208E+01,good,nstxuE203653A02t025,5,2.8649383252925813,tae_like,GOOD,NO_GOOD_TEMPLATE,GOOD,REVIEW,NO_GOOD_TEMPLATE,rule_survivor_policy,,,,,True,0.4655060258487368,20579696bc9331f5dc69f4ebfb47ae19b3e1bcbd0eafa16b3af786d3cc256950,nstxuE203653A02t025/N5/egn05w.8208E+01
nstxuE203653A02t025/N5/egn05w.8453E+01,good,nstxuE203653A02t025,5,2.9074156724262417,tae_like,GOOD,NO_GOOD_TEMPLATE,GOOD,REVIEW,NO_GOOD_TEMPLATE,rule_survivor_policy,,,,,True,0.41394092928985393,fcc1b3b49849e6ebc3413383fa6c685a81c2254f2752562fa994d25786a4038a,nstxuE203653A02t025/N5/egn05w.8453E+01
nstxuE203653A02t025/N5/egn05w.8667E+01,good,nstxuE203653A02t025,5,2.943895700523238,tae_like,GOOD,NO_GOOD_TEMPLATE,GOOD,REVIEW,NO_GOOD_TEMPLATE,rule_survivor_policy,,,,,True,0.4080848390261823,15f8c3d84ab618f0489fe46fad6c9b6249dd14b087a65e183b86d5ac3cc417dc,nstxuE203653A02t025/N5/egn05w.8667E+01
nstxuE203653A02t025/N5/egn05w.9039E+01,good,nstxuE203653A02t025,5,3.0064892637853498,tae_like,GOOD,NO_GOOD_TEMPLATE,GOOD,REVIEW,NO_GOOD_TEMPLATE,rule_survivor_policy,,,,,True,0.38250382671947775,c1d9155364094cffeb3cec5e7059885f05fd64e3dc39082dbc200562365bbf41,nstxuE203653A02t025/N5/egn05w.9039E+01
nstxuE203653A02t025/N5/egn05w.9437E+01,good,nstxuE203653A02t025,5,3.0720501770472515,tae_like,GOOD,NO_GOOD_TEMPLATE,GOOD,REVIEW,NO_GOOD_TEMPLATE,rule_survivor_policy,,,,,True,0.4866249339775671,759cbe851fc3b484468535de8d08f3808b7731dff61d58fa7cb2748bef0a9d18,nstxuE203653A02t025/N5/egn05w.9437E+01
nstxuE203653A02t025/N5/egn05w.9658E+01,good,nstxuE203653A02t025,5,3.1077678668634836,tae_like,GOOD,NO_GOOD_TEMPLATE,GOOD,REVIEW,NO_GOOD_TEMPLATE,rule_survivor_policy,,,,,True,0.44868603745790264,012aaf08923bb07320fdd7f0a8266c4ba4fd05995282d493b7fe39f5181c5339,nstxuE203653A02t025/N5/egn05w.9658E+01
nstxuE203653A02t025/N5/egn05w.1030E+02,good,nstxuE203653A02t025,5,3.2094658035634875,tae_like,GOOD,NO_GOOD_TEMPLATE,GOOD,REVIEW,NO_GOOD_TEMPLATE,rule_survivor_policy,,,,,True,0.42659253351477044,972fd6bc68292253a33db9e03c63894ee244d9212b20d7f845a0407ad03f33ff,nstxuE203653A02t025/N5/egn05w.1030E+02
nstxuE203653A02t025/N5/egn05w.1121E+02,good,nstxuE203653A02t025,5,3.348345572300752,tae_like,GOOD,NO_GOOD_TEMPLATE,GOOD,REVIEW,NO_GOOD_TEMPLATE,rule_survivor_policy,,,,,True,0.44847058445579857,8bb5c7a627abdec7b803544a71febac8c47ccf08e9d05ba4903b7c02a801cbec,nstxuE203653A02t025/N5/egn05w.1121E+02
nstxuE203653A02t025/N5/egn05w.1161E+02,good,nstxuE203653A02t025,5,3.408010092699373,tae_like,GOOD,NO_GOOD_TEMPLATE,GOOD,REVIEW,NO_GOOD_TEMPLATE,rule_survivor_policy,,,,,True,0.4294716477152271,709f7127508e07efee54f4f654a27c779b3bf3e374f63991f2034380decade0c,nstxuE203653A02t025/N5/egn05w.1161E+02
nstxuE203653A02t025/N5/egn05w.1301E+02,good,nstxuE203653A02t025,5,3.6074118180034627,tae_like,GOOD,NO_GOOD_TEMPLATE,GOOD,REVIEW,NO_GOOD_TEMPLATE,rule_survivor_policy,,,,,True,0.8118622484508239,c8c91fa52655961d50a7cd754cea9973d57efe7503b922c5d5994aa62f0bf937,nstxuE203653A02t025/N5/egn05w.1301E+02
nstxuE203653A02t025/N5/egn05w.1487E+02,good,nstxuE203653A02t025,5,3.8564729793505,tae_like,GOOD,NO_GOOD_TEMPLATE,GOOD,REVIEW,NO_GOOD_TEMPLATE,rule_survivor_policy,,,,,True,0.49156005362644706,9cdddfde99a0819074d597ecdf23ff39522241da2cccaf1f63e15d47a38e9c91,nstxuE203653A02t025/N5/egn05w.1487E+02
nstxuE203653A02t025/N5/egn05w.1907E+02,good,nstxuE203653A02t025,5,4.367163446760805,tae_like,GOOD,NO_GOOD_TEMPLATE,GOOD,REVIEW,NO_GOOD_TEMPLATE,rule_survivor_policy,,,,,True,0.4379872157959102,98c3005eda218c0c5540d9c5488acb706d4bae8672a78d8477ca29089b463070,nstxuE203653A02t025/N5/egn05w.1907E+02
nstxuE203653A02t025/N6/egn06w.8881E+01,good,nstxuE203653A02t025,6,2.9800973407527875,tae_like,GOOD,NO_GOOD_TEMPLATE,GOOD,REVIEW,NO_GOOD_TEMPLATE,rule_survivor_policy,,,,,True,0.4313318105062054,426d7b2fc46a0e0b736b2b771dd8e9a929fb4aebc49f1080968df00df2e8eb36,nstxuE203653A02t025/N6/egn06w.8881E+01
nstxuE203653A02t025/N6/egn06w.9074E+01,good,nstxuE203653A02t025,6,3.0123303177534453,tae_like,GOOD,NO_GOOD_TEMPLATE,GOOD,REVIEW,NO_GOOD_TEMPLATE,rule_survivor_policy,,,,,True,0.4151995771004206,e1ac175ab2599303839c1fce0ccdf359fab778deeb690cb9c4df65ba34ca338b,nstxuE203653A02t025/N6/egn06w.9074E+01
nstxuE203653A02t025/N6/egn06w.9643E+01,good,nstxuE203653A02t025,6,3.1053729865655084,tae_like,GOOD,NO_GOOD_TEMPLATE,GOOD,REVIEW,NO_GOOD_TEMPLATE,rule_survivor_policy,,,,,True,0.4534234627918412,efce509b5b66252252bc1ab31cd34945bc21852424b2b6036568b8a33250dcb5,nstxuE203653A02t025/N6/egn06w.9643E+01
nstxuE203653A02t025/N6/egn06w.9886E+01,good,nstxuE203653A02t025,6,3.144216001482764,tae_like,GOOD,NO_GOOD_TEMPLATE,GOOD,REVIEW,NO_GOOD_TEMPLATE,rule_survivor_policy,,,,,True,0.43037916050600766,65434018dd132faf22fb035bd76359de1924e6b936f79694a5571ad7c2b93191,nstxuE203653A02t025/N6/egn06w.9886E+01
nstxuE203653A02t025/N6/egn06w.1069E+02,good,nstxuE203653A02t025,6,3.269656445089372,tae_like,GOOD,NO_GOOD_TEMPLATE,GOOD,REVIEW,NO_GOOD_TEMPLATE,rule_survivor_policy,,,,,True,0.5433271913616692,8456df8c36059dded5aa8dce1b0ba62dec1674fff571880b975798981a0e4a4c,nstxuE203653A02t025/N6/egn06w.1069E+02
nstxuE203653A02t025/N6/egn06w.1152E+02,good,nstxuE203653A02t025,6,3.393478213770574,tae_like,GOOD,NO_GOOD_TEMPLATE,GOOD,REVIEW,NO_GOOD_TEMPLATE,rule_survivor_policy,,,,,True,0.4384472491084997,11bd20ee09ddbe46045d00ea915580345b0ea3f69643e6a86e46f3ffc1d2d524,nstxuE203653A02t025/N6/egn06w.1152E+02
nstxuE203653A02t025/N6/egn06w.1193E+02,good,nstxuE203653A02t025,6,3.453754556805001,tae_like,GOOD,NO_GOOD_TEMPLATE,GOOD,REVIEW,NO_GOOD_TEMPLATE,rule_survivor_policy,,,,,True,0.4599170417975806,03f21de5879fe516a6a5c289e276cf66a9e23577ffb9e0e8c1fae438e49727fd,nstxuE203653A02t025/N6/egn06w.1193E+02
nstxuE203653A02t025/N6/egn06w.1641E+02,good,nstxuE203653A02t025,6,4.051205833931619,tae_like,GOOD,NO_GOOD_TEMPLATE,GOOD,REVIEW,NO_GOOD_TEMPLATE,rule_survivor_policy,,,,,True,0.5382131282482382,caa7ebd0e4a8e2e47c42a0a25a246fbc047e58e0f8cd0501752251cf49868bd1,nstxuE203653A02t025/N6/egn06w.1641E+02
nstxuE203653A02t025/N6/egn06w.2059E+02,good,nstxuE203653A02t025,6,4.537954998392363,tae_like,GOOD,NO_GOOD_TEMPLATE,GOOD,REVIEW,NO_GOOD_TEMPLATE,rule_survivor_policy,,,,,True,0.5257807942436981,f493b24194aa5e44549a2bb55905d4a8a7c44aed43537a525d76ea38b938e652,nstxuE203653A02t025/N6/egn06w.2059E+02
nstxuE203653A02t025/N6/egn06w.2527E+02,good,nstxuE203653A02t025,6,5.026467263364107,tae_like,GOOD,NO_GOOD_TEMPLATE,GOOD,REVIEW,NO_GOOD_TEMPLATE,rule_survivor_policy,,,,,True,0.6293564146155233,1726ca92f4463e6f027c0381bd7dfcc8e71ac605fff8e79b790c2caedfa3e8dd,nstxuE203653A02t025/N6/egn06w.2527E+02
nstxuE203653A02t025/N7/egn07w.1023E+02,good,nstxuE203653A02t025,7,3.1984891035034435,tae_like,GOOD,NO_GOOD_TEMPLATE,GOOD,REVIEW,NO_GOOD_TEMPLATE,rule_survivor_policy,,,,,True,0.40489797204368716,51524c8a2ac558caa45a2ad19b9657e0a67da8d0879eebdabe476b1cd0f7c50d,nstxuE203653A02t025/N7/egn07w.1023E+02
nstxuE203653A02t025/N7/egn07w.1059E+02,good,nstxuE203653A02t025,7,3.2547990093526344,tae_like,GOOD,NO_GOOD_TEMPLATE,GOOD,REVIEW,NO_GOOD_TEMPLATE,rule_survivor_policy,,,,,True,0.4658603007106524,7172d924f2f1dbd80984df8cdf343eadef3066b1c2e81c608e9aacd44d53ba75,nstxuE203653A02t025/N7/egn07w.1059E+02
nstxuE203653A02t025/N7/egn07w.1205E+02,good,nstxuE203653A02t025,7,3.470626492791626,tae_like,GOOD,NO_GOOD_TEMPLATE,GOOD,REVIEW,NO_GOOD_TEMPLATE,rule_survivor_policy,,,,,True,0.4298274420967008,33b8ae61adce42a1dd470e53331b8d922fed67e5c44907414578876be3e881cb,nstxuE203653A02t025/N7/egn07w.1205E+02
nstxuE203653A02t025/N7/egn07w.1389E+02,good,nstxuE203653A02t025,7,3.7272893717627102,tae_like,GOOD,NO_GOOD_TEMPLATE,GOOD,REVIEW,NO_GOOD_TEMPLATE,rule_survivor_policy,,,,,True,0.4767036114313125,1b5c385b2bad87f929f20af0ea6c64262e0f02b6d249c557bc4679ba85334d9f,nstxuE203653A02t025/N7/egn07w.1389E+02
nstxuE203653A02t025/N7/egn07w.1562E+02,good,nstxuE203653A02t025,7,3.9516122677715524,tae_like,GOOD,NO_GOOD_TEMPLATE,GOOD,REVIEW,NO_GOOD_TEMPLATE,rule_survivor_policy,,,,,True,0.6298640402033432,9390a2135c8402858436597a69e3759735d0721b880e34ed9205ae78e0a8adf0,nstxuE203653A02t025/N7/egn07w.1562E+02
nstxuE203653A02t025/N7/egn07w.1966E+02,good,nstxuE203653A02t025,7,4.434383751057722,tae_like,GOOD,NO_GOOD_TEMPLATE,GOOD,REVIEW,NO_GOOD_TEMPLATE,rule_survivor_policy,,,,,True,0.5374543198387677,86f6910a334607e3028697258f9428502acb64550445a7f923650ed7bce842b6,nstxuE203653A02t025/N7/egn07w.1966E+02
nstxuE203653A02t025/N7/egn07w.2377E+02,good,nstxuE203653A02t025,7,4.875021613481104,tae_like,GOOD,NO_GOOD_TEMPLATE,GOOD,REVIEW,NO_GOOD_TEMPLATE,rule_survivor_policy,,,,,True,0.458218475480193,d93a2b47ad41579e19664cb5f6cd89134e222336aaefb79aacb42b2acdfd04f6,nstxuE203653A02t025/N7/egn07w.2377E+02
nstxuE203653A02t025/N7/egn07w.2631E+02,good,nstxuE203653A02t025,7,5.129123221023977,tae_like,GOOD,NO_GOOD_TEMPLATE,GOOD,REVIEW,NO_GOOD_TEMPLATE,rule_survivor_policy,,,,,True,0.49181906138534526,6db6b9c47169383f51dbff4a059bab352226f295072cf2881be60a5e1a675bd5,nstxuE203653A02t025/N7/egn07w.2631E+02
nstxuE203653A02t025/N7/egn07w.2927E+02,good,nstxuE203653A02t025,7,5.410619621401971,tae_like,GOOD,NO_GOOD_TEMPLATE,GOOD,REVIEW,NO_GOOD_TEMPLATE,rule_survivor_policy,,,,,True,0.8265080472210393,2829861a812799625deac1d88837346ffe1e84c3d5535d6a416a64ad5ed7c4e6,nstxuE203653A02t025/N7/egn07w.2927E+02
nstxuE203653A02t025/N8/egn08w.9326E+01,good,nstxuE203653A02t025,8,3.053813792636788,tae_like,GOOD,NO_GOOD_TEMPLATE,GOOD,REVIEW,NO_GOOD_TEMPLATE,rule_survivor_policy,,,,,True,0.5484032579966138,431a2f67cc1391cd259ffc38809b4bef5a794c384a4c4a3c6f1b9214820bdd38,nstxuE203653A02t025/N8/egn08w.9326E+01
nstxuE203653A02t025/N8/egn08w.9528E+01,good,nstxuE203653A02t025,8,3.0866924251481715,tae_like,GOOD,NO_GOOD_TEMPLATE,GOOD,REVIEW,NO_GOOD_TEMPLATE,rule_survivor_policy,,,,,True,0.5355601599557812,3170588e54978440ba9560cc6c431b20dadf12242b7163aa89845810bb0351dd,nstxuE203653A02t025/N8/egn08w.9528E+01
nstxuE203653A02t025/N8/egn08w.9753E+01,good,nstxuE203653A02t025,8,3.1230079999781664,tae_like,GOOD,NO_GOOD_TEMPLATE,GOOD,REVIEW,NO_GOOD_TEMPLATE,rule_survivor_policy,,,,,True,0.5596414432818335,a983b63f02352272fc70c52511d7e32096f8ca572355900966b87e31be43d5e1,nstxuE203653A02t025/N8/egn08w.9753E+01
nstxuE203653A02t025/N8/egn08w.1007E+02,good,nstxuE203653A02t025,8,3.1740747816603756,tae_like,GOOD,NO_GOOD_TEMPLATE,GOOD,REVIEW,NO_GOOD_TEMPLATE,rule_survivor_policy,,,,,True,0.4829516797923126,4647a2b5378e6ecbde2b06b2466adb24136ff63900bfd01e192da6c70883df7a,nstxuE203653A02t025/N8/egn08w.1007E+02
nstxuE203653A02t025/N8/egn08w.1064E+02,good,nstxuE203653A02t025,8,3.262507955853376,tae_like,GOOD,NO_GOOD_TEMPLATE,GOOD,REVIEW,NO_GOOD_TEMPLATE,rule_survivor_policy,,,,,True,0.44608442395641235,981db80f1597acac839615a3afee50f79e06ef1e8c9243071b14228cf6b559b0,nstxuE203653A02t025/N8/egn08w.1064E+02
nstxuE203653A02t025/N8/egn08w.1118E+02,good,nstxuE203653A02t025,8,3.3441446366972998,tae_like,GOOD,NO_GOOD_TEMPLATE,GOOD,REVIEW,NO_GOOD_TEMPLATE,rule_survivor_policy,,,,,True,0.6144730810959449,b2340a7f2713f8eca1251f42b7ffcd15ae7ab007c859ea343d3ae15593fad18f,nstxuE203653A02t025/N8/egn08w.1118E+02
nstxuE203653A02t025/N8/egn08w.1242E+02,good,nstxuE203653A02t025,8,3.523653843719874,tae_like,GOOD,NO_GOOD_TEMPLATE,GOOD,REVIEW,NO_GOOD_TEMPLATE,rule_survivor_policy,,,,,True,0.5853195171420619,22b54fdc1247d7e501bae0318942de008d5095db3ff822c77c766b697766d3e3,nstxuE203653A02t025/N8/egn08w.1242E+02
nstxuE203653A02t025/N8/egn08w.1613E+02,good,nstxuE203653A02t025,8,4.0164207306004895,tae_like,GOOD,NO_GOOD_TEMPLATE,GOOD,REVIEW,NO_GOOD_TEMPLATE,rule_survivor_policy,,,,,True,0.627141901286609,3254788d585c673d731776cb506f68be33d49dd6c35740a87b4e7524ac17c74a,nstxuE203653A02t025/N8/egn08w.1613E+02
nstxuE203653A02t025/N8/egn08w.1800E+02,good,nstxuE203653A02t025,8,4.242556489598487,tae_like,GOOD,NO_GOOD_TEMPLATE,GOOD,REVIEW,NO_GOOD_TEMPLATE,rule_survivor_policy,,,,,True,0.5982289982423443,1be6d5fc29cc771befb0650bdf901212a6571ce511d241aefc21e16a4f5fb877,nstxuE203653A02t025/N8/egn08w.1800E+02
nstxuE203653A02t025/N8/egn08w.1998E+02,good,nstxuE203653A02t025,8,4.469710860077797,tae_like,GOOD,NO_GOOD_TEMPLATE,GOOD,REVIEW,NO_GOOD_TEMPLATE,rule_survivor_policy,,,,,True,0.5496368091861106,e3d2bb8100efe360b2ce546bea7d69be3475471edec120a6fe17a9987fbb4675,nstxuE203653A02t025/N8/egn08w.1998E+02
nstxuE203653A02t025/N8/egn08w.2199E+02,good,nstxuE203653A02t025,8,4.689155957499177,tae_like,GOOD,NO_GOOD_TEMPLATE,GOOD,REVIEW,NO_GOOD_TEMPLATE,rule_survivor_policy,,,,,True,0.5548708182965372,f9a5211cd1d07cc57711fb79d15a62ef8280eef9017dbc971b54fa784e503907,nstxuE203653A02t025/N8/egn08w.2199E+02
nstxuE203653A02t025/N8/egn08w.2409E+02,good,nstxuE203653A02t025,8,4.908020653501511,tae_like,GOOD,NO_GOOD_TEMPLATE,GOOD,REVIEW,NO_GOOD_TEMPLATE,rule_survivor_policy,,,,,True,0.46476926164645754,55dfce4ce48a72b9e745bf06473f579bf4565bb629b40e5c50301485cbc98d83,nstxuE203653A02t025/N8/egn08w.2409E+02
nstxuE203653A02t025/N8/egn08w.2642E+02,good,nstxuE203653A02t025,8,5.140284293220716,tae_like,GOOD,NO_GOOD_TEMPLATE,GOOD,REVIEW,NO_GOOD_TEMPLATE,rule_survivor_policy,,,,,True,0.712204601667098,ac7ab0bd02aa0be48c217cc0d6a800ec20128011466fb9bc9f4b70c3f1185880,nstxuE203653A02t025/N8/egn08w.2642E+02
nstxuE203653A02t025/N8/egn08w.3251E+02,good,nstxuE203653A02t025,8,5.701898525295165,tae_like,GOOD,NO_GOOD_TEMPLATE,GOOD,REVIEW,NO_GOOD_TEMPLATE,rule_survivor_policy,,,,,True,0.854738689989174,b70619834a08372ce05f8eb18d3ef1e41d295d9538b9034aa4f61790e4660c13,nstxuE203653A02t025/N8/egn08w.3251E+02
nstxuE203653A02t025/N9/egn09w.8612E+01,good,nstxuE203653A02t025,9,2.934671528092377,tae_like,GOOD,NO_GOOD_TEMPLATE,GOOD,REVIEW,NO_GOOD_TEMPLATE,rule_survivor_policy,,,,,True,0.5213623344212596,5354e7a2247a038a9fe56787c1d02080e24d686d2a37a15e284213771061ed99,nstxuE203653A02t025/N9/egn09w.8612E+01
nstxuE203653A02t025/N9/egn09w.8729E+01,good,nstxuE203653A02t025,9,2.9544091819362475,tae_like,GOOD,NO_GOOD_TEMPLATE,GOOD,REVIEW,NO_GOOD_TEMPLATE,rule_survivor_policy,,,,,True,0.46644481511609476,e2e69ceb4c96b3e645a3290736d18a81fc7e3772fb3d2d3f9bad394f190d73c4,nstxuE203653A02t025/N9/egn09w.8729E+01
nstxuE203653A02t025/N9/egn09w.9037E+01,good,nstxuE203653A02t025,9,3.00610886048485,tae_like,GOOD,NO_GOOD_TEMPLATE,GOOD,REVIEW,NO_GOOD_TEMPLATE,rule_survivor_policy,,,,,True,0.45815808458853796,61cc31e8a4f431ccb1708bea2d1a0e6f054ecb085db9133d56d330bc1ed9bbb6,nstxuE203653A02t025/N9/egn09w.9037E+01
nstxuE203653A02t025/N9/egn09w.9425E+01,good,nstxuE203653A02t025,9,3.0700208906316044,tae_like,GOOD,NO_GOOD_TEMPLATE,GOOD,REVIEW,NO_GOOD_TEMPLATE,rule_survivor_policy,,,,,True,0.5275531873850743,1645c56a85acabca1371b391da806d33116335870194bf5fda73bc429d00c920,nstxuE203653A02t025/N9/egn09w.9425E+01
nstxuE203653A02t025/N9/egn09w.9643E+01,good,nstxuE203653A02t025,9,3.1053936756483185,tae_like,GOOD,NO_GOOD_TEMPLATE,GOOD,REVIEW,NO_GOOD_TEMPLATE,rule_survivor_policy,,,,,True,0.45138284698255315,57009bc4b0c466bd960a5a4bdc3aad350ca13efafd7d22169ec245bd5ff71417,nstxuE203653A02t025/N9/egn09w.9643E+01
nstxuE203653A02t025/N9/egn09w.9942E+01,good,nstxuE203653A02t025,9,3.1530146425839316,tae_like,GOOD,NO_GOOD_TEMPLATE,GOOD,REVIEW,NO_GOOD_TEMPLATE,rule_survivor_policy,,,,,True,0.933673136703021,a4fa9b4ab71cc3df5dc9111a5bd55432b8978cc3431a880316c266a5faaecf14,nstxuE203653A02t025/N9/egn09w.9942E+01
nstxuE203653A02t025/N9/egn09w.1085E+02,good,nstxuE203653A02t025,9,3.2942361289864652,tae_like,GOOD,NO_GOOD_TEMPLATE,GOOD,REVIEW,NO_GOOD_TEMPLATE,rule_survivor_policy,,,,,True,0.4379322316633088,700d03827e583c04fa4691504f9848b89aa94074190088e67da3329a77599a49,nstxuE203653A02t025/N9/egn09w.1085E+02
nstxuE203653A02t025/N9/egn09w.1180E+02,good,nstxuE203653A02t025,9,3.4345782289852904,tae_like,GOOD,NO_GOOD_TEMPLATE,GOOD,REVIEW,NO_GOOD_TEMPLATE,rule_survivor_policy,,,,,True,0.6510745317276664,dd38f3e5c104e8032b818e0e81d9410632eefb544eb4b35768d5f4d0d3112691,nstxuE203653A02t025/N9/egn09w.1180E+02
nstxuE203653A02t025/N9/egn09w.1229E+02,good,nstxuE203653A02t025,9,3.5054465228891347,tae_like,GOOD,NO_GOOD_TEMPLATE,GOOD,REVIEW,NO_GOOD_TEMPLATE,rule_survivor_policy,,,,,True,0.43368005762085843,41dcabdd1b8cf580c95a5d794d0e05e4a236f40a78c8b146203c330f76418f84,nstxuE203653A02t025/N9/egn09w.1229E+02
nstxuE203653A02t025/N9/egn09w.1288E+02,good,nstxuE203653A02t025,9,3.589414575993592,tae_like,GOOD,NO_GOOD_TEMPLATE,GOOD,REVIEW,NO_GOOD_TEMPLATE,rule_survivor_policy,,,,,True,0.6781526364849848,ac657f7244558819ef0476713bb9007ed3ffb9973b40f611a78fafe023c5c065,nstxuE203653A02t025/N9/egn09w.1288E+02
nstxuE203653A02t025/N9/egn09w.1650E+02,good,nstxuE203653A02t025,9,4.06221595666927,tae_like,GOOD,NO_GOOD_TEMPLATE,GOOD,REVIEW,NO_GOOD_TEMPLATE,rule_survivor_policy,,,,,True,0.5720571864870597,1e3b2aa4ae3dc1d11e10d207af9ad239aea9ba01179ca2a3fcb1e9b677b836f5,nstxuE203653A02t025/N9/egn09w.1650E+02
nstxuE203653A02t025/N9/egn09w.1837E+02,good,nstxuE203653A02t025,9,4.28545641895353,tae_like,GOOD,NO_GOOD_TEMPLATE,GOOD,REVIEW,NO_GOOD_TEMPLATE,rule_survivor_policy,,,,,True,0.6458809452474171,d62da4de39c3a81524e02bc8a0a5c33c5f88b51012c627e35469b955b14860ac,nstxuE203653A02t025/N9/egn09w.1837E+02
nstxuE203653A02t025/N9/egn09w.2004E+02,good,nstxuE203653A02t025,9,4.476708385493747,tae_like,GOOD,NO_GOOD_TEMPLATE,GOOD,REVIEW,NO_GOOD_TEMPLATE,rule_survivor_policy,,,,,True,0.5957131337934626,d7d1e33f4d4d1245ac9fe79d40c3613c61e430d6acf06f870d8bb3d08a9658fb,nstxuE203653A02t025/N9/egn09w.2004E+02
nstxuE203653A02t025/N9/egn09w.2221E+02,good,nstxuE203653A02t025,9,4.7127068963726595,tae_like,GOOD,NO_GOOD_TEMPLATE,GOOD,REVIEW,NO_GOOD_TEMPLATE,rule_survivor_policy,,,,,True,0.543972569981998,e08b2530c67db3abc3c02bfea20f94112b553b9d816f697372461d7229c22b9e,nstxuE203653A02t025/N9/egn09w.2221E+02
nstxuE203653A02t025/N9/egn09w.2411E+02,good,nstxuE203653A02t025,9,4.910454848324564,tae_like,GOOD,NO_GOOD_TEMPLATE,GOOD,REVIEW,NO_GOOD_TEMPLATE,rule_survivor_policy,,,,,True,0.5852213934227527,5a9762d63bda63a5aa0289c14f9a2c7bedbba4cb036cd11eeccfedb6c33e9bd2,nstxuE203653A02t025/N9/egn09w.2411E+02
nstxuE203653A02t025/N9/egn09w.2630E+02,good,nstxuE203653A02t025,9,5.128281402967891,tae_like,GOOD,NO_GOOD_TEMPLATE,GOOD,REVIEW,NO_GOOD_TEMPLATE,rule_survivor_policy,,,,,True,0.5607213776801321,01fe04f6764724577b241af148f66593ffcd1f5300164d88bd49387f5c3d700f,nstxuE203653A02t025/N9/egn09w.2630E+02
nstxuE203653A02t025/N9/egn09w.2882E+02,good,nstxuE203653A02t025,9,5.368333725666802,tae_like,GOOD,NO_GOOD_TEMPLATE,GOOD,REVIEW,NO_GOOD_TEMPLATE,rule_survivor_policy,,,,,True,0.5449814940396993,219c7f18d7e5f8f310eb066d5fbd218151143011b32d9187447ed6c5d62fcdfd,nstxuE203653A02t025/N9/egn09w.2882E+02
nstxuE203653A02t025/N10/egn10w.9703E+01,good,nstxuE203653A02t025,10,3.114924959627734,tae_like,GOOD,NO_GOOD_TEMPLATE,GOOD,REVIEW,NO_GOOD_TEMPLATE,rule_survivor_policy,,,,,True,0.8387988833224818,30254a2bd73885bfa5d3a8461e1ecedd0f14a349ae08d6a5a133a18a648ade0e,nstxuE203653A02t025/N10/egn10w.9703E+01
nstxuE203653A02t025/N10/egn10w.1036E+02,good,nstxuE203653A02t025,10,3.218732834011456,tae_like,GOOD,NO_GOOD_TEMPLATE,GOOD,REVIEW,NO_GOOD_TEMPLATE,rule_survivor_policy,,,,,True,0.7034327455385165,3bc10ac1f6f79737cd774b2d300f5e2a79fe5bb9a1f714fada0f642e9c684256,nstxuE203653A02t025/N10/egn10w.1036E+02
nstxuE203653A02t025/N10/egn10w.1069E+02,good,nstxuE203653A02t025,10,3.2699275987126026,tae_like,GOOD,NO_GOOD_TEMPLATE,GOOD,REVIEW,NO_GOOD_TEMPLATE,rule_survivor_policy,,,,,True,0.48666850867684447,4f5921d8672657aaaef87b1d018db9e92b4c6b42ba86090be4533c7dd8c9043d,nstxuE203653A02t025/N10/egn10w.1069E+02
nstxuE203653A02t025/N10/egn10w.1243E+02,good,nstxuE203653A02t025,10,3.5250356503656355,tae_like,GOOD,NO_GOOD_TEMPLATE,GOOD,REVIEW,NO_GOOD_TEMPLATE,rule_survivor_policy,,,,,True,0.8714251344605198,fb2f6be6f68faa46031552eb37fe5474ed4c509031993545506a5f47569eeea3,nstxuE203653A02t025/N10/egn10w.1243E+02
nstxuE203655F01t025/N1/egn01w.8493E+01,good,nstxuE203655F01t025,1,2.9142314885035345,tae_like,GOOD,NO_GOOD_TEMPLATE,GOOD,REVIEW,NO_GOOD_TEMPLATE,rule_survivor_policy,,,,,True,0.6351283802513149,954089d2233dd5d1e5f99782a6a99341be2f51d161f793e6c6000609b1fa5325,nstxuE203655F01t025/N1/egn01w.8493E+01
nstxuE203655F01t025/N1/egn01w.8834E+01,good,nstxuE203655F01t025,1,2.972222259583196,tae_like,GOOD,NO_GOOD_TEMPLATE,GOOD,REVIEW,NO_GOOD_TEMPLATE,rule_survivor_policy,,,,,True,0.14037200148819773,12cb238a7813bc470b9d539d23b7428b38a27e9344a91e754cdc1f3495738517,nstxuE203655F01t025/N1/egn01w.8834E+01
nstxuE203655F01t025/N1/egn01w.1170E+02,good,nstxuE203655F01t025,1,3.4198736937808785,tae_like,GOOD,NO_GOOD_TEMPLATE,GOOD,REVIEW,NO_GOOD_TEMPLATE,rule_survivor_policy,,,,,True,0.13459101467060702,ca8e408999d678236bf8354bce1b424e39b3b342a519131acd7ccfa749175fcd,nstxuE203655F01t025/N1/egn01w.1170E+02
nstxuE203655F01t025/N2/egn02w.8548E+01,good,nstxuE203655F01t025,2,2.9237706698882318,tae_like,GOOD,NO_GOOD_TEMPLATE,GOOD,REVIEW,NO_GOOD_TEMPLATE,rule_survivor_policy,,,,,True,0.3525343576746464,714c59561bdb28af5a0f4b416647804763bd9804b615925c5254938523570c97,nstxuE203655F01t025/N2/egn02w.8548E+01
nstxuE203655F01t025/N2/egn02w.9029E+01,good,nstxuE203655F01t025,2,3.0048604575326654,tae_like,GOOD,NO_GOOD_TEMPLATE,GOOD,REVIEW,NO_GOOD_TEMPLATE,rule_survivor_policy,,,,,True,0.8730169859895698,e81ba0334e2e55d5c2355c2b6d6d8cc0b9e9aad5d1917767563f4a534f5e0dd5,nstxuE203655F01t025/N2/egn02w.9029E+01
nstxuE203655F01t025/N2/egn02w.1011E+02,good,nstxuE203655F01t025,2,3.1790017485995006,tae_like,GOOD,NO_GOOD_TEMPLATE,GOOD,REVIEW,NO_GOOD_TEMPLATE,rule_survivor_policy,,,,,True,0.31513759017820453,de68ce801c34ac5e9b5092513ad9ab9296c80faf4e243a0b22865d79598dbd00,nstxuE203655F01t025/N2/egn02w.1011E+02
nstxuE203655F01t025/N2/egn02w.1315E+02,good,nstxuE203655F01t025,2,3.626361614739388,tae_like,GOOD,NO_GOOD_TEMPLATE,GOOD,REVIEW,NO_GOOD_TEMPLATE,rule_survivor_policy,,,,,True,0.29123520231419675,ccb10b188065dd079d1b979d35013789aa6b22a209d3fde732d81c2d12af17c5,nstxuE203655F01t025/N2/egn02w.1315E+02
nstxuE203655F01t025/N3/egn03w.8443E+01,good,nstxuE203655F01t025,3,2.9056340426776224,tae_like,GOOD,axis spike is part of mode structure,BAD,BAD,BAD_AXIS_SPIKE,manual_override,GOOD,axis spike is part of mode structure,Elena,2026-09-14T18:44:59.392422+00:00,True,1.011312524510788,914894243980b78ffb4338edf7e0f42d8fc75353e83ce14cc0e3904d1d664213,nstxuE203655F01t025/N3/egn03w.8443E+01
nstxuE203655F01t025/N3/egn03w.9614E+01,good,nstxuE203655F01t025,3,3.100648127678733,tae_like,GOOD,NO_GOOD_TEMPLATE,GOOD,REVIEW,NO_GOOD_TEMPLATE,rule_survivor_policy,,,,,True,0.28895728716865765,a1582d47f6e5e25c24e8762aa1852ffe0f5c14e9a295bad8db312d51742572f9,nstxuE203655F01t025/N3/egn03w.9614E+01
nstxuE203655F01t025/N3/egn03w.9944E+01,good,nstxuE203655F01t025,3,3.153458819896479,tae_like,GOOD,NO_GOOD_TEMPLATE,GOOD,REVIEW,NO_GOOD_TEMPLATE,rule_survivor_policy,,,,,True,0.4521521533696673,c8f31d81e41ef838ee1ac542819f9be0a9acf169ef48c2991fe49500669912e0,nstxuE203655F01t025/N3/egn03w.9944E+01
nstxuE203655F01t025/N3/egn03w.1076E+02,good,nstxuE203655F01t025,3,3.2802265791194727,tae_like,GOOD,NO_GOOD_TEMPLATE,GOOD,REVIEW,NO_GOOD_TEMPLATE,rule_survivor_policy,,,,,True,0.25691051990301117,df98da6c956088984c63350aeffceac35dbf38b7764e2e9c0bcd0edf9b511585,nstxuE203655F01t025/N3/egn03w.1076E+02
nstxuE203655F01t025/N3/egn03w.1213E+02,good,nstxuE203655F01t025,3,3.482741681147007,tae_like,GOOD,NO_GOOD_TEMPLATE,GOOD,REVIEW,NO_GOOD_TEMPLATE,rule_survivor_policy,,,,,True,0.7262136635860206,ba26806a5f7e95bb6263ddbf2c2a16333986d6385d9109c58d78f83073571d1e,nstxuE203655F01t025/N3/egn03w.1213E+02
nstxuE203655F01t025/N3/egn03w.1452E+02,good,nstxuE203655F01t025,3,3.810079985821198,tae_like,GOOD,NO_GOOD_TEMPLATE,GOOD,REVIEW,NO_GOOD_TEMPLATE,rule_survivor_policy,,,,,True,0.47146155282226027,3f321ce3071955b9f5484a75ac0f7def123cc79072eba7d6006c553c721a8929,nstxuE203655F01t025/N3/egn03w.1452E+02
nstxuE203655F01t025/N3/egn03w.1622E+02,good,nstxuE203655F01t025,3,4.02698353891562,tae_like,GOOD,NO_GOOD_TEMPLATE,GOOD,REVIEW,NO_GOOD_TEMPLATE,rule_survivor_policy,,,,,True,0.5315043243570436,a7ad86df7e368addd694e7b0c56cfdb6e0ee5779aae94c82c05f9b58d108c2b7,nstxuE203655F01t025/N3/egn03w.1622E+02
nstxuE203655F01t025/N4/egn04w.8834E+01,good,nstxuE203655F01t025,4,2.9722179363816315,tae_like,GOOD,NO_GOOD_TEMPLATE,GOOD,REVIEW,NO_GOOD_TEMPLATE,rule_survivor_policy,,,,,True,0.348577020128457,3a481746ec9449f667151d481d5db56cd27406230782f777fef9d9da8628ad3c,nstxuE203655F01t025/N4/egn04w.8834E+01
nstxuE203655F01t025/N4/egn04w.9207E+01,good,nstxuE203655F01t025,4,3.0343077530626408,tae_like,GOOD,NO_GOOD_TEMPLATE,GOOD,REVIEW,NO_GOOD_TEMPLATE,rule_survivor_policy,,,,,True,0.32402001214830434,7528c9c3e4bfe15e7bc0e1182f105a5026c5ba5ac1526431d0e099393198f7f3,nstxuE203655F01t025/N4/egn04w.9207E+01
nstxuE203655F01t025/N4/egn04w.9681E+01,good,nstxuE203655F01t025,4,3.111395964492761,tae_like,GOOD,NO_GOOD_TEMPLATE,GOOD,REVIEW,NO_GOOD_TEMPLATE,rule_survivor_policy,,,,,True,0.3419299575095648,0b08ee487a244777397bbd15146126b81894d22c93b10abc0da6b47774ca1ae9,nstxuE203655F01t025/N4/egn04w.9681E+01
nstxuE203655F01t025/N4/egn04w.9965E+01,good,nstxuE203655F01t025,4,3.156786122392977,tae_like,GOOD,NO_GOOD_TEMPLATE,GOOD,REVIEW,NO_GOOD_TEMPLATE,rule_survivor_policy,,,,,True,0.5087253538252708,7adb5428aef1b87bc394e8ad3041ad7e83595d0c29fe283e673db9da72b022b9,nstxuE203655F01t025/N4/egn04w.9965E+01
nstxuE203655F01t025/N4/egn04w.1043E+02,good,nstxuE203655F01t025,4,3.229183158206332,tae_like,GOOD,NO_GOOD_TEMPLATE,GOOD,REVIEW,NO_GOOD_TEMPLATE,rule_survivor_policy,,,,,True,0.4353670691792178,07059d51902a6b9c2cf1d4fc6ece432a056d1c3ea1a1b216962525a260a7336c,nstxuE203655F01t025/N4/egn04w.1043E+02
nstxuE203655F01t025/N4/egn04w.1143E+02,good,nstxuE203655F01t025,4,3.380100540951524,tae_like,GOOD,NO_GOOD_TEMPLATE,GOOD,REVIEW,NO_GOOD_TEMPLATE,rule_survivor_policy,,,,,True,0.3798645317402129,6c7764ed1632f76f975e5e32286e7eb36156c8268aeb50fe37e261974c8bcddf,nstxuE203655F01t025/N4/egn04w.1143E+02
nstxuE203655F01t025/N4/egn04w.1204E+02,good,nstxuE203655F01t025,4,3.4700747973936488,tae_like,GOOD,NO_GOOD_TEMPLATE,GOOD,REVIEW,NO_GOOD_TEMPLATE,rule_survivor_policy,,,,,True,0.4273113591916441,2a16bab382f916766ff50bb9dc17aeb1c2f0ac27dbc81581bbbb164bb2ba9555,nstxuE203655F01t025/N4/egn04w.1204E+02
nstxuE203655F01t025/N4/egn04w.1417E+02,good,nstxuE203655F01t025,4,3.7642144251472764,tae_like,GOOD,NO_GOOD_TEMPLATE,GOOD,REVIEW,NO_GOOD_TEMPLATE,rule_survivor_policy,,,,,True,0.9746928840684138,67fe86d7ad7ed892b053ca85a33d04d418d04892dabcd825f310368c42c1bb12,nstxuE203655F01t025/N4/egn04w.1417E+02
nstxuE203655F01t025/N4/egn04w.1649E+02,good,nstxuE203655F01t025,4,4.0613428260843545,tae_like,GOOD,NO_GOOD_TEMPLATE,GOOD,REVIEW,NO_GOOD_TEMPLATE,rule_survivor_policy,,,,,True,0.6315454158990675,b19ec69b6a174ef561c3b418f97b6bdc953f74a9d4a8667d0ff569b836b6e79b,nstxuE203655F01t025/N4/egn04w.1649E+02
nstxuE203655F01t025/N4/egn04w.1881E+02,good,nstxuE203655F01t025,4,4.3365563066019295,tae_like,GOOD,NO_GOOD_TEMPLATE,GOOD,REVIEW,NO_GOOD_TEMPLATE,rule_survivor_policy,,,,,True,0.3281424617938351,23f3ac900778c39f15051c16154fc532f7f17e97921c82889b3769c4a1f7869d,nstxuE203655F01t025/N4/egn04w.1881E+02
nstxuE203655F01t025/N4/egn04w.2123E+02,good,nstxuE203655F01t025,4,4.608094436302449,tae_like,GOOD,NO_GOOD_TEMPLATE,GOOD,REVIEW,NO_GOOD_TEMPLATE,rule_survivor_policy,,,,,True,0.4483015311790501,faa6c7a4d27cd0cbb813e0330a1add9200daf43943fd35e96e1f5bbb381f8c59,nstxuE203655F01t025/N4/egn04w.2123E+02
nstxuE203655F01t025/N5/egn05w.9141E+01,good,nstxuE203655F01t025,5,3.0233963812993405,tae_like,GOOD,NO_GOOD_TEMPLATE,GOOD,REVIEW,NO_GOOD_TEMPLATE,rule_survivor_policy,,,,,True,0.7112363074781634,9edd4183d3fc2a10c0bfd028db42df142c61ece11f8a669121e677f5516e4793,nstxuE203655F01t025/N5/egn05w.9141E+01
nstxuE203655F01t025/N5/egn05w.1008E+02,good,nstxuE203655F01t025,5,3.174171938614566,tae_like,GOOD,NO_GOOD_TEMPLATE,GOOD,REVIEW,NO_GOOD_TEMPLATE,rule_survivor_policy,,,,,True,0.6929010369278793,589a35f24b4b95a1bf36c92e8ed30b5d2db52d16dfd85b97b7c64b0f01e0c6fc,nstxuE203655F01t025/N5/egn05w.1008E+02
nstxuE203655F01t025/N5/egn05w.1086E+02,good,nstxuE203655F01t025,5,3.296178056791284,tae_like,GOOD,NO_GOOD_TEMPLATE,GOOD,REVIEW,NO_GOOD_TEMPLATE,rule_survivor_policy,,,,,True,0.6031075555603314,3f5acbcf06f8e646bc90a50c52a04e58e25b6669c43e5e5cbf7d56c5b5b90c05,nstxuE203655F01t025/N5/egn05w.1086E+02
nstxuE203655F01t025/N5/egn05w.1299E+02,good,nstxuE203655F01t025,5,3.6046324076676513,tae_like,GOOD,NO_GOOD_TEMPLATE,GOOD,REVIEW,NO_GOOD_TEMPLATE,rule_survivor_policy,,,,,True,0.3721114077956472,d1b5ba9529075332928ac47a7991afb7dfd6ad9e4b0d7d9663ed0d03eeb0f923,nstxuE203655F01t025/N5/egn05w.1299E+02
nstxuE203655F01t025/N5/egn05w.1320E+02,good,nstxuE203655F01t025,5,3.6330877619258333,tae_like,GOOD,NO_GOOD_TEMPLATE,GOOD,REVIEW,NO_GOOD_TEMPLATE,rule_survivor_policy,,,,,True,0.3632875360012799,7445d3288cab64c902c42549132e78f585d1deb095ddc9f04cb858bc8ac570cc,nstxuE203655F01t025/N5/egn05w.1320E+02
nstxuE203655F01t025/N5/egn05w.1367E+02,good,nstxuE203655F01t025,5,3.6970292516869465,tae_like,GOOD,NO_GOOD_TEMPLATE,GOOD,REVIEW,NO_GOOD_TEMPLATE,rule_survivor_policy,,,,,True,0.22930171572436153,4833306947e54b5ea1644cf9aa101445f530c5c7c2c17611ec3eca61acdee7c5,nstxuE203655F01t025/N5/egn05w.1367E+02
nstxuE203655F01t025/N5/egn05w.1453E+02,good,nstxuE203655F01t025,5,3.811887218873073,tae_like,GOOD,NO_GOOD_TEMPLATE,GOOD,REVIEW,NO_GOOD_TEMPLATE,rule_survivor_policy,,,,,True,0.4834608490740228,ae1c92249d1b28d083b18e7738c5b98aa3ca4c7412059e190215be68f15aa587,nstxuE203655F01t025/N5/egn05w.1453E+02
nstxuE203655F01t025/N5/egn05w.1463E+02,good,nstxuE203655F01t025,5,3.8248834960327462,tae_like,GOOD,NO_GOOD_TEMPLATE,GOOD,REVIEW,NO_GOOD_TEMPLATE,rule_survivor_policy,,,,,True,0.48606703828176934,721c790afab86d0deb6ba241e36d6a30a7b66bdadcad727cabb63a968e63a52c,nstxuE203655F01t025/N5/egn05w.1463E+02
nstxuE203655F01t025/N5/egn05w.2128E+02,good,nstxuE203655F01t025,5,4.613222357321627,tae_like,GOOD,NO_GOOD_TEMPLATE,GOOD,REVIEW,NO_GOOD_TEMPLATE,rule_survivor_policy,,,,,True,0.400523987380233,1c5798b325831bc488f25ba4a45bca423a8017aa519191bac6fcd3dc34d3eb60,nstxuE203655F01t025/N5/egn05w.2128E+02
nstxuE203655F01t025/N5/egn05w.2721E+02,good,nstxuE203655F01t025,5,5.215999511561065,tae_like,GOOD,NO_GOOD_TEMPLATE,GOOD,REVIEW,NO_GOOD_TEMPLATE,rule_survivor_policy,,,,,True,0.4526546467710494,cefdd4403f0a0c8aa997650818f0119b1efe3721965ca923010c680cd8983044,nstxuE203655F01t025/N5/egn05w.2721E+02
nstxuE203655F01t025/N6/egn06w.9291E+01,good,nstxuE203655F01t025,6,3.0480690979948792,tae_like,GOOD,NO_GOOD_TEMPLATE,GOOD,REVIEW,NO_GOOD_TEMPLATE,rule_survivor_policy,,,,,True,0.36378670623804593,d8027dd56c44d7398402b4206a50d176b7ec8684653953c72a6b72c75a9bb68d,nstxuE203655F01t025/N6/egn06w.9291E+01
nstxuE203655F01t025/N6/egn06w.9619E+01,good,nstxuE203655F01t025,6,3.101456128860026,tae_like,GOOD,NO_GOOD_TEMPLATE,GOOD,REVIEW,NO_GOOD_TEMPLATE,rule_survivor_policy,,,,,True,0.3656899827806227,feb6767d363c706024afbb70432f52b4c199eaec5ec2d0f3c0e7f179930d75f9,nstxuE203655F01t025/N6/egn06w.9619E+01
nstxuE203655F01t025/N6/egn06w.1025E+02,good,nstxuE203655F01t025,6,3.2022591897885975,tae_like,GOOD,NO_GOOD_TEMPLATE,GOOD,REVIEW,NO_GOOD_TEMPLATE,rule_survivor_policy,,,,,True,0.4461442853142087,f3e5c9b1470cea543e10120f825e30e552cfcb45723975261fbadd67d11bc0a9,nstxuE203655F01t025/N6/egn06w.1025E+02
nstxuE203655F01t025/N6/egn06w.1054E+02,good,nstxuE203655F01t025,6,3.246113962783038,tae_like,GOOD,NO_GOOD_TEMPLATE,GOOD,REVIEW,NO_GOOD_TEMPLATE,rule_survivor_policy,,,,,True,0.5728092562378498,c2cb94ad2314f5225a1370b1d8400896cc239e248624460314bf84b9307a5bd4,nstxuE203655F01t025/N6/egn06w.1054E+02
nstxuE203655F01t025/N6/egn06w.1139E+02,good,nstxuE203655F01t025,6,3.374800874364566,tae_like,GOOD,NO_GOOD_TEMPLATE,GOOD,REVIEW,NO_GOOD_TEMPLATE,rule_survivor_policy,,,,,True,0.4911738688475744,220f5f60f697244a202ee3c3b1d680dc36fb268ce0314d6f8334e7e9cb191853,nstxuE203655F01t025/N6/egn06w.1139E+02
nstxuE203655F01t025/N6/egn06w.1182E+02,good,nstxuE203655F01t025,6,3.437420378862576,tae_like,GOOD,NO_GOOD_TEMPLATE,GOOD,REVIEW,NO_GOOD_TEMPLATE,rule_survivor_policy,,,,,True,0.49965353927694767,cb91f51b4ee9184a1de73686f9f82531113aba87a8a9945221c10550b9e68760,nstxuE203655F01t025/N6/egn06w.1182E+02
nstxuE203655F01t025/N6/egn06w.1264E+02,good,nstxuE203655F01t025,6,3.5548260347498752,tae_like,GOOD,NO_GOOD_TEMPLATE,GOOD,REVIEW,NO_GOOD_TEMPLATE,rule_survivor_policy,,,,,True,0.5124101127707672,f5d5b1bae46528d19e7af64a62be75599af6bf114a8865698edd0adb01e798c0,nstxuE203655F01t025/N6/egn06w.1264E+02
nstxuE203655F01t025/N6/egn06w.1403E+02,good,nstxuE203655F01t025,6,3.7455298192171336,tae_like,GOOD,NO_GOOD_TEMPLATE,GOOD,REVIEW,NO_GOOD_TEMPLATE,rule_survivor_policy,,,,,True,0.460666692822609,9a885057b77b880692a9ce004a27d5104609746c50e2d0b9a814ae616fd2ec3b,nstxuE203655F01t025/N6/egn06w.1403E+02
nstxuE203655F01t025/N6/egn06w.1540E+02,good,nstxuE203655F01t025,6,3.9246743128788473,tae_like,GOOD,NO_GOOD_TEMPLATE,GOOD,REVIEW,NO_GOOD_TEMPLATE,rule_survivor_policy,,,,,True,0.7099238486713921,de55178c6fbd2a28eced22b41e9d0e27f39e2b2933aacab5ad6b9c3b044b4cce,nstxuE203655F01t025/N6/egn06w.1540E+02
nstxuE203655F01t025/N6/egn06w.1881E+02,good,nstxuE203655F01t025,6,4.336716309264361,tae_like,GOOD,NO_GOOD_TEMPLATE,GOOD,REVIEW,NO_GOOD_TEMPLATE,rule_survivor_policy,,,,,True,0.5308967633798085,e239d51caeff16da3b6c687d27ed797765fb89f00b6d76e5a074f201315ad4fa,nstxuE203655F01t025/N6/egn06w.1881E+02
nstxuE203655F01t025/N6/egn06w.2068E+02,good,nstxuE203655F01t025,6,4.548069396841573,tae_like,GOOD,NO_GOOD_TEMPLATE,GOOD,REVIEW,NO_GOOD_TEMPLATE,rule_survivor_policy,,,,,True,0.6783076266684481,191c515f7ed03ace50fa132f0bbca3f593b9eb3e12812c22f809f1b483df588c,nstxuE203655F01t025/N6/egn06w.2068E+02
nstxuE203655F01t025/N6/egn06w.2305E+02,good,nstxuE203655F01t025,6,4.801540943890335,tae_like,GOOD,NO_GOOD_TEMPLATE,GOOD,REVIEW,NO_GOOD_TEMPLATE,rule_survivor_policy,,,,,True,0.56828623775351,88b531aef8c8053ab069110bbf949e1f4bd8573347a3b3080ac61682d95e7c48,nstxuE203655F01t025/N6/egn06w.2305E+02
nstxuE203655F01t025/N6/egn06w.2613E+02,good,nstxuE203655F01t025,6,5.111516481449667,tae_like,GOOD,NO_GOOD_TEMPLATE,GOOD,REVIEW,NO_GOOD_TEMPLATE,rule_survivor_policy,,,,,True,0.5969279563493873,696356f4dc4ca98b2f624026118c9b41feafe10328ead2f116320d7ef4dd07ac,nstxuE203655F01t025/N6/egn06w.2613E+02
nstxuE203655F01t025/N7/egn07w.9843E+01,good,nstxuE203655F01t025,7,3.137285472457166,tae_like,GOOD,NO_GOOD_TEMPLATE,GOOD,REVIEW,NO_GOOD_TEMPLATE,rule_survivor_policy,,,,,True,0.5881582990883427,2f4596230ce0ba1d52c3a4a25e025c6e5d7c0f39c30678dd74ec61d0fa10dd5d,nstxuE203655F01t025/N7/egn07w.9843E+01
nstxuE203655F01t025/N7/egn07w.1048E+02,good,nstxuE203655F01t025,7,3.2375881890803173,tae_like,GOOD,NO_GOOD_TEMPLATE,GOOD,REVIEW,NO_GOOD_TEMPLATE,rule_survivor_policy,,,,,True,0.7578900271693936,77074e8efb44fb999ed90c9c0fdb2ae0b36e8a087b5993b25051881d877f4b99,nstxuE203655F01t025/N7/egn07w.1048E+02
nstxuE203655F01t025/N7/egn07w.1053E+02,good,nstxuE203655F01t025,7,3.24450644321026,tae_like,GOOD,NO_GOOD_TEMPLATE,GOOD,REVIEW,NO_GOOD_TEMPLATE,rule_survivor_policy,,,,,True,0.8949795116919237,078623d51fa6f8674aabdce64cee191d375e85d183391de948a4e455b4889149,nstxuE203655F01t025/N7/egn07w.1053E+02
nstxuE203655F01t025/N7/egn07w.1375E+02,good,nstxuE203655F01t025,7,3.7085919699625958,tae_like,GOOD,NO_GOOD_TEMPLATE,GOOD,REVIEW,NO_GOOD_TEMPLATE,rule_survivor_policy,,,,,True,0.4726255771757882,d75770b8313eeee57974d1a244a73dd55a977ae12fbba02a24df0594ed3ffb93,nstxuE203655F01t025/N7/egn07w.1375E+02
nstxuE203655F01t025/N7/egn07w.1683E+02,good,nstxuE203655F01t025,7,4.1029495618284075,tae_like,GOOD,NO_GOOD_TEMPLATE,GOOD,REVIEW,NO_GOOD_TEMPLATE,rule_survivor_policy,,,,,True,0.6093512013456062,b2017ffa4d47ab18bae6a3177626deb932280c17eb52907fef6f567e289f869b,nstxuE203655F01t025/N7/egn07w.1683E+02
nstxuE203655F01t025/N7/egn07w.1890E+02,good,nstxuE203655F01t025,7,4.3474644521639245,tae_like,GOOD,NO_GOOD_TEMPLATE,GOOD,REVIEW,NO_GOOD_TEMPLATE,rule_survivor_policy,,,,,True,0.5766517743930893,ef05f963bd564e235bc55c9f50b0fcc741dce18fa51b90f9f80aebc5a1dfc0d2,nstxuE203655F01t025/N7/egn07w.1890E+02
nstxuE203655F01t025/N7/egn07w.2436E+02,good,nstxuE203655F01t025,7,4.9353296154187065,tae_like,GOOD,NO_GOOD_TEMPLATE,GOOD,REVIEW,NO_GOOD_TEMPLATE,rule_survivor_policy,,,,,True,0.6647130852201211,97440a572a5e7cd153a1b64445d79eaef02a472f67ea106653b51c00e9f0066b,nstxuE203655F01t025/N7/egn07w.2436E+02
nstxuE203655F01t025/N7/egn07w.2752E+02,good,nstxuE203655F01t025,7,5.245644535745321,tae_like,GOOD,NO_GOOD_TEMPLATE,GOOD,REVIEW,NO_GOOD_TEMPLATE,rule_survivor_policy,,,,,True,0.39995951995086404,45b344474ca0028598879ef1e87d5471230f6ffac7f8af26e49a96813385e608,nstxuE203655F01t025/N7/egn07w.2752E+02
nstxuE203655F01t025/N8/egn08w.9142E+01,good,nstxuE203655F01t025,8,3.0235281291666265,tae_like,GOOD,NO_GOOD_TEMPLATE,GOOD,REVIEW,NO_GOOD_TEMPLATE,rule_survivor_policy,,,,,True,0.4194641901407103,921179cd48f631556543f26212b65780f95572ab509a47c2b4e5b74daea93f48,nstxuE203655F01t025/N8/egn08w.9142E+01
nstxuE203655F01t025/N8/egn08w.1127E+02,good,nstxuE203655F01t025,8,3.3577842010697987,tae_like,GOOD,NO_GOOD_TEMPLATE,GOOD,REVIEW,NO_GOOD_TEMPLATE,rule_survivor_policy,,,,,True,0.5802677924474636,9a08218890a2005dfb2a79ef46c15b928f2a65877d7e538f4ea0038ac84f8544,nstxuE203655F01t025/N8/egn08w.1127E+02
nstxuE203655F01t025/N8/egn08w.1183E+02,good,nstxuE203655F01t025,8,3.439389806485148,tae_like,GOOD,NO_GOOD_TEMPLATE,GOOD,REVIEW,NO_GOOD_TEMPLATE,rule_survivor_policy,,,,,True,0.9861401059032836,8bb4bbb3d67a88a6ba90166e805c7351371f552c5d924b828c94aec816a656d6,nstxuE203655F01t025/N8/egn08w.1183E+02
nstxuE203655F01t025/N8/egn08w.1228E+02,good,nstxuE203655F01t025,8,3.5041449991637723,tae_like,GOOD,NO_GOOD_TEMPLATE,GOOD,REVIEW,NO_GOOD_TEMPLATE,rule_survivor_policy,,,,,True,0.4491334863160004,8e2c7d810eb9fc114e4075fe0847a44742ce52aaea475c7a9c774e17006fb2c2,nstxuE203655F01t025/N8/egn08w.1228E+02
nstxuE203655F01t025/N8/egn08w.1295E+02,good,nstxuE203655F01t025,8,3.5981030558238523,tae_like,GOOD,NO_GOOD_TEMPLATE,GOOD,REVIEW,NO_GOOD_TEMPLATE,rule_survivor_policy,,,,,True,0.4708186141846844,d507c76fad2633f91a0a7734545c89f443574b3bac37452df6dfc593ca8d4fa3,nstxuE203655F01t025/N8/egn08w.1295E+02
nstxuE203655F01t025/N8/egn08w.1437E+02,good,nstxuE203655F01t025,8,3.791323169205609,tae_like,GOOD,NO_GOOD_TEMPLATE,GOOD,REVIEW,NO_GOOD_TEMPLATE,rule_survivor_policy,,,,,True,0.4885328930059548,140f3b8ba42d5deb8f866c6f60d3cfec67f939024f53db4f70d4547c9588cae3,nstxuE203655F01t025/N8/egn08w.1437E+02
nstxuE203655F01t025/N8/egn08w.1842E+02,good,nstxuE203655F01t025,8,4.291275358480581,tae_like,GOOD,NO_GOOD_TEMPLATE,GOOD,REVIEW,NO_GOOD_TEMPLATE,rule_survivor_policy,,,,,True,0.6344055587148365,551e3947c86754f79069f251198aed4a70a762c48565833c8c7db001ce749a51,nstxuE203655F01t025/N8/egn08w.1842E+02
nstxuE203655F01t025/N8/egn08w.2033E+02,good,nstxuE203655F01t025,8,4.509088843183697,tae_like,GOOD,NO_GOOD_TEMPLATE,GOOD,REVIEW,NO_GOOD_TEMPLATE,rule_survivor_policy,,,,,True,0.6113591695073956,1f3b21679fab382c91ca0ec70460c67b92f0aee929e4fc224bef927a6a157f93,nstxuE203655F01t025/N8/egn08w.2033E+02
nstxuE203655F01t025/N8/egn08w.2244E+02,good,nstxuE203655F01t025,8,4.737312630824682,tae_like,GOOD,NO_GOOD_TEMPLATE,GOOD,REVIEW,NO_GOOD_TEMPLATE,rule_survivor_policy,,,,,True,0.6478541867971093,734018aaa82bae166452cd0c7dc44ba79a03be2165b39bda37461cd5bc134b44,nstxuE203655F01t025/N8/egn08w.2244E+02
nstxuE203655F01t025/N8/egn08w.2404E+02,good,nstxuE203655F01t025,8,4.903452626083995,tae_like,GOOD,NO_GOOD_TEMPLATE,GOOD,REVIEW,NO_GOOD_TEMPLATE,rule_survivor_policy,,,,,True,0.8605790607606245,ad2e97696cfb65b4a1d6260fe584e2ff4dc1966093fee24a2759dbd01d846b76,nstxuE203655F01t025/N8/egn08w.2404E+02
nstxuE203655F01t025/N8/egn08w.2656E+02,good,nstxuE203655F01t025,8,5.15335644488389,tae_like,GOOD,NO_GOOD_TEMPLATE,GOOD,REVIEW,NO_GOOD_TEMPLATE,rule_survivor_policy,,,,,True,0.488864644571593,fbb2172715f03e171b97199804836ccdade5aac61ded464a48585a048f4dd6b7,nstxuE203655F01t025/N8/egn08w.2656E+02
nstxuE203655F01t025/N8/egn08w.2899E+02,good,nstxuE203655F01t025,8,5.383850386438377,tae_like,GOOD,NO_GOOD_TEMPLATE,GOOD,REVIEW,NO_GOOD_TEMPLATE,rule_survivor_policy,,,,,True,0.6005915754003077,2584db57bd81bf5d7ba7c565f77d29d9f3a36ccaeeac429a1c9313973bc19101,nstxuE203655F01t025/N8/egn08w.2899E+02
nstxuE203655F01t025/N9/egn09w.1074E+02,good,nstxuE203655F01t025,9,3.2774519842472207,tae_like,GOOD,NO_GOOD_TEMPLATE,GOOD,REVIEW,NO_GOOD_TEMPLATE,rule_survivor_policy,,,,,True,0.7853469042076587,715422981578316db45b60eab3bfc2b3ca0a2a11f36498978361a45d51b710ea,nstxuE203655F01t025/N9/egn09w.1074E+02
nstxuE203655F01t025/N9/egn09w.1205E+02,good,nstxuE203655F01t025,9,3.4713964981263583,tae_like,GOOD,NO_GOOD_TEMPLATE,GOOD,REVIEW,NO_GOOD_TEMPLATE,rule_survivor_policy,,,,,True,0.511832300232201,1c4b529b7f0606b65da1266d75ca15b372f2031829dfa0392c560c0c5ba86ae9,nstxuE203655F01t025/N9/egn09w.1205E+02
nstxuE203655F01t025/N9/egn09w.1261E+02,good,nstxuE203655F01t025,9,3.5505255963998885,tae_like,GOOD,NO_GOOD_TEMPLATE,GOOD,REVIEW,NO_GOOD_TEMPLATE,rule_survivor_policy,,,,,True,0.5049533641068287,6204ec82f8d2879b208c2b99cc380b388b5ffd05b3d0190bcac2886a3aa805e4,nstxuE203655F01t025/N9/egn09w.1261E+02
nstxuE203655F01t025/N9/egn09w.1376E+02,good,nstxuE203655F01t025,9,3.709354146285548,tae_like,GOOD,NO_GOOD_TEMPLATE,GOOD,REVIEW,NO_GOOD_TEMPLATE,rule_survivor_policy,,,,,True,0.4648475925736367,322633237f58fc7845bc02b1a0056f168e7b7645d3a8476efa46fa65dc65c50b,nstxuE203655F01t025/N9/egn09w.1376E+02
nstxuE203655F01t025/N9/egn09w.1726E+02,good,nstxuE203655F01t025,9,4.154110673200387,tae_like,GOOD,NO_GOOD_TEMPLATE,GOOD,REVIEW,NO_GOOD_TEMPLATE,rule_survivor_policy,,,,,True,0.723499142127517,d7d21f4fb57350f755616840e19601d8cf6dfed3eee541140778ccb1ea9023af,nstxuE203655F01t025/N9/egn09w.1726E+02
nstxuE203655F01t025/N9/egn09w.2042E+02,good,nstxuE203655F01t025,9,4.519290592436117,tae_like,GOOD,NO_GOOD_TEMPLATE,GOOD,REVIEW,NO_GOOD_TEMPLATE,rule_survivor_policy,,,,,True,0.6628754718197133,d17440faab5092abef49e4a2f88eeb59f8323c80560a5f80427331487fd81723,nstxuE203655F01t025/N9/egn09w.2042E+02
nstxuE203655F01t025/N9/egn09w.2233E+02,good,nstxuE203655F01t025,9,4.725955743460231,tae_like,GOOD,NO_GOOD_TEMPLATE,GOOD,REVIEW,NO_GOOD_TEMPLATE,rule_survivor_policy,,,,,True,0.5925968545778162,28768f2783ecb38e94c5ee8e4964d7b1039810244fc13f2d26c587b519562713,nstxuE203655F01t025/N9/egn09w.2233E+02
nstxuE203655F01t025/N9/egn09w.2435E+02,good,nstxuE203655F01t025,9,4.934157867043566,tae_like,GOOD,NO_GOOD_TEMPLATE,GOOD,REVIEW,NO_GOOD_TEMPLATE,rule_survivor_policy,,,,,True,0.5335894828387499,33fc4eec4009278f17ccf1ecc03d1dcf1770046fb293727701e6f7b790058563,nstxuE203655F01t025/N9/egn09w.2435E+02
nstxuE203655F01t025/N9/egn09w.2849E+02,good,nstxuE203655F01t025,9,5.337800627858179,tae_like,GOOD,NO_GOOD_TEMPLATE,GOOD,REVIEW,NO_GOOD_TEMPLATE,rule_survivor_policy,,,,,True,0.5475668529655388,abd054b6a75f76b3e5b703904840e1ceec1b71b52811a0d2f87bbb7aa7eef9aa,nstxuE203655F01t025/N9/egn09w.2849E+02
nstxuE203655F01t025/N9/egn09w.3105E+02,good,nstxuE203655F01t025,9,5.572445462945334,tae_like,GOOD,NO_GOOD_TEMPLATE,GOOD,REVIEW,NO_GOOD_TEMPLATE,rule_survivor_policy,,,,,True,0.4861246365400255,459e84b99d7f08c7f5a5d9d1db5a41a9597d1de13598d816e53549bb1246e428,nstxuE203655F01t025/N9/egn09w.3105E+02
nstxuE203655F01t025/N9/egn09w.3416E+02,good,nstxuE203655F01t025,9,5.844997052416978,tae_like,GOOD,NO_GOOD_TEMPLATE,GOOD,REVIEW,NO_GOOD_TEMPLATE,rule_survivor_policy,,,,,True,0.6646025162634597,5f3a3682eda26d357da31526e86211253edcd56c7f517694fd8642ab990de9d5,nstxuE203655F01t025/N9/egn09w.3416E+02
nstxuE203655F01t025/N10/egn10w.9437E+01,good,nstxuE203655F01t025,10,3.071891229812027,tae_like,GOOD,NO_GOOD_TEMPLATE,GOOD,REVIEW,NO_GOOD_TEMPLATE,rule_survivor_policy,,,,,True,0.6281117029297917,6742e13d2ecbe2b3b18c859534839d2fc57adefa9116f74bd05d2196febb57c7,nstxuE203655F01t025/N10/egn10w.9437E+01
nstxuE203655F01t025/N10/egn10w.2052E+02,good,nstxuE203655F01t025,10,4.530121796935023,tae_like,GOOD,NO_GOOD_TEMPLATE,GOOD,REVIEW,NO_GOOD_TEMPLATE,rule_survivor_policy,,,,,True,0.5667641498064356,8a6386f1a09a7d4330eb5548c4763e90e2409fc4c3f8f217b14f53d1e4f1d1cd,nstxuE203655F01t025/N10/egn10w.2052E+02
nstxuE203655F01t025/N10/egn10w.2229E+02,good,nstxuE203655F01t025,10,4.721298653825918,tae_like,GOOD,NO_GOOD_TEMPLATE,GOOD,REVIEW,NO_GOOD_TEMPLATE,rule_survivor_policy,,,,,True,0.5069477065027962,ed38de53676f417f521223878ed40c617d2b5de2608688977c85f4ec83848023,nstxuE203655F01t025/N10/egn10w.2229E+02
nstxuE203655F01t025/N10/egn10w.2415E+02,good,nstxuE203655F01t025,10,4.9139339133665825,tae_like,GOOD,NO_GOOD_TEMPLATE,GOOD,REVIEW,NO_GOOD_TEMPLATE,rule_survivor_policy,,,,,True,0.6339601096288056,3dd9ad69b60eaeba1214c5ed0cbbdb13bc8a757dfe4f7537d9cde352793d4083,nstxuE203655F01t025/N10/egn10w.2415E+02
nstxuE203655F01t025/N10/egn10w.2602E+02,good,nstxuE203655F01t025,10,5.101340405317124,tae_like,GOOD,NO_GOOD_TEMPLATE,GOOD,REVIEW,NO_GOOD_TEMPLATE,rule_survivor_policy,,,,,True,0.5473013509796727,0f07da06c93a9745362b9bfafa33e87a39c13448f3700d02012e22d3d68e597b,nstxuE203655F01t025/N10/egn10w.2602E+02
nstxuE203656A02t030/N2/egn02w.8304E+01,good,nstxuE203656A02t030,2,2.8817083313674146,tae_like,GOOD,NO_GOOD_TEMPLATE,GOOD,REVIEW,NO_GOOD_TEMPLATE,rule_survivor_policy,,,,,True,0.43878154131985436,ec338dc99ed15c4d5372e9e1a6aac8a8b4205ea31dab2628717bd988eb9fd77c,nstxuE203656A02t030/N2/egn02w.8304E+01
nstxuE203656A02t030/N2/egn02w.8376E+01,good,nstxuE203656A02t030,2,2.894131052977596,tae_like,GOOD,NO_GOOD_TEMPLATE,GOOD,REVIEW,NO_GOOD_TEMPLATE,rule_survivor_policy,,,,,True,0.3752471372748663,43f45cd3c4f9f68ffe333258970c78f3e1191ad5986b814a775c4ddcbfaa40cb,nstxuE203656A02t030/N2/egn02w.8376E+01
nstxuE203656A02t030/N2/egn02w.8610E+01,good,nstxuE203656A02t030,2,2.9342905724640347,tae_like,GOOD,NO_GOOD_TEMPLATE,GOOD,REVIEW,NO_GOOD_TEMPLATE,rule_survivor_policy,,,,,True,0.4369623509683302,d7f1cc8774e9c1fad68b5893101c1e1c91afd6daebe60c4646ef87141cdf0d2f,nstxuE203656A02t030/N2/egn02w.8610E+01
nstxuE203656A02t030/N2/egn02w.8899E+01,good,nstxuE203656A02t030,2,2.983049443836792,tae_like,GOOD,NO_GOOD_TEMPLATE,GOOD,REVIEW,NO_GOOD_TEMPLATE,rule_survivor_policy,,,,,True,0.6125332742495999,1b35d9f968352847376bd38a921ede18067ac9d28d44430f8a8eb0d754dd9da5,nstxuE203656A02t030/N2/egn02w.8899E+01
nstxuE203656A02t030/N2/egn02w.9643E+01,good,nstxuE203656A02t030,2,3.1053481594841883,tae_like,GOOD,NO_GOOD_TEMPLATE,GOOD,REVIEW,NO_GOOD_TEMPLATE,rule_survivor_policy,,,,,True,0.397277619003684,360ad54be267b3e04802aa40e69a7ea85384f1f2b331fb9c405280847b60124b,nstxuE203656A02t030/N2/egn02w.9643E+01
nstxuE203656A02t030/N4/egn04w.8694E+01,good,nstxuE203656A02t030,4,2.94858412372853,tae_like,GOOD,NO_GOOD_TEMPLATE,GOOD,REVIEW,NO_GOOD_TEMPLATE,rule_survivor_policy,,,,,True,0.4392130646898385,821f68898c4b50d74077fb479a179a6a43d60aa4830cf7d63876b3e558349cd4,nstxuE203656A02t030/N4/egn04w.8694E+01
nstxuE203656A02t030/N4/egn04w.8833E+01,good,nstxuE203656A02t030,4,2.9720060918012843,tae_like,GOOD,NO_GOOD_TEMPLATE,GOOD,REVIEW,NO_GOOD_TEMPLATE,rule_survivor_policy,,,,,True,0.4395836106518702,139b54cf313f16b3438a273811923984ea5701e80e9b0517b055be200443df3d,nstxuE203656A02t030/N4/egn04w.8833E+01
nstxuE203656A02t030/N4/egn04w.9021E+01,good,nstxuE203656A02t030,4,3.0034746359808433,tae_like,GOOD,NO_GOOD_TEMPLATE,GOOD,REVIEW,NO_GOOD_TEMPLATE,rule_survivor_policy,,,,,True,0.33301763259560796,929cd8733675bb615a748fcaaf90b70125deccf1b8d02ea18e4733f79a468a4a,nstxuE203656A02t030/N4/egn04w.9021E+01
nstxuE203656A02t030/N5/egn05w.8496E+01,good,nstxuE203656A02t030,5,2.9147825897020625,tae_like,GOOD,NO_GOOD_TEMPLATE,GOOD,REVIEW,NO_GOOD_TEMPLATE,rule_survivor_policy,,,,,True,0.3622059612203468,f6b3dba288612218fb8d2984a535798f066b2a23aaaa354da098e86707dc3cea,nstxuE203656A02t030/N5/egn05w.8496E+01
nstxuE203656A02t030/N5/egn05w.8603E+01,good,nstxuE203656A02t030,5,2.9330203630107183,tae_like,GOOD,NO_GOOD_TEMPLATE,GOOD,REVIEW,NO_GOOD_TEMPLATE,rule_survivor_policy,,,,,True,0.34625822788533,bef747d0f8fea294799d6a7bf328ad94323b8ee9e9c188ec967422dea279dc11,nstxuE203656A02t030/N5/egn05w.8603E+01
nstxuE203656A02t030/N5/egn05w.8747E+01,good,nstxuE203656A02t030,5,2.957517271076722,tae_like,GOOD,NO_GOOD_TEMPLATE,GOOD,REVIEW,NO_GOOD_TEMPLATE,rule_survivor_policy,,,,,True,0.40191823740159544,f56d3a57b98da5965919ab6e8ffc7bc1acee1a8cf249d02ff9fdbf904997a59f,nstxuE203656A02t030/N5/egn05w.8747E+01
nstxuE203656A02t030/N5/egn05w.8941E+01,good,nstxuE203656A02t030,5,2.9900882210900255,tae_like,GOOD,NO_GOOD_TEMPLATE,GOOD,REVIEW,NO_GOOD_TEMPLATE,rule_survivor_policy,,,,,True,0.35792406802387866,b58b871dd4ff596dd7a0d8dd4b4a4cb0b5497369bf156e760a2a260d95f9c4ec,nstxuE203656A02t030/N5/egn05w.8941E+01
nstxuE203656A02t030/N6/egn06w.8675E+01,good,nstxuE203656A02t030,6,2.9453357312709385,tae_like,GOOD,NO_GOOD_TEMPLATE,GOOD,REVIEW,NO_GOOD_TEMPLATE,rule_survivor_policy,,,,,True,0.3564431490521485,ca6602ad5baf01022d9d8f64a665bf354a2f04da4680f0f79d652f19b7d01c2e,nstxuE203656A02t030/N6/egn06w.8675E+01
nstxuE203656A02t030/N6/egn06w.8822E+01,good,nstxuE203656A02t030,6,2.970254552959224,tae_like,GOOD,NO_GOOD_TEMPLATE,GOOD,REVIEW,NO_GOOD_TEMPLATE,rule_survivor_policy,,,,,True,0.33427602942580276,5d4d66b9bd555753c189bac3baf76165a3bcb845a6f7e73ed61effb0f43647ba,nstxuE203656A02t030/N6/egn06w.8822E+01
nstxuE203656A02t030/N6/egn06w.9020E+01,good,nstxuE203656A02t030,6,3.003367678731878,tae_like,GOOD,NO_GOOD_TEMPLATE,GOOD,REVIEW,NO_GOOD_TEMPLATE,rule_survivor_policy,,,,,True,0.4915785850230701,bc5a1ad7eb5f23ded3033ccf7ece18d1a51a9fe89feb10edf20ccc4065e820e2,nstxuE203656A02t030/N6/egn06w.9020E+01
nstxuE203656A02t030/N6/egn06w.9456E+01,good,nstxuE203656A02t030,6,3.074980861488366,tae_like,GOOD,NO_GOOD_TEMPLATE,GOOD,REVIEW,NO_GOOD_TEMPLATE,rule_survivor_policy,,,,,True,0.6525328430720154,8d1e04ecfb01ed4cbdf59558a3bb42eb880544f2da167d8f5bf1bdaad6ff22a1,nstxuE203656A02t030/N6/egn06w.9456E+01
nstxuE203656A02t030/N6/egn06w.9705E+01,good,nstxuE203656A02t030,6,3.115263202875607,tae_like,GOOD,NO_GOOD_TEMPLATE,GOOD,REVIEW,NO_GOOD_TEMPLATE,rule_survivor_policy,,,,,True,0.42050479324775036,149808f31149a05994aa9ee7ae3106068d2fa0cb66a94a7370b2cd298969d232,nstxuE203656A02t030/N6/egn06w.9705E+01
nstxuE203656A02t030/N7/egn07w.8735E+01,good,nstxuE203656A02t030,7,2.955552817117254,tae_like,GOOD,NO_GOOD_TEMPLATE,GOOD,REVIEW,NO_GOOD_TEMPLATE,rule_survivor_policy,,,,,True,0.3491444959955144,04842957ecdc61584f955c5f488c8885831d15fd3960c790ba504fc7eb615aa0,nstxuE203656A02t030/N7/egn07w.8735E+01
nstxuE203656A02t030/N7/egn07w.8871E+01,good,nstxuE203656A02t030,7,2.978454101769688,tae_like,GOOD,NO_GOOD_TEMPLATE,GOOD,REVIEW,NO_GOOD_TEMPLATE,rule_survivor_policy,,,,,True,0.534910059737772,a126d81be3eb307649bcaba59cfda2749a96bc5002e03c7b4f5e50e15c6ad4d5,nstxuE203656A02t030/N7/egn07w.8871E+01
nstxuE203656A02t030/N7/egn07w.9327E+01,good,nstxuE203656A02t030,7,3.0540452069054846,tae_like,GOOD,NO_GOOD_TEMPLATE,GOOD,REVIEW,NO_GOOD_TEMPLATE,rule_survivor_policy,,,,,True,0.49862130934062615,a41fa61b7dc7c8f4747069ed8807742d4ff9632ee55abed7ca2fae2700cbb7a2,nstxuE203656A02t030/N7/egn07w.9327E+01
nstxuE203656A02t030/N8/egn08w.7626E+01,good,nstxuE203656A02t030,8,2.7615063742040746,tae_like,GOOD,NO_GOOD_TEMPLATE,GOOD,REVIEW,NO_GOOD_TEMPLATE,rule_survivor_policy,,,,,True,0.9795446731967083,9f0038e27222c3fde489a1257abf3d3d4fd80cd73373b862309fb55953061a88,nstxuE203656A02t030/N8/egn08w.7626E+01
nstxuE203656A02t030/N8/egn08w.8665E+01,good,nstxuE203656A02t030,8,2.9435639572734287,tae_like,GOOD,NO_GOOD_TEMPLATE,GOOD,REVIEW,NO_GOOD_TEMPLATE,rule_survivor_policy,,,,,True,0.5126963133195199,3250763ade329f9c0539e0eeaa04675771d0262ab2b973a34b9a77e7291d9b0e,nstxuE203656A02t030/N8/egn08w.8665E+01
nstxuE203656A02t030/N8/egn08w.8896E+01,good,nstxuE203656A02t030,8,2.9825324981961296,tae_like,GOOD,NO_GOOD_TEMPLATE,GOOD,REVIEW,NO_GOOD_TEMPLATE,rule_survivor_policy,,,,,True,0.4027074800367021,de22fee432972fef46f5917877a9970c7c513281ca144426c3a483322251ff9a,nstxuE203656A02t030/N8/egn08w.8896E+01
nstxuE203656A02t030/N8/egn08w.9046E+01,good,nstxuE203656A02t030,8,3.007638729601022,tae_like,GOOD,NO_GOOD_TEMPLATE,GOOD,REVIEW,NO_GOOD_TEMPLATE,rule_survivor_policy,,,,,True,0.7802628458610519,08e6d792b4d677e9852372a08ae876fd063926044cbca74a800f90a0b2af8488,nstxuE203656A02t030/N8/egn08w.9046E+01
nstxuE203656A02t030/N8/egn08w.9333E+01,good,nstxuE203656A02t030,8,3.0549412458548195,tae_like,GOOD,NO_GOOD_TEMPLATE,GOOD,REVIEW,NO_GOOD_TEMPLATE,rule_survivor_policy,,,,,True,0.4655897753889229,53e6bcbf70b2aea3ce0c0037afadd9878c858698cba83fa69b5a7a36c0ad67e4,nstxuE203656A02t030/N8/egn08w.9333E+01
nstxuE203656A02t030/N8/egn08w.9572E+01,good,nstxuE203656A02t030,8,3.093786134158997,tae_like,GOOD,NO_GOOD_TEMPLATE,GOOD,REVIEW,NO_GOOD_TEMPLATE,rule_survivor_policy,,,,,True,0.45064151707290034,37a40f2e7575539d6a91e1c81624ccb8dd4f0f3181887181df770d6d6dde0f62,nstxuE203656A02t030/N8/egn08w.9572E+01
nstxuE203656A02t030/N8/egn08w.9900E+01,good,nstxuE203656A02t030,8,3.146373045734982,tae_like,GOOD,NO_GOOD_TEMPLATE,GOOD,REVIEW,NO_GOOD_TEMPLATE,rule_survivor_policy,,,,,True,0.3589400157454145,9f1c044437a1ac5a23080f76c96d0b3bd4b8c6257ce70e1ce17428212d7437f1,nstxuE203656A02t030/N8/egn08w.9900E+01
nstxuE203656A02t030/N8/egn08w.1226E+02,good,nstxuE203656A02t030,8,3.501096441863643,tae_like,GOOD,NO_GOOD_TEMPLATE,GOOD,REVIEW,NO_GOOD_TEMPLATE,rule_survivor_policy,,,,,True,0.4512489755156235,925c36e059740143618222bb8af0e6804f132e7f6eecf903d05b36c598bbf021,nstxuE203656A02t030/N8/egn08w.1226E+02
nstxuE203656A02t030/N9/egn09w.8722E+01,good,nstxuE203656A02t030,9,2.95337387561711,tae_like,GOOD,NO_GOOD_TEMPLATE,GOOD,REVIEW,NO_GOOD_TEMPLATE,rule_survivor_policy,,,,,True,0.3641707911828394,46b36c301e25e5b434a088f6504b56121d209f34a77be86b0a105153476664fa,nstxuE203656A02t030/N9/egn09w.8722E+01
nstxuE203656A02t030/N9/egn09w.1023E+02,good,nstxuE203656A02t030,9,3.1977297308783648,tae_like,GOOD,smooth mode structure and continuum crossing in low shear region,BAD,BAD,BAD_CONT_CROSS_WINDOW,manual_override,GOOD,smooth mode structure and continuum crossing in low shear region,Elena,2026-09-14T18:44:59.392422+00:00,True,4.618054131299856,ee1924f77596d609a6d4115a235a17c0decb5bc09567e8b7f7845ee6ef7a2b61,nstxuE203656A02t030/N9/egn09w.1023E+02
nstxuE203656A02t030/N9/egn09w.1303E+02,good,nstxuE203656A02t030,9,3.609925695628723,tae_like,GOOD,NO_GOOD_TEMPLATE,GOOD,REVIEW,NO_GOOD_TEMPLATE,rule_survivor_policy,,,,,True,0.480016226967162,6692f54c71b5031319fe16cc57b7a113093126585b7df8f503286015792c467c,nstxuE203656A02t030/N9/egn09w.1303E+02
nstxuE203656A02t030/N10/egn10w.8593E+01,good,nstxuE203656A02t030,10,2.9313156659966024,tae_like,GOOD,NO_GOOD_TEMPLATE,GOOD,REVIEW,NO_GOOD_TEMPLATE,rule_survivor_policy,,,,,True,0.5366611122089165,c028e7bf30f629989703718cd3ca52032e0d3d0cc32b83fe64f8842f37bc680a,nstxuE203656A02t030/N10/egn10w.8593E+01
nstxuE203656A02t030/N10/egn10w.8805E+01,good,nstxuE203656A02t030,10,2.967289720496103,tae_like,GOOD,NO_GOOD_TEMPLATE,GOOD,REVIEW,NO_GOOD_TEMPLATE,rule_survivor_policy,,,,,True,0.6009075491065919,971ca4af0c8d6fe3dda23893ef714073e3e021a4b43c7ea3a90f6ff51de10988,nstxuE203656A02t030/N10/egn10w.8805E+01
nstxuE203656A02t030/N10/egn10w.8898E+01,good,nstxuE203656A02t030,10,2.9829288312003985,tae_like,GOOD,NO_GOOD_TEMPLATE,GOOD,REVIEW,NO_GOOD_TEMPLATE,rule_survivor_policy,,,,,True,0.5102522625571977,30fcd11878e886b5d546d5dd61ed694a669f41dc6e8e79779d8253f632cdacb1,nstxuE203656A02t030/N10/egn10w.8898E+01
nstxuE203656A02t030/N10/egn10w.9147E+01,good,nstxuE203656A02t030,10,3.0243397394100753,tae_like,GOOD,NO_GOOD_TEMPLATE,GOOD,REVIEW,NO_GOOD_TEMPLATE,rule_survivor_policy,,,,,True,0.4552605108875389,9104eeaaa40ac4fb45dde6755b647d04c90982778112a24e42eecae62ceae02b,nstxuE203656A02t030/N10/egn10w.9147E+01
nstxuE203656A02t030/N10/egn10w.9512E+01,good,nstxuE203656A02t030,10,3.0841186970244068,tae_like,GOOD,NO_GOOD_TEMPLATE,GOOD,REVIEW,NO_GOOD_TEMPLATE,rule_survivor_policy,,,,,True,0.49772089877203896,276bc846494852e78ec20e05ed41dcd3e8dcbbc676b7799954c402d7bb163d32,nstxuE203656A02t030/N10/egn10w.9512E+01
nstxuE203656A02t030/N10/egn10w.9800E+01,good,nstxuE203656A02t030,10,3.1305571477132763,tae_like,GOOD,NO_GOOD_TEMPLATE,GOOD,REVIEW,NO_GOOD_TEMPLATE,rule_survivor_policy,,,,,True,0.4414220293108569,d0ac2c48be2f57f0462a9b29cfaea8f4208aa13cd8928bc0bf58f92632fa0aee,nstxuE203656A02t030/N10/egn10w.9800E+01
nstxuE203656A02t030/N10/egn10w.1178E+02,good,nstxuE203656A02t030,10,3.432007049669371,tae_like,GOOD,NO_GOOD_TEMPLATE,GOOD,REVIEW,NO_GOOD_TEMPLATE,rule_survivor_policy,,,,,True,0.533873008323412,1e8efef16ae219cd65283c9a711d8a1ae69c284a8475c81a11d51785424564d1,nstxuE203656A02t030/N10/egn10w.1178E+02
nstxuE203963A01t025/N2/egn02w.5137E+01,good,nstxuE203963A01t025,2,2.2664781175106463,tae_like,GOOD,NO_GOOD_TEMPLATE,GOOD,REVIEW,NO_GOOD_TEMPLATE,rule_survivor_policy,,,,,True,0.6301125499988097,674d44b9779e44c31a2ba488f7b05985d7d17390964d86d20dd75b39728f6cde,nstxuE203963A01t025/N2/egn02w.5137E+01
nstxuE203963A01t025/N3/egn03w.4451E+01,good,nstxuE203963A01t025,3,2.1096670728591085,tae_like,GOOD,NO_GOOD_TEMPLATE,GOOD,REVIEW,NO_GOOD_TEMPLATE,rule_survivor_policy,,,,,True,0.25042946684902734,931bd90ca7774513f87749d340cc0ed9ef62b59b0447b6d262992b5c57c9f788,nstxuE203963A01t025/N3/egn03w.4451E+01
nstxuE203963A01t025/N4/egn04w.4321E+01,good,nstxuE203963A01t025,4,2.078582198915411,tae_like,GOOD,NO_GOOD_TEMPLATE,GOOD,REVIEW,NO_GOOD_TEMPLATE,rule_survivor_policy,,,,,True,0.3973118741860623,de3b9efb13f37fc3902ea3cd7b2d5c5ea00127c1dca6e6dc585a7f3ec36c305b,nstxuE203963A01t025/N4/egn04w.4321E+01
nstxuE203963A01t025/N4/egn04w.4388E+01,good,nstxuE203963A01t025,4,2.0946363132894112,tae_like,GOOD,NO_GOOD_TEMPLATE,GOOD,REVIEW,NO_GOOD_TEMPLATE,rule_survivor_policy,,,,,True,0.4002876984143672,5659db8fb34bab11a1ba54ae0a17206492290ce9d86cd2f0c8622aa9f5cfc299,nstxuE203963A01t025/N4/egn04w.4388E+01
nstxuE203963A01t025/N4/egn04w.4492E+01,good,nstxuE203963A01t025,4,2.1193292781507482,tae_like,GOOD,NO_GOOD_TEMPLATE,GOOD,REVIEW,NO_GOOD_TEMPLATE,rule_survivor_policy,,,,,True,0.3472408471007586,34cbbcc545701963c4c181ecbf717bd3671264cb8f080721505cbb5e67257203,nstxuE203963A01t025/N4/egn04w.4492E+01
nstxuE203963A01t025/N4/egn04w.4643E+01,good,nstxuE203963A01t025,4,2.15474448061179,tae_like,GOOD,NO_GOOD_TEMPLATE,GOOD,REVIEW,NO_GOOD_TEMPLATE,rule_survivor_policy,,,,,True,0.3285624919042401,01a70395cf294e4102c1eea73f61433ea7c696f47a17016e3fdd68b510800739,nstxuE203963A01t025/N4/egn04w.4643E+01
nstxuE203963A01t025/N4/egn04w.4919E+01,good,nstxuE203963A01t025,4,2.2179300861811435,tae_like,GOOD,NO_GOOD_TEMPLATE,GOOD,REVIEW,NO_GOOD_TEMPLATE,rule_survivor_policy,,,,,True,0.4737051373927595,ad59fc155a9bfd88a8c4b0dff3c2974145e3cdf81e477105d1efdb6a6a93467d,nstxuE203963A01t025/N4/egn04w.4919E+01
nstxuE203963A01t025/N5/egn05w.4536E+01,good,nstxuE203963A01t025,5,2.1298195997664546,tae_like,GOOD,NO_GOOD_TEMPLATE,GOOD,REVIEW,NO_GOOD_TEMPLATE,rule_survivor_policy,,,,,True,0.3661190988442355,49421703a352b7c2df6e30c702f4777c8c10dfca7cb7c4d52876274195f5439e,nstxuE203963A01t025/N5/egn05w.4536E+01
nstxuE203963A01t025/N5/egn05w.4648E+01,good,nstxuE203963A01t025,5,2.155835498393805,tae_like,GOOD,NO_GOOD_TEMPLATE,GOOD,REVIEW,NO_GOOD_TEMPLATE,rule_survivor_policy,,,,,True,0.6487620836489894,f3d0f48d28992774a25d92bc9bc6dfde508d7b52647fe7d9e98f8a864a2d7286,nstxuE203963A01t025/N5/egn05w.4648E+01
nstxuE203963A01t025/N5/egn05w.4716E+01,good,nstxuE203963A01t025,5,2.1717149576588257,tae_like,GOOD,NO_GOOD_TEMPLATE,GOOD,REVIEW,NO_GOOD_TEMPLATE,rule_survivor_policy,,,,,True,0.6468852300846559,e6db49539492769c44fc675a6853e94b8856a49cbbc321d146cd0a7417f6cf0a,nstxuE203963A01t025/N5/egn05w.4716E+01
nstxuE203963A01t025/N6/egn06w.4648E+01,good,nstxuE203963A01t025,6,2.156014301095798,tae_like,GOOD,NO_GOOD_TEMPLATE,GOOD,REVIEW,NO_GOOD_TEMPLATE,rule_survivor_policy,,,,,True,0.8445112163028288,ea86a3f416307f5a87bbc6f31fe205386672b9178c1fe122ffbf4ec4db1b2caa,nstxuE203963A01t025/N6/egn06w.4648E+01
nstxuE203963A01t025/N6/egn06w.7633E+01,good,nstxuE203963A01t025,6,2.7627949763626094,tae_like,GOOD,NO_GOOD_TEMPLATE,GOOD,REVIEW,NO_GOOD_TEMPLATE,rule_survivor_policy,,,,,True,0.3845599117780322,08887cd33b0c75b692af183a4796bb1e08a512ee6e3218a4b7abd5f335a44011,nstxuE203963A01t025/N6/egn06w.7633E+01
nstxuE203963A01t025/N7/egn07w.4401E+01,good,nstxuE203963A01t025,7,2.0977962547000484,tae_like,GOOD,NO_GOOD_TEMPLATE,GOOD,REVIEW,NO_GOOD_TEMPLATE,rule_survivor_policy,,,,,True,0.4586739716284186,8036b176377b1beb9830299d4d7fd09c63e924f5b44e95014fb029550f85fc91,nstxuE203963A01t025/N7/egn07w.4401E+01
nstxuE203963A01t025/N7/egn07w.4458E+01,good,nstxuE203963A01t025,7,2.1114144015522474,tae_like,GOOD,NO_GOOD_TEMPLATE,GOOD,REVIEW,NO_GOOD_TEMPLATE,rule_survivor_policy,,,,,True,0.5607791917353718,5195ea740ffbd37e8dae5624bf235d1979ca766735cee761f4e5b6d538654b8d,nstxuE203963A01t025/N7/egn07w.4458E+01
nstxuE203963A01t025/N7/egn07w.4526E+01,good,nstxuE203963A01t025,7,2.1273928937222353,tae_like,GOOD,NO_GOOD_TEMPLATE,GOOD,REVIEW,NO_GOOD_TEMPLATE,rule_survivor_policy,,,,,True,0.5317094577307715,8f267e31d90812b7dd9bf029f351c69323fceaee0aa51926fcebae93e9b37214,nstxuE203963A01t025/N7/egn07w.4526E+01
nstxuE203963A01t025/N7/egn07w.4607E+01,good,nstxuE203963A01t025,7,2.146493288961304,tae_like,GOOD,NO_GOOD_TEMPLATE,GOOD,REVIEW,NO_GOOD_TEMPLATE,rule_survivor_policy,,,,,True,0.5010459547041723,aa86167b50a6fcda5c21e867f2e6ff757b227ff4f0375c4e031f20cf34823c29,nstxuE203963A01t025/N7/egn07w.4607E+01
nstxuE203963A01t025/N7/egn07w.4825E+01,good,nstxuE203963A01t025,7,2.1966178047208036,tae_like,GOOD,NO_GOOD_TEMPLATE,GOOD,REVIEW,NO_GOOD_TEMPLATE,rule_survivor_policy,,,,,True,0.5804561024364182,3c16ef033931ca2c9a04cfed44653b52c5c94e2ebfdaa3ebe869cb6c91b01811,nstxuE203963A01t025/N7/egn07w.4825E+01
nstxuE203963A01t025/N7/egn07w.4930E+01,good,nstxuE203963A01t025,7,2.220393838328277,tae_like,GOOD,NO_GOOD_TEMPLATE,GOOD,REVIEW,NO_GOOD_TEMPLATE,rule_survivor_policy,,,,,True,0.546681082926464,b8d77c462a1dfb0c6eb29b9f3794e4f1f8b53773ac26cf12f217afabf075b788,nstxuE203963A01t025/N7/egn07w.4930E+01
nstxuE203963A01t025/N7/egn07w.7007E+01,good,nstxuE203963A01t025,7,2.647055973120992,tae_like,GOOD,NO_GOOD_TEMPLATE,GOOD,REVIEW,NO_GOOD_TEMPLATE,rule_survivor_policy,,,,,True,0.5522213045854644,1f61812c785d2c9cd6a091b13a0ae50c0e87d4b243191ec77dc5f50d09ae81bc,nstxuE203963A01t025/N7/egn07w.7007E+01
nstxuE203963A01t025/N7/egn07w.7672E+01,good,nstxuE203963A01t025,7,2.7697532747746676,tae_like,GOOD,NO_GOOD_TEMPLATE,GOOD,REVIEW,NO_GOOD_TEMPLATE,rule_survivor_policy,,,,,True,0.42723751340078475,5edc283ac6620fafe5b566a5b8854ff7ddccc8f52e6ce6c1cf00fcf7d598a120,nstxuE203963A01t025/N7/egn07w.7672E+01
nstxuE203963A01t025/N9/egn09w.4707E+01,good,nstxuE203963A01t025,9,2.169583880052171,tae_like,GOOD,NO_GOOD_TEMPLATE,GOOD,REVIEW,NO_GOOD_TEMPLATE,rule_survivor_policy,,,,,True,0.48144151145173336,f66d8f91ed0a923106f56d42b474d67f909d8f8c676d51b294869b0b025c96ce,nstxuE203963A01t025/N9/egn09w.4707E+01
nstxuE203963A01t025/N9/egn09w.4873E+01,good,nstxuE203963A01t025,9,2.207436465770007,tae_like,GOOD,NO_GOOD_TEMPLATE,GOOD,REVIEW,NO_GOOD_TEMPLATE,rule_survivor_policy,,,,,True,0.5451595047034081,c949c1e40bac49e891e6d1d6b88b93c98a2e0a73e4b06566b0f3185540e5304b,nstxuE203963A01t025/N9/egn09w.4873E+01
nstxuE203963A01t025/N9/egn09w.4986E+01,good,nstxuE203963A01t025,9,2.232913524150058,tae_like,GOOD,NO_GOOD_TEMPLATE,GOOD,REVIEW,NO_GOOD_TEMPLATE,rule_survivor_policy,,,,,True,0.45593636548492705,db77e3cdf278ea266558313c0f0afda95fcfa746ab1a66acda1baf93aeb5814a,nstxuE203963A01t025/N9/egn09w.4986E+01
nstxuE203963A01t025/N9/egn09w.5131E+01,good,nstxuE203963A01t025,9,2.2650631676338984,tae_like,GOOD,NO_GOOD_TEMPLATE,GOOD,REVIEW,NO_GOOD_TEMPLATE,rule_survivor_policy,,,,,True,0.6313104422785415,79a8b51c01ac49188e84475e9853b042ecc252730511706fb4a4ce3d044c6c61,nstxuE203963A01t025/N9/egn09w.5131E+01
nstxuE203963A01t025/N9/egn09w.7709E+01,good,nstxuE203963A01t025,9,2.776569187230936,tae_like,GOOD,NO_GOOD_TEMPLATE,GOOD,REVIEW,NO_GOOD_TEMPLATE,rule_survivor_policy,,,,,True,0.561058020154954,555a9e61388cc6c19de39612cba52d3d977e9471e8314085659f88a6e2b18113,nstxuE203963A01t025/N9/egn09w.7709E+01
nstxuE203963A01t025/N10/egn10w.6769E+01,good,nstxuE203963A01t025,10,2.6016628862803652,tae_like,GOOD,NO_GOOD_TEMPLATE,GOOD,REVIEW,NO_GOOD_TEMPLATE,rule_survivor_policy,,,,,True,0.5077602445749487,ab1b9d5e3dc1e6e90b0765062247cec50051d68b011ff0c069d8b750d4b00844,nstxuE203963A01t025/N10/egn10w.6769E+01
nstxuE203963A01t025/N10/egn10w.9803E+01,good,nstxuE203963A01t025,10,3.1310455502378867,tae_like,GOOD,NO_GOOD_TEMPLATE,GOOD,REVIEW,NO_GOOD_TEMPLATE,rule_survivor_policy,,,,,True,0.47168345472126616,8baf1940eec47949f413ca7e8573d56c546b77f3737711761889b3c8a00fb701,nstxuE203963A01t025/N10/egn10w.9803E+01
nstxuE203981A01t025/N2/egn02w.7548E+01,good,nstxuE203981A01t025,2,2.7474321706044655,tae_like,GOOD,NO_GOOD_TEMPLATE,GOOD,REVIEW,NO_GOOD_TEMPLATE,rule_survivor_policy,,,,,True,0.9410565717905295,60d849dee1baff2cfa57e5d83a0bcf08e94f21e5f34a2d32eee4b4c5154b0126,nstxuE203981A01t025/N2/egn02w.7548E+01
nstxuE203981A01t025/N3/egn03w.6660E+01,good,nstxuE203981A01t025,3,2.580626776586047,tae_like,GOOD,NO_GOOD_TEMPLATE,GOOD,REVIEW,NO_GOOD_TEMPLATE,rule_survivor_policy,,,,,True,0.9275518808899347,649b0cfcac7d9bf83c2472ae0f7916c312894984de726e636fb697b66c7387d2,nstxuE203981A01t025/N3/egn03w.6660E+01
nstxuE203981A01t025/N3/egn03w.6964E+01,good,nstxuE203981A01t025,3,2.6389515095774896,tae_like,GOOD,NO_GOOD_TEMPLATE,GOOD,REVIEW,NO_GOOD_TEMPLATE,rule_survivor_policy,,,,,True,0.3618856717235025,8d154f9a6cbaccfe89f712ff0efc3bb9b90f71a1d3445242e05c39f1438b118f,nstxuE203981A01t025/N3/egn03w.6964E+01
nstxuE203981A01t025/N3/egn03w.7591E+01,good,nstxuE203981A01t025,3,2.7551849110203968,tae_like,GOOD,NO_GOOD_TEMPLATE,GOOD,REVIEW,NO_GOOD_TEMPLATE,rule_survivor_policy,,,,,True,0.3174988829630047,682b91fdfbdd7da64c81ae1792b6b64ec17df6a44f195dedccd07732a48abcb1,nstxuE203981A01t025/N3/egn03w.7591E+01
nstxuE203981A01t025/N3/egn03w.1128E+02,good,nstxuE203981A01t025,3,3.358966468427414,tae_like,GOOD,NO_GOOD_TEMPLATE,GOOD,REVIEW,NO_GOOD_TEMPLATE,rule_survivor_policy,,,,,True,0.5654660109005643,342d4eff9fd53afe63d4bf52555a2a5cd634f05d13924c5b0b78dc0d60215c0c,nstxuE203981A01t025/N3/egn03w.1128E+02
nstxuE203981A01t025/N4/egn04w.7088E+01,good,nstxuE203981A01t025,4,2.6623802133604837,tae_like,GOOD,NO_GOOD_TEMPLATE,GOOD,REVIEW,NO_GOOD_TEMPLATE,rule_survivor_policy,,,,,True,0.44396994874224266,7eb9cd00dfe98a0f176b604dc43eb8bc55ccdebbe82f93df2e1a750253a6159b,nstxuE203981A01t025/N4/egn04w.7088E+01
nstxuE203981A01t025/N4/egn04w.7436E+01,good,nstxuE203981A01t025,4,2.726917462002172,tae_like,GOOD,NO_GOOD_TEMPLATE,GOOD,REVIEW,NO_GOOD_TEMPLATE,rule_survivor_policy,,,,,True,0.35899296112652124,fc67ad8d6259ee44320f583a5ce9e85c28a2689efb889b252f24bfb5594acc30,nstxuE203981A01t025/N4/egn04w.7436E+01
nstxuE203981A01t025/N4/egn04w.7965E+01,good,nstxuE203981A01t025,4,2.8222951689288642,tae_like,GOOD,NO_GOOD_TEMPLATE,GOOD,REVIEW,NO_GOOD_TEMPLATE,rule_survivor_policy,,,,,True,0.4693990444465248,d9cf246a26969306cc5ec42a247ee0593c9bdba498cf3f9d6467322bb763cfa0,nstxuE203981A01t025/N4/egn04w.7965E+01
nstxuE203981A01t025/N4/egn04w.8236E+01,good,nstxuE203981A01t025,4,2.8698005221629215,tae_like,GOOD,NO_GOOD_TEMPLATE,GOOD,REVIEW,NO_GOOD_TEMPLATE,rule_survivor_policy,,,,,True,0.5371899277893829,8e9cff7e0c20d58e1d6ccccb6b03599b37cb13fa6f05d476b3b9fdeae4dded55,nstxuE203981A01t025/N4/egn04w.8236E+01
nstxuE203981A01t025/N5/egn05w.6876E+01,good,nstxuE203981A01t025,5,2.6222901700650394,tae_like,GOOD,NO_GOOD_TEMPLATE,GOOD,REVIEW,NO_GOOD_TEMPLATE,rule_survivor_policy,,,,,True,0.5223967135707956,fc3102a0168bcbb72523f47c7eb8d5a5875787a5e715c95125df5b162df16a7a,nstxuE203981A01t025/N5/egn05w.6876E+01
nstxuE203981A01t025/N5/egn05w.7446E+01,good,nstxuE203981A01t025,5,2.7286650909288857,tae_like,GOOD,NO_GOOD_TEMPLATE,GOOD,REVIEW,NO_GOOD_TEMPLATE,rule_survivor_policy,,,,,True,0.4074362849057954,16e51cc54fdf1346b35274a956f33da57a8bfc8982c3fd671896b18db4c98388,nstxuE203981A01t025/N5/egn05w.7446E+01
nstxuE203981A01t025/N5/egn05w.7721E+01,good,nstxuE203981A01t025,5,2.778581566591836,tae_like,GOOD,NO_GOOD_TEMPLATE,GOOD,REVIEW,NO_GOOD_TEMPLATE,rule_survivor_policy,,,,,True,0.5137215575728874,7c6f016434bb88fcb98248a39dfddcbcf3202f617a9451f59c225024c16632c9,nstxuE203981A01t025/N5/egn05w.7721E+01
nstxuE203981A01t025/N5/egn05w.1442E+02,good,nstxuE203981A01t025,5,3.7972293125781365,tae_like,GOOD,NO_GOOD_TEMPLATE,GOOD,REVIEW,NO_GOOD_TEMPLATE,rule_survivor_policy,,,,,True,0.3705914491865352,959ece1a7f3f6d0fb77e70877e02aa9f460e8e59197725753442ca5e66bd085f,nstxuE203981A01t025/N5/egn05w.1442E+02
nstxuE203981A01t025/N5/egn05w.1594E+02,good,nstxuE203981A01t025,5,3.9929915215435177,tae_like,GOOD,NO_GOOD_TEMPLATE,GOOD,REVIEW,NO_GOOD_TEMPLATE,rule_survivor_policy,,,,,True,0.40370145186660744,f77097d050f858f4c321e39bf3eeddb48723a477eb75e1f177daa59c4c096f2f,nstxuE203981A01t025/N5/egn05w.1594E+02
nstxuE203981A01t025/N6/egn06w.6085E+01,good,nstxuE203981A01t025,6,2.4668362106580584,tae_like,GOOD,NO_GOOD_TEMPLATE,GOOD,REVIEW,NO_GOOD_TEMPLATE,rule_survivor_policy,,,,,True,0.4081328716091023,236942e8e0ac387d6775a0f13940a70ea6282a8e0cb0813873630daea69fe9c6,nstxuE203981A01t025/N6/egn06w.6085E+01
nstxuE203981A01t025/N6/egn06w.6196E+01,good,nstxuE203981A01t025,6,2.489110483934683,tae_like,GOOD,NO_GOOD_TEMPLATE,GOOD,REVIEW,NO_GOOD_TEMPLATE,rule_survivor_policy,,,,,True,0.43570817090803776,ff1ab38469beb8a1e2a9c8c337a63482b9ecaa82e8cc31ca08cba851f6034f38,nstxuE203981A01t025/N6/egn06w.6196E+01
nstxuE203981A01t025/N6/egn06w.6282E+01,good,nstxuE203981A01t025,6,2.506447022295835,tae_like,GOOD,NO_GOOD_TEMPLATE,GOOD,REVIEW,NO_GOOD_TEMPLATE,rule_survivor_policy,,,,,True,0.42023943974973565,8bbe93917427cf161b50c3f8605ac22a20c3c720e86dc30d373c3cc60f63ca07,nstxuE203981A01t025/N6/egn06w.6282E+01
nstxuE203981A01t025/N6/egn06w.6385E+01,good,nstxuE203981A01t025,6,2.526849804035571,tae_like,GOOD,NO_GOOD_TEMPLATE,GOOD,REVIEW,NO_GOOD_TEMPLATE,rule_survivor_policy,,,,,True,0.40862666427653743,d89145ec0406be8ca3721643b057da0a73550bf2997f479817ce557563e5d669,nstxuE203981A01t025/N6/egn06w.6385E+01
nstxuE203981A01t025/N6/egn06w.6523E+01,good,nstxuE203981A01t025,6,2.553984869374409,tae_like,GOOD,NO_GOOD_TEMPLATE,GOOD,REVIEW,NO_GOOD_TEMPLATE,rule_survivor_policy,,,,,True,0.7109964033019585,751229f68945d3c27aafbbf4f32d31753e3ff263d053e7c3fbb916007799f9ba,nstxuE203981A01t025/N6/egn06w.6523E+01
nstxuE203981A01t025/N6/egn06w.6735E+01,good,nstxuE203981A01t025,6,2.595179833383167,tae_like,GOOD,NO_GOOD_TEMPLATE,GOOD,REVIEW,NO_GOOD_TEMPLATE,rule_survivor_policy,,,,,True,0.48954271693520585,13ab51db185c6cc968dd9fcae84cce7c6e003bcb2c401b48561c952a4f9fa56b,nstxuE203981A01t025/N6/egn06w.6735E+01
nstxuE203981A01t025/N6/egn06w.6926E+01,good,nstxuE203981A01t025,6,2.63174991734912,tae_like,GOOD,NO_GOOD_TEMPLATE,GOOD,REVIEW,NO_GOOD_TEMPLATE,rule_survivor_policy,,,,,True,0.6263820447269843,33b5f42294e1a7d9c151daf38ab8926815ee882bd243d9d66a5e30ec6148bef4,nstxuE203981A01t025/N6/egn06w.6926E+01
nstxuE203981A01t025/N6/egn06w.7150E+01,good,nstxuE203981A01t025,6,2.674010380920339,tae_like,GOOD,NO_GOOD_TEMPLATE,GOOD,REVIEW,NO_GOOD_TEMPLATE,rule_survivor_policy,,,,,True,0.4138712350841614,4bb86013503eb6202e7bff4ac5b4608ab4116b178d68651ec7efc6d8b2ce7338,nstxuE203981A01t025/N6/egn06w.7150E+01
nstxuE203981A01t025/N6/egn06w.7522E+01,good,nstxuE203981A01t025,6,2.7426247730156614,tae_like,GOOD,NO_GOOD_TEMPLATE,GOOD,REVIEW,NO_GOOD_TEMPLATE,rule_survivor_policy,,,,,True,0.38958236515021066,23aebb84c7b7bba8b79001b151d57aa7087c0b95099220d1b515e8ccedd18969,nstxuE203981A01t025/N6/egn06w.7522E+01
nstxuE203981A01t025/N6/egn06w.7731E+01,good,nstxuE203981A01t025,6,2.780379908991281,tae_like,GOOD,NO_GOOD_TEMPLATE,GOOD,REVIEW,NO_GOOD_TEMPLATE,rule_survivor_policy,,,,,True,0.46805346986199514,236cfb8c3fc8be389e82a17eddbdc46dacc83a29c9ef00de949fc960217cc2ec,nstxuE203981A01t025/N6/egn06w.7731E+01
nstxuE203981A01t025/N6/egn06w.8046E+01,good,nstxuE203981A01t025,6,2.8364645144284526,tae_like,GOOD,NO_GOOD_TEMPLATE,GOOD,REVIEW,NO_GOOD_TEMPLATE,rule_survivor_policy,,,,,True,0.44028136141543095,72364eab61e58f8319810cab2de115ae00018e5be33585ac9abaa7c427aa0945,nstxuE203981A01t025/N6/egn06w.8046E+01
nstxuE203981A01t025/N6/egn06w.8658E+01,good,nstxuE203981A01t025,6,2.9423763591662198,tae_like,GOOD,NO_GOOD_TEMPLATE,GOOD,REVIEW,NO_GOOD_TEMPLATE,rule_survivor_policy,,,,,True,0.47556679832885534,e89b69a4956d07d959fff10e98632657af4b2dcf445d05a189db4d1222a00016,nstxuE203981A01t025/N6/egn06w.8658E+01
nstxuE203981A01t025/N6/egn06w.1359E+02,good,nstxuE203981A01t025,6,3.6867618853152364,tae_like,GOOD,NO_GOOD_TEMPLATE,GOOD,REVIEW,NO_GOOD_TEMPLATE,rule_survivor_policy,,,,,True,0.545990378119782,b569df41ee0051db552d0870f2ffb5176a3023d6b31bcbcc0f99f5af5c64b290,nstxuE203981A01t025/N6/egn06w.1359E+02
nstxuE203981A01t025/N6/egn06w.1540E+02,good,nstxuE203981A01t025,6,3.923829521879909,tae_like,GOOD,NO_GOOD_TEMPLATE,GOOD,REVIEW,NO_GOOD_TEMPLATE,rule_survivor_policy,,,,,True,0.8331318208180634,f7b9662518610c4b24d8b8a131cd4a21a750c8cabf578772f5ebb8a9ddf0128d,nstxuE203981A01t025/N6/egn06w.1540E+02
nstxuE203981A01t025/N6/egn06w.1690E+02,good,nstxuE203981A01t025,6,4.110496457442186,tae_like,GOOD,NO_GOOD_TEMPLATE,GOOD,REVIEW,NO_GOOD_TEMPLATE,rule_survivor_policy,,,,,True,0.4182428554299403,56896f6f4107ae2038bacac89d6f485749f522a36827806976497d9581acb245,nstxuE203981A01t025/N6/egn06w.1690E+02
nstxuE203981A01t025/N7/egn07w.6776E+01,good,nstxuE203981A01t025,7,2.603010872900992,tae_like,GOOD,NO_GOOD_TEMPLATE,GOOD,REVIEW,NO_GOOD_TEMPLATE,rule_survivor_policy,,,,,True,0.4425448163553035,1111281df38b374b24bb5d60b400882fcc526bdf7606989084988240f09740f4,nstxuE203981A01t025/N7/egn07w.6776E+01
nstxuE203981A01t025/N7/egn07w.7139E+01,good,nstxuE203981A01t025,7,2.6718855801575687,tae_like,GOOD,NO_GOOD_TEMPLATE,GOOD,REVIEW,NO_GOOD_TEMPLATE,rule_survivor_policy,,,,,True,0.4744941152288242,d2d67ea7e51a9943db9cf41750e8b3760ec02e1747de06c70306327833d98484,nstxuE203981A01t025/N7/egn07w.7139E+01
nstxuE203981A01t025/N7/egn07w.7387E+01,good,nstxuE203981A01t025,7,2.71797809293072,tae_like,GOOD,NO_GOOD_TEMPLATE,GOOD,REVIEW,NO_GOOD_TEMPLATE,rule_survivor_policy,,,,,True,0.5220349526808741,ce08d18dfc2b5dba1f6e376439f8ec75224cd169b9ecca6a760182e038e0395b,nstxuE203981A01t025/N7/egn07w.7387E+01
nstxuE203981A01t025/N7/egn07w.7573E+01,good,nstxuE203981A01t025,7,2.751904338392683,tae_like,GOOD,NO_GOOD_TEMPLATE,GOOD,REVIEW,NO_GOOD_TEMPLATE,rule_survivor_policy,,,,,True,0.6042961384559727,4d395a7073108cec9878e099490d15e035c07e5ce061e83efbc832d042131f69,nstxuE203981A01t025/N7/egn07w.7573E+01
nstxuE203981A01t025/N7/egn07w.7799E+01,good,nstxuE203981A01t025,7,2.792618416333212,tae_like,GOOD,NO_GOOD_TEMPLATE,GOOD,REVIEW,NO_GOOD_TEMPLATE,rule_survivor_policy,,,,,True,0.3809587177779053,7f33f9551997259e0311287f5df49a820f5d3fd284392b8a04ee595ed427822b,nstxuE203981A01t025/N7/egn07w.7799E+01
nstxuE203981A01t025/N7/egn07w.8178E+01,good,nstxuE203981A01t025,7,2.8597668339520914,tae_like,GOOD,NO_GOOD_TEMPLATE,GOOD,REVIEW,NO_GOOD_TEMPLATE,rule_survivor_policy,,,,,True,0.40142948476061924,d407342fe392f15e77ed87e36a23a7b3d19ab92fdd4378f4c53053e3bcb68e37,nstxuE203981A01t025/N7/egn07w.8178E+01
nstxuE203981A01t025/N7/egn07w.8508E+01,good,nstxuE203981A01t025,7,2.9167833133786174,tae_like,GOOD,NO_GOOD_TEMPLATE,GOOD,REVIEW,NO_GOOD_TEMPLATE,rule_survivor_policy,,,,,True,0.5188865268737674,2eadbf771f0942c98edcfd7fc794ba89c9ec1a70596c0554f6521d58e060e004,nstxuE203981A01t025/N7/egn07w.8508E+01
nstxuE203981A01t025/N7/egn07w.9289E+01,good,nstxuE203981A01t025,7,3.0478456618493572,tae_like,GOOD,NO_GOOD_TEMPLATE,GOOD,REVIEW,NO_GOOD_TEMPLATE,rule_survivor_policy,,,,,True,0.5167789692596377,c6273e36e85eb2bf5e5b9900faa18bd26e353a92890c9774f0dda465db22d09f,nstxuE203981A01t025/N7/egn07w.9289E+01
nstxuE203981A01t025/N7/egn07w.1008E+02,good,nstxuE203981A01t025,7,3.1753699632929213,tae_like,GOOD,NO_GOOD_TEMPLATE,GOOD,REVIEW,NO_GOOD_TEMPLATE,rule_survivor_policy,,,,,True,0.6477132971985299,ea4a1461413ace8dc84dafa994319a9419b6b020c6d5765a8e0f3508c8cde359,nstxuE203981A01t025/N7/egn07w.1008E+02
nstxuE203981A01t025/N7/egn07w.1114E+02,good,nstxuE203981A01t025,7,3.33713645947804,tae_like,GOOD,NO_GOOD_TEMPLATE,GOOD,REVIEW,NO_GOOD_TEMPLATE,rule_survivor_policy,,,,,True,0.5955689072797896,87bb84fa94a6ce42695dbd14e113f45f96be22b1b37fa2fb7e42570a1e71fab2,nstxuE203981A01t025/N7/egn07w.1114E+02
nstxuE203981A01t025/N7/egn07w.1411E+02,good,nstxuE203981A01t025,7,3.7564096811229484,tae_like,GOOD,NO_GOOD_TEMPLATE,GOOD,REVIEW,NO_GOOD_TEMPLATE,rule_survivor_policy,,,,,True,0.5783566841302492,815f16f644bb1ce24e04692d892c707abf1215d1adaf91d863bd75edc8f0da5c,nstxuE203981A01t025/N7/egn07w.1411E+02
nstxuE203981A01t025/N7/egn07w.1743E+02,good,nstxuE203981A01t025,7,4.175479236007402,tae_like,GOOD,NO_GOOD_TEMPLATE,GOOD,REVIEW,NO_GOOD_TEMPLATE,rule_survivor_policy,,,,,True,0.47777927061931735,82defec9d41fcad52361c54ca6dae2c311f1309ce7dee33fb35f9a6bb46b8267,nstxuE203981A01t025/N7/egn07w.1743E+02
nstxuE203981A01t025/N7/egn07w.1920E+02,good,nstxuE203981A01t025,7,4.38207311229664,tae_like,GOOD,NO_GOOD_TEMPLATE,GOOD,REVIEW,NO_GOOD_TEMPLATE,rule_survivor_policy,,,,,True,0.9247771502715828,052a302a2752779363ccfe02720a0f71995fef43fc1b50438d0488e18a461a31,nstxuE203981A01t025/N7/egn07w.1920E+02
nstxuE203981A01t025/N8/egn08w.6815E+01,good,nstxuE203981A01t025,8,2.6104738861673824,tae_like,GOOD,NO_GOOD_TEMPLATE,GOOD,REVIEW,NO_GOOD_TEMPLATE,rule_survivor_policy,,,,,True,0.5717497058442921,613f57bc95131576aabe1c594a12e5790acbc8db7085747ffcbb57dff5f11815,nstxuE203981A01t025/N8/egn08w.6815E+01
nstxuE203981A01t025/N8/egn08w.7168E+01,good,nstxuE203981A01t025,8,2.67737679931186,tae_like,GOOD,NO_GOOD_TEMPLATE,GOOD,REVIEW,NO_GOOD_TEMPLATE,rule_survivor_policy,,,,,True,0.5410623239493574,313cef70768d430ddd0d6130b8f0005d26991777927945646c685cb7140257e0,nstxuE203981A01t025/N8/egn08w.7168E+01
nstxuE203981A01t025/N8/egn08w.7455E+01,good,nstxuE203981A01t025,8,2.7303833647047764,tae_like,GOOD,NO_GOOD_TEMPLATE,GOOD,REVIEW,NO_GOOD_TEMPLATE,rule_survivor_policy,,,,,True,0.5100669122171846,0cc17f53ca689324607be3fb00f005cae736e3cf6442f45947d013888596126f,nstxuE203981A01t025/N8/egn08w.7455E+01
nstxuE203981A01t025/N8/egn08w.7883E+01,good,nstxuE203981A01t025,8,2.807747721150352,tae_like,GOOD,NO_GOOD_TEMPLATE,GOOD,REVIEW,NO_GOOD_TEMPLATE,rule_survivor_policy,,,,,True,0.6910871242483723,dcc2889d1fe64a533f760d84ee91e0ca46d072694b64fb552af19d068124c36d,nstxuE203981A01t025/N8/egn08w.7883E+01
nstxuE203981A01t025/N8/egn08w.8070E+01,good,nstxuE203981A01t025,8,2.8408100947165433,tae_like,GOOD,NO_GOOD_TEMPLATE,GOOD,REVIEW,NO_GOOD_TEMPLATE,rule_survivor_policy,,,,,True,0.6041751497149372,007106687c870eff4b50b1041fed629a4587fef2771e926c37cba730f05180b1,nstxuE203981A01t025/N8/egn08w.8070E+01
nstxuE203981A01t025/N8/egn08w.8327E+01,good,nstxuE203981A01t025,8,2.885691914400344,tae_like,GOOD,NO_GOOD_TEMPLATE,GOOD,REVIEW,NO_GOOD_TEMPLATE,rule_survivor_policy,,,,,True,0.42311761989372043,603a35f5127cd8f8b0d05a5cd1c7850303fa7d09bb0f6f6d91abf7b929f39270,nstxuE203981A01t025/N8/egn08w.8327E+01
nstxuE203981A01t025/N8/egn08w.9768E+01,good,nstxuE203981A01t025,8,3.125335919445299,tae_like,GOOD,NO_GOOD_TEMPLATE,GOOD,REVIEW,NO_GOOD_TEMPLATE,rule_survivor_policy,,,,,True,0.5323453219585176,3df70e9844571d9d9b088902e6e427ba3d8d18c8845750a7285d04c4f1d48eaa,nstxuE203981A01t025/N8/egn08w.9768E+01
nstxuE203981A01t025/N8/egn08w.1427E+02,good,nstxuE203981A01t025,8,3.777014129164451,tae_like,GOOD,NO_GOOD_TEMPLATE,GOOD,REVIEW,NO_GOOD_TEMPLATE,rule_survivor_policy,,,,,True,0.547914215860505,a9f166f69a1becc63bbd52937f6380039632724bad7c57bce261671aa361f33e,nstxuE203981A01t025/N8/egn08w.1427E+02
nstxuE203981A01t025/N8/egn08w.1603E+02,good,nstxuE203981A01t025,8,4.003385055134099,tae_like,GOOD,NO_GOOD_TEMPLATE,GOOD,REVIEW,NO_GOOD_TEMPLATE,rule_survivor_policy,,,,,True,0.6129573862199819,645b7e513c4b381e190f42d840ebe03f56120ec596448eb9f2e33e51b25eb4a9,nstxuE203981A01t025/N8/egn08w.1603E+02
nstxuE203981A01t025/N8/egn08w.1920E+02,good,nstxuE203981A01t025,8,4.381222665843106,tae_like,GOOD,NO_GOOD_TEMPLATE,GOOD,REVIEW,NO_GOOD_TEMPLATE,rule_survivor_policy,,,,,True,0.6622283066302478,6425a70602c2bac242fb439937575cf945759531284120a7197cdcbfb976f5e0,nstxuE203981A01t025/N8/egn08w.1920E+02
nstxuE203981A01t025/N9/egn09w.6118E+01,good,nstxuE203981A01t025,9,2.4735569561289297,tae_like,GOOD,NO_GOOD_TEMPLATE,GOOD,REVIEW,NO_GOOD_TEMPLATE,rule_survivor_policy,,,,,True,0.940176943582331,3292c25d02266bf1be30a90426eccd4d7a43d67cd3dabb9ce8330e0b21471a19,nstxuE203981A01t025/N9/egn09w.6118E+01
nstxuE203981A01t025/N9/egn09w.6369E+01,good,nstxuE203981A01t025,9,2.5237586615326717,tae_like,GOOD,NO_GOOD_TEMPLATE,GOOD,REVIEW,NO_GOOD_TEMPLATE,rule_survivor_policy,,,,,True,0.9951265477743695,93704bf1c2cd14dd26c1b9087fc5bacd937c98d14546a4ebe5fdf5a78e3fd5aa,nstxuE203981A01t025/N9/egn09w.6369E+01
nstxuE203981A01t025/N9/egn09w.6697E+01,good,nstxuE203981A01t025,9,2.5878613997232596,tae_like,GOOD,NO_GOOD_TEMPLATE,GOOD,REVIEW,NO_GOOD_TEMPLATE,rule_survivor_policy,,,,,True,0.5078129798083663,aa298d1601a190e53c34a0cda36abaa0fbb8346741537f258218e8f670ed69c7,nstxuE203981A01t025/N9/egn09w.6697E+01
nstxuE203981A01t025/N9/egn09w.6818E+01,good,nstxuE203981A01t025,9,2.6111825995622313,tae_like,GOOD,NO_GOOD_TEMPLATE,GOOD,REVIEW,NO_GOOD_TEMPLATE,rule_survivor_policy,,,,,True,0.654031258562654,3789c657b85a70145c016effc569e55c4bd3de23ad4b04acb6320b0f7a71c615,nstxuE203981A01t025/N9/egn09w.6818E+01
nstxuE203981A01t025/N9/egn09w.7149E+01,good,nstxuE203981A01t025,9,2.6736691806084623,tae_like,GOOD,NO_GOOD_TEMPLATE,GOOD,REVIEW,NO_GOOD_TEMPLATE,rule_survivor_policy,,,,,True,0.5766459920378575,bf407d951cfb54557bd7fd97377306da98d983eaaedc89fb85e8ec0ae7fdd817,nstxuE203981A01t025/N9/egn09w.7149E+01
nstxuE203981A01t025/N9/egn09w.7314E+01,good,nstxuE203981A01t025,9,2.7045278912056365,tae_like,GOOD,NO_GOOD_TEMPLATE,GOOD,REVIEW,NO_GOOD_TEMPLATE,rule_survivor_policy,,,,,True,0.5098337986581315,b6138ce105ebcc655743fde86e922480bbda50ffb4b473429bc6ff31d7779e84,nstxuE203981A01t025/N9/egn09w.7314E+01
nstxuE203981A01t025/N9/egn09w.7523E+01,good,nstxuE203981A01t025,9,2.7428449644807906,tae_like,GOOD,NO_GOOD_TEMPLATE,GOOD,REVIEW,NO_GOOD_TEMPLATE,rule_survivor_policy,,,,,True,0.6389205630668032,0acbbcded837b13069ad86c5475f85fc9282b3e4c3caddd3d2e747629ba98dea,nstxuE203981A01t025/N9/egn09w.7523E+01
nstxuE203981A01t025/N9/egn09w.7909E+01,good,nstxuE203981A01t025,9,2.8122290622422157,tae_like,GOOD,NO_GOOD_TEMPLATE,GOOD,REVIEW,NO_GOOD_TEMPLATE,rule_survivor_policy,,,,,True,0.4416586827482053,aa270befa1f9f62bfb5067ce732ef41a3b43c8b95c34051d5cdd94fced22e931,nstxuE203981A01t025/N9/egn09w.7909E+01
nstxuE203981A01t025/N9/egn09w.8615E+01,good,nstxuE203981A01t025,9,2.935166258712254,tae_like,GOOD,NO_GOOD_TEMPLATE,GOOD,REVIEW,NO_GOOD_TEMPLATE,rule_survivor_policy,,,,,True,0.5521161859119189,91644e1b7d9c0ec885db848f980141440cb40ff41d8b90780c99630c194ddbea,nstxuE203981A01t025/N9/egn09w.8615E+01
nstxuE203981A01t025/N9/egn09w.1430E+02,good,nstxuE203981A01t025,9,3.781250679643262,tae_like,GOOD,NO_GOOD_TEMPLATE,GOOD,REVIEW,NO_GOOD_TEMPLATE,rule_survivor_policy,,,,,True,0.6041972919409369,f30940ea48105d63a951fe4062a1a9f24739595fa13bb582dba22facb6a69ea4,nstxuE203981A01t025/N9/egn09w.1430E+02
nstxuE203981A01t025/N9/egn09w.1748E+02,good,nstxuE203981A01t025,9,4.180744378798503,tae_like,GOOD,NO_GOOD_TEMPLATE,GOOD,REVIEW,NO_GOOD_TEMPLATE,rule_survivor_policy,,,,,True,0.5490535538335404,b38966a60be32c96c2d02e975769be1729d5c11fbbd7a7bb89249559a2d20e21,nstxuE203981A01t025/N9/egn09w.1748E+02
nstxuE203981A01t025/N9/egn09w.1913E+02,good,nstxuE203981A01t025,9,4.373496569687211,tae_like,GOOD,NO_GOOD_TEMPLATE,GOOD,REVIEW,NO_GOOD_TEMPLATE,rule_survivor_policy,,,,,True,0.5618100375063463,6e8a14a264b460295962f0846559b273bd261f3ef5f69cfed0f8f6c589511282,nstxuE203981A01t025/N9/egn09w.1913E+02
nstxuE203981A01t025/N10/egn10w.7197E+01,good,nstxuE203981A01t025,10,2.682732249627381,tae_like,GOOD,NO_GOOD_TEMPLATE,GOOD,REVIEW,NO_GOOD_TEMPLATE,rule_survivor_policy,,,,,True,0.5382325917019545,f31f8549bbce3bcd1785e5a862aab6be85e0d5f9ea45c871079b00b20e4f92f5,nstxuE203981A01t025/N10/egn10w.7197E+01
nstxuE203981A01t025/N10/egn10w.7385E+01,good,nstxuE203981A01t025,10,2.7174580074407677,tae_like,GOOD,NO_GOOD_TEMPLATE,GOOD,REVIEW,NO_GOOD_TEMPLATE,rule_survivor_policy,,,,,True,0.7521969686613792,005916e50d5fe11182abe230af3e3b030f8397448cef3582d17620ce3a099d7d,nstxuE203981A01t025/N10/egn10w.7385E+01
nstxuE203981A01t025/N10/egn10w.7800E+01,good,nstxuE203981A01t025,10,2.79281626262975,tae_like,GOOD,NO_GOOD_TEMPLATE,GOOD,REVIEW,NO_GOOD_TEMPLATE,rule_survivor_policy,,,,,True,0.5656614529134952,6addb0c6fb62c464c740bbe9199931097d25334f59bf033fb7bb736ac06e1108,nstxuE203981A01t025/N10/egn10w.7800E+01
nstxuE203981A01t025/N10/egn10w.7928E+01,good,nstxuE203981A01t025,10,2.815745112514858,tae_like,GOOD,NO_GOOD_TEMPLATE,GOOD,REVIEW,NO_GOOD_TEMPLATE,rule_survivor_policy,,,,,True,0.4587667475400959,273b6953e9dbb6bfe841336ad0922cd2a26b8ed3cfe7a258b5138db272e166f7,nstxuE203981A01t025/N10/egn10w.7928E+01
nstxuE203981A01t025/N10/egn10w.8175E+01,good,nstxuE203981A01t025,10,2.8592275990192566,tae_like,GOOD,NO_GOOD_TEMPLATE,GOOD,REVIEW,NO_GOOD_TEMPLATE,rule_survivor_policy,,,,,True,0.9005225324941218,225babd7ae2e177381e8be989b40a7a416af0f37317c49d55674f988987f2ae4,nstxuE203981A01t025/N10/egn10w.8175E+01
nstxuE203981A01t025/N10/egn10w.8388E+01,good,nstxuE203981A01t025,10,2.8961726636825094,tae_like,GOOD,NO_GOOD_TEMPLATE,GOOD,REVIEW,NO_GOOD_TEMPLATE,rule_survivor_policy,,,,,True,0.5202941488882188,2cc104901fb72990535b20e76b319baf8a443479fd2acbf875d7748b3aa3ee2a,nstxuE203981A01t025/N10/egn10w.8388E+01
nstxuE203981A01t025/N10/egn10w.9486E+01,good,nstxuE203981A01t025,10,3.0798994684923944,tae_like,GOOD,NO_GOOD_TEMPLATE,GOOD,REVIEW,NO_GOOD_TEMPLATE,rule_survivor_policy,,,,,True,0.8453944385942379,aedd417ab3dc6314ab370cfd56b51833502a04c0db619158da5a6a6d090fbf0d,nstxuE203981A01t025/N10/egn10w.9486E+01
nstxuE203981A01t025/N10/egn10w.1039E+02,good,nstxuE203981A01t025,10,3.2230254722700087,tae_like,GOOD,NO_GOOD_TEMPLATE,GOOD,REVIEW,NO_GOOD_TEMPLATE,rule_survivor_policy,,,,,True,0.7737684316731106,1141613891838161f7d079cad49395ddd83f2c84cb73dea4aab9d310968304e2,nstxuE203981A01t025/N10/egn10w.1039E+02
nstxuE203981A01t025/N10/egn10w.1115E+02,good,nstxuE203981A01t025,10,3.339588301057364,tae_like,GOOD,NO_GOOD_TEMPLATE,GOOD,REVIEW,NO_GOOD_TEMPLATE,rule_survivor_policy,,,,,True,0.5357552483861617,2edbae5214216aedfd7ef052fd8a4a3da62a4b4fb8608f29a8ddceff8dd35bf9,nstxuE203981A01t025/N10/egn10w.1115E+02
nstxuE203981A01t025/N10/egn10w.1227E+02,good,nstxuE203981A01t025,10,3.5025605207448254,tae_like,GOOD,NO_GOOD_TEMPLATE,GOOD,REVIEW,NO_GOOD_TEMPLATE,rule_survivor_policy,,,,,True,0.6035997744449452,b45330887786dcf124fd04d6b3bd77be34d4f56689e2e2d7b93c2af7add8e1d6,nstxuE203981A01t025/N10/egn10w.1227E+02
nstxuE203981A01t025/N10/egn10w.1300E+02,good,nstxuE203981A01t025,10,3.6052454874350857,tae_like,GOOD,NO_GOOD_TEMPLATE,GOOD,REVIEW,NO_GOOD_TEMPLATE,rule_survivor_policy,,,,,True,0.6471576155315832,610cf3c01b7cfb25f8d72b219d19a5169e30276ce4ac93ac8dc73b9e8906cdd7,nstxuE203981A01t025/N10/egn10w.1300E+02
nstxuE203981A01t025/N10/egn10w.1453E+02,good,nstxuE203981A01t025,10,3.8117793484128693,tae_like,GOOD,NO_GOOD_TEMPLATE,GOOD,REVIEW,NO_GOOD_TEMPLATE,rule_survivor_policy,,,,,True,0.6140498608154813,aad2647fb41350e68c7db5015278c17833af35f29ae865d9e0fb17eb6a02f0dc,nstxuE203981A01t025/N10/egn10w.1453E+02
nstxuE203981A01t025/N10/egn10w.1572E+02,good,nstxuE203981A01t025,10,3.9646431558992066,tae_like,GOOD,NO_GOOD_TEMPLATE,GOOD,REVIEW,NO_GOOD_TEMPLATE,rule_survivor_policy,,,,,True,0.621609265741678,d5178b45d76aef1136fa5156c212ad69ab85e6e8b42ca9dd34fe7a9ba1d071a0,nstxuE203981A01t025/N10/egn10w.1572E+02
nstxuE203981A01t025/N10/egn10w.1886E+02,good,nstxuE203981A01t025,10,4.342880805690416,tae_like,GOOD,NO_GOOD_TEMPLATE,GOOD,REVIEW,NO_GOOD_TEMPLATE,rule_survivor_policy,,,,,True,0.5676526030755982,d0287abedc62400bb0cf216d321c9f4b43789e593fa5753df05c9bd760a5928a,nstxuE203981A01t025/N10/egn10w.1886E+02
nstxuE204186A01t020/N2/egn02w.7370E+01,good,nstxuE204186A01t020,2,2.7147519567499403,tae_like,GOOD,NO_GOOD_TEMPLATE,GOOD,REVIEW,NO_GOOD_TEMPLATE,rule_survivor_policy,,,,,True,0.772165441237754,f5501735f3962acb0d84f211d9766463c5b5b5f8230143a8ec1678484c76b292,nstxuE204186A01t020/N2/egn02w.7370E+01
nstxuE204186A01t020/N2/egn02w.7426E+01,good,nstxuE204186A01t020,2,2.725003678021419,tae_like,GOOD,NO_GOOD_TEMPLATE,GOOD,REVIEW,NO_GOOD_TEMPLATE,rule_survivor_policy,,,,,True,0.9755122407057867,df03626e492332b00b163d33700d79100e2f08896da42e8d3b86455c66ea06e5,nstxuE204186A01t020/N2/egn02w.7426E+01
nstxuE204186A01t020/N2/egn02w.7489E+01,good,nstxuE204186A01t020,2,2.736649430014018,tae_like,GOOD,NO_GOOD_TEMPLATE,GOOD,REVIEW,NO_GOOD_TEMPLATE,rule_survivor_policy,,,,,True,0.6412127140476304,d7fdc6ad864b4e1aacca7a2c6a6b3d177b5f85f22dbb1c391664324906c7c8ca,nstxuE204186A01t020/N2/egn02w.7489E+01
nstxuE204186A01t020/N2/egn02w.7566E+01,good,nstxuE204186A01t020,2,2.7505685902920716,tae_like,GOOD,NO_GOOD_TEMPLATE,GOOD,REVIEW,NO_GOOD_TEMPLATE,rule_survivor_policy,,,,,True,0.6165583429373515,1815b65115b066000051761f80dc65ab9f6de8c36ea2da1e151549b7ddc8ca3f,nstxuE204186A01t020/N2/egn02w.7566E+01
nstxuE204186A01t020/N2/egn02w.7676E+01,good,nstxuE204186A01t020,2,2.77048617524144,tae_like,GOOD,NO_GOOD_TEMPLATE,GOOD,REVIEW,NO_GOOD_TEMPLATE,rule_survivor_policy,,,,,True,0.6582648146913509,3be8c5db49206acff66d76239d597235d07acb573789ead8ec2ae54ee03bc65b,nstxuE204186A01t020/N2/egn02w.7676E+01
nstxuE204186A01t020/N2/egn02w.7810E+01,good,nstxuE204186A01t020,2,2.794577857002499,tae_like,GOOD,NO_GOOD_TEMPLATE,GOOD,REVIEW,NO_GOOD_TEMPLATE,rule_survivor_policy,,,,,True,0.837059086404441,5b3894eed0c6b78c63a93481b410dfde505ac4bbb53456b6bd72075473644c1f,nstxuE204186A01t020/N2/egn02w.7810E+01
nstxuE204186A01t020/N2/egn02w.8520E+01,good,nstxuE204186A01t020,2,2.918831091091495,tae_like,GOOD,NO_GOOD_TEMPLATE,GOOD,REVIEW,NO_GOOD_TEMPLATE,rule_survivor_policy,,,,,True,0.3459957592007194,50706bcd4240ba22170f06231ba37a0011678128b48c4a30e85c4be81e88e06e,nstxuE204186A01t020/N2/egn02w.8520E+01
nstxuE204186A01t020/N3/egn03w.8011E+01,good,nstxuE204186A01t020,3,2.8303604134281755,tae_like,GOOD,NO_GOOD_TEMPLATE,GOOD,REVIEW,NO_GOOD_TEMPLATE,rule_survivor_policy,,,,,True,0.400261646219541,89485ebf48c003e3844aca1b2d885d054943ef5e691fee638fb16ea1a97df438,nstxuE204186A01t020/N3/egn03w.8011E+01
nstxuE204186A01t020/N3/egn03w.8304E+01,good,nstxuE204186A01t020,3,2.881739544123388,tae_like,GOOD,NO_GOOD_TEMPLATE,GOOD,REVIEW,NO_GOOD_TEMPLATE,rule_survivor_policy,,,,,True,0.3021356643297399,44bfd91f867646a11daad1ab1dda73cc1d3926177a95acfbdabf07940e73348a,nstxuE204186A01t020/N3/egn03w.8304E+01
nstxuE204186A01t020/N3/egn03w.1287E+02,good,nstxuE204186A01t020,3,3.5875095990610615,tae_like,GOOD,NO_GOOD_TEMPLATE,GOOD,REVIEW,NO_GOOD_TEMPLATE,rule_survivor_policy,,,,,True,0.4280416963925788,aac45c414afad4055083e2a2c2fa1ae131ddad34b58688e488e80fca89358f03,nstxuE204186A01t020/N3/egn03w.1287E+02
nstxuE204186A01t020/N4/egn04w.7938E+01,good,nstxuE204186A01t020,4,2.8175288557166627,tae_like,GOOD,NO_GOOD_TEMPLATE,GOOD,REVIEW,NO_GOOD_TEMPLATE,rule_survivor_policy,,,,,True,0.661302508000792,da56c1677a4b0b1bb5e10c90e22fe677ac51bd9169bc0d0fc323aa40e8ea1f15,nstxuE204186A01t020/N4/egn04w.7938E+01
nstxuE204186A01t020/N4/egn04w.8087E+01,good,nstxuE204186A01t020,4,2.84373508888514,tae_like,GOOD,NO_GOOD_TEMPLATE,GOOD,REVIEW,NO_GOOD_TEMPLATE,rule_survivor_policy,,,,,True,0.5294891866366914,9095fe64e469b54ffe77ac7e9b89758a1287926c7889112e7e2495dcc5be12c5,nstxuE204186A01t020/N4/egn04w.8087E+01
nstxuE204186A01t020/N4/egn04w.1164E+02,good,nstxuE204186A01t020,4,3.411857483010537,tae_like,GOOD,NO_GOOD_TEMPLATE,GOOD,REVIEW,NO_GOOD_TEMPLATE,rule_survivor_policy,,,,,True,0.6321657487406424,8e7c36f4dc5a706521b778f727624f5c3d6664c6bb1d19e2886ecd90dcc071cb,nstxuE204186A01t020/N4/egn04w.1164E+02
nstxuE204186A01t020/N4/egn04w.1588E+02,good,nstxuE204186A01t020,4,3.9854735972538933,tae_like,GOOD,NO_GOOD_TEMPLATE,GOOD,REVIEW,NO_GOOD_TEMPLATE,rule_survivor_policy,,,,,True,0.47852276163850443,4c1bd9c0b62c563ed394bdc533eec9701265f1d913a73d64abeef0f3f8d48d08,nstxuE204186A01t020/N4/egn04w.1588E+02
nstxuE204186A01t020/N4/egn04w.1806E+02,good,nstxuE204186A01t020,4,4.249184204791554,tae_like,GOOD,NO_GOOD_TEMPLATE,GOOD,REVIEW,NO_GOOD_TEMPLATE,rule_survivor_policy,,,,,True,0.5089527925020779,b95a7a794202e2fcfb81fad8d8988bfe0d1e14bc9dcc88699a7329c7c9fbdf58,nstxuE204186A01t020/N4/egn04w.1806E+02
nstxuE204186A01t020/N5/egn05w.7088E+01,good,nstxuE204186A01t020,5,2.6623512552656283,tae_like,GOOD,NO_GOOD_TEMPLATE,GOOD,REVIEW,NO_GOOD_TEMPLATE,rule_survivor_policy,,,,,True,0.9100054884481067,42062143922960a8aa20dd23a11783318752116109b1a41102c281ea1fc5682d,nstxuE204186A01t020/N5/egn05w.7088E+01
nstxuE204186A01t020/N5/egn05w.7725E+01,good,nstxuE204186A01t020,5,2.7793537481582495,tae_like,GOOD,NO_GOOD_TEMPLATE,GOOD,REVIEW,NO_GOOD_TEMPLATE,rule_survivor_policy,,,,,True,0.4867089214620874,fc24067fe9f529fe9c8f9a3009cf0bf52ed5f8c52e12e24dbca4edc13fef1f27,nstxuE204186A01t020/N5/egn05w.7725E+01
nstxuE204186A01t020/N5/egn05w.7854E+01,good,nstxuE204186A01t020,5,2.8025211313408214,tae_like,GOOD,NO_GOOD_TEMPLATE,GOOD,REVIEW,NO_GOOD_TEMPLATE,rule_survivor_policy,,,,,True,0.4339498412134125,0a8a6c6fb1610eceb67f60054d3d511034cac9aaa2d202ffed8ff069a92e2f2c,nstxuE204186A01t020/N5/egn05w.7854E+01
nstxuE204186A01t020/N5/egn05w.1279E+02,good,nstxuE204186A01t020,5,3.5769224881201622,tae_like,GOOD,NO_GOOD_TEMPLATE,GOOD,REVIEW,NO_GOOD_TEMPLATE,rule_survivor_policy,,,,,True,0.5107873987839191,d29af99cb6aa1fd193e8d1a73239142f6aa3dd3ef828be6eeb66e72b9e4258cb,nstxuE204186A01t020/N5/egn05w.1279E+02
nstxuE204186A01t020/N5/egn05w.1416E+02,good,nstxuE204186A01t020,5,3.76246625815435,tae_like,GOOD,NO_GOOD_TEMPLATE,GOOD,REVIEW,NO_GOOD_TEMPLATE,rule_survivor_policy,,,,,True,0.5151441638629556,dc3f093a8774107f88cc12910d3757a0c57888d59ab3e2570386cee7b4a5c18b,nstxuE204186A01t020/N5/egn05w.1416E+02
nstxuE204186A01t020/N5/egn05w.1538E+02,good,nstxuE204186A01t020,5,3.9213202716301265,tae_like,GOOD,NO_GOOD_TEMPLATE,GOOD,REVIEW,NO_GOOD_TEMPLATE,rule_survivor_policy,,,,,True,0.5724964289538728,a96f0707915143cfd4bc18edc2e06f3d02c773d429d4470d5bffcc1cb4418fca,nstxuE204186A01t020/N5/egn05w.1538E+02
nstxuE204186A01t020/N5/egn05w.1694E+02,good,nstxuE204186A01t020,5,4.116312996984651,tae_like,GOOD,NO_GOOD_TEMPLATE,GOOD,REVIEW,NO_GOOD_TEMPLATE,rule_survivor_policy,,,,,True,0.48371911823383656,5ebda35405e39cfc09b84dc00e95e7dbd76cdef205463f89781c39bf0cba8013,nstxuE204186A01t020/N5/egn05w.1694E+02
nstxuE204186A01t020/N5/egn05w.1845E+02,good,nstxuE204186A01t020,5,4.29517221045143,tae_like,GOOD,NO_GOOD_TEMPLATE,GOOD,REVIEW,NO_GOOD_TEMPLATE,rule_survivor_policy,,,,,True,0.4693685760453128,c4eab3784f049e6dd24674cc5be27935f9a0e8d3211496a613287b0e3f80fae1,nstxuE204186A01t020/N5/egn05w.1845E+02
nstxuE204186A01t020/N6/egn06w.1450E+02,good,nstxuE204186A01t020,6,3.807698254203685,tae_like,GOOD,NO_GOOD_TEMPLATE,GOOD,REVIEW,NO_GOOD_TEMPLATE,rule_survivor_policy,,,,,True,0.5236511026725775,8189063e342720f148a8f2ed12d76ab50e8da6bb25a166fad02ad986e05a7e51,nstxuE204186A01t020/N6/egn06w.1450E+02
nstxuE204186A01t020/N6/egn06w.1588E+02,good,nstxuE204186A01t020,6,3.9845514021837807,tae_like,GOOD,NO_GOOD_TEMPLATE,GOOD,REVIEW,NO_GOOD_TEMPLATE,rule_survivor_policy,,,,,True,0.570866009371107,bd73fb64eba09951e51d26d531dc7bac517836cadb90f823afca6a92ab57c363,nstxuE204186A01t020/N6/egn06w.1588E+02
nstxuE204186A01t020/N6/egn06w.1730E+02,good,nstxuE204186A01t020,6,4.158896194612916,tae_like,GOOD,NO_GOOD_TEMPLATE,GOOD,REVIEW,NO_GOOD_TEMPLATE,rule_survivor_policy,,,,,True,0.6532627563365603,bb04b609e22f767f03f7ff35cd8a2c0cf3dec7e04153406137682f57f4697185,nstxuE204186A01t020/N6/egn06w.1730E+02
nstxuE204186A01t020/N6/egn06w.1899E+02,good,nstxuE204186A01t020,6,4.358062255184731,tae_like,GOOD,NO_GOOD_TEMPLATE,GOOD,REVIEW,NO_GOOD_TEMPLATE,rule_survivor_policy,,,,,True,0.5836078419586709,65127db7d4f9255c397dc513b33645d093dee1317b62046f52162d97892e166a,nstxuE204186A01t020/N6/egn06w.1899E+02
nstxuE204186A01t020/N6/egn06w.2102E+02,good,nstxuE204186A01t020,6,4.5849870546293205,tae_like,GOOD,NO_GOOD_TEMPLATE,GOOD,REVIEW,NO_GOOD_TEMPLATE,rule_survivor_policy,,,,,True,0.6279720752712751,f0bae64fe36ffef231359e89434b25feb1cdb0dddc4edbfd352d0db474a2493f,nstxuE204186A01t020/N6/egn06w.2102E+02
nstxuE204186A01t020/N7/egn07w.1188E+02,good,nstxuE204186A01t020,7,3.4473457234525484,tae_like,GOOD,NO_GOOD_TEMPLATE,GOOD,REVIEW,NO_GOOD_TEMPLATE,rule_survivor_policy,,,,,True,0.6029585170852393,bff9bde83596f4bcd37592debe3a12db70207b5dcc3f9cd056babdddbedcc992,nstxuE204186A01t020/N7/egn07w.1188E+02
nstxuE204186A01t020/N7/egn07w.1293E+02,good,nstxuE204186A01t020,7,3.595530880253327,tae_like,GOOD,NO_GOOD_TEMPLATE,GOOD,REVIEW,NO_GOOD_TEMPLATE,rule_survivor_policy,,,,,True,0.563678239245122,2924dbc3029b0fe7bcfb1fc284d87c09a694d1ae31f18d311c262f88942a56c7,nstxuE204186A01t020/N7/egn07w.1293E+02
nstxuE204186A01t020/N7/egn07w.1430E+02,good,nstxuE204186A01t020,7,3.7818215368408326,tae_like,GOOD,NO_GOOD_TEMPLATE,GOOD,REVIEW,NO_GOOD_TEMPLATE,rule_survivor_policy,,,,,True,0.6587038512628604,8c86e626ac76d22f4c9c7c5cfbe1c6f0d16c267bf704ff7b81d1a1c99b736e08,nstxuE204186A01t020/N7/egn07w.1430E+02
nstxuE204186A01t020/N7/egn07w.1568E+02,good,nstxuE204186A01t020,7,3.96001875763932,tae_like,GOOD,NO_GOOD_TEMPLATE,GOOD,REVIEW,NO_GOOD_TEMPLATE,rule_survivor_policy,,,,,True,0.5330527202711977,5c1844975227714c65c3327f1d244f331ea225423e1534f0912452d17735a9ed,nstxuE204186A01t020/N7/egn07w.1568E+02
nstxuE204186A01t020/N7/egn07w.1702E+02,good,nstxuE204186A01t020,7,4.125629811369477,tae_like,GOOD,NO_GOOD_TEMPLATE,GOOD,REVIEW,NO_GOOD_TEMPLATE,rule_survivor_policy,,,,,True,0.5938109783735437,acd1996aa7227bd46ffde1c6a43a0df065ee4ace6329ebc7f2b0b67296c8b533,nstxuE204186A01t020/N7/egn07w.1702E+02
nstxuE204186A01t020/N7/egn07w.1850E+02,good,nstxuE204186A01t020,7,4.301312600876683,tae_like,GOOD,NO_GOOD_TEMPLATE,GOOD,REVIEW,NO_GOOD_TEMPLATE,rule_survivor_policy,,,,,True,0.4715069710823436,0219f322778a2c8bbd74703a2f6188802e0d32ff467d5845d4e112304a4abbfc,nstxuE204186A01t020/N7/egn07w.1850E+02
nstxuE204186A01t020/N7/egn07w.2022E+02,good,nstxuE204186A01t020,7,4.496178361697562,tae_like,GOOD,NO_GOOD_TEMPLATE,GOOD,REVIEW,NO_GOOD_TEMPLATE,rule_survivor_policy,,,,,True,0.4954987144141522,3a44f8a5907a07022ef8945c9779faef587e8d797d144d831216891355969046,nstxuE204186A01t020/N7/egn07w.2022E+02
nstxuE204186A01t020/N8/egn08w.1178E+02,good,nstxuE204186A01t020,8,3.4316438604120827,tae_like,GOOD,NO_GOOD_TEMPLATE,GOOD,REVIEW,NO_GOOD_TEMPLATE,rule_survivor_policy,,,,,True,0.51722963244196,3561c9f091934d39df2fb6471b177a80fb494e6e02de9fedb5c02a926520ba78,nstxuE204186A01t020/N8/egn08w.1178E+02
nstxuE204186A01t020/N8/egn08w.1291E+02,good,nstxuE204186A01t020,8,3.5929926261423297,tae_like,GOOD,NO_GOOD_TEMPLATE,GOOD,REVIEW,NO_GOOD_TEMPLATE,rule_survivor_policy,,,,,True,0.5870383733063937,324a44cfb932e3e41bae795f6a1ec16b7ff4b39b7342e1a944de722ee8a127f5,nstxuE204186A01t020/N8/egn08w.1291E+02
nstxuE204186A01t020/N8/egn08w.1536E+02,good,nstxuE204186A01t020,8,3.9196093922518536,tae_like,GOOD,NO_GOOD_TEMPLATE,GOOD,REVIEW,NO_GOOD_TEMPLATE,rule_survivor_policy,,,,,True,0.5060689037199165,f6122534f1961c581deab8bada642094a7c3d98cfd20256d8d07aa057746f56f,nstxuE204186A01t020/N8/egn08w.1536E+02
nstxuE204186A01t020/N8/egn08w.1649E+02,good,nstxuE204186A01t020,8,4.060577100585906,tae_like,GOOD,NO_GOOD_TEMPLATE,GOOD,REVIEW,NO_GOOD_TEMPLATE,rule_survivor_policy,,,,,True,0.5661498995684625,631c76983789f80bcacee3a346a080e066bf86cb48571b262cc1863ab66c29c3,nstxuE204186A01t020/N8/egn08w.1649E+02
nstxuE204186A01t020/N8/egn08w.1796E+02,good,nstxuE204186A01t020,8,4.238265655289043,tae_like,GOOD,NO_GOOD_TEMPLATE,GOOD,REVIEW,NO_GOOD_TEMPLATE,rule_survivor_policy,,,,,True,0.5448438340931738,5e7fe22184709293d1696456716e3f9999df8c0dedb453f4062c592c41fca7d0,nstxuE204186A01t020/N8/egn08w.1796E+02
nstxuE204186A01t020/N8/egn08w.2108E+02,good,nstxuE204186A01t020,8,4.590879764794833,tae_like,GOOD,NO_GOOD_TEMPLATE,GOOD,REVIEW,NO_GOOD_TEMPLATE,rule_survivor_policy,,,,,True,0.5533744258570542,1f3617d3e6bea7b116859ce8d1c24d35a8d45b9987fbd401505623d3e462197a,nstxuE204186A01t020/N8/egn08w.2108E+02
nstxuE204186A01t020/N8/egn08w.2514E+02,good,nstxuE204186A01t020,8,5.014258555051574,tae_like,GOOD,NO_GOOD_TEMPLATE,GOOD,REVIEW,NO_GOOD_TEMPLATE,rule_survivor_policy,,,,,True,0.7633354555364512,9c7338267ac491364a8540bacd15ebb8950a3f45837e1bd358c71b6c254ffc6d,nstxuE204186A01t020/N8/egn08w.2514E+02
nstxuE204186A01t020/N9/egn09w.1204E+02,good,nstxuE204186A01t020,9,3.4693526473883836,tae_like,GOOD,NO_GOOD_TEMPLATE,GOOD,REVIEW,NO_GOOD_TEMPLATE,rule_survivor_policy,,,,,True,0.32072641216086667,4ab31490986c8e32f46226c5b57d5571ae7b5fc4441551ab53c3068cdcc295d4,nstxuE204186A01t020/N9/egn09w.1204E+02
nstxuE204186A01t020/N9/egn09w.1254E+02,good,nstxuE204186A01t020,9,3.541586162333236,tae_like,GOOD,NO_GOOD_TEMPLATE,GOOD,REVIEW,NO_GOOD_TEMPLATE,rule_survivor_policy,,,,,True,0.7176863207567913,aaee515c95756acf487ff052fdbb9e1cbea9f9a5787125dc9c064e22ca00192b,nstxuE204186A01t020/N9/egn09w.1254E+02
nstxuE204186A01t020/N9/egn09w.1326E+02,good,nstxuE204186A01t020,9,3.6407827642573176,tae_like,GOOD,NO_GOOD_TEMPLATE,GOOD,REVIEW,NO_GOOD_TEMPLATE,rule_survivor_policy,,,,,True,0.47888719311653105,44605dbb48ba07a31b00f934155b5eeeb8f12e472fa93a294fc52a73ef9c80d9,nstxuE204186A01t020/N9/egn09w.1326E+02
nstxuE204186A01t020/N9/egn09w.1478E+02,good,nstxuE204186A01t020,9,3.844893791095227,tae_like,GOOD,NO_GOOD_TEMPLATE,GOOD,REVIEW,NO_GOOD_TEMPLATE,rule_survivor_policy,,,,,True,0.6115886973654311,fb97bf674b261de2d8b416acab2f205772cb38f2e132c56db00d0cf1ca418089,nstxuE204186A01t020/N9/egn09w.1478E+02
nstxuE204186A01t020/N9/egn09w.1578E+02,good,nstxuE204186A01t020,9,3.9726857039416834,tae_like,GOOD,NO_GOOD_TEMPLATE,GOOD,REVIEW,NO_GOOD_TEMPLATE,rule_survivor_policy,,,,,True,0.5639761067576338,28dee395b6a0c5484246a9319c66e55d4431104997bbe9b4160f09a7c5ea71a0,nstxuE204186A01t020/N9/egn09w.1578E+02
nstxuE204186A01t020/N9/egn09w.1848E+02,good,nstxuE204186A01t020,9,4.298778585517361,tae_like,GOOD,NO_GOOD_TEMPLATE,GOOD,REVIEW,NO_GOOD_TEMPLATE,rule_survivor_policy,,,,,True,0.5519605759350138,9a931caf385f7c0238082031e2edd7bd0f3ba32710c61846971ddfa314f7f9b2,nstxuE204186A01t020/N9/egn09w.1848E+02
nstxuE204186A01t020/N9/egn09w.1996E+02,good,nstxuE204186A01t020,9,4.468175455336448,tae_like,GOOD,NO_GOOD_TEMPLATE,GOOD,REVIEW,NO_GOOD_TEMPLATE,rule_survivor_policy,,,,,True,0.5952001879018606,092a0c24406253cd40fda92a5cab123b03ea6d007c69e72bdab3457d80b6bc6e,nstxuE204186A01t020/N9/egn09w.1996E+02
nstxuE204186A01t020/N9/egn09w.2163E+02,good,nstxuE204186A01t020,9,4.651114816668039,tae_like,GOOD,NO_GOOD_TEMPLATE,GOOD,REVIEW,NO_GOOD_TEMPLATE,rule_survivor_policy,,,,,True,0.6195848980652185,1bb34ddad8f1c32479b790de43ef4808fd942f4e7dd07f6230ba335120ae6758,nstxuE204186A01t020/N9/egn09w.2163E+02
nstxuE204186A01t020/N9/egn09w.2349E+02,good,nstxuE204186A01t020,9,4.846508658404197,tae_like,GOOD,NO_GOOD_TEMPLATE,GOOD,REVIEW,NO_GOOD_TEMPLATE,rule_survivor_policy,,,,,True,0.6391319269880043,01e5221b2b0cb5dd4fb4fb6a74d6c9e70782263f85bedcb4445e25b4cd6a367f,nstxuE204186A01t020/N9/egn09w.2349E+02
nstxuE204186A01t020/N10/egn10w.1209E+02,good,nstxuE204186A01t020,10,3.4773693438365076,tae_like,GOOD,NO_GOOD_TEMPLATE,GOOD,REVIEW,NO_GOOD_TEMPLATE,rule_survivor_policy,,,,,True,0.6033253819857053,c834bc08c0f0c5796865c1fe419a43c9e5dfc96f8c6240322bacb7fa570a2622,nstxuE204186A01t020/N10/egn10w.1209E+02
nstxuE204186A01t020/N10/egn10w.1403E+02,good,nstxuE204186A01t020,10,3.7450769493974208,tae_like,GOOD,NO_GOOD_TEMPLATE,GOOD,REVIEW,NO_GOOD_TEMPLATE,rule_survivor_policy,,,,,True,0.5356755828844225,acc7a93e77a04bd902a5279d1c032fd8717521151f291940c992a0c6e72ef564,nstxuE204186A01t020/N10/egn10w.1403E+02
nstxuE204186A01t020/N10/egn10w.1637E+02,good,nstxuE204186A01t020,10,4.04628659865893,tae_like,GOOD,NO_GOOD_TEMPLATE,GOOD,REVIEW,NO_GOOD_TEMPLATE,rule_survivor_policy,,,,,True,0.5359377045993741,1a38ca192b8fe4e7e377393c994eeb3f5d5b8feef9790073e347f008d038ed44,nstxuE204186A01t020/N10/egn10w.1637E+02
nstxuE204186A01t020/N10/egn10w.1746E+02,good,nstxuE204186A01t020,10,4.179065912338673,tae_like,GOOD,NO_GOOD_TEMPLATE,GOOD,REVIEW,NO_GOOD_TEMPLATE,rule_survivor_policy,,,,,True,0.5469501856374249,5deebeb6e81f203ab569dde948e88f4d62963955ab2f973b9001f9ee37182019,nstxuE204186A01t020/N10/egn10w.1746E+02
nstxuE204186A01t020/N10/egn10w.1889E+02,good,nstxuE204186A01t020,10,4.346624971525854,tae_like,GOOD,NO_GOOD_TEMPLATE,GOOD,REVIEW,NO_GOOD_TEMPLATE,rule_survivor_policy,,,,,True,0.6452271743095584,42e50855c46dcd91da7ae2983b7b4a251395c89c3b468a05f0c55d14f6c4a613,nstxuE204186A01t020/N10/egn10w.1889E+02
nstxuE204621A03t030/N2/egn02w.7108E+01,good,nstxuE204621A03t030,2,2.6660119574753067,tae_like,GOOD,NO_GOOD_TEMPLATE,GOOD,REVIEW,NO_GOOD_TEMPLATE,rule_survivor_policy,,,,,True,0.965438836010322,0bb013b37d62efa1ac61943b44e04efa39f0fe962270ed73cea32bb0796579d3,nstxuE204621A03t030/N2/egn02w.7108E+01
nstxuE204621A03t030/N4/egn04w.7070E+01,good,nstxuE204621A03t030,4,2.6589513160551306,tae_like,GOOD,NO_GOOD_TEMPLATE,GOOD,REVIEW,NO_GOOD_TEMPLATE,rule_survivor_policy,,,,,True,0.4453114683444497,5c408b70c1374c32049dac6a472549e3ffe90ab7671feed3dc0567084d0fe30d,nstxuE204621A03t030/N4/egn04w.7070E+01
nstxuE204621A03t030/N4/egn04w.7115E+01,good,nstxuE204621A03t030,4,2.6673466936350914,tae_like,GOOD,NO_GOOD_TEMPLATE,GOOD,REVIEW,NO_GOOD_TEMPLATE,rule_survivor_policy,,,,,True,0.42845999476035956,c4932d1db696092f10727536b8b685c976e191cfac4c93de5f1cbfe1ae5cf24e,nstxuE204621A03t030/N4/egn04w.7115E+01
nstxuE204621A03t030/N4/egn04w.7237E+01,good,nstxuE204621A03t030,4,2.6900887356047627,tae_like,GOOD,NO_GOOD_TEMPLATE,GOOD,REVIEW,NO_GOOD_TEMPLATE,rule_survivor_policy,,,,,True,0.7762494427406739,e719173fdb10646a47524538c8c8f8ccf81b1cab21b74a0c741a701239a4893c,nstxuE204621A03t030/N4/egn04w.7237E+01
nstxuE204621A03t030/N5/egn05w.7084E+01,good,nstxuE204621A03t030,5,2.6616465111831467,tae_like,GOOD,NO_GOOD_TEMPLATE,GOOD,REVIEW,NO_GOOD_TEMPLATE,rule_survivor_policy,,,,,True,0.9389101483137684,9878cc7cd96e0ea2baf71af04a09a6c3c1395cd681759226bb739768178d01bd,nstxuE204621A03t030/N5/egn05w.7084E+01
nstxuE204621A03t030/N5/egn05w.7162E+01,good,nstxuE204621A03t030,5,2.6761046853601558,tae_like,GOOD,NO_GOOD_TEMPLATE,GOOD,REVIEW,NO_GOOD_TEMPLATE,rule_survivor_policy,,,,,True,0.5035521337556625,d5e6fcd6a16954594a69d41da386592b4bd0caf1b5af7c5eb7a267f659dc9ac4,nstxuE204621A03t030/N5/egn05w.7162E+01
nstxuE204621A03t030/N5/egn05w.7212E+01,good,nstxuE204621A03t030,5,2.685599752768898,tae_like,GOOD,NO_GOOD_TEMPLATE,GOOD,REVIEW,NO_GOOD_TEMPLATE,rule_survivor_policy,,,,,True,0.503905296483965,9cd6201a66a50202ae70a01c007214e1c21ce5458365d3b3ad952ef81062c8cb,nstxuE204621A03t030/N5/egn05w.7212E+01
nstxuE204621A03t030/N6/egn06w.7163E+01,good,nstxuE204621A03t030,6,2.6764215702827907,tae_like,GOOD,NO_GOOD_TEMPLATE,GOOD,REVIEW,NO_GOOD_TEMPLATE,rule_survivor_policy,,,,,True,0.5900135811132136,755314264dbdb57d0951d63476235f273a8d1cf5b6322bd5806ebb3bc53ffbd9,nstxuE204621A03t030/N6/egn06w.7163E+01
nstxuE204621A03t030/N7/egn07w.7235E+01,good,nstxuE204621A03t030,7,2.689835563325435,tae_like,GOOD,NO_GOOD_TEMPLATE,GOOD,REVIEW,NO_GOOD_TEMPLATE,rule_survivor_policy,,,,,True,0.6238860076755404,50e296af7d6b30fb7cc358fdd2f92e92869fa1866e9ffd77a47192834a1176e4,nstxuE204621A03t030/N7/egn07w.7235E+01
nstxuE204621A03t030/N7/egn07w.1409E+02,good,nstxuE204621A03t030,7,3.7535762826322667,tae_like,GOOD,NO_GOOD_TEMPLATE,GOOD,REVIEW,NO_GOOD_TEMPLATE,rule_survivor_policy,,,,,True,0.7924287375583173,d9146a0380e5049f26c1992d6971fdb8975e1d9d24a3e96832ea5d0f5c39935d,nstxuE204621A03t030/N7/egn07w.1409E+02
nstxuE204621A03t030/N8/egn08w.1291E+02,good,nstxuE204621A03t030,8,3.5929926261423297,tae_like,GOOD,NO_GOOD_TEMPLATE,GOOD,REVIEW,NO_GOOD_TEMPLATE,rule_survivor_policy,,,,,True,0.24373066204748084,6c7ae1ee8181a45c9b26f942c05752c7c547d55df561efacfbc81b1d9c142d0a,nstxuE204621A03t030/N8/egn08w.1291E+02
nstxuE204621A03t030/N8/egn08w.1356E+02,good,nstxuE204621A03t030,8,3.682660880333603,tae_like,GOOD,NO_GOOD_TEMPLATE,GOOD,REVIEW,NO_GOOD_TEMPLATE,rule_survivor_policy,,,,,True,0.48899437998100104,0b06d442935ee3c5048f7da1470843e05f98eda5678a3d3fccd9d21dc044b953,nstxuE204621A03t030/N8/egn08w.1356E+02
nstxuE204621A03t030/N9/egn09w.1326E+02,good,nstxuE204621A03t030,9,3.6408180573388638,tae_like,GOOD,NO_GOOD_TEMPLATE,GOOD,REVIEW,NO_GOOD_TEMPLATE,rule_survivor_policy,,,,,True,0.26269483837520463,65ba9b5598092500ed6fda84f71b6e31bf21a07330e06c3cde70b8b3851f01d8,nstxuE204621A03t030/N9/egn09w.1326E+02
nstxuE204621A03t030/N9/egn09w.1450E+02,good,nstxuE204621A03t030,9,3.807495772062828,tae_like,GOOD,NO_GOOD_TEMPLATE,GOOD,REVIEW,NO_GOOD_TEMPLATE,rule_survivor_policy,,,,,True,0.49165782925082824,4bd34c57f93a96722e6c4541362b129ed04a7243203504654a5a340509a69dd2,nstxuE204621A03t030/N9/egn09w.1450E+02
nstxuE204621A03t030/N10/egn10w.1010E+02,good,nstxuE204621A03t030,10,3.1785530555801893,tae_like,GOOD,NO_GOOD_TEMPLATE,GOOD,REVIEW,NO_GOOD_TEMPLATE,rule_survivor_policy,,,,,True,0.491315428955525,ffcfe06ea214d1b2793d55df1323448a87efd0e395fc1f9473c5ad107590bd79,nstxuE204621A03t030/N10/egn10w.1010E+02
nstxuE204621A03t030/N10/egn10w.1042E+02,good,nstxuE204621A03t030,10,3.2276667339163536,tae_like,GOOD,NO_GOOD_TEMPLATE,GOOD,REVIEW,NO_GOOD_TEMPLATE,rule_survivor_policy,,,,,True,0.4420322274897164,ba291d9e946d44503aeddf8f5009f21f3290c76fab9938650237e9ac009bd426,nstxuE204621A03t030/N10/egn10w.1042E+02
nstxuE204621A03t030/N10/egn10w.1093E+02,good,nstxuE204621A03t030,10,3.305345815199857,tae_like,GOOD,NO_GOOD_TEMPLATE,GOOD,REVIEW,NO_GOOD_TEMPLATE,rule_survivor_policy,,,,,True,0.400622579569814,ef73c9983e152a1f60ff1e6a7a5bb2ec39d79ba375f17951033ddb107fa3e9bb,nstxuE204621A03t030/N10/egn10w.1093E+02
nstxuE204621A03t030/N10/egn10w.1709E+02,good,nstxuE204621A03t030,10,4.134490552647839,tae_like,GOOD,NO_GOOD_TEMPLATE,GOOD,REVIEW,NO_GOOD_TEMPLATE,rule_survivor_policy,,,,,True,0.6694364532683954,5e021b2199626a7730feadc5f4f18cfb39f960b84f54b644665d6499c3e64cc4,nstxuE204621A03t030/N10/egn10w.1709E+02
nstxuE204636A01t020/N1/egn01w.3867E+01,good,nstxuE204636A01t020,1,1.9664868597298417,tae_like,GOOD,NO_GOOD_TEMPLATE,GOOD,REVIEW,NO_GOOD_TEMPLATE,rule_survivor_policy,,,,,True,0.6321300910893713,70ae7cd4a8379775e697eac79f5358dbdc37dc42c45159de9cf026d3b9cfd751,nstxuE204636A01t020/N1/egn01w.3867E+01
nstxuE204636A01t020/N1/egn01w.4008E+01,good,nstxuE204636A01t020,1,2.0020064077472846,tae_like,GOOD,NO_GOOD_TEMPLATE,GOOD,REVIEW,NO_GOOD_TEMPLATE,rule_survivor_policy,,,,,True,0.7278360808213058,8803504fd7e0fd1bdc1ec816843c32b286b187971d13025e5d96e000edb23e59,nstxuE204636A01t020/N1/egn01w.4008E+01
nstxuE204636A01t020/N1/egn01w.4063E+01,good,nstxuE204636A01t020,1,2.0157139285768095,tae_like,GOOD,NO_GOOD_TEMPLATE,GOOD,REVIEW,NO_GOOD_TEMPLATE,rule_survivor_policy,,,,,True,0.8829439527547297,09c72aafe5451552ba717595c438dd7671baf3defdcf78cb156bf927e91a058e,nstxuE204636A01t020/N1/egn01w.4063E+01
nstxuE204636A01t020/N1/egn01w.4105E+01,good,nstxuE204636A01t020,1,2.026065308739974,tae_like,GOOD,NO_GOOD_TEMPLATE,GOOD,REVIEW,NO_GOOD_TEMPLATE,rule_survivor_policy,,,,,True,0.7753043283136446,cbfcab9da0e6604cdf3bbeb773ab0ffa55e216051a04a0cce9b54a941aee2441,nstxuE204636A01t020/N1/egn01w.4105E+01
nstxuE204636A01t020/N1/egn01w.4322E+01,good,nstxuE204636A01t020,1,2.0790550575092053,tae_like,GOOD,NO_GOOD_TEMPLATE,GOOD,REVIEW,NO_GOOD_TEMPLATE,rule_survivor_policy,,,,,True,0.8038444915612928,c55246c31f6612121ee211053546d976ca0406722ae8864ac8fc490189b901a9,nstxuE204636A01t020/N1/egn01w.4322E+01
nstxuE204636A01t020/N1/egn01w.4540E+01,good,nstxuE204636A01t020,1,2.130718348470737,tae_like,GOOD,NO_GOOD_TEMPLATE,GOOD,REVIEW,NO_GOOD_TEMPLATE,rule_survivor_policy,,,,,True,0.39884124750686367,f159425d075d0c00be3ea0b4664ae8dbc8f12f476a31fafa725b48525290ac5e,nstxuE204636A01t020/N1/egn01w.4540E+01
nstxuE204636A01t020/N2/egn02w.4360E+01,good,nstxuE204636A01t020,2,2.0881420995810513,tae_like,GOOD,NO_GOOD_TEMPLATE,GOOD,REVIEW,NO_GOOD_TEMPLATE,rule_survivor_policy,,,,,True,0.2196018764124576,1511a3b9ba721dc09dacaf4591ea979ae62b5b345ee77dfc7a8d85884071a76c,nstxuE204636A01t020/N2/egn02w.4360E+01
nstxuE204636A01t020/N3/egn03w.4183E+01,good,nstxuE204636A01t020,3,2.045241852997657,tae_like,GOOD,NO_GOOD_TEMPLATE,GOOD,REVIEW,NO_GOOD_TEMPLATE,rule_survivor_policy,,,,,True,0.3417171660118237,9b21dae55b0a2a954953f4713069ffef7813420dd9b472c9c6a0f7269eff0013,nstxuE204636A01t020/N3/egn03w.4183E+01
nstxuE204636A01t020/N4/egn04w.4167E+01,good,nstxuE204636A01t020,4,2.041415290367619,tae_like,GOOD,NO_GOOD_TEMPLATE,GOOD,REVIEW,NO_GOOD_TEMPLATE,rule_survivor_policy,,,,,True,0.42045545391292594,ac57b20a62dac8a7cfaf3e3fc2c603c2759c0a4a9257987e3fbacd8a6e759850,nstxuE204636A01t020/N4/egn04w.4167E+01
nstxuE204636A01t020/N4/egn04w.4228E+01,good,nstxuE204636A01t020,4,2.056266434804742,tae_like,GOOD,NO_GOOD_TEMPLATE,GOOD,REVIEW,NO_GOOD_TEMPLATE,rule_survivor_policy,,,,,True,0.4069993961769509,15f48f369b045c10af8b55dea761f848bad05fc03f0ffdd04c26cd7f50380f40,nstxuE204636A01t020/N4/egn04w.4228E+01
nstxuE204636A01t020/N4/egn04w.9753E+01,good,nstxuE204636A01t020,4,3.1229586260099147,tae_like,GOOD,NO_GOOD_TEMPLATE,GOOD,REVIEW,NO_GOOD_TEMPLATE,rule_survivor_policy,,,,,True,0.32245187670633696,1b0e3f418885f53286dee5a0c6f6515def076792a431b86e367d092dc383b899,nstxuE204636A01t020/N4/egn04w.9753E+01
nstxuE204636A01t020/N5/egn05w.3943E+01,good,nstxuE204636A01t020,5,1.9856110815533599,tae_like,GOOD,NO_GOOD_TEMPLATE,GOOD,REVIEW,NO_GOOD_TEMPLATE,rule_survivor_policy,,,,,True,0.9999540189698594,09c030fa43d7b123ab3ec95df71bd596bad937235706c31cf642203d703ff338,nstxuE204636A01t020/N5/egn05w.3943E+01
nstxuE204636A01t020/N5/egn05w.4002E+01,good,nstxuE204636A01t020,5,2.0003979738704833,tae_like,GOOD,NO_GOOD_TEMPLATE,GOOD,REVIEW,NO_GOOD_TEMPLATE,rule_survivor_policy,,,,,True,0.6412270497511334,3bf8b7a375ecd44d389731387dba6becabde039b1e2af0ff2b0530ca9b1b0029,nstxuE204636A01t020/N5/egn05w.4002E+01
nstxuE204636A01t020/N5/egn05w.4093E+01,good,nstxuE204636A01t020,5,2.0232252289084007,tae_like,GOOD,NO_GOOD_TEMPLATE,GOOD,REVIEW,NO_GOOD_TEMPLATE,rule_survivor_policy,,,,,True,0.6830106350683479,0a0f90702f900ed1cc81ceddd465b4478b20015f189c02cc130d33caeeb819c7,nstxuE204636A01t020/N5/egn05w.4093E+01
nstxuE204636A01t020/N5/egn05w.4170E+01,good,nstxuE204636A01t020,5,2.0419408060336606,tae_like,GOOD,NO_GOOD_TEMPLATE,GOOD,REVIEW,NO_GOOD_TEMPLATE,rule_survivor_policy,,,,,True,0.4894326854068605,023e6474dbc474d0684491da48a9661231c9d3a2e5cd3249c687e5fe13f0991e,nstxuE204636A01t020/N5/egn05w.4170E+01
nstxuE204636A01t020/N5/egn05w.4219E+01,good,nstxuE204636A01t020,5,2.054096904563856,tae_like,GOOD,NO_GOOD_TEMPLATE,GOOD,REVIEW,NO_GOOD_TEMPLATE,rule_survivor_policy,,,,,True,0.4810601359618079,da51e72ff151feab97e07169a90397c854c2a18432e4a99438a49bd0727de807,nstxuE204636A01t020/N5/egn05w.4219E+01
nstxuE204636A01t020/N5/egn05w.4414E+01,good,nstxuE204636A01t020,5,2.100856642613317,tae_like,GOOD,NO_GOOD_TEMPLATE,GOOD,REVIEW,NO_GOOD_TEMPLATE,rule_survivor_policy,,,,,True,0.558500656844467,76b76a913ad5a8858338fb2686ca56eebe9bae6ed0a9b65665276fe27d3a6b8b,nstxuE204636A01t020/N5/egn05w.4414E+01
nstxuE204636A01t020/N5/egn05w.4505E+01,good,nstxuE204636A01t020,5,2.122400996253541,tae_like,GOOD,NO_GOOD_TEMPLATE,GOOD,REVIEW,NO_GOOD_TEMPLATE,rule_survivor_policy,,,,,True,0.5403733209627297,fbbfff5b91f3d0019816429dea4bc261f2d8f7646b77f69d0747490ec7401e6d,nstxuE204636A01t020/N5/egn05w.4505E+01
nstxuE204636A01t020/N5/egn05w.1190E+02,good,nstxuE204636A01t020,5,3.4493914383888438,tae_like,GOOD,NO_GOOD_TEMPLATE,GOOD,REVIEW,NO_GOOD_TEMPLATE,rule_survivor_policy,,,,,True,0.3900653394982758,2dbb2d46c3ec5f3fd620aa087c554906bc426d59d35c2ad1a523ac1cc0595ab1,nstxuE204636A01t020/N5/egn05w.1190E+02
nstxuE204636A01t020/N6/egn06w.4230E+01,good,nstxuE204636A01t020,6,2.0566663287336397,tae_like,GOOD,NO_GOOD_TEMPLATE,GOOD,REVIEW,NO_GOOD_TEMPLATE,rule_survivor_policy,,,,,True,0.5141344555591784,8b21f9cf2d2f405ea04f9361db1f92e2a0c0f9b3ad06461208ede81f6513cb22,nstxuE204636A01t020/N6/egn06w.4230E+01
nstxuE204636A01t020/N6/egn06w.4275E+01,good,nstxuE204636A01t020,6,2.0676517472592133,tae_like,GOOD,NO_GOOD_TEMPLATE,GOOD,REVIEW,NO_GOOD_TEMPLATE,rule_survivor_policy,,,,,True,0.4921495772663412,5c127650cc1df8b4151f4cc5663c4851d92800986efa90686956182dcec1570a,nstxuE204636A01t020/N6/egn06w.4275E+01
nstxuE204636A01t020/N6/egn06w.4329E+01,good,nstxuE204636A01t020,6,2.080593421702308,tae_like,GOOD,NO_GOOD_TEMPLATE,GOOD,REVIEW,NO_GOOD_TEMPLATE,rule_survivor_policy,,,,,True,0.7729814436500316,b1b18a9329598185056ac126a6321482a2cb1b818d43f3f204f6b39c3f7a36b1,nstxuE204636A01t020/N6/egn06w.4329E+01
nstxuE204636A01t020/N6/egn06w.4393E+01,good,nstxuE204636A01t020,6,2.0960161170447096,tae_like,GOOD,NO_GOOD_TEMPLATE,GOOD,REVIEW,NO_GOOD_TEMPLATE,rule_survivor_policy,,,,,True,0.4930941856833222,7272fdc2b8b4e60e96c2a810028002ba82b11ab7e933716d65c1bdc79f9d608b,nstxuE204636A01t020/N6/egn06w.4393E+01
nstxuE204636A01t020/N6/egn06w.4471E+01,good,nstxuE204636A01t020,6,2.1144611561043964,tae_like,GOOD,NO_GOOD_TEMPLATE,GOOD,REVIEW,NO_GOOD_TEMPLATE,rule_survivor_policy,,,,,True,0.5157829722913241,c1f5af6bd802df76f07914ed55f8e081a24aa948ecae2c7a843d76e6ff207197,nstxuE204636A01t020/N6/egn06w.4471E+01
nstxuE204636A01t020/N6/egn06w.4663E+01,good,nstxuE204636A01t020,6,2.159503944946646,tae_like,GOOD,NO_GOOD_TEMPLATE,GOOD,REVIEW,NO_GOOD_TEMPLATE,rule_survivor_policy,,,,,True,0.6400527473219639,0cf3113d6207d4ae27bf0232f2cd6aa57d3231b1482081d62c9326deabf13b4f,nstxuE204636A01t020/N6/egn06w.4663E+01
nstxuE204636A01t020/N7/egn07w.4208E+01,good,nstxuE204636A01t020,7,2.0514240455645423,tae_like,GOOD,NO_GOOD_TEMPLATE,GOOD,REVIEW,NO_GOOD_TEMPLATE,rule_survivor_policy,,,,,True,0.5817293713991636,5be9eeec5afdc913f5b9da93a1d1e7c8c4f0de9fa7508a9cdef82d47cf70c895,nstxuE204636A01t020/N7/egn07w.4208E+01
nstxuE204636A01t020/N7/egn07w.4289E+01,good,nstxuE204636A01t020,7,2.0708962992673188,tae_like,GOOD,NO_GOOD_TEMPLATE,GOOD,REVIEW,NO_GOOD_TEMPLATE,rule_survivor_policy,,,,,True,0.5327622947275704,9bca2552635a744fd096ab80131798d7ac52b675b9e80cea3676df701119f07c,nstxuE204636A01t020/N7/egn07w.4289E+01
nstxuE204636A01t020/N7/egn07w.4340E+01,good,nstxuE204636A01t020,7,2.083284367571494,tae_like,GOOD,NO_GOOD_TEMPLATE,GOOD,REVIEW,NO_GOOD_TEMPLATE,rule_survivor_policy,,,,,True,0.5384267474826699,fc0c80db07c4ea3c2b8b4818e4a82145fee39bd62c38d80b6fc892c4a96dcdfa,nstxuE204636A01t020/N7/egn07w.4340E+01
nstxuE204636A01t020/N7/egn07w.4400E+01,good,nstxuE204636A01t020,7,2.0975787973915176,tae_like,GOOD,NO_GOOD_TEMPLATE,GOOD,REVIEW,NO_GOOD_TEMPLATE,rule_survivor_policy,,,,,True,0.525803290966471,5b05b85d4a6fd7baea951603d3803e55e6df40f48fb64145bfbe2e1b9df7b612,nstxuE204636A01t020/N7/egn07w.4400E+01
nstxuE204636A01t020/N7/egn07w.4539E+01,good,nstxuE204636A01t020,7,2.130395687027628,tae_like,GOOD,NO_GOOD_TEMPLATE,GOOD,REVIEW,NO_GOOD_TEMPLATE,rule_survivor_policy,,,,,True,0.7174026525129342,8fe8f77f7f9def1adfaaf7b15ec0f0fb1a6a2f1ac24178bcbcc713a979735041,nstxuE204636A01t020/N7/egn07w.4539E+01
nstxuE204636A01t020/N7/egn07w.4613E+01,good,nstxuE204636A01t020,7,2.1478756741476897,tae_like,GOOD,NO_GOOD_TEMPLATE,GOOD,REVIEW,NO_GOOD_TEMPLATE,rule_survivor_policy,,,,,True,0.5124051572129977,36f174fed99ec690de6b972d5564879b9e8d03a8b2b5542d0ab458dc3080c447,nstxuE204636A01t020/N7/egn07w.4613E+01
nstxuE204636A01t020/N7/egn07w.1224E+02,good,nstxuE204636A01t020,7,3.4990442333407272,tae_like,GOOD,NO_GOOD_TEMPLATE,GOOD,REVIEW,NO_GOOD_TEMPLATE,rule_survivor_policy,,,,,True,0.547096550377009,e8bf707ea16a9f98beced856612bb4d6fa5731b82fab549fd2fc615d67eefa32,nstxuE204636A01t020/N7/egn07w.1224E+02
nstxuE204636A01t020/N7/egn07w.1378E+02,good,nstxuE204636A01t020,7,3.712719707082028,tae_like,GOOD,NO_GOOD_TEMPLATE,GOOD,REVIEW,NO_GOOD_TEMPLATE,rule_survivor_policy,,,,,True,0.5771258247557645,73edac543bf1e1eeae148d5dbadf569b68f6565ce85cb40f9e09ac267fe8b853,nstxuE204636A01t020/N7/egn07w.1378E+02
nstxuE204636A01t020/N7/egn07w.1551E+02,good,nstxuE204636A01t020,7,3.938192425541457,tae_like,GOOD,NO_GOOD_TEMPLATE,GOOD,REVIEW,NO_GOOD_TEMPLATE,rule_survivor_policy,,,,,True,0.7504530560576823,1d06fa3f91f6aebd6c8e8aa68dcbff38d133df08640b2b16c0299d0c7176e834,nstxuE204636A01t020/N7/egn07w.1551E+02
nstxuE204636A01t020/N8/egn08w.4543E+01,good,nstxuE204636A01t020,8,2.131345438421066,tae_like,GOOD,NO_GOOD_TEMPLATE,GOOD,REVIEW,NO_GOOD_TEMPLATE,rule_survivor_policy,,,,,True,0.5235416506303903,5935468367db3653d5d27865085c199a7c0b1b9e04c4dd457c3a793b21940e5d,nstxuE204636A01t020/N8/egn08w.4543E+01
nstxuE204636A01t020/N8/egn08w.9647E+01,good,nstxuE204636A01t020,8,3.106039105808104,tae_like,GOOD,NO_GOOD_TEMPLATE,GOOD,REVIEW,NO_GOOD_TEMPLATE,rule_survivor_policy,,,,,True,0.5717975568287662,9477e8348e96f85cda94a5bf1966a827d90021ce8305462921a0963ce0157092,nstxuE204636A01t020/N8/egn08w.9647E+01
nstxuE204636A01t020/N8/egn08w.1265E+02,good,nstxuE204636A01t020,8,3.557142280647449,tae_like,GOOD,NO_GOOD_TEMPLATE,GOOD,REVIEW,NO_GOOD_TEMPLATE,rule_survivor_policy,,,,,True,0.7578804469973547,6f37e5407c513b76ea1d38291a18960f86d9cedf730bfecad062c5aef37ad8b5,nstxuE204636A01t020/N8/egn08w.1265E+02
nstxuE204636A01t020/N9/egn09w.6910E+01,good,nstxuE204636A01t020,9,2.6286965865697427,tae_like,GOOD,NO_GOOD_TEMPLATE,GOOD,REVIEW,NO_GOOD_TEMPLATE,rule_survivor_policy,,,,,True,0.7037420899082379,f6d2b6775d799e9df24f6de1b56bd3d45a90db223c4b4d16bec73c4a612a8fba,nstxuE204636A01t020/N9/egn09w.6910E+01
nstxuE204636A01t020/N9/egn09w.1260E+02,good,nstxuE204636A01t020,9,3.548983549001816,tae_like,GOOD,NO_GOOD_TEMPLATE,GOOD,REVIEW,NO_GOOD_TEMPLATE,rule_survivor_policy,,,,,True,0.5537222353534725,17342547bf3e32813b15110a94c6edf41882f3aba2f5b3e66a2cddb4961f04f5,nstxuE204636A01t020/N9/egn09w.1260E+02
nstxuE204636A01t020/N10/egn10w.6931E+01,good,nstxuE204636A01t020,10,2.632735996662976,tae_like,GOOD,NO_GOOD_TEMPLATE,GOOD,REVIEW,NO_GOOD_TEMPLATE,rule_survivor_policy,,,,,True,0.46711300649618426,420b95feab39446d38e53be923824c595322ec60eb0f8aeb77fdde547831aa53,nstxuE204636A01t020/N10/egn10w.6931E+01
nstxuE204636A01t020/N10/egn10w.9561E+01,good,nstxuE204636A01t020,10,3.0921492901750818,tae_like,GOOD,NO_GOOD_TEMPLATE,GOOD,REVIEW,NO_GOOD_TEMPLATE,rule_survivor_policy,,,,,True,0.5756864680717947,6ead475c351e460a7921b9a73d6b4da21cd818a872fff4272e45e812311d2978,nstxuE204636A01t020/N10/egn10w.9561E+01
nstxuE204636A01t020/N10/egn10w.1090E+02,good,nstxuE204636A01t020,10,3.3008799570650766,tae_like,GOOD,NO_GOOD_TEMPLATE,GOOD,REVIEW,NO_GOOD_TEMPLATE,rule_survivor_policy,,,,,True,0.8508432700390676,04993dd889759abffb07386f3e501b33d9bc3e0d489b6257790e793fa80518a6,nstxuE204636A01t020/N10/egn10w.1090E+02
nstxuE204636A01t020/N10/egn10w.1158E+02,good,nstxuE204636A01t020,10,3.4028973873909036,tae_like,GOOD,NO_GOOD_TEMPLATE,GOOD,REVIEW,NO_GOOD_TEMPLATE,rule_survivor_policy,,,,,True,0.9000911694469081,4f237177e491d1f3149305685f18d52d27de59bcfc762d6fbc12f5be2e46235a,nstxuE204636A01t020/N10/egn10w.1158E+02
nstxuE204636A01t020/N10/egn10w.1317E+02,good,nstxuE204636A01t020,10,3.628763217926504,tae_like,GOOD,NO_GOOD_TEMPLATE,GOOD,REVIEW,NO_GOOD_TEMPLATE,rule_survivor_policy,,,,,True,0.552713428202989,de9d56982333dd67c071b10bedfaae2fd0b1db0cd7c53d8652ae46881f363081,nstxuE204636A01t020/N10/egn10w.1317E+02
nstxuE204636A01t020/N10/egn10w.1402E+02,good,nstxuE204636A01t020,10,3.7439445351882266,tae_like,GOOD,NO_GOOD_TEMPLATE,GOOD,REVIEW,NO_GOOD_TEMPLATE,rule_survivor_policy,,,,,True,0.5771025291502749,f47bd1d44b451b26abbd17bc3b47182f4b9ea30f381f1fa713793b5a3aee511a,nstxuE204636A01t020/N10/egn10w.1402E+02
nstxuE204636A01t020/N10/egn10w.1687E+02,good,nstxuE204636A01t020,10,4.107894782938993,tae_like,GOOD,NO_GOOD_TEMPLATE,GOOD,REVIEW,NO_GOOD_TEMPLATE,rule_survivor_policy,,,,,True,0.6085619627316867,3bd5db95d3f60dadada54b434b0eff9b8513652e71cbced9de50d1e9d7aa0354,nstxuE204636A01t020/N10/egn10w.1687E+02
nstxuE204645A16t015/N1/egn01w.3712E+01,good,nstxuE204645A16t015,1,1.9265324529713939,tae_like,GOOD,NO_GOOD_TEMPLATE,GOOD,REVIEW,NO_GOOD_TEMPLATE,rule_survivor_policy,,,,,True,0.5402868264807694,0b660a373f11569c2c15954523a98abaf43ab03876311c48647664efa63dad01,nstxuE204645A16t015/N1/egn01w.3712E+01
nstxuE204645A16t015/N1/egn01w.3997E+01,good,nstxuE204645A16t015,1,1.999244627603959,tae_like,GOOD,NO_GOOD_TEMPLATE,GOOD,REVIEW,NO_GOOD_TEMPLATE,rule_survivor_policy,,,,,True,0.892918788599564,064763556ea186ce5741a2fb0c481cbcf2772a96e038b79b42dee789e77c2d26,nstxuE204645A16t015/N1/egn01w.3997E+01
nstxuE204645A16t015/N1/egn01w.4672E+01,good,nstxuE204645A16t015,1,2.1613744765491902,tae_like,GOOD,NO_GOOD_TEMPLATE,GOOD,REVIEW,NO_GOOD_TEMPLATE,rule_survivor_policy,,,,,True,0.4741501381553607,1e9b7824ad94396fcc87291b036a2b4d9c11550e68c03a99cc4f28de6f6944e2,nstxuE204645A16t015/N1/egn01w.4672E+01
nstxuE204645A16t015/N1/egn01w.6657E+01,good,nstxuE204645A16t015,1,2.580143747111113,tae_like,GOOD,NO_GOOD_TEMPLATE,GOOD,REVIEW,NO_GOOD_TEMPLATE,rule_survivor_policy,,,,,True,0.1421744513502318,832edc0f0a879c677662fc4bc14f39f6a747c9d130e6099785f2dbf58d089915,nstxuE204645A16t015/N1/egn01w.6657E+01
nstxuE204645A16t015/N1/egn01w.6792E+01,good,nstxuE204645A16t015,1,2.606054852753335,tae_like,GOOD,NO_GOOD_TEMPLATE,GOOD,REVIEW,NO_GOOD_TEMPLATE,rule_survivor_policy,,,,,True,0.7288918345061022,1288e06c29cc56a6e204273f47bde96f02c0970eb6bbfc47cf2be85b2474e789,nstxuE204645A16t015/N1/egn01w.6792E+01
nstxuE204645A16t015/N2/egn02w.5749E+01,good,nstxuE204645A16t015,2,2.397604673895632,tae_like,GOOD,NO_GOOD_TEMPLATE,GOOD,REVIEW,NO_GOOD_TEMPLATE,rule_survivor_policy,,,,,True,0.16381060014086635,6722ce20a542692d84433fd60e8bdfb965919006ec12354bb165055960d4696f,nstxuE204645A16t015/N2/egn02w.5749E+01
nstxuE204645A16t015/N2/egn02w.6170E+01,good,nstxuE204645A16t015,2,2.483984214962108,tae_like,GOOD,NO_GOOD_TEMPLATE,GOOD,REVIEW,NO_GOOD_TEMPLATE,rule_survivor_policy,,,,,True,0.12722852373120408,6dd2cb76c359058653b223277f4302c8ad35c53c9f8fdaf1c516226911162a50,nstxuE204645A16t015/N2/egn02w.6170E+01
nstxuE204645A16t015/N2/egn02w.6546E+01,good,nstxuE204645A16t015,2,2.5585189510460618,tae_like,GOOD,NO_GOOD_TEMPLATE,GOOD,REVIEW,NO_GOOD_TEMPLATE,rule_survivor_policy,,,,,True,0.20970230518526334,b801eb3a3d91c30ed45fe2e7d796671ee2cdb3850ea294dcba016f7ee971a715,nstxuE204645A16t015/N2/egn02w.6546E+01
nstxuE204645A16t015/N3/egn03w.4032E+01,good,nstxuE204645A16t015,3,2.0079633685382436,tae_like,GOOD,NO_GOOD_TEMPLATE,GOOD,REVIEW,NO_GOOD_TEMPLATE,rule_survivor_policy,,,,,True,0.16795445732744962,bd2cc0fd6a0739eeeb6c96173660ad7b4d95b0434ff83da6a230e3bceb349718,nstxuE204645A16t015/N3/egn03w.4032E+01
nstxuE204645A16t015/N4/egn04w.3958E+01,good,nstxuE204645A16t015,4,1.989528830944952,tae_like,GOOD,NO_GOOD_TEMPLATE,GOOD,REVIEW,NO_GOOD_TEMPLATE,rule_survivor_policy,,,,,True,0.33531920663988657,5684ed8c1ef363e4d0c73042c550cafdd20019949b9e22e0b3a82a3a09586fd0,nstxuE204645A16t015/N4/egn04w.3958E+01
nstxuE204645A16t015/N4/egn04w.5487E+01,good,nstxuE204645A16t015,4,2.3423759678483056,tae_like,GOOD,NO_GOOD_TEMPLATE,GOOD,REVIEW,NO_GOOD_TEMPLATE,rule_survivor_policy,,,,,True,0.2992998549116624,0243fcb95440861fbd7fff5e5a58f9b48c62ab13918e2d97ab76bbf68818e92c,nstxuE204645A16t015/N4/egn04w.5487E+01
nstxuE204645A16t015/N4/egn04w.6435E+01,good,nstxuE204645A16t015,4,2.5368263179157013,tae_like,GOOD,NO_GOOD_TEMPLATE,GOOD,REVIEW,NO_GOOD_TEMPLATE,rule_survivor_policy,,,,,True,0.43026367269745636,ca7d5ea5c42a169bfbbcc63c2d6677e571af622a2b89c513b14573300952aadc,nstxuE204645A16t015/N4/egn04w.6435E+01
nstxuE204645A16t015/N5/egn05w.4990E+01,good,nstxuE204645A16t015,5,2.2338081839939354,tae_like,GOOD,NO_GOOD_TEMPLATE,GOOD,REVIEW,NO_GOOD_TEMPLATE,rule_survivor_policy,,,,,True,0.3034493835430008,2351ec094e6c39d2d4021aa260bbe177b41d0ef6c1c6ee761e4cf71c1e430cdf,nstxuE204645A16t015/N5/egn05w.4990E+01
nstxuE204645A16t015/N5/egn05w.6142E+01,good,nstxuE204645A16t015,5,2.478315962559981,tae_like,GOOD,NO_GOOD_TEMPLATE,GOOD,REVIEW,NO_GOOD_TEMPLATE,rule_survivor_policy,,,,,True,0.24552692338989113,28112b79bede1fb942893e5473610a0f4b42db43a5288dae9e7e56db196f3658,nstxuE204645A16t015/N5/egn05w.6142E+01
nstxuE204645A16t015/N5/egn05w.8551E+01,good,nstxuE204645A16t015,5,2.92424966829662,tae_like,GOOD,NO_GOOD_TEMPLATE,GOOD,REVIEW,NO_GOOD_TEMPLATE,rule_survivor_policy,,,,,True,0.6039828944987631,e14f705a433865dd3283864911b68fefd8aefbfd71f5b1ec41a4707612ce74c8,nstxuE204645A16t015/N5/egn05w.8551E+01
nstxuE204645A16t015/N6/egn06w.3624E+01,good,nstxuE204645A16t015,6,1.903699963380695,tae_like,GOOD,NO_GOOD_TEMPLATE,GOOD,REVIEW,NO_GOOD_TEMPLATE,rule_survivor_policy,,,,,True,0.507613049247587,70f9ca5317ea3c9d301d10ad89e035e64c91e5f4ce0ea9e0b4091b963547147d,nstxuE204645A16t015/N6/egn06w.3624E+01
nstxuE204645A16t015/N6/egn06w.3862E+01,good,nstxuE204645A16t015,6,1.9650880338230001,tae_like,GOOD,NO_GOOD_TEMPLATE,GOOD,REVIEW,NO_GOOD_TEMPLATE,rule_survivor_policy,,,,,True,0.4860083964567897,2d6d14d67bc25629de1ed2e055724e2c9fdf63cd0e10e2ee6df82cc953fd7b3e,nstxuE204645A16t015/N6/egn06w.3862E+01
nstxuE204645A16t015/N6/egn06w.4039E+01,good,nstxuE204645A16t015,6,2.009811907665511,tae_like,GOOD,NO_GOOD_TEMPLATE,GOOD,REVIEW,NO_GOOD_TEMPLATE,rule_survivor_policy,,,,,True,0.7050419670224397,6b1f1dec4a4500a0b2a60aaedbf1e2d63a9c1b022b6407afde7b9b180b27f3e4,nstxuE204645A16t015/N6/egn06w.4039E+01
nstxuE204645A16t015/N6/egn06w.4127E+01,good,nstxuE204645A16t015,6,2.0314426148554277,tae_like,GOOD,NO_GOOD_TEMPLATE,GOOD,REVIEW,NO_GOOD_TEMPLATE,rule_survivor_policy,,,,,True,0.6410058904920646,a28c9104bd7c91f3880fd53b1bb4979e435ed407f0c47a347bfc532a9c3fe626,nstxuE204645A16t015/N6/egn06w.4127E+01
nstxuE204645A16t015/N6/egn06w.4256E+01,good,nstxuE204645A16t015,6,2.0629700047607966,tae_like,GOOD,NO_GOOD_TEMPLATE,GOOD,REVIEW,NO_GOOD_TEMPLATE,rule_survivor_policy,,,,,True,0.2005813995038764,39040e2b51349c2203160f95f4ea3165f7973fdc5b2baa222a026d939717c345,nstxuE204645A16t015/N6/egn06w.4256E+01
nstxuE204645A16t015/N6/egn06w.4338E+01,good,nstxuE204645A16t015,6,2.082769283566732,tae_like,GOOD,NO_GOOD_TEMPLATE,GOOD,REVIEW,NO_GOOD_TEMPLATE,rule_survivor_policy,,,,,True,0.8217049115851741,96ac1063bcbd051706005505a71cddebe8ad1aac994f61a441995912f8b143b8,nstxuE204645A16t015/N6/egn06w.4338E+01
nstxuE204645A16t015/N6/egn06w.4765E+01,good,nstxuE204645A16t015,6,2.1828689819106177,tae_like,GOOD,NO_GOOD_TEMPLATE,GOOD,REVIEW,NO_GOOD_TEMPLATE,rule_survivor_policy,,,,,True,0.8335335238905683,06e7f8ec5bdc198aa098fdc5b828aafaca837d032e6bf593c3187fa78d0570c4,nstxuE204645A16t015/N6/egn06w.4765E+01
nstxuE204645A16t015/N6/egn06w.4867E+01,good,nstxuE204645A16t015,6,2.206237012131891,tae_like,GOOD,NO_GOOD_TEMPLATE,GOOD,REVIEW,NO_GOOD_TEMPLATE,rule_survivor_policy,,,,,True,0.35102625670182674,fe2743cd34d7db9fef0c2f1d216ee6bb967b223f8f3603db92ab004108363ca8,nstxuE204645A16t015/N6/egn06w.4867E+01
nstxuE204645A16t015/N6/egn06w.5969E+01,good,nstxuE204645A16t015,6,2.443152237514956,tae_like,GOOD,NO_GOOD_TEMPLATE,GOOD,REVIEW,NO_GOOD_TEMPLATE,rule_survivor_policy,,,,,True,0.498090505855795,72103fa2bdfe93e0416241dcdbde6625dd5d9ae459f66f476caeea550c74ad7c,nstxuE204645A16t015/N6/egn06w.5969E+01
nstxuE204645A16t015/N6/egn06w.6133E+01,good,nstxuE204645A16t015,6,2.476461712418679,tae_like,GOOD,NO_GOOD_TEMPLATE,GOOD,REVIEW,NO_GOOD_TEMPLATE,rule_survivor_policy,,,,,True,0.24991229930889003,08f1226a015297fc4c0be61d9f2b109a036aa26ba7d5df45a1d70881763e2a7a,nstxuE204645A16t015/N6/egn06w.6133E+01
nstxuE204645A16t015/N6/egn06w.6228E+01,good,nstxuE204645A16t015,6,2.495506086359222,tae_like,GOOD,NO_GOOD_TEMPLATE,GOOD,REVIEW,NO_GOOD_TEMPLATE,rule_survivor_policy,,,,,True,0.3555279266451351,5f012a494ed8355742e6b77395a77daff4aba8b48f71f5a9a7d98beceaf7e83b,nstxuE204645A16t015/N6/egn06w.6228E+01
nstxuE204645A16t015/N6/egn06w.6395E+01,good,nstxuE204645A16t015,6,2.5289084666083803,tae_like,GOOD,NO_GOOD_TEMPLATE,GOOD,REVIEW,NO_GOOD_TEMPLATE,rule_survivor_policy,,,,,True,0.735664927345015,0aaf047175347fa1be132483237e4839a8a9fd3a2580dc325e240d1ec8bde0ce,nstxuE204645A16t015/N6/egn06w.6395E+01
nstxuE204645A16t015/N7/egn07w.2244E+01,good,nstxuE204645A16t015,7,1.4981127193165276,tae_like,GOOD,NO_GOOD_TEMPLATE,GOOD,REVIEW,NO_GOOD_TEMPLATE,rule_survivor_policy,,,,,True,0.7395811651608283,fa563e31608dbf75c68d16f70ee4e9c085b8184b49960de4ad769d78f2fb6258,nstxuE204645A16t015/N7/egn07w.2244E+01
nstxuE204645A16t015/N7/egn07w.2265E+01,good,nstxuE204645A16t015,7,1.504990797846824,tae_like,GOOD,NO_GOOD_TEMPLATE,GOOD,REVIEW,NO_GOOD_TEMPLATE,rule_survivor_policy,,,,,True,0.8412535753792119,c5f5a37c0ac9c01bf0c5619908d101dfc49d8d848244aca2ea05a47a2c8bf4f0,nstxuE204645A16t015/N7/egn07w.2265E+01
nstxuE204645A16t015/N7/egn07w.2794E+01,good,nstxuE204645A16t015,7,1.671589260198467,tae_like,GOOD,NO_GOOD_TEMPLATE,GOOD,REVIEW,NO_GOOD_TEMPLATE,rule_survivor_policy,,,,,True,0.599700758942916,8698c9c67b342eeaab2b131646c9fb349f905cc453430d48ae9fc3f3b920bad9,nstxuE204645A16t015/N7/egn07w.2794E+01
nstxuE204645A16t015/N7/egn07w.3901E+01,good,nstxuE204645A16t015,7,1.9750021470049963,tae_like,GOOD,NO_GOOD_TEMPLATE,GOOD,REVIEW,NO_GOOD_TEMPLATE,rule_survivor_policy,,,,,True,0.7446734793755827,c4866d3b1ac560ae0ef581ad6346324d5cc7ff2ca2e1d96329202c02ace95476,nstxuE204645A16t015/N7/egn07w.3901E+01
nstxuE204645A16t015/N7/egn07w.4074E+01,good,nstxuE204645A16t015,7,2.0183895132963983,tae_like,GOOD,NO_GOOD_TEMPLATE,GOOD,REVIEW,NO_GOOD_TEMPLATE,rule_survivor_policy,,,,,True,0.8934022496640864,1e6b62253ae21addacf6f1855335e46fdca3afd88df147618111ff19d1225e41,nstxuE204645A16t015/N7/egn07w.4074E+01
nstxuE204645A16t015/N7/egn07w.4136E+01,good,nstxuE204645A16t015,7,2.033696338109858,tae_like,GOOD,edge spike is part of mode structure,BAD,BAD,BAD_GRID_SCALE_SPIKE,manual_override,GOOD,edge spike is part of mode structure,Elena,2026-09-14T18:44:59.392422+00:00,True,1.0676803531978425,94a6a54cf5a4a22fe5b59f0838a9652b81d81f6e1e304d9f180dc7be9f770e6a,nstxuE204645A16t015/N7/egn07w.4136E+01
nstxuE204645A16t015/N7/egn07w.4255E+01,good,nstxuE204645A16t015,7,2.062861000603894,tae_like,GOOD,edge spike is part of mode structure,BAD,BAD,BAD_GRID_SCALE_SPIKE,manual_override,GOOD,edge spike is part of mode structure,Elena,2026-09-14T18:44:59.392422+00:00,True,1.1653626176894203,50667425a1be9170d7b5089f1593457295f62be0a8bb5a369a679e6fd8e13d8f,nstxuE204645A16t015/N7/egn07w.4255E+01
nstxuE204645A16t015/N7/egn07w.4446E+01,good,nstxuE204645A16t015,7,2.1085064610523103,tae_like,GOOD,NO_GOOD_TEMPLATE,GOOD,REVIEW,NO_GOOD_TEMPLATE,rule_survivor_policy,,,,,True,0.677316352100443,383ab0cfc9b62df51bbdd995384e735cf05f82baa589d8ca1d295ad94ef10125,nstxuE204645A16t015/N7/egn07w.4446E+01
nstxuE204645A16t015/N7/egn07w.4564E+01,good,nstxuE204645A16t015,7,2.1362623018069917,tae_like,GOOD,NO_GOOD_TEMPLATE,GOOD,REVIEW,NO_GOOD_TEMPLATE,rule_survivor_policy,,,,,True,0.5980832851006949,ae36c148f5d0dd7a97e5887eec726c4c1d431598ea56d35e15007527c4cdc760,nstxuE204645A16t015/N7/egn07w.4564E+01
nstxuE204645A16t015/N7/egn07w.4791E+01,good,nstxuE204645A16t015,7,2.1888327119805617,tae_like,GOOD,NO_GOOD_TEMPLATE,GOOD,REVIEW,NO_GOOD_TEMPLATE,rule_survivor_policy,,,,,True,0.4347243121938979,2a2d29b1d9a6384780b63fdcc8aef12c5e1b27cc8959c9508e4672d17fc56076,nstxuE204645A16t015/N7/egn07w.4791E+01
nstxuE204645A16t015/N7/egn07w.4975E+01,good,nstxuE204645A16t015,7,2.2304031107840996,tae_like,GOOD,NO_GOOD_TEMPLATE,GOOD,REVIEW,NO_GOOD_TEMPLATE,rule_survivor_policy,,,,,True,0.6205895134976042,a5f1e0066b0d00eb0b08012d34f1cd16be9725a3d8824d321dec00d417cf73fd,nstxuE204645A16t015/N7/egn07w.4975E+01
nstxuE204645A16t015/N7/egn07w.5249E+01,good,nstxuE204645A16t015,7,2.2910043463260537,tae_like,GOOD,NO_GOOD_TEMPLATE,GOOD,REVIEW,NO_GOOD_TEMPLATE,rule_survivor_policy,,,,,True,0.6046172213951637,65b34513722e9daf024981eb6586dc28b39a67bac29b95439f06e89aa12af450,nstxuE204645A16t015/N7/egn07w.5249E+01
nstxuE204645A16t015/N7/egn07w.5368E+01,good,nstxuE204645A16t015,7,2.3169379202018074,tae_like,GOOD,NO_GOOD_TEMPLATE,GOOD,REVIEW,NO_GOOD_TEMPLATE,rule_survivor_policy,,,,,True,0.5737686255837645,c4a1d60c9ba716f7c868b3ad0d9c11af8c4459ad4b8d52d01c77a51af14048d5,nstxuE204645A16t015/N7/egn07w.5368E+01
nstxuE204645A16t015/N7/egn07w.5667E+01,good,nstxuE204645A16t015,7,2.3805172562877064,tae_like,GOOD,NO_GOOD_TEMPLATE,GOOD,REVIEW,NO_GOOD_TEMPLATE,rule_survivor_policy,,,,,True,0.6168252051794376,13b974a80d12e1376b34e4c36f52abe40e624a1f3bbf74e96b6e2903cb1ac3a1,nstxuE204645A16t015/N7/egn07w.5667E+01
nstxuE204645A16t015/N7/egn07w.5921E+01,good,nstxuE204645A16t015,7,2.433257684354534,tae_like,GOOD,NO_GOOD_TEMPLATE,GOOD,REVIEW,NO_GOOD_TEMPLATE,rule_survivor_policy,,,,,True,0.5659472324487271,d097391f0e8a737a07d7034c30227bd00b6a7636f04f1001f38e83f398ec03d3,nstxuE204645A16t015/N7/egn07w.5921E+01
nstxuE204645A16t015/N7/egn07w.5946E+01,good,nstxuE204645A16t015,7,2.4384958639571606,tae_like,GOOD,NO_GOOD_TEMPLATE,GOOD,REVIEW,NO_GOOD_TEMPLATE,rule_survivor_policy,,,,,True,0.5727165497765049,da4eddc4b50c1e809ff43303fc343e1835198b25d86fb153679df10fa8ac63b6,nstxuE204645A16t015/N7/egn07w.5946E+01
nstxuE204645A16t015/N7/egn07w.6025E+01,good,nstxuE204645A16t015,7,2.4544888619836858,tae_like,GOOD,NO_GOOD_TEMPLATE,GOOD,REVIEW,NO_GOOD_TEMPLATE,rule_survivor_policy,,,,,True,0.6029217931387834,01705e1b0b55f053285c03d1c62889be3c241f1e19ee0da577828a5fa7b94de3,nstxuE204645A16t015/N7/egn07w.6025E+01
nstxuE204645A16t015/N7/egn07w.6162E+01,good,nstxuE204645A16t015,7,2.482333497937687,tae_like,GOOD,NO_GOOD_TEMPLATE,GOOD,REVIEW,NO_GOOD_TEMPLATE,rule_survivor_policy,,,,,True,0.3953778250194849,3419c27b1ca08c13f5e44dd792d0242ef77e4e4a703c7ae5e80044108370c12a,nstxuE204645A16t015/N7/egn07w.6162E+01
nstxuE204645A16t015/N8/egn08w.3645E+01,good,nstxuE204645A16t015,8,1.9093074999913,tae_like,GOOD,NO_GOOD_TEMPLATE,GOOD,REVIEW,NO_GOOD_TEMPLATE,rule_survivor_policy,,,,,True,0.6390370375887919,7b92965aaff4ce7566659b6ddf620d7e217a9ac793f2c183fd19f7e23b7aeb58,nstxuE204645A16t015/N8/egn08w.3645E+01
nstxuE204645A16t015/N8/egn08w.3750E+01,good,nstxuE204645A16t015,8,1.9364017605785513,tae_like,GOOD,NO_GOOD_TEMPLATE,GOOD,REVIEW,NO_GOOD_TEMPLATE,rule_survivor_policy,,,,,True,0.8324340627974592,642e7740d09bd1686a489d6d6a69ea80897a43f469d469e6dcc88cb1805528ab,nstxuE204645A16t015/N8/egn08w.3750E+01
nstxuE204645A16t015/N8/egn08w.3796E+01,good,nstxuE204645A16t015,8,1.948372177660347,tae_like,GOOD,NO_GOOD_TEMPLATE,GOOD,REVIEW,NO_GOOD_TEMPLATE,rule_survivor_policy,,,,,True,0.706102056578313,d92b70d86ba06a428dc903d804b64c744cd18e59602354e3b0a2aa9090412ca1,nstxuE204645A16t015/N8/egn08w.3796E+01
nstxuE204645A16t015/N8/egn08w.3966E+01,good,nstxuE204645A16t015,8,1.9914686848191046,tae_like,GOOD,NO_GOOD_TEMPLATE,GOOD,REVIEW,NO_GOOD_TEMPLATE,rule_survivor_policy,,,,,True,0.7308208323867547,69835acb970d9d73dffc8b1678a6672db0b9986c38e2869311a188f9f88baba9,nstxuE204645A16t015/N8/egn08w.3966E+01
nstxuE204645A16t015/N8/egn08w.4180E+01,good,nstxuE204645A16t015,8,2.044390378809877,tae_like,GOOD,NO_GOOD_TEMPLATE,GOOD,REVIEW,NO_GOOD_TEMPLATE,rule_survivor_policy,,,,,True,0.602279194802717,af297db0f6807da0d7ea4d771dd408f0667a5ee412510388610474c81086f3f3,nstxuE204645A16t015/N8/egn08w.4180E+01
nstxuE204645A16t015/N8/egn08w.4586E+01,good,nstxuE204645A16t015,8,2.1414289092653758,tae_like,GOOD,NO_GOOD_TEMPLATE,GOOD,REVIEW,NO_GOOD_TEMPLATE,rule_survivor_policy,,,,,True,0.9952959128256044,41b13a69fba1a69f1b5f19428a23e53864ca39bc1c3fb1183aa9b6a43c5cc3f8,nstxuE204645A16t015/N8/egn08w.4586E+01
nstxuE204645A16t015/N8/egn08w.4885E+01,good,nstxuE204645A16t015,8,2.2102345974443813,tae_like,GOOD,NO_GOOD_TEMPLATE,GOOD,REVIEW,NO_GOOD_TEMPLATE,rule_survivor_policy,,,,,True,0.7303975984364962,0c9ea28dd708738460118454aa0043b58bbbfe4e7ea5879b2afebf995b7d3c57,nstxuE204645A16t015/N8/egn08w.4885E+01
nstxuE204645A16t015/N8/egn08w.5021E+01,good,nstxuE204645A16t015,8,2.240657286616825,tae_like,GOOD,NO_GOOD_TEMPLATE,GOOD,REVIEW,NO_GOOD_TEMPLATE,rule_survivor_policy,,,,,True,0.5742964718420992,497cb3b36476282a852a96cb1763aaf572abb7a8642c323fc02695b561230c82,nstxuE204645A16t015/N8/egn08w.5021E+01
nstxuE204645A16t015/N8/egn08w.5187E+01,good,nstxuE204645A16t015,8,2.277546053520017,tae_like,GOOD,NO_GOOD_TEMPLATE,GOOD,REVIEW,NO_GOOD_TEMPLATE,rule_survivor_policy,,,,,True,0.5975703850674269,372e142b4cfab69cc7ebf16eb24d765d726e1aa3fb70baed6e401ebfed940ba1,nstxuE204645A16t015/N8/egn08w.5187E+01
nstxuE204645A16t015/N8/egn08w.5275E+01,good,nstxuE204645A16t015,8,2.2967880063189106,tae_like,GOOD,NO_GOOD_TEMPLATE,GOOD,REVIEW,NO_GOOD_TEMPLATE,rule_survivor_policy,,,,,True,0.5852003976966536,65d60dab2c641aa8dde912a48e334072b19ab08a00725ca77161b91e11c7a421,nstxuE204645A16t015/N8/egn08w.5275E+01
nstxuE204645A16t015/N8/egn08w.5486E+01,good,nstxuE204645A16t015,8,2.3422059058386377,tae_like,GOOD,NO_GOOD_TEMPLATE,GOOD,REVIEW,NO_GOOD_TEMPLATE,rule_survivor_policy,,,,,True,0.6739301658145525,d6ad501e91201cb4ffee1ae8bb6ceb969c090fc9a7d0b5cc463f37bca3c91219,nstxuE204645A16t015/N8/egn08w.5486E+01
nstxuE204645A16t015/N8/egn08w.5625E+01,good,nstxuE204645A16t015,8,2.3717106831474863,tae_like,GOOD,NO_GOOD_TEMPLATE,GOOD,REVIEW,NO_GOOD_TEMPLATE,rule_survivor_policy,,,,,True,0.546048117120014,4b1c6c1f70b4945e576bbffdd8a217b014298edffeb90eac0188885331e3cd0d,nstxuE204645A16t015/N8/egn08w.5625E+01
nstxuE204645A16t015/N8/egn08w.5775E+01,good,nstxuE204645A16t015,8,2.4031986270460832,tae_like,GOOD,NO_GOOD_TEMPLATE,GOOD,REVIEW,NO_GOOD_TEMPLATE,rule_survivor_policy,,,,,True,0.5678002212493735,6fb1c8323fa7c9eda432f3cb6e7d5136d23add3685f58d4430981c93f34f6783,nstxuE204645A16t015/N8/egn08w.5775E+01
nstxuE204645A16t015/N8/egn08w.6314E+01,good,nstxuE204645A16t015,8,2.512734578847028,tae_like,GOOD,NO_GOOD_TEMPLATE,GOOD,REVIEW,NO_GOOD_TEMPLATE,rule_survivor_policy,,,,,True,0.630727659517395,16f4405e73e19a149bed85cb4d8842e1c24af5440c40f439076e222863859aaa,nstxuE204645A16t015/N8/egn08w.6314E+01
nstxuE204645A16t015/N8/egn08w.6898E+01,good,nstxuE204645A16t015,8,2.6263100780034265,tae_like,GOOD,NO_GOOD_TEMPLATE,GOOD,REVIEW,NO_GOOD_TEMPLATE,rule_survivor_policy,,,,,True,0.5540323382753152,adfdd207ee0a6c44ef8b8ad5b4bd1fea2f0e98b0f6beb80d6f8e4153ea7cc11f,nstxuE204645A16t015/N8/egn08w.6898E+01
nstxuE204645A16t015/N8/egn08w.7812E+01,good,nstxuE204645A16t015,8,2.795065203934144,tae_like,GOOD,NO_GOOD_TEMPLATE,GOOD,REVIEW,NO_GOOD_TEMPLATE,rule_survivor_policy,,,,,True,0.6030378028658668,ef2f62d874f796e8433f5931f3a0382649e891d9d2740afc3411f1f63c814fb6,nstxuE204645A16t015/N8/egn08w.7812E+01
nstxuE204645A16t015/N9/egn09w.4769E+01,good,nstxuE204645A16t015,9,2.1838576937149594,tae_like,GOOD,NO_GOOD_TEMPLATE,GOOD,REVIEW,NO_GOOD_TEMPLATE,rule_survivor_policy,,,,,True,0.5770418693558872,84d564f3220e8afd2fe9478fadc5f8311a8d14a1ccab66716f4042ed425c3adc,nstxuE204645A16t015/N9/egn09w.4769E+01
nstxuE204645A16t015/N9/egn09w.5044E+01,good,nstxuE204645A16t015,9,2.2459699265068136,tae_like,GOOD,NO_GOOD_TEMPLATE,GOOD,REVIEW,NO_GOOD_TEMPLATE,rule_survivor_policy,,,,,True,0.7444854144943163,e7ae9923a7be9990f249cb71f01fe3707bb7720cafba2d16e7d06882213f61eb,nstxuE204645A16t015/N9/egn09w.5044E+01
nstxuE204645A16t015/N9/egn09w.5424E+01,good,nstxuE204645A16t015,9,2.3290545322923304,tae_like,GOOD,NO_GOOD_TEMPLATE,GOOD,REVIEW,NO_GOOD_TEMPLATE,rule_survivor_policy,,,,,True,0.8818726833139273,fb0566f167c2d34ee7ba970345fd725a617b923d95d66610c80696c389f2c49b,nstxuE204645A16t015/N9/egn09w.5424E+01
nstxuE204645A16t015/N9/egn09w.5763E+01,good,nstxuE204645A16t015,9,2.400684299288844,tae_like,GOOD,NO_GOOD_TEMPLATE,GOOD,REVIEW,NO_GOOD_TEMPLATE,rule_survivor_policy,,,,,True,0.6669316359690892,fbc5163e4a2fdedea41ec8a69a6d048689401668f4a58fd7e142f44e80449c21,nstxuE204645A16t015/N9/egn09w.5763E+01
nstxuE204645A16t015/N9/egn09w.6240E+01,good,nstxuE204645A16t015,9,2.4979841276300063,tae_like,GOOD,NO_GOOD_TEMPLATE,GOOD,REVIEW,NO_GOOD_TEMPLATE,rule_survivor_policy,,,,,True,0.9418057025662852,1c671103777d04c79e3e42cf09e44b4b5fd7c501ac451dbb607ccfe550da37aa,nstxuE204645A16t015/N9/egn09w.6240E+01
nstxuE204645A16t015/N10/egn10w.3001E+01,good,nstxuE204645A16t015,10,1.7323017257741413,tae_like,GOOD,NO_GOOD_TEMPLATE,GOOD,REVIEW,NO_GOOD_TEMPLATE,rule_survivor_policy,,,,,True,0.9089299858974991,0a124cd23524ed8100acfcc1ef7ff23b64bfdaabb2c5ac29c49d2a2a4859a167,nstxuE204645A16t015/N10/egn10w.3001E+01
nstxuE204645A16t015/N10/egn10w.3878E+01,good,nstxuE204645A16t015,10,1.9691803910301782,tae_like,GOOD,NO_GOOD_TEMPLATE,GOOD,REVIEW,NO_GOOD_TEMPLATE,rule_survivor_policy,,,,,True,0.3775122622553913,ac43f4bc25bfd25482e6786019183e5962ddf7d0c8aedb0b43f2574560ef8fc7,nstxuE204645A16t015/N10/egn10w.3878E+01
nstxuE204645A16t015/N10/egn10w.4047E+01,good,nstxuE204645A16t015,10,2.011725815968685,tae_like,GOOD,NO_GOOD_TEMPLATE,GOOD,REVIEW,NO_GOOD_TEMPLATE,rule_survivor_policy,,,,,True,0.8437368224612317,cb1ce10cebbc7d1cdfa7108b2ebcf5d7ac280f92dd56401005e3f28d50b64b92,nstxuE204645A16t015/N10/egn10w.4047E+01
nstxuE204645A16t015/N10/egn10w.4193E+01,good,nstxuE204645A16t015,10,2.047621586924725,tae_like,GOOD,NO_GOOD_TEMPLATE,GOOD,REVIEW,NO_GOOD_TEMPLATE,rule_survivor_policy,,,,,True,0.9328084655855358,83c599b840b7d14c0f82e0ee9722abafe47943be3f305c63ac4a93e5ef9077f8,nstxuE204645A16t015/N10/egn10w.4193E+01
nstxuE204645A16t015/N10/egn10w.4448E+01,good,nstxuE204645A16t015,10,2.108920820987378,tae_like,GOOD,NO_GOOD_TEMPLATE,GOOD,REVIEW,NO_GOOD_TEMPLATE,rule_survivor_policy,,,,,True,0.6261648536355187,4e78b3ec615c19592819a720a6e69413265e1fabe92257af53ccbed57c747baa,nstxuE204645A16t015/N10/egn10w.4448E+01
nstxuE204645A16t015/N10/egn10w.5044E+01,good,nstxuE204645A16t015,10,2.2459727870745896,tae_like,GOOD,NO_GOOD_TEMPLATE,GOOD,REVIEW,NO_GOOD_TEMPLATE,rule_survivor_policy,,,,,True,0.6814191605149383,6b04eedefb25feff98afa25146fda65e94054f5fd330835ab670ddad3055ad0b,nstxuE204645A16t015/N10/egn10w.5044E+01
nstxuE204645A16t015/N10/egn10w.5337E+01,good,nstxuE204645A16t015,10,2.3102371018348045,tae_like,GOOD,NO_GOOD_TEMPLATE,GOOD,REVIEW,NO_GOOD_TEMPLATE,rule_survivor_policy,,,,,True,0.6792994954401513,622be4e64265561e776410ca7f7e7b69cfe4bba9e603d2d38e40aebc86b0d723,nstxuE204645A16t015/N10/egn10w.5337E+01
nstxuE204645A16t015/N10/egn10w.5642E+01,good,nstxuE204645A16t015,10,2.3751890831068305,tae_like,GOOD,NO_GOOD_TEMPLATE,GOOD,REVIEW,NO_GOOD_TEMPLATE,rule_survivor_policy,,,,,True,0.6912232341703376,83cde675723517117573d4dd147b603bd62a97a49202410182ecf5ad07ace4ee,nstxuE204645A16t015/N10/egn10w.5642E+01
nstxuE204645A16t015/N10/egn10w.6093E+01,good,nstxuE204645A16t015,10,2.4683176982425157,tae_like,GOOD,NO_GOOD_TEMPLATE,GOOD,REVIEW,NO_GOOD_TEMPLATE,rule_survivor_policy,,,,,True,0.7903456036943817,8b70192f10f727f0b6d24c5907da5578832535358557a1e05da3f350e5e498b6,nstxuE204645A16t015/N10/egn10w.6093E+01
nstxuE204645A16t015/N10/egn10w.6482E+01,good,nstxuE204645A16t015,10,2.5459677105295757,tae_like,GOOD,NO_GOOD_TEMPLATE,GOOD,REVIEW,NO_GOOD_TEMPLATE,rule_survivor_policy,,,,,True,0.9952436895146404,1ebb5a73dd40e3e8ccba99282d6e6e9cd71984fd02e4456fb6064ae633308323,nstxuE204645A16t015/N10/egn10w.6482E+01
nstxuE204645A16t015/N10/egn10w.6803E+01,good,nstxuE204645A16t015,10,2.608164311003198,tae_like,GOOD,NO_GOOD_TEMPLATE,GOOD,REVIEW,NO_GOOD_TEMPLATE,rule_survivor_policy,,,,,True,0.840415201955742,94a3ca1205031f670037ea912c23c3bf35b5bcdcb4ab2d405e59e1fff487220a,nstxuE204645A16t015/N10/egn10w.6803E+01
nstxuE204645A16t015/N10/egn10w.7647E+01,good,nstxuE204645A16t015,10,2.765375025872097,tae_like,GOOD,NO_GOOD_TEMPLATE,GOOD,REVIEW,NO_GOOD_TEMPLATE,rule_survivor_policy,,,,,True,0.9300721570241955,2d270fd7044a3319316438dd0fcc618a02d040c35a55bfe719c328655845262e,nstxuE204645A16t015/N10/egn10w.7647E+01
nstxuE204645A16t015/N10/egn10w.8119E+01,good,nstxuE204645A16t015,10,2.849359616852761,tae_like,GOOD,NO_GOOD_TEMPLATE,GOOD,REVIEW,NO_GOOD_TEMPLATE,rule_survivor_policy,,,,,True,0.7019888134568586,f15aa3c9ab20315c2a1eb9c0d3700722c4c70b635410b5b0bec54c53202bcade,nstxuE204645A16t015/N10/egn10w.8119E+01
nstxuE204645A16t015/N10/egn10w.8351E+01,good,nstxuE204645A16t015,10,2.8898878861027497,tae_like,GOOD,NO_GOOD_TEMPLATE,GOOD,REVIEW,NO_GOOD_TEMPLATE,rule_survivor_policy,,,,,True,0.7019942116230437,9c00c5f7662e03e058156a5541b4a2f8ec83d601b3e265ccccb2a1c4a1f64587,nstxuE204645A16t015/N10/egn10w.8351E+01
nstxuE204645A16t015/N10/egn10w.8871E+01,good,nstxuE204645A16t015,10,2.9783678174606845,tae_like,GOOD,NO_GOOD_TEMPLATE,GOOD,REVIEW,NO_GOOD_TEMPLATE,rule_survivor_policy,,,,,True,0.6968072041924189,80842102c9f6dcc19fc1d2451dd6cc3a218dc739761e29b83260f47b076daed8,nstxuE204645A16t015/N10/egn10w.8871E+01
nstxuE204645A16t015/N10/egn10w.9138E+01,good,nstxuE204645A16t015,10,3.0229458452078184,tae_like,GOOD,NO_GOOD_TEMPLATE,GOOD,REVIEW,NO_GOOD_TEMPLATE,rule_survivor_policy,,,,,True,0.6650295842288586,29faced3bdfbdf249f36025eb035b54dfc91000945ec912a9369b3ae1ba8efdc,nstxuE204645A16t015/N10/egn10w.9138E+01
nstxuE204645A16t015/N10/egn10w.9410E+01,good,nstxuE204645A16t015,10,3.067550464320239,tae_like,GOOD,NO_GOOD_TEMPLATE,GOOD,REVIEW,NO_GOOD_TEMPLATE,rule_survivor_policy,,,,,True,0.6660070004705274,a4e35aa8b77f9274d8dc79d68bf87ec9f8b4c3ff7bd92ffa1a16c56baa5412b8,nstxuE204645A16t015/N10/egn10w.9410E+01
nstxuE204645A16t015/N10/egn10w.9701E+01,good,nstxuE204645A16t015,10,3.114656813881198,tae_like,GOOD,NO_GOOD_TEMPLATE,GOOD,REVIEW,NO_GOOD_TEMPLATE,rule_survivor_policy,,,,,True,0.7012891828020574,73c7681e9a238ff8b90f2c7021ebf84e099b87b9597fcbb8def5b299782262ae,nstxuE204645A16t015/N10/egn10w.9701E+01
nstxuE204678M01t017/N1/egn01w.1699E+01,good,nstxuE204678M01t017,1,1.303292667570776,tae_like,GOOD,NO_GOOD_TEMPLATE,GOOD,REVIEW,NO_GOOD_TEMPLATE,rule_survivor_policy,,,,,True,0.7174427256407426,a3eb2b1d8d0e803d11fa10d8a30e202809ba4f9c345cc4792434c60f649a2ad1,nstxuE204678M01t017/N1/egn01w.1699E+01
nstxuE204678M01t017/N1/egn01w.2119E+01,good,nstxuE204678M01t017,1,1.4556723304348922,tae_like,GOOD,NO_GOOD_TEMPLATE,GOOD,REVIEW,NO_GOOD_TEMPLATE,rule_survivor_policy,,,,,True,0.14523794656778463,0240e2b3f9aae11d90f563353257234e76151e60a31aa0297de70df5f6476740,nstxuE204678M01t017/N1/egn01w.2119E+01
nstxuE204678M01t017/N1/egn01w.3299E+01,good,nstxuE204678M01t017,1,1.8163946218501597,tae_like,GOOD,NO_GOOD_TEMPLATE,GOOD,REVIEW,NO_GOOD_TEMPLATE,rule_survivor_policy,,,,,True,0.10110160812211526,493c11a35430d361c0e424612a57cd5a0b44c398ad2596029fea8741138657f1,nstxuE204678M01t017/N1/egn01w.3299E+01
nstxuE204678M01t017/N2/egn02w.1849E+01,good,nstxuE204678M01t017,2,1.3599569137881526,tae_like,GOOD,NO_GOOD_TEMPLATE,GOOD,REVIEW,NO_GOOD_TEMPLATE,rule_survivor_policy,,,,,True,0.17401224360687279,e99bef7ad692a13649e458240aa3b3e85020fbcf34d0b5d779a23e99355091f8,nstxuE204678M01t017/N2/egn02w.1849E+01
nstxuE204678M01t017/N2/egn02w.2118E+01,good,nstxuE204678M01t017,2,1.4554361837579057,tae_like,GOOD,NO_GOOD_TEMPLATE,GOOD,REVIEW,NO_GOOD_TEMPLATE,rule_survivor_policy,,,,,True,0.2117995060876937,3cbf73f125a8059df09d1007887ed747a8e4428dd50ec37b65debe566ffe2cbc,nstxuE204678M01t017/N2/egn02w.2118E+01
nstxuE204678M01t017/N2/egn02w.2922E+01,good,nstxuE204678M01t017,2,1.7093197861644724,tae_like,GOOD,NO_GOOD_TEMPLATE,GOOD,REVIEW,NO_GOOD_TEMPLATE,rule_survivor_policy,,,,,True,0.16896769287905516,2c6a4a3ae7aa10f7b452bf87fb8c54c7f68d2d8401e1ad159af5a8dcc3e15fb2,nstxuE204678M01t017/N2/egn02w.2922E+01
nstxuE204678M01t017/N2/egn02w.5093E+01,good,nstxuE204678M01t017,2,2.2567569753168906,tae_like,GOOD,NO_GOOD_TEMPLATE,GOOD,REVIEW,NO_GOOD_TEMPLATE,rule_survivor_policy,,,,,True,0.15025146608877216,3a6cd2c7db64d4bcb8a03c2906e9498aee3303b81f073b6d5b40cdbf95e64fae,nstxuE204678M01t017/N2/egn02w.5093E+01
nstxuE204678M01t017/N3/egn03w.1975E+01,good,nstxuE204678M01t017,3,1.4054326480654824,tae_like,GOOD,NO_GOOD_TEMPLATE,GOOD,REVIEW,NO_GOOD_TEMPLATE,rule_survivor_policy,,,,,True,0.24782036372747124,bbf1918dd10e1c717cb757e72eab1753782a3d3e18ef87ae8cee8e16175bc278,nstxuE204678M01t017/N3/egn03w.1975E+01
nstxuE204678M01t017/N3/egn03w.2266E+01,good,nstxuE204678M01t017,3,1.5052191701561581,tae_like,GOOD,NO_GOOD_TEMPLATE,GOOD,REVIEW,NO_GOOD_TEMPLATE,rule_survivor_policy,,,,,True,0.290505345003462,4f7aa9dc12300b317873da0da7416849914b44e8b9e744af6372c3331720855a,nstxuE204678M01t017/N3/egn03w.2266E+01
nstxuE204678M01t017/N3/egn03w.2815E+01,good,nstxuE204678M01t017,3,1.6778616146951562,tae_like,GOOD,NO_GOOD_TEMPLATE,GOOD,REVIEW,NO_GOOD_TEMPLATE,rule_survivor_policy,,,,,True,0.2507302664640069,91df1839655c210c9f56b05e9e361203cd3d9d9722cfed15c9b0d50c7fe38667,nstxuE204678M01t017/N3/egn03w.2815E+01
nstxuE204678M01t017/N3/egn03w.3866E+01,good,nstxuE204678M01t017,3,1.9662581478609589,tae_like,GOOD,NO_GOOD_TEMPLATE,GOOD,REVIEW,NO_GOOD_TEMPLATE,rule_survivor_policy,,,,,True,0.248732240710746,44f4f166b68ce8c9c5fe76ab9c4c3eb8e48e7e45e55dc5387fcd42d962560855,nstxuE204678M01t017/N3/egn03w.3866E+01
nstxuE204678M01t017/N4/egn04w.2100E+01,good,nstxuE204678M01t017,4,1.4492208003780362,tae_like,GOOD,NO_GOOD_TEMPLATE,GOOD,REVIEW,NO_GOOD_TEMPLATE,rule_survivor_policy,,,,,True,0.5116188979898911,546a35c1385b35367f8257ec2a3d53f32ea90c0bec795de33cecad78dffa9764,nstxuE204678M01t017/N4/egn04w.2100E+01
nstxuE204678M01t017/N4/egn04w.2802E+01,good,nstxuE204678M01t017,4,1.6739359914078538,tae_like,GOOD,NO_GOOD_TEMPLATE,GOOD,REVIEW,NO_GOOD_TEMPLATE,rule_survivor_policy,,,,,True,0.32961041024368615,9698063feaef121e3f9532cc9a52b76dff61c4cd832c0923b86bface499d251e,nstxuE204678M01t017/N4/egn04w.2802E+01
nstxuE204678M01t017/N4/egn04w.3426E+01,good,nstxuE204678M01t017,4,1.850907091695533,tae_like,GOOD,NO_GOOD_TEMPLATE,GOOD,REVIEW,NO_GOOD_TEMPLATE,rule_survivor_policy,,,,,True,0.3309056615689177,8079b701cb70b7b79123e46b4627e0a28a4d3426f5b99de32134d1403c227aa6,nstxuE204678M01t017/N4/egn04w.3426E+01
nstxuE204678M01t017/N4/egn04w.4764E+01,good,nstxuE204678M01t017,4,2.1825834669146875,tae_like,GOOD,NO_GOOD_TEMPLATE,GOOD,REVIEW,NO_GOOD_TEMPLATE,rule_survivor_policy,,,,,True,0.3978763316165662,5112e30ed659914bfb00d26fc04dc2649eaa5f9fc281daca66ab0f52feb9d60e,nstxuE204678M01t017/N4/egn04w.4764E+01
nstxuE204678M01t017/N4/egn04w.7674E+01,good,nstxuE204678M01t017,4,2.7701429422017667,tae_like,GOOD,NO_GOOD_TEMPLATE,GOOD,REVIEW,NO_GOOD_TEMPLATE,rule_survivor_policy,,,,,True,0.6710201352634894,e5ef399fb2d19469b7d777669d87c150a40e35601caa674e28cb82bbf1503bcf,nstxuE204678M01t017/N4/egn04w.7674E+01
nstxuE204678M01t017/N5/egn05w.1923E+01,good,nstxuE204678M01t017,5,1.3866259119219884,tae_like,GOOD,NO_GOOD_TEMPLATE,GOOD,REVIEW,NO_GOOD_TEMPLATE,rule_survivor_policy,,,,,True,0.5693452343521701,90a40cb432b1279a26d75d7ed74294c0fed90602810365e70c4bbdff1ffb5b8e,nstxuE204678M01t017/N5/egn05w.1923E+01
nstxuE204678M01t017/N5/egn05w.2149E+01,good,nstxuE204678M01t017,5,1.465841053049162,tae_like,GOOD,NO_GOOD_TEMPLATE,GOOD,REVIEW,NO_GOOD_TEMPLATE,rule_survivor_policy,,,,,True,0.7776271860647286,daf8373390a9c33b22993cbc52e00a52862aac7a07f06050a09a6b5648aaaa4d,nstxuE204678M01t017/N5/egn05w.2149E+01
nstxuE204678M01t017/N5/egn05w.2844E+01,good,nstxuE204678M01t017,5,1.6865618204069126,tae_like,GOOD,NO_GOOD_TEMPLATE,GOOD,REVIEW,NO_GOOD_TEMPLATE,rule_survivor_policy,,,,,True,0.4746332339099116,daf8b750e7478d777625764dd2edab47270b977ee5e946d6c4e62a622344e47e,nstxuE204678M01t017/N5/egn05w.2844E+01
nstxuE204678M01t017/N5/egn05w.3303E+01,good,nstxuE204678M01t017,5,1.817458974438336,tae_like,GOOD,NO_GOOD_TEMPLATE,GOOD,REVIEW,NO_GOOD_TEMPLATE,rule_survivor_policy,,,,,True,0.4980690866977813,5f6d350a956f8016117ed212e3dfd27c81e1c6ecd8951800ea5bb5624244f6fc,nstxuE204678M01t017/N5/egn05w.3303E+01
nstxuE204678M01t017/N5/egn05w.4118E+01,good,nstxuE204678M01t017,5,2.029366852280501,tae_like,GOOD,NO_GOOD_TEMPLATE,GOOD,REVIEW,NO_GOOD_TEMPLATE,rule_survivor_policy,,,,,True,0.4334329225979226,8fccbd7a79f75d6a27a100ebf6e1411958dc0db841821aca1f848c52f81dd6f6,nstxuE204678M01t017/N5/egn05w.4118E+01
nstxuE204678M01t017/N6/egn06w.2006E+01,good,nstxuE204678M01t017,6,1.4163047430569422,tae_like,GOOD,NO_GOOD_TEMPLATE,GOOD,REVIEW,NO_GOOD_TEMPLATE,rule_survivor_policy,,,,,True,0.48618238985676643,80cf19ecf113dfb15cd11d443cfb0143d7583e72867cf3fbd2a00250dcc481ca,nstxuE204678M01t017/N6/egn06w.2006E+01
nstxuE204678M01t017/N6/egn06w.2122E+01,good,nstxuE204678M01t017,6,1.45680618367185,tae_like,GOOD,NO_GOOD_TEMPLATE,GOOD,REVIEW,NO_GOOD_TEMPLATE,rule_survivor_policy,,,,,True,0.5817954774876362,32e0e58d5c1420f162f74ad32540dced7fb598313f6f49c4189be6b554e56c79,nstxuE204678M01t017/N6/egn06w.2122E+01
nstxuE204678M01t017/N6/egn06w.2231E+01,good,nstxuE204678M01t017,6,1.493742731140099,tae_like,GOOD,NO_GOOD_TEMPLATE,GOOD,REVIEW,NO_GOOD_TEMPLATE,rule_survivor_policy,,,,,True,0.49944626384889385,8f2753617e97952c6fc87f8219385fce83d7cd7bbf9499cbd5d77f6bc51682f5,nstxuE204678M01t017/N6/egn06w.2231E+01
nstxuE204678M01t017/N6/egn06w.2640E+01,good,nstxuE204678M01t017,6,1.6248542998320088,tae_like,GOOD,NO_GOOD_TEMPLATE,GOOD,REVIEW,NO_GOOD_TEMPLATE,rule_survivor_policy,,,,,True,0.952573836922338,8b26268c023bdd6327a5c65f9c86f6d86540a967346ea2ce046fad83f3f95882,nstxuE204678M01t017/N6/egn06w.2640E+01
nstxuE204678M01t017/N6/egn06w.2766E+01,good,nstxuE204678M01t017,6,1.6631584213225514,tae_like,GOOD,NO_GOOD_TEMPLATE,GOOD,REVIEW,NO_GOOD_TEMPLATE,rule_survivor_policy,,,,,True,0.6147625213723407,670997da4566e58e245aff0f12e61aecb6bb27fe90ed7c077bc9c513cdc9805e,nstxuE204678M01t017/N6/egn06w.2766E+01
nstxuE204678M01t017/N6/egn06w.2911E+01,good,nstxuE204678M01t017,6,1.7062480796331017,tae_like,GOOD,NO_GOOD_TEMPLATE,GOOD,REVIEW,NO_GOOD_TEMPLATE,rule_survivor_policy,,,,,True,0.4990612904521339,9f9f882b3cf5a3aedb614006ac47c30018fef6ed8dd6916ba32a1aabecf0c2a6,nstxuE204678M01t017/N6/egn06w.2911E+01
nstxuE204678M01t017/N6/egn06w.3042E+01,good,nstxuE204678M01t017,6,1.7441976396166836,tae_like,GOOD,NO_GOOD_TEMPLATE,GOOD,REVIEW,NO_GOOD_TEMPLATE,rule_survivor_policy,,,,,True,0.7313229961793147,60d8b39cb2c9b66ebc3fee62349143d30626c3238c8db0aa639a71bcc4d99d95,nstxuE204678M01t017/N6/egn06w.3042E+01
nstxuE204678M01t017/N6/egn06w.3218E+01,good,nstxuE204678M01t017,6,1.7938042267844074,tae_like,GOOD,NO_GOOD_TEMPLATE,GOOD,REVIEW,NO_GOOD_TEMPLATE,rule_survivor_policy,,,,,True,0.665959506931194,f3494fa544a2536876dfdb6aa8a0c75efbcbd0f514b21d1ae02a6bfff7a94bae,nstxuE204678M01t017/N6/egn06w.3218E+01
nstxuE204678M01t017/N6/egn06w.3465E+01,good,nstxuE204678M01t017,6,1.8615571422420096,tae_like,GOOD,NO_GOOD_TEMPLATE,GOOD,REVIEW,NO_GOOD_TEMPLATE,rule_survivor_policy,,,,,True,0.7345795310285406,40cb8637ee258a7ac90c314df3f620165b6429e29d2e26e84c5740437f9ec89a,nstxuE204678M01t017/N6/egn06w.3465E+01
nstxuE204678M01t017/N7/egn07w.2178E+01,good,nstxuE204678M01t017,7,1.4757634115935911,tae_like,GOOD,NO_GOOD_TEMPLATE,GOOD,REVIEW,NO_GOOD_TEMPLATE,rule_survivor_policy,,,,,True,0.5540560124905043,2972f600bb5be679a57d256600ba3ee86446ac10979427ee1b3be7855a3b3239,nstxuE204678M01t017/N7/egn07w.2178E+01
nstxuE204678M01t017/N7/egn07w.2324E+01,good,nstxuE204678M01t017,7,1.524389884492296,tae_like,GOOD,NO_GOOD_TEMPLATE,GOOD,REVIEW,NO_GOOD_TEMPLATE,rule_survivor_policy,,,,,True,0.33285019683544104,894ab8756097bed1663c79c21d4093196f8a405216d3cc9749dd31c7a37f8b42,nstxuE204678M01t017/N7/egn07w.2324E+01
nstxuE204678M01t017/N7/egn07w.2998E+01,good,nstxuE204678M01t017,7,1.731346447472599,tae_like,GOOD,NO_GOOD_TEMPLATE,GOOD,REVIEW,NO_GOOD_TEMPLATE,rule_survivor_policy,,,,,True,0.4854114197136331,72c393fa9929b960917d622e0e37dee1d1d1caf9b1aecf6410f5cad5b2c1173d,nstxuE204678M01t017/N7/egn07w.2998E+01
nstxuE204678M01t017/N7/egn07w.3334E+01,good,nstxuE204678M01t017,7,1.8258247871501012,tae_like,GOOD,NO_GOOD_TEMPLATE,GOOD,REVIEW,NO_GOOD_TEMPLATE,rule_survivor_policy,,,,,True,0.6370720245314518,3a99ed71c1802933eae46587b9b861db498d1d1cc30f58a77b08a837eb3dde38,nstxuE204678M01t017/N7/egn07w.3334E+01
nstxuE204678M01t017/N7/egn07w.4222E+01,good,nstxuE204678M01t017,7,2.0548286736071915,tae_like,GOOD,NO_GOOD_TEMPLATE,GOOD,REVIEW,NO_GOOD_TEMPLATE,rule_survivor_policy,,,,,True,0.6228235306151395,823dce73acc56539cc3cf61a5e9458345339d12447a79e907d2351993b5b5afb,nstxuE204678M01t017/N7/egn07w.4222E+01
nstxuE204678M01t017/N7/egn07w.5048E+01,good,nstxuE204678M01t017,7,2.2467106918731146,tae_like,GOOD,NO_GOOD_TEMPLATE,GOOD,REVIEW,NO_GOOD_TEMPLATE,rule_survivor_policy,,,,,True,0.18733693983337354,b554f8fc9a34b96f931d84c10464badbfb5c4036e02ae1358dd3da1a56f3b328,nstxuE204678M01t017/N7/egn07w.5048E+01
nstxuE204678M01t017/N8/egn08w.2378E+01,good,nstxuE204678M01t017,8,1.542033516948673,tae_like,GOOD,NO_GOOD_TEMPLATE,GOOD,REVIEW,NO_GOOD_TEMPLATE,rule_survivor_policy,,,,,True,0.43072473523281485,f5fc6a740e44cc1b603ffb173f36416edb2f474252b5c8a84574652fcbd9f5f1,nstxuE204678M01t017/N8/egn08w.2378E+01
nstxuE204678M01t017/N8/egn08w.2586E+01,good,nstxuE204678M01t017,8,1.6081375783842362,tae_like,GOOD,NO_GOOD_TEMPLATE,GOOD,REVIEW,NO_GOOD_TEMPLATE,rule_survivor_policy,,,,,True,0.344068657123417,78ade3a8f7f6209311b977f2bc7f0bbff7490aff5a2598c298c8a64e75469aec,nstxuE204678M01t017/N8/egn08w.2586E+01
nstxuE204678M01t017/N8/egn08w.3940E+01,good,nstxuE204678M01t017,8,1.984827898482737,tae_like,GOOD,NO_GOOD_TEMPLATE,GOOD,REVIEW,NO_GOOD_TEMPLATE,rule_survivor_policy,,,,,True,0.5110094069428599,4f791b36c93d81c500a574c0edc6503689cc35acd5d49bf17f2b8efdee63f295,nstxuE204678M01t017/N8/egn08w.3940E+01
nstxuE204678M01t017/N8/egn08w.4398E+01,good,nstxuE204678M01t017,8,2.097042714780777,tae_like,GOOD,NO_GOOD_TEMPLATE,GOOD,REVIEW,NO_GOOD_TEMPLATE,rule_survivor_policy,,,,,True,0.5616725982822193,2503744cefbaed1c8e0a3234b44dbfc878a86ff4818381b469af29064a1f613a,nstxuE204678M01t017/N8/egn08w.4398E+01
nstxuE204678M01t017/N8/egn08w.4682E+01,good,nstxuE204678M01t017,8,2.1638135485248267,tae_like,GOOD,NO_GOOD_TEMPLATE,GOOD,REVIEW,NO_GOOD_TEMPLATE,rule_survivor_policy,,,,,True,0.6405421916117082,fdee959c4f304151aac14a7251a31cdd2b84132832673116e72d2a12bf368312,nstxuE204678M01t017/N8/egn08w.4682E+01
nstxuE204678M01t017/N8/egn08w.6248E+01,good,nstxuE204678M01t017,8,2.499678484670973,tae_like,GOOD,NO_GOOD_TEMPLATE,GOOD,REVIEW,NO_GOOD_TEMPLATE,rule_survivor_policy,,,,,True,0.6252086419210047,6437ace997f1e22dd3cb2597deefc367bcfe5ceb129fc5b07abece19e844ea8f,nstxuE204678M01t017/N8/egn08w.6248E+01
nstxuE204678M01t017/N8/egn08w.6914E+01,good,nstxuE204678M01t017,8,2.6293808408227064,tae_like,GOOD,NO_GOOD_TEMPLATE,GOOD,REVIEW,NO_GOOD_TEMPLATE,rule_survivor_policy,,,,,True,0.6114386458473656,af1141e76acdfe24a705ac83f7d82f1868da44041b15fe189ba11bd7af4711dc,nstxuE204678M01t017/N8/egn08w.6914E+01
nstxuE204678M01t017/N9/egn09w.2438E+01,good,nstxuE204678M01t017,9,1.5613200725789156,tae_like,GOOD,NO_GOOD_TEMPLATE,GOOD,REVIEW,NO_GOOD_TEMPLATE,rule_survivor_policy,,,,,True,0.8966436629153524,6a7593278b8d87061bb0775433e6d3bd9ad37780c1d9a355cdc90ff1f4005ccd,nstxuE204678M01t017/N9/egn09w.2438E+01
nstxuE204678M01t017/N9/egn09w.2640E+01,good,nstxuE204678M01t017,9,1.6248898858820489,tae_like,GOOD,NO_GOOD_TEMPLATE,GOOD,REVIEW,NO_GOOD_TEMPLATE,rule_survivor_policy,,,,,True,0.47944206829339736,e51cd09cd2c9f1f3917bb317847daee76e7c50fb5777ae277458f8cb795f2444,nstxuE204678M01t017/N9/egn09w.2640E+01
nstxuE204678M01t017/N9/egn09w.3056E+01,good,nstxuE204678M01t017,9,1.7481455679100701,tae_like,GOOD,NO_GOOD_TEMPLATE,GOOD,REVIEW,NO_GOOD_TEMPLATE,rule_survivor_policy,,,,,True,0.5294972966169957,3bc9a4efa6c35acc73f2df2f97ff8a79bb8a9ec7f58133f84569259816149c5a,nstxuE204678M01t017/N9/egn09w.3056E+01
nstxuE204678M01t017/N9/egn09w.3282E+01,good,nstxuE204678M01t017,9,1.8115529654947335,tae_like,GOOD,NO_GOOD_TEMPLATE,GOOD,REVIEW,NO_GOOD_TEMPLATE,rule_survivor_policy,,,,,True,0.5204026522719066,fa5ec328a31d9772bea4febd88b29592ac2e456fb97236242cdc119fc83d7d6b,nstxuE204678M01t017/N9/egn09w.3282E+01
nstxuE204678M01t017/N9/egn09w.4100E+01,good,nstxuE204678M01t017,9,2.024786972530269,tae_like,GOOD,NO_GOOD_TEMPLATE,GOOD,REVIEW,NO_GOOD_TEMPLATE,rule_survivor_policy,,,,,True,0.5600996208988038,1d2897a3fd611fa76bcf386c6b3bb189159f2a94e0ebec0f1ed6cfd35142671b,nstxuE204678M01t017/N9/egn09w.4100E+01
nstxuE204678M01t017/N9/egn09w.4421E+01,good,nstxuE204678M01t017,9,2.102571569769573,tae_like,GOOD,NO_GOOD_TEMPLATE,GOOD,REVIEW,NO_GOOD_TEMPLATE,rule_survivor_policy,,,,,True,0.5600547123556281,321f3cd8f292174eb29d7659ca28a4892109f52ba1bd124a4034c3a968b2f096,nstxuE204678M01t017/N9/egn09w.4421E+01
nstxuE204678M01t017/N9/egn09w.5293E+01,good,nstxuE204678M01t017,9,2.3007064467667484,tae_like,GOOD,NO_GOOD_TEMPLATE,GOOD,REVIEW,NO_GOOD_TEMPLATE,rule_survivor_policy,,,,,True,0.5845184030415713,0b380e391e1af8cfec8b82d7d0707504f02e5e066d027919af3c0ff60394122c,nstxuE204678M01t017/N9/egn09w.5293E+01
nstxuE204678M01t017/N9/egn09w.6677E+01,good,nstxuE204678M01t017,9,2.583930863001124,tae_like,GOOD,NO_GOOD_TEMPLATE,GOOD,REVIEW,NO_GOOD_TEMPLATE,rule_survivor_policy,,,,,True,0.5505559124696947,85d232f678ce4ca880b7746c2b867ffe8bef747b2d6f912cc8f1cd1d805f0781,nstxuE204678M01t017/N9/egn09w.6677E+01
nstxuE204678M01t017/N9/egn09w.7041E+01,good,nstxuE204678M01t017,9,2.6534074380072807,tae_like,GOOD,NO_GOOD_TEMPLATE,GOOD,REVIEW,NO_GOOD_TEMPLATE,rule_survivor_policy,,,,,True,0.5537024947634891,de32c6d626d483a18dd58f1a4531697910162fd68f8b8861ca840e31bbb20a17,nstxuE204678M01t017/N9/egn09w.7041E+01
nstxuE204678M01t017/N9/egn09w.7430E+01,good,nstxuE204678M01t017,9,2.7257250401028017,tae_like,GOOD,NO_GOOD_TEMPLATE,GOOD,REVIEW,NO_GOOD_TEMPLATE,rule_survivor_policy,,,,,True,0.5779690202960344,cca5ed53d90c77c2b50f258ec39d11d82fa828fb30ddd927b4a212ebfd685d3e,nstxuE204678M01t017/N9/egn09w.7430E+01
nstxuE204678M01t017/N9/egn09w.7856E+01,good,nstxuE204678M01t017,9,2.802777878524925,tae_like,GOOD,NO_GOOD_TEMPLATE,GOOD,REVIEW,NO_GOOD_TEMPLATE,rule_survivor_policy,,,,,True,0.5821136121740199,ba6e20d9d2801020408a3e390ce4ab961fa28cdd904a80afa21b884bffc2d0be,nstxuE204678M01t017/N9/egn09w.7856E+01
nstxuE204678M01t017/N9/egn09w.8290E+01,good,nstxuE204678M01t017,9,2.8792548428083826,tae_like,GOOD,NO_GOOD_TEMPLATE,GOOD,REVIEW,NO_GOOD_TEMPLATE,rule_survivor_policy,,,,,True,0.6532135245911146,a072120892101452061ef0cda2156473c719a2544788b74e710a29e3bb023294,nstxuE204678M01t017/N9/egn09w.8290E+01
nstxuE204678M01t017/N9/egn09w.8734E+01,good,nstxuE204678M01t017,9,2.9552789067938723,tae_like,GOOD,NO_GOOD_TEMPLATE,GOOD,REVIEW,NO_GOOD_TEMPLATE,rule_survivor_policy,,,,,True,0.7063794889062482,f93835b8b0e7f2916f3e6994b83d3b9a465de7a9d69ff641079145356b396eea,nstxuE204678M01t017/N9/egn09w.8734E+01
nstxuE204678M01t017/N9/egn09w.1081E+02,good,nstxuE204678M01t017,9,3.2871293661145073,tae_like,GOOD,NO_GOOD_TEMPLATE,GOOD,REVIEW,NO_GOOD_TEMPLATE,rule_survivor_policy,,,,,True,0.8568418349751441,2ed976a57c0f373ca7e1b2d15b1abe9d74ee6f22f57c2bc192275b61af0d81a4,nstxuE204678M01t017/N9/egn09w.1081E+02
nstxuE204678M01t017/N10/egn10w.2958E+01,good,nstxuE204678M01t017,10,1.7200284942918793,tae_like,GOOD,NO_GOOD_TEMPLATE,GOOD,REVIEW,NO_GOOD_TEMPLATE,rule_survivor_policy,,,,,True,0.9215426108852742,7fbcd3169ccda33d3aabef7d245d944b9b734dd4699a2cd31955504faaad945e,nstxuE204678M01t017/N10/egn10w.2958E+01
nstxuE204678M01t017/N10/egn10w.3072E+01,good,nstxuE204678M01t017,10,1.7527885076146494,tae_like,GOOD,NO_GOOD_TEMPLATE,GOOD,REVIEW,NO_GOOD_TEMPLATE,rule_survivor_policy,,,,,True,0.5409208488250953,f7ac7afa3ef0a63ad1f45675e6a28121f079157ffd3722f1d18052e737f2b582,nstxuE204678M01t017/N10/egn10w.3072E+01
nstxuE204678M01t017/N10/egn10w.3398E+01,good,nstxuE204678M01t017,10,1.843359333611464,tae_like,GOOD,NO_GOOD_TEMPLATE,GOOD,REVIEW,NO_GOOD_TEMPLATE,rule_survivor_policy,,,,,True,0.9184736429366979,ac753e1a524277db945151b0488dc9496782d340c465cf59dce0c03d271dfece,nstxuE204678M01t017/N10/egn10w.3398E+01
nstxuE204678M01t017/N10/egn10w.3661E+01,good,nstxuE204678M01t017,10,1.9134553615492185,tae_like,GOOD,NO_GOOD_TEMPLATE,GOOD,REVIEW,NO_GOOD_TEMPLATE,rule_survivor_policy,,,,,True,0.6570454466469036,57383d679ae4bc90794703bb952ab774419500e40ab19b95a81173b1e6d3c415,nstxuE204678M01t017/N10/egn10w.3661E+01
nstxuE204678M01t017/N10/egn10w.3936E+01,good,nstxuE204678M01t017,10,1.983992594214512,tae_like,GOOD,NO_GOOD_TEMPLATE,GOOD,REVIEW,NO_GOOD_TEMPLATE,rule_survivor_policy,,,,,True,0.5972599838594911,da8dc7c164d35eb41ab03b6144a3b6c86adfe2cf24191a325ed5f41f5cf61e7c,nstxuE204678M01t017/N10/egn10w.3936E+01
nstxuE204678M01t017/N10/egn10w.4329E+01,good,nstxuE204678M01t017,10,2.0806490039286643,tae_like,GOOD,NO_GOOD_TEMPLATE,GOOD,REVIEW,NO_GOOD_TEMPLATE,rule_survivor_policy,,,,,True,0.21270767211974329,aed0b62c37af0638f283c10188394b5c0341a94eae4765cc6266f21f8425d95b,nstxuE204678M01t017/N10/egn10w.4329E+01
nstxuE204678M01t017/N10/egn10w.4410E+01,good,nstxuE204678M01t017,10,2.100091963740579,tae_like,GOOD,NO_GOOD_TEMPLATE,GOOD,REVIEW,NO_GOOD_TEMPLATE,rule_survivor_policy,,,,,True,0.5190775114814358,39c7b61e03671e9e774126f6394908263ef3b06ea3eb7dde722d36f95455f615,nstxuE204678M01t017/N10/egn10w.4410E+01
nstxuE204678M01t017/N10/egn10w.5493E+01,good,nstxuE204678M01t017,10,2.3436647462564677,tae_like,GOOD,NO_GOOD_TEMPLATE,GOOD,REVIEW,NO_GOOD_TEMPLATE,rule_survivor_policy,,,,,True,0.5756875713014363,9d952f8f5d4c7471b20b6216b0aeebc091071ef83d772596dd5bb1dd446ea910,nstxuE204678M01t017/N10/egn10w.5493E+01
nstxuE204678M01t017/N10/egn10w.6554E+01,good,nstxuE204678M01t017,10,2.5601606981133957,tae_like,GOOD,NO_GOOD_TEMPLATE,GOOD,REVIEW,NO_GOOD_TEMPLATE,rule_survivor_policy,,,,,True,0.6269824394233028,176eb93114c9adc74e73c695e1d64753c0d2bebf5105916b89d2c5e1635b7cd8,nstxuE204678M01t017/N10/egn10w.6554E+01
nstxuE204678M01t017/N10/egn10w.6946E+01,good,nstxuE204678M01t017,10,2.635560387610843,tae_like,GOOD,NO_GOOD_TEMPLATE,GOOD,REVIEW,NO_GOOD_TEMPLATE,rule_survivor_policy,,,,,True,0.5374459254963103,58b9e577929f71f0e9dd04487ff216e9b3b2ebaee2c3c1bc515cdf78447e1a6d,nstxuE204678M01t017/N10/egn10w.6946E+01
nstxuE204678M01t017/N10/egn10w.7336E+01,good,nstxuE204678M01t017,10,2.708482673429855,tae_like,GOOD,NO_GOOD_TEMPLATE,GOOD,REVIEW,NO_GOOD_TEMPLATE,rule_survivor_policy,,,,,True,0.5517151752978112,44a310af31ff986adf4b9b647ed89aa848e9b38bd989f15b22c1aec819f0fbf0,nstxuE204678M01t017/N10/egn10w.7336E+01
nstxuE204678M01t017/N10/egn10w.7737E+01,good,nstxuE204678M01t017,10,2.7815904766463615,tae_like,GOOD,NO_GOOD_TEMPLATE,GOOD,REVIEW,NO_GOOD_TEMPLATE,rule_survivor_policy,,,,,True,0.5767589526159616,447ad496e4fd7325a998d88023f32b7aba6bfcd7b2ac13f9f0e0b6609e53a28e,nstxuE204678M01t017/N10/egn10w.7737E+01
nstxuE204678M01t017/N10/egn10w.8187E+01,good,nstxuE204678M01t017,10,2.861356984933943,tae_like,GOOD,NO_GOOD_TEMPLATE,GOOD,REVIEW,NO_GOOD_TEMPLATE,rule_survivor_policy,,,,,True,0.6926093941794592,1058081bc182e471a3ee7d1d2e02b840ea85ca5b06e76ed6a6a9098496b0320c,nstxuE204678M01t017/N10/egn10w.8187E+01
nstxuE204707A04t030/N3/egn03w.9946E+01,good,nstxuE204707A04t030,3,3.1538010789978737,tae_like,GOOD,NO_GOOD_TEMPLATE,GOOD,REVIEW,NO_GOOD_TEMPLATE,rule_survivor_policy,,,,,True,0.9620084053138905,b3300b6631aac33f2c4285dda8f7705853fb99a89bf9150ce03046d45327f748,nstxuE204707A04t030/N3/egn03w.9946E+01
nstxuE204707A04t030/N3/egn03w.1298E+02,good,nstxuE204707A04t030,3,3.603306087680195,tae_like,GOOD,NO_GOOD_TEMPLATE,GOOD,REVIEW,NO_GOOD_TEMPLATE,rule_survivor_policy,,,,,True,0.434667665327842,e0b2f0e44e6b5f6641f2c3d7ceffe8a99cd9f66f15826780ebf00ea977e91afa,nstxuE204707A04t030/N3/egn03w.1298E+02
nstxuE204707A04t030/N3/egn03w.1326E+02,good,nstxuE204707A04t030,3,3.641446216956505,tae_like,GOOD,large near axis amplitude is part of mode structure,BAD,BAD,BAD_AXIS_SPIKE,manual_override,GOOD,large near axis amplitude is part of mode structure,Elena,2026-09-14T18:44:59.392422+00:00,True,1.090838958819197,73fb1dacebb8ec83216eada8cb47f92543a234b27aa8a80c5bfc25512c2d8e2e,nstxuE204707A04t030/N3/egn03w.1326E+02
nstxuE204707A04t030/N4/egn04w.1188E+02,good,nstxuE204707A04t030,4,3.446943144814768,tae_like,GOOD,NO_GOOD_TEMPLATE,GOOD,REVIEW,NO_GOOD_TEMPLATE,rule_survivor_policy,,,,,True,0.8089574964251095,77f715334e7f63815be095bcce90fc2fb8fa5c01f50777ae83bb151024f00a3a,nstxuE204707A04t030/N4/egn04w.1188E+02
nstxuE204707A04t030/N4/egn04w.1240E+02,good,nstxuE204707A04t030,4,3.522005175523522,tae_like,GOOD,NO_GOOD_TEMPLATE,GOOD,REVIEW,NO_GOOD_TEMPLATE,rule_survivor_policy,,,,,True,0.5653670598981904,b7fa95533b71490f1c4cee1bd9d0276637d8a6bab18dd4185274365973141257,nstxuE204707A04t030/N4/egn04w.1240E+02
nstxuE204707A04t030/N4/egn04w.1599E+02,good,nstxuE204707A04t030,4,3.9987540462870887,tae_like,GOOD,NO_GOOD_TEMPLATE,GOOD,REVIEW,NO_GOOD_TEMPLATE,rule_survivor_policy,,,,,True,0.4371556864093696,6069fbb66a8cdb62be26a5fe5ab6ccfc17216c6edb9cfe11121f9866010c75d0,nstxuE204707A04t030/N4/egn04w.1599E+02
nstxuE204707A04t030/N5/egn05w.1168E+02,good,nstxuE204707A04t030,5,3.4182088026604696,tae_like,GOOD,NO_GOOD_TEMPLATE,GOOD,REVIEW,NO_GOOD_TEMPLATE,rule_survivor_policy,,,,,True,0.766685606926748,55635de3f5bfd7b9688d1b8e69dc95653a79a642d44892be302d8f139fbc2df6,nstxuE204707A04t030/N5/egn05w.1168E+02
nstxuE204707A04t030/N5/egn05w.1352E+02,good,nstxuE204707A04t030,5,3.676326039631285,tae_like,GOOD,NO_GOOD_TEMPLATE,GOOD,REVIEW,NO_GOOD_TEMPLATE,rule_survivor_policy,,,,,True,0.5284159813417799,4fd316e057ea44d245b0c9721732adad5387621cbb5bf177069419b20d4f7af2,nstxuE204707A04t030/N5/egn05w.1352E+02
nstxuE204707A04t030/N5/egn05w.1355E+02,good,nstxuE204707A04t030,5,3.6808949263571185,tae_like,GOOD,NO_GOOD_TEMPLATE,GOOD,REVIEW,NO_GOOD_TEMPLATE,rule_survivor_policy,,,,,True,0.12072124778873411,28d1da5f49437777fb5a7b1bb2fd641af405aaf65b18aa119cb114d6b076fea8,nstxuE204707A04t030/N5/egn05w.1355E+02
nstxuE204707A04t030/N5/egn05w.1535E+02,good,nstxuE204707A04t030,5,3.91793056256643,tae_like,GOOD,NO_GOOD_TEMPLATE,GOOD,REVIEW,NO_GOOD_TEMPLATE,rule_survivor_policy,,,,,True,0.41820098641066306,48f8582cd4323efcfef8669dfa480b31405c951aa11ea6bd40086506b4bee568,nstxuE204707A04t030/N5/egn05w.1535E+02
nstxuE204707A04t030/N6/egn06w.1273E+02,good,nstxuE204707A04t030,6,3.567836708536826,tae_like,GOOD,NO_GOOD_TEMPLATE,GOOD,REVIEW,NO_GOOD_TEMPLATE,rule_survivor_policy,,,,,True,0.7623439483039922,0660f8de5cbf12dec49de7123bab1e8917368837752ec870909b711f16fb421c,nstxuE204707A04t030/N6/egn06w.1273E+02
nstxuE204707A04t030/N6/egn06w.1376E+02,good,nstxuE204707A04t030,6,3.7098945037047097,tae_like,GOOD,NO_GOOD_TEMPLATE,GOOD,REVIEW,NO_GOOD_TEMPLATE,rule_survivor_policy,,,,,True,0.2701503335642534,38eacdba4d81200ed483e5ef707e7df0ec374499b930a73b225c5f70c5debeb4,nstxuE204707A04t030/N6/egn06w.1376E+02
nstxuE204707A04t030/N6/egn06w.1639E+02,good,nstxuE204707A04t030,6,4.047924891753344,tae_like,GOOD,NO_GOOD_TEMPLATE,GOOD,REVIEW,NO_GOOD_TEMPLATE,rule_survivor_policy,,,,,True,0.41871599777554397,7703c551ff0f890068e286c213f5ab7630613c49efeda20634bade7d9bb4e9d4,nstxuE204707A04t030/N6/egn06w.1639E+02
nstxuE204707A04t030/N6/egn06w.1789E+02,good,nstxuE204707A04t030,6,4.229500799716517,tae_like,GOOD,NO_GOOD_TEMPLATE,GOOD,REVIEW,NO_GOOD_TEMPLATE,rule_survivor_policy,,,,,True,0.4403462859810028,5204a9aa97c6f341a075911d3c458994efa03eaabd84235708dc51b97a57c63f,nstxuE204707A04t030/N6/egn06w.1789E+02
nstxuE204707A04t030/N6/egn06w.2030E+02,good,nstxuE204707A04t030,6,4.505685028274076,tae_like,GOOD,NO_GOOD_TEMPLATE,GOOD,REVIEW,NO_GOOD_TEMPLATE,rule_survivor_policy,,,,,True,0.49753701704529313,22ac514b234ec109c1d750613de0fa8b6d15715f1eeab643838863dae73c592d,nstxuE204707A04t030/N6/egn06w.2030E+02
nstxuE204707A04t030/N7/egn07w.9900E+01,good,nstxuE204707A04t030,7,3.146373045734982,tae_like,GOOD,NO_GOOD_TEMPLATE,GOOD,REVIEW,NO_GOOD_TEMPLATE,rule_survivor_policy,,,,,True,0.529199218077981,98bfd832e96153293e1c8c920f899dac18f7f278e37eeff9ff73221ca08c5a00,nstxuE204707A04t030/N7/egn07w.9900E+01
nstxuE204707A04t030/N7/egn07w.1202E+02,good,nstxuE204707A04t030,7,3.4674632363199263,tae_like,GOOD,NO_GOOD_TEMPLATE,GOOD,REVIEW,NO_GOOD_TEMPLATE,rule_survivor_policy,,,,,True,0.7760860401733687,69d34ab56c5f83f2d10c6643d66431bfc0f7f7f1e641b0d57e62f7df9627a3ba,nstxuE204707A04t030/N7/egn07w.1202E+02
nstxuE204707A04t030/N7/egn07w.1254E+02,good,nstxuE204707A04t030,7,3.5414882001603503,tae_like,GOOD,NO_GOOD_TEMPLATE,GOOD,REVIEW,NO_GOOD_TEMPLATE,rule_survivor_policy,,,,,True,0.12572800991978367,225789d53b64ea286d032973633c7bb9d718ff359771888ccdc513f94a698e5c,nstxuE204707A04t030/N7/egn07w.1254E+02
nstxuE204707A04t030/N7/egn07w.1358E+02,good,nstxuE204707A04t030,7,3.685751006945174,tae_like,GOOD,NO_GOOD_TEMPLATE,GOOD,REVIEW,NO_GOOD_TEMPLATE,rule_survivor_policy,,,,,True,0.6535341475025801,512d0b66a281de82db7c3d8c725c543a4e7b380e162cf1611acd0987342e018e,nstxuE204707A04t030/N7/egn07w.1358E+02
nstxuE204707A04t030/N7/egn07w.1510E+02,good,nstxuE204707A04t030,7,3.885769335741907,tae_like,GOOD,NO_GOOD_TEMPLATE,GOOD,REVIEW,NO_GOOD_TEMPLATE,rule_survivor_policy,,,,,True,0.5298429841371174,24ea8bb8dc0c2fb1e37d556027eb63c40b9c267c53d6268e480d1b46bd9a9fee,nstxuE204707A04t030/N7/egn07w.1510E+02
nstxuE204707A04t030/N7/egn07w.1717E+02,good,nstxuE204707A04t030,7,4.143177279425779,tae_like,GOOD,NO_GOOD_TEMPLATE,GOOD,REVIEW,NO_GOOD_TEMPLATE,rule_survivor_policy,,,,,True,0.5517445158462253,594b84878eab14ce45a1bf5b4f5e8073e8296b7db6ed28c31c9ac6c3cc5f46b8,nstxuE204707A04t030/N7/egn07w.1717E+02
nstxuE204707A04t030/N7/egn07w.1859E+02,good,nstxuE204707A04t030,7,4.312059593263442,tae_like,GOOD,NO_GOOD_TEMPLATE,GOOD,REVIEW,NO_GOOD_TEMPLATE,rule_survivor_policy,,,,,True,0.4354213628086703,d49df238500ffdf1fc2d3abbd8d292c9263ac8341f70b3f1bdccc7e4e822e963,nstxuE204707A04t030/N7/egn07w.1859E+02
nstxuE204707A04t030/N7/egn07w.2072E+02,good,nstxuE204707A04t030,7,4.5519665944122165,tae_like,GOOD,NO_GOOD_TEMPLATE,GOOD,REVIEW,NO_GOOD_TEMPLATE,rule_survivor_policy,,,,,True,0.48732229490689327,c6601188600c283c2edca7d25991331150e1cb378293baa68fef3bb7c1536c2e,nstxuE204707A04t030/N7/egn07w.2072E+02
nstxuE204707A04t030/N7/egn07w.2330E+02,good,nstxuE204707A04t030,7,4.82670547391364,tae_like,GOOD,NO_GOOD_TEMPLATE,GOOD,REVIEW,NO_GOOD_TEMPLATE,rule_survivor_policy,,,,,True,0.5154221706358567,03255b60fbe15e0342aba394744e72bbd9c398870d09e8d097d00a4236e2e1f8,nstxuE204707A04t030/N7/egn07w.2330E+02
nstxuE204707A04t030/N8/egn08w.1141E+02,good,nstxuE204707A04t030,8,3.377206348141557,tae_like,GOOD,NO_GOOD_TEMPLATE,GOOD,REVIEW,NO_GOOD_TEMPLATE,rule_survivor_policy,,,,,True,0.5341960712895581,db6ceff3903b65e2c0f8b6252d09aeca95ba62b1d093cddf038d7af58f8deda3,nstxuE204707A04t030/N8/egn08w.1141E+02
nstxuE204707A04t030/N8/egn08w.1153E+02,good,nstxuE204707A04t030,8,3.3950303360544893,tae_like,GOOD,NO_GOOD_TEMPLATE,GOOD,REVIEW,NO_GOOD_TEMPLATE,rule_survivor_policy,,,,,True,0.1745654875677887,cc6de648831d03f7a67cd31dc7ed4649781d48881e878c19658a716c4b40a679,nstxuE204707A04t030/N8/egn08w.1153E+02
nstxuE204707A04t030/N8/egn08w.1200E+02,good,nstxuE204707A04t030,8,3.4645975174699886,tae_like,GOOD,NO_GOOD_TEMPLATE,GOOD,REVIEW,NO_GOOD_TEMPLATE,rule_survivor_policy,,,,,True,0.14321674952656546,fd7961dabe620f2c3b5ee4910d01a7e5267072506acd350627f5ab57c0edcced,nstxuE204707A04t030/N8/egn08w.1200E+02
nstxuE204707A04t030/N8/egn08w.1251E+02,good,nstxuE204707A04t030,8,3.536735594252321,tae_like,GOOD,NO_GOOD_TEMPLATE,GOOD,REVIEW,NO_GOOD_TEMPLATE,rule_survivor_policy,,,,,True,0.606608793885862,69f697f759bb412d0b964fd5b1acb82e5d057ccc20b1ce775e5da90c766eb19b,nstxuE204707A04t030/N8/egn08w.1251E+02
nstxuE204707A04t030/N8/egn08w.1277E+02,good,nstxuE204707A04t030,8,3.573227658643291,tae_like,GOOD,NO_GOOD_TEMPLATE,GOOD,REVIEW,NO_GOOD_TEMPLATE,rule_survivor_policy,,,,,True,0.10193764366135126,79b992f6617f8e1b0775114926d6f6243dbdf197c79c2f7cbbda8f2b7c9324d3,nstxuE204707A04t030/N8/egn08w.1277E+02
nstxuE204707A04t030/N8/egn08w.1398E+02,good,nstxuE204707A04t030,8,3.7386966432783124,tae_like,GOOD,NO_GOOD_TEMPLATE,GOOD,REVIEW,NO_GOOD_TEMPLATE,rule_survivor_policy,,,,,True,0.6897774591992779,01bd0463db739f03c6fe6a6988bc0a62de3c00a7fa542ac4cc80df212f14715f,nstxuE204707A04t030/N8/egn08w.1398E+02
nstxuE204707A04t030/N8/egn08w.1409E+02,good,nstxuE204707A04t030,8,3.7531106889818737,tae_like,GOOD,NO_GOOD_TEMPLATE,GOOD,REVIEW,NO_GOOD_TEMPLATE,rule_survivor_policy,,,,,True,0.0943760071941401,2d37aaa0466f561992b17f57cacd191e0f446b4e725c0d39ccad5f69cd2e3c0b,nstxuE204707A04t030/N8/egn08w.1409E+02
nstxuE204707A04t030/N8/egn08w.1741E+02,good,nstxuE204707A04t030,8,4.172782586572494,tae_like,GOOD,NO_GOOD_TEMPLATE,GOOD,REVIEW,NO_GOOD_TEMPLATE,rule_survivor_policy,,,,,True,0.5368507144695479,4014a5e9be6cf82fea791e53403e9c8922f02a48d28046d4f498112c2d42b166,nstxuE204707A04t030/N8/egn08w.1741E+02
nstxuE204707A04t030/N8/egn08w.1899E+02,good,nstxuE204707A04t030,8,4.357260204358568,tae_like,GOOD,NO_GOOD_TEMPLATE,GOOD,REVIEW,NO_GOOD_TEMPLATE,rule_survivor_policy,,,,,True,0.4500275932153126,df89115b64b6c97321021b3c25af15d1211dccce5043b5c925819fc0cd9a95c1,nstxuE204707A04t030/N8/egn08w.1899E+02
nstxuE204707A04t030/N8/egn08w.2101E+02,good,nstxuE204707A04t030,8,4.5833725202670905,tae_like,GOOD,NO_GOOD_TEMPLATE,GOOD,REVIEW,NO_GOOD_TEMPLATE,rule_survivor_policy,,,,,True,0.4846056210156597,5d203360c2dfd71ae3f58d31561aeb4fdea8443ac404b1878220cd956671f8eb,nstxuE204707A04t030/N8/egn08w.2101E+02
nstxuE204707A04t030/N8/egn08w.2334E+02,good,nstxuE204707A04t030,8,4.83110669512391,tae_like,GOOD,NO_GOOD_TEMPLATE,GOOD,REVIEW,NO_GOOD_TEMPLATE,rule_survivor_policy,,,,,True,0.4956421638556523,10446775f09a55bc4740bb47898ca20c25d57946b4a073c8b6e2e1471d7c6f68,nstxuE204707A04t030/N8/egn08w.2334E+02
nstxuE204707A04t030/N9/egn09w.9183E+01,good,nstxuE204707A04t030,9,3.030422007778828,tae_like,GOOD,NO_GOOD_TEMPLATE,GOOD,REVIEW,NO_GOOD_TEMPLATE,rule_survivor_policy,,,,,True,0.7355056015377504,759a04da5b12530d5b9e64c8ec6df4ca8d0c6b61fa913c8f23a2801bd63db135,nstxuE204707A04t030/N9/egn09w.9183E+01
nstxuE204707A04t030/N9/egn09w.1002E+02,good,nstxuE204707A04t030,9,3.1649530707369267,tae_like,GOOD,NO_GOOD_TEMPLATE,GOOD,REVIEW,NO_GOOD_TEMPLATE,rule_survivor_policy,,,,,True,0.5739970853960389,3e7a7e04ea430308a8cfa7b96b6df3eea9bae6e49c585a3bc653a4bda58ab974,nstxuE204707A04t030/N9/egn09w.1002E+02
nstxuE204707A04t030/N9/egn09w.1129E+02,good,nstxuE204707A04t030,9,3.360194208560485,tae_like,GOOD,NO_GOOD_TEMPLATE,GOOD,REVIEW,NO_GOOD_TEMPLATE,rule_survivor_policy,,,,,True,0.3875302341129531,b16bcad6049fc9c7c49170d1a73d2b35932a754a2b6f5dc6b34f3d74ddbe922f,nstxuE204707A04t030/N9/egn09w.1129E+02
nstxuE204707A04t030/N9/egn09w.1173E+02,good,nstxuE204707A04t030,9,3.424484555312283,tae_like,GOOD,NO_GOOD_TEMPLATE,GOOD,REVIEW,NO_GOOD_TEMPLATE,rule_survivor_policy,,,,,True,0.5502238902803084,b546630bcef48408253c0e3eb6548daa4a8ab96ca45a366b86ce42d48e1143e1,nstxuE204707A04t030/N9/egn09w.1173E+02
nstxuE204707A04t030/N9/egn09w.1217E+02,good,nstxuE204707A04t030,9,3.4886987864907226,tae_like,GOOD,NO_GOOD_TEMPLATE,GOOD,REVIEW,NO_GOOD_TEMPLATE,rule_survivor_policy,,,,,True,0.257402393053907,21e1d7b285fbf598405e1242e37a9d907d8a823dc49bdb143d207f60d0bc6cc4,nstxuE204707A04t030/N9/egn09w.1217E+02
nstxuE204707A04t030/N9/egn09w.1288E+02,good,nstxuE204707A04t030,9,3.5887056989602804,tae_like,GOOD,NO_GOOD_TEMPLATE,GOOD,REVIEW,NO_GOOD_TEMPLATE,rule_survivor_policy,,,,,True,0.6467836614942359,adf570c0f5af805315fde62a8099e80afe3e693a07164093be463741449659a7,nstxuE204707A04t030/N9/egn09w.1288E+02
nstxuE204707A04t030/N9/egn09w.1295E+02,good,nstxuE204707A04t030,9,3.598395881418259,tae_like,GOOD,NO_GOOD_TEMPLATE,GOOD,REVIEW,NO_GOOD_TEMPLATE,rule_survivor_policy,,,,,True,0.11564456008109497,1d05d642b9c2008cb471d05d885dfce4e184bbf598f613005da1694aaf4564db,nstxuE204707A04t030/N9/egn09w.1295E+02
nstxuE204707A04t030/N9/egn09w.1419E+02,good,nstxuE204707A04t030,9,3.767033000035341,tae_like,GOOD,NO_GOOD_TEMPLATE,GOOD,REVIEW,NO_GOOD_TEMPLATE,rule_survivor_policy,,,,,True,0.5359911910905663,404ba0e6abf0728143001afb6afe6fa059b4f57fe14e588ca91f0db1f154e0d1,nstxuE204707A04t030/N9/egn09w.1419E+02
nstxuE204707A04t030/N9/egn09w.1421E+02,good,nstxuE204707A04t030,9,3.7698153824944933,tae_like,GOOD,NO_GOOD_TEMPLATE,GOOD,REVIEW,NO_GOOD_TEMPLATE,rule_survivor_policy,,,,,True,0.12310007787057135,1a93e0dd39671530fdf655943f4795bdf74ba8d848a5c881a4854498babcef68,nstxuE204707A04t030/N9/egn09w.1421E+02
nstxuE204707A04t030/N9/egn09w.1578E+02,good,nstxuE204707A04t030,9,3.972523977478894,tae_like,GOOD,NO_GOOD_TEMPLATE,GOOD,REVIEW,NO_GOOD_TEMPLATE,rule_survivor_policy,,,,,True,0.5700990984709603,c6305d2ade54d8e09638e22082286c100c3169884b4f0dd9825627663e7f8e31,nstxuE204707A04t030/N9/egn09w.1578E+02
nstxuE204707A04t030/N9/egn09w.1923E+02,good,nstxuE204707A04t030,9,4.384752405728228,tae_like,GOOD,NO_GOOD_TEMPLATE,GOOD,REVIEW,NO_GOOD_TEMPLATE,rule_survivor_policy,,,,,True,0.5375632485950362,0bd130a5368db4a8c8c216f53436102b1f9953b17d2964edc8ff9e0383855c78,nstxuE204707A04t030/N9/egn09w.1923E+02
nstxuE204707A04t030/N9/egn09w.2316E+02,good,nstxuE204707A04t030,9,4.812014564546526,tae_like,GOOD,NO_GOOD_TEMPLATE,GOOD,REVIEW,NO_GOOD_TEMPLATE,rule_survivor_policy,,,,,True,0.48629384547282845,6a78dca013289facf46fb1859fdf58753924a69615f7cfe0185dbd84568d60ea,nstxuE204707A04t030/N9/egn09w.2316E+02
nstxuE204707A04t030/N10/egn10w.1008E+02,good,nstxuE204707A04t030,10,3.175038123346544,tae_like,GOOD,NO_GOOD_TEMPLATE,GOOD,REVIEW,NO_GOOD_TEMPLATE,rule_survivor_policy,,,,,True,0.6964084810191249,9f7f0b63670c2fdb482a6af59ed5909ea51fc754d1b5762c40e20f2d212828d6,nstxuE204707A04t030/N10/egn10w.1008E+02
nstxuE204707A04t030/N10/egn10w.1112E+02,good,nstxuE204707A04t030,10,3.3346635486552856,tae_like,GOOD,NO_GOOD_TEMPLATE,GOOD,REVIEW,NO_GOOD_TEMPLATE,rule_survivor_policy,,,,,True,0.5611803380007456,07a0638d2abfef48be542c6cb7c96bf29b8fb2ed6a57d1240db0b2d26e1b2716,nstxuE204707A04t030/N10/egn10w.1112E+02
nstxuE204707A04t030/N10/egn10w.1178E+02,good,nstxuE204707A04t030,10,3.4321118806572555,tae_like,GOOD,NO_GOOD_TEMPLATE,GOOD,REVIEW,NO_GOOD_TEMPLATE,rule_survivor_policy,,,,,True,0.3017677104503509,7b416b2ac63d3d1ccbe5818d6a790141c5e921f8b75f564f1878bbf8272b3efc,nstxuE204707A04t030/N10/egn10w.1178E+02
nstxuE204707A04t030/N10/egn10w.1232E+02,good,nstxuE204707A04t030,10,3.5096887015905507,tae_like,GOOD,NO_GOOD_TEMPLATE,GOOD,REVIEW,NO_GOOD_TEMPLATE,rule_survivor_policy,,,,,True,0.26212851211470667,23273622a332afec9325da24226e2ff92d6547ed668d471159203f09e3896dab,nstxuE204707A04t030/N10/egn10w.1232E+02
nstxuE204707A04t030/N10/egn10w.1294E+02,good,nstxuE204707A04t030,10,3.5965456803149465,tae_like,GOOD,NO_GOOD_TEMPLATE,GOOD,REVIEW,NO_GOOD_TEMPLATE,rule_survivor_policy,,,,,True,0.47540250980337123,80acf9e0a3d7d11eb926450b3720fd75a03af6880d61bc3b993007dd42b42284,nstxuE204707A04t030/N10/egn10w.1294E+02
nstxuE204707A04t030/N10/egn10w.1309E+02,good,nstxuE204707A04t030,10,3.618224015269238,tae_like,GOOD,NO_GOOD_TEMPLATE,GOOD,REVIEW,NO_GOOD_TEMPLATE,rule_survivor_policy,,,,,True,0.11505924678968932,a1afbdcc2ae8c9bdc49bb59857ed3f32534deec980c9fcbca9f41c1dd0d3f7e2,nstxuE204707A04t030/N10/egn10w.1309E+02
nstxuE204707A04t030/N10/egn10w.1408E+02,good,nstxuE204707A04t030,10,3.752528615682118,tae_like,GOOD,NO_GOOD_TEMPLATE,GOOD,REVIEW,NO_GOOD_TEMPLATE,rule_survivor_policy,,,,,True,0.538882443842804,a2526dea20b720444143c36daadaac5df68c6d69dc1f9c20a9d34b8f1fd09ce7,nstxuE204707A04t030/N10/egn10w.1408E+02
nstxuE204707A04t030/N10/egn10w.1430E+02,good,nstxuE204707A04t030,10,3.7816992175528017,tae_like,GOOD,NO_GOOD_TEMPLATE,GOOD,REVIEW,NO_GOOD_TEMPLATE,rule_survivor_policy,,,,,True,0.10779026711828806,b6a25493af61f108e8f622bcd56c47c4e2c063fe3c6dbe009bd90c7a7e0ea349,nstxuE204707A04t030/N10/egn10w.1430E+02
nstxuE204707A04t030/N10/egn10w.1580E+02,good,nstxuE204707A04t030,10,3.9747034966791115,tae_like,GOOD,NO_GOOD_TEMPLATE,GOOD,REVIEW,NO_GOOD_TEMPLATE,rule_survivor_policy,,,,,True,0.5300461187078833,22f722f74472964ab030d6847d1f32c431a4e86236de9e73ffbd891b9fda9750,nstxuE204707A04t030/N10/egn10w.1580E+02
nstxuE204707A04t030/N10/egn10w.1907E+02,good,nstxuE204707A04t030,10,4.366875091805838,tae_like,GOOD,NO_GOOD_TEMPLATE,GOOD,REVIEW,NO_GOOD_TEMPLATE,rule_survivor_policy,,,,,True,0.5535266834254317,afecddf3acc7c204ae2483de0fc99932b9f8dca58b060e3c09b2db18c0f1fd2e,nstxuE204707A04t030/N10/egn10w.1907E+02
nstxuE204707A04t030/N10/egn10w.2062E+02,good,nstxuE204707A04t030,10,4.540734742126573,tae_like,GOOD,NO_GOOD_TEMPLATE,GOOD,REVIEW,NO_GOOD_TEMPLATE,rule_survivor_policy,,,,,True,0.5057336486345283,e1684df8f767d210f95a213c57b81d435fb99b8377dceadf0e4f302f09fffc2a,nstxuE204707A04t030/N10/egn10w.2062E+02
nstxuE204707A04t030/N10/egn10w.2258E+02,good,nstxuE204707A04t030,10,4.751466510976819,tae_like,GOOD,NO_GOOD_TEMPLATE,GOOD,REVIEW,NO_GOOD_TEMPLATE,rule_survivor_policy,,,,,True,0.49287495944474086,1d97548c9553e8afee6198be3b0e4487f60090fe2f4e877a34574e46ad9a7b11,nstxuE204707A04t030/N10/egn10w.2258E+02
nstxuE204707A04t030/N10/egn10w.2497E+02,good,nstxuE204707A04t030,10,4.996802534364774,tae_like,GOOD,NO_GOOD_TEMPLATE,GOOD,REVIEW,NO_GOOD_TEMPLATE,rule_survivor_policy,,,,,True,0.4908833417943207,adf3b728ee130d7b8b5b7df92929d675acfffeb02895ddd25b3e88417a68abe6,nstxuE204707A04t030/N10/egn10w.2497E+02
nstxuE204707A04t030/N10/egn10w.3524E+02,good,nstxuE204707A04t030,10,5.936532989120927,tae_like,GOOD,NO_GOOD_TEMPLATE,GOOD,REVIEW,NO_GOOD_TEMPLATE,rule_survivor_policy,,,,,True,0.526384979990759,44c49b90ea62accdf6703993c4cbebb0069b1e0660e077858afcf0fafff2b1ae,nstxuE204707A04t030/N10/egn10w.3524E+02
nstxuE204708F03t017/N2/egn02w.8409E+01,good,nstxuE204708F03t017,2,2.899839509652805,tae_like,GOOD,NO_GOOD_TEMPLATE,GOOD,REVIEW,NO_GOOD_TEMPLATE,rule_survivor_policy,,,,,True,0.3686868971734878,3f3cf2ec08d601af58611da55a5688585b5d04e4dc4c74656be09cc91404ec44,nstxuE204708F03t017/N2/egn02w.8409E+01
nstxuE204708F03t017/N2/egn02w.8702E+01,good,nstxuE204708F03t017,2,2.9499303940550416,tae_like,GOOD,NO_GOOD_TEMPLATE,GOOD,REVIEW,NO_GOOD_TEMPLATE,rule_survivor_policy,,,,,True,0.09177781512900844,b2282fd5ac3c6c5fd017990b40c8b28a185b0196a9951a65131c7891600f91f2,nstxuE204708F03t017/N2/egn02w.8702E+01
nstxuE204708F03t017/N2/egn02w.1122E+02,good,nstxuE204708F03t017,2,3.3493853919953493,tae_like,GOOD,NO_GOOD_TEMPLATE,GOOD,REVIEW,NO_GOOD_TEMPLATE,rule_survivor_policy,,,,,True,0.19917683928517757,460a61d152e4337d8c06d60ada43c5d8751d9190bee74e1cf2d82c6558664474,nstxuE204708F03t017/N2/egn02w.1122E+02
nstxuE204708F03t017/N2/egn02w.1137E+02,good,nstxuE204708F03t017,2,3.371299979016957,tae_like,GOOD,NO_GOOD_TEMPLATE,GOOD,REVIEW,NO_GOOD_TEMPLATE,rule_survivor_policy,,,,,True,0.26592485010776074,82e20b2b8f64e7cb25fd10fe8d19cb9ccdb78ed13a48f48740271f49df2d0de9,nstxuE204708F03t017/N2/egn02w.1137E+02
nstxuE204708F03t017/N3/egn03w.7603E+01,good,nstxuE204708F03t017,3,2.7572967825163466,tae_like,GOOD,NO_GOOD_TEMPLATE,GOOD,REVIEW,NO_GOOD_TEMPLATE,rule_survivor_policy,,,,,True,0.25773129140353196,4ddc94d4d2bac703b6b18660a25ff54215fc771a8da290da7bf6b062acb2585b,nstxuE204708F03t017/N3/egn03w.7603E+01
nstxuE204708F03t017/N3/egn03w.1026E+02,good,nstxuE204708F03t017,3,3.2031980094375174,tae_like,GOOD,NO_GOOD_TEMPLATE,GOOD,REVIEW,NO_GOOD_TEMPLATE,rule_survivor_policy,,,,,True,0.3140257013335656,81b4191a54c8abf7fbba6246fec7763bf4e5fd2df08b3109de6df3c1841b8939,nstxuE204708F03t017/N3/egn03w.1026E+02
nstxuE204708F03t017/N3/egn03w.1161E+02,good,nstxuE204708F03t017,3,3.407772550231579,tae_like,GOOD,NO_GOOD_TEMPLATE,GOOD,REVIEW,NO_GOOD_TEMPLATE,rule_survivor_policy,,,,,True,0.20283001907047501,423f7fc3a1ab4dce8a8f500e6ead2ec177196d7768b6d29543ae0d3334d898db,nstxuE204708F03t017/N3/egn03w.1161E+02
nstxuE204708F03t017/N4/egn04w.6823E+01,good,nstxuE204708F03t017,4,2.6120633016088712,tae_like,GOOD,NO_GOOD_TEMPLATE,GOOD,REVIEW,NO_GOOD_TEMPLATE,rule_survivor_policy,,,,,True,0.4901100334681807,5216818e83a7b46ef6b4ea3a690c407b0df005287e7b5a78aa35774d2fb5ce5d,nstxuE204708F03t017/N4/egn04w.6823E+01
nstxuE204708F03t017/N5/egn05w.6266E+01,good,nstxuE204708F03t017,5,2.5032203251610396,tae_like,GOOD,NO_GOOD_TEMPLATE,GOOD,REVIEW,NO_GOOD_TEMPLATE,rule_survivor_policy,,,,,True,0.5417863751799296,fd6031b174e9f1f8e7a4c253580d2e337be6c2e0994df798ba375b9a169935aa,nstxuE204708F03t017/N5/egn05w.6266E+01
nstxuE204708F03t017/N5/egn05w.8136E+01,good,nstxuE204708F03t017,5,2.8523299030480973,tae_like,GOOD,NO_GOOD_TEMPLATE,GOOD,REVIEW,NO_GOOD_TEMPLATE,rule_survivor_policy,,,,,True,0.6187932869278355,f349348a6197386bbc7a61a9e1933669942b47395c2d3dd39492662992f1b395,nstxuE204708F03t017/N5/egn05w.8136E+01
nstxuE204708F03t017/N5/egn05w.8984E+01,good,nstxuE204708F03t017,5,2.997346259802379,tae_like,GOOD,NO_GOOD_TEMPLATE,GOOD,REVIEW,NO_GOOD_TEMPLATE,rule_survivor_policy,,,,,True,0.2092544272997106,0d0d18c315131fcc2603f214782d3f7bca83b21bd3806b8cc503d35e38d1a112,nstxuE204708F03t017/N5/egn05w.8984E+01
nstxuE204708F03t017/N5/egn05w.9336E+01,good,nstxuE204708F03t017,5,3.0554249135166383,tae_like,GOOD,NO_GOOD_TEMPLATE,GOOD,REVIEW,NO_GOOD_TEMPLATE,rule_survivor_policy,,,,,True,0.6447238825408692,4837e714dd420d65f073c40c81f285e9e291948deed289d6279bb3759b9c014d,nstxuE204708F03t017/N5/egn05w.9336E+01
nstxuE204708F03t017/N5/egn05w.9920E+01,good,nstxuE204708F03t017,5,3.1495487256374477,tae_like,GOOD,NO_GOOD_TEMPLATE,GOOD,REVIEW,NO_GOOD_TEMPLATE,rule_survivor_policy,,,,,True,0.6193066746748892,11f771271f124f1fa7fde00b1a47df9ac172fc2dc3afc385a12e5ee3bfec3219,nstxuE204708F03t017/N5/egn05w.9920E+01
nstxuE204708F03t017/N5/egn05w.1067E+02,good,nstxuE204708F03t017,5,3.2666683362279785,tae_like,GOOD,NO_GOOD_TEMPLATE,GOOD,REVIEW,NO_GOOD_TEMPLATE,rule_survivor_policy,,,,,True,0.6233893298905079,a848591d4ac76cb3e3694ed02b65ac7c4d485a501161fc5e22549e16c150bcf2,nstxuE204708F03t017/N5/egn05w.1067E+02
nstxuE204708F03t017/N5/egn05w.1086E+02,good,nstxuE204708F03t017,5,3.2960922929710095,tae_like,GOOD,NO_GOOD_TEMPLATE,GOOD,REVIEW,NO_GOOD_TEMPLATE,rule_survivor_policy,,,,,True,0.22120756127967509,21394f4508140f64da5aa4161962a5157bff3c62ba5621ad95100e61bbd070ec,nstxuE204708F03t017/N5/egn05w.1086E+02
nstxuE204708F03t017/N5/egn05w.1112E+02,good,nstxuE204708F03t017,5,3.33432443975873,tae_like,GOOD,NO_GOOD_TEMPLATE,GOOD,REVIEW,NO_GOOD_TEMPLATE,rule_survivor_policy,,,,,True,0.4759760189842114,1ebabd2952ff7da6dd394cac23ab76a5151a91708295efc0e5310027973292f9,nstxuE204708F03t017/N5/egn05w.1112E+02
nstxuE204708F03t017/N5/egn05w.1191E+02,good,nstxuE204708F03t017,5,3.451473170051525,tae_like,GOOD,NO_GOOD_TEMPLATE,GOOD,REVIEW,NO_GOOD_TEMPLATE,rule_survivor_policy,,,,,True,0.5993902698670593,8c6d77c234fdf272dfcbc98ae87eaa28659c4e192b9652273ed110e53141c355,nstxuE204708F03t017/N5/egn05w.1191E+02
nstxuE204708F03t017/N6/egn06w.6257E+01,good,nstxuE204708F03t017,6,2.5013126179890395,tae_like,GOOD,NO_GOOD_TEMPLATE,GOOD,REVIEW,NO_GOOD_TEMPLATE,rule_survivor_policy,,,,,True,0.6763182342521091,6fb4115adfc05d271124050c42a8d83002be3012078e5e481b2fe3dee60962a9,nstxuE204708F03t017/N6/egn06w.6257E+01
nstxuE204708F03t017/N6/egn06w.7485E+01,good,nstxuE204708F03t017,6,2.7359450379754278,tae_like,GOOD,NO_GOOD_TEMPLATE,GOOD,REVIEW,NO_GOOD_TEMPLATE,rule_survivor_policy,,,,,True,0.5747201272925038,eea8a92589a8d98f2e6e3eb574eaf7bbfc23a78e7409885e0d980c720b23a253,nstxuE204708F03t017/N6/egn06w.7485E+01
nstxuE204708F03t017/N6/egn06w.7850E+01,good,nstxuE204708F03t017,6,2.801842471957421,tae_like,GOOD,NO_GOOD_TEMPLATE,GOOD,REVIEW,NO_GOOD_TEMPLATE,rule_survivor_policy,,,,,True,0.5300721226135746,157b07735fdacd513d72e4cea9ecd96a70397a70400af685b38c43a93a8f4ed2,nstxuE204708F03t017/N6/egn06w.7850E+01
nstxuE204708F03t017/N6/egn06w.8382E+01,good,nstxuE204708F03t017,6,2.8952363644589583,tae_like,GOOD,NO_GOOD_TEMPLATE,GOOD,REVIEW,NO_GOOD_TEMPLATE,rule_survivor_policy,,,,,True,0.25503800623032286,0c4436e4b4483a607888384e88154ea67e691ea560eb5b2521a0702bf9fda260,nstxuE204708F03t017/N6/egn06w.8382E+01
nstxuE204708F03t017/N6/egn06w.8918E+01,good,nstxuE204708F03t017,6,2.9862998408246293,tae_like,GOOD,NO_GOOD_TEMPLATE,GOOD,REVIEW,NO_GOOD_TEMPLATE,rule_survivor_policy,,,,,True,0.5600145651714888,4f75319c010b6879b10440f2680ba4e2671216607e805951e072edca9d9a4997,nstxuE204708F03t017/N6/egn06w.8918E+01
nstxuE204708F03t017/N6/egn06w.1003E+02,good,nstxuE204708F03t017,6,3.166933699714624,tae_like,GOOD,NO_GOOD_TEMPLATE,GOOD,REVIEW,NO_GOOD_TEMPLATE,rule_survivor_policy,,,,,True,0.5119742359171631,7d7609d00a99f187635af667b36ca9bbd3b26a5b7d332d9530e8a6374ee51a66,nstxuE204708F03t017/N6/egn06w.1003E+02
nstxuE204708F03t017/N6/egn06w.1072E+02,good,nstxuE204708F03t017,6,3.27447491333484,tae_like,GOOD,NO_GOOD_TEMPLATE,GOOD,REVIEW,NO_GOOD_TEMPLATE,rule_survivor_policy,,,,,True,0.5046644471773915,07e10a91e82e31d16e05a80e375a3f99b64adb3240b4eb629881e0c3da00584b,nstxuE204708F03t017/N6/egn06w.1072E+02
nstxuE204708F03t017/N6/egn06w.1099E+02,good,nstxuE204708F03t017,6,3.3151588292753584,tae_like,GOOD,NO_GOOD_TEMPLATE,GOOD,REVIEW,NO_GOOD_TEMPLATE,rule_survivor_policy,,,,,True,0.25101307710428855,c23cac8eb03a2fa558ac5465f6402aecce3985f22be2a3c9c5ca13e983cc0bad,nstxuE204708F03t017/N6/egn06w.1099E+02
nstxuE204708F03t017/N6/egn06w.1198E+02,good,nstxuE204708F03t017,6,3.46156238789597,tae_like,GOOD,NO_GOOD_TEMPLATE,GOOD,REVIEW,NO_GOOD_TEMPLATE,rule_survivor_policy,,,,,True,0.8220997112706367,cffdf093a496f61add17b4e0a01bd6e683e6459cd501a29f537be1c3685bcbee,nstxuE204708F03t017/N6/egn06w.1198E+02
nstxuE204708F03t017/N6/egn06w.1286E+02,good,nstxuE204708F03t017,6,3.5863775923900376,tae_like,GOOD,NO_GOOD_TEMPLATE,GOOD,REVIEW,NO_GOOD_TEMPLATE,rule_survivor_policy,,,,,True,0.5725305501922296,bcf0f1b5cfe262feb09f2d4e61925023a75154002343d821801c11d106181079,nstxuE204708F03t017/N6/egn06w.1286E+02
nstxuE204708F03t017/N6/egn06w.1456E+02,good,nstxuE204708F03t017,6,3.8161860686027045,tae_like,GOOD,NO_GOOD_TEMPLATE,GOOD,REVIEW,NO_GOOD_TEMPLATE,rule_survivor_policy,,,,,True,0.7573577698637741,9c62aeb9f559414962f56adb8ce95a6527ffb912992615975077e97992fcef75,nstxuE204708F03t017/N6/egn06w.1456E+02
nstxuE204708F03t017/N7/egn07w.5994E+01,good,nstxuE204708F03t017,7,2.448232791504521,tae_like,GOOD,NO_GOOD_TEMPLATE,GOOD,REVIEW,NO_GOOD_TEMPLATE,rule_survivor_policy,,,,,True,0.5736504857554328,851ac974a790e93ff0e62b838bcf4d7abfc3b83a7268f72e6f6125dfbed2a94f,nstxuE204708F03t017/N7/egn07w.5994E+01
nstxuE204708F03t017/N7/egn07w.6344E+01,good,nstxuE204708F03t017,7,2.5186646497717526,tae_like,GOOD,NO_GOOD_TEMPLATE,GOOD,REVIEW,NO_GOOD_TEMPLATE,rule_survivor_policy,,,,,True,0.5464772530991184,a68ef7dd4f1a668beaf0788428192689433826595c8fac12d7bf3279d6b50625,nstxuE204708F03t017/N7/egn07w.6344E+01
nstxuE204708F03t017/N7/egn07w.6820E+01,good,nstxuE204708F03t017,7,2.6115860865258727,tae_like,GOOD,NO_GOOD_TEMPLATE,GOOD,REVIEW,NO_GOOD_TEMPLATE,rule_survivor_policy,,,,,True,0.9832131340360379,2d466e26715088b9b16e16c08cc9d1654ca33f9c072316dfba45922fea2e8f90,nstxuE204708F03t017/N7/egn07w.6820E+01
nstxuE204708F03t017/N7/egn07w.7984E+01,good,nstxuE204708F03t017,7,2.825589514788997,tae_like,GOOD,NO_GOOD_TEMPLATE,GOOD,REVIEW,NO_GOOD_TEMPLATE,rule_survivor_policy,,,,,True,0.3478572239404989,3527d0979823d852300ddfabae4b8c7e87dcdcaf59d6dbb121f0f52839aa1782,nstxuE204708F03t017/N7/egn07w.7984E+01
nstxuE204708F03t017/N7/egn07w.8211E+01,good,nstxuE204708F03t017,7,2.8654047366992823,tae_like,GOOD,NO_GOOD_TEMPLATE,GOOD,REVIEW,NO_GOOD_TEMPLATE,rule_survivor_policy,,,,,True,0.5470501674024585,6b7458b2684a6f814894d8cb0cfcb59bee4d2650ecec65323cc110c8df31151c,nstxuE204708F03t017/N7/egn07w.8211E+01
nstxuE204708F03t017/N7/egn07w.8552E+01,good,nstxuE204708F03t017,7,2.924456184686533,tae_like,GOOD,NO_GOOD_TEMPLATE,GOOD,REVIEW,NO_GOOD_TEMPLATE,rule_survivor_policy,,,,,True,0.5672589025869965,a8f9699f1e8af2448b224339059642ee0988badc2dc87cb3f823b022de0e3221,nstxuE204708F03t017/N7/egn07w.8552E+01
nstxuE204708F03t017/N7/egn07w.9590E+01,good,nstxuE204708F03t017,7,3.096741891292022,tae_like,GOOD,NO_GOOD_TEMPLATE,GOOD,REVIEW,NO_GOOD_TEMPLATE,rule_survivor_policy,,,,,True,0.5544537436151791,33ba252c7df7513712335f7e5cdcbcc7634d37ebccf3714db2610e1b8f15541b,nstxuE204708F03t017/N7/egn07w.9590E+01
nstxuE204708F03t017/N7/egn07w.1036E+02,good,nstxuE204708F03t017,7,3.2188446108987367,tae_like,GOOD,NO_GOOD_TEMPLATE,GOOD,REVIEW,NO_GOOD_TEMPLATE,rule_survivor_policy,,,,,True,0.5529299076865288,6ca15469a15191dc0d7812d2f1a518887024794f0a67f0150fc48d95bbc9b1e1,nstxuE204708F03t017/N7/egn07w.1036E+02
nstxuE204708F03t017/N7/egn07w.1147E+02,good,nstxuE204708F03t017,7,3.3866556015708644,tae_like,GOOD,NO_GOOD_TEMPLATE,GOOD,REVIEW,NO_GOOD_TEMPLATE,rule_survivor_policy,,,,,True,0.8852898234259142,5cd76b2ee6f7835076ede8e6af57d6253fe35da92a1e69defd5c27a1bab63a50,nstxuE204708F03t017/N7/egn07w.1147E+02
nstxuE204708F03t017/N7/egn07w.1383E+02,good,nstxuE204708F03t017,7,3.718640118898517,tae_like,GOOD,NO_GOOD_TEMPLATE,GOOD,REVIEW,NO_GOOD_TEMPLATE,rule_survivor_policy,,,,,True,0.5871323132734413,b5649853162d0864b4e655e96c9f0e5b0a60b770f8743f2e2254d71271a433bd,nstxuE204708F03t017/N7/egn07w.1383E+02
nstxuE204708F03t017/N7/egn07w.1557E+02,good,nstxuE204708F03t017,7,3.946243294969546,tae_like,GOOD,NO_GOOD_TEMPLATE,GOOD,REVIEW,NO_GOOD_TEMPLATE,rule_survivor_policy,,,,,True,0.6070128961627327,edf100ff40091ab80caa26f60c231ad552222762b59d9f4b642414e8a3d9c96b,nstxuE204708F03t017/N7/egn07w.1557E+02
nstxuE204708F03t017/N8/egn08w.5958E+01,good,nstxuE204708F03t017,8,2.440881752870611,tae_like,GOOD,NO_GOOD_TEMPLATE,GOOD,REVIEW,NO_GOOD_TEMPLATE,rule_survivor_policy,,,,,True,0.9785485695891029,aefad1d03941c84e131e9ba28cb37046c410e73cde4d4a89a5e7ed59078f1773,nstxuE204708F03t017/N8/egn08w.5958E+01
nstxuE204708F03t017/N8/egn08w.6730E+01,good,nstxuE204708F03t017,8,2.5941497591430296,tae_like,GOOD,NO_GOOD_TEMPLATE,GOOD,REVIEW,NO_GOOD_TEMPLATE,rule_survivor_policy,,,,,True,0.4926792053932996,2978d3c76db97286ff86a4e1c26230d12df99e54b4448330914f7a212bc551f4,nstxuE204708F03t017/N8/egn08w.6730E+01
nstxuE204708F03t017/N8/egn08w.6836E+01,good,nstxuE204708F03t017,8,2.6146643129802274,tae_like,GOOD,NO_GOOD_TEMPLATE,GOOD,REVIEW,NO_GOOD_TEMPLATE,rule_survivor_policy,,,,,True,0.9865904213977339,233349d3f9978cfff399766f24cc30252b22c56d280969e5b463d594f5eeda77,nstxuE204708F03t017/N8/egn08w.6836E+01
nstxuE204708F03t017/N8/egn08w.6937E+01,good,nstxuE204708F03t017,8,2.6338583107584417,tae_like,GOOD,NO_GOOD_TEMPLATE,GOOD,REVIEW,NO_GOOD_TEMPLATE,rule_survivor_policy,,,,,True,0.6778660826280893,a40481aabd7a2e0c28478a2c233a630d8b8109127db895f464c4bcac2a8258af,nstxuE204708F03t017/N8/egn08w.6937E+01
nstxuE204708F03t017/N8/egn08w.7768E+01,good,nstxuE204708F03t017,8,2.787174444790061,tae_like,GOOD,NO_GOOD_TEMPLATE,GOOD,REVIEW,NO_GOOD_TEMPLATE,rule_survivor_policy,,,,,True,0.5471412889729489,28050b357b8029756857a2f88714a7636bf799964c8712c1d527909f3c0cd3bb,nstxuE204708F03t017/N8/egn08w.7768E+01
nstxuE204708F03t017/N8/egn08w.7931E+01,good,nstxuE204708F03t017,8,2.816155792891352,tae_like,GOOD,NO_GOOD_TEMPLATE,GOOD,REVIEW,NO_GOOD_TEMPLATE,rule_survivor_policy,,,,,True,0.5353636217125649,855c21e127449b12b3c4772456147ab66822c1556eaddbd05e22b1cf2b0fb45d,nstxuE204708F03t017/N8/egn08w.7931E+01
nstxuE204708F03t017/N8/egn08w.8518E+01,good,nstxuE204708F03t017,8,2.9184788875833476,tae_like,GOOD,NO_GOOD_TEMPLATE,GOOD,REVIEW,NO_GOOD_TEMPLATE,rule_survivor_policy,,,,,True,0.5394931035651158,f73bf882d34ccaa0ffc6051a04977b8e71cd47c559e9acc85c8e2302f2dd5aa4,nstxuE204708F03t017/N8/egn08w.8518E+01
nstxuE204708F03t017/N8/egn08w.8924E+01,good,nstxuE204708F03t017,8,2.9873280374699305,tae_like,GOOD,NO_GOOD_TEMPLATE,GOOD,REVIEW,NO_GOOD_TEMPLATE,rule_survivor_policy,,,,,True,0.6096838409279887,be7d2e2db2726c73a12fb2c35b52842957093f802c798c6cbd9afb4fda9530c0,nstxuE204708F03t017/N8/egn08w.8924E+01
nstxuE204708F03t017/N8/egn08w.9198E+01,good,nstxuE204708F03t017,8,3.0328294684508634,tae_like,GOOD,NO_GOOD_TEMPLATE,GOOD,REVIEW,NO_GOOD_TEMPLATE,rule_survivor_policy,,,,,True,0.6047236731989282,1640ff23c801d25791c68d7c5842eaa528c0a97eab21ed57de62472757ffb1ed,nstxuE204708F03t017/N8/egn08w.9198E+01
nstxuE204708F03t017/N8/egn08w.9888E+01,good,nstxuE204708F03t017,8,3.144481626569874,tae_like,GOOD,NO_GOOD_TEMPLATE,GOOD,REVIEW,NO_GOOD_TEMPLATE,rule_survivor_policy,,,,,True,0.5927651493264495,8d5be7b13c6018e20c971855888413b7acd122f3aa076958df2e05c59495f73d,nstxuE204708F03t017/N8/egn08w.9888E+01
nstxuE204708F03t017/N8/egn08w.1036E+02,good,nstxuE204708F03t017,8,3.218321621340564,tae_like,GOOD,NO_GOOD_TEMPLATE,GOOD,REVIEW,NO_GOOD_TEMPLATE,rule_survivor_policy,,,,,True,0.5565477319987714,4bede4bed5faeb2474d1ca0bceb90619a9671d0dd6573e1db87864a8cbbe3004,nstxuE204708F03t017/N8/egn08w.1036E+02
nstxuE204708F03t017/N8/egn08w.1084E+02,good,nstxuE204708F03t017,8,3.291836384212865,tae_like,GOOD,NO_GOOD_TEMPLATE,GOOD,REVIEW,NO_GOOD_TEMPLATE,rule_survivor_policy,,,,,True,0.3515972460104208,0cc2bb0a4cb40b6b437531de0e422d81112c537c985bcfba2572d994aaadb5ec,nstxuE204708F03t017/N8/egn08w.1084E+02
nstxuE204708F03t017/N8/egn08w.1090E+02,good,nstxuE204708F03t017,8,3.3020397933512244,tae_like,GOOD,NO_GOOD_TEMPLATE,GOOD,REVIEW,NO_GOOD_TEMPLATE,rule_survivor_policy,,,,,True,0.5738731307615569,98743b3c31deb8329348e83d5785a8b65377677d5824fa613aa11763c35ab45b,nstxuE204708F03t017/N8/egn08w.1090E+02
nstxuE204708F03t017/N8/egn08w.1106E+02,good,nstxuE204708F03t017,8,3.3258895692444757,tae_like,GOOD,NO_GOOD_TEMPLATE,GOOD,REVIEW,NO_GOOD_TEMPLATE,rule_survivor_policy,,,,,True,0.7245111869115667,18a9dccf0c1e851d2ce61971f0b6fc0775a26393919cc694ff80f7c80930e0f9,nstxuE204708F03t017/N8/egn08w.1106E+02
nstxuE204708F03t017/N8/egn08w.1146E+02,good,nstxuE204708F03t017,8,3.3846289147593414,tae_like,GOOD,NO_GOOD_TEMPLATE,GOOD,REVIEW,NO_GOOD_TEMPLATE,rule_survivor_policy,,,,,True,0.3787069111645977,e192d0b69f7f8107c1baf0ac8b2f46ec650ad3e7e8b2b27864b223e39fbcd559,nstxuE204708F03t017/N8/egn08w.1146E+02
nstxuE204708F03t017/N8/egn08w.1162E+02,good,nstxuE204708F03t017,8,3.4083154801172055,tae_like,GOOD,NO_GOOD_TEMPLATE,GOOD,REVIEW,NO_GOOD_TEMPLATE,rule_survivor_policy,,,,,True,0.533355291039352,8e30f3a52279e55b12cd184c3c9e68f29b33fb82211ff3e319f24a4a0c1dcf1f,nstxuE204708F03t017/N8/egn08w.1162E+02
nstxuE204708F03t017/N8/egn08w.1221E+02,good,nstxuE204708F03t017,8,3.49414196381921,tae_like,GOOD,NO_GOOD_TEMPLATE,GOOD,REVIEW,NO_GOOD_TEMPLATE,rule_survivor_policy,,,,,True,0.5320504843981881,8f5f3b3f52509699e7e23507d323ec88c1535d8c1a1f4ad7c888820796a4c032,nstxuE204708F03t017/N8/egn08w.1221E+02
nstxuE204708F03t017/N8/egn08w.1366E+02,good,nstxuE204708F03t017,8,3.6963827279357284,tae_like,GOOD,NO_GOOD_TEMPLATE,GOOD,REVIEW,NO_GOOD_TEMPLATE,rule_survivor_policy,,,,,True,0.5776806809081324,8a78d60d0d16d5713535abe7a8939cc698ab41a75263bc43c1fa561ce108fe1a,nstxuE204708F03t017/N8/egn08w.1366E+02
nstxuE204708F03t017/N8/egn08w.1528E+02,good,nstxuE204708F03t017,8,3.908368504475533,tae_like,GOOD,NO_GOOD_TEMPLATE,GOOD,REVIEW,NO_GOOD_TEMPLATE,rule_survivor_policy,,,,,True,0.5583038761566017,aa4b2b0a5526051850cf7214d81b8a4f04c14943328d2a06dee6150110b361c2,nstxuE204708F03t017/N8/egn08w.1528E+02
nstxuE204708F03t017/N8/egn08w.1616E+02,good,nstxuE204708F03t017,8,4.019561159643976,tae_like,GOOD,NO_GOOD_TEMPLATE,GOOD,REVIEW,NO_GOOD_TEMPLATE,rule_survivor_policy,,,,,True,0.8663467723113438,27a2163371dff8bb8b635283e9092debee7189dfb8d474673a698404d001d2d3,nstxuE204708F03t017/N8/egn08w.1616E+02
nstxuE204708F03t017/N9/egn09w.7284E+01,good,nstxuE204708F03t017,9,2.698934803739343,tae_like,GOOD,NO_GOOD_TEMPLATE,GOOD,REVIEW,NO_GOOD_TEMPLATE,rule_survivor_policy,,,,,True,0.4984793191941596,61b7533a4c5acb9f11ecb75993ce2df6eec4baf911cc777b35cf3767e968b248,nstxuE204708F03t017/N9/egn09w.7284E+01
nstxuE204708F03t017/N9/egn09w.7609E+01,good,nstxuE204708F03t017,9,2.7584010246868416,tae_like,GOOD,NO_GOOD_TEMPLATE,GOOD,REVIEW,NO_GOOD_TEMPLATE,rule_survivor_policy,,,,,True,0.6184130890016997,1085534455fcd1ae96ea8b5bbff886c37bcd97f9902a937fecacbf857f4f368d,nstxuE204708F03t017/N9/egn09w.7609E+01
nstxuE204708F03t017/N9/egn09w.7855E+01,good,nstxuE204708F03t017,9,2.8026724316348584,tae_like,GOOD,NO_GOOD_TEMPLATE,GOOD,REVIEW,NO_GOOD_TEMPLATE,rule_survivor_policy,,,,,True,0.5787475849733198,0b245f6e136de86fa13651a35dc78c84b719b4e28ba08f74110771c9a4cc1446,nstxuE204708F03t017/N9/egn09w.7855E+01
nstxuE204708F03t017/N9/egn09w.8155E+01,good,nstxuE204708F03t017,9,2.855774084357542,tae_like,GOOD,NO_GOOD_TEMPLATE,GOOD,REVIEW,NO_GOOD_TEMPLATE,rule_survivor_policy,,,,,True,0.5543678334220761,77db6f40a6b9d0371d4ca0bf0de03c848255e97c6f648c842370d266e2927652,nstxuE204708F03t017/N9/egn09w.8155E+01
nstxuE204708F03t017/N9/egn09w.8699E+01,good,nstxuE204708F03t017,9,2.949451209686705,tae_like,GOOD,NO_GOOD_TEMPLATE,GOOD,REVIEW,NO_GOOD_TEMPLATE,rule_survivor_policy,,,,,True,0.38245268887598854,795bf37c043e9263145721e9902871f8cd056b74d574708c5ffea9ec4788639a,nstxuE204708F03t017/N9/egn09w.8699E+01
nstxuE204708F03t017/N9/egn09w.8968E+01,good,nstxuE204708F03t017,9,2.9947214904058574,tae_like,GOOD,NO_GOOD_TEMPLATE,GOOD,REVIEW,NO_GOOD_TEMPLATE,rule_survivor_policy,,,,,True,0.7889625221821028,dd23ae6bfb086539cb94cfba77b375003d3ac8e8d13b9bf77a50e338043a08fb,nstxuE204708F03t017/N9/egn09w.8968E+01
nstxuE204708F03t017/N9/egn09w.9358E+01,good,nstxuE204708F03t017,9,3.0591318918515786,tae_like,GOOD,NO_GOOD_TEMPLATE,GOOD,REVIEW,NO_GOOD_TEMPLATE,rule_survivor_policy,,,,,True,0.5698369169303478,a42b4bc8cd3d6ed1d7db121c0a24e9d16e003455af49847b2689acea9495a04e,nstxuE204708F03t017/N9/egn09w.9358E+01
nstxuE204708F03t017/N9/egn09w.1046E+02,good,nstxuE204708F03t017,9,3.2346856575954868,tae_like,GOOD,NO_GOOD_TEMPLATE,GOOD,REVIEW,NO_GOOD_TEMPLATE,rule_survivor_policy,,,,,True,0.597791167034117,9e7a2cbea5ff502469bac4b33a91ce1c87d9bb498cc7ddc21bc1179da6aae7d9,nstxuE204708F03t017/N9/egn09w.1046E+02
nstxuE204708F03t017/N9/egn09w.1080E+02,good,nstxuE204708F03t017,9,3.2869260899643233,tae_like,GOOD,NO_GOOD_TEMPLATE,GOOD,REVIEW,NO_GOOD_TEMPLATE,rule_survivor_policy,,,,,True,0.8827031363271826,aa94f529b1157bac9d1fa608523b33d3078bc598da3aa3e0c755657e5bb28f73,nstxuE204708F03t017/N9/egn09w.1080E+02
nstxuE204708F03t017/N9/egn09w.1091E+02,good,nstxuE204708F03t017,9,3.3030708492797785,tae_like,GOOD,NO_GOOD_TEMPLATE,GOOD,REVIEW,NO_GOOD_TEMPLATE,rule_survivor_policy,,,,,True,0.36970606173492127,31a5b399b91571990d7cbcc907c16f256359bc687cf6ed82359b929d2fc692d0,nstxuE204708F03t017/N9/egn09w.1091E+02
nstxuE204708F03t017/N9/egn09w.1125E+02,good,nstxuE204708F03t017,9,3.3541812666539608,tae_like,GOOD,NO_GOOD_TEMPLATE,GOOD,REVIEW,NO_GOOD_TEMPLATE,rule_survivor_policy,,,,,True,0.8036291942838447,d162c5358d87a3e55172bda6b619a5123e2b2bdc0dbc433edcdce360db4af93d,nstxuE204708F03t017/N9/egn09w.1125E+02
nstxuE204708F03t017/N9/egn09w.1149E+02,good,nstxuE204708F03t017,9,3.390330147257242,tae_like,GOOD,NO_GOOD_TEMPLATE,GOOD,REVIEW,NO_GOOD_TEMPLATE,rule_survivor_policy,,,,,True,0.5731309570551495,852e9eb99f89a187518b6b56bfc37caeb3d478a0b37853bece7c0016ac15d772,nstxuE204708F03t017/N9/egn09w.1149E+02
nstxuE204708F03t017/N9/egn09w.1204E+02,good,nstxuE204708F03t017,9,3.4694082027253805,tae_like,GOOD,NO_GOOD_TEMPLATE,GOOD,REVIEW,NO_GOOD_TEMPLATE,rule_survivor_policy,,,,,True,0.5551452743641044,4ab0ca583a7e9a0df19641f233fcb2da2761470ab0946557b1a40e5fa9fcc2c1,nstxuE204708F03t017/N9/egn09w.1204E+02
nstxuE204708F03t017/N9/egn09w.1335E+02,good,nstxuE204708F03t017,9,3.653775731628786,tae_like,GOOD,NO_GOOD_TEMPLATE,GOOD,REVIEW,NO_GOOD_TEMPLATE,rule_survivor_policy,,,,,True,0.5674105427917957,ef9d21f68200570462aeb2e63f7473dd715af8456ef87252cffa97d0578bf7f7,nstxuE204708F03t017/N9/egn09w.1335E+02
nstxuE204708F03t017/N9/egn09w.1482E+02,good,nstxuE204708F03t017,9,3.85007035457761,tae_like,GOOD,NO_GOOD_TEMPLATE,GOOD,REVIEW,NO_GOOD_TEMPLATE,rule_survivor_policy,,,,,True,0.5664787766757354,6679a624e4e155afc99a58af347d0f86bc6eb89247bd0c2bd782febd1d2de54f,nstxuE204708F03t017/N9/egn09w.1482E+02
nstxuE204708F03t017/N10/egn10w.7043E+01,good,nstxuE204708F03t017,10,2.653775453400751,tae_like,GOOD,NO_GOOD_TEMPLATE,GOOD,REVIEW,NO_GOOD_TEMPLATE,rule_survivor_policy,,,,,True,0.8076554201188793,7cd643c7beecf86af12fd241588f40e289fcd950dea3a181a8c547dae2c3c056,nstxuE204708F03t017/N10/egn10w.7043E+01
nstxuE204708F03t017/N10/egn10w.7167E+01,good,nstxuE204708F03t017,10,2.6770600274601613,tae_like,GOOD,NO_GOOD_TEMPLATE,GOOD,REVIEW,NO_GOOD_TEMPLATE,rule_survivor_policy,,,,,True,0.5272144803574327,349f0f6230fa7defb28b0a846a4e6750530ebe46b36b9231612601436027b277,nstxuE204708F03t017/N10/egn10w.7167E+01
nstxuE204708F03t017/N10/egn10w.7424E+01,good,nstxuE204708F03t017,10,2.724635851302692,tae_like,GOOD,NO_GOOD_TEMPLATE,GOOD,REVIEW,NO_GOOD_TEMPLATE,rule_survivor_policy,,,,,True,0.9027732752479198,1c68f194d97b7503af072f5fc6f3f5c89bf043569b86f46c77d34ef97214ea60,nstxuE204708F03t017/N10/egn10w.7424E+01
nstxuE204708F03t017/N10/egn10w.7697E+01,good,nstxuE204708F03t017,10,2.7742635676747853,tae_like,GOOD,NO_GOOD_TEMPLATE,GOOD,REVIEW,NO_GOOD_TEMPLATE,rule_survivor_policy,,,,,True,0.5520018318541176,19d44b6c0a007b35d8c684a71511027f6a9fba2fab6f29d17bc81cdcc45ad6d4,nstxuE204708F03t017/N10/egn10w.7697E+01
nstxuE204708F03t017/N10/egn10w.8367E+01,good,nstxuE204708F03t017,10,2.8924922845107033,tae_like,GOOD,NO_GOOD_TEMPLATE,GOOD,REVIEW,NO_GOOD_TEMPLATE,rule_survivor_policy,,,,,True,0.38508499030761956,8cc493137c0779ab676238fe0283a95c2ce8d7371db5241f0d6970da43360583,nstxuE204708F03t017/N10/egn10w.8367E+01
nstxuE204708F03t017/N10/egn10w.8611E+01,good,nstxuE204708F03t017,10,2.934382531799089,tae_like,GOOD,NO_GOOD_TEMPLATE,GOOD,REVIEW,NO_GOOD_TEMPLATE,rule_survivor_policy,,,,,True,0.8420909225239288,ebfca9c96fda879a430a767e92b14a5480de7ab69c1fdcd97d7e19385ac3ea1d,nstxuE204708F03t017/N10/egn10w.8611E+01
nstxuE204708F03t017/N10/egn10w.9265E+01,good,nstxuE204708F03t017,10,3.0437703480623206,tae_like,GOOD,NO_GOOD_TEMPLATE,GOOD,REVIEW,NO_GOOD_TEMPLATE,rule_survivor_policy,,,,,True,0.6581765888737908,99750e58b979c1666d05749157dcb0c4046c2ffd35ef4401d8da7c841adab8b6,nstxuE204708F03t017/N10/egn10w.9265E+01
nstxuE204708F03t017/N10/egn10w.1026E+02,good,nstxuE204708F03t017,10,3.2037956614966876,tae_like,GOOD,NO_GOOD_TEMPLATE,GOOD,REVIEW,NO_GOOD_TEMPLATE,rule_survivor_policy,,,,,True,0.5718877817010943,6c1cf494a8df380297469579063ed930aebd058cbd4e064764687248233ce99d,nstxuE204708F03t017/N10/egn10w.1026E+02
nstxuE204708F03t017/N10/egn10w.1049E+02,good,nstxuE204708F03t017,10,3.2387746582629946,tae_like,GOOD,NO_GOOD_TEMPLATE,GOOD,REVIEW,NO_GOOD_TEMPLATE,rule_survivor_policy,,,,,True,0.6085917453758964,37aa3b7eb8c1f2d2423510d780a8ed06767e5fbb2630d19e863e56d7d9d445d3,nstxuE204708F03t017/N10/egn10w.1049E+02
nstxuE204708F03t017/N10/egn10w.1099E+02,good,nstxuE204708F03t017,10,3.3146200235462007,tae_like,GOOD,NO_GOOD_TEMPLATE,GOOD,REVIEW,NO_GOOD_TEMPLATE,rule_survivor_policy,,,,,True,0.3845907103454049,b41cafba1395071bb061c170ae9c2e77712c6118c1c1a4c54a97075361b79bb3,nstxuE204708F03t017/N10/egn10w.1099E+02
nstxuE204708F03t017/N10/egn10w.1135E+02,good,nstxuE204708F03t017,10,3.3694166017308893,tae_like,GOOD,NO_GOOD_TEMPLATE,GOOD,REVIEW,NO_GOOD_TEMPLATE,rule_survivor_policy,,,,,True,0.9229425584101618,b7ce8c206ff942eba0a553dfa5b3ef3054b8d21a36be8b110e777319552c80bf,nstxuE204708F03t017/N10/egn10w.1135E+02
nstxuE204708F03t017/N10/egn10w.1176E+02,good,nstxuE204708F03t017,10,3.4286207840887744,tae_like,GOOD,NO_GOOD_TEMPLATE,GOOD,REVIEW,NO_GOOD_TEMPLATE,rule_survivor_policy,,,,,True,0.9734248434685946,c03cbc829bafb92f1c42f5cab474bd23b7890647fa155a2720adfa071d421740,nstxuE204708F03t017/N10/egn10w.1176E+02
nstxuE204708F03t017/N10/egn10w.1197E+02,good,nstxuE204708F03t017,10,3.4595572980066085,tae_like,GOOD,NO_GOOD_TEMPLATE,GOOD,REVIEW,NO_GOOD_TEMPLATE,rule_survivor_policy,,,,,True,0.40439330590679984,19946a38a8145144728d766c42d7403923b44d0659354dc36d2fd1cf9d63775c,nstxuE204708F03t017/N10/egn10w.1197E+02
nstxuE204708F03t017/N10/egn10w.1299E+02,good,nstxuE204708F03t017,10,3.6040548767015617,tae_like,GOOD,NO_GOOD_TEMPLATE,GOOD,REVIEW,NO_GOOD_TEMPLATE,rule_survivor_policy,,,,,True,0.7451690207202131,b7d494de7f74688613fda0e66bb1f6bbd2c8d65c2ae189835c68dfa9eb01ec57,nstxuE204708F03t017/N10/egn10w.1299E+02
nstxuE204708F03t017/N10/egn10w.1430E+02,good,nstxuE204708F03t017,10,3.7813118470366174,tae_like,GOOD,NO_GOOD_TEMPLATE,GOOD,REVIEW,NO_GOOD_TEMPLATE,rule_survivor_policy,,,,,True,0.5929961587443512,2918d9ed4a793188405272a66bc7d0f23f118dcc0f25a06701662596f5805ed1,nstxuE204708F03t017/N10/egn10w.1430E+02
nstxuE204708F03t017/N10/egn10w.1504E+02,good,nstxuE204708F03t017,10,3.877864629815106,tae_like,GOOD,NO_GOOD_TEMPLATE,GOOD,REVIEW,NO_GOOD_TEMPLATE,rule_survivor_policy,,,,,True,0.5912108319779051,f447a5d3d32d293e2efde72c0dca8ef72eca6d9b243dfb5e12ac119efdbe9b59,nstxuE204708F03t017/N10/egn10w.1504E+02
nstxuE204944A01t017/N1/egn01w.3836E+01,good,nstxuE204944A01t017,1,1.9586858337447848,tae_like,GOOD,NO_GOOD_TEMPLATE,GOOD,REVIEW,NO_GOOD_TEMPLATE,rule_survivor_policy,,,,,True,0.645377479973492,f3ac77ffc85923e7e2f3edd2f1c726d4ed75f85aa1d959448452510888cb8bb3,nstxuE204944A01t017/N1/egn01w.3836E+01
nstxuE204944A01t017/N2/egn02w.3754E+01,good,nstxuE204944A01t017,2,1.9374963523946993,tae_like,GOOD,NO_GOOD_TEMPLATE,GOOD,REVIEW,NO_GOOD_TEMPLATE,rule_survivor_policy,,,,,True,0.29010434708528116,f771f78b913f2997a2fec95d3f2a665bdf9b14bfae95cf0caa10f36e867cbca0,nstxuE204944A01t017/N2/egn02w.3754E+01
nstxuE204944A01t017/N2/egn02w.4944E+01,good,nstxuE204944A01t017,2,2.223594657546441,tae_like,GOOD,NO_GOOD_TEMPLATE,GOOD,REVIEW,NO_GOOD_TEMPLATE,rule_survivor_policy,,,,,True,0.5828652517003532,24e72e47252c3d88d23a19b69db9a83c54a2fd189c05f9221040bbf1b9e99c0c,nstxuE204944A01t017/N2/egn02w.4944E+01
nstxuE204944A01t017/N3/egn03w.3739E+01,good,nstxuE204944A01t017,3,1.9336293441035415,tae_like,GOOD,NO_GOOD_TEMPLATE,GOOD,REVIEW,NO_GOOD_TEMPLATE,rule_survivor_policy,,,,,True,0.3167101666945978,aa99f734b2a719426f8bfab69914090919396fa10ccd1188479d302cd46b00e1,nstxuE204944A01t017/N3/egn03w.3739E+01
nstxuE204944A01t017/N3/egn03w.3964E+01,good,nstxuE204944A01t017,3,1.9909911591068028,tae_like,GOOD,NO_GOOD_TEMPLATE,GOOD,REVIEW,NO_GOOD_TEMPLATE,rule_survivor_policy,,,,,True,0.3139977982617153,d6a3c70bf910c6872a15043fdcc561ea1c3c6176faf90772a4ff30cc539478fa,nstxuE204944A01t017/N3/egn03w.3964E+01
nstxuE204944A01t017/N3/egn03w.4229E+01,good,nstxuE204944A01t017,3,2.0564757639820104,tae_like,GOOD,NO_GOOD_TEMPLATE,GOOD,REVIEW,NO_GOOD_TEMPLATE,rule_survivor_policy,,,,,True,0.6209949979227166,e3a40ff9d4bb71f84a5863b80487c8f2ac084bbc79d953badb3710eaea73b71e,nstxuE204944A01t017/N3/egn03w.4229E+01
nstxuE204944A01t017/N4/egn04w.3710E+01,good,nstxuE204944A01t017,4,1.9260888629492088,tae_like,GOOD,NO_GOOD_TEMPLATE,GOOD,REVIEW,NO_GOOD_TEMPLATE,rule_survivor_policy,,,,,True,0.545773432089837,3a35de24ab73231fb98d1e8c10a986be04d75c635dd2f46ea8e5ae14a6d681c1,nstxuE204944A01t017/N4/egn04w.3710E+01
nstxuE204944A01t017/N4/egn04w.3812E+01,good,nstxuE204944A01t017,4,1.9524238873187933,tae_like,GOOD,NO_GOOD_TEMPLATE,GOOD,REVIEW,NO_GOOD_TEMPLATE,rule_survivor_policy,,,,,True,0.507532795057711,8345571b0a74e72c532eed9863ec175eaa6c892b91eb8c2512c4af14b495bcde,nstxuE204944A01t017/N4/egn04w.3812E+01
nstxuE204944A01t017/N4/egn04w.3974E+01,good,nstxuE204944A01t017,4,1.993554903525788,tae_like,GOOD,NO_GOOD_TEMPLATE,GOOD,REVIEW,NO_GOOD_TEMPLATE,rule_survivor_policy,,,,,True,0.46977866118761313,867c5d35a7e1aa1f82033dfefdadb9dc28e0a54d5d88916d9a32aa35adba58ae,nstxuE204944A01t017/N4/egn04w.3974E+01
nstxuE204944A01t017/N4/egn04w.9324E+01,good,nstxuE204944A01t017,4,3.0535613207055805,tae_like,GOOD,NO_GOOD_TEMPLATE,GOOD,REVIEW,NO_GOOD_TEMPLATE,rule_survivor_policy,,,,,True,0.39849154822069893,7abd16112c36b23d6b7a646aade5c90c0b29997c38765f1f3fc42819541ca19b,nstxuE204944A01t017/N4/egn04w.9324E+01
nstxuE204944A01t017/N5/egn05w.3829E+01,good,nstxuE204944A01t017,5,1.9567101963121614,tae_like,GOOD,NO_GOOD_TEMPLATE,GOOD,REVIEW,NO_GOOD_TEMPLATE,rule_survivor_policy,,,,,True,0.45454789022069025,acb4b53d2e021a860e9a98f4556dd39d6adfc3e8733fdf751f6b5cabd9fe7644,nstxuE204944A01t017/N5/egn05w.3829E+01
nstxuE204944A01t017/N5/egn05w.4292E+01,good,nstxuE204944A01t017,5,2.0718175078353362,tae_like,GOOD,NO_GOOD_TEMPLATE,GOOD,REVIEW,NO_GOOD_TEMPLATE,rule_survivor_policy,,,,,True,0.5441308325380741,81ab14b893285ec5cffb41b2c1b8fadac4b5e5879602b1590ff03b301ad4707b,nstxuE204944A01t017/N5/egn05w.4292E+01
nstxuE204944A01t017/N5/egn05w.4877E+01,good,nstxuE204944A01t017,5,2.2084810896344624,tae_like,GOOD,NO_GOOD_TEMPLATE,GOOD,REVIEW,NO_GOOD_TEMPLATE,rule_survivor_policy,,,,,True,0.6066724944165013,6b20f0c44be27f570e21387513b8ecab56d87a974a761c1369be1706480a63d8,nstxuE204944A01t017/N5/egn05w.4877E+01
nstxuE204944A01t017/N6/egn06w.4512E+01,good,nstxuE204944A01t017,6,2.124125751373497,tae_like,GOOD,NO_GOOD_TEMPLATE,GOOD,REVIEW,NO_GOOD_TEMPLATE,rule_survivor_policy,,,,,True,0.7291099305251207,9090d3b06051eeaf15ba5b7a2d7495a6690263102ce33c850b9c02260df79f9e,nstxuE204944A01t017/N6/egn06w.4512E+01
nstxuE204944A01t017/N6/egn06w.4662E+01,good,nstxuE204944A01t017,6,2.1591439271026087,tae_like,GOOD,NO_GOOD_TEMPLATE,GOOD,REVIEW,NO_GOOD_TEMPLATE,rule_survivor_policy,,,,,True,0.5724024728833612,5fbca2183bb7a3be6e9b9ea632469ddb6efb7af6304ca50e8811f503a84ec75e,nstxuE204944A01t017/N6/egn06w.4662E+01
nstxuE204944A01t017/N6/egn06w.4791E+01,good,nstxuE204944A01t017,6,2.1889090269372167,tae_like,GOOD,NO_GOOD_TEMPLATE,GOOD,REVIEW,NO_GOOD_TEMPLATE,rule_survivor_policy,,,,,True,0.603281428945712,193274fabde2d7bd2aacb1341d4a5ee8dd11ae9e72d1cec247d3928300322a06,nstxuE204944A01t017/N6/egn06w.4791E+01
nstxuE204944A01t017/N6/egn06w.8638E+01,good,nstxuE204944A01t017,6,2.9391298494969464,tae_like,GOOD,NO_GOOD_TEMPLATE,GOOD,REVIEW,NO_GOOD_TEMPLATE,rule_survivor_policy,,,,,True,0.66704837873187,e27dbc9fa8adc234d20f1697e0bcedc3bc87fbaa199121ef88ab6382ed5930cc,nstxuE204944A01t017/N6/egn06w.8638E+01
nstxuE204944A01t017/N6/egn06w.9258E+01,good,nstxuE204944A01t017,6,3.0426303091553515,tae_like,GOOD,NO_GOOD_TEMPLATE,GOOD,REVIEW,NO_GOOD_TEMPLATE,rule_survivor_policy,,,,,True,0.975738289717149,550bc4cfb7ebed2ec07a4844b0f17bf8b246bbeab8c52faba7cbdc3012e1241a,nstxuE204944A01t017/N6/egn06w.9258E+01
nstxuE204944A01t017/N6/egn06w.1042E+02,good,nstxuE204944A01t017,6,3.2282797575886413,tae_like,GOOD,NO_GOOD_TEMPLATE,GOOD,REVIEW,NO_GOOD_TEMPLATE,rule_survivor_policy,,,,,True,0.558389751053357,fc5fb4cbaa041121caea0cadf780bd310fd191702febd1a48b20b5b1e83d9412,nstxuE204944A01t017/N6/egn06w.1042E+02
nstxuE204944A01t017/N6/egn06w.1108E+02,good,nstxuE204944A01t017,6,3.328797498154116,tae_like,GOOD,NO_GOOD_TEMPLATE,GOOD,REVIEW,NO_GOOD_TEMPLATE,rule_survivor_policy,,,,,True,0.7694455372671061,c66f9459ec40e4da0202c95e451b5f1d60563440454f77b15c9b744d23c5ef81,nstxuE204944A01t017/N6/egn06w.1108E+02
nstxuE204944A01t017/N7/egn07w.4102E+01,good,nstxuE204944A01t017,7,2.025218461554957,tae_like,GOOD,NO_GOOD_TEMPLATE,GOOD,REVIEW,NO_GOOD_TEMPLATE,rule_survivor_policy,,,,,True,0.5028768087828339,1d20b105c54234ab71f7236a737e94efdf90ccbebf8cce8ce3081febe00b7c6b,nstxuE204944A01t017/N7/egn07w.4102E+01
nstxuE204944A01t017/N7/egn07w.1095E+02,good,nstxuE204944A01t017,7,3.3091688967181128,tae_like,GOOD,NO_GOOD_TEMPLATE,GOOD,REVIEW,NO_GOOD_TEMPLATE,rule_survivor_policy,,,,,True,0.5611117310349258,a00153324eed291778da1eeee15606237229f0ef85851a6dfa053554fe9ccde3,nstxuE204944A01t017/N7/egn07w.1095E+02
nstxuE204944A01t017/N8/egn08w.4581E+01,good,nstxuE204944A01t017,8,2.1404416099891685,tae_like,GOOD,NO_GOOD_TEMPLATE,GOOD,REVIEW,NO_GOOD_TEMPLATE,rule_survivor_policy,,,,,True,0.7603296872121262,73606cd84566850956591b0d5775249b880fa7998379907173c7d71acb6fb3d1,nstxuE204944A01t017/N8/egn08w.4581E+01
nstxuE204944A01t017/N8/egn08w.1038E+02,good,nstxuE204944A01t017,8,3.2225430352920363,tae_like,GOOD,NO_GOOD_TEMPLATE,GOOD,REVIEW,NO_GOOD_TEMPLATE,rule_survivor_policy,,,,,True,0.5389537990976532,d15e15bd2c514bcf7fb6bc6fb676694b783136944b51f845b1ee1a749516eb38,nstxuE204944A01t017/N8/egn08w.1038E+02
nstxuE204944A01t017/N8/egn08w.1105E+02,good,nstxuE204944A01t017,8,3.3244288531769666,tae_like,GOOD,NO_GOOD_TEMPLATE,GOOD,REVIEW,NO_GOOD_TEMPLATE,rule_survivor_policy,,,,,True,0.6221270758330681,575b67de55534a4190d16bb51a9f4e3d2d0b892c13cefb09d4fc96b3b8c6872b,nstxuE204944A01t017/N8/egn08w.1105E+02
nstxuE204944A01t017/N10/egn10w.8175E+01,good,nstxuE204944A01t017,10,2.8591511991795286,tae_like,GOOD,NO_GOOD_TEMPLATE,GOOD,REVIEW,NO_GOOD_TEMPLATE,rule_survivor_policy,,,,,True,0.5678959523390787,1cbd439f52eb6c284dd1f80fe632bba6048b6710fd31d1cddeff8975989dcb98,nstxuE204944A01t017/N10/egn10w.8175E+01
nstxuE204954A01t022/N3/egn03w.7904E+01,good,nstxuE204954A01t022,3,2.8114521988258825,tae_like,GOOD,NO_GOOD_TEMPLATE,GOOD,REVIEW,NO_GOOD_TEMPLATE,rule_survivor_policy,,,,,True,0.6227367610803145,9b31dd719c3eb09255be37b480a61b6fe46ef1fb18bdbf650ae8f65cc39b9fe7,nstxuE204954A01t022/N3/egn03w.7904E+01
nstxuE204954A01t022/N4/egn04w.9596E+01,good,nstxuE204954A01t022,4,3.097745874416929,tae_like,GOOD,NO_GOOD_TEMPLATE,GOOD,REVIEW,NO_GOOD_TEMPLATE,rule_survivor_policy,,,,,True,0.3882265836525403,14f6b5a1366f53fcf0cb9c7506ca4b98b5641dcd81815fc397e9eb1cb955cba0,nstxuE204954A01t022/N4/egn04w.9596E+01
nstxuE204954A01t022/N4/egn04w.1039E+02,good,nstxuE204954A01t022,4,3.223276629879952,tae_like,GOOD,NO_GOOD_TEMPLATE,GOOD,REVIEW,NO_GOOD_TEMPLATE,rule_survivor_policy,,,,,True,0.2135111756226497,c25de4968ed095a1c9da131b1ec2d2ce8ca1011f59e73dcb3c52894da510466e,nstxuE204954A01t022/N4/egn04w.1039E+02
nstxuE204954A01t022/N5/egn05w.8790E+01,good,nstxuE204954A01t022,5,2.9647900355286096,tae_like,GOOD,NO_GOOD_TEMPLATE,GOOD,REVIEW,NO_GOOD_TEMPLATE,rule_survivor_policy,,,,,True,0.29725992715408744,225150d288bf47aca0f36a9dae31e149e1824300b4eda1eede71fcdd726c4ace,nstxuE204954A01t022/N5/egn05w.8790E+01
nstxuE204954A01t022/N5/egn05w.1005E+02,good,nstxuE204954A01t022,5,3.1694239622472566,tae_like,GOOD,NO_GOOD_TEMPLATE,GOOD,REVIEW,NO_GOOD_TEMPLATE,rule_survivor_policy,,,,,True,0.567526947381163,8cfa6b29756cc9b2e60ebb5ee7fc64c210be6d3044ba01709aeb925b27c2c952,nstxuE204954A01t022/N5/egn05w.1005E+02
nstxuE204954A01t022/N5/egn05w.1007E+02,good,nstxuE204954A01t022,5,3.173973573337279,tae_like,GOOD,NO_GOOD_TEMPLATE,GOOD,REVIEW,NO_GOOD_TEMPLATE,rule_survivor_policy,,,,,True,0.16458552916289249,fd20cc8cf4fe0dbe7dfda797743f6a58a62c874907de1ada8ea053a0fa61dcdc,nstxuE204954A01t022/N5/egn05w.1007E+02
nstxuE204954A01t022/N5/egn05w.1015E+02,good,nstxuE204954A01t022,5,3.1854744757556586,tae_like,GOOD,NO_GOOD_TEMPLATE,GOOD,REVIEW,NO_GOOD_TEMPLATE,rule_survivor_policy,,,,,True,0.299892731938513,792e11fedaf710fe9d1f6b20a23a807d90a8c7d18bee65accdde74290326a36c,nstxuE204954A01t022/N5/egn05w.1015E+02
nstxuE204954A01t022/N5/egn05w.1019E+02,good,nstxuE204954A01t022,5,3.192368814407876,tae_like,GOOD,NO_GOOD_TEMPLATE,GOOD,REVIEW,NO_GOOD_TEMPLATE,rule_survivor_policy,,,,,True,0.5425993641136079,b4b2ed39cefa80c0635c483a482a4f2b567ad4c603bd968653e26896f6aa9c8f,nstxuE204954A01t022/N5/egn05w.1019E+02
nstxuE204954A01t022/N5/egn05w.1022E+02,good,nstxuE204954A01t022,5,3.1966727375949655,tae_like,GOOD,NO_GOOD_TEMPLATE,GOOD,REVIEW,NO_GOOD_TEMPLATE,rule_survivor_policy,,,,,True,0.7156824871275594,44456bb194672dade836e3256ba590a1d1bd197f10f1946dc9dfe488ffc52c23,nstxuE204954A01t022/N5/egn05w.1022E+02
nstxuE204954A01t022/N5/egn05w.1205E+02,good,nstxuE204954A01t022,5,3.4714261103052744,tae_like,GOOD,NO_GOOD_TEMPLATE,GOOD,REVIEW,NO_GOOD_TEMPLATE,rule_survivor_policy,,,,,True,0.45921065010322354,e98380cd474e14c65aa4e742068e61bc537e205bc99bdf87f25225f7f048c54e,nstxuE204954A01t022/N5/egn05w.1205E+02
nstxuE204954A01t022/N6/egn06w.6932E+01,good,nstxuE204954A01t022,6,2.6328628909358534,tae_like,GOOD,NO_GOOD_TEMPLATE,GOOD,REVIEW,NO_GOOD_TEMPLATE,rule_survivor_policy,,,,,True,0.7065819113273855,98f91d0ab9c85636a0618a71b0c6008e460104ef00a6b53b5f486098a9055256,nstxuE204954A01t022/N6/egn06w.6932E+01
nstxuE204954A01t022/N6/egn06w.9402E+01,good,nstxuE204954A01t022,6,3.066247455450915,tae_like,GOOD,NO_GOOD_TEMPLATE,GOOD,REVIEW,NO_GOOD_TEMPLATE,rule_survivor_policy,,,,,True,0.5091633917623027,eb000dd52a1e72e5657c9fa80537013f5ee66f5ff0aa4e49f6d3ad643500976f,nstxuE204954A01t022/N6/egn06w.9402E+01
nstxuE204954A01t022/N6/egn06w.1255E+02,good,nstxuE204954A01t022,6,3.542989989164853,tae_like,GOOD,NO_GOOD_TEMPLATE,GOOD,REVIEW,NO_GOOD_TEMPLATE,rule_survivor_policy,,,,,True,0.5375776886965508,f25617faae947ec72404fff384909532e3d13eda1f51f0030c6394da661b6af8,nstxuE204954A01t022/N6/egn06w.1255E+02
nstxuE204954A01t022/N6/egn06w.1466E+02,good,nstxuE204954A01t022,6,3.8287583391235196,tae_like,GOOD,NO_GOOD_TEMPLATE,GOOD,REVIEW,NO_GOOD_TEMPLATE,rule_survivor_policy,,,,,True,0.7553310810315517,36b3df42ede31628b374e51122057f4e91c00727ed7315de27bd3e08d2280e37,nstxuE204954A01t022/N6/egn06w.1466E+02
nstxuE204954A01t022/N7/egn07w.6920E+01,good,nstxuE204954A01t022,7,2.6306022807286915,tae_like,GOOD,NO_GOOD_TEMPLATE,GOOD,REVIEW,NO_GOOD_TEMPLATE,rule_survivor_policy,,,,,True,0.7270013677699911,31ab24aae755fedc38f962025a2f20221bd21c4552c219ebec33712e1214bc6f,nstxuE204954A01t022/N7/egn07w.6920E+01
nstxuE204954A01t022/N7/egn07w.9035E+01,good,nstxuE204954A01t022,7,3.0058010832618574,tae_like,GOOD,NO_GOOD_TEMPLATE,GOOD,REVIEW,NO_GOOD_TEMPLATE,rule_survivor_policy,,,,,True,0.5034118111217697,2ac52186329530af4fee35e382475e0445e5e387535a91867db70bda369528dd,nstxuE204954A01t022/N7/egn07w.9035E+01
nstxuE204954A01t022/N7/egn07w.9769E+01,good,nstxuE204954A01t022,7,3.1256195931819484,tae_like,GOOD,NO_GOOD_TEMPLATE,GOOD,REVIEW,NO_GOOD_TEMPLATE,rule_survivor_policy,,,,,True,0.5285347670721434,fd643c640480970e7e42834b3242487b83d95d581c1d475496e80ab29df28d50,nstxuE204954A01t022/N7/egn07w.9769E+01
nstxuE204954A01t022/N8/egn08w.7437E+01,good,nstxuE204954A01t022,8,2.727162480171758,tae_like,GOOD,NO_GOOD_TEMPLATE,GOOD,REVIEW,NO_GOOD_TEMPLATE,rule_survivor_policy,,,,,True,0.5338191831077217,dd82bf5af2daec7ccd1b071090ac141547f4ed7c4a118561fdf0ffa2965a61e5,nstxuE204954A01t022/N8/egn08w.7437E+01
nstxuE204954A01t022/N8/egn08w.9430E+01,good,nstxuE204954A01t022,8,3.070786737681789,tae_like,GOOD,NO_GOOD_TEMPLATE,GOOD,REVIEW,NO_GOOD_TEMPLATE,rule_survivor_policy,,,,,True,0.5075121920992237,7f0d7e9d0ea04d307c4ec2a98c9c3b27016e94f318a82a7cd574e78619f0d438,nstxuE204954A01t022/N8/egn08w.9430E+01
nstxuE204954A01t022/N8/egn08w.1005E+02,good,nstxuE204954A01t022,8,3.1703806111526043,tae_like,GOOD,NO_GOOD_TEMPLATE,GOOD,REVIEW,NO_GOOD_TEMPLATE,rule_survivor_policy,,,,,True,0.8271044019797352,1478a1f565ef8dc53b5b9ca6a34016b456c308a8599b9329d69d7a8c0c8a096b,nstxuE204954A01t022/N8/egn08w.1005E+02
nstxuE204954A01t022/N8/egn08w.1405E+02,good,nstxuE204954A01t022,8,3.747985341495586,tae_like,GOOD,NO_GOOD_TEMPLATE,GOOD,REVIEW,NO_GOOD_TEMPLATE,rule_survivor_policy,,,,,True,0.7316994074908213,5e4b26f3eca1391a840b18339bfa713bd5490491694f1def1661f78204b34a3d,nstxuE204954A01t022/N8/egn08w.1405E+02
nstxuE204954A01t022/N9/egn09w.8123E+01,good,nstxuE204954A01t022,9,2.850099097278761,tae_like,GOOD,NO_GOOD_TEMPLATE,GOOD,REVIEW,NO_GOOD_TEMPLATE,rule_survivor_policy,,,,,True,0.5477265673359549,5b4973d6978561da27b24b3d2c37cd9016d192b37fcdc1b28e49b235cee04515,nstxuE204954A01t022/N9/egn09w.8123E+01
nstxuE204954A01t022/N9/egn09w.8566E+01,good,nstxuE204954A01t022,9,2.9267795875521343,tae_like,GOOD,NO_GOOD_TEMPLATE,GOOD,REVIEW,NO_GOOD_TEMPLATE,rule_survivor_policy,,,,,True,0.5063490909438328,2e6b12bce2c3d4590faf07f60ed891ba545bdb8f2a82731fc35b2933b20edd99,nstxuE204954A01t022/N9/egn09w.8566E+01
nstxuE204954A01t022/N9/egn09w.9270E+01,good,nstxuE204954A01t022,9,3.0446862921487794,tae_like,GOOD,NO_GOOD_TEMPLATE,GOOD,REVIEW,NO_GOOD_TEMPLATE,rule_survivor_policy,,,,,True,0.5019986907721263,1c7389a31406d86668feeaa708779b338f79661f724d7bd6b1043964889731a6,nstxuE204954A01t022/N9/egn09w.9270E+01
nstxuE204954A01t022/N9/egn09w.9613E+01,good,nstxuE204954A01t022,9,3.1005196568107314,tae_like,GOOD,NO_GOOD_TEMPLATE,GOOD,REVIEW,NO_GOOD_TEMPLATE,rule_survivor_policy,,,,,True,0.8071941748983483,367caf68911c985f0ba99a1a8729ac0822cdc8ac0224f4cd358e3f0ce95390aa,nstxuE204954A01t022/N9/egn09w.9613E+01
nstxuE204954A01t022/N9/egn09w.1097E+02,good,nstxuE204954A01t022,9,3.312452286771562,tae_like,GOOD,NO_GOOD_TEMPLATE,GOOD,REVIEW,NO_GOOD_TEMPLATE,rule_survivor_policy,,,,,True,0.5249892208109308,29c380f390c103599451fc81c469b1b7cbaf8aeae4bb052240a221e2ef58eee9,nstxuE204954A01t022/N9/egn09w.1097E+02
nstxuE204954A01t022/N10/egn10w.1182E+02,good,nstxuE204954A01t022,10,3.437865186941676,tae_like,GOOD,NO_GOOD_TEMPLATE,GOOD,REVIEW,NO_GOOD_TEMPLATE,rule_survivor_policy,,,,,True,0.540307042639527,6797157ac56d6193782bb87394e83a256db1d2aac2ece66576acab4f168a6e9c,nstxuE204954A01t022/N10/egn10w.1182E+02
nstxuE204955F02t017/N1/egn01w.5817E+01,good,nstxuE204955F02t017,1,2.4119035493768624,tae_like,GOOD,NO_GOOD_TEMPLATE,GOOD,REVIEW,NO_GOOD_TEMPLATE,rule_survivor_policy,,,,,True,0.22484646508379913,c7402ddb8f7b66d4f5713f01ce76d6483202d017faa63f61474cdd47e522c903,nstxuE204955F02t017/N1/egn01w.5817E+01
nstxuE204955F02t017/N3/egn03w.5894E+01,good,nstxuE204955F02t017,3,2.427725054696403,tae_like,GOOD,NO_GOOD_TEMPLATE,GOOD,REVIEW,NO_GOOD_TEMPLATE,rule_survivor_policy,,,,,True,0.30541315191732554,2cf0d9e488254582dc298efd031f36e7d47d82c6bcbe456702e6870e2f1c88f5,nstxuE204955F02t017/N3/egn03w.5894E+01
nstxuE204955F02t017/N3/egn03w.9106E+01,good,nstxuE204955F02t017,3,3.017555456555547,tae_like,GOOD,NO_GOOD_TEMPLATE,GOOD,REVIEW,NO_GOOD_TEMPLATE,rule_survivor_policy,,,,,True,0.420219492892163,37e9f3a50f745f35c7a341af6664b583bb3d6aaf85ab318f69880aa5146345a0,nstxuE204955F02t017/N3/egn03w.9106E+01
nstxuE204955F02t017/N4/egn04w.4867E+01,good,nstxuE204955F02t017,4,2.206050630715352,tae_like,GOOD,NO_GOOD_TEMPLATE,GOOD,REVIEW,NO_GOOD_TEMPLATE,rule_survivor_policy,,,,,True,0.20619526488801893,97165040ad6769f3aeac70bbb38d780dfa2f0189d5e1deaff7bac5558e31dd08,nstxuE204955F02t017/N4/egn04w.4867E+01
nstxuE204955F02t017/N4/egn04w.5559E+01,good,nstxuE204955F02t017,4,2.357704892080738,tae_like,GOOD,NO_GOOD_TEMPLATE,GOOD,REVIEW,NO_GOOD_TEMPLATE,rule_survivor_policy,,,,,True,0.5373781401660396,3f60b6a91f69a9e301a135cfc815bf36d418e6cff88602cb5f0852a1c50c38e3,nstxuE204955F02t017/N4/egn04w.5559E+01
nstxuE204955F02t017/N4/egn04w.7122E+01,good,nstxuE204955F02t017,4,2.6687770590579403,tae_like,GOOD,NO_GOOD_TEMPLATE,GOOD,REVIEW,NO_GOOD_TEMPLATE,rule_survivor_policy,,,,,True,0.37510788289770636,5cee486b8a2f2f3fabc379520ae83bf84d4a075119256e1b8c007c6493901465,nstxuE204955F02t017/N4/egn04w.7122E+01
nstxuE204955F02t017/N4/egn04w.7861E+01,good,nstxuE204955F02t017,4,2.8036671423158124,tae_like,GOOD,NO_GOOD_TEMPLATE,GOOD,REVIEW,NO_GOOD_TEMPLATE,rule_survivor_policy,,,,,True,0.27122760675705193,b6c132f2871d64eb2657a86d73b3f4df6a21a7d5809cdfdabcf835ed0160b311,nstxuE204955F02t017/N4/egn04w.7861E+01
nstxuE204955F02t017/N4/egn04w.1057E+02,good,nstxuE204955F02t017,4,3.2512953674822964,tae_like,GOOD,NO_GOOD_TEMPLATE,GOOD,REVIEW,NO_GOOD_TEMPLATE,rule_survivor_policy,,,,,True,0.8661514738219458,fb3ae0ebabc11b03d7e1dc37f5b105f83df9ae5c7bcdfb227b16a3674f62c4b3,nstxuE204955F02t017/N4/egn04w.1057E+02
nstxuE204955F02t017/N5/egn05w.8108E+01,good,nstxuE204955F02t017,5,2.8473927471310434,tae_like,GOOD,NO_GOOD_TEMPLATE,GOOD,REVIEW,NO_GOOD_TEMPLATE,rule_survivor_policy,,,,,True,0.3553039168818586,c271e6f288bddadda58e703b0d488ce7aae845ea6d361f9780340793d2e546ca,nstxuE204955F02t017/N5/egn05w.8108E+01
nstxuE204955F02t017/N6/egn06w.5013E+01,good,nstxuE204955F02t017,6,2.2390653406986045,tae_like,GOOD,NO_GOOD_TEMPLATE,GOOD,REVIEW,NO_GOOD_TEMPLATE,rule_survivor_policy,,,,,True,0.6741738984032176,9f6b422c2babd6c63fb916a3068cbccbd8053f9deedcbb06accf521940e4e016,nstxuE204955F02t017/N6/egn06w.5013E+01
nstxuE204955F02t017/N6/egn06w.6048E+01,good,nstxuE204955F02t017,6,2.4592664805022055,tae_like,GOOD,NO_GOOD_TEMPLATE,GOOD,REVIEW,NO_GOOD_TEMPLATE,rule_survivor_policy,,,,,True,0.5500537977455824,620722394f059d399cbc16037feff9380401f6f05aab28f8e073f359c9386d2a,nstxuE204955F02t017/N6/egn06w.6048E+01
nstxuE204955F02t017/N6/egn06w.8233E+01,good,nstxuE204955F02t017,6,2.8693975196585026,tae_like,GOOD,NO_GOOD_TEMPLATE,GOOD,REVIEW,NO_GOOD_TEMPLATE,rule_survivor_policy,,,,,True,0.4348997751697875,c888799c354fe5071dbd7f932834116f1492e991edb4a9d4b119f09288f2de89,nstxuE204955F02t017/N6/egn06w.8233E+01
nstxuE204955F02t017/N6/egn06w.8356E+01,good,nstxuE204955F02t017,6,2.890612553316019,tae_like,GOOD,NO_GOOD_TEMPLATE,GOOD,REVIEW,NO_GOOD_TEMPLATE,rule_survivor_policy,,,,,True,0.6198324384156001,26b2a5c9d41f41487e103f1b044e76d9ef37e4ffeb524fd823ca0158dda3e8a7,nstxuE204955F02t017/N6/egn06w.8356E+01
nstxuE204955F02t017/N6/egn06w.9192E+01,good,nstxuE204955F02t017,6,3.0317573673325175,tae_like,GOOD,NO_GOOD_TEMPLATE,GOOD,REVIEW,NO_GOOD_TEMPLATE,rule_survivor_policy,,,,,True,0.694382101143455,97f624d5ffd431c4c6122867afdf3504d526eb6af7fe394c3e6d311de7016871,nstxuE204955F02t017/N6/egn06w.9192E+01
nstxuE204955F02t017/N6/egn06w.9654E+01,good,nstxuE204955F02t017,6,3.107081440536278,tae_like,GOOD,NO_GOOD_TEMPLATE,GOOD,REVIEW,NO_GOOD_TEMPLATE,rule_survivor_policy,,,,,True,0.6622404034737319,0bc24b28bd3351654ddda23ccc5b7df0bb2303cf70d7183866cdd8b2ec20d26f,nstxuE204955F02t017/N6/egn06w.9654E+01
nstxuE204955F02t017/N7/egn07w.4532E+01,good,nstxuE204955F02t017,7,2.128869167651448,tae_like,GOOD,NO_GOOD_TEMPLATE,GOOD,REVIEW,NO_GOOD_TEMPLATE,rule_survivor_policy,,,,,True,0.5309849815790009,b5ab99536d4b7967fab7773c1ed2e67a8c6d3c461f6fa08d584cf34bf35e9452,nstxuE204955F02t017/N7/egn07w.4532E+01
nstxuE204955F02t017/N7/egn07w.5021E+01,good,nstxuE204955F02t017,7,2.2408235868650284,tae_like,GOOD,NO_GOOD_TEMPLATE,GOOD,REVIEW,NO_GOOD_TEMPLATE,rule_survivor_policy,,,,,True,0.7776011477541604,e2d6f09e4a24a2fe91103e0eedf7321444e202ac8d2ac42ab21d5eda3af2c5c8,nstxuE204955F02t017/N7/egn07w.5021E+01
nstxuE204955F02t017/N7/egn07w.5206E+01,good,nstxuE204955F02t017,7,2.2815876530036743,tae_like,GOOD,NO_GOOD_TEMPLATE,GOOD,REVIEW,NO_GOOD_TEMPLATE,rule_survivor_policy,,,,,True,0.513479647445746,b11345ec15969f8a33638ecce37774b11c385b6d43191e266299b6fbfd0e874a,nstxuE204955F02t017/N7/egn07w.5206E+01
nstxuE204955F02t017/N7/egn07w.5424E+01,good,nstxuE204955F02t017,7,2.329026946886973,tae_like,GOOD,NO_GOOD_TEMPLATE,GOOD,REVIEW,NO_GOOD_TEMPLATE,rule_survivor_policy,,,,,True,0.5674681196545146,b11be388dda1c5baafc79e496f6b513ad796d57025c7af2aa1513e66997720d5,nstxuE204955F02t017/N7/egn07w.5424E+01
nstxuE204955F02t017/N7/egn07w.5846E+01,good,nstxuE204955F02t017,7,2.417897572234828,tae_like,GOOD,NO_GOOD_TEMPLATE,GOOD,REVIEW,NO_GOOD_TEMPLATE,rule_survivor_policy,,,,,True,0.7083887164419183,9f1174e03a43b696f219db49e49c894d26b737fe1859113da9f1286cd84f34b5,nstxuE204955F02t017/N7/egn07w.5846E+01
nstxuE204955F02t017/N7/egn07w.6288E+01,good,nstxuE204955F02t017,7,2.5075848652631296,tae_like,GOOD,NO_GOOD_TEMPLATE,GOOD,REVIEW,NO_GOOD_TEMPLATE,rule_survivor_policy,,,,,True,0.5971293956652517,971cfa405842c1e8d905264078e0ccc746d04bb85c93e14fbec886823eb3f4d8,nstxuE204955F02t017/N7/egn07w.6288E+01
nstxuE204955F02t017/N7/egn07w.6472E+01,good,nstxuE204955F02t017,7,2.544028923185933,tae_like,GOOD,NO_GOOD_TEMPLATE,GOOD,REVIEW,NO_GOOD_TEMPLATE,rule_survivor_policy,,,,,True,0.9332668912362972,0c2d2f7cb930106491f5f5df4ec66cab4368a3d1a8b4a65817658c29d6e45f12,nstxuE204955F02t017/N7/egn07w.6472E+01
nstxuE204955F02t017/N7/egn07w.6818E+01,good,nstxuE204955F02t017,7,2.6111973623791918,tae_like,GOOD,NO_GOOD_TEMPLATE,GOOD,REVIEW,NO_GOOD_TEMPLATE,rule_survivor_policy,,,,,True,0.6486551891126912,13133b962fa79e58ab72e9b96b4689753750082271d382a1f1d8972e73e25a51,nstxuE204955F02t017/N7/egn07w.6818E+01
nstxuE204955F02t017/N7/egn07w.7270E+01,good,nstxuE204955F02t017,7,2.6962339910280413,tae_like,GOOD,NO_GOOD_TEMPLATE,GOOD,REVIEW,NO_GOOD_TEMPLATE,rule_survivor_policy,,,,,True,0.8059752867709243,977e99584228a91864f936db1dd1713a5f09ffecc2234785bbd9cf1f62e50014,nstxuE204955F02t017/N7/egn07w.7270E+01
nstxuE204955F02t017/N7/egn07w.7528E+01,good,nstxuE204955F02t017,7,2.743669354257801,tae_like,GOOD,NO_GOOD_TEMPLATE,GOOD,REVIEW,NO_GOOD_TEMPLATE,rule_survivor_policy,,,,,True,0.5846408449817821,28c3bf14528b3090cca2c7f76a26bb0d3b8b8ed046a1f96bb0a2837eafcc57fa,nstxuE204955F02t017/N7/egn07w.7528E+01
nstxuE204955F02t017/N7/egn07w.8027E+01,good,nstxuE204955F02t017,7,2.833155601446305,tae_like,GOOD,NO_GOOD_TEMPLATE,GOOD,REVIEW,NO_GOOD_TEMPLATE,rule_survivor_policy,,,,,True,0.6815346763368665,30be47d2201599e76f81c84d0a0f2fa9c10434c7a6baad5115072f2bc5043538,nstxuE204955F02t017/N7/egn07w.8027E+01
nstxuE204955F02t017/N7/egn07w.8319E+01,good,nstxuE204955F02t017,7,2.884262200565656,tae_like,GOOD,good mode localized near continuum min,BAD,BAD,BAD_INTERIOR_UNRESOLVED_ENVELOPE,manual_override,GOOD,good mode localized near continuum min,Elena,2026-09-14T18:44:59.392422+00:00,True,1.0644624958962645,98e4afef937e24ef981e6c3ca4e42bcfa078839e1a3268945f59fca64273fcd4,nstxuE204955F02t017/N7/egn07w.8319E+01
nstxuE204955F02t017/N7/egn07w.8812E+01,good,nstxuE204955F02t017,7,2.9685798947110875,tae_like,GOOD,NO_GOOD_TEMPLATE,GOOD,REVIEW,NO_GOOD_TEMPLATE,rule_survivor_policy,,,,,True,0.6260965205333361,0637343198b8ec03b6b55de43903c00d78319103d6088c55d48ac43e8771cf5d,nstxuE204955F02t017/N7/egn07w.8812E+01
nstxuE204955F02t017/N7/egn07w.9755E+01,good,nstxuE204955F02t017,7,3.1232260590013325,tae_like,GOOD,NO_GOOD_TEMPLATE,GOOD,REVIEW,NO_GOOD_TEMPLATE,rule_survivor_policy,,,,,True,0.6108459242878795,e7c5e98d431a1cd1559a4055da1f59afe59603e75b7058ac18ed23687865a57f,nstxuE204955F02t017/N7/egn07w.9755E+01
nstxuE204955F02t017/N7/egn07w.1079E+02,good,nstxuE204955F02t017,7,3.284356690319037,tae_like,GOOD,NO_GOOD_TEMPLATE,GOOD,REVIEW,NO_GOOD_TEMPLATE,rule_survivor_policy,,,,,True,0.6166199411912154,d46b3b36ee6c8f516b74d76df42ee979922f59c1fba894f9c26387ad4c3cbeae,nstxuE204955F02t017/N7/egn07w.1079E+02
nstxuE204955F02t017/N8/egn08w.5113E+01,good,nstxuE204955F02t017,8,2.261153993608684,tae_like,GOOD,NO_GOOD_TEMPLATE,GOOD,REVIEW,NO_GOOD_TEMPLATE,rule_survivor_policy,,,,,True,0.2791853604360411,78a721d89b7f12da574b520fbbc60ccbc306abc50c831f2aab108699af6583ef,nstxuE204955F02t017/N8/egn08w.5113E+01
nstxuE204955F02t017/N8/egn08w.5162E+01,good,nstxuE204955F02t017,8,2.272032963903143,tae_like,GOOD,NO_GOOD_TEMPLATE,GOOD,REVIEW,NO_GOOD_TEMPLATE,rule_survivor_policy,,,,,True,0.49421865157597333,a02d5e15e8c7f5f679c1cac6d313e7059639b4fce5d2b2bcb9fc2d9cf307d2af,nstxuE204955F02t017/N8/egn08w.5162E+01
nstxuE204955F02t017/N8/egn08w.5420E+01,good,nstxuE204955F02t017,8,2.328014336384375,tae_like,GOOD,NO_GOOD_TEMPLATE,GOOD,REVIEW,NO_GOOD_TEMPLATE,rule_survivor_policy,,,,,True,0.7916971348767633,eacf58a3e53566cf166f1df94aabb5468a0ea5dc01be5f288c1a23a213ef619d,nstxuE204955F02t017/N8/egn08w.5420E+01
nstxuE204955F02t017/N8/egn08w.5821E+01,good,nstxuE204955F02t017,8,2.412633311611886,tae_like,GOOD,NO_GOOD_TEMPLATE,GOOD,REVIEW,NO_GOOD_TEMPLATE,rule_survivor_policy,,,,,True,0.681716430589878,56f67d61fd2ddfe6403404dfd4b4050d6bf17bfda45d57cc43328fc4f9bc2ae1,nstxuE204955F02t017/N8/egn08w.5821E+01
nstxuE204955F02t017/N8/egn08w.5858E+01,good,nstxuE204955F02t017,8,2.4204152540537165,tae_like,GOOD,NO_GOOD_TEMPLATE,GOOD,REVIEW,NO_GOOD_TEMPLATE,rule_survivor_policy,,,,,True,0.8396348222406197,ddab4c284e7c0229bb883655cc2756f4efe8461b39548bd680ff2428d7a59727,nstxuE204955F02t017/N8/egn08w.5858E+01
nstxuE204955F02t017/N8/egn08w.6137E+01,good,nstxuE204955F02t017,8,2.477385120932505,tae_like,GOOD,NO_GOOD_TEMPLATE,GOOD,REVIEW,NO_GOOD_TEMPLATE,rule_survivor_policy,,,,,True,0.7114187551218623,59b5b8dda06429ec73c188ea2ed1d5000642bd4e05a2e788d2cd751b297d8e2c,nstxuE204955F02t017/N8/egn08w.6137E+01
nstxuE204955F02t017/N8/egn08w.6329E+01,good,nstxuE204955F02t017,8,2.5158264977327187,tae_like,GOOD,NO_GOOD_TEMPLATE,GOOD,REVIEW,NO_GOOD_TEMPLATE,rule_survivor_policy,,,,,True,0.7249740430779709,2a7424b9ad18325834bc8f2d20a7ec0167b11fc2ae31d46b6ea9089ba87c9f12,nstxuE204955F02t017/N8/egn08w.6329E+01
nstxuE204955F02t017/N8/egn08w.6651E+01,good,nstxuE204955F02t017,8,2.578868513202671,tae_like,GOOD,NO_GOOD_TEMPLATE,GOOD,REVIEW,NO_GOOD_TEMPLATE,rule_survivor_policy,,,,,True,0.8488590356708153,703486b58f9bad487a8197761c9c1975693e493e8fbbb21d76569347d30410bb,nstxuE204955F02t017/N8/egn08w.6651E+01
nstxuE204955F02t017/N8/egn08w.7044E+01,good,nstxuE204955F02t017,8,2.6539788084355522,tae_like,GOOD,NO_GOOD_TEMPLATE,GOOD,REVIEW,NO_GOOD_TEMPLATE,rule_survivor_policy,,,,,True,0.6704071975591923,f93c47374522312b5a61632bb03cd77f4c0e03cb93c8db6fb3087b5035ec7200,nstxuE204955F02t017/N8/egn08w.7044E+01
nstxuE204955F02t017/N8/egn08w.7314E+01,good,nstxuE204955F02t017,8,2.7043711000665196,tae_like,GOOD,NO_GOOD_TEMPLATE,GOOD,REVIEW,NO_GOOD_TEMPLATE,rule_survivor_policy,,,,,True,0.5980906347512777,832ec8d4ad4520001386f58d1c392cd009276ab42ef12e92d393fcc9f70f4ec2,nstxuE204955F02t017/N8/egn08w.7314E+01
nstxuE204955F02t017/N8/egn08w.7690E+01,good,nstxuE204955F02t017,8,2.773026632835406,tae_like,GOOD,NO_GOOD_TEMPLATE,GOOD,REVIEW,NO_GOOD_TEMPLATE,rule_survivor_policy,,,,,True,0.5899881398385047,10922c991a6714789dcec2ebb4cda213cbe6a16c53e51660a2d4f88886b1aa56,nstxuE204955F02t017/N8/egn08w.7690E+01
nstxuE204955F02t017/N8/egn08w.8114E+01,good,nstxuE204955F02t017,8,2.848525216443959,tae_like,GOOD,NO_GOOD_TEMPLATE,GOOD,REVIEW,NO_GOOD_TEMPLATE,rule_survivor_policy,,,,,True,0.6597259952599416,d93c2095a6f99725b6b033e4245775e2947fa7e4dff29301ebf29ed952c6dd81,nstxuE204955F02t017/N8/egn08w.8114E+01
nstxuE204955F02t017/N8/egn08w.8435E+01,good,nstxuE204955F02t017,8,2.9042229950142833,tae_like,GOOD,NO_GOOD_TEMPLATE,GOOD,REVIEW,NO_GOOD_TEMPLATE,rule_survivor_policy,,,,,True,0.6211970500058989,50cb6d8f40c10a791d5390af71333aa7747b6369acf5fb3fd84d83f565fc2af7,nstxuE204955F02t017/N8/egn08w.8435E+01
nstxuE204955F02t017/N8/egn08w.9349E+01,good,nstxuE204955F02t017,8,3.057606774908622,tae_like,GOOD,NO_GOOD_TEMPLATE,GOOD,REVIEW,NO_GOOD_TEMPLATE,rule_survivor_policy,,,,,True,0.8474635738846455,8ae89d2f0dded7385be6a8a3b3f307d1a71e8476c1d45e8cccdaa6ba997e1629,nstxuE204955F02t017/N8/egn08w.9349E+01
nstxuE204955F02t017/N9/egn09w.2872E+01,good,nstxuE204955F02t017,9,1.6946449995641273,tae_like,GOOD,NO_GOOD_TEMPLATE,GOOD,REVIEW,NO_GOOD_TEMPLATE,rule_survivor_policy,,,,,True,0.7064408961040569,45c7ea511906e706fbc3766959ff17ea9e7c5385383559f57f98cb11c0689c57,nstxuE204955F02t017/N9/egn09w.2872E+01
nstxuE204955F02t017/N9/egn09w.5149E+01,good,nstxuE204955F02t017,9,2.269228928081687,tae_like,GOOD,NO_GOOD_TEMPLATE,GOOD,REVIEW,NO_GOOD_TEMPLATE,rule_survivor_policy,,,,,True,0.2840341931860991,752c31ee8a0ee5b47fa0774ed0bbaad59232e2bec31ee152e8600adcef6b6941,nstxuE204955F02t017/N9/egn09w.5149E+01
nstxuE204955F02t017/N9/egn09w.5380E+01,good,nstxuE204955F02t017,9,2.319473781828287,tae_like,GOOD,NO_GOOD_TEMPLATE,GOOD,REVIEW,NO_GOOD_TEMPLATE,rule_survivor_policy,,,,,True,0.5041914301991435,cf9439684e85cfacd65ad76c7c10a7a46e8ca1d44c0fdc9c6d9eeec2f8fc2ef8,nstxuE204955F02t017/N9/egn09w.5380E+01
nstxuE204955F02t017/N9/egn09w.5709E+01,good,nstxuE204955F02t017,9,2.389455391990505,tae_like,GOOD,edge spike is part of the mode,BAD,BAD,BAD_GRID_SCALE_SPIKE,manual_override,GOOD,edge spike is part of the mode,Elena,2026-09-14T18:44:59.392422+00:00,True,1.0357774583119566,e5dac75bd89cbc4b5543208c4ab67396e18e9aa756fe23690234a9ec135d47d2,nstxuE204955F02t017/N9/egn09w.5709E+01
nstxuE204955F02t017/N9/egn09w.5858E+01,good,nstxuE204955F02t017,9,2.4203488931126116,tae_like,GOOD,NO_GOOD_TEMPLATE,GOOD,REVIEW,NO_GOOD_TEMPLATE,rule_survivor_policy,,,,,True,0.758359666519118,b280e698c4d2436e42bd59bc8ef3fc5f7573aa1e3e0777bf8eb04f47ea0bf5e6,nstxuE204955F02t017/N9/egn09w.5858E+01
nstxuE204955F02t017/N9/egn09w.6193E+01,good,nstxuE204955F02t017,9,2.488555476038073,tae_like,GOOD,NO_GOOD_TEMPLATE,GOOD,REVIEW,NO_GOOD_TEMPLATE,rule_survivor_policy,,,,,True,0.8346251634145323,9379cf7c64767793a10c31219b73671d43523ff9212e36f3ceace4a2e2ef7a11,nstxuE204955F02t017/N9/egn09w.6193E+01
nstxuE204955F02t017/N9/egn09w.6398E+01,good,nstxuE204955F02t017,9,2.5295155790300874,tae_like,GOOD,NO_GOOD_TEMPLATE,GOOD,REVIEW,NO_GOOD_TEMPLATE,rule_survivor_policy,,,,,True,0.6994725174379915,369bff995934b63fc161dbb48608475119f59f683557145e798a2b5866c40f13,nstxuE204955F02t017/N9/egn09w.6398E+01
nstxuE204955F02t017/N9/egn09w.6751E+01,good,nstxuE204955F02t017,9,2.5983022235493145,tae_like,GOOD,NO_GOOD_TEMPLATE,GOOD,REVIEW,NO_GOOD_TEMPLATE,rule_survivor_policy,,,,,True,0.6833862335022809,e9f6f912061b8d4db84c649b0145d513a3bccbe62383de08f441606663a2f1d6,nstxuE204955F02t017/N9/egn09w.6751E+01
nstxuE204955F02t017/N9/egn09w.7620E+01,good,nstxuE204955F02t017,9,2.7605197452617976,tae_like,GOOD,NO_GOOD_TEMPLATE,GOOD,REVIEW,NO_GOOD_TEMPLATE,rule_survivor_policy,,,,,True,0.5586208838405188,836b484c55585d30fbba572005d434b3b86992719f2abed8f8351686ab8e0f97,nstxuE204955F02t017/N9/egn09w.7620E+01
nstxuE204955F02t017/N9/egn09w.8134E+01,good,nstxuE204955F02t017,9,2.8520866272103027,tae_like,GOOD,NO_GOOD_TEMPLATE,GOOD,REVIEW,NO_GOOD_TEMPLATE,rule_survivor_policy,,,,,True,0.6656620582457872,7d219e347653cfcd54b751c89ccbf7d13c41ed727da39ca02407182e4c57229c,nstxuE204955F02t017/N9/egn09w.8134E+01
nstxuE204955F02t017/N10/egn10w.4614E+01,good,nstxuE204955F02t017,10,2.1479624175683756,tae_like,GOOD,NO_GOOD_TEMPLATE,GOOD,REVIEW,NO_GOOD_TEMPLATE,rule_survivor_policy,,,,,True,0.7532345173296836,7a60b99ab91e73a4c3cb00ca04569ba611bca2db7acbff22ac170e4fb943f6d7,nstxuE204955F02t017/N10/egn10w.4614E+01
nstxuE204955F02t017/N10/egn10w.4769E+01,good,nstxuE204955F02t017,10,2.183790028310118,tae_like,GOOD,NO_GOOD_TEMPLATE,GOOD,REVIEW,NO_GOOD_TEMPLATE,rule_survivor_policy,,,,,True,0.5256136733303739,f7dd9bd8d4174c6d40955cabcd88d90804851aed292cd11a59b606ce8ac43c53,nstxuE204955F02t017/N10/egn10w.4769E+01
nstxuE204955F02t017/N10/egn10w.5695E+01,good,nstxuE204955F02t017,10,2.386501270079028,tae_like,GOOD,NO_GOOD_TEMPLATE,GOOD,REVIEW,NO_GOOD_TEMPLATE,rule_survivor_policy,,,,,True,0.6846003916828188,bd1b28e3b6c451939da3a8aadd1993c367e48ae2c7353877bd6f33e7b14c940e,nstxuE204955F02t017/N10/egn10w.5695E+01
nstxuE204955F02t017/N10/egn10w.6095E+01,good,nstxuE204955F02t017,10,2.4688642441087785,tae_like,GOOD,NO_GOOD_TEMPLATE,GOOD,REVIEW,NO_GOOD_TEMPLATE,rule_survivor_policy,,,,,True,0.8833693339142269,e3654135383e0a1e6215eebfeed795c6ebf941b578a1dfa34ef80a87ee2cded7,nstxuE204955F02t017/N10/egn10w.6095E+01
nstxuE204955F02t017/N10/egn10w.8577E+01,good,nstxuE204955F02t017,10,2.9286712053050428,tae_like,GOOD,NO_GOOD_TEMPLATE,GOOD,REVIEW,NO_GOOD_TEMPLATE,rule_survivor_policy,,,,,True,0.5302043034848464,a91a9cd4b124477d19ba2a47d77062cc8ae07c8a88b5ed6d1c8dc6764847b2a9,nstxuE204955F02t017/N10/egn10w.8577E+01
nstxuE204955F02t017/N10/egn10w.9056E+01,good,nstxuE204955F02t017,10,3.0093685098580054,tae_like,GOOD,NO_GOOD_TEMPLATE,GOOD,REVIEW,NO_GOOD_TEMPLATE,rule_survivor_policy,,,,,True,0.6062269250883557,24855d83d980a76bdce46d5e53aa94f8d419d65ac02f25853d40ec33fd60b9fb,nstxuE204955F02t017/N10/egn10w.9056E+01
nstxuE205017A01t025/N2/egn02w.6450E+01,good,nstxuE205017A01t025,2,2.5397168944161654,tae_like,GOOD,NO_GOOD_TEMPLATE,GOOD,REVIEW,NO_GOOD_TEMPLATE,rule_survivor_policy,,,,,True,0.22504771737284382,23812baf6d0eb80ee7e3af8fd00a574f4ba2883f10e6de480b66bec87add2f3e,nstxuE205017A01t025/N2/egn02w.6450E+01
nstxuE205017A01t025/N3/egn03w.8949E+01,good,nstxuE205017A01t025,3,2.9915060160800975,tae_like,GOOD,NO_GOOD_TEMPLATE,GOOD,REVIEW,NO_GOOD_TEMPLATE,rule_survivor_policy,,,,,True,0.3212027519896583,5f99c7149fc3103f290e2d62f4bf6e50368bf410b8f40f4efdb1ca2c2de15cb1,nstxuE205017A01t025/N3/egn03w.8949E+01
nstxuE205017A01t025/N5/egn05w.5892E+01,good,nstxuE205017A01t025,5,2.42730953293307,tae_like,GOOD,NO_GOOD_TEMPLATE,GOOD,REVIEW,NO_GOOD_TEMPLATE,rule_survivor_policy,,,,,True,0.9550582200876911,0f0668db29460bdd2e992927271355966ea9b7fa1923296141182f76fe54e430,nstxuE205017A01t025/N5/egn05w.5892E+01
nstxuE205017A01t025/N5/egn05w.6011E+01,good,nstxuE205017A01t025,5,2.4517493733496476,tae_like,GOOD,NO_GOOD_TEMPLATE,GOOD,REVIEW,NO_GOOD_TEMPLATE,rule_survivor_policy,,,,,True,0.33349546511100886,d5c416f869cdc63c62f4fb76c84c7212a666fed6d9da1c9cf793daa189cbabaf,nstxuE205017A01t025/N5/egn05w.6011E+01
nstxuE205017A01t025/N5/egn05w.6348E+01,good,nstxuE205017A01t025,5,2.519598090453666,tae_like,GOOD,NO_GOOD_TEMPLATE,GOOD,REVIEW,NO_GOOD_TEMPLATE,rule_survivor_policy,,,,,True,0.47350171465633345,05404ff67995a51f67855ede6e4ae9813de7788e148448467013a4182762fd1d,nstxuE205017A01t025/N5/egn05w.6348E+01
nstxuE205017A01t025/N5/egn05w.6582E+01,good,nstxuE205017A01t025,5,2.5654803552405148,tae_like,GOOD,NO_GOOD_TEMPLATE,GOOD,REVIEW,NO_GOOD_TEMPLATE,rule_survivor_policy,,,,,True,0.24617121295134037,034817fe2d60abb66fa63eca0ddc95ab9645517a29a04d309c38caa2bc19bb5c,nstxuE205017A01t025/N5/egn05w.6582E+01
nstxuE205017A01t025/N5/egn05w.7158E+01,good,nstxuE205017A01t025,5,2.6754611974841684,tae_like,GOOD,NO_GOOD_TEMPLATE,GOOD,REVIEW,NO_GOOD_TEMPLATE,rule_survivor_policy,,,,,True,0.6720082305885393,c264165ff558a60d3c0e1cbc27eee38577c275fe79ba0b1e143476d1baca229b,nstxuE205017A01t025/N5/egn05w.7158E+01
nstxuE205017A01t025/N5/egn05w.7254E+01,good,nstxuE205017A01t025,5,2.6933825804193834,tae_like,GOOD,NO_GOOD_TEMPLATE,GOOD,REVIEW,NO_GOOD_TEMPLATE,rule_survivor_policy,,,,,True,0.2208530679159927,298e822174f28e03ce6cabb40c6db83968f5c7d813261770a8473f21d1c4e1c7,nstxuE205017A01t025/N5/egn05w.7254E+01
nstxuE205017A01t025/N5/egn05w.1060E+02,good,nstxuE205017A01t025,5,3.2563698804834402,tae_like,GOOD,NO_GOOD_TEMPLATE,GOOD,REVIEW,NO_GOOD_TEMPLATE,rule_survivor_policy,,,,,True,0.5373947568274124,381a1c072bae193478ba21cfb9c45d8139662586d2dbfd2f0d85810da6aab2e1,nstxuE205017A01t025/N5/egn05w.1060E+02
nstxuE205017A01t025/N5/egn05w.1314E+02,good,nstxuE205017A01t025,5,3.6255819916201766,tae_like,GOOD,NO_GOOD_TEMPLATE,GOOD,REVIEW,NO_GOOD_TEMPLATE,rule_survivor_policy,,,,,True,0.5753770363750563,4acded1cd6fb241b9cfd9f3c1910f549c3bf60096ef5e7516c335d373b28b7d4,nstxuE205017A01t025/N5/egn05w.1314E+02
nstxuE205017A01t025/N5/egn05w.1497E+02,good,nstxuE205017A01t025,5,3.8695253931318367,tae_like,GOOD,NO_GOOD_TEMPLATE,GOOD,REVIEW,NO_GOOD_TEMPLATE,rule_survivor_policy,,,,,True,0.7242203006832665,5c631766eacf515694e1cb424116eb0b49bbabdcd98f7cd8247e2c13ce0dcece,nstxuE205017A01t025/N5/egn05w.1497E+02
nstxuE205017A01t025/N6/egn06w.5615E+01,good,nstxuE205017A01t025,6,2.369602213123016,tae_like,GOOD,NO_GOOD_TEMPLATE,GOOD,REVIEW,NO_GOOD_TEMPLATE,rule_survivor_policy,,,,,True,0.9013421693005668,3e78fd0719792d9f62f97d1f51efcb988dca51ba1da443104821300fe4b72d24,nstxuE205017A01t025/N6/egn06w.5615E+01
nstxuE205017A01t025/N6/egn06w.5722E+01,good,nstxuE205017A01t025,6,2.3920647861629196,tae_like,GOOD,NO_GOOD_TEMPLATE,GOOD,REVIEW,NO_GOOD_TEMPLATE,rule_survivor_policy,,,,,True,0.47846066407744026,abb6eb9658fce29703a31ee48cb757b503c9f1a2de399a91c0ea500e2860ccf3,nstxuE205017A01t025/N6/egn06w.5722E+01
nstxuE205017A01t025/N6/egn06w.5853E+01,good,nstxuE205017A01t025,6,2.4192098557316344,tae_like,GOOD,NO_GOOD_TEMPLATE,GOOD,REVIEW,NO_GOOD_TEMPLATE,rule_survivor_policy,,,,,True,0.4229087056588946,3701f7595336e9839169e46540d946635e4bf4d833c76867b10a25e7e150406c,nstxuE205017A01t025/N6/egn06w.5853E+01
nstxuE205017A01t025/N6/egn06w.6130E+01,good,nstxuE205017A01t025,6,2.4759401976326667,tae_like,GOOD,NO_GOOD_TEMPLATE,GOOD,REVIEW,NO_GOOD_TEMPLATE,rule_survivor_policy,,,,,True,0.3480548899140391,120127d535c2a171181896879ed2c4587b3eea5352efc78183c81a2d3d69a98b,nstxuE205017A01t025/N6/egn06w.6130E+01
nstxuE205017A01t025/N6/egn06w.6393E+01,good,nstxuE205017A01t025,6,2.528415556867034,tae_like,GOOD,NO_GOOD_TEMPLATE,GOOD,REVIEW,NO_GOOD_TEMPLATE,rule_survivor_policy,,,,,True,0.307576866964006,a11662d923910db050ba4379a3345f79f282dae53b5c8600cca1bf97ee45b2cf,nstxuE205017A01t025/N6/egn06w.6393E+01
nstxuE205017A01t025/N6/egn06w.6650E+01,good,nstxuE205017A01t025,6,2.5787339791131796,tae_like,GOOD,NO_GOOD_TEMPLATE,GOOD,REVIEW,NO_GOOD_TEMPLATE,rule_survivor_policy,,,,,True,0.47414915424094417,d1b122b8193e40ef8b72af1d3366ab9adbb78f31684903d73dceb62e66d77074,nstxuE205017A01t025/N6/egn06w.6650E+01
nstxuE205017A01t025/N6/egn06w.6816E+01,good,nstxuE205017A01t025,6,2.6108233452870855,tae_like,GOOD,NO_GOOD_TEMPLATE,GOOD,REVIEW,NO_GOOD_TEMPLATE,rule_survivor_policy,,,,,True,0.2559363389924999,8198baf6e7dfbc5d7a3c97f20f837ca9e9ed980feb727c5292787269c8bd2847,nstxuE205017A01t025/N6/egn06w.6816E+01
nstxuE205017A01t025/N6/egn06w.7494E+01,good,nstxuE205017A01t025,6,2.737522624425855,tae_like,GOOD,NO_GOOD_TEMPLATE,GOOD,REVIEW,NO_GOOD_TEMPLATE,rule_survivor_policy,,,,,True,0.48956225111959073,256478435b18b76725427906c3628ed19bd362d269634198250b15dac1010745,nstxuE205017A01t025/N6/egn06w.7494E+01
nstxuE205017A01t025/N6/egn06w.7544E+01,good,nstxuE205017A01t025,6,2.7466744058844665,tae_like,GOOD,NO_GOOD_TEMPLATE,GOOD,REVIEW,NO_GOOD_TEMPLATE,rule_survivor_policy,,,,,True,0.18947942358110836,18e52f868bc0f0da9347922bde7063ccc8009c2f85aba3dcda71eca4899f5d15,nstxuE205017A01t025/N6/egn06w.7544E+01
nstxuE205017A01t025/N6/egn06w.9552E+01,good,nstxuE205017A01t025,6,3.0906363085844935,tae_like,GOOD,NO_GOOD_TEMPLATE,GOOD,REVIEW,NO_GOOD_TEMPLATE,rule_survivor_policy,,,,,True,0.5821096375658064,25ab2cce0a39c8a9f55f9abcb985e485450a67960c2991c8cd51b5faa6e9dbf1,nstxuE205017A01t025/N6/egn06w.9552E+01
nstxuE205017A01t025/N6/egn06w.1380E+02,good,nstxuE205017A01t025,6,3.714228371154916,tae_like,GOOD,NO_GOOD_TEMPLATE,GOOD,REVIEW,NO_GOOD_TEMPLATE,rule_survivor_policy,,,,,True,0.5643494871897828,3a51d9e3d2a5422a6f04533b18349392eff58f96d992d1f8dd6b09d4eae83e33,nstxuE205017A01t025/N6/egn06w.1380E+02
nstxuE205017A01t025/N6/egn06w.1516E+02,good,nstxuE205017A01t025,6,3.894060586793485,tae_like,GOOD,NO_GOOD_TEMPLATE,GOOD,REVIEW,NO_GOOD_TEMPLATE,rule_survivor_policy,,,,,True,0.4394086652340487,d1d1a89216302427e82e1d0496a55053eeea322fd2d911d27f60433ad2bb4d35,nstxuE205017A01t025/N6/egn06w.1516E+02
nstxuE205017A01t025/N6/egn06w.1723E+02,good,nstxuE205017A01t025,6,4.150842965868817,tae_like,GOOD,NO_GOOD_TEMPLATE,GOOD,REVIEW,NO_GOOD_TEMPLATE,rule_survivor_policy,,,,,True,0.4844321069342318,cfba5613d2e95b0aa6e8906fec7bf8cc8cda98ede0ef252281a63c3a0ef7d0a5,nstxuE205017A01t025/N6/egn06w.1723E+02
nstxuE205017A01t025/N6/egn06w.1929E+02,good,nstxuE205017A01t025,6,4.391674638067435,tae_like,GOOD,NO_GOOD_TEMPLATE,GOOD,REVIEW,NO_GOOD_TEMPLATE,rule_survivor_policy,,,,,True,0.5172246773562811,20a1c6a5cae280cd8e2eafd7b092ae6242f95f9e989492aa9b8b946993897165,nstxuE205017A01t025/N6/egn06w.1929E+02
nstxuE205017A01t025/N7/egn07w.5946E+01,good,nstxuE205017A01t025,7,2.438461612359451,tae_like,GOOD,NO_GOOD_TEMPLATE,GOOD,REVIEW,NO_GOOD_TEMPLATE,rule_survivor_policy,,,,,True,0.4361499894129646,1b7d4fabbca58eaf6ff6823ea29aa533f2e71178e589d2f49e50577d5858298b,nstxuE205017A01t025/N7/egn07w.5946E+01
nstxuE205017A01t025/N7/egn07w.6028E+01,good,nstxuE205017A01t025,7,2.4551954994212344,tae_like,GOOD,NO_GOOD_TEMPLATE,GOOD,REVIEW,NO_GOOD_TEMPLATE,rule_survivor_policy,,,,,True,0.5973788762496616,20e5a8920cdce8a546e167ac7fee6120db3f7b491d5056e90974fa9c132aa19f,nstxuE205017A01t025/N7/egn07w.6028E+01
nstxuE205017A01t025/N7/egn07w.6085E+01,good,nstxuE205017A01t025,7,2.466713798438035,tae_like,GOOD,NO_GOOD_TEMPLATE,GOOD,REVIEW,NO_GOOD_TEMPLATE,rule_survivor_policy,,,,,True,0.3976911208581562,f3878a04e471172219e5b0b704b74c5e5882c024d6d255ea2d8b20644865c96b,nstxuE205017A01t025/N7/egn07w.6085E+01
nstxuE205017A01t025/N7/egn07w.6283E+01,good,nstxuE205017A01t025,7,2.50661875691467,tae_like,GOOD,NO_GOOD_TEMPLATE,GOOD,REVIEW,NO_GOOD_TEMPLATE,rule_survivor_policy,,,,,True,0.35999092987392184,ec72e0430f3a5d60f58ba8f65f362ba8b855a4cfc64c3c39ccf73f23afa184e0,nstxuE205017A01t025/N7/egn07w.6283E+01
nstxuE205017A01t025/N7/egn07w.6580E+01,good,nstxuE205017A01t025,7,2.5651748114548383,tae_like,GOOD,NO_GOOD_TEMPLATE,GOOD,REVIEW,NO_GOOD_TEMPLATE,rule_survivor_policy,,,,,True,0.3162440651876829,aecfb851af0b30a17e9c02a374110b94a0243c5124d090f5898d7acbd10b5034,nstxuE205017A01t025/N7/egn07w.6580E+01
nstxuE205017A01t025/N7/egn07w.6666E+01,good,nstxuE205017A01t025,7,2.581906118822772,tae_like,GOOD,NO_GOOD_TEMPLATE,GOOD,REVIEW,NO_GOOD_TEMPLATE,rule_survivor_policy,,,,,True,0.5619734008490673,c1c9857522a527da8ee73deeb64ec7d6609d3dbd64dc52160c1b92e51e9b36ed,nstxuE205017A01t025/N7/egn07w.6666E+01
nstxuE205017A01t025/N7/egn07w.7042E+01,good,nstxuE205017A01t025,7,2.653601136681751,tae_like,GOOD,NO_GOOD_TEMPLATE,GOOD,REVIEW,NO_GOOD_TEMPLATE,rule_survivor_policy,,,,,True,0.2643538528932356,5769f2fc371671b8b449294b856db44dcc28d4d865f7390f43e597f199e388b0,nstxuE205017A01t025/N7/egn07w.7042E+01
nstxuE205017A01t025/N7/egn07w.7404E+01,good,nstxuE205017A01t025,7,2.720987906079866,tae_like,GOOD,NO_GOOD_TEMPLATE,GOOD,REVIEW,NO_GOOD_TEMPLATE,rule_survivor_policy,,,,,True,0.47001906639156676,c723e4e5ce8486cd160fe3f02ba83c89bf932809ca8baca1a33fb856364a750c,nstxuE205017A01t025/N7/egn07w.7404E+01
nstxuE205017A01t025/N7/egn07w.7787E+01,good,nstxuE205017A01t025,7,2.7905747181183505,tae_like,GOOD,NO_GOOD_TEMPLATE,GOOD,REVIEW,NO_GOOD_TEMPLATE,rule_survivor_policy,,,,,True,0.4646222645147195,da6ed357a0d23524131e5b46e67c024d39ba47497c4d9c1a6806f5a245136cbf,nstxuE205017A01t025/N7/egn07w.7787E+01
nstxuE205017A01t025/N7/egn07w.9303E+01,good,nstxuE205017A01t025,7,3.0500329451143466,tae_like,GOOD,NO_GOOD_TEMPLATE,GOOD,REVIEW,NO_GOOD_TEMPLATE,rule_survivor_policy,,,,,True,0.6132310694281089,508654f8a192d775b98a71d04c67d1d0fc8fb3dccf02f17051f7d852c240e4ae,nstxuE205017A01t025/N7/egn07w.9303E+01
nstxuE205017A01t025/N7/egn07w.1048E+02,good,nstxuE205017A01t025,7,3.2377707510998412,tae_like,GOOD,NO_GOOD_TEMPLATE,GOOD,REVIEW,NO_GOOD_TEMPLATE,rule_survivor_policy,,,,,True,0.5399227911529173,b448c37a94460165a7f547ab379feeab31cb39d6dc8f1aac354967ce54180c58,nstxuE205017A01t025/N7/egn07w.1048E+02
nstxuE205017A01t025/N7/egn07w.1175E+02,good,nstxuE205017A01t025,7,3.4278224270348208,tae_like,GOOD,NO_GOOD_TEMPLATE,GOOD,REVIEW,NO_GOOD_TEMPLATE,rule_survivor_policy,,,,,True,0.5293986963139656,e3535db2c5180a08a11692dcb50607f0cc66053e46c5d6bc625d6c8b6cdaf3e1,nstxuE205017A01t025/N7/egn07w.1175E+02
nstxuE205017A01t025/N7/egn07w.1325E+02,good,nstxuE205017A01t025,7,3.640535703106358,tae_like,GOOD,NO_GOOD_TEMPLATE,GOOD,REVIEW,NO_GOOD_TEMPLATE,rule_survivor_policy,,,,,True,0.5572425105999965,c4e5390a0b78ca6a089dd6d48e43be6da7a05cbf917f3512610dc2506f99e963,nstxuE205017A01t025/N7/egn07w.1325E+02
nstxuE205017A01t025/N7/egn07w.1470E+02,good,nstxuE205017A01t025,7,3.8334405227910233,tae_like,GOOD,NO_GOOD_TEMPLATE,GOOD,REVIEW,NO_GOOD_TEMPLATE,rule_survivor_policy,,,,,True,0.5191314597137044,07711d2923bbfca073ad519023dfc3694a728e60514870de31b633c417c2067d,nstxuE205017A01t025/N7/egn07w.1470E+02
nstxuE205017A01t025/N8/egn08w.5962E+01,good,nstxuE205017A01t025,8,2.4418028296321013,tae_like,GOOD,NO_GOOD_TEMPLATE,GOOD,REVIEW,NO_GOOD_TEMPLATE,rule_survivor_policy,,,,,True,0.4830024352209589,8354e5b7a048fec0c31c166d9f712bbb3e892e2e76c840db99994596040c63a6,nstxuE205017A01t025/N8/egn08w.5962E+01
nstxuE205017A01t025/N8/egn08w.6073E+01,good,nstxuE205017A01t025,8,2.4642616698950235,tae_like,GOOD,NO_GOOD_TEMPLATE,GOOD,REVIEW,NO_GOOD_TEMPLATE,rule_survivor_policy,,,,,True,0.44561238080824805,03d4d13843116fc5264c1e3894cb3bc7bb8b3c344c9c1e9c8a22d1d4a0d0e674,nstxuE205017A01t025/N8/egn08w.6073E+01
nstxuE205017A01t025/N8/egn08w.6227E+01,good,nstxuE205017A01t025,8,2.495413401586815,tae_like,GOOD,NO_GOOD_TEMPLATE,GOOD,REVIEW,NO_GOOD_TEMPLATE,rule_survivor_policy,,,,,True,0.4077102529193308,8b4373806fbd570d92853ee13434ee8d9b5ca4868778cd6c636df79597a4838e,nstxuE205017A01t025/N8/egn08w.6227E+01
nstxuE205017A01t025/N8/egn08w.6447E+01,good,nstxuE205017A01t025,8,2.5390287194109122,tae_like,GOOD,NO_GOOD_TEMPLATE,GOOD,REVIEW,NO_GOOD_TEMPLATE,rule_survivor_policy,,,,,True,0.3700534632937117,4cdc1df5082b5b459dc1b382efef2b7b32fb5d18c3b839dd9c6b894550c4cfa1,nstxuE205017A01t025/N8/egn08w.6447E+01
nstxuE205017A01t025/N8/egn08w.6486E+01,good,nstxuE205017A01t025,8,2.546775102981116,tae_like,GOOD,NO_GOOD_TEMPLATE,GOOD,REVIEW,NO_GOOD_TEMPLATE,rule_survivor_policy,,,,,True,0.5738616308683363,2d9e84db3fcdbc5827ad4c6710e9b1ca18e4ec067faf1db4a4a447d0d140d950,nstxuE205017A01t025/N8/egn08w.6486E+01
nstxuE205017A01t025/N8/egn08w.6768E+01,good,nstxuE205017A01t025,8,2.6015245917500494,tae_like,GOOD,NO_GOOD_TEMPLATE,GOOD,REVIEW,NO_GOOD_TEMPLATE,rule_survivor_policy,,,,,True,0.324732852312466,e3ff4e999d5de0e0a0fe57ca29be27314d0c9480821a9b67ff7597a129e8e3f8,nstxuE205017A01t025/N8/egn08w.6768E+01
nstxuE205017A01t025/N8/egn08w.7148E+01,good,nstxuE205017A01t025,8,2.6736643746593116,tae_like,GOOD,NO_GOOD_TEMPLATE,GOOD,REVIEW,NO_GOOD_TEMPLATE,rule_survivor_policy,,,,,True,0.5520624563153782,9ab7ea19b4d4cfa087534c2f13a0e2e369299f892fc89573cd7dc6b0f0174739,nstxuE205017A01t025/N8/egn08w.7148E+01
nstxuE205017A01t025/N8/egn08w.9744E+01,good,nstxuE205017A01t025,8,3.121481160290103,tae_like,GOOD,NO_GOOD_TEMPLATE,GOOD,REVIEW,NO_GOOD_TEMPLATE,rule_survivor_policy,,,,,True,0.6064538986100133,3b44e7c47ff2b7c34c6a625c9f25703bb5310288930be3f9553371000999a951,nstxuE205017A01t025/N8/egn08w.9744E+01
nstxuE205017A01t025/N8/egn08w.1102E+02,good,nstxuE205017A01t025,8,3.319299671374694,tae_like,GOOD,NO_GOOD_TEMPLATE,GOOD,REVIEW,NO_GOOD_TEMPLATE,rule_survivor_policy,,,,,True,0.5500286821961387,c8ae9e77f62067cad82fd3715c4e01f9c9a4b0ffe248606725030e7a9d705df2,nstxuE205017A01t025/N8/egn08w.1102E+02
nstxuE205017A01t025/N8/egn08w.1227E+02,good,nstxuE205017A01t025,8,3.502736609297342,tae_like,GOOD,NO_GOOD_TEMPLATE,GOOD,REVIEW,NO_GOOD_TEMPLATE,rule_survivor_policy,,,,,True,0.5495460869698741,4aa9a8380bb14c4045ca07f3d402165902079593fba9a7c858ebf69dc10f1424,nstxuE205017A01t025/N8/egn08w.1227E+02
nstxuE205017A01t025/N8/egn08w.1702E+02,good,nstxuE205017A01t025,8,4.125361950826736,tae_like,GOOD,NO_GOOD_TEMPLATE,GOOD,REVIEW,NO_GOOD_TEMPLATE,rule_survivor_policy,,,,,True,0.4518003313568858,65aec95b367649e6293f49ca121a1acfe91a7a19de126e1d816bd9ddca9df20d,nstxuE205017A01t025/N8/egn08w.1702E+02
nstxuE205017A01t025/N8/egn08w.1887E+02,good,nstxuE205017A01t025,8,4.344383591617854,tae_like,GOOD,NO_GOOD_TEMPLATE,GOOD,REVIEW,NO_GOOD_TEMPLATE,rule_survivor_policy,,,,,True,0.4740781315315382,b9d8d9b1befad21c55c5eee92129c27c93801ce7fcb3db3e451aab14db4d475e,nstxuE205017A01t025/N8/egn08w.1887E+02
nstxuE205017A01t025/N9/egn09w.6373E+01,good,nstxuE205017A01t025,9,2.5245451628350954,tae_like,GOOD,NO_GOOD_TEMPLATE,GOOD,REVIEW,NO_GOOD_TEMPLATE,rule_survivor_policy,,,,,True,0.48804163816163204,cc9f71f1be7adecb305db96e2bfde7077638005f1b49c70952e63f90533ae043,nstxuE205017A01t025/N9/egn09w.6373E+01
nstxuE205017A01t025/N9/egn09w.6790E+01,good,nstxuE205017A01t025,9,2.605763929020219,tae_like,GOOD,NO_GOOD_TEMPLATE,GOOD,REVIEW,NO_GOOD_TEMPLATE,rule_survivor_policy,,,,,True,0.5282309537949975,3676b9df4bde17a452291cce75f3dc72538a74171f205b8b430ee0d1b076b419,nstxuE205017A01t025/N9/egn09w.6790E+01
nstxuE205017A01t025/N9/egn09w.6948E+01,good,nstxuE205017A01t025,9,2.635887021597283,tae_like,GOOD,NO_GOOD_TEMPLATE,GOOD,REVIEW,NO_GOOD_TEMPLATE,rule_survivor_policy,,,,,True,0.33480171938346776,9acff1b4dc069b51aa957abb66f75ecfb12221de951935f0cc347cdc427d695d,nstxuE205017A01t025/N9/egn09w.6948E+01
nstxuE205017A01t025/N9/egn09w.1011E+02,good,nstxuE205017A01t025,9,3.1802828026403147,tae_like,GOOD,NO_GOOD_TEMPLATE,GOOD,REVIEW,NO_GOOD_TEMPLATE,rule_survivor_policy,,,,,True,0.49301444730714156,9a60b1caf074e0095b8806c35fac427f6a38a0812516a95e43d27f0d537fec23,nstxuE205017A01t025/N9/egn09w.1011E+02
nstxuE205017A01t025/N9/egn09w.1253E+02,good,nstxuE205017A01t025,9,3.53922343002875,tae_like,GOOD,NO_GOOD_TEMPLATE,GOOD,REVIEW,NO_GOOD_TEMPLATE,rule_survivor_policy,,,,,True,0.5225176513693739,f31719bd4153a5078ca01fa700df7d0a626a757deb3a5f3e63106300c493a02b,nstxuE205017A01t025/N9/egn09w.1253E+02
nstxuE205017A01t025/N9/egn09w.1701E+02,good,nstxuE205017A01t025,9,4.124215560380771,tae_like,GOOD,NO_GOOD_TEMPLATE,GOOD,REVIEW,NO_GOOD_TEMPLATE,rule_survivor_policy,,,,,True,0.4768520186797441,db7737f9dfbabb898cc86f2c935129a1c11e4de4cc4a357c24c0a7f822862e12,nstxuE205017A01t025/N9/egn09w.1701E+02
nstxuE205017A01t025/N10/egn10w.9229E+01,good,nstxuE205017A01t025,10,3.0379262987350515,tae_like,GOOD,NO_GOOD_TEMPLATE,GOOD,REVIEW,NO_GOOD_TEMPLATE,rule_survivor_policy,,,,,True,0.5342495845015962,fef5962118dbcf936bd8b70483717b88c6070f9f509bc5178aef79359f9b570b,nstxuE205017A01t025/N10/egn10w.9229E+01
nstxuE205017A01t025/N10/egn10w.1280E+02,good,nstxuE205017A01t025,10,3.5770769552227306,tae_like,GOOD,NO_GOOD_TEMPLATE,GOOD,REVIEW,NO_GOOD_TEMPLATE,rule_survivor_policy,,,,,True,0.5218353539383371,c0892bf4144d1a5b7909b045cb82229af02fe7d2d38aca3489e010d0d362de7f,nstxuE205017A01t025/N10/egn10w.1280E+02
nstxuE205017A01t025/N10/egn10w.1553E+02,good,nstxuE205017A01t025,10,3.9407822316184222,tae_like,GOOD,NO_GOOD_TEMPLATE,GOOD,REVIEW,NO_GOOD_TEMPLATE,rule_survivor_policy,,,,,True,0.5867401773036198,439252c0eca12f3802e4231c271ba311b1e2dab2c4880ff3b15b98d3397d5bdc,nstxuE205017A01t025/N10/egn10w.1553E+02
nstxuE205035A01t020/N3/egn03w.2651E+01,good,nstxuE205035A01t020,3,1.6283261994961153,tae_like,GOOD,NO_GOOD_TEMPLATE,GOOD,REVIEW,NO_GOOD_TEMPLATE,rule_survivor_policy,,,,,True,0.09819414350136933,0137b00c2deb15d8b8fb4ecd103b10f8db8474711a420d7d32c531a8644edabd,nstxuE205035A01t020/N3/egn03w.2651E+01
nstxuE205035A01t020/N3/egn03w.2856E+01,good,nstxuE205035A01t020,3,1.690102730583555,tae_like,GOOD,NO_GOOD_TEMPLATE,GOOD,REVIEW,NO_GOOD_TEMPLATE,rule_survivor_policy,,,,,True,0.08836339221797675,67069ef606c626b8dbb82026d3384102a1b4d76dc4edd7b7799ba1fa5187c877,nstxuE205035A01t020/N3/egn03w.2856E+01
nstxuE205035A01t020/N6/egn06w.2951E+01,good,nstxuE205035A01t020,6,1.7179410850642252,tae_like,GOOD,NO_GOOD_TEMPLATE,GOOD,REVIEW,NO_GOOD_TEMPLATE,rule_survivor_policy,,,,,True,0.1467624164182091,db5b67d303ab3fbc59cc08647ab175b6e0573fbd8ed006e01225bbe86e7a5298,nstxuE205035A01t020/N6/egn06w.2951E+01
nstxuE205035A01t020/N6/egn06w.3164E+01,good,nstxuE205035A01t020,6,1.7787600541912654,tae_like,GOOD,NO_GOOD_TEMPLATE,GOOD,REVIEW,NO_GOOD_TEMPLATE,rule_survivor_policy,,,,,True,0.23184228130942752,4ff0473f948446c54970de95e30578a424c6fac0bb722e86ce7966e5ef537af4,nstxuE205035A01t020/N6/egn06w.3164E+01
nstxuE205035A01t020/N7/egn07w.2822E+01,good,nstxuE205035A01t020,7,1.6799357221730915,tae_like,GOOD,NO_GOOD_TEMPLATE,GOOD,REVIEW,NO_GOOD_TEMPLATE,rule_survivor_policy,,,,,True,0.9306153898276777,e60df82bc4ffacb0012c1ffa678665af5bf727d833d816ca30cb38b9d20f68b4,nstxuE205035A01t020/N7/egn07w.2822E+01
nstxuE205035A01t020/N7/egn07w.2973E+01,good,nstxuE205035A01t020,7,1.7242814325613987,tae_like,GOOD,NO_GOOD_TEMPLATE,GOOD,REVIEW,NO_GOOD_TEMPLATE,rule_survivor_policy,,,,,True,0.8476844621538546,689c016ab0ff74e0d7f74af8c21bb78cbcc81666eb608876f3c8f5b008a66a03,nstxuE205035A01t020/N7/egn07w.2973E+01
nstxuE205035A01t020/N7/egn07w.3460E+01,good,nstxuE205035A01t020,7,1.8602175639638516,tae_like,GOOD,NO_GOOD_TEMPLATE,GOOD,REVIEW,NO_GOOD_TEMPLATE,rule_survivor_policy,,,,,True,0.24904729905240644,ec35ef7f3a370e30457a325993636957849a3e54d5f38aeb8b883e5b9f184e82,nstxuE205035A01t020/N7/egn07w.3460E+01
nstxuE205040A01t016/N1/egn01w.1749E+01,good,nstxuE205040A01t016,1,1.3223614784651805,tae_like,GOOD,NO_GOOD_TEMPLATE,GOOD,REVIEW,NO_GOOD_TEMPLATE,rule_survivor_policy,,,,,True,0.5908619198747534,c3e0e307840e1793e4380e1d9b8586296393093ebadddb223934c74c5982498a,nstxuE205040A01t016/N1/egn01w.1749E+01
nstxuE205040A01t016/N2/egn02w.1635E+01,good,nstxuE205040A01t016,2,1.2786456100153445,tae_like,GOOD,NO_GOOD_TEMPLATE,GOOD,REVIEW,NO_GOOD_TEMPLATE,rule_survivor_policy,,,,,True,0.42525533261169157,c95fede4d888c83d3bbd25a454a6b81f39a388f63feb063012c0323ac14a9773,nstxuE205040A01t016/N2/egn02w.1635E+01
nstxuE205040A01t016/N2/egn02w.1926E+01,good,nstxuE205040A01t016,2,1.3877768271585869,tae_like,GOOD,NO_GOOD_TEMPLATE,GOOD,REVIEW,NO_GOOD_TEMPLATE,rule_survivor_policy,,,,,True,0.3811215303692612,d03fee13b5b59413bdf51f5ecd8cc3bc1a2715b5872e6f92af74dfbd4f274396,nstxuE205040A01t016/N2/egn02w.1926E+01
nstxuE205040A01t016/N2/egn02w.2155E+01,good,nstxuE205040A01t016,2,1.468142502794437,tae_like,GOOD,NO_GOOD_TEMPLATE,GOOD,REVIEW,NO_GOOD_TEMPLATE,rule_survivor_policy,,,,,True,0.3883687773937373,cf1952c249130993381a99eb3166cb554322a1e830ca7e00ab8f30517ba3e242,nstxuE205040A01t016/N2/egn02w.2155E+01
nstxuE205040A01t016/N2/egn02w.2491E+01,good,nstxuE205040A01t016,2,1.5784329509984574,tae_like,GOOD,NO_GOOD_TEMPLATE,GOOD,REVIEW,NO_GOOD_TEMPLATE,rule_survivor_policy,,,,,True,0.5335601281597476,245a279b7e265d8d27fbf6dd2218d3f6b738cfc020f3b13a839552a15a3bfdb3,nstxuE205040A01t016/N2/egn02w.2491E+01
nstxuE205040A01t016/N2/egn02w.3173E+01,good,nstxuE205040A01t016,2,1.7813659573867782,tae_like,GOOD,NO_GOOD_TEMPLATE,GOOD,REVIEW,NO_GOOD_TEMPLATE,rule_survivor_policy,,,,,True,0.7917133947230167,f1ddd71bf3dabc73414126fcf3beb9bdbe5b0c6d01a1b8c18bef3b9ea7106832,nstxuE205040A01t016/N2/egn02w.3173E+01
nstxuE205040A01t016/N2/egn02w.5025E+01,good,nstxuE205040A01t016,2,2.2416892956958807,tae_like,GOOD,NO_GOOD_TEMPLATE,GOOD,REVIEW,NO_GOOD_TEMPLATE,rule_survivor_policy,,,,,True,0.6462686488534515,2ebe48d6b62f1c0cbdb9fa37ca9b9c1864c871a39348e1f965bf02bfd7de1f71,nstxuE205040A01t016/N2/egn02w.5025E+01
nstxuE205040A01t016/N3/egn03w.1695E+01,good,nstxuE205040A01t016,3,1.3019461824698042,tae_like,GOOD,NO_GOOD_TEMPLATE,GOOD,REVIEW,NO_GOOD_TEMPLATE,rule_survivor_policy,,,,,True,0.5733681562382796,e72e48d1b67b5fa84c0f4a734e2c1300c026f1d9b8141bc43b14e062886baf33,nstxuE205040A01t016/N3/egn03w.1695E+01
nstxuE205040A01t016/N3/egn03w.1784E+01,good,nstxuE205040A01t016,3,1.3357133737818419,tae_like,GOOD,NO_GOOD_TEMPLATE,GOOD,REVIEW,NO_GOOD_TEMPLATE,rule_survivor_policy,,,,,True,0.5727376071739849,16daf574c40f976716e743cf15ce03957cae1edcd4a732b62e1728523f28108c,nstxuE205040A01t016/N3/egn03w.1784E+01
nstxuE205040A01t016/N3/egn03w.1861E+01,good,nstxuE205040A01t016,3,1.3640537393460759,tae_like,GOOD,NO_GOOD_TEMPLATE,GOOD,REVIEW,NO_GOOD_TEMPLATE,rule_survivor_policy,,,,,True,0.4763648530392867,a27a844e36774a0a8f90107d1a98d4787e7e4fd23735179aa6faa95b49b7c537,nstxuE205040A01t016/N3/egn03w.1861E+01
nstxuE205040A01t016/N3/egn03w.1983E+01,good,nstxuE205040A01t016,3,1.4080427625815286,tae_like,GOOD,NO_GOOD_TEMPLATE,GOOD,REVIEW,NO_GOOD_TEMPLATE,rule_survivor_policy,,,,,True,0.46292230063700684,850e516d79e8491b3d7e4be4f8a1911ec43d09c2ead1b4f2444e910064968a88,nstxuE205040A01t016/N3/egn03w.1983E+01
nstxuE205040A01t016/N3/egn03w.2353E+01,good,nstxuE205040A01t016,3,1.5339586927867346,tae_like,GOOD,NO_GOOD_TEMPLATE,GOOD,REVIEW,NO_GOOD_TEMPLATE,rule_survivor_policy,,,,,True,0.5184224311423087,4078454e394e77519baabaa38c88a10fd4e39ad4d729e1119eb92bf1748fcf60,nstxuE205040A01t016/N3/egn03w.2353E+01
nstxuE205040A01t016/N3/egn03w.2464E+01,good,nstxuE205040A01t016,3,1.5698578812986004,tae_like,GOOD,NO_GOOD_TEMPLATE,GOOD,REVIEW,NO_GOOD_TEMPLATE,rule_survivor_policy,,,,,True,0.6086748807578046,5e21e317b09c18b64665ab16b9c686f24a6c9bc6865e29268b0464615bfb9877,nstxuE205040A01t016/N3/egn03w.2464E+01
nstxuE205040A01t016/N3/egn03w.2696E+01,good,nstxuE205040A01t016,3,1.642060188364657,tae_like,GOOD,NO_GOOD_TEMPLATE,GOOD,REVIEW,NO_GOOD_TEMPLATE,rule_survivor_policy,,,,,True,0.5297753991852185,5a34865cace8e949a1eff9c5637c2f855569e94854a254ab69117385b1929960,nstxuE205040A01t016/N3/egn03w.2696E+01
nstxuE205040A01t016/N3/egn03w.2972E+01,good,nstxuE205040A01t016,3,1.7240019564033473,tae_like,GOOD,NO_GOOD_TEMPLATE,GOOD,REVIEW,NO_GOOD_TEMPLATE,rule_survivor_policy,,,,,True,0.552812362265307,e8ce089bb76445d78adc2ecf46696b00586e5099836f03e401ed19fd7a60abd8,nstxuE205040A01t016/N3/egn03w.2972E+01
nstxuE205040A01t016/N3/egn03w.2998E+01,good,nstxuE205040A01t016,3,1.7313612907773772,tae_like,GOOD,NO_GOOD_TEMPLATE,GOOD,REVIEW,NO_GOOD_TEMPLATE,rule_survivor_policy,,,,,True,0.2514659654612853,bd6f3428aabfa92be4d2be19db9dc4528c31955935d5b53ae5633e071cbe1b81,nstxuE205040A01t016/N3/egn03w.2998E+01
nstxuE205040A01t016/N3/egn03w.3081E+01,good,nstxuE205040A01t016,3,1.7552005448119674,tae_like,GOOD,NO_GOOD_TEMPLATE,GOOD,REVIEW,NO_GOOD_TEMPLATE,rule_survivor_policy,,,,,True,0.30335945949808746,ffbc4224a19e61bb07c247efd92ec16f6d7a3248a5785439daa288432f275804,nstxuE205040A01t016/N3/egn03w.3081E+01
nstxuE205040A01t016/N4/egn04w.1656E+01,good,nstxuE205040A01t016,4,1.2869769812260015,tae_like,GOOD,NO_GOOD_TEMPLATE,GOOD,REVIEW,NO_GOOD_TEMPLATE,rule_survivor_policy,,,,,True,0.6682375218640207,d32fbe7a7b83438ccbaa569c2cb1653c5d5c089b26dc13881d0370858e8bffce,nstxuE205040A01t016/N4/egn04w.1656E+01
nstxuE205040A01t016/N4/egn04w.1784E+01,good,nstxuE205040A01t016,4,1.3355955240972046,tae_like,GOOD,NO_GOOD_TEMPLATE,GOOD,REVIEW,NO_GOOD_TEMPLATE,rule_survivor_policy,,,,,True,0.5210435259504304,8d07128ce07a55e20c05f90101ccfe6c75bbd0857bad4e6ddfb0579a28adf592,nstxuE205040A01t016/N4/egn04w.1784E+01
nstxuE205040A01t016/N4/egn04w.1835E+01,good,nstxuE205040A01t016,4,1.3547550330705302,tae_like,GOOD,NO_GOOD_TEMPLATE,GOOD,REVIEW,NO_GOOD_TEMPLATE,rule_survivor_policy,,,,,True,0.6361887865967313,d9c769f772431ce5dd628c39c0989a5018750572c9f1f4924f907b5dc35bdd9e,nstxuE205040A01t016/N4/egn04w.1835E+01
nstxuE205040A01t016/N4/egn04w.2070E+01,good,nstxuE205040A01t016,4,1.4387135984837878,tae_like,GOOD,NO_GOOD_TEMPLATE,GOOD,REVIEW,NO_GOOD_TEMPLATE,rule_survivor_policy,,,,,True,0.5640210191773765,5bc39b9455906545f29690bb1e6feb7b9190767a07da2b9780a7d50a7a68258e,nstxuE205040A01t016/N4/egn04w.2070E+01
nstxuE205040A01t016/N4/egn04w.3743E+01,good,nstxuE205040A01t016,4,1.9347686738044088,tae_like,GOOD,NO_GOOD_TEMPLATE,GOOD,REVIEW,NO_GOOD_TEMPLATE,rule_survivor_policy,,,,,True,0.4755393792100623,19f2c105a40cffe540480342287331d6cda6cb48d883bb2956670ef981319e44,nstxuE205040A01t016/N4/egn04w.3743E+01
nstxuE205040A01t016/N4/egn04w.5040E+01,good,nstxuE205040A01t016,4,2.245011431166682,tae_like,GOOD,NO_GOOD_TEMPLATE,GOOD,REVIEW,NO_GOOD_TEMPLATE,rule_survivor_policy,,,,,True,0.5205042190172705,15aff0b1f3512c553d3feea6c9b5fc548d63e8e27c421f01b34d0bcb2d9d577f,nstxuE205040A01t016/N4/egn04w.5040E+01
nstxuE205040A01t016/N5/egn05w.1669E+01,good,nstxuE205040A01t016,5,1.2920514589815102,tae_like,GOOD,NO_GOOD_TEMPLATE,GOOD,REVIEW,NO_GOOD_TEMPLATE,rule_survivor_policy,,,,,True,0.4776634393774088,ac7076a803ea7c7a598fc42c9a036f10e4548ba07d9e0a673da8f2a01b6942d2,nstxuE205040A01t016/N5/egn05w.1669E+01
nstxuE205040A01t016/N5/egn05w.1707E+01,good,nstxuE205040A01t016,5,1.3066036394094773,tae_like,GOOD,NO_GOOD_TEMPLATE,GOOD,REVIEW,NO_GOOD_TEMPLATE,rule_survivor_policy,,,,,True,0.5567944178066813,55b699e3709e7ececd3f99b157a3a2f493a896cdb52768e7d9a0bd0e9b4fa0b5,nstxuE205040A01t016/N5/egn05w.1707E+01
nstxuE205040A01t016/N5/egn05w.2347E+01,good,nstxuE205040A01t016,5,1.5320329379301745,tae_like,GOOD,NO_GOOD_TEMPLATE,GOOD,REVIEW,NO_GOOD_TEMPLATE,rule_survivor_policy,,,,,True,0.44063680851686743,41a34861a0c43cb8cf57956a0ec1a324bb6e1ea67e2614b2a7d3ec2295261db8,nstxuE205040A01t016/N5/egn05w.2347E+01
nstxuE205040A01t016/N5/egn05w.3157E+01,good,nstxuE205040A01t016,5,1.776841085295219,tae_like,GOOD,NO_GOOD_TEMPLATE,GOOD,REVIEW,NO_GOOD_TEMPLATE,rule_survivor_policy,,,,,True,0.6067874010348383,71070ab9235058fdd602ad01b28dcd5a562fa7561ef64343f31ab4fc64837003,nstxuE205040A01t016/N5/egn05w.3157E+01
nstxuE205040A01t016/N5/egn05w.3345E+01,good,nstxuE205040A01t016,5,1.8288695486745576,tae_like,GOOD,NO_GOOD_TEMPLATE,GOOD,REVIEW,NO_GOOD_TEMPLATE,rule_survivor_policy,,,,,True,0.4702812039870695,dda7ae565fb43723e682e71fa5fc3fe15bd7c3c22435af6e00749157543cfc8b,nstxuE205040A01t016/N5/egn05w.3345E+01
nstxuE205040A01t016/N5/egn05w.3854E+01,good,nstxuE205040A01t016,5,1.9630992029630965,tae_like,GOOD,NO_GOOD_TEMPLATE,GOOD,REVIEW,NO_GOOD_TEMPLATE,rule_survivor_policy,,,,,True,0.4473907427541187,375f1506b78e9467f748431f1b30e96700616bd6579fd94f52609317d80f00dd,nstxuE205040A01t016/N5/egn05w.3854E+01
nstxuE205040A01t016/N5/egn05w.4796E+01,good,nstxuE205040A01t016,5,2.189930217266456,tae_like,GOOD,NO_GOOD_TEMPLATE,GOOD,REVIEW,NO_GOOD_TEMPLATE,rule_survivor_policy,,,,,True,0.5323639681736437,9eead3c16e47440820fe5b4605c2ed902e0a57a666b72a2450a862066a75a8fe,nstxuE205040A01t016/N5/egn05w.4796E+01
nstxuE205040A01t016/N6/egn06w.1666E+01,good,nstxuE205040A01t016,6,1.2909172262992887,tae_like,GOOD,NO_GOOD_TEMPLATE,GOOD,REVIEW,NO_GOOD_TEMPLATE,rule_survivor_policy,,,,,True,0.5736533103587342,c2acb09f0f2a6fac6a68bb30c90de7721598c3c5db399f2be1b87c9b43951077,nstxuE205040A01t016/N6/egn06w.1666E+01
nstxuE205040A01t016/N6/egn06w.1708E+01,good,nstxuE205040A01t016,6,1.3070190717139567,tae_like,GOOD,NO_GOOD_TEMPLATE,GOOD,REVIEW,NO_GOOD_TEMPLATE,rule_survivor_policy,,,,,True,0.5364983335422397,09569b8b5202703b4afb7946384169c0bf5c61dde671cc377d41ffea6957bd4f,nstxuE205040A01t016/N6/egn06w.1708E+01
nstxuE205040A01t016/N6/egn06w.2034E+01,good,nstxuE205040A01t016,6,1.4261009802823115,tae_like,GOOD,NO_GOOD_TEMPLATE,GOOD,REVIEW,NO_GOOD_TEMPLATE,rule_survivor_policy,,,,,True,0.5522478588005156,1b5610fd0aae11dafd812bd1e07055558b39b11ac3c664b41d23ea11b4056b14,nstxuE205040A01t016/N6/egn06w.2034E+01
nstxuE205040A01t016/N6/egn06w.2109E+01,good,nstxuE205040A01t016,6,1.4522123708130414,tae_like,GOOD,NO_GOOD_TEMPLATE,GOOD,REVIEW,NO_GOOD_TEMPLATE,rule_survivor_policy,,,,,True,0.44526298704988054,e6e28963c0a5ae6674787f91be5f9f26f357eeeea454918603af7b3de5b8c4be,nstxuE205040A01t016/N6/egn06w.2109E+01
nstxuE205040A01t016/N6/egn06w.2487E+01,good,nstxuE205040A01t016,6,1.5769160217326226,tae_like,GOOD,NO_GOOD_TEMPLATE,GOOD,REVIEW,NO_GOOD_TEMPLATE,rule_survivor_policy,,,,,True,0.46566444027747217,2eef6b1eb32a7c8d23aaa6d3713466f1beec95e3d0c3d2d414cebe772fa04b34,nstxuE205040A01t016/N6/egn06w.2487E+01
nstxuE205040A01t016/N6/egn06w.3076E+01,good,nstxuE205040A01t016,6,1.7537669088800167,tae_like,GOOD,NO_GOOD_TEMPLATE,GOOD,REVIEW,NO_GOOD_TEMPLATE,rule_survivor_policy,,,,,True,0.5552446163330559,d4c36f0d0009a68ced0865c0668ad67662bcda8ee37756f981ff40baf3415f58,nstxuE205040A01t016/N6/egn06w.3076E+01
nstxuE205040A01t016/N6/egn06w.3413E+01,good,nstxuE205040A01t016,6,1.8475613622430218,tae_like,GOOD,NO_GOOD_TEMPLATE,GOOD,REVIEW,NO_GOOD_TEMPLATE,rule_survivor_policy,,,,,True,0.5465484912283809,477f91c100e340912e98a2ac61db557575c618a0644e9592577b6566b0372582,nstxuE205040A01t016/N6/egn06w.3413E+01
nstxuE205040A01t016/N6/egn06w.4043E+01,good,nstxuE205040A01t016,6,2.0108345894924686,tae_like,GOOD,NO_GOOD_TEMPLATE,GOOD,REVIEW,NO_GOOD_TEMPLATE,rule_survivor_policy,,,,,True,0.5480506825038369,452dc7cf94159ecc81f267e46bd2e2b6e84d48cbaf25970d0d4a5b883a87d578,nstxuE205040A01t016/N6/egn06w.4043E+01
nstxuE205040A01t016/N7/egn07w.1637E+01,good,nstxuE205040A01t016,7,1.2793965754390095,tae_like,GOOD,NO_GOOD_TEMPLATE,GOOD,REVIEW,NO_GOOD_TEMPLATE,rule_survivor_policy,,,,,True,0.9820326696603108,3a2a67eb0bd21fc7315a2fe431619f48bf868dffd56d7509274eb9c069f0e82b,nstxuE205040A01t016/N7/egn07w.1637E+01
nstxuE205040A01t016/N7/egn07w.1926E+01,good,nstxuE205040A01t016,7,1.387825436363462,tae_like,GOOD,NO_GOOD_TEMPLATE,GOOD,REVIEW,NO_GOOD_TEMPLATE,rule_survivor_policy,,,,,True,0.4625238054870079,bc168e61dd32e184b9d1d935df67b39cba28a5b80ec0f699542298ce77f14e03,nstxuE205040A01t016/N7/egn07w.1926E+01
nstxuE205040A01t016/N7/egn07w.2089E+01,good,nstxuE205040A01t016,7,1.4453854000107185,tae_like,GOOD,NO_GOOD_TEMPLATE,GOOD,REVIEW,NO_GOOD_TEMPLATE,rule_survivor_policy,,,,,True,0.43889646425833695,36fd213e20a2545864cad533e597db575feabbc9ea80b430619cc18a34ddc18d,nstxuE205040A01t016/N7/egn07w.2089E+01
nstxuE205040A01t016/N7/egn07w.2475E+01,good,nstxuE205040A01t016,7,1.5733041350995627,tae_like,GOOD,NO_GOOD_TEMPLATE,GOOD,REVIEW,NO_GOOD_TEMPLATE,rule_survivor_policy,,,,,True,0.4980016648663441,fe0eb2fec371fdc2ab4c749422552f7a40cefe1ee90e4cbd8d769c9bc6bb8545,nstxuE205040A01t016/N7/egn07w.2475E+01
nstxuE205040A01t016/N7/egn07w.2654E+01,good,nstxuE205040A01t016,7,1.6290323120316226,tae_like,GOOD,NO_GOOD_TEMPLATE,GOOD,REVIEW,NO_GOOD_TEMPLATE,rule_survivor_policy,,,,,True,0.8528563623545812,409154e4ec4f10e508c732874effc14ffbea4dc8f805a58ea15e314a8edfd0ee,nstxuE205040A01t016/N7/egn07w.2654E+01
nstxuE205040A01t016/N7/egn07w.2857E+01,good,nstxuE205040A01t016,7,1.6902756853470182,tae_like,GOOD,NO_GOOD_TEMPLATE,GOOD,REVIEW,NO_GOOD_TEMPLATE,rule_survivor_policy,,,,,True,0.7638057109421033,f92554e0e9baec1676254687a74154c5ca473afeafb588b108fd08642623d46e,nstxuE205040A01t016/N7/egn07w.2857E+01
nstxuE205040A01t016/N7/egn07w.3008E+01,good,nstxuE205040A01t016,7,1.734394077360703,tae_like,GOOD,NO_GOOD_TEMPLATE,GOOD,REVIEW,NO_GOOD_TEMPLATE,rule_survivor_policy,,,,,True,0.562034361135298,0d2249b3cc540ea896913d8db635cb3e735dd884f0a06ebabc89c242be313400,nstxuE205040A01t016/N7/egn07w.3008E+01
nstxuE205040A01t016/N7/egn07w.3361E+01,good,nstxuE205040A01t016,7,1.8333501154908725,tae_like,GOOD,NO_GOOD_TEMPLATE,GOOD,REVIEW,NO_GOOD_TEMPLATE,rule_survivor_policy,,,,,True,0.6813071103235273,cd5ff97155eb1f4277624073911277e04521ea32939dff9f3876a70c05e500ad,nstxuE205040A01t016/N7/egn07w.3361E+01
nstxuE205040A01t016/N7/egn07w.3824E+01,good,nstxuE205040A01t016,7,1.9556197882430435,tae_like,GOOD,NO_GOOD_TEMPLATE,GOOD,REVIEW,NO_GOOD_TEMPLATE,rule_survivor_policy,,,,,True,0.6120690227016878,8d092feb9d2cc8a7034a1d38078c37c859ee6eca188c72f293ed5417308b6d63,nstxuE205040A01t016/N7/egn07w.3824E+01
nstxuE205040A01t016/N7/egn07w.6039E+01,good,nstxuE205040A01t016,7,2.457400470909114,tae_like,GOOD,NO_GOOD_TEMPLATE,GOOD,REVIEW,NO_GOOD_TEMPLATE,rule_survivor_policy,,,,,True,0.5952090565141956,ad01a277bf0a42602a7159cf4d2be3ff5164b9325c0edc3aac707c10e7a52022,nstxuE205040A01t016/N7/egn07w.6039E+01
nstxuE205040A01t016/N8/egn08w.1512E+01,good,nstxuE205040A01t016,8,1.2297719544411876,tae_like,GOOD,NO_GOOD_TEMPLATE,GOOD,REVIEW,NO_GOOD_TEMPLATE,rule_survivor_policy,,,,,True,0.8615884046525278,2cc4eb1607d205866416dbe28b852d3a4403bc244622e1970017f946a08a64a6,nstxuE205040A01t016/N8/egn08w.1512E+01
nstxuE205040A01t016/N8/egn08w.1601E+01,good,nstxuE205040A01t016,8,1.2652938518614512,tae_like,GOOD,NO_GOOD_TEMPLATE,GOOD,REVIEW,NO_GOOD_TEMPLATE,rule_survivor_policy,,,,,True,0.7899880777042171,10343c74617b8fd8bbe3fce2d76368c99986356d050e38c95a55e51d1f6d92a8,nstxuE205040A01t016/N8/egn08w.1601E+01
nstxuE205040A01t016/N8/egn08w.1773E+01,good,nstxuE205040A01t016,8,1.3314063083890249,tae_like,GOOD,NO_GOOD_TEMPLATE,GOOD,REVIEW,NO_GOOD_TEMPLATE,rule_survivor_policy,,,,,True,0.5775104814366849,6a1c6d6ef75f690527241cd25f9988ba19790885ae5ce5774503482a5b62f8eb,nstxuE205040A01t016/N8/egn08w.1773E+01
nstxuE205040A01t016/N8/egn08w.1966E+01,good,nstxuE205040A01t016,8,1.4020778294823673,tae_like,GOOD,NO_GOOD_TEMPLATE,GOOD,REVIEW,NO_GOOD_TEMPLATE,rule_survivor_policy,,,,,True,0.49546740709520615,2faf4b14f2a28334027e5d8eb98519b1c5eafef86b10dc6c859095bf885e3e6d,nstxuE205040A01t016/N8/egn08w.1966E+01
nstxuE205040A01t016/N8/egn08w.2072E+01,good,nstxuE205040A01t016,8,1.4393609682481034,tae_like,GOOD,NO_GOOD_TEMPLATE,GOOD,REVIEW,NO_GOOD_TEMPLATE,rule_survivor_policy,,,,,True,0.537940966496589,2335f3e640a69199b979c7024596e8247a2b7bce97936cb59b32d2d375ed9ade,nstxuE205040A01t016/N8/egn08w.2072E+01
nstxuE205040A01t016/N8/egn08w.2196E+01,good,nstxuE205040A01t016,8,1.481726558707092,tae_like,GOOD,NO_GOOD_TEMPLATE,GOOD,REVIEW,NO_GOOD_TEMPLATE,rule_survivor_policy,,,,,True,0.7636303412194064,7efd2bc7ef68a9a9bbdfd6db9d80e10b423666a6d2eec875a9eff87b5954c4ba,nstxuE205040A01t016/N8/egn08w.2196E+01
nstxuE205040A01t016/N8/egn08w.2230E+01,good,nstxuE205040A01t016,8,1.4933469765023197,tae_like,GOOD,NO_GOOD_TEMPLATE,GOOD,REVIEW,NO_GOOD_TEMPLATE,rule_survivor_policy,,,,,True,0.6394020969923433,c2065a9580696bdecc503113872f8758308336cbca991aa1d4bc4cb18da7d915,nstxuE205040A01t016/N8/egn08w.2230E+01
nstxuE205040A01t016/N8/egn08w.2629E+01,good,nstxuE205040A01t016,8,1.6214482709205937,tae_like,GOOD,NO_GOOD_TEMPLATE,GOOD,REVIEW,NO_GOOD_TEMPLATE,rule_survivor_policy,,,,,True,0.5773176430291485,7acc57179b5f3cbb2c281b9025d721364655d21df59e3393ada53ef575dd8150,nstxuE205040A01t016/N8/egn08w.2629E+01
nstxuE205040A01t016/N8/egn08w.2969E+01,good,nstxuE205040A01t016,8,1.7231707128765457,tae_like,GOOD,NO_GOOD_TEMPLATE,GOOD,REVIEW,NO_GOOD_TEMPLATE,rule_survivor_policy,,,,,True,0.894278620139754,219e1327eab1534ce977a62b96adb532b693bce1d01c4635636151878fc84862,nstxuE205040A01t016/N8/egn08w.2969E+01
nstxuE205040A01t016/N8/egn08w.4276E+01,good,nstxuE205040A01t016,8,2.0677511775246566,tae_like,GOOD,NO_GOOD_TEMPLATE,GOOD,REVIEW,NO_GOOD_TEMPLATE,rule_survivor_policy,,,,,True,0.6285290428452306,8444f09a1e370895e96e94ed7696c29f3f37249d43cf1963f4ed87a5a22f2f87,nstxuE205040A01t016/N8/egn08w.4276E+01
nstxuE205040A01t016/N8/egn08w.5564E+01,good,nstxuE205040A01t016,8,2.3587292707335297,tae_like,GOOD,NO_GOOD_TEMPLATE,GOOD,REVIEW,NO_GOOD_TEMPLATE,rule_survivor_policy,,,,,True,0.5612693410592742,8aabd2e53ea078546eeacd2e6042a14a7086d5da9dc29af9a81452479231baf8,nstxuE205040A01t016/N8/egn08w.5564E+01
nstxuE205040A01t016/N8/egn08w.6740E+01,good,nstxuE205040A01t016,8,2.596145156797761,tae_like,GOOD,NO_GOOD_TEMPLATE,GOOD,REVIEW,NO_GOOD_TEMPLATE,rule_survivor_policy,,,,,True,0.7612179031386044,a442dd6d9ac4f3922b8abebe9d16cb035087bc83b7da9220dd5939f68291873f,nstxuE205040A01t016/N8/egn08w.6740E+01
nstxuE205040A01t016/N8/egn08w.1070E+02,good,nstxuE205040A01t016,8,3.2712751737412007,tae_like,GOOD,NO_GOOD_TEMPLATE,GOOD,REVIEW,NO_GOOD_TEMPLATE,rule_survivor_policy,,,,,True,0.9464422375823626,10115da81d9610eadc737313937cb67451afa8cc615ba847bf296f27dea83f54,nstxuE205040A01t016/N8/egn08w.1070E+02
nstxuE205040A01t016/N9/egn09w.1999E+01,good,nstxuE205040A01t016,9,1.4139461823343307,tae_like,GOOD,NO_GOOD_TEMPLATE,GOOD,REVIEW,NO_GOOD_TEMPLATE,rule_survivor_policy,,,,,True,0.6695653899186766,5bf822a42f3a8f4adbd2afbaf04639acc7a223b128787c0912e86839bfda799a,nstxuE205040A01t016/N9/egn09w.1999E+01
nstxuE205040A01t016/N9/egn09w.2194E+01,good,nstxuE205040A01t016,9,1.4813319309591881,tae_like,GOOD,NO_GOOD_TEMPLATE,GOOD,REVIEW,NO_GOOD_TEMPLATE,rule_survivor_policy,,,,,True,0.5646933238802037,8e23d17c746d806aae9d8e1978a5bf47c15ce43701a499bc49ed2ac5b9ffcac9,nstxuE205040A01t016/N9/egn09w.2194E+01
nstxuE205040A01t016/N9/egn09w.2256E+01,good,nstxuE205040A01t016,9,1.5019332474002902,tae_like,GOOD,NO_GOOD_TEMPLATE,GOOD,REVIEW,NO_GOOD_TEMPLATE,rule_survivor_policy,,,,,True,0.4171236053362381,705e2c7b0a8526ecbc899c63c97a72b4ad670bd44016f8748f349187959640af,nstxuE205040A01t016/N9/egn09w.2256E+01
nstxuE205040A01t016/N9/egn09w.2723E+01,good,nstxuE205040A01t016,9,1.6500206758946798,tae_like,GOOD,NO_GOOD_TEMPLATE,GOOD,REVIEW,NO_GOOD_TEMPLATE,rule_survivor_policy,,,,,True,0.8761975897239387,931cb1c68f19837f6dfed15b83c42e1f3f1bfc997ee313ef79f2d4deba9c8a11,nstxuE205040A01t016/N9/egn09w.2723E+01
nstxuE205040A01t016/N9/egn09w.2940E+01,good,nstxuE205040A01t016,9,1.7147031079930013,tae_like,GOOD,NO_GOOD_TEMPLATE,GOOD,REVIEW,NO_GOOD_TEMPLATE,rule_survivor_policy,,,,,True,0.5805346624746159,b94fcbd010a8fc86b3bd1a778385e3c52ca0c1247b7d818f85df82ad0bd7bddd,nstxuE205040A01t016/N9/egn09w.2940E+01
nstxuE205040A01t016/N9/egn09w.3100E+01,good,nstxuE205040A01t016,9,1.7607920653995501,tae_like,GOOD,NO_GOOD_TEMPLATE,GOOD,REVIEW,NO_GOOD_TEMPLATE,rule_survivor_policy,,,,,True,0.5447935769447615,952d8da025e0a729ddad67e01675e659088e4d846f5bc6100200833db3721cb5,nstxuE205040A01t016/N9/egn09w.3100E+01
nstxuE205040A01t016/N9/egn09w.4076E+01,good,nstxuE205040A01t016,9,2.018889199514863,tae_like,GOOD,NO_GOOD_TEMPLATE,GOOD,REVIEW,NO_GOOD_TEMPLATE,rule_survivor_policy,,,,,True,0.5468911015373474,dd24b60389a701d3dcdd9864d09ea1fe9240ba350b7087350b4743431d133f51,nstxuE205040A01t016/N9/egn09w.4076E+01
nstxuE205040A01t016/N9/egn09w.4356E+01,good,nstxuE205040A01t016,9,2.0870526353481873,tae_like,GOOD,NO_GOOD_TEMPLATE,GOOD,REVIEW,NO_GOOD_TEMPLATE,rule_survivor_policy,,,,,True,0.708882822785889,b3aca3e94f91fe0124b6a8f98689f5f66c11ea07b6cbb4c52e4ed0fbfda36783,nstxuE205040A01t016/N9/egn09w.4356E+01
nstxuE205040A01t016/N9/egn09w.4568E+01,good,nstxuE205040A01t016,9,2.1372785862740007,tae_like,GOOD,NO_GOOD_TEMPLATE,GOOD,REVIEW,NO_GOOD_TEMPLATE,rule_survivor_policy,,,,,True,0.5448512510125574,edb3fa237467bc73889f035db5980358488b417c8d9f0fb1988f2912accecb50,nstxuE205040A01t016/N9/egn09w.4568E+01
nstxuE205040A01t016/N9/egn09w.5513E+01,good,nstxuE205040A01t016,9,2.347975631517639,tae_like,GOOD,NO_GOOD_TEMPLATE,GOOD,REVIEW,NO_GOOD_TEMPLATE,rule_survivor_policy,,,,,True,0.6091594554542495,bc749c25a5b79a7a82c547b4e32329bea89176766b48f150f4f03ab1bbcfe690,nstxuE205040A01t016/N9/egn09w.5513E+01
nstxuE205040A01t016/N9/egn09w.6691E+01,good,nstxuE205040A01t016,9,2.586664485782139,tae_like,GOOD,NO_GOOD_TEMPLATE,GOOD,REVIEW,NO_GOOD_TEMPLATE,rule_survivor_policy,,,,,True,0.6968592823224425,3da050433ae4ae8495c5e183901c3c29b419d2a4289c58bacbed18657daf580a,nstxuE205040A01t016/N9/egn09w.6691E+01
nstxuE205040A01t016/N9/egn09w.1054E+02,good,nstxuE205040A01t016,9,3.2467749528682095,tae_like,GOOD,NO_GOOD_TEMPLATE,GOOD,REVIEW,NO_GOOD_TEMPLATE,rule_survivor_policy,,,,,True,0.5532655487863061,bbaaf6b31e023c20e62b3e3a62faded43f1dee29b4862bc6834f7b57d64d0e25,nstxuE205040A01t016/N9/egn09w.1054E+02
nstxuE205040A01t016/N9/egn09w.1137E+02,good,nstxuE205040A01t016,9,3.3723289107191734,tae_like,GOOD,NO_GOOD_TEMPLATE,GOOD,REVIEW,NO_GOOD_TEMPLATE,rule_survivor_policy,,,,,True,0.5988953448995573,d39bc21d9f54ecfef08476dc462a618b559afb6c0c835d249dcc17ae8a6bc8c3,nstxuE205040A01t016/N9/egn09w.1137E+02
nstxuE205040A01t016/N10/egn10w.2221E+01,good,nstxuE205040A01t016,10,1.490177155705493,tae_like,GOOD,NO_GOOD_TEMPLATE,GOOD,REVIEW,NO_GOOD_TEMPLATE,rule_survivor_policy,,,,,True,0.42176206568186936,b6ecd213252d63b75b3528a530d937514f1f2d59db25b720cc90746a5a7b13f5,nstxuE205040A01t016/N10/egn10w.2221E+01
nstxuE205040A01t016/N10/egn10w.2361E+01,good,nstxuE205040A01t016,10,1.5365260959261875,tae_like,GOOD,NO_GOOD_TEMPLATE,GOOD,REVIEW,NO_GOOD_TEMPLATE,rule_survivor_policy,,,,,True,0.6264552021961521,b1e235a19e0f75f9ecaa051c4356ab736e04ac2f1d2a2abb60a799e5df55845b,nstxuE205040A01t016/N10/egn10w.2361E+01
nstxuE205040A01t016/N10/egn10w.2444E+01,good,nstxuE205040A01t016,10,1.5632734516593154,tae_like,GOOD,NO_GOOD_TEMPLATE,GOOD,REVIEW,NO_GOOD_TEMPLATE,rule_survivor_policy,,,,,True,0.6948580018450433,e41a6ca7e3c5090a5477d096dc6cc36648d26f79ce4450854f7f1a8a01a06463,nstxuE205040A01t016/N10/egn10w.2444E+01
nstxuE205040A01t016/N10/egn10w.2525E+01,good,nstxuE205040A01t016,10,1.58908570727762,tae_like,GOOD,NO_GOOD_TEMPLATE,GOOD,REVIEW,NO_GOOD_TEMPLATE,rule_survivor_policy,,,,,True,0.5301325593761398,3061818123ecd821472d0c0658ae000c672ba433ed3cb53779f2dd15bb8d3cd4,nstxuE205040A01t016/N10/egn10w.2525E+01
nstxuE205040A01t016/N10/egn10w.2695E+01,good,nstxuE205040A01t016,10,1.6416453985300248,tae_like,GOOD,NO_GOOD_TEMPLATE,GOOD,REVIEW,NO_GOOD_TEMPLATE,rule_survivor_policy,,,,,True,0.7660146397677635,79720e029fcdf6dfb50fbf351470ffef7490e11bd4d9dc7847135ec797d22346,nstxuE205040A01t016/N10/egn10w.2695E+01
nstxuE205040A01t016/N10/egn10w.3353E+01,good,nstxuE205040A01t016,10,1.8310848873606038,tae_like,GOOD,NO_GOOD_TEMPLATE,GOOD,REVIEW,NO_GOOD_TEMPLATE,rule_survivor_policy,,,,,True,0.33153577576999,ab5ded2c7ac1ce52ccc0ae15f598a21cf2e2536399ccbb70803d5618df73c3b0,nstxuE205040A01t016/N10/egn10w.3353E+01
nstxuE205040A01t016/N10/egn10w.3639E+01,good,nstxuE205040A01t016,10,1.907637747125976,tae_like,GOOD,NO_GOOD_TEMPLATE,GOOD,REVIEW,NO_GOOD_TEMPLATE,rule_survivor_policy,,,,,True,0.7860488352157112,dcd2c6d6ba2f9805120231f2d4b92fa9e50ea82bfeec60b606156be8290be55c,nstxuE205040A01t016/N10/egn10w.3639E+01
nstxuE205040A01t016/N10/egn10w.4205E+01,good,nstxuE205040A01t016,10,2.050499941545867,tae_like,GOOD,NO_GOOD_TEMPLATE,GOOD,REVIEW,NO_GOOD_TEMPLATE,rule_survivor_policy,,,,,True,0.5855086220083894,073f1a5abd319934378ec897d626109721d521bc29c1012cea2a376d9a6e325f,nstxuE205040A01t016/N10/egn10w.4205E+01
nstxuE205040A01t016/N10/egn10w.4533E+01,good,nstxuE205040A01t016,10,2.1290592880169976,tae_like,GOOD,NO_GOOD_TEMPLATE,GOOD,REVIEW,NO_GOOD_TEMPLATE,rule_survivor_policy,,,,,True,0.6006568543108977,04a9e77e6d7c2948b38c69e08e1d16b87a0adbf1d169db5d29927445f8516854,nstxuE205040A01t016/N10/egn10w.4533E+01
nstxuE205040A01t016/N10/egn10w.4999E+01,good,nstxuE205040A01t016,10,2.2358148309890042,tae_like,GOOD,NO_GOOD_TEMPLATE,GOOD,REVIEW,NO_GOOD_TEMPLATE,rule_survivor_policy,,,,,True,0.5776196845942598,0ddb1ad040730b398191ea18a0de644264c6a85dd6754c63fd200e29ee360749,nstxuE205040A01t016/N10/egn10w.4999E+01
nstxuE205040A01t016/N10/egn10w.5457E+01,good,nstxuE205040A01t016,10,2.3360699278163795,tae_like,GOOD,NO_GOOD_TEMPLATE,GOOD,REVIEW,NO_GOOD_TEMPLATE,rule_survivor_policy,,,,,True,0.5970196963764652,cdd43c1b8388ea6b2989d8ca5bf9c2ff98bdc316fea7de7348c1396424a7dc72,nstxuE205040A01t016/N10/egn10w.5457E+01
nstxuE205040A01t016/N10/egn10w.6523E+01,good,nstxuE205040A01t016,10,2.553919463456584,tae_like,GOOD,NO_GOOD_TEMPLATE,GOOD,REVIEW,NO_GOOD_TEMPLATE,rule_survivor_policy,,,,,True,0.5957397184491511,576f725054c7518e7dee358290864dc9679bf8696a686cf443898f65e055bcf2,nstxuE205040A01t016/N10/egn10w.6523E+01
nstxuE205040A01t016/N10/egn10w.9292E+01,good,nstxuE205040A01t016,10,3.048250364342979,tae_like,GOOD,NO_GOOD_TEMPLATE,GOOD,REVIEW,NO_GOOD_TEMPLATE,rule_survivor_policy,,,,,True,0.6077229843379318,891abfec20cd31bbfdab63bb830aafd7ee53fd3cac30e61200cd36a04a795283,nstxuE205040A01t016/N10/egn10w.9292E+01
nstxuE205040A01t016/N10/egn10w.1015E+02,good,nstxuE205040A01t016,10,3.1851557911115296,tae_like,GOOD,NO_GOOD_TEMPLATE,GOOD,REVIEW,NO_GOOD_TEMPLATE,rule_survivor_policy,,,,,True,0.5525891234234934,25db19f6521656313f5d6710cd9de9ccc56732786f067ac1c58f04e57daac3f7,nstxuE205040A01t016/N10/egn10w.1015E+02
nstxuE205040A01t016/N10/egn10w.1097E+02,good,nstxuE205040A01t016,10,3.311932439584931,tae_like,GOOD,NO_GOOD_TEMPLATE,GOOD,REVIEW,NO_GOOD_TEMPLATE,rule_survivor_policy,,,,,True,0.5590399952316523,5a350000ac937cdbac2ca1f262ddfa5a210965fa4d7414e16dd339173e7ba5ce,nstxuE205040A01t016/N10/egn10w.1097E+02
nstxuE205042A01t022/N1/egn01w.3556E+01,good,nstxuE205042A01t022,1,1.8856874002941981,tae_like,GOOD,NO_GOOD_TEMPLATE,GOOD,REVIEW,NO_GOOD_TEMPLATE,rule_survivor_policy,,,,,True,0.8123375119425938,02634bde14db8105a3101d534a4357e8925bdf90b2c90eec58c3dce551aa035d,nstxuE205042A01t022/N1/egn01w.3556E+01
nstxuE205042A01t022/N3/egn03w.3074E+01,good,nstxuE205042A01t022,3,1.7533675525871533,tae_like,GOOD,NO_GOOD_TEMPLATE,GOOD,REVIEW,NO_GOOD_TEMPLATE,rule_survivor_policy,,,,,True,0.2695604945276285,88f597ffb6adcaffaa3ae03d850268a202a11bf2772fa6201efa010d85b65306,nstxuE205042A01t022/N3/egn03w.3074E+01
nstxuE205042A01t022/N3/egn03w.3291E+01,good,nstxuE205042A01t022,3,1.813991347090465,tae_like,GOOD,NO_GOOD_TEMPLATE,GOOD,REVIEW,NO_GOOD_TEMPLATE,rule_survivor_policy,,,,,True,0.26560213580103653,3552a1545ffc04d7a28370984ae69dfa07604cef3c2d040f58b536a1f4596d71,nstxuE205042A01t022/N3/egn03w.3291E+01
nstxuE205042A01t022/N3/egn03w.3479E+01,good,nstxuE205042A01t022,3,1.86526013303722,tae_like,GOOD,NO_GOOD_TEMPLATE,GOOD,REVIEW,NO_GOOD_TEMPLATE,rule_survivor_policy,,,,,True,0.2589715570109163,67ddc91120e0cc5052dfdbdc44394a5050e407a3e1c726308bdea46bf7d6531b,nstxuE205042A01t022/N3/egn03w.3479E+01
nstxuE205042A01t022/N3/egn03w.6851E+01,good,nstxuE205042A01t022,3,2.6174738403847857,tae_like,GOOD,NO_GOOD_TEMPLATE,GOOD,REVIEW,NO_GOOD_TEMPLATE,rule_survivor_policy,,,,,True,0.37017093655130473,95be4b019b86247277082de5ba35ac5bec995149997b07cd4c9a28125bb33df4,nstxuE205042A01t022/N3/egn03w.6851E+01
nstxuE205042A01t022/N4/egn04w.2713E+01,good,nstxuE205042A01t022,4,1.6470412208261003,tae_like,GOOD,NO_GOOD_TEMPLATE,GOOD,REVIEW,NO_GOOD_TEMPLATE,rule_survivor_policy,,,,,True,0.41318803164375406,c6bc72cbbe283cfd9aaee1cc3d1ca0333b690a93ffd570d66da9072580c85d58,nstxuE205042A01t022/N4/egn04w.2713E+01
nstxuE205042A01t022/N4/egn04w.2833E+01,good,nstxuE205042A01t022,4,1.6830859897246986,tae_like,GOOD,NO_GOOD_TEMPLATE,GOOD,REVIEW,NO_GOOD_TEMPLATE,rule_survivor_policy,,,,,True,0.3443441856834681,f08cdf6b0fc4c3468120176c6ca24f174190ccf5c44802ac5746c238639ff247,nstxuE205042A01t022/N4/egn04w.2833E+01
nstxuE205042A01t022/N4/egn04w.2867E+01,good,nstxuE205042A01t022,4,1.6932890999311743,tae_like,GOOD,NO_GOOD_TEMPLATE,GOOD,REVIEW,NO_GOOD_TEMPLATE,rule_survivor_policy,,,,,True,0.36114803480334684,b9853668008bfb2eaeba71c1b3462eb262a361fdc16e1b26f15e82644ce286a6,nstxuE205042A01t022/N4/egn04w.2867E+01
nstxuE205042A01t022/N4/egn04w.2962E+01,good,nstxuE205042A01t022,4,1.7210983135227513,tae_like,GOOD,NO_GOOD_TEMPLATE,GOOD,REVIEW,NO_GOOD_TEMPLATE,rule_survivor_policy,,,,,True,0.3682203486088113,fee82b4d230f907c379b98fdb63f8149b7367969c1874af7c8bc3bc5b58115c4,nstxuE205042A01t022/N4/egn04w.2962E+01
nstxuE205042A01t022/N4/egn04w.3028E+01,good,nstxuE205042A01t022,4,1.7400635359576415,tae_like,GOOD,NO_GOOD_TEMPLATE,GOOD,REVIEW,NO_GOOD_TEMPLATE,rule_survivor_policy,,,,,True,0.36674222086828795,289f497bc57d4cbc735ddd9ddf86788522f24f3bb1023a174e45c3dff9608256,nstxuE205042A01t022/N4/egn04w.3028E+01
nstxuE205042A01t022/N4/egn04w.3110E+01,good,nstxuE205042A01t022,4,1.763632179111907,tae_like,GOOD,NO_GOOD_TEMPLATE,GOOD,REVIEW,NO_GOOD_TEMPLATE,rule_survivor_policy,,,,,True,0.36462273290233016,2d9dbc4dd903fb8731280510b53f5f25d48ac0aea52b3ec174feda757b4ad77b,nstxuE205042A01t022/N4/egn04w.3110E+01
nstxuE205042A01t022/N4/egn04w.3215E+01,good,nstxuE205042A01t022,4,1.7930698411330555,tae_like,GOOD,NO_GOOD_TEMPLATE,GOOD,REVIEW,NO_GOOD_TEMPLATE,rule_survivor_policy,,,,,True,0.36313784727368426,28d12e8595b19c4492d42b587a74b05c1a04934850dc0591dda1a886039e1c66,nstxuE205042A01t022/N4/egn04w.3215E+01
nstxuE205042A01t022/N4/egn04w.3534E+01,good,nstxuE205042A01t022,4,1.8797770150295896,tae_like,GOOD,NO_GOOD_TEMPLATE,GOOD,REVIEW,NO_GOOD_TEMPLATE,rule_survivor_policy,,,,,True,0.34957371600662185,d2386a057562bdcc09d1c18a84acbf416fb83e6aa43a78fe24f467e628c21b44,nstxuE205042A01t022/N4/egn04w.3534E+01
nstxuE205042A01t022/N4/egn04w.3791E+01,good,nstxuE205042A01t022,4,1.947036232974736,tae_like,GOOD,NO_GOOD_TEMPLATE,GOOD,REVIEW,NO_GOOD_TEMPLATE,rule_survivor_policy,,,,,True,0.3523477977259513,7b7a76b5fcf083abac7b52e48eace9fccac2b8ad2e26d95aabb28b5fc019c440,nstxuE205042A01t022/N4/egn04w.3791E+01
nstxuE205042A01t022/N4/egn04w.5527E+01,good,nstxuE205042A01t022,4,2.350909842329107,tae_like,GOOD,NO_GOOD_TEMPLATE,GOOD,REVIEW,NO_GOOD_TEMPLATE,rule_survivor_policy,,,,,True,0.2918579469218358,79f15ed37413e7605df8a2754e7f9adb71f3ec6d982d18509e25feec64d1d21a,nstxuE205042A01t022/N4/egn04w.5527E+01
nstxuE205042A01t022/N5/egn05w.3022E+01,good,nstxuE205042A01t022,5,1.7384270987749062,tae_like,GOOD,NO_GOOD_TEMPLATE,GOOD,REVIEW,NO_GOOD_TEMPLATE,rule_survivor_policy,,,,,True,0.5133682495949291,e1075eb10dd85754e624cc4b3ea95fa6b84a7ac2e4cc3b7af61a2b355114a1ae,nstxuE205042A01t022/N5/egn05w.3022E+01
nstxuE205042A01t022/N5/egn05w.3192E+01,good,nstxuE205042A01t022,5,1.7866095140560123,tae_like,GOOD,NO_GOOD_TEMPLATE,GOOD,REVIEW,NO_GOOD_TEMPLATE,rule_survivor_policy,,,,,True,0.48897894578509976,d9e9d9f1d02972593d8daa458349e28bccf05a065388c05babceb294ad550132,nstxuE205042A01t022/N5/egn05w.3192E+01
nstxuE205042A01t022/N5/egn05w.3258E+01,good,nstxuE205042A01t022,5,1.8050297650492682,tae_like,GOOD,NO_GOOD_TEMPLATE,GOOD,REVIEW,NO_GOOD_TEMPLATE,rule_survivor_policy,,,,,True,0.6173999287141374,4a85f3ecb495e889860302b1a4403cf50101295df637691e092b747bc578fadc,nstxuE205042A01t022/N5/egn05w.3258E+01
nstxuE205042A01t022/N5/egn05w.3669E+01,good,nstxuE205042A01t022,5,1.9154789670232755,tae_like,GOOD,NO_GOOD_TEMPLATE,GOOD,REVIEW,NO_GOOD_TEMPLATE,rule_survivor_policy,,,,,True,0.8171989257994472,e07f79ad971d399a9479f9bf806401d4e2c24fcb49cf3232b5ba0a0389d72832,nstxuE205042A01t022/N5/egn05w.3669E+01
nstxuE205042A01t022/N5/egn05w.5318E+01,good,nstxuE205042A01t022,5,2.3060089041893694,tae_like,GOOD,NO_GOOD_TEMPLATE,GOOD,REVIEW,NO_GOOD_TEMPLATE,rule_survivor_policy,,,,,True,0.5878986103214474,1f1c766b2737b792994eff5e917251395ac5279acce5e1b8034f516f0ddb94ce,nstxuE205042A01t022/N5/egn05w.5318E+01
nstxuE205042A01t022/N6/egn06w.3067E+01,good,nstxuE205042A01t022,6,1.7513712393816527,tae_like,GOOD,NO_GOOD_TEMPLATE,GOOD,REVIEW,NO_GOOD_TEMPLATE,rule_survivor_policy,,,,,True,0.5147410977768824,b7e252e65ca2ae5d7ebf8ea232091acf86ed0fddb13dbb4befb0f81799ac25be,nstxuE205042A01t022/N6/egn06w.3067E+01
nstxuE205042A01t022/N6/egn06w.5992E+01,good,nstxuE205042A01t022,6,2.4479336097304643,tae_like,GOOD,NO_GOOD_TEMPLATE,GOOD,REVIEW,NO_GOOD_TEMPLATE,rule_survivor_policy,,,,,True,0.48889503397334266,885cc3283743a275bbe6ce45009754eacfd056db72f2b1d012bc42e93d7740e7,nstxuE205042A01t022/N6/egn06w.5992E+01
nstxuE205042A01t022/N8/egn08w.3953E+01,good,nstxuE205042A01t022,8,1.988330405697302,tae_like,GOOD,NO_GOOD_TEMPLATE,GOOD,REVIEW,NO_GOOD_TEMPLATE,rule_survivor_policy,,,,,True,0.7783205489856085,fd559eda92554d404da69bcb94381cf8aff7181163728a1d85c177d3461a477a,nstxuE205042A01t022/N8/egn08w.3953E+01
nstxuE205042A01t022/N10/egn10w.3385E+01,good,nstxuE205042A01t022,10,1.8397100447980714,tae_like,GOOD,NO_GOOD_TEMPLATE,GOOD,REVIEW,NO_GOOD_TEMPLATE,rule_survivor_policy,,,,,True,0.9634739263041887,2b15418f770cc2bb158b39e6c95ddc94c64c7e3258a73fb57bbdbc48ea1b7a4b,nstxuE205042A01t022/N10/egn10w.3385E+01
nstxuE205045A01t022/N3/egn03w.9903E+01,good,nstxuE205045A01t022,3,3.1469284085782925,tae_like,GOOD,NO_GOOD_TEMPLATE,GOOD,REVIEW,NO_GOOD_TEMPLATE,rule_survivor_policy,,,,,True,0.33927604618632345,77865118bba1245bcb6f95a6e77b9399a1921f1c8d1ac4a92bb9a6cc5b936c03,nstxuE205045A01t022/N3/egn03w.9903E+01
nstxuE205045A01t022/N4/egn04w.1205E+02,good,nstxuE205045A01t022,4,3.4709856030734865,tae_like,GOOD,NO_GOOD_TEMPLATE,GOOD,REVIEW,NO_GOOD_TEMPLATE,rule_survivor_policy,,,,,True,0.2982749053152311,875531ab5b113b82767595bca6eeb2f788ce9346e3f5b35cfe7906a734d6e208,nstxuE205045A01t022/N4/egn04w.1205E+02
nstxuE205045A01t022/N6/egn06w.1239E+02,good,nstxuE205045A01t022,6,3.5193080123357756,tae_like,GOOD,NO_GOOD_TEMPLATE,GOOD,REVIEW,NO_GOOD_TEMPLATE,rule_survivor_policy,,,,,True,0.4240787706996696,4129f2ee3512a8661bda9ed6a3b1840b0599130c99fbefc625b1b0a1161ca09c,nstxuE205045A01t022/N6/egn06w.1239E+02
nstxuE205045A01t022/N6/egn06w.1666E+02,good,nstxuE205045A01t022,6,4.082063849498388,tae_like,GOOD,NO_GOOD_TEMPLATE,GOOD,REVIEW,NO_GOOD_TEMPLATE,rule_survivor_policy,,,,,True,0.5059977782836482,137e63ee675998cdbdc19047742666da8584956e3c1b1213bfcff8d6eb0fee13,nstxuE205045A01t022/N6/egn06w.1666E+02
nstxuE205045A01t022/N7/egn07w.1432E+02,good,nstxuE205045A01t022,7,3.783567553153546,tae_like,GOOD,NO_GOOD_TEMPLATE,GOOD,REVIEW,NO_GOOD_TEMPLATE,rule_survivor_policy,,,,,True,0.5706664862860676,c23b500c8a634855cc3ead336db11987234d037d07fd568c19259f580af7a5ec,nstxuE205045A01t022/N7/egn07w.1432E+02
nstxuE205045A01t022/N7/egn07w.1773E+02,good,nstxuE205045A01t022,7,4.210824060453265,tae_like,GOOD,NO_GOOD_TEMPLATE,GOOD,REVIEW,NO_GOOD_TEMPLATE,rule_survivor_policy,,,,,True,0.49934065857119636,9b3e1d7672da297c1252533b3c7b0763ae5e8e5aa817050c3281bf36ac5b3f2f,nstxuE205045A01t022/N7/egn07w.1773E+02
nstxuE205045A01t022/N7/egn07w.2662E+02,good,nstxuE205045A01t022,7,5.159725702559963,tae_like,GOOD,NO_GOOD_TEMPLATE,GOOD,REVIEW,NO_GOOD_TEMPLATE,rule_survivor_policy,,,,,True,0.5211883619455641,8bd689d101a3b0eace28078a37c439c4c59225240da910b93dc098e7c8d3640c,nstxuE205045A01t022/N7/egn07w.2662E+02
nstxuE205045A01t022/N7/egn07w.2845E+02,good,nstxuE205045A01t022,7,5.333475425567422,tae_like,GOOD,NO_GOOD_TEMPLATE,GOOD,REVIEW,NO_GOOD_TEMPLATE,rule_survivor_policy,,,,,True,0.4369938498429241,76862c87061215fa8f54e7e7b7859edcb47217d441251654f2331e74285234d3,nstxuE205045A01t022/N7/egn07w.2845E+02
nstxuE205045A01t022/N8/egn08w.1465E+02,good,nstxuE205045A01t022,8,3.827187385175959,tae_like,GOOD,NO_GOOD_TEMPLATE,GOOD,REVIEW,NO_GOOD_TEMPLATE,rule_survivor_policy,,,,,True,0.5675766970000413,a9a1bbcbeaf80994cc8688bc771852ae6212d247ae5e4449ef3b7a11afe4986f,nstxuE205045A01t022/N8/egn08w.1465E+02
nstxuE205045A01t022/N8/egn08w.2462E+02,good,nstxuE205045A01t022,8,4.962063628401257,tae_like,GOOD,NO_GOOD_TEMPLATE,GOOD,REVIEW,NO_GOOD_TEMPLATE,rule_survivor_policy,,,,,True,0.6700982284490196,225f49d8a47db541cd2bae01145845e139082800ab32461d8c90db8d8bd035e2,nstxuE205045A01t022/N8/egn08w.2462E+02
nstxuE205045A01t022/N8/egn08w.2732E+02,good,nstxuE205045A01t022,8,5.227122577870061,tae_like,GOOD,NO_GOOD_TEMPLATE,GOOD,REVIEW,NO_GOOD_TEMPLATE,rule_survivor_policy,,,,,True,0.8689123382932439,adaf4da979b38301f2fbb48bf5835581bfc2b74df72b430a806ea97b5c29e07d,nstxuE205045A01t022/N8/egn08w.2732E+02
nstxuE205045A01t022/N8/egn08w.3017E+02,good,nstxuE205045A01t022,8,5.492493569277313,tae_like,GOOD,NO_GOOD_TEMPLATE,GOOD,REVIEW,NO_GOOD_TEMPLATE,rule_survivor_policy,,,,,True,0.41943868108106835,6c05219324d0f6c0924b34e6f5df29e6d7d40f51b05ff277a71dc4a129b0eb20,nstxuE205045A01t022/N8/egn08w.3017E+02
nstxuE205045A01t022/N8/egn08w.3175E+02,good,nstxuE205045A01t022,8,5.634488524923981,tae_like,GOOD,NO_GOOD_TEMPLATE,GOOD,REVIEW,NO_GOOD_TEMPLATE,rule_survivor_policy,,,,,True,0.7308721052367813,5b2ed1c86e85e240b0f9db17191bd3e34625566a533e31b8835c3216eca78272,nstxuE205045A01t022/N8/egn08w.3175E+02
nstxuE205045A01t022/N9/egn09w.1779E+02,good,nstxuE205045A01t022,9,4.217282273924826,tae_like,GOOD,NO_GOOD_TEMPLATE,GOOD,REVIEW,NO_GOOD_TEMPLATE,rule_survivor_policy,,,,,True,0.6036188879395287,3eba768cb0cb2b544f556ba1973004e23aca8b18b99f7fc6136f07f6efc0b081,nstxuE205045A01t022/N9/egn09w.1779E+02
nstxuE205045A01t022/N9/egn09w.2606E+02,good,nstxuE205045A01t022,9,5.104543375822947,tae_like,GOOD,NO_GOOD_TEMPLATE,GOOD,REVIEW,NO_GOOD_TEMPLATE,rule_survivor_policy,,,,,True,0.58200515995727,8f097901b61887e4c45a04a48d4da2ffc0136fdfa5431cd1bbe5a9d673ea1f54,nstxuE205045A01t022/N9/egn09w.2606E+02
nstxuE205045A01t022/N9/egn09w.2836E+02,good,nstxuE205045A01t022,9,5.325277783401984,tae_like,GOOD,NO_GOOD_TEMPLATE,GOOD,REVIEW,NO_GOOD_TEMPLATE,rule_survivor_policy,,,,,True,0.6137847441171734,e09cf9c43f7375dd938d8ec5875356622bb828ca82dd136f14330bd28a18dabf,nstxuE205045A01t022/N9/egn09w.2836E+02
nstxuE205045A01t022/N9/egn09w.3089E+02,good,nstxuE205045A01t022,9,5.557603366642953,tae_like,GOOD,NO_GOOD_TEMPLATE,GOOD,REVIEW,NO_GOOD_TEMPLATE,rule_survivor_policy,,,,,True,0.5406725084581239,f3b746f569204ad0bdbd5c01b2a8bf216b4776e51a5a5c4664d40483ba0616de,nstxuE205045A01t022/N9/egn09w.3089E+02
nstxuE205045A01t022/N9/egn09w.3420E+02,good,nstxuE205045A01t022,9,5.8481706471137755,tae_like,GOOD,NO_GOOD_TEMPLATE,GOOD,REVIEW,NO_GOOD_TEMPLATE,rule_survivor_policy,,,,,True,0.4388170108553816,0fcfbdbe3c1566479933c88812af9073ecb02eeb153703608806719cf2c89c86,nstxuE205045A01t022/N9/egn09w.3420E+02
nstxuE205045A01t022/N9/egn09w.3592E+02,good,nstxuE205045A01t022,9,5.993737308586533,tae_like,GOOD,NO_GOOD_TEMPLATE,GOOD,REVIEW,NO_GOOD_TEMPLATE,rule_survivor_policy,,,,,True,0.47137917925639017,abb595e1ed51c30e5a3516931ab11458ae2e6b2b6c5f84c536556b6dcfae5be7,nstxuE205045A01t022/N9/egn09w.3592E+02
nstxuE205045A01t022/N10/egn10w.1795E+02,good,nstxuE205045A01t022,10,4.2362278064288,tae_like,GOOD,NO_GOOD_TEMPLATE,GOOD,REVIEW,NO_GOOD_TEMPLATE,rule_survivor_policy,,,,,True,0.6923232380506593,238962f7fc31e6763d817ed45a9b56107d959c5815c4edd45b08fbbe76ee6a1e,nstxuE205045A01t022/N10/egn10w.1795E+02
nstxuE205045A01t022/N10/egn10w.2522E+02,good,nstxuE205045A01t022,10,5.021971155287481,tae_like,GOOD,NO_GOOD_TEMPLATE,GOOD,REVIEW,NO_GOOD_TEMPLATE,rule_survivor_policy,,,,,True,0.46127158077708635,aa9c400c0e3a3940ae38291ffa180ff32f6351a6234a2112f3ca70ef4714168b,nstxuE205045A01t022/N10/egn10w.2522E+02
nstxuE205045A01t022/N10/egn10w.2665E+02,good,nstxuE205045A01t022,10,5.1621955354975215,tae_like,GOOD,NO_GOOD_TEMPLATE,GOOD,REVIEW,NO_GOOD_TEMPLATE,rule_survivor_policy,,,,,True,0.655937848795175,318912c884cbcaf698e1967f08ebfa1c218deff5e6df8d32bb4bf577f238a8f4,nstxuE205045A01t022/N10/egn10w.2665E+02
nstxuE205054A01t037/N2/egn02w.1848E+02,good,nstxuE205054A01t037,2,4.299256815940158,tae_like,GOOD,NO_GOOD_TEMPLATE,GOOD,REVIEW,NO_GOOD_TEMPLATE,rule_survivor_policy,,,,,True,0.42570903805154886,df6c8caad7a5cec9a7098e1a5c5377cb25f6930b2d3ca9aea6485790bd3e2c50,nstxuE205054A01t037/N2/egn02w.1848E+02
nstxuE205054A01t037/N3/egn03w.1747E+02,good,nstxuE205054A01t037,3,4.179207347605085,tae_like,GOOD,NO_GOOD_TEMPLATE,GOOD,REVIEW,NO_GOOD_TEMPLATE,rule_survivor_policy,,,,,True,0.7376244291486587,9ec6e59428d115a284c7fa9c8280616639dac264cd5a238ffd2ae2f4879e3c8e,nstxuE205054A01t037/N3/egn03w.1747E+02
nstxuE205054A01t037/N3/egn03w.2105E+02,good,nstxuE205054A01t037,3,4.588360045044477,tae_like,GOOD,NO_GOOD_TEMPLATE,GOOD,REVIEW,NO_GOOD_TEMPLATE,rule_survivor_policy,,,,,True,0.31851422298282106,02f5bfa439c1ca9a5e79c48250d6b47fcfd5f064b051925aa05073fea3472792,nstxuE205054A01t037/N3/egn03w.2105E+02
nstxuE205054A01t037/N4/egn04w.2071E+02,good,nstxuE205054A01t037,4,4.550972843691025,tae_like,GOOD,NO_GOOD_TEMPLATE,GOOD,REVIEW,NO_GOOD_TEMPLATE,rule_survivor_policy,,,,,True,0.851908719330113,b6e544f8cb06a7b2ff7cf547faef49d0a6ef99daf5040de04a958fcb2c5b8403,nstxuE205054A01t037/N4/egn04w.2071E+02
nstxuE205054A01t037/N4/egn04w.2531E+02,good,nstxuE205054A01t037,4,5.030438292645923,tae_like,GOOD,NO_GOOD_TEMPLATE,GOOD,REVIEW,NO_GOOD_TEMPLATE,rule_survivor_policy,,,,,True,0.3298648626240506,e2fa262cbd781a3acff554fc2fbbb7e98d53ca11c498d6576e26c5757817ddd5,nstxuE205054A01t037/N4/egn04w.2531E+02
nstxuE205054A01t037/N4/egn04w.2760E+02,good,nstxuE205054A01t037,4,5.253956646573986,tae_like,GOOD,NO_GOOD_TEMPLATE,GOOD,REVIEW,NO_GOOD_TEMPLATE,rule_survivor_policy,,,,,True,0.5304672285042199,f5c698a601a40600a97fb4569cb379a5120da06535050a5e83e1e075bbd1b36a,nstxuE205054A01t037/N4/egn04w.2760E+02
nstxuE205054A01t037/N5/egn05w.1644E+02,good,nstxuE205054A01t037,5,4.054414397936819,tae_like,GOOD,NO_GOOD_TEMPLATE,GOOD,REVIEW,NO_GOOD_TEMPLATE,rule_survivor_policy,,,,,True,0.4359990942636207,12624497e5e8d7e5d294d4e00c83faaaec5bf2ec3b6708eb9837bef635b30c29,nstxuE205054A01t037/N5/egn05w.1644E+02
nstxuE205054A01t037/N5/egn05w.2019E+02,good,nstxuE205054A01t037,5,4.492987843463763,tae_like,GOOD,NO_GOOD_TEMPLATE,GOOD,REVIEW,NO_GOOD_TEMPLATE,rule_survivor_policy,,,,,True,0.9909509163774904,600070e58f9493db2573f76f7c929c944fa9fc90804e0416fcbb33901e29f694,nstxuE205054A01t037/N5/egn05w.2019E+02
nstxuE205054A01t037/N5/egn05w.2567E+02,good,nstxuE205054A01t037,5,5.0666411141185375,tae_like,GOOD,NO_GOOD_TEMPLATE,GOOD,REVIEW,NO_GOOD_TEMPLATE,rule_survivor_policy,,,,,True,0.4913024884197581,414c8a4ac2a19ee1600920d3cde7b286c6f6e506efa89ffad202ccaaa702a057,nstxuE205054A01t037/N5/egn05w.2567E+02
nstxuE205054A01t037/N5/egn05w.2878E+02,good,nstxuE205054A01t037,5,5.3642631057548975,tae_like,GOOD,NO_GOOD_TEMPLATE,GOOD,REVIEW,NO_GOOD_TEMPLATE,rule_survivor_policy,,,,,True,0.3617724600400538,dedfdf4ecfd943cabacdcca219da90c65b9f562a144926094c12e168bebb684a,nstxuE205054A01t037/N5/egn05w.2878E+02
nstxuE205054A01t037/N7/egn07w.1393E+02,good,nstxuE205054A01t037,7,3.7324569094086137,tae_like,GOOD,NO_GOOD_TEMPLATE,GOOD,REVIEW,NO_GOOD_TEMPLATE,rule_survivor_policy,,,,,True,0.49917897908965575,f646d83ba80bd702386e49dbff509747b6230571231d1c33947b24a7a97f0f78,nstxuE205054A01t037/N7/egn07w.1393E+02
nstxuE205054A01t037/N7/egn07w.1509E+02,good,nstxuE205054A01t037,7,3.884413306433465,tae_like,GOOD,NO_GOOD_TEMPLATE,GOOD,REVIEW,NO_GOOD_TEMPLATE,rule_survivor_policy,,,,,True,0.4311695660634869,dc641a564b340536a28beed68067ad43cd4d54dcb370875f216c956467f6a454,nstxuE205054A01t037/N7/egn07w.1509E+02
nstxuE205054A01t037/N7/egn07w.1701E+02,good,nstxuE205054A01t037,7,4.1240971649546365,tae_like,GOOD,NO_GOOD_TEMPLATE,GOOD,REVIEW,NO_GOOD_TEMPLATE,rule_survivor_policy,,,,,True,0.6068510491025205,ae12825a624c05b038270767b63cd9d232d353fb79c2439de0776cea6354f927,nstxuE205054A01t037/N7/egn07w.1701E+02
nstxuE205054A01t037/N7/egn07w.1960E+02,good,nstxuE205054A01t037,7,4.427209041042914,tae_like,GOOD,NO_GOOD_TEMPLATE,GOOD,REVIEW,NO_GOOD_TEMPLATE,rule_survivor_policy,,,,,True,0.39864617142272196,29bcb0e42c9da782a1daebcfc9732299e1a7cb3a581355bb48f000d53fbbc826,nstxuE205054A01t037/N7/egn07w.1960E+02
nstxuE205054A01t037/N7/egn07w.2152E+02,good,nstxuE205054A01t037,7,4.638715992691865,tae_like,GOOD,NO_GOOD_TEMPLATE,GOOD,REVIEW,NO_GOOD_TEMPLATE,rule_survivor_policy,,,,,True,0.594597785992861,bb80009d878ce68cc2d9317be9f45daeb923daafa67db4b13a80681e1a91e5d4,nstxuE205054A01t037/N7/egn07w.2152E+02
nstxuE205054A01t037/N7/egn07w.3078E+02,good,nstxuE205054A01t037,7,5.547643340039939,tae_like,GOOD,NO_GOOD_TEMPLATE,GOOD,REVIEW,NO_GOOD_TEMPLATE,rule_survivor_policy,,,,,True,0.6875122087333956,7d2e858102612f6795eaffca4d9dce0bf7ad6fcac40c188cbe9d7424871711f3,nstxuE205054A01t037/N7/egn07w.3078E+02
nstxuE205054A01t037/N7/egn07w.3445E+02,good,nstxuE205054A01t037,7,5.86916441000851,tae_like,GOOD,NO_GOOD_TEMPLATE,GOOD,REVIEW,NO_GOOD_TEMPLATE,rule_survivor_policy,,,,,True,0.3952827381164462,413b7e97c1107010a3749bc53e914e3be68a04369fadc4bdb60580d17ec97f8a,nstxuE205054A01t037/N7/egn07w.3445E+02
nstxuE205054A01t037/N7/egn07w.3829E+02,good,nstxuE205054A01t037,7,6.188067325134298,tae_like,GOOD,NO_GOOD_TEMPLATE,GOOD,REVIEW,NO_GOOD_TEMPLATE,rule_survivor_policy,,,,,True,0.429896256997212,bd53374e23311e8ad21d61748eb889764f1599fe2008cf35f6327ed89c772c16,nstxuE205054A01t037/N7/egn07w.3829E+02
nstxuE205054A01t037/N8/egn08w.1522E+02,good,nstxuE205054A01t037,8,3.9008719557045994,tae_like,GOOD,NO_GOOD_TEMPLATE,GOOD,REVIEW,NO_GOOD_TEMPLATE,rule_survivor_policy,,,,,True,0.4985963479410612,0485dae4e2ae9d3e31d4dfedcbf4ea208f98ddb1b2c171342d8b2e8771b8a40c,nstxuE205054A01t037/N8/egn08w.1522E+02
nstxuE205054A01t037/N8/egn08w.1666E+02,good,nstxuE205054A01t037,8,4.081339792072607,tae_like,GOOD,NO_GOOD_TEMPLATE,GOOD,REVIEW,NO_GOOD_TEMPLATE,rule_survivor_policy,,,,,True,0.5991375459556297,b2e1513c5b3e6b20c445d270a7fc3aedc603e3ca7ce48be56ed310ffef52b47e,nstxuE205054A01t037/N8/egn08w.1666E+02
nstxuE205054A01t037/N8/egn08w.1903E+02,good,nstxuE205054A01t037,8,4.362659404605422,tae_like,GOOD,NO_GOOD_TEMPLATE,GOOD,REVIEW,NO_GOOD_TEMPLATE,rule_survivor_policy,,,,,True,0.49905501698030663,e1bbd43e2308200e196f92cb6c33a183711103ce4ccff8bf4fa79fd11223847b,nstxuE205054A01t037/N8/egn08w.1903E+02
nstxuE205054A01t037/N8/egn08w.2142E+02,good,nstxuE205054A01t037,8,4.627678034229137,tae_like,GOOD,NO_GOOD_TEMPLATE,GOOD,REVIEW,NO_GOOD_TEMPLATE,rule_survivor_policy,,,,,True,0.4027438747397632,6cd2cc688639545a6b8e0d3e8ad0e371d7179fd858fd784d72f94515e240d240,nstxuE205054A01t037/N8/egn08w.2142E+02
nstxuE205054A01t037/N8/egn08w.2403E+02,good,nstxuE205054A01t037,8,4.901911528833746,tae_like,GOOD,NO_GOOD_TEMPLATE,GOOD,REVIEW,NO_GOOD_TEMPLATE,rule_survivor_policy,,,,,True,0.6313944569193872,24cd5fedb0ce53cf5e6483fe5284d0cf5fd6623906aa7ba4c4f232191113c25a,nstxuE205054A01t037/N8/egn08w.2403E+02
nstxuE205054A01t037/N8/egn08w.2788E+02,good,nstxuE205054A01t037,8,5.27976855584499,tae_like,GOOD,NO_GOOD_TEMPLATE,GOOD,REVIEW,NO_GOOD_TEMPLATE,rule_survivor_policy,,,,,True,0.8647805551206028,cb17d758783d5a0aef1c74296128397d7d52850825dfff16a6a19d67769b5ce0,nstxuE205054A01t037/N8/egn08w.2788E+02
nstxuE205054A01t037/N8/egn08w.3270E+02,good,nstxuE205054A01t037,8,5.718496543132277,tae_like,GOOD,NO_GOOD_TEMPLATE,GOOD,REVIEW,NO_GOOD_TEMPLATE,rule_survivor_policy,,,,,True,0.6222347809047418,dd9f0c8783cfce17814b8b1273aa9e4f17f79eaf9d5afae96641e6d229f28de5,nstxuE205054A01t037/N8/egn08w.3270E+02
nstxuE205054A01t037/N8/egn08w.3711E+02,good,nstxuE205054A01t037,8,6.091858680854308,tae_like,GOOD,NO_GOOD_TEMPLATE,GOOD,REVIEW,NO_GOOD_TEMPLATE,rule_survivor_policy,,,,,True,0.4571222120364393,e7f2060a1ae0424526662284613b79f29e6564e5f7fead2e787b3fd97a56d592,nstxuE205054A01t037/N8/egn08w.3711E+02
nstxuE205054A01t037/N10/egn10w.1359E+02,good,nstxuE205054A01t037,10,3.686113560725685,tae_like,GOOD,NO_GOOD_TEMPLATE,GOOD,REVIEW,NO_GOOD_TEMPLATE,rule_survivor_policy,,,,,True,0.35844143272150814,51678a34811637fdf18d766f735ed9acb83dcd5724097283d8257faafa4f91ef,nstxuE205054A01t037/N10/egn10w.1359E+02
nstxuE205054A01t037/N10/egn10w.1795E+02,good,nstxuE205054A01t037,10,4.236155007981266,tae_like,GOOD,NO_GOOD_TEMPLATE,GOOD,REVIEW,NO_GOOD_TEMPLATE,rule_survivor_policy,,,,,True,0.48316300201795714,1d3f1f6c927678d18e280c16840a456508643a4c36795c97dbaa7fe9baa501ca,nstxuE205054A01t037/N10/egn10w.1795E+02
nstxuE205054A01t037/N10/egn10w.1962E+02,good,nstxuE205054A01t037,10,4.429153218382484,tae_like,GOOD,NO_GOOD_TEMPLATE,GOOD,REVIEW,NO_GOOD_TEMPLATE,rule_survivor_policy,,,,,True,0.6169087176420985,e0d65f7a6c7cf4eb1fcb55f0f89748fe5accc310172eeaa3b2929218861671b0,nstxuE205054A01t037/N10/egn10w.1962E+02
nstxuE205054A01t037/N10/egn10w.2734E+02,good,nstxuE205054A01t037,10,5.228440026923096,tae_like,GOOD,NO_GOOD_TEMPLATE,GOOD,REVIEW,NO_GOOD_TEMPLATE,rule_survivor_policy,,,,,True,0.7998267201377344,291437f1f0407b5fe80312bd983534a04c5f92a41778fe5ea458fff562c196aa,nstxuE205054A01t037/N10/egn10w.2734E+02
nstxuE205054A01t037/N10/egn10w.3605E+02,good,nstxuE205054A01t037,10,6.004232847651381,tae_like,GOOD,NO_GOOD_TEMPLATE,GOOD,REVIEW,NO_GOOD_TEMPLATE,rule_survivor_policy,,,,,True,0.5416362407231464,4f864c92505cafad65a41634ba8271647ea3a353b1068511972806730aab78aa,nstxuE205054A01t037/N10/egn10w.3605E+02
nstxuE205054A01t037/N10/egn10w.4017E+02,good,nstxuE205054A01t037,10,6.338050005978927,tae_like,GOOD,NO_GOOD_TEMPLATE,GOOD,REVIEW,NO_GOOD_TEMPLATE,rule_survivor_policy,,,,,True,0.4962410274211162,93deaa4ee3ee7bc411611aa5e9da78cea66bbb1488ac1f741edba378b0bf0d54,nstxuE205054A01t037/N10/egn10w.4017E+02
nstxuE205054A01t037/N10/egn10w.4486E+02,good,nstxuE205054A01t037,10,6.697609028159151,tae_like,GOOD,NO_GOOD_TEMPLATE,GOOD,REVIEW,NO_GOOD_TEMPLATE,rule_survivor_policy,,,,,True,0.4568982891446844,48673c560ef68c559f81ae1813265705be7903b67ed7499061449ce81f4adf62,nstxuE205054A01t037/N10/egn10w.4486E+02
nstxuE205055A01t022/N3/egn03w.7740E+01,good,nstxuE205055A01t022,3,2.782047767755321,tae_like,GOOD,NO_GOOD_TEMPLATE,GOOD,REVIEW,NO_GOOD_TEMPLATE,rule_survivor_policy,,,,,True,0.17111640056227168,391f0655bb65f63ad609b370e55afac1c62aecb2bab5733c3bd24d6b892e39b3,nstxuE205055A01t022/N3/egn03w.7740E+01
nstxuE205055A01t022/N3/egn03w.8853E+01,good,nstxuE205055A01t022,3,2.975436980705743,tae_like,GOOD,NO_GOOD_TEMPLATE,GOOD,REVIEW,NO_GOOD_TEMPLATE,rule_survivor_policy,,,,,True,0.2072264448644009,3f4f4f599d931505b7f4081d0a8d21f24bf3ccaed9040142672c67f6320c1f18,nstxuE205055A01t022/N3/egn03w.8853E+01
nstxuE205055A01t022/N3/egn03w.1016E+02,good,nstxuE205055A01t022,3,3.1879583165085537,tae_like,GOOD,NO_GOOD_TEMPLATE,GOOD,REVIEW,NO_GOOD_TEMPLATE,rule_survivor_policy,,,,,True,0.41370812421510245,ce4188fa650c0904fe1bab8743e516f8d586a3174f7306af17f5fcfc1f4f22ff,nstxuE205055A01t022/N3/egn03w.1016E+02
nstxuE205055A01t022/N4/egn04w.7469E+01,good,nstxuE205055A01t022,4,2.732998713789007,tae_like,GOOD,NO_GOOD_TEMPLATE,GOOD,REVIEW,NO_GOOD_TEMPLATE,rule_survivor_policy,,,,,True,0.42710471287163376,893946f772c8c4b8ee087f69e9ea1c698fae82be682d1472570009f046f23a7b,nstxuE205055A01t022/N4/egn04w.7469E+01
nstxuE205055A01t022/N4/egn04w.8011E+01,good,nstxuE205055A01t022,4,2.83032409412704,tae_like,GOOD,NO_GOOD_TEMPLATE,GOOD,REVIEW,NO_GOOD_TEMPLATE,rule_survivor_policy,,,,,True,0.15320438064062813,463f187d08dd4c832a57a7f72f7102d7a62ede94cee509d89302821c2f599b08,nstxuE205055A01t022/N4/egn04w.8011E+01
nstxuE205055A01t022/N4/egn04w.9048E+01,good,nstxuE205055A01t022,4,3.007980493428885,tae_like,GOOD,NO_GOOD_TEMPLATE,GOOD,REVIEW,NO_GOOD_TEMPLATE,rule_survivor_policy,,,,,True,0.5667233995970873,d214bb3024af677624c5735022df5ffe9c34849ec96ca794b8284f900d88c06a,nstxuE205055A01t022/N4/egn04w.9048E+01
nstxuE205055A01t022/N4/egn04w.9190E+01,good,nstxuE205055A01t022,4,3.0314649103143365,tae_like,GOOD,NO_GOOD_TEMPLATE,GOOD,REVIEW,NO_GOOD_TEMPLATE,rule_survivor_policy,,,,,True,0.11949272907768603,59d09ddc112da5ff83f5b0281028e361c4ca8065071d3bb92fc818dc833fb635,nstxuE205055A01t022/N4/egn04w.9190E+01
nstxuE205055A01t022/N4/egn04w.1363E+02,good,nstxuE205055A01t022,4,3.6923689699429234,tae_like,GOOD,NO_GOOD_TEMPLATE,GOOD,REVIEW,NO_GOOD_TEMPLATE,rule_survivor_policy,,,,,True,0.4615694307848786,d76236461e8817654022ed9dc212cf7a55578f1daf46bad39f87d789f4e619b6,nstxuE205055A01t022/N4/egn04w.1363E+02
nstxuE205055A01t022/N5/egn05w.1214E+02,good,nstxuE205055A01t022,5,3.4837192562095938,tae_like,GOOD,NO_GOOD_TEMPLATE,GOOD,REVIEW,NO_GOOD_TEMPLATE,rule_survivor_policy,,,,,True,0.5476067995017466,c8c6463f454e391b036568f70986e79661255bccc81140c871f46eb854683fce,nstxuE205055A01t022/N5/egn05w.1214E+02
nstxuE205055A01t022/N5/egn05w.1335E+02,good,nstxuE205055A01t022,5,3.6535506511060394,tae_like,GOOD,NO_GOOD_TEMPLATE,GOOD,REVIEW,NO_GOOD_TEMPLATE,rule_survivor_policy,,,,,True,0.4517939468820256,ea591b5988766ddd2d8ad52754f636e49b509d4d1a8c999d50a0d1a052a5c896,nstxuE205055A01t022/N5/egn05w.1335E+02
nstxuE205055A01t022/N5/egn05w.1410E+02,good,nstxuE205055A01t022,5,3.754336171743351,tae_like,GOOD,NO_GOOD_TEMPLATE,GOOD,REVIEW,NO_GOOD_TEMPLATE,rule_survivor_policy,,,,,True,0.4870373273064022,f80c453a4657757963d1d156f16339fc2b23401fa2516c27e99a6b8768e9719c,nstxuE205055A01t022/N5/egn05w.1410E+02
nstxuE205055A01t022/N6/egn06w.7160E+01,good,nstxuE205055A01t022,6,2.6757445433037392,tae_like,GOOD,NO_GOOD_TEMPLATE,GOOD,REVIEW,NO_GOOD_TEMPLATE,rule_survivor_policy,,,,,True,0.5626548803819806,d2fa067118e7c4f562baac9e70e1c0c86995e91456fc5846323a643f37e2e4b6,nstxuE205055A01t022/N6/egn06w.7160E+01
nstxuE205055A01t022/N6/egn06w.7267E+01,good,nstxuE205055A01t022,6,2.6957478433697935,tae_like,GOOD,NO_GOOD_TEMPLATE,GOOD,REVIEW,NO_GOOD_TEMPLATE,rule_survivor_policy,,,,,True,0.28605473243432916,a6acca958ce2512bad4aff64ccf76c72ecb1af6332612cc37e18a370f51de97c,nstxuE205055A01t022/N6/egn06w.7267E+01
nstxuE205055A01t022/N6/egn06w.7391E+01,good,nstxuE205055A01t022,6,2.7186020641844872,tae_like,GOOD,NO_GOOD_TEMPLATE,GOOD,REVIEW,NO_GOOD_TEMPLATE,rule_survivor_policy,,,,,True,0.6574322283588546,3d21901d86ea4d62e8cf35a29ed331e87eafca67d278c7db314abe47cac616d1,nstxuE205055A01t022/N6/egn06w.7391E+01
nstxuE205055A01t022/N6/egn06w.7488E+01,good,nstxuE205055A01t022,6,2.7364663055266902,tae_like,GOOD,NO_GOOD_TEMPLATE,GOOD,REVIEW,NO_GOOD_TEMPLATE,rule_survivor_policy,,,,,True,0.2590128004492442,e8f32b59670b8bf0c296b8c2ac7141b2998ae83bbc9be652a6b5d4bd2a346792,nstxuE205055A01t022/N6/egn06w.7488E+01
nstxuE205055A01t022/N6/egn06w.7954E+01,good,nstxuE205055A01t022,6,2.8202501952222803,tae_like,GOOD,NO_GOOD_TEMPLATE,GOOD,REVIEW,NO_GOOD_TEMPLATE,rule_survivor_policy,,,,,True,0.525318921586318,bf4c7e06cd19244be5dc6e0c43ae44486a441108296ce0abab897c8a71fb92b8,nstxuE205055A01t022/N6/egn06w.7954E+01
nstxuE205055A01t022/N6/egn06w.8505E+01,good,nstxuE205055A01t022,6,2.916377991275037,tae_like,GOOD,NO_GOOD_TEMPLATE,GOOD,REVIEW,NO_GOOD_TEMPLATE,rule_survivor_policy,,,,,True,0.3629330269892953,41f3bb7b9c9319a931ed72b54ad67dd5af1ef3670a43848a13f4328f91167642,nstxuE205055A01t022/N6/egn06w.8505E+01
nstxuE205055A01t022/N6/egn06w.9207E+01,good,nstxuE205055A01t022,6,3.0343797428007817,tae_like,GOOD,NO_GOOD_TEMPLATE,GOOD,REVIEW,NO_GOOD_TEMPLATE,rule_survivor_policy,,,,,True,0.7167802767702879,2bd403f266cda7df936bc595ff0b6625f013c8ffeec73e08e10f8f14e8cbd207,nstxuE205055A01t022/N6/egn06w.9207E+01
nstxuE205055A01t022/N6/egn06w.9501E+01,good,nstxuE205055A01t022,6,3.082380840981316,tae_like,GOOD,NO_GOOD_TEMPLATE,GOOD,REVIEW,NO_GOOD_TEMPLATE,rule_survivor_policy,,,,,True,0.07247025146447632,fc5e7db7fce89a01771f5853689e7cfad34dbc9478313813e226004788047e85,nstxuE205055A01t022/N6/egn06w.9501E+01
nstxuE205055A01t022/N6/egn06w.9880E+01,good,nstxuE205055A01t022,6,3.1431900692891017,tae_like,GOOD,NO_GOOD_TEMPLATE,GOOD,REVIEW,NO_GOOD_TEMPLATE,rule_survivor_policy,,,,,True,0.725235720754824,0470d5638abc03c0fde0f9e2e2de3f1fd67a3be8bb63889d2262400714efdd0a,nstxuE205055A01t022/N6/egn06w.9880E+01
nstxuE205055A01t022/N7/egn07w.6879E+01,good,nstxuE205055A01t022,7,2.6228291266239783,tae_like,GOOD,NO_GOOD_TEMPLATE,GOOD,REVIEW,NO_GOOD_TEMPLATE,rule_survivor_policy,,,,,True,0.5235976586549416,c9419b96cd42fdb2a6908710c832be3e022c81cd91c56d1933814d29ad70d855,nstxuE205055A01t022/N7/egn07w.6879E+01
nstxuE205055A01t022/N7/egn07w.6917E+01,good,nstxuE205055A01t022,7,2.63005026014488,tae_like,GOOD,NO_GOOD_TEMPLATE,GOOD,REVIEW,NO_GOOD_TEMPLATE,rule_survivor_policy,,,,,True,0.5857976767261325,f3be3c5ca3cfb934bfee613b3f4f27bbb7d3e9ef24b64f6059dfe8cfd8f87eb0,nstxuE205055A01t022/N7/egn07w.6917E+01
nstxuE205055A01t022/N7/egn07w.7115E+01,good,nstxuE205055A01t022,7,2.667414135493449,tae_like,GOOD,NO_GOOD_TEMPLATE,GOOD,REVIEW,NO_GOOD_TEMPLATE,rule_survivor_policy,,,,,True,0.39398347448279686,41d08a20ac172ec57408abd065e0bfd53fcd48187b846a2d9bf2225a9ef696a5,nstxuE205055A01t022/N7/egn07w.7115E+01
nstxuE205055A01t022/N7/egn07w.7363E+01,good,nstxuE205055A01t022,7,2.7134073905222538,tae_like,GOOD,NO_GOOD_TEMPLATE,GOOD,REVIEW,NO_GOOD_TEMPLATE,rule_survivor_policy,,,,,True,0.4678708043192609,83fc6ccae394cd4abd5c868677d435cbadf3bd7a456651f9e12fd232f8fbd7db,nstxuE205055A01t022/N7/egn07w.7363E+01
nstxuE205055A01t022/N7/egn07w.7676E+01,good,nstxuE205055A01t022,7,2.7705557443230253,tae_like,GOOD,NO_GOOD_TEMPLATE,GOOD,REVIEW,NO_GOOD_TEMPLATE,rule_survivor_policy,,,,,True,0.27838121234030255,3fcb65d4d12fc3d061896f83abcaeb3cd99614505507d03a931fd434027c1640,nstxuE205055A01t022/N7/egn07w.7676E+01
nstxuE205055A01t022/N7/egn07w.7955E+01,good,nstxuE205055A01t022,7,2.8205235514777725,tae_like,GOOD,NO_GOOD_TEMPLATE,GOOD,REVIEW,NO_GOOD_TEMPLATE,rule_survivor_policy,,,,,True,0.8153438296543911,71313243746a6a5e6a88a4358735d3d50ca4b349adbcdf75ea42ae70ba5de171,nstxuE205055A01t022/N7/egn07w.7955E+01
nstxuE205055A01t022/N7/egn07w.8083E+01,good,nstxuE205055A01t022,7,2.842989433428397,tae_like,GOOD,NO_GOOD_TEMPLATE,GOOD,REVIEW,NO_GOOD_TEMPLATE,rule_survivor_policy,,,,,True,0.2339868786916494,9bf985b97f9200e5c3e58e8c9df8e109ea41fbd74d5ee3d22aaeed3b36288d10,nstxuE205055A01t022/N7/egn07w.8083E+01
nstxuE205055A01t022/N7/egn07w.8561E+01,good,nstxuE205055A01t022,7,2.9259716566793306,tae_like,GOOD,NO_GOOD_TEMPLATE,GOOD,REVIEW,NO_GOOD_TEMPLATE,rule_survivor_policy,,,,,True,0.5267512666547406,c9b02be671a8eed1344986ce0bb5b2f300ca77980fc98e1ae6e21de904ec3c97,nstxuE205055A01t022/N7/egn07w.8561E+01
nstxuE205055A01t022/N7/egn07w.8715E+01,good,nstxuE205055A01t022,7,2.952120582460709,tae_like,GOOD,NO_GOOD_TEMPLATE,GOOD,REVIEW,NO_GOOD_TEMPLATE,rule_survivor_policy,,,,,True,0.17663640337353892,32715d27be85ee348e6ec9e0d0dcbcee1576aa0abfdf5f7c6ae18ac73e367299,nstxuE205055A01t022/N7/egn07w.8715E+01
nstxuE205055A01t022/N7/egn07w.9057E+01,good,nstxuE205055A01t022,7,3.009466714457501,tae_like,GOOD,NO_GOOD_TEMPLATE,GOOD,REVIEW,NO_GOOD_TEMPLATE,rule_survivor_policy,,,,,True,0.5539287491759236,793bb932ffcaf6895694337a198262717f26d16bb9d7aa5fc79ad5674760ae9a,nstxuE205055A01t022/N7/egn07w.9057E+01
nstxuE205055A01t022/N7/egn07w.9644E+01,good,nstxuE205055A01t022,7,3.1054060890318436,tae_like,GOOD,NO_GOOD_TEMPLATE,GOOD,REVIEW,NO_GOOD_TEMPLATE,rule_survivor_policy,,,,,True,0.07881239750239813,55015bf69b4d2b26981930f3f2c66130600acf0eb1dcbc2ecf4f48a374ffd639,nstxuE205055A01t022/N7/egn07w.9644E+01
nstxuE205055A01t022/N7/egn07w.9840E+01,good,nstxuE205055A01t022,7,3.1368594865442034,tae_like,GOOD,NO_GOOD_TEMPLATE,GOOD,REVIEW,NO_GOOD_TEMPLATE,rule_survivor_policy,,,,,True,0.504039983221736,e519a063ae4808bb1212b30a42b279ca184e39755ed08838391800e49882db09,nstxuE205055A01t022/N7/egn07w.9840E+01
nstxuE205055A01t022/N7/egn07w.1032E+02,good,nstxuE205055A01t022,7,3.2123031215270403,tae_like,GOOD,NO_GOOD_TEMPLATE,GOOD,REVIEW,NO_GOOD_TEMPLATE,rule_survivor_policy,,,,,True,0.5604016587235725,32578d96ea5c2e9bd875a32a6e0422327cd08985a1716b8974c66468c18a0944,nstxuE205055A01t022/N7/egn07w.1032E+02
nstxuE205055A01t022/N7/egn07w.1150E+02,good,nstxuE205055A01t022,7,3.390610599047758,tae_like,GOOD,NO_GOOD_TEMPLATE,GOOD,REVIEW,NO_GOOD_TEMPLATE,rule_survivor_policy,,,,,True,0.765822921150739,f09d47ebc735412a0217a976a541bd554aea5ecbf9b02a9ca4f79902b5a1d06e,nstxuE205055A01t022/N7/egn07w.1150E+02
nstxuE205055A01t022/N7/egn07w.1343E+02,good,nstxuE205055A01t022,7,3.665159382304863,tae_like,GOOD,NO_GOOD_TEMPLATE,GOOD,REVIEW,NO_GOOD_TEMPLATE,rule_survivor_policy,,,,,True,0.5298661710037201,25ebe54c8bd999b8cdeab54552e3c0b210ffeacf3cad5939da50d4d7cd702309,nstxuE205055A01t022/N7/egn07w.1343E+02
nstxuE205055A01t022/N7/egn07w.1429E+02,good,nstxuE205055A01t022,7,3.7802174808207307,tae_like,GOOD,NO_GOOD_TEMPLATE,GOOD,REVIEW,NO_GOOD_TEMPLATE,rule_survivor_policy,,,,,True,0.5487023668730545,ba80d0cada832c064d03c8620440d8b9f5ddf8db41932c7c80ec39610f8dcad9,nstxuE205055A01t022/N7/egn07w.1429E+02
nstxuE205055A01t022/N7/egn07w.1536E+02,good,nstxuE205055A01t022,7,3.9193864640953953,tae_like,GOOD,NO_GOOD_TEMPLATE,GOOD,REVIEW,NO_GOOD_TEMPLATE,rule_survivor_policy,,,,,True,0.5085247036597225,af33f2b63346cdae22387be8d6793872fd366b41f447867ef0093a6c7cae4a92,nstxuE205055A01t022/N7/egn07w.1536E+02
nstxuE205055A01t022/N8/egn08w.7907E+01,good,nstxuE205055A01t022,8,2.811886354839557,tae_like,GOOD,NO_GOOD_TEMPLATE,GOOD,REVIEW,NO_GOOD_TEMPLATE,rule_survivor_policy,,,,,True,0.3198761760043325,7d5b7e2f75ccfd5cb88a8b3dc41b0b657157d77a20e9a68665894a4c02da5f95,nstxuE205055A01t022/N8/egn08w.7907E+01
nstxuE205055A01t022/N8/egn08w.8381E+01,good,nstxuE205055A01t022,8,2.8950455175212246,tae_like,GOOD,NO_GOOD_TEMPLATE,GOOD,REVIEW,NO_GOOD_TEMPLATE,rule_survivor_policy,,,,,True,0.5275367010114593,cd85705a937da101e08143f974018615705757892152cc7806ccef152de4516f,nstxuE205055A01t022/N8/egn08w.8381E+01
nstxuE205055A01t022/N8/egn08w.8893E+01,good,nstxuE205055A01t022,8,2.9821662741499892,tae_like,GOOD,NO_GOOD_TEMPLATE,GOOD,REVIEW,NO_GOOD_TEMPLATE,rule_survivor_policy,,,,,True,0.18676491831386113,069d9e2abb7d3915077aacc24fbd036597d22fae07be1634fc5d870fdb417d7d,nstxuE205055A01t022/N8/egn08w.8893E+01
nstxuE205055A01t022/N8/egn08w.9035E+01,good,nstxuE205055A01t022,8,3.00576260889308,tae_like,GOOD,NO_GOOD_TEMPLATE,GOOD,REVIEW,NO_GOOD_TEMPLATE,rule_survivor_policy,,,,,True,0.5760843670424532,c5941230f83200f56f8b247ffd18422f2c14400a7192a65217afa68805d669b5,nstxuE205055A01t022/N8/egn08w.9035E+01
nstxuE205055A01t022/N8/egn08w.1244E+02,good,nstxuE205055A01t022,8,3.5271091668440775,tae_like,GOOD,NO_GOOD_TEMPLATE,GOOD,REVIEW,NO_GOOD_TEMPLATE,rule_survivor_policy,,,,,True,0.5152690062032116,a15efd8077533deec90a3aff86117b561a19c3a35053bf3729d6a2c218f1d30c,nstxuE205055A01t022/N8/egn08w.1244E+02
nstxuE205055A01t022/N8/egn08w.1438E+02,good,nstxuE205055A01t022,8,3.7922313627838657,tae_like,GOOD,NO_GOOD_TEMPLATE,GOOD,REVIEW,NO_GOOD_TEMPLATE,rule_survivor_policy,,,,,True,0.5353717728328047,c517f79806aa81d0ba90a3f7856dc6920c3fd6bc216bb7250d8c87560c1e6736,nstxuE205055A01t022/N8/egn08w.1438E+02
nstxuE205055A01t022/N9/egn09w.7674E+01,good,nstxuE205055A01t022,9,2.770129026451798,tae_like,GOOD,NO_GOOD_TEMPLATE,GOOD,REVIEW,NO_GOOD_TEMPLATE,rule_survivor_policy,,,,,True,0.3224769183332893,4e0bdd7d317ffabaaf09529c4a554088fff99da79a81b4f1726d694c323f90c4,nstxuE205055A01t022/N9/egn09w.7674E+01
nstxuE205055A01t022/N9/egn09w.7788E+01,good,nstxuE205055A01t022,9,2.7906575998567353,tae_like,GOOD,NO_GOOD_TEMPLATE,GOOD,REVIEW,NO_GOOD_TEMPLATE,rule_survivor_policy,,,,,True,0.6508025074538081,d2739b3f64a34c2a2f1ace41da0cb3987b02532f1bc60e54673e2c3d3fd85329,nstxuE205055A01t022/N9/egn09w.7788E+01
nstxuE205055A01t022/N9/egn09w.7971E+01,good,nstxuE205055A01t022,9,2.823264760939334,tae_like,GOOD,NO_GOOD_TEMPLATE,GOOD,REVIEW,NO_GOOD_TEMPLATE,rule_survivor_policy,,,,,True,0.28931385182780256,d53f0eca4abdd6a1dd48b40881a3fefdc9ff020cf5468ce3d73f5845de974946,nstxuE205055A01t022/N9/egn09w.7971E+01
nstxuE205055A01t022/N9/egn09w.8319E+01,good,nstxuE205055A01t022,9,2.8842532904697404,tae_like,GOOD,NO_GOOD_TEMPLATE,GOOD,REVIEW,NO_GOOD_TEMPLATE,rule_survivor_policy,,,,,True,0.5001084899506624,b1acbdaea6e136b64e0d503e109839c790fb5d56bc54e08ad9acffdcc6ddc4ac,nstxuE205055A01t022/N9/egn09w.8319E+01
nstxuE205055A01t022/N9/egn09w.8390E+01,good,nstxuE205055A01t022,9,2.8966029935319337,tae_like,GOOD,NO_GOOD_TEMPLATE,GOOD,REVIEW,NO_GOOD_TEMPLATE,rule_survivor_policy,,,,,True,0.24749876712569488,a13cb1094492dc09b0ad35950655e383e8968ec55d9cb325ccfff8ccac477d25,nstxuE205055A01t022/N9/egn09w.8390E+01
nstxuE205055A01t022/N9/egn09w.8863E+01,good,nstxuE205055A01t022,9,2.9771293622060173,tae_like,GOOD,NO_GOOD_TEMPLATE,GOOD,REVIEW,NO_GOOD_TEMPLATE,rule_survivor_policy,,,,,True,0.6432123949572881,14592d6675adaea1c39a462e21d3150585748f0516b51d9f6b82c75abf8dcbed,nstxuE205055A01t022/N9/egn09w.8863E+01
nstxuE205055A01t022/N9/egn09w.8982E+01,good,nstxuE205055A01t022,9,2.9970633070195376,tae_like,GOOD,NO_GOOD_TEMPLATE,GOOD,REVIEW,NO_GOOD_TEMPLATE,rule_survivor_policy,,,,,True,0.19005103594508352,cde724b3e24ed6d015f52541d275c6353f107a3632eb3d20a009488331436863,nstxuE205055A01t022/N9/egn09w.8982E+01
nstxuE205055A01t022/N9/egn09w.1000E+02,good,nstxuE205055A01t022,9,3.1627071292945836,tae_like,GOOD,NO_GOOD_TEMPLATE,GOOD,REVIEW,NO_GOOD_TEMPLATE,rule_survivor_policy,,,,,True,0.5389006966209485,a02f2ef65d985f6515e54b5c1e661b915729c6bd78c0a5483c8d28bf96ef962e,nstxuE205055A01t022/N9/egn09w.1000E+02
nstxuE205055A01t022/N9/egn09w.1348E+02,good,nstxuE205055A01t022,9,3.6711424941250987,tae_like,GOOD,NO_GOOD_TEMPLATE,GOOD,REVIEW,NO_GOOD_TEMPLATE,rule_survivor_policy,,,,,True,0.5240145160021945,54cf093f27a5f3b2e36abd1c8e449458782ddb4d504cf9667e2153f18a3444c1,nstxuE205055A01t022/N9/egn09w.1348E+02
nstxuE205055A01t022/N9/egn09w.1543E+02,good,nstxuE205055A01t022,9,3.9286927660901334,tae_like,GOOD,NO_GOOD_TEMPLATE,GOOD,REVIEW,NO_GOOD_TEMPLATE,rule_survivor_policy,,,,,True,0.581501962624123,3a68aefcab43a7181e47d39d61b493535c4b55d790082a86b8d693838b6de8ea,nstxuE205055A01t022/N9/egn09w.1543E+02
nstxuE205055A01t022/N9/egn09w.1651E+02,good,nstxuE205055A01t022,9,4.062848542740673,tae_like,GOOD,NO_GOOD_TEMPLATE,GOOD,REVIEW,NO_GOOD_TEMPLATE,rule_survivor_policy,,,,,True,0.5655550208974827,c38f6ef6548a0d4364e465372a5e87129d680215072fda56ea9843662445d770,nstxuE205055A01t022/N9/egn09w.1651E+02
nstxuE205055A01t022/N10/egn10w.6886E+01,good,nstxuE205055A01t022,10,2.6240585130232392,tae_like,GOOD,NO_GOOD_TEMPLATE,GOOD,REVIEW,NO_GOOD_TEMPLATE,rule_survivor_policy,,,,,True,0.6674001035386291,0ac7d27aff5f8719894cf51c1abeae846ae47723232f70987543dd69a71bff0c,nstxuE205055A01t022/N10/egn10w.6886E+01
nstxuE205055A01t022/N10/egn10w.7148E+01,good,nstxuE205055A01t022,10,2.6734865484672867,tae_like,GOOD,NO_GOOD_TEMPLATE,GOOD,REVIEW,NO_GOOD_TEMPLATE,rule_survivor_policy,,,,,True,0.4734389369237792,44428ee815e6277d233749afee8c0a906e29ba2e49ee661b69837c4e3c0db515,nstxuE205055A01t022/N10/egn10w.7148E+01
nstxuE205055A01t022/N10/egn10w.7561E+01,good,nstxuE205055A01t022,10,2.7497743066776352,tae_like,GOOD,NO_GOOD_TEMPLATE,GOOD,REVIEW,NO_GOOD_TEMPLATE,rule_survivor_policy,,,,,True,0.3788660664306081,7cf2561633ce9920219a42c55eed8f3e061f3bb6d5fd15d4f022e0a9c30c71d2,nstxuE205055A01t022/N10/egn10w.7561E+01
nstxuE205055A01t022/N10/egn10w.7619E+01,good,nstxuE205055A01t022,10,2.7602032046727145,tae_like,GOOD,NO_GOOD_TEMPLATE,GOOD,REVIEW,NO_GOOD_TEMPLATE,rule_survivor_policy,,,,,True,0.5803823547028697,22bf5a809c71269b47303261e1355c7370b6d4a7bac2379b1e43d0437771b62c,nstxuE205055A01t022/N10/egn10w.7619E+01
nstxuE205055A01t022/N10/egn10w.7798E+01,good,nstxuE205055A01t022,10,2.7924113528725156,tae_like,GOOD,NO_GOOD_TEMPLATE,GOOD,REVIEW,NO_GOOD_TEMPLATE,rule_survivor_policy,,,,,True,0.5137027047015608,f73f6d48494cb34698a96d49fca5097cd0de3552202b61cbf39b776d401b72f1,nstxuE205055A01t022/N10/egn10w.7798E+01
nstxuE205055A01t022/N10/egn10w.8007E+01,good,nstxuE205055A01t022,10,2.8296066924074625,tae_like,GOOD,NO_GOOD_TEMPLATE,GOOD,REVIEW,NO_GOOD_TEMPLATE,rule_survivor_policy,,,,,True,0.5655424567840507,65eeb73355d1035ac8584afa983faee786c2c2e35f74d78a64662c20fa608b28,nstxuE205055A01t022/N10/egn10w.8007E+01
nstxuE205055A01t022/N10/egn10w.8111E+01,good,nstxuE205055A01t022,10,2.8479703176295015,tae_like,GOOD,NO_GOOD_TEMPLATE,GOOD,REVIEW,NO_GOOD_TEMPLATE,rule_survivor_policy,,,,,True,0.3035591736601508,5081b0796768f2e1647042b264da614267df8e9f47c80edf4f7b9cf929e9adb5,nstxuE205055A01t022/N10/egn10w.8111E+01
nstxuE205055A01t022/N10/egn10w.9658E+01,good,nstxuE205055A01t022,10,3.107672768649649,tae_like,GOOD,NO_GOOD_TEMPLATE,GOOD,REVIEW,NO_GOOD_TEMPLATE,rule_survivor_policy,,,,,True,0.5793927008863964,2651c292a46ddc9828d3caaba2bcb65b687f032afcbbbf2dd09e1dcd626def16,nstxuE205055A01t022/N10/egn10w.9658E+01
nstxuE205055A01t022/N10/egn10w.9834E+01,good,nstxuE205055A01t022,10,3.1358680261034833,tae_like,GOOD,NO_GOOD_TEMPLATE,GOOD,REVIEW,NO_GOOD_TEMPLATE,rule_survivor_policy,,,,,True,0.12462334492301858,f40267d522aeb8caea43ff5ac49a2b6682d1baa3a80bc76f90d9e7a09a65a218,nstxuE205055A01t022/N10/egn10w.9834E+01
nstxuE205055A01t022/N10/egn10w.1015E+02,good,nstxuE205055A01t022,10,3.18518403027885,tae_like,GOOD,NO_GOOD_TEMPLATE,GOOD,REVIEW,NO_GOOD_TEMPLATE,rule_survivor_policy,,,,,True,0.5534999160169084,f3fdf519bcabbf7a3d126c092560856268a9acc56f6e23f90c4097635c203cac,nstxuE205055A01t022/N10/egn10w.1015E+02
nstxuE205055A01t022/N10/egn10w.1285E+02,good,nstxuE205055A01t022,10,3.5845946738998693,tae_like,GOOD,NO_GOOD_TEMPLATE,GOOD,REVIEW,NO_GOOD_TEMPLATE,rule_survivor_policy,,,,,True,0.5093084657229527,260d63ee0d34298bd81f0667993c66cdb9932dbade9f67ef55acee59dc7a5c8e,nstxuE205055A01t022/N10/egn10w.1285E+02
nstxuE205055A01t022/N10/egn10w.1545E+02,good,nstxuE205055A01t022,10,3.93097503954339,tae_like,GOOD,NO_GOOD_TEMPLATE,GOOD,REVIEW,NO_GOOD_TEMPLATE,rule_survivor_policy,,,,,True,0.6903854414467582,60d90624b4f8fd20f5ef0c74b174cf5efdb272f6e86273b0a0938336cd506973,nstxuE205055A01t022/N10/egn10w.1545E+02
nstxuE205057A01t020/N4/egn04w.6876E+01,good,nstxuE205057A01t020,4,2.6221578637954788,tae_like,GOOD,NO_GOOD_TEMPLATE,GOOD,REVIEW,NO_GOOD_TEMPLATE,rule_survivor_policy,,,,,True,0.4490489465345397,a566acba0f7b831d2680f62120002a66dbedb873067da42e39e25de88d0209b7,nstxuE205057A01t020/N4/egn04w.6876E+01
nstxuE205057A01t020/N4/egn04w.8295E+01,good,nstxuE205057A01t020,4,2.8800669558588843,tae_like,GOOD,NO_GOOD_TEMPLATE,GOOD,REVIEW,NO_GOOD_TEMPLATE,rule_survivor_policy,,,,,True,0.48667838622973175,e64d216e8a2d1143cc9107bb164b246283dacb64e888bfdbbaf01ac0c9a6370d,nstxuE205057A01t020/N4/egn04w.8295E+01
nstxuE205057A01t020/N4/egn04w.8440E+01,good,nstxuE205057A01t020,4,2.9051962046761095,tae_like,GOOD,NO_GOOD_TEMPLATE,GOOD,REVIEW,NO_GOOD_TEMPLATE,rule_survivor_policy,,,,,True,0.552055692920911,9cb0bbbe865443aef3c80f8e3510a765387a0742c5e73cd04309431edef98d42,nstxuE205057A01t020/N4/egn04w.8440E+01
nstxuE205057A01t020/N4/egn04w.9259E+01,good,nstxuE205057A01t020,4,3.0428245681925294,tae_like,GOOD,NO_GOOD_TEMPLATE,GOOD,REVIEW,NO_GOOD_TEMPLATE,rule_survivor_policy,,,,,True,0.7678842930335248,267d4fa45df2d6da42d31d31ae6c4bfbc185cf4af33ecc4a2976a5a487787ff6,nstxuE205057A01t020/N4/egn04w.9259E+01
nstxuE205057A01t020/N5/egn05w.8554E+01,good,nstxuE205057A01t020,5,2.9246451124396446,tae_like,GOOD,NO_GOOD_TEMPLATE,GOOD,REVIEW,NO_GOOD_TEMPLATE,rule_survivor_policy,,,,,True,0.6378820018432336,90519a143ad980b9fb6a56ec90fbf49db08f4e2878a13a7498a5be2ff6c3b53c,nstxuE205057A01t020/N5/egn05w.8554E+01
nstxuE205057A01t020/N5/egn05w.9426E+01,good,nstxuE205057A01t020,5,3.0701004136940653,tae_like,GOOD,NO_GOOD_TEMPLATE,GOOD,REVIEW,NO_GOOD_TEMPLATE,rule_survivor_policy,,,,,True,0.7856188192736182,9ad0a864f89446f2cb0cca5c92364faeec2935d74209a14a9c476bb7ae3a08ca,nstxuE205057A01t020/N5/egn05w.9426E+01
nstxuE205057A01t020/N5/egn05w.1131E+02,good,nstxuE205057A01t020,5,3.3629387461996374,tae_like,GOOD,NO_GOOD_TEMPLATE,GOOD,REVIEW,NO_GOOD_TEMPLATE,rule_survivor_policy,,,,,True,0.8970451925231451,5010c3649d6c227b11a87b693b54280ced93ba93c17323cebdc179a1d9e4a553,nstxuE205057A01t020/N5/egn05w.1131E+02
nstxuE205057A01t020/N6/egn06w.7003E+01,good,nstxuE205057A01t020,6,2.646386000004484,tae_like,GOOD,NO_GOOD_TEMPLATE,GOOD,REVIEW,NO_GOOD_TEMPLATE,rule_survivor_policy,,,,,True,0.49487123336533556,fe73a0de878caf09f87d84ee706fd1f4c72c6d85eae73b92bb65e15a9bddf82d,nstxuE205057A01t020/N6/egn06w.7003E+01
nstxuE205057A01t020/N6/egn06w.8081E+01,good,nstxuE205057A01t020,6,2.8427091971866787,tae_like,GOOD,NO_GOOD_TEMPLATE,GOOD,REVIEW,NO_GOOD_TEMPLATE,rule_survivor_policy,,,,,True,0.4985223139660927,b392f8dc317d2d421ee8ec5c4736b9aa872549291c02535f86a84a4cb06b7aeb,nstxuE205057A01t020/N6/egn06w.8081E+01
nstxuE205057A01t020/N6/egn06w.9006E+01,good,nstxuE205057A01t020,6,3.0010179365388048,tae_like,GOOD,NO_GOOD_TEMPLATE,GOOD,REVIEW,NO_GOOD_TEMPLATE,rule_survivor_policy,,,,,True,0.6264207020455258,422aaf44f41c3f8946b239d4329a06f51ca8aeffa100f66313dabc4f2b9271b9,nstxuE205057A01t020/N6/egn06w.9006E+01
nstxuE205057A01t020/N6/egn06w.9899E+01,good,nstxuE205057A01t020,6,3.1462627782136003,tae_like,GOOD,NO_GOOD_TEMPLATE,GOOD,REVIEW,NO_GOOD_TEMPLATE,rule_survivor_policy,,,,,True,0.5521955718588951,8a7cb76e1bf4badd47e200e19598b780937cc8767057da93cbe444a3e0646397,nstxuE205057A01t020/N6/egn06w.9899E+01
nstxuE205057A01t020/N6/egn06w.1182E+02,good,nstxuE205057A01t020,6,3.4379548891603147,tae_like,GOOD,NO_GOOD_TEMPLATE,GOOD,REVIEW,NO_GOOD_TEMPLATE,rule_survivor_policy,,,,,True,0.5231166777204581,882956b0bf81b42304301a76ab76559a7fd944d3a4ebfed47682ba796615eede,nstxuE205057A01t020/N6/egn06w.1182E+02
nstxuE205057A01t020/N6/egn06w.1430E+02,good,nstxuE205057A01t020,6,3.7809244368328065,tae_like,GOOD,NO_GOOD_TEMPLATE,GOOD,REVIEW,NO_GOOD_TEMPLATE,rule_survivor_policy,,,,,True,0.5698547052597176,43e5b64f786f14721f386b1d99deda0e33f0a3035f016f07c0e4f12b0c8f1dcd,nstxuE205057A01t020/N6/egn06w.1430E+02
nstxuE205057A01t020/N6/egn06w.1576E+02,good,nstxuE205057A01t020,6,3.970039031236276,tae_like,GOOD,NO_GOOD_TEMPLATE,GOOD,REVIEW,NO_GOOD_TEMPLATE,rule_survivor_policy,,,,,True,0.665645595559794,37b385b953cb0dc6c16afb3fa2a6047a0dee31502a89ad05805e2669561961b2,nstxuE205057A01t020/N6/egn06w.1576E+02
nstxuE205057A01t020/N7/egn07w.7565E+01,good,nstxuE205057A01t020,7,2.750447126479476,tae_like,GOOD,NO_GOOD_TEMPLATE,GOOD,REVIEW,NO_GOOD_TEMPLATE,rule_survivor_policy,,,,,True,0.5723897659063558,628761cf37db1197da1a7a38524393fa8fb15c16df4c2217f79f19b7e23ff405,nstxuE205057A01t020/N7/egn07w.7565E+01
nstxuE205057A01t020/N7/egn07w.1086E+02,good,nstxuE205057A01t020,7,3.294778268161407,tae_like,GOOD,NO_GOOD_TEMPLATE,GOOD,REVIEW,NO_GOOD_TEMPLATE,rule_survivor_policy,,,,,True,0.5229884821122498,ec1b12aed907919e5f7fbccd299cc9fc7e39e94c05178d976c8d1aaf4cb9dfdb,nstxuE205057A01t020/N7/egn07w.1086E+02
nstxuE205057A01t020/N7/egn07w.1548E+02,good,nstxuE205057A01t020,7,3.9342163365231695,tae_like,GOOD,NO_GOOD_TEMPLATE,GOOD,REVIEW,NO_GOOD_TEMPLATE,rule_survivor_policy,,,,,True,0.489634110398054,1fd0afee861de0de54c797ac0f51f2ddcc08ddcf3407a279e98be3a88e5a2d0d,nstxuE205057A01t020/N7/egn07w.1548E+02
nstxuE205057A01t020/N8/egn08w.7787E+01,good,nstxuE205057A01t020,8,2.7905516949763753,tae_like,GOOD,NO_GOOD_TEMPLATE,GOOD,REVIEW,NO_GOOD_TEMPLATE,rule_survivor_policy,,,,,True,0.5648406202656738,371288c3d5e001685c49e91374844f7c935d349459f7ef5091fad3a18aa254a6,nstxuE205057A01t020/N8/egn08w.7787E+01
nstxuE205057A01t020/N8/egn08w.1084E+02,good,nstxuE205057A01t020,8,3.2921252265673786,tae_like,GOOD,NO_GOOD_TEMPLATE,GOOD,REVIEW,NO_GOOD_TEMPLATE,rule_survivor_policy,,,,,True,0.6164668835594678,a86c90da224545cd344328df8af478fcfd252fd7c13a214cfc149f2cc9bffec9,nstxuE205057A01t020/N8/egn08w.1084E+02
nstxuE205057A01t020/N8/egn08w.1156E+02,good,nstxuE205057A01t020,8,3.40023045186975,tae_like,GOOD,NO_GOOD_TEMPLATE,GOOD,REVIEW,NO_GOOD_TEMPLATE,rule_survivor_policy,,,,,True,0.5435692939462659,ab6d3aef7771b2f52b4a94c4bf50666eea8ad3951f57066b14a4da2f943f177a,nstxuE205057A01t020/N8/egn08w.1156E+02
nstxuE205057A01t020/N8/egn08w.1618E+02,good,nstxuE205057A01t020,8,4.021906885020626,tae_like,GOOD,NO_GOOD_TEMPLATE,GOOD,REVIEW,NO_GOOD_TEMPLATE,rule_survivor_policy,,,,,True,0.5158066763144249,bd23ce4b388684f9df552c170bdc4862cc1da78dea110e310b96f1fcedc54909,nstxuE205057A01t020/N8/egn08w.1618E+02
nstxuE205057A01t020/N9/egn09w.8529E+01,good,nstxuE205057A01t020,9,2.9204858786287144,tae_like,GOOD,NO_GOOD_TEMPLATE,GOOD,REVIEW,NO_GOOD_TEMPLATE,rule_survivor_policy,,,,,True,0.4838094422970576,f8bc20fca116aba5a205efe408a1f3a9c343822ae5061ef04c26e4eca4adf7b4,nstxuE205057A01t020/N9/egn09w.8529E+01
nstxuE205057A01t020/N9/egn09w.8768E+01,good,nstxuE205057A01t020,9,2.9611645647903013,tae_like,GOOD,NO_GOOD_TEMPLATE,GOOD,REVIEW,NO_GOOD_TEMPLATE,rule_survivor_policy,,,,,True,0.5205274418956626,ca8ea3327092ef1ea8a85f7e905ea6715aaaf23606ff594eb63d03efaaacabef,nstxuE205057A01t020/N9/egn09w.8768E+01
nstxuE205057A01t020/N9/egn09w.1035E+02,good,nstxuE205057A01t020,9,3.216704207423991,tae_like,GOOD,NO_GOOD_TEMPLATE,GOOD,REVIEW,NO_GOOD_TEMPLATE,rule_survivor_policy,,,,,True,0.5099834264240205,cebbc1df0ef1cafa2ed7ac8d782f23cd3333260d0681ef0d4b11b8a3eccad757,nstxuE205057A01t020/N9/egn09w.1035E+02
nstxuE205057A01t020/N9/egn09w.1127E+02,good,nstxuE205057A01t020,9,3.357596683538571,tae_like,GOOD,NO_GOOD_TEMPLATE,GOOD,REVIEW,NO_GOOD_TEMPLATE,rule_survivor_policy,,,,,True,0.5186260491864526,00f30d386e0f97d094b78980382daa6f5610e4aa67d712241f1feb7a4fea9dcb,nstxuE205057A01t020/N9/egn09w.1127E+02
nstxuE205057A01t020/N9/egn09w.1212E+02,good,nstxuE205057A01t020,9,3.4816457330823867,tae_like,GOOD,NO_GOOD_TEMPLATE,GOOD,REVIEW,NO_GOOD_TEMPLATE,rule_survivor_policy,,,,,True,0.5393139216154451,528a922ce876ddfc9b4bd1df94f44f23f6d01814ef58ac627b3b1f554f50ff4e,nstxuE205057A01t020/N9/egn09w.1212E+02
nstxuE205057A01t020/N9/egn09w.1318E+02,good,nstxuE205057A01t020,9,3.6303846407512568,tae_like,GOOD,NO_GOOD_TEMPLATE,GOOD,REVIEW,NO_GOOD_TEMPLATE,rule_survivor_policy,,,,,True,0.5951617213904385,1f875e30680876311cbf3a3ee94f21c7a6b2d4efb96a7c7bad117057020d538e,nstxuE205057A01t020/N9/egn09w.1318E+02
nstxuE205057A01t020/N9/egn09w.1414E+02,good,nstxuE205057A01t020,9,3.760594272789804,tae_like,GOOD,NO_GOOD_TEMPLATE,GOOD,REVIEW,NO_GOOD_TEMPLATE,rule_survivor_policy,,,,,True,0.6137935349419501,d962ec1e516406dd1367266da20cc5d3d6e2d20420aea82cd81c28ae1710b65e,nstxuE205057A01t020/N9/egn09w.1414E+02
nstxuE205057A01t020/N9/egn09w.1536E+02,good,nstxuE205057A01t020,9,3.919006145620072,tae_like,GOOD,NO_GOOD_TEMPLATE,GOOD,REVIEW,NO_GOOD_TEMPLATE,rule_survivor_policy,,,,,True,0.6383341466911169,679da2233292b02b9833703dff6b1f2946280d8c38eb82778538d1bca61af361,nstxuE205057A01t020/N9/egn09w.1536E+02
nstxuE205057A01t020/N9/egn09w.1664E+02,good,nstxuE205057A01t020,9,4.078681714874307,tae_like,GOOD,NO_GOOD_TEMPLATE,GOOD,REVIEW,NO_GOOD_TEMPLATE,rule_survivor_policy,,,,,True,0.6379222050750014,3233d0aef1ae9e218e2ad59f8c614ced38ed52534c55065b56486d8452abee87,nstxuE205057A01t020/N9/egn09w.1664E+02
nstxuE205057A01t020/N10/egn10w.8853E+01,good,nstxuE205057A01t020,10,2.97538515792383,tae_like,GOOD,NO_GOOD_TEMPLATE,GOOD,REVIEW,NO_GOOD_TEMPLATE,rule_survivor_policy,,,,,True,0.46670301838272077,3c5f2bcfea22cfc7d33aba49d7d545d7c3e4ff86f29eec76b2b883d15846cf22,nstxuE205057A01t020/N10/egn10w.8853E+01
nstxuE205057A01t020/N10/egn10w.9789E+01,good,nstxuE205057A01t020,10,3.128804016949649,tae_like,GOOD,NO_GOOD_TEMPLATE,GOOD,REVIEW,NO_GOOD_TEMPLATE,rule_survivor_policy,,,,,True,0.5156426746756432,d797855629cc9e15ede8d01a5a8fa118ee99fc50411cf91b18e7f4c330484131,nstxuE205057A01t020/N10/egn10w.9789E+01
nstxuE205057A01t020/N10/egn10w.1080E+02,good,nstxuE205057A01t020,10,3.28667979624715,tae_like,GOOD,NO_GOOD_TEMPLATE,GOOD,REVIEW,NO_GOOD_TEMPLATE,rule_survivor_policy,,,,,True,0.5321075538364798,cdb7544b60ff8913cdbdc133526f9b96186ffa531ce3ee0c290829a0d707d9e3,nstxuE205057A01t020/N10/egn10w.1080E+02
nstxuE205057A01t020/N10/egn10w.1149E+02,good,nstxuE205057A01t020,10,3.389299098017519,tae_like,GOOD,NO_GOOD_TEMPLATE,GOOD,REVIEW,NO_GOOD_TEMPLATE,rule_survivor_policy,,,,,True,0.5162677647091481,5f9e582a09eae2c92448c2d002df010f7f1bb726000cc7233eac17eb4a332a28,nstxuE205057A01t020/N10/egn10w.1149E+02
nstxuE205057A01t020/N10/egn10w.1265E+02,good,nstxuE205057A01t020,10,3.5566618107461005,tae_like,GOOD,NO_GOOD_TEMPLATE,GOOD,REVIEW,NO_GOOD_TEMPLATE,rule_survivor_policy,,,,,True,0.543568836878486,4a6fa4b36040a63bb7599e1f5840a9f6310f80ac447f45c3e20fcd9e722d2ae5,nstxuE205057A01t020/N10/egn10w.1265E+02
nstxuE205057A01t020/N10/egn10w.1343E+02,good,nstxuE205057A01t020,10,3.6645423003946314,tae_like,GOOD,NO_GOOD_TEMPLATE,GOOD,REVIEW,NO_GOOD_TEMPLATE,rule_survivor_policy,,,,,True,0.6571914738870839,e26a694354ff1cec410172a9bfd94a48f032735c3c2dc51d42df8683112c3226,nstxuE205057A01t020/N10/egn10w.1343E+02
nstxuE205057A01t020/N10/egn10w.2032E+02,good,nstxuE205057A01t020,10,4.508136946159572,tae_like,GOOD,NO_GOOD_TEMPLATE,GOOD,REVIEW,NO_GOOD_TEMPLATE,rule_survivor_policy,,,,,True,0.5854472941731126,be6d4289f2a4c22a2ddc796adbbe4c619436ec99b2ff81a1ac75028ae2bcddec,nstxuE205057A01t020/N10/egn10w.2032E+02
nstxuG121123K34/N6/egn06w.7044E+02,good,nstxuG121123K34,6,8.392928829692158,tae_like,GOOD,NO_GOOD_TEMPLATE,GOOD,REVIEW,NO_GOOD_TEMPLATE,rule_survivor_policy,,,,,True,0.7299328514967707,8cb78a7cd5721af7c6c8c5604eafa159d0f48d8c803752bb844b2fff76e700c1,nstxuG121123K34/N6/egn06w.7044E+02
nstxuG121123K70/N2/egn02w.2546E+02,good,nstxuG121123K70,2,5.046145028048364,tae_like,GOOD,NO_GOOD_TEMPLATE,GOOD,REVIEW,NO_GOOD_TEMPLATE,rule_survivor_policy,,,,,True,0.6534967730729511,99e406f1695b68aea4ccb0b370ebb0caf2c10d22ae022b5dec447639338ea9b2,nstxuG121123K70/N2/egn02w.2546E+02
nstxuG121123K70/N2/egn02w.2596E+02,good,nstxuG121123K70,2,5.094898579604734,tae_like,GOOD,NO_GOOD_TEMPLATE,GOOD,REVIEW,NO_GOOD_TEMPLATE,rule_survivor_policy,,,,,True,0.9393453878830317,49a2be1a28ccb60f015209cbca66147a62a03d402ce91713e38dc15265efdef4,nstxuG121123K70/N2/egn02w.2596E+02
nstxuG121123K70/N7/egn07w.2519E+02,good,nstxuG121123K70,7,5.019059269044405,tae_like,GOOD,NO_GOOD_TEMPLATE,GOOD,REVIEW,NO_GOOD_TEMPLATE,rule_survivor_policy,,,,,True,0.8869557907208865,279568f85bcce7e48fb79f2983fcd227404372f4a699f78510a0d2cc2f06baaf,nstxuG121123K70/N7/egn07w.2519E+02
nstxuG121123K70/N8/egn08w.3101E+02,good,nstxuG121123K70,8,5.569012456404038,tae_like,GOOD,NO_GOOD_TEMPLATE,GOOD,REVIEW,NO_GOOD_TEMPLATE,rule_survivor_policy,,,,,True,0.539034631087534,8c048ddbb061f583b89bd105f542904acf798e79616721e4132dbc0ff571811f,nstxuG121123K70/N8/egn08w.3101E+02
nstxuG121123K70/N9/egn09w.3282E+02,good,nstxuG121123K70,9,5.728476284160951,tae_like,GOOD,NO_GOOD_TEMPLATE,GOOD,REVIEW,NO_GOOD_TEMPLATE,rule_survivor_policy,,,,,True,0.5924621018177948,536e5314e0d940b5aa9f08e94c76a73a6c2fb69a22912cacc26ff4c36fbcfc25,nstxuG121123K70/N9/egn09w.3282E+02
nstxuG121123K70/N10/egn10w.3190E+02,good,nstxuG121123K70,10,5.647765467360127,tae_like,GOOD,NO_GOOD_TEMPLATE,GOOD,REVIEW,NO_GOOD_TEMPLATE,rule_survivor_policy,,,,,True,0.3551219626508013,0d8f607361279adc0ed6ead892fcbb8baa1d1b4f21e94a0294649cfff6e8915f,nstxuG121123K70/N10/egn10w.3190E+02
nstxuG121123K70/N10/egn10w.3269E+02,good,nstxuG121123K70,10,5.717441600476661,tae_like,GOOD,NO_GOOD_TEMPLATE,GOOD,REVIEW,NO_GOOD_TEMPLATE,rule_survivor_policy,,,,,True,0.5782362162593773,ffef5242e426db8facd93f45202abeb7f46e74b88e4ca9bda0d50459c4635e02,nstxuG121123K70/N10/egn10w.3269E+02
nstxuG121123N80/N3/egn03w.4007E+02,good,nstxuG121123N80,3,6.330155281303666,tae_like,GOOD,NO_GOOD_TEMPLATE,GOOD,REVIEW,NO_GOOD_TEMPLATE,rule_survivor_policy,,,,,True,0.8960079196470451,a01c932edcbd9033fd297ba4a6c6c34682940fc5a4225be9999881e4018aedc1,nstxuG121123N80/N3/egn03w.4007E+02
nstxuG121123N80/N6/egn06w.1723E+02,good,nstxuG121123N80,6,4.150944948685045,tae_like,GOOD,NO_GOOD_TEMPLATE,GOOD,REVIEW,NO_GOOD_TEMPLATE,rule_survivor_policy,,,,,True,0.8517133929551469,bb58494dca77989726a7cb894c375a4bb9b7f7822c6b65bd7ff555608bb56b50,nstxuG121123N80/N6/egn06w.1723E+02
nstxuG121123N80/N9/egn09w.2347E+02,good,nstxuG121123N80,9,4.844375519646182,tae_like,GOOD,NO_GOOD_TEMPLATE,GOOD,REVIEW,NO_GOOD_TEMPLATE,rule_survivor_policy,,,,,True,0.525883287959181,ce16f8375b9f79d39e4fb65894e4b2802b93208e802aa58ffb5caa745ec647c7,nstxuG121123N80/N9/egn09w.2347E+02
nstxuG121123N80/N9/egn09w.4646E+02,good,nstxuG121123N80,9,6.816473579936493,tae_like,GOOD,good mode localized at continuum min,BAD,BAD,BAD_INTERIOR_UNRESOLVED_ENVELOPE,manual_override,GOOD,good mode localized at continuum min,Elena,2026-09-14T18:44:59.392422+00:00,True,1.1579844137400448,fd222197f4a4d3ad65a850e03b22476667e8be91dd9eb7eac583e9ee7e5ee439,nstxuG121123N80/N9/egn09w.4646E+02
nstxuG121123N80/N9/egn09w.4904E+02,good,nstxuG121123N80,9,7.002805892253716,tae_like,GOOD,NO_GOOD_TEMPLATE,GOOD,REVIEW,NO_GOOD_TEMPLATE,rule_survivor_policy,,,,,True,0.895989199111731,d46dc48ee98c1908e1a20d9892900e26e30d3b2de4ee3579f797ebca8e917d0b,nstxuG121123N80/N9/egn09w.4904E+02
nstxuG121123N80/N10/egn10w.2184E+02,good,nstxuG121123N80,10,4.672932804809405,tae_like,GOOD,NO_GOOD_TEMPLATE,GOOD,REVIEW,NO_GOOD_TEMPLATE,rule_survivor_policy,,,,,True,0.6865126970553384,6af261a57968870493029bba35b95a0df220edfb55703f57d09cea621e7a01ee,nstxuG121123N80/N10/egn10w.2184E+02
nstxuG121123N80/N10/egn10w.2491E+02,good,nstxuG121123N80,10,4.99123417801566,tae_like,GOOD,NO_GOOD_TEMPLATE,GOOD,REVIEW,NO_GOOD_TEMPLATE,rule_survivor_policy,,,,,True,0.6578999435377688,bf3dfe00a04092d32591e4233763ffeed84cc53c9e48cd1f16901a18d24aaa81,nstxuG121123N80/N10/egn10w.2491E+02
nstxuG121123N80/N10/egn10w.2647E+02,good,nstxuG121123N80,10,5.145014589892659,tae_like,GOOD,NO_GOOD_TEMPLATE,GOOD,REVIEW,NO_GOOD_TEMPLATE,rule_survivor_policy,,,,,True,0.961626247775059,2fcce3f819d68ea209e37f56710f1caac67b6705b1283ee8e33987d6947c0fea,nstxuG121123N80/N10/egn10w.2647E+02
nstxuG121123N80/N10/egn10w.3902E+02,good,nstxuG121123N80,10,6.2468924566206,tae_like,GOOD,NO_GOOD_TEMPLATE,GOOD,REVIEW,NO_GOOD_TEMPLATE,rule_survivor_policy,,,,,True,0.4956211361435531,66ece909792709ca6849bc65a29806d5a72ed718075f4938678d211f7d482786,nstxuG121123N80/N10/egn10w.3902E+02
nstxuG121123N80/N10/egn10w.3997E+02,good,nstxuG121123N80,10,6.322162400096542,tae_like,GOOD,NO_GOOD_TEMPLATE,GOOD,REVIEW,NO_GOOD_TEMPLATE,rule_survivor_policy,,,,,True,0.9433827430586913,136572613ae1115a5465c47eb2d74ec5fa4c1d6caff51928f2700f43d69ec441,nstxuG121123N80/N10/egn10w.3997E+02
nstxuG142301H56/N10/egn10w.2416E+02,good,nstxuG142301H56,10,4.915784922700545,tae_like,GOOD,NO_GOOD_TEMPLATE,GOOD,REVIEW,NO_GOOD_TEMPLATE,rule_survivor_policy,,,,,True,0.7190286778524649,1947facc3a384cbb04bc6795bef83c59cc1183976ad9a127757bf8bf9e44e1a4,nstxuG142301H56/N10/egn10w.2416E+02
nstxuG142301L94/N3/egn03w.1927E+02,good,nstxuG142301L94,3,4.389602627269233,tae_like,GOOD,NO_GOOD_TEMPLATE,GOOD,REVIEW,NO_GOOD_TEMPLATE,rule_survivor_policy,,,,,True,0.897773102879938,9b7e21f1dbdd71138c7d475458f18325584f55bdd83cc80f7dd5e86d08dd37df,nstxuG142301L94/N3/egn03w.1927E+02
nstxuG142301L94/N7/egn07w.2716E+02,good,nstxuG142301L94,7,5.211760604821914,tae_like,GOOD,NO_GOOD_TEMPLATE,GOOD,REVIEW,NO_GOOD_TEMPLATE,rule_survivor_policy,,,,,True,0.37297792031029503,d66b17703d2ff4c639c1e67792db64f527b08517a31a6e8cd7f5538192935992,nstxuG142301L94/N7/egn07w.2716E+02
nstxuG142301L94/N8/egn08w.2657E+02,good,nstxuG142301L94,8,5.1550816060593645,tae_like,GOOD,NO_GOOD_TEMPLATE,GOOD,REVIEW,NO_GOOD_TEMPLATE,rule_survivor_policy,,,,,True,0.30683088344339593,3c01cb13b843927b171e7825a159671e0278a2ee6f28d922a8a723be67a55e61,nstxuG142301L94/N8/egn08w.2657E+02
nstxuG142301L94/N9/egn09w.2746E+02,good,nstxuG142301L94,9,5.239938863456631,tae_like,GOOD,NO_GOOD_TEMPLATE,GOOD,REVIEW,NO_GOOD_TEMPLATE,rule_survivor_policy,,,,,True,0.7164411648415939,51499bc25ef2e08afc4d569a14285327e8a87a75f712a07ac403bb7011febe5c,nstxuG142301L94/N9/egn09w.2746E+02
nstxuG142301L94/N10/egn10w.2644E+02,good,nstxuG142301L94,10,5.141713960408329,tae_like,GOOD,NO_GOOD_TEMPLATE,GOOD,REVIEW,NO_GOOD_TEMPLATE,rule_survivor_policy,,,,,True,0.2680288516840606,3812157c43b9275d03d815d98c4b46307b01c49b12007fb8a94b1fcb9b2d68f0,nstxuG142301L94/N10/egn10w.2644E+02
nstxuG142301U84/N2/egn02w.2512E+02,good,nstxuG142301U84,2,5.011700434161675,tae_like,GOOD,NO_GOOD_TEMPLATE,GOOD,REVIEW,NO_GOOD_TEMPLATE,rule_survivor_policy,,,,,True,0.9628342238682573,e3b22bc2de4a88f66738c7386709c2ba9d3be3fcd715264d1b419929a0e3057b,nstxuG142301U84/N2/egn02w.2512E+02
nstxuG142301U84/N2/egn02w.2556E+02,good,nstxuG142301U84,2,5.055754623283776,tae_like,GOOD,NO_GOOD_TEMPLATE,GOOD,REVIEW,NO_GOOD_TEMPLATE,rule_survivor_policy,,,,,True,0.9315657159543567,73d9bb7c6c749b99f64db95f5210d0cf5779f71290ff31c4c3907a53894bd83e,nstxuG142301U84/N2/egn02w.2556E+02
nstxuG142301U84/N4/egn04w.2567E+02,good,nstxuG142301U84,4,5.066220104090635,tae_like,GOOD,NO_GOOD_TEMPLATE,GOOD,REVIEW,NO_GOOD_TEMPLATE,rule_survivor_policy,,,,,True,0.8846271557126038,a3a6ff2b485a999bc0cdf71666e7765dfeeb55cc1d729083e968954c92320dcc,nstxuG142301U84/N4/egn04w.2567E+02
nstxuG142301U84/N4/egn04w.2604E+02,good,nstxuG142301U84,4,5.103143582571642,tae_like,GOOD,NO_GOOD_TEMPLATE,GOOD,REVIEW,NO_GOOD_TEMPLATE,rule_survivor_policy,,,,,True,0.6463025477758635,7af03310986271b8155707099d629f3418a7b7c4c1bbdce15e90416eb72b5db3,nstxuG142301U84/N4/egn04w.2604E+02
nstxuG142301U84/N4/egn04w.2651E+02,good,nstxuG142301U84,4,5.148846359354381,tae_like,GOOD,NO_GOOD_TEMPLATE,GOOD,REVIEW,NO_GOOD_TEMPLATE,rule_survivor_policy,,,,,True,0.6170001969758641,a8dd471b2c9ec5c39fea2e5030805c743be8b0437b660919ae1eb4ee6dd8dc91,nstxuG142301U84/N4/egn04w.2651E+02
nstxuG142301U84/N5/egn05w.2702E+02,good,nstxuG142301U84,5,5.1983903996054925,tae_like,GOOD,NO_GOOD_TEMPLATE,GOOD,REVIEW,NO_GOOD_TEMPLATE,rule_survivor_policy,,,,,True,0.6798097713763243,fdb3e2e782e0074aed3c1a2476a9876b91d81a3c93987c380dffc6c42e330513,nstxuG142301U84/N5/egn05w.2702E+02
nstxuG142301U84/N6/egn06w.2579E+02,good,nstxuG142301U84,6,5.077942051360345,tae_like,GOOD,NO_GOOD_TEMPLATE,GOOD,REVIEW,NO_GOOD_TEMPLATE,rule_survivor_policy,,,,,True,0.8313339123367381,bd80235da7734e039ce67eb72d2c827caf253286531c726bf6d00d8cd920e653,nstxuG142301U84/N6/egn06w.2579E+02
nstxuG142301U84/N8/egn08w.2871E+02,good,nstxuG142301U84,8,5.358232913065455,tae_like,GOOD,NO_GOOD_TEMPLATE,GOOD,REVIEW,NO_GOOD_TEMPLATE,rule_survivor_policy,,,,,True,0.4952580549995314,73a8bc0e2b496eeefc0f5fa4b178d274a0b8ab1e90a871d8c2b9870d9a573aff,nstxuG142301U84/N8/egn08w.2871E+02
nstxuG142301U84/N9/egn09w.2710E+02,good,nstxuG142301U84,9,5.205869702417901,tae_like,GOOD,NO_GOOD_TEMPLATE,GOOD,REVIEW,NO_GOOD_TEMPLATE,rule_survivor_policy,,,,,True,0.7810940138477341,95790d126b2464ddef591e304d758f5e8f0d6f5c4274603331be058a12f972cc,nstxuG142301U84/N9/egn09w.2710E+02
nstxuG142301U84/N10/egn10w.2541E+02,good,nstxuG142301U84,10,5.040364925013132,tae_like,GOOD,NO_GOOD_TEMPLATE,GOOD,REVIEW,NO_GOOD_TEMPLATE,rule_survivor_policy,,,,,True,0.6576584609212187,dd947bcd63487179af6820ca1dcea9d8bb21971de7cbcb6d288d07d8e4adb95b,nstxuG142301U84/N10/egn10w.2541E+02
nstxuG142301U84/N10/egn10w.2566E+02,good,nstxuG142301U84,10,5.065824424221539,tae_like,GOOD,NO_GOOD_TEMPLATE,GOOD,REVIEW,NO_GOOD_TEMPLATE,rule_survivor_policy,,,,,True,0.528679176345424,f8442cd8fd09f0c0d9ea0a50ac225f10a9296a26fa7753bfe8d336faa3b83e02,nstxuG142301U84/N10/egn10w.2566E+02
nstxuG142301U84/N10/egn10w.2612E+02,good,nstxuG142301U84,10,5.111033802432269,tae_like,GOOD,NO_GOOD_TEMPLATE,GOOD,REVIEW,NO_GOOD_TEMPLATE,rule_survivor_policy,,,,,True,0.6139259182360008,dc9f65b0ee7e8453fbc4b00d18c47645e25b097ad122a94c3ee7124cc4eac77b,nstxuG142301U84/N10/egn10w.2612E+02
nstxuG142301U84/N10/egn10w.2631E+02,good,nstxuG142301U84,10,5.129303592632702,tae_like,GOOD,NO_GOOD_TEMPLATE,GOOD,REVIEW,NO_GOOD_TEMPLATE,rule_survivor_policy,,,,,True,0.7156894205992057,f1812355f3a5d7883d836a098005a401d95a46edcdd77b2ec01a6dbd9081ccf0,nstxuG142301U84/N10/egn10w.2631E+02
nstxuG142301U84/N10/egn10w.2683E+02,good,nstxuG142301U84,10,5.180215438582802,tae_like,GOOD,NO_GOOD_TEMPLATE,GOOD,REVIEW,NO_GOOD_TEMPLATE,rule_survivor_policy,,,,,True,0.5776599661815395,d76323ff4092199597ca0093428a6b785003c9f7a715ddd6f2f87e600077472b,nstxuG142301U84/N10/egn10w.2683E+02
nstxuG142301U84/N10/egn10w.2741E+02,good,nstxuG142301U84,10,5.235788055536626,tae_like,GOOD,NO_GOOD_TEMPLATE,GOOD,REVIEW,NO_GOOD_TEMPLATE,rule_survivor_policy,,,,,True,0.22599287851268515,a0461c8f8e5922f1f5a3fd1e74839cf9933ceb286d50beeb8d3b58f0c3c18fb8,nstxuG142301U84/N10/egn10w.2741E+02
nstxuG142301U84/N10/egn10w.2783E+02,good,nstxuG142301U84,10,5.275415260220107,tae_like,GOOD,NO_GOOD_TEMPLATE,GOOD,REVIEW,NO_GOOD_TEMPLATE,rule_survivor_policy,,,,,True,0.1767731724809395,4a3af9763733c18f929eaa78312a7e37860aeb53fba80639a303e09a7d2df596,nstxuG142301U84/N10/egn10w.2783E+02
nstxuG142301V21/N2/egn02w.2259E+02,good,nstxuG142301V21,2,4.753067201368365,tae_like,GOOD,NO_GOOD_TEMPLATE,GOOD,REVIEW,NO_GOOD_TEMPLATE,rule_survivor_policy,,,,,True,0.5933709007320679,05574c2ed435b0c943992ad625787cac155e53d07cab7976f3a66ff6f18957bb,nstxuG142301V21/N2/egn02w.2259E+02
nstxuG142301V21/N7/egn07w.1755E+02,good,nstxuG142301V21,7,4.189537627774632,tae_like,GOOD,NO_GOOD_TEMPLATE,GOOD,REVIEW,NO_GOOD_TEMPLATE,rule_survivor_policy,,,,,True,0.442091651539659,ff166e2963f02fa8bddea716f04b1d5bcd6dc1b7fe5325943a07150873df7f2e,nstxuG142301V21/N7/egn07w.1755E+02
nstxuG142301V21/N7/egn07w.2751E+02,good,nstxuG142301V21,7,5.24499781276609,tae_like,GOOD,NO_GOOD_TEMPLATE,GOOD,REVIEW,NO_GOOD_TEMPLATE,rule_survivor_policy,,,,,True,0.3677406271118612,9fd53e05dd96728f1b81126b9cc9e99b69572793842904730832c183faf870fa,nstxuG142301V21/N7/egn07w.2751E+02
nstxuG142301V21/N8/egn08w.1909E+02,good,nstxuG142301V21,8,4.3693813780265005,tae_like,GOOD,NO_GOOD_TEMPLATE,GOOD,REVIEW,NO_GOOD_TEMPLATE,rule_survivor_policy,,,,,True,0.2190214059656939,ef6adb3c81637226aea38b1fc25a552b112c5495582f463f4975a28dd8ccea92,nstxuG142301V21/N8/egn08w.1909E+02
nstxuG142301V21/N9/egn09w.2040E+02,good,nstxuG142301V21,9,4.516543170630728,tae_like,GOOD,NO_GOOD_TEMPLATE,GOOD,REVIEW,NO_GOOD_TEMPLATE,rule_survivor_policy,,,,,True,0.29725487756154234,34949bb56843c34d252ef3d07f5f059985df7386b4df5758ebce8c84b7855e84,nstxuG142301V21/N9/egn09w.2040E+02
nstxuG142301V21/N10/egn10w.2165E+02,good,nstxuG142301V21,10,4.653241588179206,tae_like,GOOD,NO_GOOD_TEMPLATE,GOOD,REVIEW,NO_GOOD_TEMPLATE,rule_survivor_policy,,,,,True,0.3759009180829484,3411c8cbac659730321265c9f9acee4b76c0450c65d4dd2af2fb3373446e17d4,nstxuG142301V21/N10/egn10w.2165E+02
nstxuG142301V21/N10/egn10w.2682E+02,good,nstxuG142301V21,10,5.178359694757549,tae_like,GOOD,NO_GOOD_TEMPLATE,GOOD,REVIEW,NO_GOOD_TEMPLATE,rule_survivor_policy,,,,,True,0.32110715522263894,3c1c1fc0a443ef35d165ac1550d6ef1181ae724f0730591a31d855dfd411c3b6,nstxuG142301V21/N10/egn10w.2682E+02
nstxuG142301V21/N10/egn10w.2768E+02,good,nstxuG142301V21,10,5.261142037881432,tae_like,GOOD,NO_GOOD_TEMPLATE,GOOD,REVIEW,NO_GOOD_TEMPLATE,rule_survivor_policy,,,,,True,0.866075722438903,8357090eec468079a6ec759bdf37bba240ee9f268e587595d71f8dec1c561300,nstxuG142301V21/N10/egn10w.2768E+02
