path,label,shot,ntor,mode_filename,omega,rules_decision,rules_reason,rf_cnn_decision,rf_decision,cnn_decision,p_rf_good,p_cnn_good,rf_cnn_tier,overall_rule_severity,nearest_gate,rules_selected_final,rf_cnn_selected_final,original_rule_decision,decision_source,input_fingerprint,mode_key
nstxuE202806A02t025/N3/egn03w.2515E+02,bad,nstxuE202806A02t025,3,egn03w.2515E+02,5.014581431442288,BAD,BAD_CONT_CROSS_WINDOW,GOOD,GOOD,GOOD,0.7233333333333334,0.9999974966049194,gold_good,1.4194258861352533,BAD_CONT_CROSS_WINDOW,,True,BAD,rule_engine,8be9e16371a6a989118d69beda3a49f5a35465eb7374db869548fd91a05fba39,nstxuE202806A02t025/N3/egn03w.2515E+02
nstxuE202806A02t025/N4/egn04w.1711E+02,bad,nstxuE202806A02t025,4,egn04w.1711E+02,4.136249239514174,BAD,BAD_CONT_CROSS_WINDOW,BAD,BAD,GOOD,0.17666666666666667,0.9998347759246826,flagged_borderline_or_disagreement,4.041106981901336,BAD_CONT_CROSS_WINDOW,,,BAD,rule_engine,54385339953520a7a2d34f8840b08a99ee45d30bf6623455e36eca01ba9ac084,nstxuE202806A02t025/N4/egn04w.1711E+02
nstxuE202806A02t025/N5/egn05w.9786E+01,bad,nstxuE202806A02t025,5,egn05w.9786E+01,3.1282043604213596,BAD,BAD_CONT_CROSS_WINDOW,BAD,BAD,GOOD,0.19333333333333333,1.0,flagged_borderline_or_disagreement,8.47760332431918,BAD_CONT_CROSS_WINDOW,,,BAD,rule_engine,e9911731e30463dd569e19ee5dd62bb06a5e4877faca24bfefdf6a2e930246ff,nstxuE202806A02t025/N5/egn05w.9786E+01
nstxuE202806A02t025/N5/egn05w.1084E+02,good,nstxuE202806A02t025,5,egn05w.1084E+02,3.292620883441087,GOOD,NO_GOOD_TEMPLATE,GOOD,GOOD,BAD,0.7066666666666667,6.911181259585776e-21,flagged_rf_only_good,0.8247878404299555,BAD_GRID_SCALE_SPIKE,True,True,REVIEW,rule_survivor_policy,c04534e3bfe3a4010e60ab85995b2ec37e20d97c266bc4ead6a138d7714e77e3,nstxuE202806A02t025/N5/egn05w.1084E+02
nstxuE202806A02t025/N5/egn05w.1409E+02,bad,nstxuE202806A02t025,5,egn05w.1409E+02,3.75413081147568,BAD,BAD_GRID_SCALE_SPIKE,BAD,BAD,GOOD,0.24333333333333335,0.9999886751174927,flagged_borderline_or_disagreement,9.35311622496607,BAD_CONT_CROSS_WINDOW,,,BAD,rule_engine,1617375d278228a9e81c3a1e4a2d627521097dcd75167b5452648f30b4c0ba2e,nstxuE202806A02t025/N5/egn05w.1409E+02
nstxuE202806A02t025/N6/egn06w.9229E+01,good,nstxuE202806A02t025,6,egn06w.9229E+01,3.0378755419516703,GOOD,NO_GOOD_TEMPLATE,BAD,BAD,BAD,0.2,3.5320228344210057e-16,silver_bad,0.9881678333693297,BAD_CONT_CROSS_WINDOW,True,,REVIEW,rule_survivor_policy,783f25289858d550cc75bfa1641b2b78d6d6d0668b9ad6e92c1af0d06e118117,nstxuE202806A02t025/N6/egn06w.9229E+01
nstxuE202806A02t025/N6/egn06w.1449E+02,bad,nstxuE202806A02t025,6,egn06w.1449E+02,3.806260397747443,BAD,BAD_CONT_CROSS_WINDOW,BAD,BAD,GOOD,0.10666666666666667,1.0,flagged_borderline_or_disagreement,14.951349340349669,BAD_CONT_CROSS_WINDOW,,,BAD,rule_engine,58b0047e50fbb9ee472d1c09dbc4175c2c65effcb54bb6edabd64e66fa68b2d6,nstxuE202806A02t025/N6/egn06w.1449E+02
nstxuE202806A02t025/N6/egn06w.1842E+02,bad,nstxuE202806A02t025,6,egn06w.1842E+02,4.291904122305832,BAD,BAD_CONT_CROSS_WINDOW,BAD,BAD,GOOD,0.28,1.0,flagged_borderline_or_disagreement,3.7629541398424107,BAD_CONT_CROSS_WINDOW,,,BAD,rule_engine,ce9f1400d0c02143b02b63962885f8afaf9bfa8504186ab8a5f3e1383f027422,nstxuE202806A02t025/N6/egn06w.1842E+02
nstxuE202806A02t025/N6/egn06w.1906E+02,bad,nstxuE202806A02t025,6,egn06w.1906E+02,4.365650842424364,BAD,BAD_CONT_CROSS_WINDOW,BAD,BAD,GOOD,0.14333333333333334,0.9999964237213135,flagged_borderline_or_disagreement,9.737271201543646,BAD_CONT_CROSS_WINDOW,,,BAD,rule_engine,cc599c05f1e34054297997fdc4c361bd6787737d633c92e44ae25cfa2ce08f2b,nstxuE202806A02t025/N6/egn06w.1906E+02
nstxuE202806A02t025/N7/egn07w.9767E+01,bad,nstxuE202806A02t025,7,egn07w.9767E+01,3.1251509009618865,BAD,BAD_CONT_CROSS_WINDOW,BAD,BAD,GOOD,0.21666666666666667,0.7615362405776978,flagged_borderline_or_disagreement,2.4549107752468724,BAD_CONT_CROSS_WINDOW,,,BAD,rule_engine,4635a8583eb10e02c7dbb788000aac707f830362ded022053bc5fdf293e54c18,nstxuE202806A02t025/N7/egn07w.9767E+01
nstxuE202806A02t025/N7/egn07w.1152E+02,good,nstxuE202806A02t025,7,egn07w.1152E+02,3.3938417011697353,GOOD,NO_GOOD_TEMPLATE,GOOD,GOOD,BAD,0.9333333333333333,3.79315488642783e-16,flagged_rf_only_good,0.27322164609686295,BAD_GRID_SCALE_SPIKE,True,True,REVIEW,rule_survivor_policy,5a230b418625ffa0b94b47ba6d56a74710f302e48d07c7a00a430eda4341508b,nstxuE202806A02t025/N7/egn07w.1152E+02
nstxuE202806A02t025/N7/egn07w.1703E+02,bad,nstxuE202806A02t025,7,egn07w.1703E+02,4.127074712501074,BAD,BAD_CONT_CROSS_WINDOW,BAD,BAD,GOOD,0.11666666666666667,1.0,flagged_borderline_or_disagreement,13.209120950760706,BAD_CONT_CROSS_WINDOW,,,BAD,rule_engine,470647c7452c5a989b7aa88f32599d8454ab3a2b587a20d088c54dd69df4602b,nstxuE202806A02t025/N7/egn07w.1703E+02
nstxuE202806A02t025/N7/egn07w.1793E+02,bad,nstxuE202806A02t025,7,egn07w.1793E+02,4.23458953865133,BAD,BAD_CONT_CROSS_WINDOW,BAD,BAD,GOOD,0.23,1.0,flagged_borderline_or_disagreement,3.775472846342294,BAD_CONTINUUM_CROSSING_TAIL,,,BAD,rule_engine,2313719f61da75d3eb364749ec07a060d5cfd6738f0f2731f1424f5380677124,nstxuE202806A02t025/N7/egn07w.1793E+02
nstxuE202806A02t025/N7/egn07w.1922E+02,bad,nstxuE202806A02t025,7,egn07w.1922E+02,4.383585912503899,BAD,BAD_CONT_CROSS_WINDOW,BAD,BAD,GOOD,0.23333333333333334,0.9999598264694214,flagged_borderline_or_disagreement,4.067529413048845,BAD_CONT_CROSS_WINDOW,,,BAD,rule_engine,833e20851e696dbc2ea77cd9219f7e2e5dfadd10ef2678bf9f30cee6723f8b91,nstxuE202806A02t025/N7/egn07w.1922E+02
nstxuE202806A02t025/N7/egn07w.1993E+02,bad,nstxuE202806A02t025,7,egn07w.1993E+02,4.464844055780026,BAD,BAD_CONT_CROSS_WINDOW,BAD,BAD,GOOD,0.12,0.9995224475860596,flagged_borderline_or_disagreement,10.86025315630257,BAD_CONT_CROSS_WINDOW,,,BAD,rule_engine,64a757ad3269cd4a725dbde90e06dcf9f567fcc8f7f47a22ec519ae39d22b25a,nstxuE202806A02t025/N7/egn07w.1993E+02
nstxuE202806A02t025/N7/egn07w.3820E+02,bad,nstxuE202806A02t025,7,egn07w.3820E+02,6.18075373187437,BAD,BAD_AXIS_SPIKE,BAD,BAD,GOOD,0.06,0.9996230602264404,flagged_borderline_or_disagreement,20.0,BAD_CONT_CROSS_WINDOW,,,BAD,rule_engine,1eba090c36f3e115e315af1eade1ca4640e85646fbc69aac55f34fac4dbb09f7,nstxuE202806A02t025/N7/egn07w.3820E+02
nstxuE202806A02t025/N8/egn08w.9030E+01,good,nstxuE202806A02t025,8,egn08w.9030E+01,3.0049459811295405,GOOD,NO_GOOD_TEMPLATE,BAD,BAD,BAD,0.39666666666666667,7.653383704564476e-09,silver_bad,0.9851959910401419,BAD_CONT_CROSS_WINDOW,True,,REVIEW,rule_survivor_policy,50e17b41f61158411b7324db314d13b3e5fef52169002702ff6f01aeb27e8b15,nstxuE202806A02t025/N8/egn08w.9030E+01
nstxuE202806A02t025/N8/egn08w.1823E+02,bad,nstxuE202806A02t025,8,egn08w.1823E+02,4.269366791958302,BAD,BAD_CONT_CROSS_WINDOW,BAD,BAD,GOOD,0.17666666666666667,1.0,flagged_borderline_or_disagreement,7.441493726110978,BAD_CONT_CROSS_WINDOW,,,BAD,rule_engine,604fe8201b7e7ffaae5222f478c642b72d64248b87bc80539dd52f69b42b0b4b,nstxuE202806A02t025/N8/egn08w.1823E+02
nstxuE202806A02t025/N8/egn08w.1851E+02,bad,nstxuE202806A02t025,8,egn08w.1851E+02,4.30222065803935,BAD,BAD_CONT_CROSS_WINDOW,BAD,BAD,GOOD,0.16,1.0,flagged_borderline_or_disagreement,4.392943918721676,BAD_CONT_CROSS_WINDOW,,,BAD,rule_engine,b5ef15c8bb055b6b9c440d615044226101784b707ae09f14ee697b4e4f5e2d4b,nstxuE202806A02t025/N8/egn08w.1851E+02
nstxuE202806A02t025/N8/egn08w.2494E+02,good,nstxuE202806A02t025,8,egn08w.2494E+02,4.994271492268604,GOOD,NO_GOOD_TEMPLATE,GOOD,GOOD,BAD,0.8933333333333333,0.14963658154010773,flagged_rf_only_good,0.321296330478218,BAD_GRID_SCALE_SPIKE,True,True,REVIEW,rule_survivor_policy,bd1cf6293cfa6d114276602f3669e4ab586c5692105ba909f347c8a7e91a9c8e,nstxuE202806A02t025/N8/egn08w.2494E+02
nstxuE202806A02t025/N9/egn09w.7757E+01,bad,nstxuE202806A02t025,9,egn09w.7757E+01,2.785103683668328,BAD,BAD_GRID_SCALE_SPIKE,GOOD,GOOD,GOOD,0.7033333333333334,1.0,gold_good,1.0112143708234762,BAD_GRID_SCALE_SPIKE,,True,BAD,rule_engine,7f6f9d59506f03d85e1dfb456d245a5dcda5a3736c408c6a92fabe5ffd6816ab,nstxuE202806A02t025/N9/egn09w.7757E+01
nstxuE202806A02t025/N9/egn09w.7987E+01,good,nstxuE202806A02t025,9,egn09w.7987E+01,2.8260942476403805,GOOD,NO_GOOD_TEMPLATE,GOOD,GOOD,BAD,0.6033333333333334,2.9968177273076435e-08,flagged_rf_only_good,0.994790184907518,BAD_CONT_CROSS_WINDOW,True,True,REVIEW,rule_survivor_policy,4de90252bac8587275c706b28ce9cc9cfb304dc07586706d993d74c3c293a437,nstxuE202806A02t025/N9/egn09w.7987E+01
nstxuE202806A02t025/N9/egn09w.1382E+02,good,nstxuE202806A02t025,9,egn09w.1382E+02,3.717727773036629,GOOD,NO_GOOD_TEMPLATE,GOOD,GOOD,BAD,0.7066666666666667,1.3098983562197996e-25,flagged_rf_only_good,0.9652189005465648,BAD_GRID_SCALE_SPIKE,True,True,REVIEW,rule_survivor_policy,85f1d59c654687cb4bd96bc6fb0138d5e6e4529cc5641331c9b3aa2c0697d3d7,nstxuE202806A02t025/N9/egn09w.1382E+02
nstxuE202806A02t025/N9/egn09w.1391E+02,good,nstxuE202806A02t025,9,egn09w.1391E+02,3.7299084855871816,GOOD,NO_GOOD_TEMPLATE,GOOD,GOOD,BAD,0.9166666666666666,3.5376568367439756e-25,flagged_rf_only_good,0.5711028843217456,BAD_GRID_SCALE_SPIKE,True,True,REVIEW,rule_survivor_policy,4fca6ca41bb92d5ed644a1ebce7da9649af9b62c345e929fa13eaf9f50adda99,nstxuE202806A02t025/N9/egn09w.1391E+02
nstxuE202806A02t025/N9/egn09w.1552E+02,bad,nstxuE202806A02t025,9,egn09w.1552E+02,3.9394647092877584,BAD,BAD_CONT_CROSS_WINDOW,GOOD,BAD,GOOD,0.44666666666666666,0.9999998807907104,flagged_cnn_rescue,1.808451839681574,BAD_CONT_CROSS_WINDOW,,True,BAD,rule_engine,e87bf24c37c5b9da78b9454134d5861c8e1370cad794cb5b71581a07fc6d05c9,nstxuE202806A02t025/N9/egn09w.1552E+02
nstxuE202806A02t025/N9/egn09w.1581E+02,bad,nstxuE202806A02t025,9,egn09w.1581E+02,3.97584128696616,BAD,BAD_CONT_CROSS_WINDOW,BAD,BAD,GOOD,0.15666666666666668,1.0,flagged_borderline_or_disagreement,17.696535005154562,BAD_CONT_CROSS_WINDOW,,,BAD,rule_engine,dcbc942a96e110a115bce0d2d736775a0596dfca2fd95a91a37259f5b8ab0098,nstxuE202806A02t025/N9/egn09w.1581E+02
nstxuE202806A02t025/N9/egn09w.1647E+02,bad,nstxuE202806A02t025,9,egn09w.1647E+02,4.0577850929044255,BAD,BAD_CONT_CROSS_WINDOW,BAD,BAD,GOOD,0.14666666666666667,1.0,flagged_borderline_or_disagreement,4.40819951931882,BAD_CONT_CROSS_WINDOW,,,BAD,rule_engine,c62124d17e1d7f2cf96408febd3fd7f46c7fc55d351664522a9ced1e774f7cc1,nstxuE202806A02t025/N9/egn09w.1647E+02
nstxuE202806A02t025/N9/egn09w.1929E+02,bad,nstxuE202806A02t025,9,egn09w.1929E+02,4.392540612736492,BAD,BAD_CONT_CROSS_WINDOW,BAD,BAD,GOOD,0.13666666666666666,1.0,flagged_borderline_or_disagreement,4.926967224271181,BAD_CONT_CROSS_WINDOW,,,BAD,rule_engine,0a2a7ca2dfb9df1e1daae229820e7ed3eee96e92434182da8fe5664fa680abf4,nstxuE202806A02t025/N9/egn09w.1929E+02
nstxuE202806A02t025/N10/egn10w.5223E+01,good,nstxuE202806A02t025,10,egn10w.5223E+01,2.285456254205026,GOOD,NO_GOOD_TEMPLATE,BAD,BAD,BAD,0.4633333333333333,5.266993029307853e-25,flagged_borderline_or_disagreement,0.3683468752196638,BAD_GRID_SCALE_SPIKE,True,,REVIEW,rule_survivor_policy,85449cbce8b30569d6d216bb2c0f732c1b9797401306f3daafd693395ba98bbe,nstxuE202806A02t025/N10/egn10w.5223E+01
nstxuE202806A02t025/N10/egn10w.1797E+02,bad,nstxuE202806A02t025,10,egn10w.1797E+02,4.239617615383618,BAD,BAD_CONT_CROSS_WINDOW,BAD,BAD,GOOD,0.12333333333333334,1.0,flagged_borderline_or_disagreement,4.185819291083122,BAD_CONT_CROSS_WINDOW,,,BAD,rule_engine,e22e7b92c83605351e8ff784031ef5868abf642cef59ca1640190121bf60ec89,nstxuE202806A02t025/N10/egn10w.1797E+02
nstxuE202806A02t025/N10/egn10w.1989E+02,bad,nstxuE202806A02t025,10,egn10w.1989E+02,4.459891269952964,BAD,BAD_CONT_CROSS_WINDOW,BAD,BAD,GOOD,0.17333333333333334,1.0,flagged_borderline_or_disagreement,3.9776122681432935,BAD_CONTINUUM_CROSSING_TAIL,,,BAD,rule_engine,edd2e9edb499739353a35f2306a89e09630f004fd725e6866c202f1da7e5b10c,nstxuE202806A02t025/N10/egn10w.1989E+02
nstxuE202806A02t025/N10/egn10w.2456E+02,good,nstxuE202806A02t025,10,egn10w.2456E+02,4.95556996977431,GOOD,NO_GOOD_TEMPLATE,GOOD,GOOD,BAD,0.97,1.588168182034555e-12,flagged_rf_only_good,0.46339496445675643,BAD_GRID_SCALE_SPIKE,True,True,REVIEW,rule_survivor_policy,8fe705aeed1dc387e3ba18b77c849ff47303bf777b977c05ec3fc2c8abc4584e,nstxuE202806A02t025/N10/egn10w.2456E+02
nstxuE202806A02t025/N10/egn10w.2462E+02,good,nstxuE202806A02t025,10,egn10w.2462E+02,4.961369580748478,GOOD,NO_GOOD_TEMPLATE,GOOD,GOOD,BAD,0.8166666666666667,0.0,flagged_rf_only_good,0.7135281018520532,BAD_GRID_SCALE_SPIKE,True,True,REVIEW,rule_survivor_policy,b33746b5a56ee4c63d645e58482b23e9f58cebdaf161860fd54a4954f0ee273a,nstxuE202806A02t025/N10/egn10w.2462E+02
nstxuE202926A03t025/N1/egn01w.4367E+01,bad,nstxuE202926A03t025,1,egn01w.4367E+01,2.0898059745110245,BAD,BAD_AXIS_SPIKE,BAD,BAD,GOOD,0.22666666666666666,0.9941911101341248,flagged_borderline_or_disagreement,2.9775256497432068,BAD_AXIS_SPIKE,,,BAD,rule_engine,a79a71c7968b0d67a7f5c9f2cd9a9328c6479c5fcecf67c4b9318fdea960523a,nstxuE202926A03t025/N1/egn01w.4367E+01
nstxuE202926A03t025/N3/egn03w.3539E+01,bad,nstxuE202926A03t025,3,egn03w.3539E+01,1.8812085396069553,BAD,BAD_CONT_CROSS_WINDOW,BAD,BAD,GOOD,0.16333333333333333,0.980262041091919,flagged_borderline_or_disagreement,15.679987788471008,BAD_CONT_CROSS_WINDOW,,,BAD,rule_engine,318187082ef65bb162bd0d93aabd1ea01eb0a4463e75b2724dea03e4d8e00180,nstxuE202926A03t025/N3/egn03w.3539E+01
nstxuE202926A03t025/N4/egn04w.3735E+01,good,nstxuE202926A03t025,4,egn04w.3735E+01,1.9325924025323238,GOOD,NO_GOOD_TEMPLATE,GOOD,GOOD,BAD,0.88,0.0013475752202793956,flagged_rf_only_good,0.3587505724343471,BAD_GRID_SCALE_SPIKE,True,True,REVIEW,rule_survivor_policy,cfd640fce43bd155520b76f99e10aabda93756f6036191fd2deb68f25a0ea5c9,nstxuE202926A03t025/N4/egn04w.3735E+01
nstxuE202926A03t025/N4/egn04w.1699E+02,good,nstxuE202926A03t025,4,egn04w.1699E+02,4.122127563488432,GOOD,NO_GOOD_TEMPLATE,BAD,BAD,BAD,0.18666666666666668,0.0,gold_bad,0.7768592290958402,BAD_GRID_SCALE_SPIKE,True,,REVIEW,rule_survivor_policy,8980ab1455466f19b4013e6b450e8b176602fee8f9cbee9b0d6f99c08ecd2f9d,nstxuE202926A03t025/N4/egn04w.1699E+02
nstxuE202926A03t025/N5/egn05w.4075E+01,bad,nstxuE202926A03t025,5,egn05w.4075E+01,2.0187459899952036,BAD,BAD_CONT_CROSS_WINDOW,BAD,BAD,GOOD,0.32666666666666666,0.9999978542327881,flagged_borderline_or_disagreement,1.2397012932674698,BAD_CONT_CROSS_WINDOW,,,BAD,rule_engine,e73e9a172159e9ca470bcd973592136df19252877d41965aeeffd34769464f37,nstxuE202926A03t025/N5/egn05w.4075E+01
nstxuE202926A03t025/N8/egn08w.6500E+01,bad,nstxuE202926A03t025,8,egn08w.6500E+01,2.5494880847423893,BAD,BAD_INTERIOR_UNRESOLVED_ENVELOPE,GOOD,GOOD,GOOD,0.7466666666666667,1.0,gold_good,1.022794224628811,BAD_INTERIOR_UNRESOLVED_ENVELOPE,,True,BAD,rule_engine,b10bcfd99d34f1bf2f034fd99223892507cf3437b95bc5898ffdfbab56a6c895,nstxuE202926A03t025/N8/egn08w.6500E+01
nstxuE202926A03t025/N9/egn09w.2341E+01,bad,nstxuE202926A03t025,9,egn09w.2341E+01,1.5300543717629735,BAD,BAD_CONT_CROSS_WINDOW,BAD,BAD,GOOD,0.19666666666666666,1.0,flagged_borderline_or_disagreement,5.495183402090318,BAD_CONT_CROSS_WINDOW,,,BAD,rule_engine,e6cbe20319efb5b320cb5c99fc4363fa6a7fdc9baf0c78a064eb16ad35368739,nstxuE202926A03t025/N9/egn09w.2341E+01
nstxuE202944A02t021/N2/egn02w.6793E+01,bad,nstxuE202944A02t021,2,egn02w.6793E+01,2.606330953715596,BAD,BAD_AXIS_SPIKE,GOOD,GOOD,GOOD,0.9133333333333333,0.99997878074646,gold_good,1.0126034817669085,BAD_AXIS_SPIKE,,True,BAD,rule_engine,1c84d34928f3a2eba99de3fee4044c4b9020585dbfa834381a7688ba7197a999,nstxuE202944A02t021/N2/egn02w.6793E+01
nstxuE202944A02t021/N5/egn05w.9407E+01,bad,nstxuE202944A02t021,5,egn05w.9407E+01,3.0670351925814114,BAD,BAD_AXIS_SPIKE,BAD,BAD,GOOD,0.06666666666666667,1.0,flagged_borderline_or_disagreement,4.92261341004119,BAD_AXIS_SPIKE,,,BAD,rule_engine,fc7fca1e2eb5021dd1176151c83444461bbcae57616575889c4195c62de3bbd8,nstxuE202944A02t021/N5/egn05w.9407E+01
nstxuE202944A02t021/N6/egn06w.8910E+01,bad,nstxuE202944A02t021,6,egn06w.8910E+01,2.9848795729421145,BAD,BAD_AXIS_SPIKE,BAD,BAD,GOOD,0.15666666666666668,0.8986151814460754,flagged_borderline_or_disagreement,4.874902837732262,BAD_AXIS_SPIKE,,,BAD,rule_engine,dad94e28c13eacffa162963024f3d9f893fa3049259c96bf3e4b24f9ac7158c5,nstxuE202944A02t021/N6/egn06w.8910E+01
nstxuE202944A02t021/N6/egn06w.9025E+01,bad,nstxuE202944A02t021,6,egn06w.9025E+01,3.0041462404560217,BAD,BAD_AXIS_SPIKE,GOOD,GOOD,GOOD,0.76,1.0,gold_good,2.1001568464065974,BAD_AXIS_SPIKE,,True,BAD,rule_engine,24c6b27b949724b909f145154512ecb1488906d6f80116e22cda364250e41efa,nstxuE202944A02t021/N6/egn06w.9025E+01
nstxuE202944A02t021/N9/egn09w.8224E+01,bad,nstxuE202944A02t021,9,egn09w.8224E+01,2.867686367578583,BAD,BAD_AXIS_SPIKE,GOOD,GOOD,GOOD,0.98,1.0,gold_good,1.3266085626986288,BAD_NEAR_AXIS_GRID_OSCILLATION,,True,BAD,rule_engine,90b51de7c62db3053a1c54468db6756221cc1362538143603fdcd7e053ed0a53,nstxuE202944A02t021/N9/egn09w.8224E+01
nstxuE202944A02t021/N9/egn09w.1003E+02,good,nstxuE202944A02t021,9,egn09w.1003E+02,3.1665157602691467,GOOD,NO_GOOD_TEMPLATE,GOOD,GOOD,BAD,0.87,0.29004934430122375,flagged_rf_only_good,0.9543001378298755,BAD_AXIS_SPIKE,True,True,REVIEW,rule_survivor_policy,93c74d16f450840bcedf5e67c9221b5db9f363c406b7d37f73518c11a58ac56e,nstxuE202944A02t021/N9/egn09w.1003E+02
nstxuE202944A02t021/N9/egn09w.1232E+02,bad,nstxuE202944A02t021,9,egn09w.1232E+02,3.509403120054185,BAD,BAD_AXIS_SPIKE,BAD,BAD,GOOD,0.32666666666666666,1.0,flagged_borderline_or_disagreement,2.926757820018989,BAD_AXIS_SPIKE,,,BAD,rule_engine,bd3f07615508f1af954fa9ff1da9547f30f8909937f5f7043f7873d4c64b74d6,nstxuE202944A02t021/N9/egn09w.1232E+02
nstxuE202944A02t021/N9/egn09w.1500E+02,bad,nstxuE202944A02t021,9,egn09w.1500E+02,3.8725526811254745,BAD,BAD_NEAR_AXIS_GRID_OSCILLATION,GOOD,GOOD,GOOD,0.7666666666666667,0.6424185037612915,gold_good,1.2089267477997867,BAD_NEAR_AXIS_GRID_OSCILLATION,,True,BAD,rule_engine,452773602f012359ceb2d1a9f7d7382760a6b712a54cc85ecf0d249e152537c3,nstxuE202944A02t021/N9/egn09w.1500E+02
nstxuE202944A02t021/N10/egn10w.1946E+02,good,nstxuE202944A02t021,10,egn10w.1946E+02,4.411735457285013,GOOD,NO_GOOD_TEMPLATE,GOOD,GOOD,BAD,0.6966666666666667,0.001779435551725328,flagged_rf_only_good,0.6319308025676735,BAD_DISTRIBUTED_HARMONIC_NOISE,True,True,REVIEW,rule_survivor_policy,5f657db626bd90ddd9a9ce8935e6f00d380b8274be06e865f47505735839cfe5,nstxuE202944A02t021/N10/egn10w.1946E+02
nstxuE202947A03t015/N2/egn02w.4549E+01,bad,nstxuE202947A03t015,2,egn02w.4549E+01,2.132825001168298,BAD,BAD_CONT_CROSS_WINDOW,BAD,BAD,GOOD,0.02,0.9900984168052673,flagged_borderline_or_disagreement,13.862974729064083,BAD_CONT_CROSS_WINDOW,,,BAD,rule_engine,345df00f908b346637149a81c95c7c8dc6fc8c1aa4ffd9be6e82e72f4fa7f0e0,nstxuE202947A03t015/N2/egn02w.4549E+01
nstxuE202947A03t015/N3/egn03w.3701E+01,good,nstxuE202947A03t015,3,egn03w.3701E+01,1.9237725308391285,GOOD,NO_GOOD_TEMPLATE,GOOD,GOOD,BAD,0.57,1.334779349837806e-28,flagged_rf_only_good,0.866825040257673,BAD_GRID_SCALE_SPIKE,True,True,REVIEW,rule_survivor_policy,9368f024ab9cf6099a50c2dbe3d06c9616c69d659d872d7c22f103535cdb5721,nstxuE202947A03t015/N3/egn03w.3701E+01
nstxuE202947A03t015/N4/egn04w.1369E+01,good,nstxuE202947A03t015,4,egn04w.1369E+01,1.1699464668522934,GOOD,NO_GOOD_TEMPLATE,GOOD,GOOD,BAD,0.8366666666666667,7.308335099349949e-19,flagged_rf_only_good,0.2927068186072584,BAD_GRID_SCALE_SPIKE,True,True,REVIEW,rule_survivor_policy,e7f71589302668e30f78a272747f600c8a311baff45c56bb481af071eba09137,nstxuE202947A03t015/N4/egn04w.1369E+01
nstxuE202947A03t015/N4/egn04w.4655E+01,bad,nstxuE202947A03t015,4,egn04w.4655E+01,2.1574977916109015,BAD,BAD_CONT_CROSS_WINDOW,GOOD,GOOD,GOOD,0.5033333333333333,0.9998311996459961,silver_good,1.8002282871418833,BAD_CONT_CROSS_WINDOW,,True,BAD,rule_engine,abf0d0e63e52b4f1ced24700453388995a3338783f3d2e4efb1cb8771788aa9d,nstxuE202947A03t015/N4/egn04w.4655E+01
nstxuE202947A03t015/N5/egn05w.3632E+01,good,nstxuE202947A03t015,5,egn05w.3632E+01,1.905767640114753,GOOD,NO_GOOD_TEMPLATE,GOOD,GOOD,BAD,0.6233333333333333,2.1367313820519485e-05,flagged_rf_only_good,0.832852141091201,BAD_CONT_CROSS_WINDOW,True,True,REVIEW,rule_survivor_policy,f50a037d9442503f4eaae9694f2b8c9e8cbea68c3a4f8a6abf39a0fd899c817e,nstxuE202947A03t015/N5/egn05w.3632E+01
nstxuE202947A03t015/N7/egn07w.5771E+01,good,nstxuE202947A03t015,7,egn07w.5771E+01,2.402388444973618,GOOD,NO_GOOD_TEMPLATE,GOOD,GOOD,BAD,0.6733333333333333,7.177070049380063e-09,flagged_rf_only_good,0.9406173596027645,BAD_CONT_CROSS_WINDOW,True,True,REVIEW,rule_survivor_policy,82042bc15aaf2f79984ccd71b5f4780cf562fff1d4c735fd2483262b61bf4eaf,nstxuE202947A03t015/N7/egn07w.5771E+01
nstxuE202947A03t015/N8/egn08w.1063E+01,good,nstxuE202947A03t015,8,egn08w.1063E+01,1.031075699235247,GOOD,NO_GOOD_TEMPLATE,GOOD,GOOD,BAD,0.5266666666666666,6.327111122863009e-17,flagged_rf_only_good,0.7150236879106108,BAD_GRID_SCALE_SPIKE,True,True,REVIEW,rule_survivor_policy,86e5fca8ed7bc923bd220135396893c62017f880b1a98c1c5a106392c85d2fea,nstxuE202947A03t015/N8/egn08w.1063E+01
nstxuE202947A03t015/N8/egn08w.3912E+01,bad,nstxuE202947A03t015,8,egn08w.3912E+01,1.9778140215564084,BAD,BAD_GRID_SCALE_SPIKE,BAD,BAD,GOOD,0.27,1.0,flagged_borderline_or_disagreement,2.1983428591026706,BAD_CONT_CROSS_WINDOW,,,BAD,rule_engine,ad8a8084e0e146704ec05f5e36f1ca2ab65f0c0d0d52b74f16a4c18da7198941,nstxuE202947A03t015/N8/egn08w.3912E+01
nstxuE202947A03t015/N9/egn09w.2108E+01,good,nstxuE202947A03t015,9,egn09w.2108E+01,1.4520464570549125,GOOD,NO_GOOD_TEMPLATE,BAD,BAD,BAD,0.19333333333333333,0.0,gold_bad,0.9525927953363806,BAD_INTERIOR_HARMONIC_INCOHERENCE,True,,REVIEW,rule_survivor_policy,90caee9e2468b4077ed1211edbd8578da4fc68820c73a4d7575d2543ac409cf9,nstxuE202947A03t015/N9/egn09w.2108E+01
nstxuE202947A03t015/N9/egn09w.3119E+01,good,nstxuE202947A03t015,9,egn09w.3119E+01,1.7659893880510384,GOOD,NO_GOOD_TEMPLATE,GOOD,GOOD,BAD,0.9033333333333333,1.5103470332178404e-06,flagged_rf_only_good,0.6738676087443007,BAD_GRID_SCALE_SPIKE,True,True,REVIEW,rule_survivor_policy,3e3e524c7374cadc90003c12db75501d40de4ed1786526855c5f295fbe28678d,nstxuE202947A03t015/N9/egn09w.3119E+01
nstxuE202947A03t015/N9/egn09w.3847E+01,bad,nstxuE202947A03t015,9,egn09w.3847E+01,1.9613736999121913,BAD,BAD_CONTINUUM_CROSSING_TAIL,BAD,BAD,GOOD,0.32,1.0,flagged_borderline_or_disagreement,3.5961621208490313,BAD_CONTINUUM_CROSSING_TAIL,,,BAD,rule_engine,321234844788176b77142cffda9f83da5699f05d381cfffc9c0f2fca581b2f7b,nstxuE202947A03t015/N9/egn09w.3847E+01
nstxuE202947A03t015/N10/egn10w.1947E+01,good,nstxuE202947A03t015,10,egn10w.1947E+01,1.3954015486996876,GOOD,NO_GOOD_TEMPLATE,GOOD,GOOD,BAD,0.89,1.6305502503755065e-09,flagged_rf_only_good,0.5426066276840877,BAD_GRID_SCALE_SPIKE,True,True,REVIEW,rule_survivor_policy,733000ea50450a60f5532149c92f644b338b8fc61e2442de9436aeda956cd587,nstxuE202947A03t015/N10/egn10w.1947E+01
nstxuE202947A03t015/N10/egn10w.3392E+01,good,nstxuE202947A03t015,10,egn10w.3392E+01,1.8417344441440822,GOOD,NO_GOOD_TEMPLATE,GOOD,GOOD,BAD,0.8233333333333334,1.1516983043998135e-33,flagged_rf_only_good,0.8552108253233996,BAD_GRID_SCALE_SPIKE,True,True,REVIEW,rule_survivor_policy,7677cf8889f946eb8631b80d5dd67e26eafad7f9092253e232cfebc3fc6f8445,nstxuE202947A03t015/N10/egn10w.3392E+01
nstxuE202947A03t015/N10/egn10w.3805E+01,bad,nstxuE202947A03t015,10,egn10w.3805E+01,1.9505473121724137,BAD,BAD_CONT_CROSS_WINDOW,BAD,BAD,GOOD,0.16333333333333333,0.9999926090240479,flagged_borderline_or_disagreement,20.0,BAD_CONT_CROSS_WINDOW,,,BAD,rule_engine,3e81292e87c3471528867a57572d5ca24f6478e3c77b941fd9b0877f6a9a6c46,nstxuE202947A03t015/N10/egn10w.3805E+01
nstxuE203262A04t018/N3/egn03w.1291E+02,good,nstxuE203262A04t018,3,egn03w.1291E+02,3.593078455562715,GOOD,NO_GOOD_TEMPLATE,BAD,BAD,BAD,0.4766666666666667,4.112856984457172e-26,flagged_borderline_or_disagreement,0.9465243944205121,BAD_INTERIOR_UNRESOLVED_ENVELOPE,True,,REVIEW,rule_survivor_policy,dc0dbe66a74fe5e8e63a5592c644b991b38ddcfef663d46d16be46c629cd5973,nstxuE203262A04t018/N3/egn03w.1291E+02
nstxuE203262A04t018/N4/egn04w.4562E+01,good,nstxuE203262A04t018,4,egn04w.4562E+01,2.1359284461075574,GOOD,NO_GOOD_TEMPLATE,GOOD,GOOD,BAD,0.5066666666666667,0.0,flagged_rf_only_good,0.9665626288264577,BAD_GRID_SCALE_SPIKE,True,True,REVIEW,rule_survivor_policy,c22a4bb31a082fa47e17aed3c27a82036c79619db87db36ad9445d4a992194ff,nstxuE203262A04t018/N4/egn04w.4562E+01
nstxuE203262A04t018/N4/egn04w.4612E+01,good,nstxuE203262A04t018,4,egn04w.4612E+01,2.147444896300723,GOOD,NO_GOOD_TEMPLATE,GOOD,GOOD,BAD,0.58,0.01751844212412834,flagged_rf_only_good,0.46866482018040095,BAD_GRID_SCALE_SPIKE,True,True,REVIEW,rule_survivor_policy,97426078e0382c20d1ba49ddff13e9ff9fccbfb8e4348a5e5f57974c852c7912,nstxuE203262A04t018/N4/egn04w.4612E+01
nstxuE203262A04t018/N4/egn04w.6916E+01,good,nstxuE203262A04t018,4,egn04w.6916E+01,2.6297913079160455,GOOD,NO_GOOD_TEMPLATE,GOOD,GOOD,BAD,0.9433333333333334,2.791567541363116e-12,flagged_rf_only_good,0.6182411342642212,BAD_GRID_SCALE_SPIKE,True,True,REVIEW,rule_survivor_policy,b4e2178d45a8ddd42da33d6703fcdd5a54253bb32d2b03b150c38349edbe4e0e,nstxuE203262A04t018/N4/egn04w.6916E+01
nstxuE203262A04t018/N4/egn04w.1263E+02,good,nstxuE203262A04t018,4,egn04w.1263E+02,3.5535715245045703,GOOD,NO_GOOD_TEMPLATE,BAD,BAD,BAD,0.39666666666666667,0.0,silver_bad,0.606075979694346,BAD_CONT_CROSS_WINDOW,True,,REVIEW,rule_survivor_policy,133cc8ecfd2fa650ca0d4ff17cad0d6079db5aef56ba8b2e4207912ebda03212,nstxuE203262A04t018/N4/egn04w.1263E+02
nstxuE203262A04t018/N6/egn06w.2317E+01,bad,nstxuE203262A04t018,6,egn06w.2317E+01,1.5220679572774416,BAD,BAD_CONT_CROSS_WINDOW,BAD,BAD,GOOD,0.11,0.9921578168869019,flagged_borderline_or_disagreement,9.777495383622178,BAD_CONT_CROSS_WINDOW,,,BAD,rule_engine,50eda8a04685998886948fd68fd6dc922ae40eff5bcc8171ae8c8ba963ee7a85,nstxuE203262A04t018/N6/egn06w.2317E+01
nstxuE203262A04t018/N6/egn06w.4322E+01,bad,nstxuE203262A04t018,6,egn06w.4322E+01,2.0790426965621194,BAD,BAD_CONT_CROSS_WINDOW,GOOD,GOOD,GOOD,0.6633333333333333,0.9956865310668945,silver_good,1.1363012307526008,BAD_CONT_CROSS_WINDOW,,True,BAD,rule_engine,4f820e7ecdf64ed433fc448724b250c0516b57d9e250e34b24a1b0d1124ae696,nstxuE203262A04t018/N6/egn06w.4322E+01
nstxuE203262A04t018/N6/egn06w.5989E+01,good,nstxuE203262A04t018,6,egn06w.5989E+01,2.447182869907037,GOOD,NO_GOOD_TEMPLATE,GOOD,GOOD,BAD,0.8966666666666666,5.1948344292895854e-08,flagged_rf_only_good,0.31027536772597014,BAD_GRID_SCALE_SPIKE,True,True,REVIEW,rule_survivor_policy,7dca221970cdb2c9b36e141dd6eca2e01b86ddd42fbfd96f93d8f17011c738e7,nstxuE203262A04t018/N6/egn06w.5989E+01
nstxuE203262A04t018/N6/egn06w.1529E+02,good,nstxuE203262A04t018,6,egn06w.1529E+02,3.909657066794249,GOOD,NO_GOOD_TEMPLATE,GOOD,GOOD,BAD,0.58,7.867551175877452e-05,flagged_rf_only_good,0.6329435569146603,BAD_CONT_CROSS_WINDOW,True,True,REVIEW,rule_survivor_policy,013459325671277fed55632ebedb5b46904c4080d1ea936c6dfaf011667b8902,nstxuE203262A04t018/N6/egn06w.1529E+02
nstxuE203262A04t018/N7/egn07w.2226E+01,good,nstxuE203262A04t018,7,egn07w.2226E+01,1.491833968867219,GOOD,NO_GOOD_TEMPLATE,BAD,BAD,BAD,0.37666666666666665,1.2014831352047395e-09,silver_bad,0.6458169070078721,BAD_GRID_SCALE_SPIKE,True,,REVIEW,rule_survivor_policy,e93291bfa9d7d33f290f285b8399e864e704f55c6b4f8492d39ea48c08a1f8ca,nstxuE203262A04t018/N7/egn07w.2226E+01
nstxuE203262A04t018/N7/egn07w.2457E+01,good,nstxuE203262A04t018,7,egn07w.2457E+01,1.5676381390198248,GOOD,NO_GOOD_TEMPLATE,GOOD,GOOD,BAD,0.5833333333333334,1.1807740549207857e-11,flagged_rf_only_good,0.7833274315884367,BAD_GRID_SCALE_SPIKE,True,True,REVIEW,rule_survivor_policy,79e9d2fd7249ceaabb31b411296b7d04351c59a7c89586b90ca31a31e5f6475b,nstxuE203262A04t018/N7/egn07w.2457E+01
nstxuE203262A04t018/N7/egn07w.4842E+01,good,nstxuE203262A04t018,7,egn07w.4842E+01,2.2004314090882198,GOOD,NO_GOOD_TEMPLATE,GOOD,GOOD,BAD,0.85,3.6078995544463404e-32,flagged_rf_only_good,0.43752225849707793,BAD_GRID_SCALE_SPIKE,True,True,REVIEW,rule_survivor_policy,958ad4fbdf65544062bfa439fa87242240675959973392de18b2094307b2f351,nstxuE203262A04t018/N7/egn07w.4842E+01
nstxuE203262A04t018/N7/egn07w.1219E+02,good,nstxuE203262A04t018,7,egn07w.1219E+02,3.4911214779093176,GOOD,NO_GOOD_TEMPLATE,GOOD,GOOD,BAD,0.9433333333333334,3.64488658320213e-19,flagged_rf_only_good,0.6599405501232268,BAD_GRID_SCALE_SPIKE,True,True,REVIEW,rule_survivor_policy,2207f0361588cf642c43a6207132e9c90084eebaada500773cdda49bd02296e1,nstxuE203262A04t018/N7/egn07w.1219E+02
nstxuE203262A04t018/N7/egn07w.1442E+02,bad,nstxuE203262A04t018,7,egn07w.1442E+02,3.7978519021578077,BAD,BAD_CONT_CROSS_WINDOW,BAD,BAD,GOOD,0.31333333333333335,0.9999997615814209,flagged_borderline_or_disagreement,1.1469721923046552,BAD_CONT_CROSS_WINDOW,,,BAD,rule_engine,ef88d8b2992baa49dd28e8884216bb5a488984794a9e982f6f216a411ea2bc7e,nstxuE203262A04t018/N7/egn07w.1442E+02
nstxuE203262A04t018/N8/egn08w.4882E+01,good,nstxuE203262A04t018,8,egn08w.4882E+01,2.2095223118647804,GOOD,NO_GOOD_TEMPLATE,BAD,BAD,BAD,0.49333333333333335,0.0,flagged_borderline_or_disagreement,0.8494352052006349,BAD_GRID_SCALE_SPIKE,True,,REVIEW,rule_survivor_policy,9c518affdf8c4df6555c196c6a552c152820a9622295bc04763320d0388af964,nstxuE203262A04t018/N8/egn08w.4882E+01
nstxuE203262A04t018/N8/egn08w.4900E+01,good,nstxuE203262A04t018,8,egn08w.4900E+01,2.213502353882065,GOOD,NO_GOOD_TEMPLATE,GOOD,GOOD,BAD,0.6933333333333334,0.0,flagged_rf_only_good,0.7286022000773658,BAD_GRID_SCALE_SPIKE,True,True,REVIEW,rule_survivor_policy,636851f721a979579623b37f13b15fa848067a1c8cfd3a4f8da6d6d97c462856,nstxuE203262A04t018/N8/egn08w.4900E+01
nstxuE203262A04t018/N8/egn08w.5738E+01,good,nstxuE203262A04t018,8,egn08w.5738E+01,2.395454626581323,GOOD,NO_GOOD_TEMPLATE,GOOD,GOOD,BAD,0.66,0.0,flagged_rf_only_good,0.6084024356426706,BAD_GRID_SCALE_SPIKE,True,True,REVIEW,rule_survivor_policy,9757b1bbd864c623702cb1241ca41b4718d5d6709faf965550cd52b754c23ed9,nstxuE203262A04t018/N8/egn08w.5738E+01
nstxuE203262A04t018/N9/egn09w.2552E+01,bad,nstxuE203262A04t018,9,egn09w.2552E+01,1.5976500671447735,BAD,BAD_GRID_SCALE_SPIKE,BAD,BAD,GOOD,0.35,0.9972103238105774,flagged_borderline_or_disagreement,1.1612611871197958,BAD_GRID_SCALE_SPIKE,,,BAD,rule_engine,4407165e48083d0d06b62475057f444ee0f4ed59426907c9b3613b34968bdd96,nstxuE203262A04t018/N9/egn09w.2552E+01
nstxuE203262A04t018/N9/egn09w.4452E+01,good,nstxuE203262A04t018,9,egn09w.4452E+01,2.1099015546495283,GOOD,NO_GOOD_TEMPLATE,GOOD,GOOD,BAD,0.5933333333333334,1.9713395241733664e-18,flagged_rf_only_good,0.9862140490948446,BAD_GRID_SCALE_SPIKE,True,True,REVIEW,rule_survivor_policy,c04936185f42f2b26767894c62747ff9b1f3627f6cbd3ada93bb580aa25cbec6,nstxuE203262A04t018/N9/egn09w.4452E+01
nstxuE203262A04t018/N9/egn09w.4938E+01,good,nstxuE203262A04t018,9,egn09w.4938E+01,2.222166858005733,GOOD,NO_GOOD_TEMPLATE,BAD,BAD,BAD,0.31333333333333335,0.0,silver_bad,0.6120931164897991,BAD_GRID_SCALE_SPIKE,True,,REVIEW,rule_survivor_policy,c6de0026acbb86085b5e97fb256b25cc3cbe8727f96f0375e4d2446dfa4e0734,nstxuE203262A04t018/N9/egn09w.4938E+01
nstxuE203262A04t018/N9/egn09w.1204E+02,good,nstxuE203262A04t018,9,egn09w.1204E+02,3.4693526473883836,GOOD,NO_GOOD_TEMPLATE,GOOD,GOOD,BAD,0.9466666666666667,0.0,flagged_rf_only_good,0.7971334323561519,BAD_GRID_SCALE_SPIKE,True,True,REVIEW,rule_survivor_policy,f17f5d2295e43d5dedb80d0af4fffe67f3349db3ae5f52cffe52afbb0c082890,nstxuE203262A04t018/N9/egn09w.1204E+02
nstxuE203262A04t018/N9/egn09w.1638E+02,good,nstxuE203262A04t018,9,egn09w.1638E+02,4.047251874851237,GOOD,NO_GOOD_TEMPLATE,GOOD,GOOD,BAD,0.6866666666666666,4.788842602465593e-07,flagged_rf_only_good,0.5963191591749089,BAD_GRID_SCALE_SPIKE,True,True,REVIEW,rule_survivor_policy,96a73301ff1780927b36ccc3e98877ae7c61ad0fc7017ad8b0a80717dab817fa,nstxuE203262A04t018/N9/egn09w.1638E+02
nstxuE203262A04t018/N9/egn09w.1738E+02,good,nstxuE203262A04t018,9,egn09w.1738E+02,4.168401434374107,GOOD,NO_GOOD_TEMPLATE,BAD,BAD,BAD,0.48333333333333334,2.8751073535908207e-25,flagged_borderline_or_disagreement,0.8947845131375457,BAD_CONTINUUM_CROSSING_TAIL,True,,REVIEW,rule_survivor_policy,250a9937b8764ac4e79944ca864a94b3b87695bdc257f15992156dc1208497ef,nstxuE203262A04t018/N9/egn09w.1738E+02
nstxuE203262A04t018/N10/egn10w.3061E+01,bad,nstxuE203262A04t018,10,egn10w.3061E+01,1.7496186952424173,BAD,BAD_CONT_CROSS_WINDOW,GOOD,BAD,GOOD,0.49666666666666665,0.9081981778144836,flagged_cnn_rescue,8.321571465414802,BAD_CONT_CROSS_WINDOW,,True,BAD,rule_engine,b820e44d0d2d3f9706d5a9cf51b7f46fd4176f6e6d78f2cc02bf18b39f62446c,nstxuE203262A04t018/N10/egn10w.3061E+01
nstxuE203262A04t018/N10/egn10w.4965E+01,good,nstxuE203262A04t018,10,egn10w.4965E+01,2.228247429186072,GOOD,NO_GOOD_TEMPLATE,GOOD,GOOD,BAD,0.6866666666666666,0.0,flagged_rf_only_good,0.745516568459248,BAD_GRID_SCALE_SPIKE,True,True,REVIEW,rule_survivor_policy,3197e0c665ea8d02d24357379091f503da3cc738b942f811f3fb0ff8144c85f9,nstxuE203262A04t018/N10/egn10w.4965E+01
nstxuE203262A04t018/N10/egn10w.6516E+01,bad,nstxuE203262A04t018,10,egn10w.6516E+01,2.552626094719081,BAD,BAD_GRID_SCALE_SPIKE,GOOD,GOOD,GOOD,0.7766666666666666,0.999995231628418,gold_good,1.2793105809612408,BAD_GRID_SCALE_SPIKE,,True,BAD,rule_engine,38eae558a619898e404243c829ddbc19b3ed08882d5e3835c0785d43ad1095da,nstxuE203262A04t018/N10/egn10w.6516E+01
nstxuE203262A04t018/N10/egn10w.6623E+01,good,nstxuE203262A04t018,10,egn10w.6623E+01,2.5735515655144425,GOOD,NO_GOOD_TEMPLATE,BAD,BAD,BAD,0.30666666666666664,3.618154495628467e-13,silver_bad,0.9261956138912095,BAD_GRID_SCALE_SPIKE,True,,REVIEW,rule_survivor_policy,808f10bc348d37f80692580cd92b1f0d2cbe124e2ba413ea39b51814f8784471,nstxuE203262A04t018/N10/egn10w.6623E+01
nstxuE203262A04t018/N10/egn10w.7234E+01,good,nstxuE203262A04t018,10,egn10w.7234E+01,2.6895775897006087,GOOD,NO_GOOD_TEMPLATE,GOOD,GOOD,BAD,0.9433333333333334,0.06805527210235596,flagged_rf_only_good,0.51321498315422,BAD_GRID_SCALE_SPIKE,True,True,REVIEW,rule_survivor_policy,b548a2e10cfe0ccb5bf1d3fe33dc7f8266cc1c1cd3d5a582bc9a00cf9461fc15,nstxuE203262A04t018/N10/egn10w.7234E+01
nstxuE203262A04t018/N10/egn10w.1151E+02,good,nstxuE203262A04t018,10,egn10w.1151E+02,3.3929026124154413,GOOD,NO_GOOD_TEMPLATE,GOOD,GOOD,BAD,0.6966666666666667,0.001128068775869906,flagged_rf_only_good,0.9727913935380456,BAD_AXIS_SPIKE,True,True,REVIEW,rule_survivor_policy,942f154deb70009eef701cef728ac57ce65ef1ab8f69458771aef2e944f2998d,nstxuE203262A04t018/N10/egn10w.1151E+02
nstxuE203262A04t018/N10/egn10w.1202E+02,good,nstxuE203262A04t018,10,egn10w.1202E+02,3.466399526663645,GOOD,NO_GOOD_TEMPLATE,GOOD,GOOD,BAD,0.69,0.0,flagged_rf_only_good,0.8707102331300953,BAD_GRID_SCALE_SPIKE,True,True,REVIEW,rule_survivor_policy,7a92342c80fa3555dc7ee9cd898ca6342cc0d58144edee7739d11e702e6f5111,nstxuE203262A04t018/N10/egn10w.1202E+02
nstxuE203262A04t018/N10/egn10w.1770E+02,good,nstxuE203262A04t018,10,egn10w.1770E+02,4.207520996484186,GOOD,NO_GOOD_TEMPLATE,BAD,BAD,BAD,0.21,4.39817793296271e-10,silver_bad,0.9211160839362139,BAD_CONT_CROSS_WINDOW,True,,REVIEW,rule_survivor_policy,19fe53325a4381dfe9d4cb7da64056c75e51012ef87f1e8034eaedf17321934c,nstxuE203262A04t018/N10/egn10w.1770E+02
nstxuE203609A01t020/N4/egn04w.7817E+01,good,nstxuE203609A01t020,4,egn04w.7817E+01,2.7958696002399765,GOOD,NO_GOOD_TEMPLATE,GOOD,GOOD,BAD,0.7666666666666667,0.0,flagged_rf_only_good,0.9359633715996648,BAD_INTERIOR_UNRESOLVED_ENVELOPE,True,True,REVIEW,rule_survivor_policy,c236391c1f56ec8ab4447ac37f04ff914349ee27e800cf64cedeae14ece058f2,nstxuE203609A01t020/N4/egn04w.7817E+01
nstxuE203609A01t020/N6/egn06w.6299E+01,good,nstxuE203609A01t020,6,egn06w.6299E+01,2.5098231661307753,GOOD,NO_GOOD_TEMPLATE,GOOD,GOOD,BAD,0.6833333333333333,2.462259317326243e-06,flagged_rf_only_good,0.6614227664202851,BAD_GRID_SCALE_SPIKE,True,True,REVIEW,rule_survivor_policy,ac6af5bf9b6c0a3f920092fbcb39be6e76780495caa4b84beaf387fb8caf7be8,nstxuE203609A01t020/N6/egn06w.6299E+01
nstxuE203609A01t020/N7/egn07w.2711E+01,good,nstxuE203609A01t020,7,egn07w.2711E+01,1.6463779538677958,GOOD,NO_GOOD_TEMPLATE,BAD,BAD,BAD,0.36666666666666664,0.0,silver_bad,0.9413941562151383,BAD_GRID_SCALE_SPIKE,True,,REVIEW,rule_survivor_policy,25e3c674aff442608df9d7c411966face4f668cbce34f733d8c98d03fc52a6d2,nstxuE203609A01t020/N7/egn07w.2711E+01
nstxuE203609A01t020/N7/egn07w.2944E+01,bad,nstxuE203609A01t020,7,egn07w.2944E+01,1.7158324145424022,BAD,BAD_CONT_CROSS_WINDOW,GOOD,BAD,GOOD,0.45,1.0,flagged_cnn_rescue,1.031407295474245,BAD_CONT_CROSS_WINDOW,,True,BAD,rule_engine,0e199d0bc8dde119dd7bb65c654bcec6aacf1926d2bfb704ede9ad41c5304038,nstxuE203609A01t020/N7/egn07w.2944E+01
nstxuE203609A01t020/N7/egn07w.8079E+01,good,nstxuE203609A01t020,7,egn07w.8079E+01,2.84236564410171,GOOD,NO_GOOD_TEMPLATE,GOOD,GOOD,BAD,0.7466666666666667,0.0,flagged_rf_only_good,0.5740848717556764,BAD_GRID_SCALE_SPIKE,True,True,REVIEW,rule_survivor_policy,e1cdfc5e677695f172186ee6f408cb017bb4e62b1f9e8e1dccf7f52c7161a14c,nstxuE203609A01t020/N7/egn07w.8079E+01
nstxuE203609A01t020/N7/egn07w.9477E+01,good,nstxuE203609A01t020,7,egn07w.9477E+01,3.078455599398358,GOOD,NO_GOOD_TEMPLATE,BAD,BAD,BAD,0.31333333333333335,0.0,silver_bad,0.9535914631544841,BAD_AXIS_SPIKE,True,,REVIEW,rule_survivor_policy,5dd0e552aceb1f164da6e61edbc9551d4810a34479bc56b4f47bfee4f72fdff0,nstxuE203609A01t020/N7/egn07w.9477E+01
nstxuE203609A01t020/N8/egn08w.5439E+01,bad,nstxuE203609A01t020,8,egn08w.5439E+01,2.332100709480871,BAD,BAD_NEAR_AXIS_GRID_OSCILLATION,GOOD,GOOD,GOOD,0.9733333333333334,0.6856855154037476,gold_good,1.1619572838820034,BAD_NEAR_AXIS_GRID_OSCILLATION,,True,BAD,rule_engine,54ce246f91ed2e209c268d4f694c8393e9a9da4493ef8c22a65953fb99855d19,nstxuE203609A01t020/N8/egn08w.5439E+01
nstxuE203609A01t020/N8/egn08w.5685E+01,bad,nstxuE203609A01t020,8,egn08w.5685E+01,2.3842603722360374,BAD,BAD_NEAR_AXIS_GRID_OSCILLATION,GOOD,GOOD,GOOD,0.97,1.0,gold_good,1.0950481899785116,BAD_NEAR_AXIS_GRID_OSCILLATION,,True,BAD,rule_engine,aa97bcf71ef7b474ac1745e23d9081d4cfdddd226d72cda07af95278f1f355fe,nstxuE203609A01t020/N8/egn08w.5685E+01
nstxuE203609A01t020/N10/egn10w.9193E+01,good,nstxuE203609A01t020,10,egn10w.9193E+01,3.0319650370708002,GOOD,NO_GOOD_TEMPLATE,GOOD,GOOD,BAD,0.67,0.0,flagged_rf_only_good,0.9952140606099166,BAD_GRID_SCALE_SPIKE,True,True,REVIEW,rule_survivor_policy,adc8bbe0768401e438b366b0f4fc771ffe5ad087254f46c37c670873eff0d972,nstxuE203609A01t020/N10/egn10w.9193E+01
nstxuE203653A02t025/N3/egn03w.1814E+02,good,nstxuE203653A02t025,3,egn03w.1814E+02,4.258988777040922,GOOD,NO_GOOD_TEMPLATE,BAD,BAD,BAD,0.44333333333333336,0.34438586235046387,flagged_borderline_or_disagreement,0.9259857406427776,BAD_EDGE_SPIKE,True,,REVIEW,rule_survivor_policy,76a32304581abf0a33431e553f24bbcb6b9cd0f0f2d3efa5a0feb728a1c3f2dd,nstxuE203653A02t025/N3/egn03w.1814E+02
nstxuE203653A02t025/N4/egn04w.9386E+01,good,nstxuE203653A02t025,4,egn04w.9386E+01,3.063727852005023,GOOD,NO_GOOD_TEMPLATE,GOOD,GOOD,BAD,0.7366666666666667,5.1308179074178614e-23,flagged_rf_only_good,0.6774347779044794,BAD_GRID_SCALE_SPIKE,True,True,REVIEW,rule_survivor_policy,8b06fff77dd8c913451bca57dfeecb34c9b4bf9c58e4b6edb337a6e80c9663d4,nstxuE203653A02t025/N4/egn04w.9386E+01
nstxuE203653A02t025/N4/egn04w.9449E+01,good,nstxuE203653A02t025,4,egn04w.9449E+01,3.073864938803684,GOOD,NO_GOOD_TEMPLATE,GOOD,GOOD,BAD,0.7866666666666666,0.045253936201334,flagged_rf_only_good,0.6676327636415803,BAD_GRID_SCALE_SPIKE,True,True,REVIEW,rule_survivor_policy,0812a39835d7e74f9cd996120962cbc792c36f6201012f15aacac02087aca222,nstxuE203653A02t025/N4/egn04w.9449E+01
nstxuE203653A02t025/N4/egn04w.2207E+02,good,nstxuE203653A02t025,4,egn04w.2207E+02,4.698266692040747,GOOD,NO_GOOD_TEMPLATE,GOOD,GOOD,BAD,0.7833333333333333,0.04099327325820923,flagged_rf_only_good,0.4556493128517341,BAD_CONTINUUM_CROSSING_TAIL,True,True,REVIEW,rule_survivor_policy,f41bb71d4c444a47c9bd482146ab6a775dfcd2dc96a072f67116403a5605cbc1,nstxuE203653A02t025/N4/egn04w.2207E+02
nstxuE203653A02t025/N6/egn06w.9409E+01,bad,nstxuE203653A02t025,6,egn06w.9409E+01,3.0674750641063855,BAD,BAD_NEAR_AXIS_GRID_OSCILLATION,GOOD,GOOD,GOOD,0.8966666666666666,0.9999964237213135,gold_good,1.174125246646217,BAD_NEAR_AXIS_GRID_OSCILLATION,,True,BAD,rule_engine,f4fbae9d7774720ee220bd1f1cafcf44bbbcd701154305e977533acbc1664d59,nstxuE203653A02t025/N6/egn06w.9409E+01
nstxuE203653A02t025/N6/egn06w.1464E+02,bad,nstxuE203653A02t025,6,egn06w.1464E+02,3.8258643298038923,BAD,BAD_NEAR_AXIS_GRID_OSCILLATION,GOOD,GOOD,GOOD,0.81,1.0,gold_good,1.1660220909859946,BAD_NEAR_AXIS_GRID_OSCILLATION,,True,BAD,rule_engine,dd2a6c8a5f796cd9f2f7b289ca774a0bf36ffd14fa029d2ec67ee28bcfeb8230,nstxuE203653A02t025/N6/egn06w.1464E+02
nstxuE203653A02t025/N6/egn06w.2822E+02,bad,nstxuE203653A02t025,6,egn06w.2822E+02,5.312164269577297,BAD,BAD_CONTINUUM_CROSSING_TAIL,GOOD,GOOD,GOOD,0.6866666666666666,0.7296245694160461,silver_good,1.0921532431153727,BAD_CONTINUUM_CROSSING_TAIL,,True,BAD,rule_engine,c57cc2cac70c952fd8c83ccef6275f6630a59ded0c6baf4477f858f18829f173,nstxuE203653A02t025/N6/egn06w.2822E+02
nstxuE203653A02t025/N7/egn07w.3243E+02,bad,nstxuE203653A02t025,7,egn07w.3243E+02,5.694863112640245,BAD,BAD_CONTINUUM_CROSSING_TAIL,GOOD,BAD,GOOD,0.4266666666666667,0.9999998807907104,flagged_cnn_rescue,1.3894943094713144,BAD_CONTINUUM_CROSSING_TAIL,,True,BAD,rule_engine,337102b3ddcc848aeccc9907430ae534514a54ed28c25aa7648cb20c1eb6ed91,nstxuE203653A02t025/N7/egn07w.3243E+02
nstxuE203653A02t025/N9/egn09w.3510E+02,bad,nstxuE203653A02t025,9,egn09w.3510E+02,5.9247551928661775,BAD,BAD_CONTINUUM_CROSSING_TAIL,BAD,BAD,GOOD,0.4033333333333333,0.6766052842140198,flagged_borderline_or_disagreement,1.4790310956165358,BAD_CONTINUUM_CROSSING_TAIL,,,BAD,rule_engine,4a6105bbb85456abc867c3c70e26b83839be8c41087696ea02bd43ae3e3f7eda,nstxuE203653A02t025/N9/egn09w.3510E+02
nstxuE203655F01t025/N1/egn01w.8493E+01,good,nstxuE203655F01t025,1,egn01w.8493E+01,2.9142314885035345,GOOD,NO_GOOD_TEMPLATE,BAD,BAD,BAD,0.35333333333333333,8.338670430240691e-21,silver_bad,0.6351283802513149,BAD_AXIS_SPIKE,True,,REVIEW,rule_survivor_policy,954089d2233dd5d1e5f99782a6a99341be2f51d161f793e6c6000609b1fa5325,nstxuE203655F01t025/N1/egn01w.8493E+01
nstxuE203655F01t025/N2/egn02w.1839E+02,bad,nstxuE203655F01t025,2,egn02w.1839E+02,4.288178100627046,BAD,BAD_AXIS_SPIKE,BAD,BAD,GOOD,0.023333333333333334,0.6931112408638,flagged_borderline_or_disagreement,5.0,BAD_AXIS_SPIKE,,,BAD,rule_engine,99d73b34b1eca8edf093294eb3d35a2a5ae23d178b1a99f7515780b325f3c2c4,nstxuE203655F01t025/N2/egn02w.1839E+02
nstxuE203655F01t025/N3/egn03w.8443E+01,bad,nstxuE203655F01t025,3,egn03w.8443E+01,2.9056340426776224,BAD,BAD_AXIS_SPIKE,GOOD,GOOD,GOOD,0.7466666666666667,0.9999997615814209,gold_good,1.011312524510788,BAD_AXIS_SPIKE,,True,BAD,rule_engine,914894243980b78ffb4338edf7e0f42d8fc75353e83ce14cc0e3904d1d664213,nstxuE203655F01t025/N3/egn03w.8443E+01
nstxuE203655F01t025/N5/egn05w.9141E+01,good,nstxuE203655F01t025,5,egn05w.9141E+01,3.0233963812993405,GOOD,NO_GOOD_TEMPLATE,GOOD,GOOD,BAD,0.6933333333333334,0.0,flagged_rf_only_good,0.7112363074781634,BAD_GRID_SCALE_SPIKE,True,True,REVIEW,rule_survivor_policy,9edd4183d3fc2a10c0bfd028db42df142c61ece11f8a669121e677f5516e4793,nstxuE203655F01t025/N5/egn05w.9141E+01
nstxuE203655F01t025/N5/egn05w.1008E+02,good,nstxuE203655F01t025,5,egn05w.1008E+02,3.174171938614566,GOOD,NO_GOOD_TEMPLATE,GOOD,GOOD,BAD,0.6966666666666667,0.0,flagged_rf_only_good,0.6929010369278793,BAD_GRID_SCALE_SPIKE,True,True,REVIEW,rule_survivor_policy,589a35f24b4b95a1bf36c92e8ed30b5d2db52d16dfd85b97b7c64b0f01e0c6fc,nstxuE203655F01t025/N5/egn05w.1008E+02
nstxuE203655F01t025/N5/egn05w.1064E+02,good,nstxuE203655F01t025,5,egn05w.1064E+02,3.2619998450811134,GOOD,NO_GOOD_TEMPLATE,GOOD,GOOD,BAD,0.7033333333333334,0.0,flagged_rf_only_good,0.6372516324532338,BAD_GRID_SCALE_SPIKE,False,False,REVIEW,rule_survivor_policy,ee0fdf27251c6682d74f372df77b9cf8de693e4a7577b572f9acfeb888f14b0e,nstxuE203655F01t025/N5/egn05w.1064E+02
nstxuE203655F01t025/N5/egn05w.1086E+02,good,nstxuE203655F01t025,5,egn05w.1086E+02,3.296178056791284,GOOD,NO_GOOD_TEMPLATE,GOOD,GOOD,BAD,0.77,0.0,flagged_rf_only_good,0.6031075555603314,BAD_GRID_SCALE_SPIKE,True,True,REVIEW,rule_survivor_policy,3f5acbcf06f8e646bc90a50c52a04e58e25b6669c43e5e5cbf7d56c5b5b90c05,nstxuE203655F01t025/N5/egn05w.1086E+02
nstxuE203655F01t025/N6/egn06w.2613E+02,good,nstxuE203655F01t025,6,egn06w.2613E+02,5.111516481449667,GOOD,NO_GOOD_TEMPLATE,GOOD,GOOD,BAD,0.9066666666666666,1.2962814155415003e-09,flagged_rf_only_good,0.5969279563493873,BAD_GRID_SCALE_SPIKE,True,True,REVIEW,rule_survivor_policy,696356f4dc4ca98b2f624026118c9b41feafe10328ead2f116320d7ef4dd07ac,nstxuE203655F01t025/N6/egn06w.2613E+02
nstxuE203655F01t025/N7/egn07w.9843E+01,good,nstxuE203655F01t025,7,egn07w.9843E+01,3.137285472457166,GOOD,NO_GOOD_TEMPLATE,GOOD,GOOD,BAD,0.8766666666666667,0.0,flagged_rf_only_good,0.5881582990883427,BAD_GRID_SCALE_SPIKE,True,True,REVIEW,rule_survivor_policy,2f4596230ce0ba1d52c3a4a25e025c6e5d7c0f39c30678dd74ec61d0fa10dd5d,nstxuE203655F01t025/N7/egn07w.9843E+01
nstxuE203655F01t025/N7/egn07w.1048E+02,good,nstxuE203655F01t025,7,egn07w.1048E+02,3.2375881890803173,GOOD,NO_GOOD_TEMPLATE,GOOD,GOOD,BAD,0.6066666666666667,0.0,flagged_rf_only_good,0.7578900271693936,BAD_GRID_SCALE_SPIKE,True,True,REVIEW,rule_survivor_policy,77074e8efb44fb999ed90c9c0fdb2ae0b36e8a087b5993b25051881d877f4b99,nstxuE203655F01t025/N7/egn07w.1048E+02
nstxuE203655F01t025/N7/egn07w.1053E+02,good,nstxuE203655F01t025,7,egn07w.1053E+02,3.24450644321026,GOOD,NO_GOOD_TEMPLATE,GOOD,GOOD,BAD,0.8266666666666667,0.0,flagged_rf_only_good,0.8949795116919237,BAD_GRID_SCALE_SPIKE,True,True,REVIEW,rule_survivor_policy,078623d51fa6f8674aabdce64cee191d375e85d183391de948a4e455b4889149,nstxuE203655F01t025/N7/egn07w.1053E+02
nstxuE203655F01t025/N8/egn08w.2404E+02,good,nstxuE203655F01t025,8,egn08w.2404E+02,4.903452626083995,GOOD,NO_GOOD_TEMPLATE,GOOD,GOOD,BAD,0.8266666666666667,1.7009889984528138e-34,flagged_rf_only_good,0.8605790607606245,BAD_DISTRIBUTED_HARMONIC_NOISE,True,True,REVIEW,rule_survivor_policy,ad2e97696cfb65b4a1d6260fe584e2ff4dc1966093fee24a2759dbd01d846b76,nstxuE203655F01t025/N8/egn08w.2404E+02
nstxuE203655F01t025/N9/egn09w.1872E+02,bad,nstxuE203655F01t025,9,egn09w.1872E+02,4.326743378662831,BAD,BAD_NEAR_AXIS_GRID_OSCILLATION,GOOD,GOOD,GOOD,0.8966666666666666,1.0,gold_good,1.1742302328199588,BAD_NEAR_AXIS_GRID_OSCILLATION,,True,BAD,rule_engine,8a278c92170363cad4db9bed62bf2776f0a29fdb09cf282b0d16806e3cfaf90f,nstxuE203655F01t025/N9/egn09w.1872E+02
nstxuE203655F01t025/N10/egn10w.1739E+02,bad,nstxuE203655F01t025,10,egn10w.1739E+02,4.170170470333886,BAD,BAD_NEAR_AXIS_GRID_OSCILLATION,GOOD,GOOD,GOOD,0.9766666666666667,0.9998871088027954,gold_good,1.3622714116598893,BAD_NEAR_AXIS_GRID_OSCILLATION,,True,BAD,rule_engine,7a6eab6f6b442f786f81eabf5917464466e3c5b047542676825115a2a3cd0ed7,nstxuE203655F01t025/N10/egn10w.1739E+02
nstxuE203655F01t025/N10/egn10w.1897E+02,bad,nstxuE203655F01t025,10,egn10w.1897E+02,4.3554963527270285,BAD,BAD_NEAR_AXIS_GRID_OSCILLATION,GOOD,GOOD,GOOD,0.89,0.9997239708900452,gold_good,1.2914923991254081,BAD_NEAR_AXIS_GRID_OSCILLATION,,True,BAD,rule_engine,4ea77235f07cc96f95f84aab38f5080ae12befbc08a2378134608c532c72107e,nstxuE203655F01t025/N10/egn10w.1897E+02
nstxuE203656A02t030/N2/egn02w.8304E+01,good,nstxuE203656A02t030,2,egn02w.8304E+01,2.8817083313674146,GOOD,NO_GOOD_TEMPLATE,BAD,BAD,BAD,0.36666666666666664,1.0720963480448624e-27,silver_bad,0.43878154131985436,BAD_AXIS_SPIKE,True,,REVIEW,rule_survivor_policy,ec338dc99ed15c4d5372e9e1a6aac8a8b4205ea31dab2628717bd988eb9fd77c,nstxuE203656A02t030/N2/egn02w.8304E+01
nstxuE203656A02t030/N2/egn02w.8376E+01,good,nstxuE203656A02t030,2,egn02w.8376E+01,2.894131052977596,GOOD,NO_GOOD_TEMPLATE,BAD,BAD,BAD,0.4866666666666667,0.03914802148938179,flagged_borderline_or_disagreement,0.3752471372748663,BAD_AXIS_SPIKE,True,,REVIEW,rule_survivor_policy,43f45cd3c4f9f68ffe333258970c78f3e1191ad5986b814a775c4ddcbfaa40cb,nstxuE203656A02t030/N2/egn02w.8376E+01
nstxuE203656A02t030/N3/egn03w.1050E+02,bad,nstxuE203656A02t030,3,egn03w.1050E+02,3.2396909974635006,BAD,BAD_CONT_CROSS_WINDOW,BAD,BAD,GOOD,0.14333333333333334,1.0,flagged_borderline_or_disagreement,12.710543245417202,BAD_CONT_CROSS_WINDOW,,,BAD,rule_engine,90a473fc8ebef13ac1ae542c77fb4cf61b74d7c0c92bca196a82a67a35997c5a,nstxuE203656A02t030/N3/egn03w.1050E+02
nstxuE203656A02t030/N3/egn03w.1329E+02,bad,nstxuE203656A02t030,3,egn03w.1329E+02,3.645854401568199,BAD,BAD_CONT_CROSS_WINDOW,BAD,BAD,GOOD,0.11666666666666667,1.0,flagged_borderline_or_disagreement,6.304178433019186,BAD_CONT_CROSS_WINDOW,,,BAD,rule_engine,70f638ed90dbc336abe7f412e0ba51ca22dc19f8d651d6371134b3e84ad64372,nstxuE203656A02t030/N3/egn03w.1329E+02
nstxuE203656A02t030/N4/egn04w.9392E+01,bad,nstxuE203656A02t030,4,egn04w.9392E+01,3.064646216944608,BAD,BAD_CONT_CROSS_WINDOW,BAD,BAD,GOOD,0.21666666666666667,1.0,flagged_borderline_or_disagreement,1.2645044960667107,BAD_CONT_CROSS_WINDOW,,,BAD,rule_engine,9326f6e1d51901e6adb4cc18c044ff9321d4e53db541e02e035349b829c171b5,nstxuE203656A02t030/N4/egn04w.9392E+01
nstxuE203656A02t030/N4/egn04w.9597E+01,bad,nstxuE203656A02t030,4,egn04w.9597E+01,3.0979159384990704,BAD,BAD_CONT_CROSS_WINDOW,BAD,BAD,GOOD,0.03,0.9999998807907104,flagged_borderline_or_disagreement,7.819218127409326,BAD_CONT_CROSS_WINDOW,,,BAD,rule_engine,1302de7b16daf868260e47f941a76069e5fce527fd2f91456aa6965924f76653,nstxuE203656A02t030/N4/egn04w.9597E+01
nstxuE203656A02t030/N4/egn04w.1410E+02,bad,nstxuE203656A02t030,4,egn04w.1410E+02,3.7550685319014243,BAD,BAD_CONT_CROSS_WINDOW,BAD,BAD,GOOD,0.14333333333333334,1.0,flagged_borderline_or_disagreement,9.57268947663137,BAD_CONT_CROSS_WINDOW,,,BAD,rule_engine,50f5dfbc149db66c1d87ef0c57feae54906d3da9d23358a23fa8b8800ac3bb92,nstxuE203656A02t030/N4/egn04w.1410E+02
nstxuE203656A02t030/N5/egn05w.1065E+02,bad,nstxuE203656A02t030,5,egn05w.1065E+02,3.2636341828963817,BAD,BAD_CONT_CROSS_WINDOW,BAD,BAD,GOOD,0.13333333333333333,1.0,flagged_borderline_or_disagreement,9.172500573772222,BAD_CONT_CROSS_WINDOW,,,BAD,rule_engine,9c37af7344785c2552143f351791d886e4c568aee18666440185937366e1e0b4,nstxuE203656A02t030/N5/egn05w.1065E+02
nstxuE203656A02t030/N5/egn05w.1184E+02,bad,nstxuE203656A02t030,5,egn05w.1184E+02,3.4404469276065903,BAD,BAD_CONT_CROSS_WINDOW,BAD,BAD,GOOD,0.13,1.0,flagged_borderline_or_disagreement,5.528681967105327,BAD_CONT_CROSS_WINDOW,,,BAD,rule_engine,2492b9893cde4e97602bd81b50a9796df5add5aaa756b0d3f5c6bfd5fc7533ad,nstxuE203656A02t030/N5/egn05w.1184E+02
nstxuE203656A02t030/N5/egn05w.1478E+02,bad,nstxuE203656A02t030,5,egn05w.1478E+02,3.8451143545636,BAD,BAD_CONT_CROSS_WINDOW,BAD,BAD,GOOD,0.14333333333333334,1.0,flagged_borderline_or_disagreement,10.59883190682177,BAD_CONT_CROSS_WINDOW,,,BAD,rule_engine,0c7f5698691ed353b891a486956b4db9512957f5633d7c7554486a18636b9cb8,nstxuE203656A02t030/N5/egn05w.1478E+02
nstxuE203656A02t030/N5/egn05w.1990E+02,bad,nstxuE203656A02t030,5,egn05w.1990E+02,4.46049050380555,BAD,BAD_CONT_CROSS_WINDOW,BAD,BAD,GOOD,0.09333333333333334,0.9999756813049316,flagged_borderline_or_disagreement,7.2405451756631605,BAD_CONT_CROSS_WINDOW,,,BAD,rule_engine,2fc4a2f61b849b7dcc1fe053a65699ad8c29980cdc186528e199393a510f927b,nstxuE203656A02t030/N5/egn05w.1990E+02
nstxuE203656A02t030/N6/egn06w.1526E+02,bad,nstxuE203656A02t030,6,egn06w.1526E+02,3.90669142242714,BAD,BAD_CONT_CROSS_WINDOW,BAD,BAD,GOOD,0.15,1.0,flagged_borderline_or_disagreement,4.863798783281106,BAD_CONT_CROSS_WINDOW,,,BAD,rule_engine,c468f8f2767f93fe3cd035474de564931476cc0c3b371dce0f055430b8e3b119,nstxuE203656A02t030/N6/egn06w.1526E+02
nstxuE203656A02t030/N7/egn07w.8871E+01,good,nstxuE203656A02t030,7,egn07w.8871E+01,2.978454101769688,GOOD,NO_GOOD_TEMPLATE,GOOD,GOOD,BAD,0.7066666666666667,0.10716698318719864,flagged_rf_only_good,0.534910059737772,BAD_AXIS_SPIKE,True,True,REVIEW,rule_survivor_policy,a126d81be3eb307649bcaba59cfda2749a96bc5002e03c7b4f5e50e15c6ad4d5,nstxuE203656A02t030/N7/egn07w.8871E+01
nstxuE203656A02t030/N7/egn07w.1065E+02,bad,nstxuE203656A02t030,7,egn07w.1065E+02,3.2632246907623927,BAD,BAD_CONT_CROSS_WINDOW,BAD,BAD,GOOD,0.13333333333333333,0.9999998807907104,flagged_borderline_or_disagreement,6.718928872870305,BAD_CONT_CROSS_WINDOW,,,BAD,rule_engine,13ec270b564d2c8b8573e0fa3fe9451992fb0300bb7945a87e1c148859afc355,nstxuE203656A02t030/N7/egn07w.1065E+02
nstxuE203656A02t030/N7/egn07w.1153E+02,bad,nstxuE203656A02t030,7,egn07w.1153E+02,3.395238493604528,BAD,BAD_CONT_CROSS_WINDOW,BAD,BAD,GOOD,0.18333333333333332,0.9999998807907104,flagged_borderline_or_disagreement,3.939170571171884,BAD_CONT_CROSS_WINDOW,,,BAD,rule_engine,ea4a73ace470879427814bceeeee6e72eda1f264ce3e5e783849c65c087e06f2,nstxuE203656A02t030/N7/egn07w.1153E+02
nstxuE203656A02t030/N7/egn07w.1231E+02,bad,nstxuE203656A02t030,7,egn07w.1231E+02,3.5081470176623,BAD,BAD_CONT_CROSS_WINDOW,BAD,BAD,GOOD,0.14,0.999958872795105,flagged_borderline_or_disagreement,2.584120380524656,BAD_CONT_CROSS_WINDOW,,,BAD,rule_engine,da38b5c9105fc40a45e283f4c9be5561663ed4b8c6486fb27c5ededd6e47f3af,nstxuE203656A02t030/N7/egn07w.1231E+02
nstxuE203656A02t030/N7/egn07w.1552E+02,bad,nstxuE203656A02t030,7,egn07w.1552E+02,3.9397908697086286,BAD,BAD_CONT_CROSS_WINDOW,BAD,BAD,GOOD,0.19666666666666666,1.0,flagged_borderline_or_disagreement,7.2114703208847635,BAD_CONT_CROSS_WINDOW,,,BAD,rule_engine,ab23556531ffecd17faf02a05bc04ce9ae8d49bd015aaab2af0080348f312b40,nstxuE203656A02t030/N7/egn07w.1552E+02
nstxuE203656A02t030/N8/egn08w.7553E+01,bad,nstxuE203656A02t030,8,egn08w.7553E+01,2.748250508846491,BAD,BAD_INTERIOR_UNRESOLVED_ENVELOPE,GOOD,BAD,GOOD,0.44333333333333336,1.0,flagged_cnn_rescue,1.0161181338663565,BAD_INTERIOR_UNRESOLVED_ENVELOPE,,True,BAD,rule_engine,f3dceebc8626e53f93330bfe678925556dbb312e63d6dd7fb1f3982e188ac884,nstxuE203656A02t030/N8/egn08w.7553E+01
nstxuE203656A02t030/N8/egn08w.7626E+01,good,nstxuE203656A02t030,8,egn08w.7626E+01,2.7615063742040746,GOOD,NO_GOOD_TEMPLATE,BAD,BAD,BAD,0.44666666666666666,3.03490621522684e-10,flagged_borderline_or_disagreement,0.9795446731967083,BAD_INTERIOR_UNRESOLVED_ENVELOPE,True,,REVIEW,rule_survivor_policy,9f0038e27222c3fde489a1257abf3d3d4fd80cd73373b862309fb55953061a88,nstxuE203656A02t030/N8/egn08w.7626E+01
nstxuE203656A02t030/N8/egn08w.8581E+01,bad,nstxuE203656A02t030,8,egn08w.8581E+01,2.929351186836834,BAD,BAD_CONT_CROSS_WINDOW,BAD,BAD,GOOD,0.16,1.0,flagged_borderline_or_disagreement,14.592217027578739,BAD_CONT_CROSS_WINDOW,,,BAD,rule_engine,a51563579b4c69646b6d228f7cfca12bba51017b7dee58583d4fa4e3d4cc6a1b,nstxuE203656A02t030/N8/egn08w.8581E+01
nstxuE203656A02t030/N8/egn08w.1127E+02,bad,nstxuE203656A02t030,8,egn08w.1127E+02,3.357041723363193,BAD,BAD_CONT_CROSS_WINDOW,BAD,BAD,GOOD,0.15666666666666668,1.0,flagged_borderline_or_disagreement,3.628716405756709,BAD_CONT_CROSS_WINDOW,,,BAD,rule_engine,1fbfa28c860e23c4b7a70f5ba78c511902df28a97edbd7b3f699a285cfdaf5c7,nstxuE203656A02t030/N8/egn08w.1127E+02
nstxuE203656A02t030/N8/egn08w.1177E+02,bad,nstxuE203656A02t030,8,egn08w.1177E+02,3.4309136213460922,BAD,BAD_CONT_CROSS_WINDOW,BAD,BAD,GOOD,0.14666666666666667,1.0,flagged_borderline_or_disagreement,9.011626554665046,BAD_CONT_CROSS_WINDOW,,,BAD,rule_engine,f37135abfd1ea878249c188f6ed78e719c32389327b2dee9330a761714e1f322,nstxuE203656A02t030/N8/egn08w.1177E+02
nstxuE203656A02t030/N8/egn08w.1350E+02,bad,nstxuE203656A02t030,8,egn08w.1350E+02,3.6739695174024827,BAD,BAD_CONT_CROSS_WINDOW,BAD,BAD,GOOD,0.37666666666666665,1.0,flagged_borderline_or_disagreement,2.4817672988174766,BAD_CONT_CROSS_WINDOW,,,BAD,rule_engine,3f9ae17366ff9961501903832799ee1bbd4f2cea90dc2a6ee3028ddd2fba9d30,nstxuE203656A02t030/N8/egn08w.1350E+02
nstxuE203656A02t030/N9/egn09w.8722E+01,good,nstxuE203656A02t030,9,egn09w.8722E+01,2.95337387561711,GOOD,NO_GOOD_TEMPLATE,GOOD,GOOD,BAD,0.8933333333333333,6.064874105504714e-05,flagged_rf_only_good,0.3641707911828394,BAD_GRID_SCALE_SPIKE,True,True,REVIEW,rule_survivor_policy,46b36c301e25e5b434a088f6504b56121d209f34a77be86b0a105153476664fa,nstxuE203656A02t030/N9/egn09w.8722E+01
nstxuE203656A02t030/N9/egn09w.1001E+02,bad,nstxuE203656A02t030,9,egn09w.1001E+02,3.163491156180187,BAD,BAD_CONT_CROSS_WINDOW,BAD,BAD,GOOD,0.30333333333333334,1.0,flagged_borderline_or_disagreement,1.847593946818012,BAD_CONT_CROSS_WINDOW,,,BAD,rule_engine,e0d1ddaccc8885b3f4ed920bf719059bf8ad53454fd83df4ecb71d406a06ac3f,nstxuE203656A02t030/N9/egn09w.1001E+02
nstxuE203656A02t030/N9/egn09w.1023E+02,bad,nstxuE203656A02t030,9,egn09w.1023E+02,3.1977297308783648,BAD,BAD_CONT_CROSS_WINDOW,GOOD,BAD,GOOD,0.4,1.0,flagged_cnn_rescue,4.618054131299856,BAD_CONT_CROSS_WINDOW,,True,BAD,rule_engine,ee1924f77596d609a6d4115a235a17c0decb5bc09567e8b7f7845ee6ef7a2b61,nstxuE203656A02t030/N9/egn09w.1023E+02
nstxuE203656A02t030/N9/egn09w.1066E+02,bad,nstxuE203656A02t030,9,egn09w.1066E+02,3.26464588066628,BAD,BAD_CONT_CROSS_WINDOW,BAD,BAD,GOOD,0.23333333333333334,1.0,flagged_borderline_or_disagreement,3.990701622492294,BAD_CONT_CROSS_WINDOW,,,BAD,rule_engine,e347e381303d4d86831f56b28d7f17259a71d5a3d212d763d816cd1bc0675a73,nstxuE203656A02t030/N9/egn09w.1066E+02
nstxuE203656A02t030/N9/egn09w.1109E+02,bad,nstxuE203656A02t030,9,egn09w.1109E+02,3.330530234155666,BAD,BAD_CONT_CROSS_WINDOW,BAD,BAD,GOOD,0.30333333333333334,1.0,flagged_borderline_or_disagreement,1.6499270740840473,BAD_CONT_CROSS_WINDOW,,,BAD,rule_engine,bb251b7d532ec6044e9d18c95858c9b0885826f1512435c64405817bff3a676d,nstxuE203656A02t030/N9/egn09w.1109E+02
nstxuE203656A02t030/N9/egn09w.1132E+02,bad,nstxuE203656A02t030,9,egn09w.1132E+02,3.3641688561853775,BAD,BAD_CONT_CROSS_WINDOW,BAD,BAD,GOOD,0.25666666666666665,1.0,flagged_borderline_or_disagreement,4.368494178826676,BAD_CONT_CROSS_WINDOW,,,BAD,rule_engine,3540c58556683af1862c052e35e193a938ec69e5eefb82a4687e14de83701a5b,nstxuE203656A02t030/N9/egn09w.1132E+02
nstxuE203656A02t030/N9/egn09w.1352E+02,bad,nstxuE203656A02t030,9,egn09w.1352E+02,3.6774792758101515,BAD,BAD_CONT_CROSS_WINDOW,BAD,BAD,GOOD,0.23,1.0,flagged_borderline_or_disagreement,7.158445886320207,BAD_CONT_CROSS_WINDOW,,,BAD,rule_engine,a5be1632fa18261bfab414904049e2e2e69ede7aaf992a34e565dcc78e767047,nstxuE203656A02t030/N9/egn09w.1352E+02
nstxuE203656A02t030/N9/egn09w.1598E+02,bad,nstxuE203656A02t030,9,egn09w.1598E+02,3.997635634486767,BAD,BAD_CONT_CROSS_WINDOW,BAD,BAD,GOOD,0.21,1.0,flagged_borderline_or_disagreement,5.250096446718914,BAD_CONT_CROSS_WINDOW,,,BAD,rule_engine,b314fd03e303ea8b2119bccb5001e92fceab4a7e24dd3379290bbef72be3dd94,nstxuE203656A02t030/N9/egn09w.1598E+02
nstxuE203656A02t030/N10/egn10w.9671E+01,good,nstxuE203656A02t030,10,egn10w.9671E+01,3.1098221048556267,GOOD,NO_GOOD_TEMPLATE,BAD,BAD,BAD,0.4166666666666667,1.1348978420434191e-27,flagged_borderline_or_disagreement,0.9552581611283376,BAD_GRID_SCALE_SPIKE,True,,REVIEW,rule_survivor_policy,d194721d266bcab22025447927e72a2afc74719d25af20c1d11ccab7cf7720a6,nstxuE203656A02t030/N10/egn10w.9671E+01
nstxuE203656A02t030/N10/egn10w.1070E+02,bad,nstxuE203656A02t030,10,egn10w.1070E+02,3.270937349935634,BAD,BAD_CONT_CROSS_WINDOW,BAD,BAD,GOOD,0.04666666666666667,1.0,flagged_borderline_or_disagreement,7.917081704692392,BAD_CONT_CROSS_WINDOW,,,BAD,rule_engine,12e27b1418a9ace857c9197f2c87c57413c3434c62c37b25313fa4d6377fd897,nstxuE203656A02t030/N10/egn10w.1070E+02
nstxuE203656A02t030/N10/egn10w.1240E+02,bad,nstxuE203656A02t030,10,egn10w.1240E+02,3.520702473756779,BAD,BAD_CONT_CROSS_WINDOW,BAD,BAD,GOOD,0.17333333333333334,1.0,flagged_borderline_or_disagreement,3.5884535300956424,BAD_CONT_CROSS_WINDOW,,,BAD,rule_engine,597a921b76d29e3497098451f778cf75996d6a46c1142b496c2f85fa1caccee5,nstxuE203656A02t030/N10/egn10w.1240E+02
nstxuE203656A02t030/N10/egn10w.1368E+02,bad,nstxuE203656A02t030,10,egn10w.1368E+02,3.699232144941846,BAD,BAD_CONT_CROSS_WINDOW,BAD,BAD,GOOD,0.03,0.9999986886978149,flagged_borderline_or_disagreement,2.330345915647214,BAD_CONT_CROSS_WINDOW,,,BAD,rule_engine,9c94ad292340ee170f16a70b097a615d5dc84f2e4663ebd9eb66891a964daff7,nstxuE203656A02t030/N10/egn10w.1368E+02
nstxuE203656A02t030/N10/egn10w.1621E+02,bad,nstxuE203656A02t030,10,egn10w.1621E+02,4.025975103566772,BAD,BAD_CONT_CROSS_WINDOW,BAD,BAD,GOOD,0.24333333333333335,1.0,flagged_borderline_or_disagreement,4.915458917875597,BAD_CONT_CROSS_WINDOW,,,BAD,rule_engine,6cd6f09298746b38181646207559679b9897c4fbe6bda1b490a9864bbb288670,nstxuE203656A02t030/N10/egn10w.1621E+02
nstxuE203963A01t025/N2/egn02w.4449E+01,bad,nstxuE203963A01t025,2,egn02w.4449E+01,2.109179754609191,BAD,BAD_AXIS_SPIKE,GOOD,GOOD,GOOD,0.8366666666666667,0.9999992847442627,gold_good,1.8315446015183583,BAD_NEAR_AXIS_GRID_OSCILLATION,,True,BAD,rule_engine,beb3fa0709eae4dd8b0ca6d15f3f519059386c343564f5e06df0aea42f5eaf45,nstxuE203963A01t025/N2/egn02w.4449E+01
nstxuE203963A01t025/N6/egn06w.4648E+01,good,nstxuE203963A01t025,6,egn06w.4648E+01,2.156014301095798,GOOD,NO_GOOD_TEMPLATE,BAD,BAD,BAD,0.39666666666666667,9.769605640030932e-07,silver_bad,0.8445112163028288,BAD_NEAR_AXIS_GRID_OSCILLATION,True,,REVIEW,rule_survivor_policy,ea86a3f416307f5a87bbc6f31fe205386672b9178c1fe122ffbf4ec4db1b2caa,nstxuE203963A01t025/N6/egn06w.4648E+01
nstxuE203963A01t025/N6/egn06w.4735E+01,bad,nstxuE203963A01t025,6,egn06w.4735E+01,2.1759295148741957,BAD,BAD_CONT_CROSS_WINDOW,BAD,BAD,GOOD,0.06333333333333334,0.9999990463256836,flagged_borderline_or_disagreement,20.0,BAD_CONT_CROSS_WINDOW,,,BAD,rule_engine,5cd10c77317982812e91e1c7f48e1f993820fa715d656db54da07996bcffa7aa,nstxuE203963A01t025/N6/egn06w.4735E+01
nstxuE203963A01t025/N6/egn06w.4889E+01,bad,nstxuE203963A01t025,6,egn06w.4889E+01,2.211028016791325,BAD,BAD_CONT_CROSS_WINDOW,BAD,BAD,GOOD,0.016666666666666666,0.9999973773956299,flagged_borderline_or_disagreement,19.65892598311396,BAD_CONT_CROSS_WINDOW,,,BAD,rule_engine,9ed41d86f61638423c7e859e4dcf389353746f7cb025f59c9e3410ec0bc6bf1e,nstxuE203963A01t025/N6/egn06w.4889E+01
nstxuE203963A01t025/N6/egn06w.6003E+01,bad,nstxuE203963A01t025,6,egn06w.6003E+01,2.4501556052055937,BAD,BAD_CONT_CROSS_WINDOW,BAD,BAD,GOOD,0.01,0.9999998807907104,flagged_borderline_or_disagreement,7.6412109788425795,BAD_CONT_CROSS_WINDOW,,,BAD,rule_engine,cfd4ba1ae386b6ce731a74740b303e2aa2d3168de85a3710cde11acf43efa596,nstxuE203963A01t025/N6/egn06w.6003E+01
nstxuE203963A01t025/N6/egn06w.6461E+01,bad,nstxuE203963A01t025,6,egn06w.6461E+01,2.541942066525586,BAD,BAD_CONT_CROSS_WINDOW,BAD,BAD,GOOD,0.13333333333333333,1.0,flagged_borderline_or_disagreement,17.853170302905124,BAD_CONT_CROSS_WINDOW,,,BAD,rule_engine,8a87e73083eb9aa5eaf7e6ce3f8846927187e2357a86fad98eff7200a5f2a9a8,nstxuE203963A01t025/N6/egn06w.6461E+01
nstxuE203963A01t025/N6/egn06w.8320E+01,bad,nstxuE203963A01t025,6,egn06w.8320E+01,2.8843646646903838,BAD,BAD_CONT_CROSS_WINDOW,BAD,BAD,GOOD,0.21333333333333335,1.0,flagged_borderline_or_disagreement,10.61080649229734,BAD_CONT_CROSS_WINDOW,,,BAD,rule_engine,7e7f9176a54447da6087fbaee98c71073e20ad90918c481d48f95f5293ab9e78,nstxuE203963A01t025/N6/egn06w.8320E+01
nstxuE203963A01t025/N7/egn07w.6650E+01,bad,nstxuE203963A01t025,7,egn07w.6650E+01,2.5786941158128136,BAD,BAD_CONT_CROSS_WINDOW,BAD,BAD,GOOD,0.11333333333333333,1.0,flagged_borderline_or_disagreement,16.711506401068007,BAD_CONT_CROSS_WINDOW,,,BAD,rule_engine,64690864af76cfb896f62ca4cb711ca0569d67fe1a0cedef8ab759f76c2ed04c,nstxuE203963A01t025/N7/egn07w.6650E+01
nstxuE203963A01t025/N7/egn07w.9605E+01,bad,nstxuE203963A01t025,7,egn07w.9605E+01,3.099147587468927,BAD,BAD_CONT_CROSS_WINDOW,BAD,BAD,GOOD,0.19,0.9999911785125732,flagged_borderline_or_disagreement,16.26389675477343,BAD_CONT_CROSS_WINDOW,,,BAD,rule_engine,6df83c4f97aa55103fa6fbc9443d98e916f5bd828c503f9c7a204d3d86329c90,nstxuE203963A01t025/N7/egn07w.9605E+01
nstxuE203963A01t025/N8/egn08w.6794E+01,bad,nstxuE203963A01t025,8,egn08w.6794E+01,2.6064443438521145,BAD,BAD_CONT_CROSS_WINDOW,BAD,BAD,GOOD,0.15666666666666668,1.0,flagged_borderline_or_disagreement,14.697026144859361,BAD_CONT_CROSS_WINDOW,,,BAD,rule_engine,67578aeef3294cd34edcf15a2329369b1bb2bf3f028c29c01917031b01a6a8c2,nstxuE203963A01t025/N8/egn08w.6794E+01
nstxuE203963A01t025/N8/egn08w.9371E+01,bad,nstxuE203963A01t025,8,egn08w.9371E+01,3.061206174736262,BAD,BAD_CONT_CROSS_WINDOW,GOOD,GOOD,GOOD,0.8266666666666667,1.0,gold_good,3.4857664195941473,BAD_CONT_CROSS_WINDOW,,True,BAD,rule_engine,f1d556c8327db69de5c960238d21dcd0a574836a8414b0f2dfcf9c31db29c0e0,nstxuE203963A01t025/N8/egn08w.9371E+01
nstxuE203963A01t025/N8/egn08w.1060E+02,bad,nstxuE203963A01t025,8,egn08w.1060E+02,3.2561686302844763,BAD,BAD_CONT_CROSS_WINDOW,BAD,BAD,GOOD,0.12,0.9999347925186157,flagged_borderline_or_disagreement,18.977066579339184,BAD_CONT_CROSS_WINDOW,,,BAD,rule_engine,33972b1e5fd9080bfba5de5f953ff5be944f6f90c50549bc2302ba6a490b0a97,nstxuE203963A01t025/N8/egn08w.1060E+02
nstxuE203963A01t025/N9/egn09w.6004E+01,bad,nstxuE203963A01t025,9,egn09w.6004E+01,2.4504020778922815,BAD,BAD_CONT_CROSS_WINDOW,BAD,BAD,GOOD,0.20333333333333334,1.0,flagged_borderline_or_disagreement,17.375037517932483,BAD_CONT_CROSS_WINDOW,,,BAD,rule_engine,4eda56fd3bdecda3057a21c4240dcb1413d286c7b3d311cd6c61ffcfe5e7d544,nstxuE203963A01t025/N9/egn09w.6004E+01
nstxuE203963A01t025/N9/egn09w.6893E+01,bad,nstxuE203963A01t025,9,egn09w.6893E+01,2.6253607404068746,BAD,BAD_CONT_CROSS_WINDOW,BAD,BAD,GOOD,0.18666666666666668,1.0,flagged_borderline_or_disagreement,15.732571677926456,BAD_CONT_CROSS_WINDOW,,,BAD,rule_engine,72a35760bdfb6b619da0de652e8047500807aa064148f9f1ffe0d3dc8cd087f8,nstxuE203963A01t025/N9/egn09w.6893E+01
nstxuE203963A01t025/N9/egn09w.1465E+02,bad,nstxuE203963A01t025,9,egn09w.1465E+02,3.82791252095605,BAD,BAD_CONT_CROSS_WINDOW,BAD,BAD,GOOD,0.0033333333333333335,0.9998202919960022,flagged_borderline_or_disagreement,5.9034290285237905,BAD_CONT_CROSS_WINDOW,,,BAD,rule_engine,d78ffa8beff5d7d1aeb400c49b8bb5265466fa7ecbdfbd3932436ea375a922fe,nstxuE203963A01t025/N9/egn09w.1465E+02
nstxuE203963A01t025/N10/egn10w.5377E+01,bad,nstxuE203963A01t025,10,egn10w.5377E+01,2.3187756573094602,BAD,BAD_CONT_CROSS_WINDOW,BAD,BAD,GOOD,0.24,1.0,flagged_borderline_or_disagreement,8.047022995779699,BAD_CONT_CROSS_WINDOW,,,BAD,rule_engine,8976c78ebc44a32e1b04de64718f85435b7e02cdaa5def6304c4932c67bfb149,nstxuE203963A01t025/N10/egn10w.5377E+01
nstxuE203963A01t025/N10/egn10w.5529E+01,bad,nstxuE203963A01t025,10,egn10w.5529E+01,2.3513853152779114,BAD,BAD_CONT_CROSS_WINDOW,BAD,BAD,GOOD,0.10666666666666667,1.0,flagged_borderline_or_disagreement,14.643858871680692,BAD_CONT_CROSS_WINDOW,,,BAD,rule_engine,4f072dd092c5d6c492b69a2b9172b505de3124e4cf851a608b2f9645ccdd0470,nstxuE203963A01t025/N10/egn10w.5529E+01
nstxuE203963A01t025/N10/egn10w.6151E+01,bad,nstxuE203963A01t025,10,egn10w.6151E+01,2.4801299693533942,BAD,BAD_CONT_CROSS_WINDOW,BAD,BAD,GOOD,0.12,1.0,flagged_borderline_or_disagreement,9.823430850553207,BAD_CONT_CROSS_WINDOW,,,BAD,rule_engine,87310caf7cfb2a296ff341cb40b04bad37b530421064f4613115bf770f5d5120,nstxuE203963A01t025/N10/egn10w.6151E+01
nstxuE203963A01t025/N10/egn10w.1457E+02,bad,nstxuE203963A01t025,10,egn10w.1457E+02,3.816893095563527,BAD,BAD_CONT_CROSS_WINDOW,BAD,BAD,GOOD,0.0033333333333333335,0.9997333884239197,flagged_borderline_or_disagreement,1.7751374096933716,BAD_CONT_CROSS_WINDOW,,,BAD,rule_engine,a1eee07d6c8a186dd42873c9fc8a1050fc57be5ec6569801fff426f3b58e0bae,nstxuE203963A01t025/N10/egn10w.1457E+02
nstxuE203981A01t025/N5/egn05w.1827E+02,bad,nstxuE203981A01t025,5,egn05w.1827E+02,4.274738733744592,BAD,BAD_CONTINUUM_CROSSING_TAIL,BAD,BAD,GOOD,0.20333333333333334,0.9956865906715393,flagged_borderline_or_disagreement,2.692458879213703,BAD_CONTINUUM_CROSSING_TAIL,,,BAD,rule_engine,5348ef89457d14476c7c838f57e1d7ef4b1001c14568a55936acbd1a3bf63a06,nstxuE203981A01t025/N5/egn05w.1827E+02
nstxuE203981A01t025/N6/egn06w.1540E+02,good,nstxuE203981A01t025,6,egn06w.1540E+02,3.923829521879909,GOOD,NO_GOOD_TEMPLATE,GOOD,GOOD,BAD,0.96,4.3910014937864617e-05,flagged_rf_only_good,0.8331318208180634,BAD_DISTRIBUTED_HARMONIC_NOISE,True,True,REVIEW,rule_survivor_policy,f7b9662518610c4b24d8b8a131cd4a21a750c8cabf578772f5ebb8a9ddf0128d,nstxuE203981A01t025/N6/egn06w.1540E+02
nstxuE203981A01t025/N6/egn06w.1874E+02,bad,nstxuE203981A01t025,6,egn06w.1874E+02,4.328964209443727,BAD,BAD_CONTINUUM_CROSSING_TAIL,BAD,BAD,GOOD,0.20333333333333334,0.7876688838005066,flagged_borderline_or_disagreement,2.1225896574483736,BAD_CONTINUUM_CROSSING_TAIL,,,BAD,rule_engine,74a24fc79acd021b7c8cc089851cd68ace5aba0c807e670688546795f1d558c5,nstxuE203981A01t025/N6/egn06w.1874E+02
nstxuE203981A01t025/N7/egn07w.6969E+01,bad,nstxuE203981A01t025,7,egn07w.6969E+01,2.639939766277322,BAD,BAD_NEAR_AXIS_GRID_OSCILLATION,GOOD,GOOD,GOOD,0.9733333333333334,0.9991126656532288,gold_good,1.0204941869741755,BAD_NEAR_AXIS_GRID_OSCILLATION,,True,BAD,rule_engine,f6fe76259186fb2383ec5b75d8fb82b42e197c05bde6f3bcb71bdb0bf7812657,nstxuE203981A01t025/N7/egn07w.6969E+01
nstxuE203981A01t025/N7/egn07w.1264E+02,bad,nstxuE203981A01t025,7,egn07w.1264E+02,3.5550645946598416,BAD,BAD_AXIS_SPIKE,GOOD,GOOD,GOOD,0.5766666666666667,1.0,silver_good,1.1425972435896758,BAD_AXIS_SPIKE,,True,BAD,rule_engine,4c0be278913dd195f0e6d234dafa52c94bfbbcbfdbb8dcff765342b461fa3924,nstxuE203981A01t025/N7/egn07w.1264E+02
nstxuE203981A01t025/N8/egn08w.1603E+02,good,nstxuE203981A01t025,8,egn08w.1603E+02,4.003385055134099,GOOD,NO_GOOD_TEMPLATE,GOOD,GOOD,BAD,0.91,0.017097797244787216,flagged_rf_only_good,0.6129573862199819,BAD_AXIS_SPIKE,True,True,REVIEW,rule_survivor_policy,645b7e513c4b381e190f42d840ebe03f56120ec596448eb9f2e33e51b25eb4a9,nstxuE203981A01t025/N8/egn08w.1603E+02
nstxuE203981A01t025/N9/egn09w.6118E+01,good,nstxuE203981A01t025,9,egn09w.6118E+01,2.4735569561289297,GOOD,NO_GOOD_TEMPLATE,GOOD,GOOD,BAD,0.5466666666666666,0.0,flagged_rf_only_good,0.940176943582331,BAD_GRID_SCALE_SPIKE,True,True,REVIEW,rule_survivor_policy,3292c25d02266bf1be30a90426eccd4d7a43d67cd3dabb9ce8330e0b21471a19,nstxuE203981A01t025/N9/egn09w.6118E+01
nstxuE203981A01t025/N9/egn09w.6369E+01,good,nstxuE203981A01t025,9,egn09w.6369E+01,2.5237586615326717,GOOD,NO_GOOD_TEMPLATE,GOOD,GOOD,BAD,0.73,5.189946818973112e-07,flagged_rf_only_good,0.9951265477743695,BAD_NEAR_AXIS_GRID_OSCILLATION,True,True,REVIEW,rule_survivor_policy,93704bf1c2cd14dd26c1b9087fc5bacd937c98d14546a4ebe5fdf5a78e3fd5aa,nstxuE203981A01t025/N9/egn09w.6369E+01
nstxuE203981A01t025/N9/egn09w.2070E+02,bad,nstxuE203981A01t025,9,egn09w.2070E+02,4.549357535794132,BAD,BAD_CONTINUUM_CROSSING_TAIL,GOOD,GOOD,GOOD,0.8166666666666667,0.9999963045120239,gold_good,1.0240744252540939,BAD_CONTINUUM_CROSSING_TAIL,,True,BAD,rule_engine,e6be299a96e5293f6d33134bcbf96d4508f136b149b6c9d6d72fe3bae1906844,nstxuE203981A01t025/N9/egn09w.2070E+02
nstxuE203981A01t025/N9/egn09w.2267E+02,bad,nstxuE203981A01t025,9,egn09w.2267E+02,4.761742648546523,BAD,BAD_CONT_CROSS_WINDOW,BAD,BAD,GOOD,0.27,0.8144416213035583,flagged_borderline_or_disagreement,2.0084274254300585,BAD_CONTINUUM_CROSSING_TAIL,,,BAD,rule_engine,8ce407d988c3816a846e235968b629d1c8a3f44ce3fd29921caf3b56ee4ed999,nstxuE203981A01t025/N9/egn09w.2267E+02
nstxuE203981A01t025/N10/egn10w.7385E+01,good,nstxuE203981A01t025,10,egn10w.7385E+01,2.7174580074407677,GOOD,NO_GOOD_TEMPLATE,GOOD,GOOD,BAD,0.9633333333333334,0.0019895657896995544,flagged_rf_only_good,0.7521969686613792,BAD_NEAR_AXIS_GRID_OSCILLATION,True,True,REVIEW,rule_survivor_policy,005916e50d5fe11182abe230af3e3b030f8397448cef3582d17620ce3a099d7d,nstxuE203981A01t025/N10/egn10w.7385E+01
nstxuE203981A01t025/N10/egn10w.2044E+02,bad,nstxuE203981A01t025,10,egn10w.2044E+02,4.521354326132185,BAD,BAD_CONTINUUM_CROSSING_TAIL,BAD,BAD,GOOD,0.44666666666666666,0.8956546187400818,flagged_borderline_or_disagreement,3.204022424409445,BAD_CONTINUUM_CROSSING_TAIL,,,BAD,rule_engine,041197c41252c0c26aede217f069136a3b6d841d27f2b659ab6eef61495353a8,nstxuE203981A01t025/N10/egn10w.2044E+02
nstxuE203981A01t025/N10/egn10w.2212E+02,bad,nstxuE203981A01t025,10,egn10w.2212E+02,4.703585886230286,BAD,BAD_CONTINUUM_CROSSING_TAIL,GOOD,GOOD,GOOD,0.76,0.9999998807907104,gold_good,1.2958945201866527,BAD_CONTINUUM_CROSSING_TAIL,,True,BAD,rule_engine,9235d01b1620d652822c28f967654725ba157ecc07abfe2d802bfc8f1bae1729,nstxuE203981A01t025/N10/egn10w.2212E+02
nstxuE204186A01t020/N2/egn02w.7370E+01,good,nstxuE204186A01t020,2,egn02w.7370E+01,2.7147519567499403,GOOD,NO_GOOD_TEMPLATE,BAD,BAD,BAD,0.3933333333333333,6.4856891413001e-08,silver_bad,0.772165441237754,BAD_AXIS_SPIKE,True,,REVIEW,rule_survivor_policy,f5501735f3962acb0d84f211d9766463c5b5b5f8230143a8ec1678484c76b292,nstxuE204186A01t020/N2/egn02w.7370E+01
nstxuE204186A01t020/N2/egn02w.7426E+01,good,nstxuE204186A01t020,2,egn02w.7426E+01,2.725003678021419,GOOD,NO_GOOD_TEMPLATE,BAD,BAD,BAD,0.36,2.61283643375812e-14,silver_bad,0.9755122407057867,BAD_AXIS_SPIKE,True,,REVIEW,rule_survivor_policy,df03626e492332b00b163d33700d79100e2f08896da42e8d3b86455c66ea06e5,nstxuE204186A01t020/N2/egn02w.7426E+01
nstxuE204186A01t020/N2/egn02w.7489E+01,good,nstxuE204186A01t020,2,egn02w.7489E+01,2.736649430014018,GOOD,NO_GOOD_TEMPLATE,BAD,BAD,BAD,0.3933333333333333,8.865774311925202e-21,silver_bad,0.6412127140476304,BAD_AXIS_SPIKE,True,,REVIEW,rule_survivor_policy,d7fdc6ad864b4e1aacca7a2c6a6b3d177b5f85f22dbb1c391664324906c7c8ca,nstxuE204186A01t020/N2/egn02w.7489E+01
nstxuE204186A01t020/N2/egn02w.7566E+01,good,nstxuE204186A01t020,2,egn02w.7566E+01,2.7505685902920716,GOOD,NO_GOOD_TEMPLATE,GOOD,GOOD,BAD,0.5666666666666667,4.2115031531865414e-24,flagged_rf_only_good,0.6165583429373515,BAD_GRID_SCALE_SPIKE,True,True,REVIEW,rule_survivor_policy,1815b65115b066000051761f80dc65ab9f6de8c36ea2da1e151549b7ddc8ca3f,nstxuE204186A01t020/N2/egn02w.7566E+01
nstxuE204186A01t020/N2/egn02w.7676E+01,good,nstxuE204186A01t020,2,egn02w.7676E+01,2.77048617524144,GOOD,NO_GOOD_TEMPLATE,GOOD,GOOD,BAD,0.5566666666666666,7.132298662781977e-08,flagged_rf_only_good,0.6582648146913509,BAD_GRID_SCALE_SPIKE,True,True,REVIEW,rule_survivor_policy,3be8c5db49206acff66d76239d597235d07acb573789ead8ec2ae54ee03bc65b,nstxuE204186A01t020/N2/egn02w.7676E+01
nstxuE204186A01t020/N2/egn02w.1027E+02,bad,nstxuE204186A01t020,2,egn02w.1027E+02,3.205215139625247,BAD,BAD_AXIS_SPIKE,BAD,BAD,GOOD,0.043333333333333335,0.9999996423721313,flagged_borderline_or_disagreement,5.807229746192629,BAD_CONT_CROSS_WINDOW,,,BAD,rule_engine,466ee9917aeff63fbe6fd1f73b90b86afeaa3e29105b03fe3b5ea918b217d2a3,nstxuE204186A01t020/N2/egn02w.1027E+02
nstxuE204186A01t020/N3/egn03w.1025E+02,bad,nstxuE204186A01t020,3,egn03w.1025E+02,3.2009026308430806,BAD,BAD_CONT_CROSS_WINDOW,BAD,BAD,GOOD,0.04666666666666667,1.0,flagged_borderline_or_disagreement,2.0513260457966105,BAD_CONT_CROSS_WINDOW,,,BAD,rule_engine,5464975103ab062b9804c0f2f9463c9690108f882c0c157c34c026b1e72db7ae,nstxuE204186A01t020/N3/egn03w.1025E+02
nstxuE204186A01t020/N3/egn03w.1098E+02,bad,nstxuE204186A01t020,3,egn03w.1098E+02,3.313937669024212,BAD,BAD_CONT_CROSS_WINDOW,BAD,BAD,GOOD,0.11666666666666667,1.0,flagged_borderline_or_disagreement,14.150686814024207,BAD_CONT_CROSS_WINDOW,,,BAD,rule_engine,23ca404de5ae685bd797399b58aa54fbe174358a923374a3760c91bc89463139,nstxuE204186A01t020/N3/egn03w.1098E+02
nstxuE204186A01t020/N4/egn04w.8505E+01,bad,nstxuE204186A01t020,4,egn04w.8505E+01,2.9162590273564786,BAD,BAD_CONT_CROSS_WINDOW,BAD,BAD,GOOD,0.15,0.9930720925331116,flagged_borderline_or_disagreement,11.716679419754913,BAD_CONT_CROSS_WINDOW,,,BAD,rule_engine,1d4a92b1d90be372a025755330e38ed53605130a57e1fb91e5323e37c6476786,nstxuE204186A01t020/N4/egn04w.8505E+01
nstxuE204186A01t020/N4/egn04w.1020E+02,bad,nstxuE204186A01t020,4,egn04w.1020E+02,3.193560012759849,BAD,BAD_CONT_CROSS_WINDOW,BAD,BAD,GOOD,0.006666666666666667,0.9934077262878418,flagged_borderline_or_disagreement,4.561062498384424,BAD_CONT_CROSS_WINDOW,,,BAD,rule_engine,a50394a2f6e80dd0aa5114bfc73d8437989d8c08d1206d99607890ca7b3f46fb,nstxuE204186A01t020/N4/egn04w.1020E+02
nstxuE204186A01t020/N4/egn04w.1044E+02,bad,nstxuE204186A01t020,4,egn04w.1044E+02,3.2313630140319956,BAD,BAD_CONT_CROSS_WINDOW,BAD,BAD,GOOD,0.056666666666666664,0.9999996423721313,flagged_borderline_or_disagreement,4.654912937930423,BAD_CONT_CROSS_WINDOW,,,BAD,rule_engine,c3f4093f4d45fdedee94e2b91c9831ab73299fc7cad56b18c4b6b3e494d84106,nstxuE204186A01t020/N4/egn04w.1044E+02
nstxuE204186A01t020/N4/egn04w.1199E+02,bad,nstxuE204186A01t020,4,egn04w.1199E+02,3.463373396519223,BAD,BAD_CONT_CROSS_WINDOW,BAD,BAD,GOOD,0.11,1.0,flagged_borderline_or_disagreement,4.770797980722111,BAD_CONT_CROSS_WINDOW,,,BAD,rule_engine,fa0fac82b4d7d89217d0dd1008884f2697a3cf75ec4ccf3de2a691ed9a5caffe,nstxuE204186A01t020/N4/egn04w.1199E+02
nstxuE204186A01t020/N4/egn04w.1317E+02,bad,nstxuE204186A01t020,4,egn04w.1317E+02,3.62869947908882,BAD,BAD_NEAR_AXIS_GRID_OSCILLATION,GOOD,GOOD,GOOD,0.8166666666666667,0.9432275891304016,gold_good,1.0374944789043223,BAD_NEAR_AXIS_GRID_OSCILLATION,,True,BAD,rule_engine,f1a698d4adeef18185f77cd8e037d5026bb5fdf56879e4814fca83fdfce27848,nstxuE204186A01t020/N4/egn04w.1317E+02
nstxuE204186A01t020/N4/egn04w.1447E+02,bad,nstxuE204186A01t020,4,egn04w.1447E+02,3.8043964515015207,BAD,BAD_CONTINUUM_CROSSING_TAIL,BAD,BAD,GOOD,0.30666666666666664,1.0,flagged_borderline_or_disagreement,1.4987482501781146,BAD_CONTINUUM_CROSSING_TAIL,,,BAD,rule_engine,a04ee01d1280770c7023807d44ebddd8d09eff2bb503fc7cfdfe7c5a6c2d9133,nstxuE204186A01t020/N4/egn04w.1447E+02
nstxuE204186A01t020/N5/egn05w.8904E+01,bad,nstxuE204186A01t020,5,egn05w.8904E+01,2.983910820887007,BAD,BAD_CONT_CROSS_WINDOW,BAD,BAD,GOOD,0.03333333333333333,1.0,flagged_borderline_or_disagreement,20.0,BAD_CONT_CROSS_WINDOW,,,BAD,rule_engine,40e5b8edd5861333f3ec19468707db7c5886a966d6766db51606ba335acbf7b8,nstxuE204186A01t020/N5/egn05w.8904E+01
nstxuE204186A01t020/N5/egn05w.9215E+01,bad,nstxuE204186A01t020,5,egn05w.9215E+01,3.0355694434845506,BAD,BAD_CONT_CROSS_WINDOW,BAD,BAD,GOOD,0.15333333333333332,1.0,flagged_borderline_or_disagreement,8.037435991369156,BAD_CONT_CROSS_WINDOW,,,BAD,rule_engine,07ca743e2f3860772fe3af3e494ba830975cb427698dab82214bf877d2f7afb4,nstxuE204186A01t020/N5/egn05w.9215E+01
nstxuE204186A01t020/N5/egn05w.1004E+02,bad,nstxuE204186A01t020,5,egn05w.1004E+02,3.167935718198549,BAD,BAD_CONT_CROSS_WINDOW,BAD,BAD,GOOD,0.016666666666666666,1.0,flagged_borderline_or_disagreement,5.308043059733755,BAD_CONT_CROSS_WINDOW,,,BAD,rule_engine,78bae9b5ae15d13803b5e73d3e12531a045be973ea60c1a528ef5f79f50388c8,nstxuE204186A01t020/N5/egn05w.1004E+02
nstxuE204186A01t020/N5/egn05w.1027E+02,bad,nstxuE204186A01t020,5,egn05w.1027E+02,3.2048062019318406,BAD,BAD_CONT_CROSS_WINDOW,BAD,BAD,GOOD,0.05,1.0,flagged_borderline_or_disagreement,2.7055670105659644,BAD_CONT_CROSS_WINDOW,,,BAD,rule_engine,9b44ee3e4e5814aaad819b94797a05e7ad19b16aee8bebb4e027e4a88fdbf341,nstxuE204186A01t020/N5/egn05w.1027E+02
nstxuE204186A01t020/N5/egn05w.1113E+02,bad,nstxuE204186A01t020,5,egn05w.1113E+02,3.3361929636868948,BAD,BAD_CONT_CROSS_WINDOW,BAD,BAD,GOOD,0.10666666666666667,1.0,flagged_borderline_or_disagreement,6.9186112454525555,BAD_CONT_CROSS_WINDOW,,,BAD,rule_engine,3b4eca4f0886acad82cd724ca319d9bc9cf8104c53c25c2069b7c1a1826c0998,nstxuE204186A01t020/N5/egn05w.1113E+02
nstxuE204186A01t020/N5/egn05w.2034E+02,bad,nstxuE204186A01t020,5,egn05w.2034E+02,4.509983557160189,BAD,BAD_CONT_CROSS_WINDOW,GOOD,GOOD,GOOD,0.7966666666666666,0.9999998807907104,gold_good,1.0751958211238184,BAD_CONT_CROSS_WINDOW,,True,BAD,rule_engine,a315c986c031a27d669ca706ba827914300e397498f65cd0623eda5f4209a799,nstxuE204186A01t020/N5/egn05w.2034E+02
nstxuE204186A01t020/N6/egn06w.8422E+01,bad,nstxuE204186A01t020,6,egn06w.8422E+01,2.902094067986216,BAD,BAD_CONT_CROSS_WINDOW,BAD,BAD,GOOD,0.006666666666666667,0.9959580302238464,flagged_borderline_or_disagreement,20.0,BAD_CONT_CROSS_WINDOW,,,BAD,rule_engine,fb3456ddc05028b3ceb99ec82040a98659c90d9a694dff9fd2f795f0332ba7a5,nstxuE204186A01t020/N6/egn06w.8422E+01
nstxuE204186A01t020/N6/egn06w.9123E+01,bad,nstxuE204186A01t020,6,egn06w.9123E+01,3.0204837119972665,BAD,BAD_CONT_CROSS_WINDOW,BAD,BAD,GOOD,0.043333333333333335,0.9977145195007324,flagged_borderline_or_disagreement,6.487510637086644,BAD_CONT_CROSS_WINDOW,,,BAD,rule_engine,8306c0a2c791a119b90a793b8adc9aec6819fd59f1ea1c846c3df096a1239bb3,nstxuE204186A01t020/N6/egn06w.9123E+01
nstxuE204186A01t020/N6/egn06w.9797E+01,bad,nstxuE204186A01t020,6,egn06w.9797E+01,3.1299660377077485,BAD,BAD_CONT_CROSS_WINDOW,BAD,BAD,GOOD,0.013333333333333334,1.0,flagged_borderline_or_disagreement,12.129123931524278,BAD_CONT_CROSS_WINDOW,,,BAD,rule_engine,7466f999048977e40b880a4369ef504724a8e8413720719898f4323963ef93c4,nstxuE204186A01t020/N6/egn06w.9797E+01
nstxuE204186A01t020/N6/egn06w.1007E+02,bad,nstxuE204186A01t020,6,egn06w.1007E+02,3.1735120224671305,BAD,BAD_CONT_CROSS_WINDOW,BAD,BAD,GOOD,0.15333333333333332,1.0,flagged_borderline_or_disagreement,5.597233792981231,BAD_CONT_CROSS_WINDOW,,,BAD,rule_engine,c6c3928e58a4b70ecde5a0d72ffdffd722fe217dcda16b5cdd19476c7ed2cd04,nstxuE204186A01t020/N6/egn06w.1007E+02
nstxuE204186A01t020/N6/egn06w.1078E+02,bad,nstxuE204186A01t020,6,egn06w.1078E+02,3.2829753452620807,BAD,BAD_CONT_CROSS_WINDOW,BAD,BAD,GOOD,0.04,1.0,flagged_borderline_or_disagreement,7.903210511582195,BAD_CONT_CROSS_WINDOW,,,BAD,rule_engine,620cd944bde838a5d2d4a869494a0986e4681be6702290b9df0c416750718493,nstxuE204186A01t020/N6/egn06w.1078E+02
nstxuE204186A01t020/N6/egn06w.1181E+02,bad,nstxuE204186A01t020,6,egn06w.1181E+02,3.4368147492828522,BAD,BAD_CONT_CROSS_WINDOW,BAD,BAD,GOOD,0.016666666666666666,1.0,flagged_borderline_or_disagreement,11.156201790220104,BAD_CONT_CROSS_WINDOW,,,BAD,rule_engine,b49f45ef4bf97115e5aa11373c6068bf7dc036feb754cb77c4056370f2c1cc32,nstxuE204186A01t020/N6/egn06w.1181E+02
nstxuE204186A01t020/N6/egn06w.2102E+02,good,nstxuE204186A01t020,6,egn06w.2102E+02,4.5849870546293205,GOOD,NO_GOOD_TEMPLATE,GOOD,GOOD,BAD,0.7266666666666667,0.06341546028852463,flagged_rf_only_good,0.6279720752712751,BAD_GRID_SCALE_SPIKE,True,True,REVIEW,rule_survivor_policy,f0bae64fe36ffef231359e89434b25feb1cdb0dddc4edbfd352d0db474a2493f,nstxuE204186A01t020/N6/egn06w.2102E+02
nstxuE204186A01t020/N7/egn07w.8993E+01,bad,nstxuE204186A01t020,7,egn07w.8993E+01,2.9989105923574884,BAD,BAD_CONT_CROSS_WINDOW,BAD,BAD,GOOD,0.03333333333333333,0.9999895095825195,flagged_borderline_or_disagreement,12.731735520250187,BAD_CONT_CROSS_WINDOW,,,BAD,rule_engine,01199abc3a76f784da01fa0c273dde138c82cb04ea4d8186af59620c11cc6aca,nstxuE204186A01t020/N7/egn07w.8993E+01
nstxuE204186A01t020/N7/egn07w.9447E+01,bad,nstxuE204186A01t020,7,egn07w.9447E+01,3.0736768220511523,BAD,BAD_CONT_CROSS_WINDOW,BAD,BAD,GOOD,0.03333333333333333,1.0,flagged_borderline_or_disagreement,7.42189852125063,BAD_CONT_CROSS_WINDOW,,,BAD,rule_engine,e982f329cd7f760ba594506ce4a9861bfbcd16d5aa13b5bd42d44677b5e50fe7,nstxuE204186A01t020/N7/egn07w.9447E+01
nstxuE204186A01t020/N7/egn07w.9794E+01,bad,nstxuE204186A01t020,7,egn07w.9794E+01,3.129477466708804,BAD,BAD_CONT_CROSS_WINDOW,BAD,BAD,GOOD,0.03333333333333333,1.0,flagged_borderline_or_disagreement,8.064481675875564,BAD_CONT_CROSS_WINDOW,,,BAD,rule_engine,4242430dcb4c84a83bc64ce005a6238ed6315ce4718e6e3ff74dbb32c3097382,nstxuE204186A01t020/N7/egn07w.9794E+01
nstxuE204186A01t020/N7/egn07w.1124E+02,bad,nstxuE204186A01t020,7,egn07w.1124E+02,3.3520199471589236,BAD,BAD_CONT_CROSS_WINDOW,BAD,BAD,GOOD,0.10666666666666667,0.9999998807907104,flagged_borderline_or_disagreement,7.978669271244749,BAD_CONT_CROSS_WINDOW,,,BAD,rule_engine,bdd1c5b0cfe0c911dca11b8b843d3fdc8dc91fe6c4dcf20837185deb03a7c58d,nstxuE204186A01t020/N7/egn07w.1124E+02
nstxuE204186A01t020/N7/egn07w.1229E+02,bad,nstxuE204186A01t020,7,egn07w.1229E+02,3.50518259094846,BAD,BAD_CONT_CROSS_WINDOW,BAD,BAD,GOOD,0.12666666666666668,1.0,flagged_borderline_or_disagreement,12.31345172208193,BAD_CONT_CROSS_WINDOW,,,BAD,rule_engine,d43f2dd54666dd4b4e726d008d57372a048af63a182c526f6e45e777966d8bfd,nstxuE204186A01t020/N7/egn07w.1229E+02
nstxuE204186A01t020/N7/egn07w.1387E+02,bad,nstxuE204186A01t020,7,egn07w.1387E+02,3.72422681065091,BAD,BAD_CONT_CROSS_WINDOW,BAD,BAD,GOOD,0.21,1.0,flagged_borderline_or_disagreement,9.515689189575344,BAD_CONT_CROSS_WINDOW,,,BAD,rule_engine,e9353bc534080c0cb9ffd67ea111c018168133b55aae97b47c0985b06e83e4cd,nstxuE204186A01t020/N7/egn07w.1387E+02
nstxuE204186A01t020/N8/egn08w.9284E+01,bad,nstxuE204186A01t020,8,egn08w.9284E+01,3.047036095606291,BAD,BAD_CONT_CROSS_WINDOW,BAD,BAD,GOOD,0.01,0.9976223111152649,flagged_borderline_or_disagreement,10.802062421682388,BAD_CONT_CROSS_WINDOW,,,BAD,rule_engine,86a288cc35ecce323fe0fecea67c9e9d185bf79aa9d610d486227eaa95f314cd,nstxuE204186A01t020/N8/egn08w.9284E+01
nstxuE204186A01t020/N8/egn08w.9736E+01,bad,nstxuE204186A01t020,8,egn08w.9736E+01,3.120266563158422,BAD,BAD_CONT_CROSS_WINDOW,BAD,BAD,GOOD,0.07666666666666666,1.0,flagged_borderline_or_disagreement,8.829521136412527,BAD_CONT_CROSS_WINDOW,,,BAD,rule_engine,77bcee31fda0f9f7bf9bc5f7bee911c83e9f2cf6688bfd2777622b6983ba4bee,nstxuE204186A01t020/N8/egn08w.9736E+01
nstxuE204186A01t020/N8/egn08w.1009E+02,bad,nstxuE204186A01t020,8,egn08w.1009E+02,3.1770812212388715,BAD,BAD_CONT_CROSS_WINDOW,BAD,BAD,GOOD,0.03,1.0,flagged_borderline_or_disagreement,8.348022019857991,BAD_CONT_CROSS_WINDOW,,,BAD,rule_engine,74857673bcc3c049179a47c7e0a2b1be60ee92c9dc73666cd5771874d2c858c2,nstxuE204186A01t020/N8/egn08w.1009E+02
nstxuE204186A01t020/N8/egn08w.1032E+02,bad,nstxuE204186A01t020,8,egn08w.1032E+02,3.213115037505414,BAD,BAD_CONT_CROSS_WINDOW,BAD,BAD,GOOD,0.04666666666666667,0.9999914169311523,flagged_borderline_or_disagreement,3.888520487658904,BAD_CONT_CROSS_WINDOW,,,BAD,rule_engine,e2e7fc27512d9545e322889e72263bf957fc6f8846d9f0c8fd61fcf6573c80bd,nstxuE204186A01t020/N8/egn08w.1032E+02
nstxuE204186A01t020/N8/egn08w.1273E+02,bad,nstxuE204186A01t020,8,egn08w.1273E+02,3.567516162067362,BAD,BAD_CONT_CROSS_WINDOW,BAD,BAD,GOOD,0.11,0.9999994039535522,flagged_borderline_or_disagreement,12.332649157626468,BAD_CONT_CROSS_WINDOW,,,BAD,rule_engine,372b89f461b0cad58637014421099896c275647aca387a9f5937ba5368d47926,nstxuE204186A01t020/N8/egn08w.1273E+02
nstxuE204186A01t020/N8/egn08w.1427E+02,bad,nstxuE204186A01t020,8,egn08w.1427E+02,3.7774155470983763,BAD,BAD_CONT_CROSS_WINDOW,BAD,BAD,GOOD,0.15666666666666668,0.9999998807907104,flagged_borderline_or_disagreement,13.500507388182395,BAD_CONT_CROSS_WINDOW,,,BAD,rule_engine,c329a58c1df3e3dfb81d8b37b58c4a31a0f31f4cb7db64bc0628d67ca803da39,nstxuE204186A01t020/N8/egn08w.1427E+02
nstxuE204186A01t020/N8/egn08w.2514E+02,good,nstxuE204186A01t020,8,egn08w.2514E+02,5.014258555051574,GOOD,NO_GOOD_TEMPLATE,BAD,BAD,BAD,0.13,2.2082898794906214e-05,gold_bad,0.7633354555364512,BAD_NEAR_AXIS_GRID_OSCILLATION,True,,REVIEW,rule_survivor_policy,9c7338267ac491364a8540bacd15ebb8950a3f45837e1bd358c71b6c254ffc6d,nstxuE204186A01t020/N8/egn08w.2514E+02
nstxuE204186A01t020/N9/egn09w.8689E+01,bad,nstxuE204186A01t020,9,egn09w.8689E+01,2.947790887140607,BAD,BAD_CONT_CROSS_WINDOW,BAD,BAD,GOOD,0.04,0.9999997615814209,flagged_borderline_or_disagreement,9.6784681588755,BAD_CONT_CROSS_WINDOW,,,BAD,rule_engine,d87466d22ee92c837a7f613efe3d8d4810ecd933ca38065b8186efcd6425c5d6,nstxuE204186A01t020/N9/egn09w.8689E+01
nstxuE204186A01t020/N9/egn09w.9036E+01,bad,nstxuE204186A01t020,9,egn09w.9036E+01,3.0060703900552794,BAD,BAD_CONT_CROSS_WINDOW,BAD,BAD,GOOD,0.03666666666666667,1.0,flagged_borderline_or_disagreement,10.971416363893903,BAD_CONT_CROSS_WINDOW,,,BAD,rule_engine,30efc9645413ef7e00a8c8326a3cebdffa257a26f5a2b66408fbf3993ad30607,nstxuE204186A01t020/N9/egn09w.9036E+01
nstxuE204186A01t020/N9/egn09w.9669E+01,bad,nstxuE204186A01t020,9,egn09w.9669E+01,3.1095287253721375,BAD,BAD_CONT_CROSS_WINDOW,BAD,BAD,GOOD,0.07333333333333333,1.0,flagged_borderline_or_disagreement,8.442785768250399,BAD_CONT_CROSS_WINDOW,,,BAD,rule_engine,3dc06b67afe860386ca2ca30a25dda86634d881b46f31f2bb2b2e345d674963d,nstxuE204186A01t020/N9/egn09w.9669E+01
nstxuE204186A01t020/N9/egn09w.9944E+01,bad,nstxuE204186A01t020,9,egn09w.9944E+01,3.1533650996166394,BAD,BAD_CONT_CROSS_WINDOW,BAD,BAD,GOOD,0.03333333333333333,1.0,flagged_borderline_or_disagreement,7.339939377531685,BAD_CONT_CROSS_WINDOW,,,BAD,rule_engine,d9aeb4b30b12fab99236895806fb38f1aba282c7e3713efbf10b0bad706d2449,nstxuE204186A01t020/N9/egn09w.9944E+01
nstxuE204186A01t020/N9/egn09w.1083E+02,bad,nstxuE204186A01t020,9,egn09w.1083E+02,3.2902785405156245,BAD,BAD_NEAR_AXIS_GRID_OSCILLATION,BAD,BAD,GOOD,0.07666666666666666,1.0,flagged_borderline_or_disagreement,1.9975682510664927,BAD_CONT_CROSS_WINDOW,,,BAD,rule_engine,6e22e1e1a322808c8aee6b84f40cf25e6208d41d4bd13444d84a741c4dcd49f7,nstxuE204186A01t020/N9/egn09w.1083E+02
nstxuE204186A01t020/N9/egn09w.1121E+02,bad,nstxuE204186A01t020,9,egn09w.1121E+02,3.347501200694529,BAD,BAD_CONT_CROSS_WINDOW,BAD,BAD,GOOD,0.09,1.0,flagged_borderline_or_disagreement,7.88661268138188,BAD_CONT_CROSS_WINDOW,,,BAD,rule_engine,2ce7436c6b03ae32396a10987ed868754a2ab265886af6a3a093e4c6de1006cd,nstxuE204186A01t020/N9/egn09w.1121E+02
nstxuE204186A01t020/N9/egn09w.1311E+02,bad,nstxuE204186A01t020,9,egn09w.1311E+02,3.620865240582771,BAD,BAD_CONT_CROSS_WINDOW,BAD,BAD,GOOD,0.14666666666666667,1.0,flagged_borderline_or_disagreement,10.149903943246285,BAD_CONT_CROSS_WINDOW,,,BAD,rule_engine,98302a82710ec9b521d5333b154c898d7ba30ea00d204d8cb216ac8a21db3b9a,nstxuE204186A01t020/N9/egn09w.1311E+02
nstxuE204186A01t020/N9/egn09w.2349E+02,good,nstxuE204186A01t020,9,egn09w.2349E+02,4.846508658404197,GOOD,NO_GOOD_TEMPLATE,GOOD,GOOD,BAD,0.71,0.0801410898566246,flagged_rf_only_good,0.6391319269880043,BAD_GRID_SCALE_SPIKE,True,True,REVIEW,rule_survivor_policy,01e5221b2b0cb5dd4fb4fb6a74d6c9e70782263f85bedcb4445e25b4cd6a367f,nstxuE204186A01t020/N9/egn09w.2349E+02
nstxuE204186A01t020/N10/egn10w.8983E+01,bad,nstxuE204186A01t020,10,egn10w.8983E+01,2.997174776456154,BAD,BAD_CONT_CROSS_WINDOW,BAD,BAD,GOOD,0.09333333333333334,1.0,flagged_borderline_or_disagreement,10.250595101212197,BAD_CONT_CROSS_WINDOW,,,BAD,rule_engine,a3d6312dd11bfc26366dd0092f46965f8becd6a9c79d2270c548b4a13904f54c,nstxuE204186A01t020/N10/egn10w.8983E+01
nstxuE204186A01t020/N10/egn10w.9352E+01,bad,nstxuE204186A01t020,10,egn10w.9352E+01,3.0581110299572267,BAD,BAD_CONT_CROSS_WINDOW,BAD,BAD,GOOD,0.023333333333333334,1.0,flagged_borderline_or_disagreement,8.408766117620038,BAD_CONT_CROSS_WINDOW,,,BAD,rule_engine,78399f90aa82b84fef1a40d958998a6d224310a0d4dffaeb79aaf30edaea85d2,nstxuE204186A01t020/N10/egn10w.9352E+01
nstxuE204186A01t020/N10/egn10w.9580E+01,bad,nstxuE204186A01t020,10,egn10w.9580E+01,3.095106610457656,BAD,BAD_CONT_CROSS_WINDOW,BAD,BAD,GOOD,0.03,1.0,flagged_borderline_or_disagreement,10.009214487415372,BAD_CONT_CROSS_WINDOW,,,BAD,rule_engine,58c817a089d1045ce8df644285d261c57f1acb6967dda57df88a1588eaac833d,nstxuE204186A01t020/N10/egn10w.9580E+01
nstxuE204186A01t020/N10/egn10w.1005E+02,bad,nstxuE204186A01t020,10,egn10w.1005E+02,3.169428016453483,BAD,BAD_CONT_CROSS_WINDOW,BAD,BAD,GOOD,0.10666666666666667,0.9999998807907104,flagged_borderline_or_disagreement,5.985564868531419,BAD_CONT_CROSS_WINDOW,,,BAD,rule_engine,725722c58038e5f249c80fefca31a74acabb75b43bf7ba5efae831f603fe041a,nstxuE204186A01t020/N10/egn10w.1005E+02
nstxuE204186A01t020/N10/egn10w.1039E+02,bad,nstxuE204186A01t020,10,egn10w.1039E+02,3.222889918761413,BAD,BAD_CONT_CROSS_WINDOW,BAD,BAD,GOOD,0.09333333333333334,1.0,flagged_borderline_or_disagreement,8.816233156579065,BAD_CONT_CROSS_WINDOW,,,BAD,rule_engine,b0caf4117309e1437a119067aeecb19cdbaf756555d52fca67ef312a79cb455d,nstxuE204186A01t020/N10/egn10w.1039E+02
nstxuE204186A01t020/N10/egn10w.1057E+02,bad,nstxuE204186A01t020,10,egn10w.1057E+02,3.2510700888879396,BAD,BAD_CONT_CROSS_WINDOW,BAD,BAD,GOOD,0.11,1.0,flagged_borderline_or_disagreement,3.061475305426308,BAD_CONT_CROSS_WINDOW,,,BAD,rule_engine,693327c795a2586dd7652010e401ae4240effba6e672487a9e7c6a734b21a825,nstxuE204186A01t020/N10/egn10w.1057E+02
nstxuE204186A01t020/N10/egn10w.1158E+02,bad,nstxuE204186A01t020,10,egn10w.1158E+02,3.4022176307143286,BAD,BAD_CONT_CROSS_WINDOW,BAD,BAD,GOOD,0.10333333333333333,1.0,flagged_borderline_or_disagreement,8.09886171317947,BAD_CONT_CROSS_WINDOW,,,BAD,rule_engine,6c33f65973bb1423e9b3dbc6e3c25766cf12ba4ef9a7c7e4b0c37eaf12cd6c84,nstxuE204186A01t020/N10/egn10w.1158E+02
nstxuE204186A01t020/N10/egn10w.1238E+02,bad,nstxuE204186A01t020,10,egn10w.1238E+02,3.5185119725279277,BAD,BAD_CONT_CROSS_WINDOW,BAD,BAD,GOOD,0.2,1.0,flagged_borderline_or_disagreement,5.760525177029769,BAD_CONT_CROSS_WINDOW,,,BAD,rule_engine,d9434db8b7f83c55ea32b4d080a57346fd35f6961ebb6ee9ac45f1be3614928e,nstxuE204186A01t020/N10/egn10w.1238E+02
nstxuE204186A01t020/N10/egn10w.1889E+02,good,nstxuE204186A01t020,10,egn10w.1889E+02,4.346624971525854,GOOD,NO_GOOD_TEMPLATE,GOOD,GOOD,BAD,0.7833333333333333,0.44152623414993286,flagged_rf_only_good,0.6452271743095584,BAD_NEAR_AXIS_GRID_OSCILLATION,True,True,REVIEW,rule_survivor_policy,42e50855c46dcd91da7ae2983b7b4a251395c89c3b468a05f0c55d14f6c4a613,nstxuE204186A01t020/N10/egn10w.1889E+02
nstxuE204621A03t030/N2/egn02w.7108E+01,good,nstxuE204621A03t030,2,egn02w.7108E+01,2.6660119574753067,GOOD,NO_GOOD_TEMPLATE,BAD,BAD,BAD,0.38,0.0,silver_bad,0.965438836010322,BAD_AXIS_SPIKE,True,,REVIEW,rule_survivor_policy,0bb013b37d62efa1ac61943b44e04efa39f0fe962270ed73cea32bb0796579d3,nstxuE204621A03t030/N2/egn02w.7108E+01
nstxuE204621A03t030/N2/egn02w.9382E+01,bad,nstxuE204621A03t030,2,egn02w.9382E+01,3.0629812155495193,BAD,BAD_CONT_CROSS_WINDOW,BAD,BAD,GOOD,0.03,1.0,flagged_borderline_or_disagreement,7.201998871433429,BAD_CONT_CROSS_WINDOW,,,BAD,rule_engine,65ffe67b1a8650c3cae55470e5b1d4efd1bde774fe0b0dbc631f668e328f3701,nstxuE204621A03t030/N2/egn02w.9382E+01
nstxuE204621A03t030/N3/egn03w.8276E+01,bad,nstxuE204621A03t030,3,egn03w.8276E+01,2.876732262029492,BAD,BAD_CONT_CROSS_WINDOW,BAD,BAD,GOOD,0.08333333333333333,1.0,flagged_borderline_or_disagreement,5.120553250997678,BAD_CONT_CROSS_WINDOW,,,BAD,rule_engine,fbf8ce142a6f71a02ea856a16b41d6e53fd0032085478da7b66300c8efe16661,nstxuE204621A03t030/N3/egn03w.8276E+01
nstxuE204621A03t030/N3/egn03w.8862E+01,bad,nstxuE204621A03t030,3,egn03w.8862E+01,2.9769437652974595,BAD,BAD_CONT_CROSS_WINDOW,BAD,BAD,GOOD,0.08333333333333333,1.0,flagged_borderline_or_disagreement,3.7697233354519346,BAD_CONT_CROSS_WINDOW,,,BAD,rule_engine,284e6894080a600d4540333106f298a6ea6b9d475970cdf84bd9e58e060e09ea,nstxuE204621A03t030/N3/egn03w.8862E+01
nstxuE204621A03t030/N3/egn03w.1008E+02,bad,nstxuE204621A03t030,3,egn03w.1008E+02,3.17495718151297,BAD,BAD_CONT_CROSS_WINDOW,BAD,BAD,GOOD,0.11333333333333333,1.0,flagged_borderline_or_disagreement,4.211329652889952,BAD_CONT_CROSS_WINDOW,,,BAD,rule_engine,047cfabeb2ed71bd412f82ab86b7526ee0d038965c1a2b854d3d56baf8f7b5ec,nstxuE204621A03t030/N3/egn03w.1008E+02
nstxuE204621A03t030/N4/egn04w.1083E+02,bad,nstxuE204621A03t030,4,egn04w.1083E+02,3.2908174270222617,BAD,BAD_CONT_CROSS_WINDOW,BAD,BAD,GOOD,0.11333333333333333,1.0,flagged_borderline_or_disagreement,3.1645401420133243,BAD_CONT_CROSS_WINDOW,,,BAD,rule_engine,985b43a9c01a66a7e98da0ddb28276803f5fb41e525a6f931318c1743e3e365b,nstxuE204621A03t030/N4/egn04w.1083E+02
nstxuE204621A03t030/N5/egn05w.1140E+02,bad,nstxuE204621A03t030,5,egn05w.1140E+02,3.3756993214320947,BAD,BAD_CONT_CROSS_WINDOW,BAD,BAD,GOOD,0.016666666666666666,1.0,flagged_borderline_or_disagreement,4.89776567648559,BAD_CONT_CROSS_WINDOW,,,BAD,rule_engine,74fd96ace8c6c700faeb7689d27700d948c0a6ba69339f1a2aa21afd7233607e,nstxuE204621A03t030/N5/egn05w.1140E+02
nstxuE204621A03t030/N6/egn06w.6319E+01,bad,nstxuE204621A03t030,6,egn06w.6319E+01,2.513777568206416,BAD,BAD_AXIS_SPIKE,BAD,BAD,GOOD,0.29333333333333333,1.0,flagged_borderline_or_disagreement,5.0,BAD_AXIS_SPIKE,,,BAD,rule_engine,588fa05b97c46edd942b38a87fa363c650e4982f7153db3ee864b682877190bc,nstxuE204621A03t030/N6/egn06w.6319E+01
nstxuE204621A03t030/N6/egn06w.6414E+01,bad,nstxuE204621A03t030,6,egn06w.6414E+01,2.5324931462440374,BAD,BAD_AXIS_SPIKE,BAD,BAD,GOOD,0.43666666666666665,0.7909681797027588,flagged_borderline_or_disagreement,1.3138524303686747,BAD_INTERIOR_UNRESOLVED_ENVELOPE,,,BAD,rule_engine,8ef2e6838da6f01c331e91e8f03c25eebb0ea1ef7d8c4849c39ae992c9ce0a0b,nstxuE204621A03t030/N6/egn06w.6414E+01
nstxuE204621A03t030/N6/egn06w.7163E+01,good,nstxuE204621A03t030,6,egn06w.7163E+01,2.6764215702827907,GOOD,NO_GOOD_TEMPLATE,BAD,BAD,BAD,0.26,6.583457872822232e-14,silver_bad,0.5900135811132136,BAD_INTERIOR_UNRESOLVED_ENVELOPE,True,,REVIEW,rule_survivor_policy,755314264dbdb57d0951d63476235f273a8d1cf5b6322bd5806ebb3bc53ffbd9,nstxuE204621A03t030/N6/egn06w.7163E+01
nstxuE204621A03t030/N6/egn06w.7626E+01,bad,nstxuE204621A03t030,6,egn06w.7626E+01,2.7615435985830454,BAD,BAD_CONT_CROSS_WINDOW,BAD,BAD,GOOD,0.006666666666666667,1.0,flagged_borderline_or_disagreement,14.098066415065455,BAD_CONT_CROSS_WINDOW,,,BAD,rule_engine,36380678ed701b1bd9e147f3e4f40661dfa5d0ce1977110d458d0e128629b39e,nstxuE204621A03t030/N6/egn06w.7626E+01
nstxuE204621A03t030/N6/egn06w.9498E+01,bad,nstxuE204621A03t030,6,egn06w.9498E+01,3.0819139117397483,BAD,BAD_CONT_CROSS_WINDOW,BAD,BAD,GOOD,0.02666666666666667,1.0,flagged_borderline_or_disagreement,10.211505700145706,BAD_CONT_CROSS_WINDOW,,,BAD,rule_engine,648e04bbcae59b18b6f80acbcf3d857a75a67807058c2087dbbe84b835c7bf9f,nstxuE204621A03t030/N6/egn06w.9498E+01
nstxuE204621A03t030/N6/egn06w.1079E+02,bad,nstxuE204621A03t030,6,egn06w.1079E+02,3.284931753351602,BAD,BAD_CONT_CROSS_WINDOW,BAD,BAD,GOOD,0.04,1.0,flagged_borderline_or_disagreement,3.069377968265188,BAD_CONT_CROSS_WINDOW,,,BAD,rule_engine,369dbfa2b33906245176484818a0a165d88b2ed553c3fec9620b517ef50e25fa,nstxuE204621A03t030/N6/egn06w.1079E+02
nstxuE204621A03t030/N6/egn06w.1204E+02,bad,nstxuE204621A03t030,6,egn06w.1204E+02,3.4700970150106065,BAD,BAD_CONT_CROSS_WINDOW,BAD,BAD,GOOD,0.11,1.0,flagged_borderline_or_disagreement,6.7241553458106536,BAD_CONT_CROSS_WINDOW,,,BAD,rule_engine,34aab5a42d65586a969213e387e3def20dcc04bcf11d7cb01a1b0ad5e2593aff,nstxuE204621A03t030/N6/egn06w.1204E+02
nstxuE204621A03t030/N6/egn06w.1273E+02,good,nstxuE204621A03t030,6,egn06w.1273E+02,3.5682940676819146,GOOD,NO_GOOD_TEMPLATE,BAD,BAD,BAD,0.21666666666666667,7.939764259390358e-07,silver_bad,0.6127006951262759,BAD_CONT_CROSS_WINDOW,True,,REVIEW,rule_survivor_policy,c0f165b744adff896578ce9e629e6e2d73c16555823cdf7d904ff21e57e6eb03,nstxuE204621A03t030/N6/egn06w.1273E+02
nstxuE204621A03t030/N7/egn07w.7235E+01,good,nstxuE204621A03t030,7,egn07w.7235E+01,2.689835563325435,GOOD,NO_GOOD_TEMPLATE,BAD,BAD,BAD,0.21,8.800947101031913e-20,silver_bad,0.6238860076755404,BAD_INTERIOR_UNRESOLVED_ENVELOPE,True,,REVIEW,rule_survivor_policy,50e296af7d6b30fb7cc358fdd2f92e92869fa1866e9ffd77a47192834a1176e4,nstxuE204621A03t030/N7/egn07w.7235E+01
nstxuE204621A03t030/N7/egn07w.7730E+01,bad,nstxuE204621A03t030,7,egn07w.7730E+01,2.780282855942188,BAD,BAD_CONT_CROSS_WINDOW,BAD,BAD,GOOD,0.016666666666666666,1.0,flagged_borderline_or_disagreement,11.388936690124861,BAD_CONT_CROSS_WINDOW,,,BAD,rule_engine,9fb039a3af4b43bfd2e898d64078f186e7a4bbb5d08806f28b00ab7a33d0b302,nstxuE204621A03t030/N7/egn07w.7730E+01
nstxuE204621A03t030/N7/egn07w.8108E+01,bad,nstxuE204621A03t030,7,egn07w.8108E+01,2.8474378740450246,BAD,BAD_CONT_CROSS_WINDOW,BAD,BAD,GOOD,0.07333333333333333,1.0,flagged_borderline_or_disagreement,8.882426728278936,BAD_CONT_CROSS_WINDOW,,,BAD,rule_engine,1845af87a1dcfadcb3bc75a3064bcb9e655d1dd2fc54a51328497de3e8cb77bd,nstxuE204621A03t030/N7/egn07w.8108E+01
nstxuE204621A03t030/N7/egn07w.8797E+01,bad,nstxuE204621A03t030,7,egn07w.8797E+01,2.9660336430232968,BAD,BAD_CONT_CROSS_WINDOW,BAD,BAD,GOOD,0.03666666666666667,1.0,flagged_borderline_or_disagreement,9.23765665341974,BAD_CONT_CROSS_WINDOW,,,BAD,rule_engine,592288615f977bc327f4399e69a44b4bc5cdf6fd552b04d42be0d778b45a579b,nstxuE204621A03t030/N7/egn07w.8797E+01
nstxuE204621A03t030/N7/egn07w.1083E+02,bad,nstxuE204621A03t030,7,egn07w.1083E+02,3.2903136879781005,BAD,BAD_CONT_CROSS_WINDOW,BAD,BAD,GOOD,0.023333333333333334,1.0,flagged_borderline_or_disagreement,4.457873120935705,BAD_CONT_CROSS_WINDOW,,,BAD,rule_engine,dc1fc29a3d4ac716fcc78a8d446170eafc4e90afa48ff1de28e2291fee332ad1,nstxuE204621A03t030/N7/egn07w.1083E+02
nstxuE204621A03t030/N7/egn07w.1112E+02,bad,nstxuE204621A03t030,7,egn07w.1112E+02,3.3340777934430776,BAD,BAD_CONT_CROSS_WINDOW,BAD,BAD,GOOD,0.05,0.9999996423721313,flagged_borderline_or_disagreement,4.408388847127653,BAD_CONT_CROSS_WINDOW,,,BAD,rule_engine,33026a3bfa5f80cbdde33af5f0fc3d6d6016fd67d0bb792ead083bded478d769,nstxuE204621A03t030/N7/egn07w.1112E+02
nstxuE204621A03t030/N7/egn07w.1409E+02,good,nstxuE204621A03t030,7,egn07w.1409E+02,3.7535762826322667,GOOD,NO_GOOD_TEMPLATE,BAD,BAD,BAD,0.33666666666666667,0.09375203400850296,silver_bad,0.7924287375583173,BAD_CONT_CROSS_WINDOW,True,,REVIEW,rule_survivor_policy,d9146a0380e5049f26c1992d6971fdb8975e1d9d24a3e96832ea5d0f5c39935d,nstxuE204621A03t030/N7/egn07w.1409E+02
nstxuE204621A03t030/N8/egn08w.5905E+01,bad,nstxuE204621A03t030,8,egn08w.5905E+01,2.429936445403594,BAD,BAD_AXIS_SPIKE,BAD,BAD,GOOD,0.09,0.9767646193504333,flagged_borderline_or_disagreement,5.0,BAD_AXIS_SPIKE,,,BAD,rule_engine,1322682b94b887cc9ef48dbfdd6f716b85adf7c8c7f81148630ff1c37281efbf,nstxuE204621A03t030/N8/egn08w.5905E+01
nstxuE204621A03t030/N8/egn08w.6362E+01,bad,nstxuE204621A03t030,8,egn08w.6362E+01,2.5222817185725694,BAD,BAD_INTERIOR_UNRESOLVED_ENVELOPE,GOOD,GOOD,GOOD,0.5266666666666666,1.0,silver_good,1.4757766228160116,BAD_INTERIOR_UNRESOLVED_ENVELOPE,,True,BAD,rule_engine,050eb6e0182691818bb81ab6eed084780b9bfaf6f00398cde824a9d26df32726,nstxuE204621A03t030/N8/egn08w.6362E+01
nstxuE204621A03t030/N8/egn08w.8151E+01,bad,nstxuE204621A03t030,8,egn08w.8151E+01,2.8549550610287056,BAD,BAD_CONT_CROSS_WINDOW,BAD,BAD,GOOD,0.22333333333333333,1.0,flagged_borderline_or_disagreement,4.903352444201843,BAD_CONT_CROSS_WINDOW,,,BAD,rule_engine,b96cc6668e1375bb98224e56abb0a0996d88b0f5e07bddada4d7b00727f8e986,nstxuE204621A03t030/N8/egn08w.8151E+01
nstxuE204621A03t030/N8/egn08w.8330E+01,bad,nstxuE204621A03t030,8,egn08w.8330E+01,2.886181684558838,BAD,BAD_CONT_CROSS_WINDOW,BAD,BAD,GOOD,0.03333333333333333,1.0,flagged_borderline_or_disagreement,8.162650543104581,BAD_CONT_CROSS_WINDOW,,,BAD,rule_engine,1e3e55463829c410156cb9769be09d2623370134983e0ca6fb42d130d26f46d4,nstxuE204621A03t030/N8/egn08w.8330E+01
nstxuE204621A03t030/N8/egn08w.8707E+01,bad,nstxuE204621A03t030,8,egn08w.8707E+01,2.9508319209154252,BAD,BAD_CONT_CROSS_WINDOW,BAD,BAD,GOOD,0.36,1.0,flagged_borderline_or_disagreement,2.176213262491932,BAD_CONT_CROSS_WINDOW,,,BAD,rule_engine,8585f9f81416991bead7f264c0ae0a280e4f65d019cacb5e7146fa7f78c1001d,nstxuE204621A03t030/N8/egn08w.8707E+01
nstxuE204621A03t030/N8/egn08w.8932E+01,bad,nstxuE204621A03t030,8,egn08w.8932E+01,2.9885837641424824,BAD,BAD_CONT_CROSS_WINDOW,BAD,BAD,GOOD,0.05333333333333334,1.0,flagged_borderline_or_disagreement,9.419281324125922,BAD_CONT_CROSS_WINDOW,,,BAD,rule_engine,7a363d3944113c2a00c74a2bb5c34b2139b00477e60dfbebe4c731ef50984619,nstxuE204621A03t030/N8/egn08w.8932E+01
nstxuE204621A03t030/N8/egn08w.9250E+01,bad,nstxuE204621A03t030,8,egn08w.9250E+01,3.0414137966415087,BAD,BAD_CONT_CROSS_WINDOW,BAD,BAD,GOOD,0.07,1.0,flagged_borderline_or_disagreement,9.575209153779204,BAD_CONT_CROSS_WINDOW,,,BAD,rule_engine,93f97aedce857b01478e8c6da9762a5efd87762a0c6693fe0f357e902ffc5905,nstxuE204621A03t030/N8/egn08w.9250E+01
nstxuE204621A03t030/N8/egn08w.1073E+02,bad,nstxuE204621A03t030,8,egn08w.1073E+02,3.2757107850364235,BAD,BAD_CONT_CROSS_WINDOW,BAD,BAD,GOOD,0.07,1.0,flagged_borderline_or_disagreement,3.8978528174729843,BAD_CONT_CROSS_WINDOW,,,BAD,rule_engine,5b2f53418b09deff84ef73927ee2f285481ebd8ac44d191a119ec4ab201227ca,nstxuE204621A03t030/N8/egn08w.1073E+02
nstxuE204621A03t030/N8/egn08w.1140E+02,bad,nstxuE204621A03t030,8,egn08w.1140E+02,3.376300690518552,BAD,BAD_CONT_CROSS_WINDOW,BAD,BAD,GOOD,0.13,1.0,flagged_borderline_or_disagreement,6.788730032359729,BAD_CONT_CROSS_WINDOW,,,BAD,rule_engine,109ee0233ccf82199f7b19fbbb3af14aa0206b3f9bb84ad9bb5d02b7ea477202,nstxuE204621A03t030/N8/egn08w.1140E+02
nstxuE204621A03t030/N8/egn08w.1538E+02,bad,nstxuE204621A03t030,8,egn08w.1538E+02,3.9213137179612465,BAD,BAD_CONT_CROSS_WINDOW,BAD,BAD,GOOD,0.016666666666666666,0.9999988079071045,flagged_borderline_or_disagreement,1.1895993073693838,BAD_CONT_CROSS_WINDOW,,,BAD,rule_engine,c71cfffaaa4895d5948186ec95613a2be3acb1954d4e0155f9b49cc43c575342,nstxuE204621A03t030/N8/egn08w.1538E+02
nstxuE204621A03t030/N9/egn09w.6446E+01,bad,nstxuE204621A03t030,9,egn09w.6446E+01,2.538806034618334,BAD,BAD_AXIS_SPIKE,BAD,BAD,GOOD,0.32666666666666666,1.0,flagged_borderline_or_disagreement,1.578857433777534,BAD_INTERIOR_UNRESOLVED_ENVELOPE,,,BAD,rule_engine,a3dfe4db4500377ec15ef857152a35143a532ed2529f18d6bf6816910a192f6a,nstxuE204621A03t030/N9/egn09w.6446E+01
nstxuE204621A03t030/N9/egn09w.7350E+01,bad,nstxuE204621A03t030,9,egn09w.7350E+01,2.711038575963433,BAD,BAD_CONT_CROSS_WINDOW,BAD,BAD,GOOD,0.006666666666666667,1.0,flagged_borderline_or_disagreement,12.098019493194254,BAD_CONT_CROSS_WINDOW,,,BAD,rule_engine,eb4a1153ef41d363ed6ecb9f1a96063404a17d8ad6acf4aff943b3c64e520460,nstxuE204621A03t030/N9/egn09w.7350E+01
nstxuE204621A03t030/N9/egn09w.7392E+01,bad,nstxuE204621A03t030,9,egn09w.7392E+01,2.7187438558611756,BAD,BAD_CONT_CROSS_WINDOW,BAD,BAD,GOOD,0.013333333333333334,1.0,flagged_borderline_or_disagreement,12.256525893660504,BAD_CONT_CROSS_WINDOW,,,BAD,rule_engine,945b9eaaab0052f839800a7a6815d3e56eff2eaab783f4fbb6ed3d1a2de0cbee,nstxuE204621A03t030/N9/egn09w.7392E+01
nstxuE204621A03t030/N9/egn09w.7489E+01,bad,nstxuE204621A03t030,9,egn09w.7489E+01,2.736621257813566,BAD,BAD_CONT_CROSS_WINDOW,BAD,BAD,GOOD,0.05,1.0,flagged_borderline_or_disagreement,10.00590777890654,BAD_CONT_CROSS_WINDOW,,,BAD,rule_engine,db5e47909e52ea2a88729e9bb59fe56decfef061f57ff833112946db19e4cfbb,nstxuE204621A03t030/N9/egn09w.7489E+01
nstxuE204621A03t030/N9/egn09w.7622E+01,bad,nstxuE204621A03t030,9,egn09w.7622E+01,2.760854866328114,BAD,BAD_CONT_CROSS_WINDOW,BAD,BAD,GOOD,0.07666666666666666,1.0,flagged_borderline_or_disagreement,11.138208525313797,BAD_CONT_CROSS_WINDOW,,,BAD,rule_engine,129c982751f190158cd6d7cfc8637c34b2825d2e84bf6ea0cfd6f3284c4d359c,nstxuE204621A03t030/N9/egn09w.7622E+01
nstxuE204621A03t030/N9/egn09w.7705E+01,bad,nstxuE204621A03t030,9,egn09w.7705E+01,2.775833263794523,BAD,BAD_CONT_CROSS_WINDOW,BAD,BAD,GOOD,0.02666666666666667,0.507412850856781,flagged_borderline_or_disagreement,10.101059651135122,BAD_CONT_CROSS_WINDOW,,,BAD,rule_engine,8dca3b38c519f7d84b99f2dbd1cfa3ddd2f666591e31d41a5af95c1a0bda9179,nstxuE204621A03t030/N9/egn09w.7705E+01
nstxuE204621A03t030/N9/egn09w.7801E+01,bad,nstxuE204621A03t030,9,egn09w.7801E+01,2.7930831028761682,BAD,BAD_CONT_CROSS_WINDOW,BAD,BAD,GOOD,0.02666666666666667,1.0,flagged_borderline_or_disagreement,11.120134326074718,BAD_CONT_CROSS_WINDOW,,,BAD,rule_engine,e4a05ea8d80ad49837da3c2a49e48432f617aa93b4c060fe0ec4811172a6b833,nstxuE204621A03t030/N9/egn09w.7801E+01
nstxuE204621A03t030/N9/egn09w.7910E+01,bad,nstxuE204621A03t030,9,egn09w.7910E+01,2.812434666638825,BAD,BAD_CONT_CROSS_WINDOW,BAD,BAD,GOOD,0.03333333333333333,1.0,flagged_borderline_or_disagreement,11.058675975908711,BAD_CONT_CROSS_WINDOW,,,BAD,rule_engine,26e64064b64d7d2169e4c7e9765849a8dfd0c2b7ae65d161f43d97f46d774cf5,nstxuE204621A03t030/N9/egn09w.7910E+01
nstxuE204621A03t030/N9/egn09w.8632E+01,bad,nstxuE204621A03t030,9,egn09w.8632E+01,2.9379973158251946,BAD,BAD_CONT_CROSS_WINDOW,BAD,BAD,GOOD,0.056666666666666664,1.0,flagged_borderline_or_disagreement,8.08660533774117,BAD_CONT_CROSS_WINDOW,,,BAD,rule_engine,c0e3d2999352ac924b3bebb59182e082c056735fe219cb1aaa6a4987fd73dc3c,nstxuE204621A03t030/N9/egn09w.8632E+01
nstxuE204621A03t030/N9/egn09w.8863E+01,bad,nstxuE204621A03t030,9,egn09w.8863E+01,2.977137994338778,BAD,BAD_CONT_CROSS_WINDOW,BAD,BAD,GOOD,0.36666666666666664,1.0,flagged_borderline_or_disagreement,2.4761962790665923,BAD_CONT_CROSS_WINDOW,,,BAD,rule_engine,f4170ef8a9be22a1fc327eb86c6172ee3f52f121a79f214a9c82307457fda1c6,nstxuE204621A03t030/N9/egn09w.8863E+01
nstxuE204621A03t030/N9/egn09w.9150E+01,bad,nstxuE204621A03t030,9,egn09w.9150E+01,3.0248920197398,BAD,BAD_CONT_CROSS_WINDOW,BAD,BAD,GOOD,0.06666666666666667,1.0,flagged_borderline_or_disagreement,9.94983278172442,BAD_CONT_CROSS_WINDOW,,,BAD,rule_engine,f5376446ab74b908bc565a2c97dfff2751f61b8e68bccd41ef8f2bd64bc99268,nstxuE204621A03t030/N9/egn09w.9150E+01
nstxuE204621A03t030/N9/egn09w.9631E+01,bad,nstxuE204621A03t030,9,egn09w.9631E+01,3.1034565797830456,BAD,BAD_CONT_CROSS_WINDOW,BAD,BAD,GOOD,0.02666666666666667,1.0,flagged_borderline_or_disagreement,5.217562222716754,BAD_CONT_CROSS_WINDOW,,,BAD,rule_engine,35760bcfb069f1a11315860e6f42d78cfb1d2ef9c6cccc8b2c437f83951dd00d,nstxuE204621A03t030/N9/egn09w.9631E+01
nstxuE204621A03t030/N9/egn09w.1001E+02,bad,nstxuE204621A03t030,9,egn09w.1001E+02,3.1637348555180362,BAD,BAD_CONT_CROSS_WINDOW,BAD,BAD,GOOD,0.05,1.0,flagged_borderline_or_disagreement,5.896692784893168,BAD_CONT_CROSS_WINDOW,,,BAD,rule_engine,14cd3f35a4c041c9d878bd858f4372463f9064e319bf7df7b7dded42e7d73a12,nstxuE204621A03t030/N9/egn09w.1001E+02
nstxuE204621A03t030/N9/egn09w.1040E+02,bad,nstxuE204621A03t030,9,egn09w.1040E+02,3.2254405585710306,BAD,BAD_CONT_CROSS_WINDOW,BAD,BAD,GOOD,0.11333333333333333,1.0,flagged_borderline_or_disagreement,3.4802234396232903,BAD_CONT_CROSS_WINDOW,,,BAD,rule_engine,4dbbe064d88498be40ddc6b5730cf528d01cc2ec8dd8d8a95a41523a3a34f8a5,nstxuE204621A03t030/N9/egn09w.1040E+02
nstxuE204621A03t030/N9/egn09w.1450E+02,good,nstxuE204621A03t030,9,egn09w.1450E+02,3.807495772062828,GOOD,NO_GOOD_TEMPLATE,GOOD,GOOD,BAD,0.5466666666666666,0.4664955139160156,flagged_rf_only_good,0.49165782925082824,BAD_GRID_SCALE_SPIKE,True,True,REVIEW,rule_survivor_policy,4bd34c57f93a96722e6c4541362b129ed04a7243203504654a5a340509a69dd2,nstxuE204621A03t030/N9/egn09w.1450E+02
nstxuE204621A03t030/N10/egn10w.8261E+01,bad,nstxuE204621A03t030,10,egn10w.8261E+01,2.8741895847202694,BAD,BAD_CONT_CROSS_WINDOW,BAD,BAD,GOOD,0.04,1.0,flagged_borderline_or_disagreement,7.91969035016588,BAD_CONT_CROSS_WINDOW,,,BAD,rule_engine,a864e715d3f6669147204a3ae8d337256bc72144f511ca16ea71c25564a5a61b,nstxuE204621A03t030/N10/egn10w.8261E+01
nstxuE204621A03t030/N10/egn10w.9432E+01,bad,nstxuE204621A03t030,10,egn10w.9432E+01,3.071213520363648,BAD,BAD_CONT_CROSS_WINDOW,BAD,BAD,GOOD,0.07,1.0,flagged_borderline_or_disagreement,10.301145248884783,BAD_CONT_CROSS_WINDOW,,,BAD,rule_engine,fa067d08845b49ae42c02170bd14f23b7121fa94a48777a8556cf7d673261f18,nstxuE204621A03t030/N10/egn10w.9432E+01
nstxuE204621A03t030/N10/egn10w.1121E+02,bad,nstxuE204621A03t030,10,egn10w.1121E+02,3.3479809834131453,BAD,BAD_CONT_CROSS_WINDOW,BAD,BAD,GOOD,0.043333333333333335,1.0,flagged_borderline_or_disagreement,5.534092260519477,BAD_CONT_CROSS_WINDOW,,,BAD,rule_engine,633cfbd7d827a8d02dbaabf178b0b34a6d9965c873618aa056aebd2b27d780cd,nstxuE204621A03t030/N10/egn10w.1121E+02
nstxuE204621A03t030/N10/egn10w.1358E+02,bad,nstxuE204621A03t030,10,egn10w.1358E+02,3.685290791167031,BAD,BAD_NEAR_AXIS_GRID_OSCILLATION,GOOD,BAD,GOOD,0.4266666666666667,0.9898603558540344,flagged_cnn_rescue,1.0820689425077876,BAD_NEAR_AXIS_GRID_OSCILLATION,,True,BAD,rule_engine,79767d1c7ad23ee57459cbf2bc4b04091d4d85da44d9555f65256109f01ebae2,nstxuE204621A03t030/N10/egn10w.1358E+02
nstxuE204621A03t030/N10/egn10w.1709E+02,good,nstxuE204621A03t030,10,egn10w.1709E+02,4.134490552647839,GOOD,NO_GOOD_TEMPLATE,GOOD,GOOD,BAD,0.51,1.5169364075973135e-07,flagged_rf_only_good,0.6694364532683954,BAD_CONT_CROSS_WINDOW,True,True,REVIEW,rule_survivor_policy,5e021b2199626a7730feadc5f4f18cfb39f960b84f54b644665d6499c3e64cc4,nstxuE204621A03t030/N10/egn10w.1709E+02
nstxuE204621A03t030/N10/egn10w.2359E+02,bad,nstxuE204621A03t030,10,egn10w.2359E+02,4.85721335615094,BAD,BAD_CONT_CROSS_WINDOW,BAD,BAD,GOOD,0.056666666666666664,1.0,flagged_borderline_or_disagreement,2.3687514197499335,BAD_CONT_CROSS_WINDOW,,,BAD,rule_engine,66d39d3bd3f6abda9dce05db6b7d8177ec9dce3f8fe046e3929f3676e100914e,nstxuE204621A03t030/N10/egn10w.2359E+02
nstxuE204636A01t020/N1/egn01w.3867E+01,good,nstxuE204636A01t020,1,egn01w.3867E+01,1.9664868597298417,GOOD,NO_GOOD_TEMPLATE,BAD,BAD,BAD,0.26666666666666666,1.0348415616899014e-30,silver_bad,0.6321300910893713,BAD_GRID_SCALE_SPIKE,True,,REVIEW,rule_survivor_policy,70ae7cd4a8379775e697eac79f5358dbdc37dc42c45159de9cf026d3b9cfd751,nstxuE204636A01t020/N1/egn01w.3867E+01
nstxuE204636A01t020/N1/egn01w.4008E+01,good,nstxuE204636A01t020,1,egn01w.4008E+01,2.0020064077472846,GOOD,NO_GOOD_TEMPLATE,BAD,BAD,BAD,0.43666666666666665,3.7182666025223214e-18,flagged_borderline_or_disagreement,0.7278360808213058,BAD_GRID_SCALE_SPIKE,True,,REVIEW,rule_survivor_policy,8803504fd7e0fd1bdc1ec816843c32b286b187971d13025e5d96e000edb23e59,nstxuE204636A01t020/N1/egn01w.4008E+01
nstxuE204636A01t020/N1/egn01w.4063E+01,good,nstxuE204636A01t020,1,egn01w.4063E+01,2.0157139285768095,GOOD,NO_GOOD_TEMPLATE,BAD,BAD,BAD,0.14,0.0,gold_bad,0.8829439527547297,BAD_GRID_SCALE_SPIKE,True,,REVIEW,rule_survivor_policy,09c72aafe5451552ba717595c438dd7671baf3defdcf78cb156bf927e91a058e,nstxuE204636A01t020/N1/egn01w.4063E+01
nstxuE204636A01t020/N1/egn01w.4105E+01,good,nstxuE204636A01t020,1,egn01w.4105E+01,2.026065308739974,GOOD,NO_GOOD_TEMPLATE,BAD,BAD,BAD,0.15,0.0,gold_bad,0.7753043283136446,BAD_GRID_SCALE_SPIKE,True,,REVIEW,rule_survivor_policy,cbfcab9da0e6604cdf3bbeb773ab0ffa55e216051a04a0cce9b54a941aee2441,nstxuE204636A01t020/N1/egn01w.4105E+01
nstxuE204636A01t020/N2/egn02w.5744E+01,bad,nstxuE204636A01t020,2,egn02w.5744E+01,2.396714863328963,BAD,BAD_CONT_CROSS_WINDOW,BAD,BAD,GOOD,0.12,1.0,flagged_borderline_or_disagreement,7.668316951966572,BAD_CONT_CROSS_WINDOW,,,BAD,rule_engine,8196ba0768f25db20888fe06f6549e865d66c7bc494108b967cb6c5d688afac6,nstxuE204636A01t020/N2/egn02w.5744E+01
nstxuE204636A01t020/N4/egn04w.7705E+01,bad,nstxuE204636A01t020,4,egn04w.7705E+01,2.775703647009121,BAD,BAD_CONT_CROSS_WINDOW,BAD,BAD,GOOD,0.07333333333333333,1.0,flagged_borderline_or_disagreement,18.570627418795148,BAD_CONT_CROSS_WINDOW,,,BAD,rule_engine,0ff15e344a1374a065da5096044062b338e389e038d38d906ecc07b3a9a2a6a1,nstxuE204636A01t020/N4/egn04w.7705E+01
nstxuE204636A01t020/N5/egn05w.3943E+01,good,nstxuE204636A01t020,5,egn05w.3943E+01,1.9856110815533599,GOOD,NO_GOOD_TEMPLATE,BAD,BAD,BAD,0.10333333333333333,0.0,gold_bad,0.9999540189698594,BAD_GRID_SCALE_SPIKE,True,,REVIEW,rule_survivor_policy,09c030fa43d7b123ab3ec95df71bd596bad937235706c31cf642203d703ff338,nstxuE204636A01t020/N5/egn05w.3943E+01
nstxuE204636A01t020/N5/egn05w.4170E+01,good,nstxuE204636A01t020,5,egn05w.4170E+01,2.0419408060336606,GOOD,NO_GOOD_TEMPLATE,BAD,BAD,BAD,0.41333333333333333,5.809891445096582e-05,flagged_borderline_or_disagreement,0.4894326854068605,BAD_GRID_SCALE_SPIKE,True,,REVIEW,rule_survivor_policy,023e6474dbc474d0684491da48a9661231c9d3a2e5cd3249c687e5fe13f0991e,nstxuE204636A01t020/N5/egn05w.4170E+01
nstxuE204636A01t020/N6/egn06w.4759E+01,bad,nstxuE204636A01t020,6,egn06w.4759E+01,2.1814233620407646,BAD,BAD_CONT_CROSS_WINDOW,BAD,BAD,GOOD,0.2833333333333333,1.0,flagged_borderline_or_disagreement,1.8927490247152912,BAD_CONT_CROSS_WINDOW,,,BAD,rule_engine,8caf9d4f3e288179603ec54491cfe0ac7a9230f028e16f0c4b46395eefec09f8,nstxuE204636A01t020/N6/egn06w.4759E+01
nstxuE204636A01t020/N6/egn06w.5526E+01,bad,nstxuE204636A01t020,6,egn06w.5526E+01,2.350800524607885,BAD,BAD_CONT_CROSS_WINDOW,BAD,BAD,GOOD,0.0033333333333333335,1.0,flagged_borderline_or_disagreement,9.509306316158822,BAD_CONT_CROSS_WINDOW,,,BAD,rule_engine,cbfa09c7c82b5155ef92ae72656151afcec13597d0de437068be48f71f46b6d2,nstxuE204636A01t020/N6/egn06w.5526E+01
nstxuE204636A01t020/N6/egn06w.6988E+01,bad,nstxuE204636A01t020,6,egn06w.6988E+01,2.643471099354974,BAD,BAD_CONT_CROSS_WINDOW,BAD,BAD,GOOD,0.056666666666666664,1.0,flagged_borderline_or_disagreement,10.310722007755686,BAD_CONT_CROSS_WINDOW,,,BAD,rule_engine,a30a5056cf26b470135e6307e79b1337a7bb2906722102fba794a475f602e8ec,nstxuE204636A01t020/N6/egn06w.6988E+01
nstxuE204636A01t020/N7/egn07w.4152E+01,bad,nstxuE204636A01t020,7,egn07w.4152E+01,2.037732885968109,BAD,BAD_CONT_CROSS_WINDOW,BAD,BAD,GOOD,0.03333333333333333,0.9970699548721313,flagged_borderline_or_disagreement,14.442039630705462,BAD_CONT_CROSS_WINDOW,,,BAD,rule_engine,6a07e7c49025810ca722a5b4d428d1b64859be1255dee653bb8a16b94e6c2ad4,nstxuE204636A01t020/N7/egn07w.4152E+01
nstxuE204636A01t020/N7/egn07w.5536E+01,bad,nstxuE204636A01t020,7,egn07w.5536E+01,2.3527729278973584,BAD,BAD_CONT_CROSS_WINDOW,BAD,BAD,GOOD,0.006666666666666667,1.0,flagged_borderline_or_disagreement,13.270870034892695,BAD_CONT_CROSS_WINDOW,,,BAD,rule_engine,5e52ab525a4a0d24ac4d6d115906da87a7a26b67448f3af7cc46acd4b501625b,nstxuE204636A01t020/N7/egn07w.5536E+01
nstxuE204636A01t020/N7/egn07w.6952E+01,bad,nstxuE204636A01t020,7,egn07w.6952E+01,2.6366668793630827,BAD,BAD_CONT_CROSS_WINDOW,BAD,BAD,GOOD,0.023333333333333334,1.0,flagged_borderline_or_disagreement,12.436843087599415,BAD_CONT_CROSS_WINDOW,,,BAD,rule_engine,3845f5d8bcc4e19214f7f392f2f742a59fadd3f7df30714eaa60593c06b95908,nstxuE204636A01t020/N7/egn07w.6952E+01
nstxuE204636A01t020/N7/egn07w.1551E+02,good,nstxuE204636A01t020,7,egn07w.1551E+02,3.938192425541457,GOOD,NO_GOOD_TEMPLATE,GOOD,GOOD,BAD,0.52,0.003643979784101248,flagged_rf_only_good,0.7504530560576823,BAD_EDGE_SPIKE,True,True,REVIEW,rule_survivor_policy,1d06fa3f91f6aebd6c8e8aa68dcbff38d133df08640b2b16c0299d0c7176e834,nstxuE204636A01t020/N7/egn07w.1551E+02
nstxuE204636A01t020/N8/egn08w.7156E+01,bad,nstxuE204636A01t020,8,egn08w.7156E+01,2.674980881787313,BAD,BAD_CONT_CROSS_WINDOW,BAD,BAD,GOOD,0.03333333333333333,1.0,flagged_borderline_or_disagreement,10.462616786129406,BAD_CONT_CROSS_WINDOW,,,BAD,rule_engine,3f0524cdd70fc08499b3653975f0f652c6cdae8f710e48298e66fdef7358ad15,nstxuE204636A01t020/N8/egn08w.7156E+01
nstxuE204636A01t020/N8/egn08w.1718E+02,bad,nstxuE204636A01t020,8,egn08w.1718E+02,4.1452298748634595,BAD,BAD_CONT_CROSS_WINDOW,BAD,BAD,GOOD,0.12,0.6087724566459656,flagged_borderline_or_disagreement,1.2144504834653407,BAD_CONT_CROSS_WINDOW,,,BAD,rule_engine,abd64e97cb72975c34454587c387ba94f108157c44da8f5ceb4acf1ada3f146b,nstxuE204636A01t020/N8/egn08w.1718E+02
nstxuE204636A01t020/N9/egn09w.5280E+01,bad,nstxuE204636A01t020,9,egn09w.5280E+01,2.2977864173632585,BAD,BAD_AXIS_SPIKE,BAD,BAD,GOOD,0.07333333333333333,0.9989492297172546,flagged_borderline_or_disagreement,12.694861511888826,BAD_CONT_CROSS_WINDOW,,,BAD,rule_engine,6f77b323dea38e7157f613b2f29e2a2fee1f0179981f030e7b9124b8e1d87b07,nstxuE204636A01t020/N9/egn09w.5280E+01
nstxuE204636A01t020/N9/egn09w.6035E+01,bad,nstxuE204636A01t020,9,egn09w.6035E+01,2.4566395478396625,BAD,BAD_CONT_CROSS_WINDOW,BAD,BAD,GOOD,0.023333333333333334,1.0,flagged_borderline_or_disagreement,9.808228832362731,BAD_CONT_CROSS_WINDOW,,,BAD,rule_engine,35b8e91d774dc504c05fbfa49815bfe5b5c68ab2db8b6329b8024ec8ebe98b8e,nstxuE204636A01t020/N9/egn09w.6035E+01
nstxuE204636A01t020/N9/egn09w.8227E+01,bad,nstxuE204636A01t020,9,egn09w.8227E+01,2.8682016123887126,BAD,BAD_CONT_CROSS_WINDOW,BAD,BAD,GOOD,0.006666666666666667,1.0,flagged_borderline_or_disagreement,7.533030097439731,BAD_CONT_CROSS_WINDOW,,,BAD,rule_engine,e494587abc142b58830329a41117a0d0870d97bd745836e58aa03416ecc027d2,nstxuE204636A01t020/N9/egn09w.8227E+01
nstxuE204636A01t020/N9/egn09w.9543E+01,good,nstxuE204636A01t020,9,egn09w.9543E+01,3.089101787912714,GOOD,NO_GOOD_TEMPLATE,BAD,BAD,BAD,0.44,2.5366341310979236e-14,flagged_borderline_or_disagreement,0.8740025928034879,BAD_AXIS_SPIKE,True,,REVIEW,rule_survivor_policy,d317a55879e4c726e551f90ebdf25fc2206e9a7f0cb75b8cdcd207ed7d471135,nstxuE204636A01t020/N9/egn09w.9543E+01
nstxuE204636A01t020/N10/egn10w.5495E+01,bad,nstxuE204636A01t020,10,egn10w.5495E+01,2.3440676868026866,BAD,BAD_CONT_CROSS_WINDOW,BAD,BAD,GOOD,0.05,1.0,flagged_borderline_or_disagreement,11.75216650874668,BAD_CONT_CROSS_WINDOW,,,BAD,rule_engine,9768a9e188df4264f1b4f79526aaba17df52b6c1539c2e3cf3b5dafdb7642c39,nstxuE204636A01t020/N10/egn10w.5495E+01
nstxuE204636A01t020/N10/egn10w.5965E+01,bad,nstxuE204636A01t020,10,egn10w.5965E+01,2.4424289634225036,BAD,BAD_AXIS_SPIKE,BAD,BAD,GOOD,0.016666666666666666,0.9998741149902344,flagged_borderline_or_disagreement,1.13742674100587,BAD_AXIS_SPIKE,,,BAD,rule_engine,2035df91c4888b6fffcd63af6470e3160db011ecb8545a9fce967b74ebbf928a,nstxuE204636A01t020/N10/egn10w.5965E+01
nstxuE204636A01t020/N10/egn10w.6703E+01,bad,nstxuE204636A01t020,10,egn10w.6703E+01,2.5889485719224337,BAD,BAD_CONT_CROSS_WINDOW,BAD,BAD,GOOD,0.01,1.0,flagged_borderline_or_disagreement,2.172948386103655,BAD_CONT_CROSS_WINDOW,,,BAD,rule_engine,91ba7bf6e3920654199346762ee81f16cef571c148c5bfb7eeccbd43c4e23b0e,nstxuE204636A01t020/N10/egn10w.6703E+01
nstxuE204636A01t020/N10/egn10w.8328E+01,bad,nstxuE204636A01t020,10,egn10w.8328E+01,2.885856664549084,BAD,BAD_CONT_CROSS_WINDOW,BAD,BAD,GOOD,0.013333333333333334,1.0,flagged_borderline_or_disagreement,11.585600371513411,BAD_CONT_CROSS_WINDOW,,,BAD,rule_engine,20594453d74d4eb1227d9a250fd6f20f22070dcbd2a3c4ba3aa6b7bef6a23d5d,nstxuE204636A01t020/N10/egn10w.8328E+01
nstxuE204636A01t020/N10/egn10w.8446E+01,bad,nstxuE204636A01t020,10,egn10w.8446E+01,2.906261937581595,BAD,BAD_CONT_CROSS_WINDOW,BAD,BAD,GOOD,0.08333333333333333,0.999998927116394,flagged_borderline_or_disagreement,19.803031474047252,BAD_CONT_CROSS_WINDOW,,,BAD,rule_engine,bec1b7958f4f8d2f1300087eca55f25ba3558867e59bb3fc0d4cd4315d7cc7c6,nstxuE204636A01t020/N10/egn10w.8446E+01
nstxuE204636A01t020/N10/egn10w.1317E+02,good,nstxuE204636A01t020,10,egn10w.1317E+02,3.628763217926504,GOOD,NO_GOOD_TEMPLATE,GOOD,GOOD,BAD,0.78,0.0001163329288829118,flagged_rf_only_good,0.552713428202989,BAD_GRID_SCALE_SPIKE,True,True,REVIEW,rule_survivor_policy,de9d56982333dd67c071b10bedfaae2fd0b1db0cd7c53d8652ae46881f363081,nstxuE204636A01t020/N10/egn10w.1317E+02
nstxuE204636A01t020/N10/egn10w.1687E+02,good,nstxuE204636A01t020,10,egn10w.1687E+02,4.107894782938993,GOOD,NO_GOOD_TEMPLATE,BAD,BAD,BAD,0.25666666666666665,0.03983248397707939,silver_bad,0.6085619627316867,BAD_GRID_SCALE_SPIKE,True,,REVIEW,rule_survivor_policy,3bd5db95d3f60dadada54b434b0eff9b8513652e71cbced9de50d1e9d7aa0354,nstxuE204636A01t020/N10/egn10w.1687E+02
nstxuE204645A16t015/N1/egn01w.3997E+01,good,nstxuE204645A16t015,1,egn01w.3997E+01,1.999244627603959,GOOD,NO_GOOD_TEMPLATE,GOOD,GOOD,BAD,0.9066666666666666,0.0,flagged_rf_only_good,0.892918788599564,BAD_GRID_SCALE_PACKET,True,True,REVIEW,rule_survivor_policy,064763556ea186ce5741a2fb0c481cbcf2772a96e038b79b42dee789e77c2d26,nstxuE204645A16t015/N1/egn01w.3997E+01
nstxuE204645A16t015/N2/egn02w.6546E+01,good,nstxuE204645A16t015,2,egn02w.6546E+01,2.5585189510460618,GOOD,NO_GOOD_TEMPLATE,GOOD,GOOD,BAD,0.8133333333333334,0.0028393850661814213,flagged_rf_only_good,0.20970230518526334,BAD_GRID_SCALE_SPIKE,True,True,REVIEW,rule_survivor_policy,b801eb3a3d91c30ed45fe2e7d796671ee2cdb3850ea294dcba016f7ee971a715,nstxuE204645A16t015/N2/egn02w.6546E+01
nstxuE204645A16t015/N3/egn03w.5073E+01,bad,nstxuE204645A16t015,3,egn03w.5073E+01,2.252237271738311,BAD,BAD_AXIS_SPIKE,BAD,BAD,GOOD,0.04,0.9999810457229614,flagged_borderline_or_disagreement,5.0,BAD_AXIS_SPIKE,,,BAD,rule_engine,83554fdca1e8a55cf7d99704233116aba82a78b7bad78d2e95518f506d91640a,nstxuE204645A16t015/N3/egn03w.5073E+01
nstxuE204645A16t015/N5/egn05w.4872E+01,bad,nstxuE204645A16t015,5,egn05w.4872E+01,2.207186148208934,BAD,BAD_GRID_SCALE_SPIKE,BAD,BAD,GOOD,0.35333333333333333,1.0,flagged_borderline_or_disagreement,1.7699993761612374,BAD_INTERIOR_UNRESOLVED_ENVELOPE,,,BAD,rule_engine,23ca0470c898ec76ba948978f1ab864cbb0271fe3c22d3e49f83c090c4ca834d,nstxuE204645A16t015/N5/egn05w.4872E+01
nstxuE204645A16t015/N6/egn06w.2657E+01,bad,nstxuE204645A16t015,6,egn06w.2657E+01,1.6299312749754495,BAD,BAD_CONT_CROSS_WINDOW,BAD,BAD,GOOD,0.44333333333333336,0.6298031806945801,flagged_borderline_or_disagreement,1.5310010122012698,BAD_CONT_CROSS_WINDOW,,,BAD,rule_engine,cbc4cebe429c2a76706791ca910a9d1ee1e83de4c7b600515f71b249c700841e,nstxuE204645A16t015/N6/egn06w.2657E+01
nstxuE204645A16t015/N6/egn06w.2751E+01,bad,nstxuE204645A16t015,6,egn06w.2751E+01,1.6587565209907327,BAD,BAD_CONT_CROSS_WINDOW,BAD,BAD,GOOD,0.35333333333333333,1.0,flagged_borderline_or_disagreement,1.1614763135732957,BAD_CONT_CROSS_WINDOW,,,BAD,rule_engine,871c362a3222f7b2e3a63d4de1237a14c0e1003b81918c473fc4ea43aee8dc42,nstxuE204645A16t015/N6/egn06w.2751E+01
nstxuE204645A16t015/N6/egn06w.3624E+01,good,nstxuE204645A16t015,6,egn06w.3624E+01,1.903699963380695,GOOD,NO_GOOD_TEMPLATE,GOOD,GOOD,BAD,0.7933333333333333,3.877301878674189e-06,flagged_rf_only_good,0.507613049247587,BAD_GRID_SCALE_SPIKE,True,True,REVIEW,rule_survivor_policy,70f9ca5317ea3c9d301d10ad89e035e64c91e5f4ce0ea9e0b4091b963547147d,nstxuE204645A16t015/N6/egn06w.3624E+01
nstxuE204645A16t015/N6/egn06w.4765E+01,good,nstxuE204645A16t015,6,egn06w.4765E+01,2.1828689819106177,GOOD,NO_GOOD_TEMPLATE,BAD,BAD,BAD,0.41333333333333333,3.019061107627746e-38,flagged_borderline_or_disagreement,0.8335335238905683,BAD_GRID_SCALE_SPIKE,True,,REVIEW,rule_survivor_policy,06e7f8ec5bdc198aa098fdc5b828aafaca837d032e6bf593c3187fa78d0570c4,nstxuE204645A16t015/N6/egn06w.4765E+01
nstxuE204645A16t015/N6/egn06w.6228E+01,good,nstxuE204645A16t015,6,egn06w.6228E+01,2.495506086359222,GOOD,NO_GOOD_TEMPLATE,GOOD,GOOD,BAD,0.9166666666666666,4.9603311680357365e-08,flagged_rf_only_good,0.3555279266451351,BAD_INTERIOR_HARMONIC_INCOHERENCE,True,True,REVIEW,rule_survivor_policy,5f012a494ed8355742e6b77395a77daff4aba8b48f71f5a9a7d98beceaf7e83b,nstxuE204645A16t015/N6/egn06w.6228E+01
nstxuE204645A16t015/N7/egn07w.2244E+01,good,nstxuE204645A16t015,7,egn07w.2244E+01,1.4981127193165276,GOOD,NO_GOOD_TEMPLATE,BAD,BAD,BAD,0.14,0.0,gold_bad,0.7395811651608283,BAD_GRID_SCALE_SPIKE,True,,REVIEW,rule_survivor_policy,fa563e31608dbf75c68d16f70ee4e9c085b8184b49960de4ad769d78f2fb6258,nstxuE204645A16t015/N7/egn07w.2244E+01
nstxuE204645A16t015/N7/egn07w.2794E+01,good,nstxuE204645A16t015,7,egn07w.2794E+01,1.671589260198467,GOOD,NO_GOOD_TEMPLATE,GOOD,GOOD,BAD,0.61,4.893985910969789e-11,flagged_rf_only_good,0.599700758942916,BAD_GRID_SCALE_SPIKE,True,True,REVIEW,rule_survivor_policy,8698c9c67b342eeaab2b131646c9fb349f905cc453430d48ae9fc3f3b920bad9,nstxuE204645A16t015/N7/egn07w.2794E+01
nstxuE204645A16t015/N7/egn07w.3593E+01,bad,nstxuE204645A16t015,7,egn07w.3593E+01,1.8954372070852916,BAD,BAD_GRID_SCALE_SPIKE,BAD,BAD,GOOD,0.23,1.0,flagged_borderline_or_disagreement,1.061830326734164,BAD_GRID_SCALE_SPIKE,,,BAD,rule_engine,d6e6917313f0d004de440bd0da372a55b42909bd2527aa0efda5d1316a9353e6,nstxuE204645A16t015/N7/egn07w.3593E+01
nstxuE204645A16t015/N7/egn07w.4136E+01,bad,nstxuE204645A16t015,7,egn07w.4136E+01,2.033696338109858,BAD,BAD_GRID_SCALE_SPIKE,GOOD,GOOD,GOOD,0.73,1.0,gold_good,1.0676803531978425,BAD_GRID_SCALE_SPIKE,,True,BAD,rule_engine,94a6a54cf5a4a22fe5b59f0838a9652b81d81f6e1e304d9f180dc7be9f770e6a,nstxuE204645A16t015/N7/egn07w.4136E+01
nstxuE204645A16t015/N7/egn07w.4255E+01,bad,nstxuE204645A16t015,7,egn07w.4255E+01,2.062861000603894,BAD,BAD_GRID_SCALE_SPIKE,GOOD,GOOD,GOOD,0.9433333333333334,1.0,gold_good,1.1653626176894203,BAD_GRID_SCALE_SPIKE,,True,BAD,rule_engine,50667425a1be9170d7b5089f1593457295f62be0a8bb5a369a679e6fd8e13d8f,nstxuE204645A16t015/N7/egn07w.4255E+01
nstxuE204645A16t015/N8/egn08w.3796E+01,good,nstxuE204645A16t015,8,egn08w.3796E+01,1.948372177660347,GOOD,NO_GOOD_TEMPLATE,GOOD,GOOD,BAD,0.9333333333333333,8.034550774027593e-06,flagged_rf_only_good,0.706102056578313,BAD_INTERIOR_UNRESOLVED_ENVELOPE,True,True,REVIEW,rule_survivor_policy,d92b70d86ba06a428dc903d804b64c744cd18e59602354e3b0a2aa9090412ca1,nstxuE204645A16t015/N8/egn08w.3796E+01
nstxuE204645A16t015/N8/egn08w.5275E+01,good,nstxuE204645A16t015,8,egn08w.5275E+01,2.2967880063189106,GOOD,NO_GOOD_TEMPLATE,GOOD,GOOD,BAD,0.9233333333333333,0.3766286075115204,flagged_rf_only_good,0.5852003976966536,BAD_GRID_SCALE_SPIKE,True,True,REVIEW,rule_survivor_policy,65d60dab2c641aa8dde912a48e334072b19ab08a00725ca77161b91e11c7a421,nstxuE204645A16t015/N8/egn08w.5275E+01
nstxuE204645A16t015/N9/egn09w.5044E+01,good,nstxuE204645A16t015,9,egn09w.5044E+01,2.2459699265068136,GOOD,NO_GOOD_TEMPLATE,GOOD,GOOD,BAD,0.8933333333333333,0.00031143720843829215,flagged_rf_only_good,0.7444854144943163,BAD_GRID_SCALE_SPIKE,True,True,REVIEW,rule_survivor_policy,e7ae9923a7be9990f249cb71f01fe3707bb7720cafba2d16e7d06882213f61eb,nstxuE204645A16t015/N9/egn09w.5044E+01
nstxuE204645A16t015/N9/egn09w.5424E+01,good,nstxuE204645A16t015,9,egn09w.5424E+01,2.3290545322923304,GOOD,NO_GOOD_TEMPLATE,GOOD,GOOD,BAD,0.7633333333333333,2.777538476994579e-10,flagged_rf_only_good,0.8818726833139273,BAD_AXIS_SPIKE,True,True,REVIEW,rule_survivor_policy,fb0566f167c2d34ee7ba970345fd725a617b923d95d66610c80696c389f2c49b,nstxuE204645A16t015/N9/egn09w.5424E+01
nstxuE204645A16t015/N9/egn09w.6240E+01,good,nstxuE204645A16t015,9,egn09w.6240E+01,2.4979841276300063,GOOD,NO_GOOD_TEMPLATE,GOOD,GOOD,BAD,0.86,3.20890991729883e-12,flagged_rf_only_good,0.9418057025662852,BAD_AXIS_SPIKE,True,True,REVIEW,rule_survivor_policy,1c671103777d04c79e3e42cf09e44b4b5fd7c501ac451dbb607ccfe550da37aa,nstxuE204645A16t015/N9/egn09w.6240E+01
nstxuE204645A16t015/N10/egn10w.5761E+01,bad,nstxuE204645A16t015,10,egn10w.5761E+01,2.4001891479912296,BAD,BAD_GRID_SCALE_SPIKE,GOOD,GOOD,GOOD,0.71,1.0,gold_good,1.0954440235470968,BAD_GRID_SCALE_SPIKE,,True,BAD,rule_engine,5c604a8625a768ea12b84071ff9c63a3a934acc1764672b5dd974f753ed8a8eb,nstxuE204645A16t015/N10/egn10w.5761E+01
nstxuE204645A16t015/N10/egn10w.6482E+01,good,nstxuE204645A16t015,10,egn10w.6482E+01,2.5459677105295757,GOOD,NO_GOOD_TEMPLATE,GOOD,GOOD,BAD,0.62,2.0419039630568187e-37,flagged_rf_only_good,0.9952436895146404,BAD_GRID_SCALE_SPIKE,True,True,REVIEW,rule_survivor_policy,1ebb5a73dd40e3e8ccba99282d6e6e9cd71984fd02e4456fb6064ae633308323,nstxuE204645A16t015/N10/egn10w.6482E+01
nstxuE204645A16t015/N10/egn10w.6803E+01,good,nstxuE204645A16t015,10,egn10w.6803E+01,2.608164311003198,GOOD,NO_GOOD_TEMPLATE,GOOD,GOOD,BAD,0.75,7.782259281441384e-09,flagged_rf_only_good,0.840415201955742,BAD_GRID_SCALE_SPIKE,True,True,REVIEW,rule_survivor_policy,94a3ca1205031f670037ea912c23c3bf35b5bcdcb4ab2d405e59e1fff487220a,nstxuE204645A16t015/N10/egn10w.6803E+01
nstxuE204645A16t015/N10/egn10w.7647E+01,good,nstxuE204645A16t015,10,egn10w.7647E+01,2.765375025872097,GOOD,NO_GOOD_TEMPLATE,GOOD,GOOD,BAD,0.7033333333333334,1.3152124093989857e-15,flagged_rf_only_good,0.9300721570241955,BAD_GRID_SCALE_SPIKE,True,True,REVIEW,rule_survivor_policy,2d270fd7044a3319316438dd0fcc618a02d040c35a55bfe719c328655845262e,nstxuE204645A16t015/N10/egn10w.7647E+01
nstxuE204645A16t015/N10/egn10w.8119E+01,good,nstxuE204645A16t015,10,egn10w.8119E+01,2.849359616852761,GOOD,NO_GOOD_TEMPLATE,GOOD,GOOD,BAD,0.6666666666666666,6.343302084133029e-05,flagged_rf_only_good,0.7019888134568586,BAD_GRID_SCALE_SPIKE,True,True,REVIEW,rule_survivor_policy,f15aa3c9ab20315c2a1eb9c0d3700722c4c70b635410b5b0bec54c53202bcade,nstxuE204645A16t015/N10/egn10w.8119E+01
nstxuE204645A16t015/N10/egn10w.8351E+01,good,nstxuE204645A16t015,10,egn10w.8351E+01,2.8898878861027497,GOOD,NO_GOOD_TEMPLATE,GOOD,GOOD,BAD,0.65,1.0498561723204687e-14,flagged_rf_only_good,0.7019942116230437,BAD_GRID_SCALE_SPIKE,True,True,REVIEW,rule_survivor_policy,9c00c5f7662e03e058156a5541b4a2f8ec83d601b3e265ccccb2a1c4a1f64587,nstxuE204645A16t015/N10/egn10w.8351E+01
nstxuE204645A16t015/N10/egn10w.8871E+01,good,nstxuE204645A16t015,10,egn10w.8871E+01,2.9783678174606845,GOOD,NO_GOOD_TEMPLATE,BAD,BAD,BAD,0.47333333333333333,1.3012876178800435e-17,flagged_borderline_or_disagreement,0.6968072041924189,BAD_GRID_SCALE_SPIKE,True,,REVIEW,rule_survivor_policy,80842102c9f6dcc19fc1d2451dd6cc3a218dc739761e29b83260f47b076daed8,nstxuE204645A16t015/N10/egn10w.8871E+01
nstxuE204645A16t015/N10/egn10w.9138E+01,good,nstxuE204645A16t015,10,egn10w.9138E+01,3.0229458452078184,GOOD,NO_GOOD_TEMPLATE,GOOD,GOOD,BAD,0.5666666666666667,4.473797634435561e-15,flagged_rf_only_good,0.6650295842288586,BAD_DISTRIBUTED_HARMONIC_NOISE,True,True,REVIEW,rule_survivor_policy,29faced3bdfbdf249f36025eb035b54dfc91000945ec912a9369b3ae1ba8efdc,nstxuE204645A16t015/N10/egn10w.9138E+01
nstxuE204645A16t015/N10/egn10w.9410E+01,good,nstxuE204645A16t015,10,egn10w.9410E+01,3.067550464320239,GOOD,NO_GOOD_TEMPLATE,GOOD,GOOD,BAD,0.5366666666666666,3.326028349764053e-14,flagged_rf_only_good,0.6660070004705274,BAD_GRID_SCALE_SPIKE,True,True,REVIEW,rule_survivor_policy,a4e35aa8b77f9274d8dc79d68bf87ec9f8b4c3ff7bd92ffa1a16c56baa5412b8,nstxuE204645A16t015/N10/egn10w.9410E+01
nstxuE204645A16t015/N10/egn10w.9701E+01,good,nstxuE204645A16t015,10,egn10w.9701E+01,3.114656813881198,GOOD,NO_GOOD_TEMPLATE,BAD,BAD,BAD,0.4866666666666667,8.900474700180515e-21,flagged_borderline_or_disagreement,0.7012891828020574,BAD_CONTINUUM_CROSSING_TAIL,True,,REVIEW,rule_survivor_policy,73c7681e9a238ff8b90f2c7021ebf84e099b87b9597fcbb8def5b299782262ae,nstxuE204645A16t015/N10/egn10w.9701E+01
nstxuE204678M01t017/N1/egn01w.1699E+01,good,nstxuE204678M01t017,1,egn01w.1699E+01,1.303292667570776,GOOD,NO_GOOD_TEMPLATE,BAD,BAD,BAD,0.47333333333333333,2.869177801253097e-19,flagged_borderline_or_disagreement,0.7174427256407426,BAD_GRID_SCALE_SPIKE,True,,REVIEW,rule_survivor_policy,a3eb2b1d8d0e803d11fa10d8a30e202809ba4f9c345cc4792434c60f649a2ad1,nstxuE204678M01t017/N1/egn01w.1699E+01
nstxuE204678M01t017/N2/egn02w.1648E+01,bad,nstxuE204678M01t017,2,egn02w.1648E+01,1.2838055687218564,BAD,BAD_AXIS_SPIKE,GOOD,GOOD,GOOD,0.9666666666666667,1.0,gold_good,1.2900972497013434,BAD_AXIS_SPIKE,,True,BAD,rule_engine,1ddcfd9980ac7c1736b887bb256001c7799b5dedbf42910456bd7b903a51169c,nstxuE204678M01t017/N2/egn02w.1648E+01
nstxuE204678M01t017/N7/egn07w.2178E+01,good,nstxuE204678M01t017,7,egn07w.2178E+01,1.4757634115935911,GOOD,NO_GOOD_TEMPLATE,GOOD,GOOD,BAD,0.6766666666666666,0.0003412675578147173,flagged_rf_only_good,0.5540560124905043,BAD_GRID_SCALE_SPIKE,True,True,REVIEW,rule_survivor_policy,2972f600bb5be679a57d256600ba3ee86446ac10979427ee1b3be7855a3b3239,nstxuE204678M01t017/N7/egn07w.2178E+01
nstxuE204678M01t017/N7/egn07w.2324E+01,good,nstxuE204678M01t017,7,egn07w.2324E+01,1.524389884492296,GOOD,NO_GOOD_TEMPLATE,GOOD,GOOD,BAD,0.8766666666666667,0.3777821958065033,flagged_rf_only_good,0.33285019683544104,BAD_GRID_SCALE_SPIKE,True,True,REVIEW,rule_survivor_policy,894ab8756097bed1663c79c21d4093196f8a405216d3cc9749dd31c7a37f8b42,nstxuE204678M01t017/N7/egn07w.2324E+01
nstxuE204678M01t017/N9/egn09w.1081E+02,good,nstxuE204678M01t017,9,egn09w.1081E+02,3.2871293661145073,GOOD,NO_GOOD_TEMPLATE,BAD,BAD,BAD,0.19666666666666666,0.0,gold_bad,0.8568418349751441,BAD_GRID_SCALE_SPIKE,True,,REVIEW,rule_survivor_policy,2ed976a57c0f373ca7e1b2d15b1abe9d74ee6f22f57c2bc192275b61af0d81a4,nstxuE204678M01t017/N9/egn09w.1081E+02
nstxuE204678M01t017/N10/egn10w.1455E+01,bad,nstxuE204678M01t017,10,egn10w.1455E+01,1.206322248015323,BAD,BAD_CONT_CROSS_WINDOW,BAD,BAD,GOOD,0.22333333333333333,1.0,flagged_borderline_or_disagreement,4.0239643240697385,BAD_CONT_CROSS_WINDOW,,,BAD,rule_engine,1807e83007b2610d14b9c8d63ce3bf32615e8514af6102133bd7d99798e63d50,nstxuE204678M01t017/N10/egn10w.1455E+01
nstxuE204678M01t017/N10/egn10w.2958E+01,good,nstxuE204678M01t017,10,egn10w.2958E+01,1.7200284942918793,GOOD,NO_GOOD_TEMPLATE,BAD,BAD,BAD,0.14333333333333334,1.766320811362077e-27,gold_bad,0.9215426108852742,BAD_GRID_SCALE_SPIKE,True,,REVIEW,rule_survivor_policy,7fbcd3169ccda33d3aabef7d245d944b9b734dd4699a2cd31955504faaad945e,nstxuE204678M01t017/N10/egn10w.2958E+01
nstxuE204707A04t030/N5/egn05w.9012E+01,bad,nstxuE204707A04t030,5,egn05w.9012E+01,3.0020753341109927,BAD,BAD_CONT_CROSS_WINDOW,BAD,BAD,GOOD,0.16666666666666666,0.9999967813491821,flagged_borderline_or_disagreement,2.117385356275901,BAD_CONT_CROSS_WINDOW,,,BAD,rule_engine,0c8659e3216cf1309ea1b0224aea7605b421223ca4d61742067b5c3650c1fead,nstxuE204707A04t030/N5/egn05w.9012E+01
nstxuE204707A04t030/N5/egn05w.1136E+02,bad,nstxuE204707A04t030,5,egn05w.1136E+02,3.3710064853848296,BAD,BAD_AXIS_SPIKE,GOOD,GOOD,GOOD,0.93,0.9999997615814209,gold_good,1.0507556495324801,BAD_AXIS_SPIKE,,True,BAD,rule_engine,96b366eba86229197d2dd5d0242be23b5f53d89329ff626f7b4a610a743aafef,nstxuE204707A04t030/N5/egn05w.1136E+02
nstxuE204707A04t030/N5/egn05w.1201E+02,bad,nstxuE204707A04t030,5,egn05w.1201E+02,3.4659583805764536,BAD,BAD_AXIS_SPIKE,GOOD,GOOD,GOOD,0.9866666666666667,0.9999973773956299,gold_good,1.570743210588543,BAD_NEAR_AXIS_GRID_OSCILLATION,,True,BAD,rule_engine,0a6fb68e0c1dd6abe0726a8e57610ea57316afd1ab42982b17271f69ec09a54b,nstxuE204707A04t030/N5/egn05w.1201E+02
nstxuE204707A04t030/N5/egn05w.1990E+02,bad,nstxuE204707A04t030,5,egn05w.1990E+02,4.460767046125885,BAD,BAD_CONT_CROSS_WINDOW,BAD,BAD,GOOD,0.12666666666666668,0.9999161958694458,flagged_borderline_or_disagreement,5.239032348544344,BAD_CONT_CROSS_WINDOW,,,BAD,rule_engine,49254ddfff84c8ad772991be0bf2a87b1f906f8d18f24d02f1b7eee8d00e4d4e,nstxuE204707A04t030/N5/egn05w.1990E+02
nstxuE204707A04t030/N5/egn05w.3426E+02,bad,nstxuE204707A04t030,5,egn05w.3426E+02,5.853529320834433,BAD,BAD_CONT_CROSS_WINDOW,BAD,BAD,GOOD,0.006666666666666667,0.9999992847442627,flagged_borderline_or_disagreement,6.6730425304835395,BAD_CONT_CROSS_WINDOW,,,BAD,rule_engine,fea81d538efe2aecb09e9d7486ffd1a600cd1ceff2a4884be8c6ac50077fb043,nstxuE204707A04t030/N5/egn05w.3426E+02
nstxuE204707A04t030/N6/egn06w.9127E+01,bad,nstxuE204707A04t030,6,egn06w.9127E+01,3.0211004967310644,BAD,BAD_CONT_CROSS_WINDOW,BAD,BAD,GOOD,0.21,1.0,flagged_borderline_or_disagreement,1.6282443714218642,BAD_CONT_CROSS_WINDOW,,,BAD,rule_engine,ff513d8aaa812c9c06a7e6aa900025a631fdd7b68b10ba12ab563978b179a515,nstxuE204707A04t030/N6/egn06w.9127E+01
nstxuE204707A04t030/N7/egn07w.3425E+02,bad,nstxuE204707A04t030,7,egn07w.3425E+02,5.852045196080913,BAD,BAD_CONT_CROSS_WINDOW,BAD,BAD,GOOD,0.023333333333333334,0.7438984513282776,flagged_borderline_or_disagreement,12.388659419906828,BAD_CONT_CROSS_WINDOW,,,BAD,rule_engine,e171deb1e629f88dab7c32250c27ea6228e03e626df1cea7c32a75ed664fff63,nstxuE204707A04t030/N7/egn07w.3425E+02
nstxuE204707A04t030/N8/egn08w.2608E+02,bad,nstxuE204707A04t030,8,egn08w.2608E+02,5.106375618502508,BAD,BAD_CONT_CROSS_WINDOW,GOOD,GOOD,GOOD,0.5533333333333333,0.994785487651825,silver_good,10.974698575892191,BAD_CONT_CROSS_WINDOW,,True,BAD,rule_engine,ce7341a29e6e528f6f087d3567d238b1d822f408ffa740de2ead7d84147cf6e2,nstxuE204707A04t030/N8/egn08w.2608E+02
nstxuE204707A04t030/N9/egn09w.8628E+01,bad,nstxuE204707A04t030,9,egn09w.8628E+01,2.937310586698359,BAD,BAD_CONT_CROSS_WINDOW,BAD,BAD,GOOD,0.043333333333333335,0.9985822439193726,flagged_borderline_or_disagreement,11.471076374316981,BAD_CONT_CROSS_WINDOW,,,BAD,rule_engine,8ea3e5718e854884a1c3780020858342eb1e5316de9f0ffe96f7b18ff91e1eaa,nstxuE204707A04t030/N9/egn09w.8628E+01
nstxuE204707A04t030/N9/egn09w.1075E+02,bad,nstxuE204707A04t030,9,egn09w.1075E+02,3.279035515263877,BAD,BAD_CONT_CROSS_WINDOW,BAD,BAD,GOOD,0.07333333333333333,1.0,flagged_borderline_or_disagreement,10.26483837275245,BAD_CONT_CROSS_WINDOW,,,BAD,rule_engine,ea74340839e4e2a6d3167bdccfc3dbf15719fe8c8de3d994b5d19a1c4a7889a5,nstxuE204707A04t030/N9/egn09w.1075E+02
nstxuE204707A04t030/N9/egn09w.2316E+02,good,nstxuE204707A04t030,9,egn09w.2316E+02,4.812014564546526,GOOD,NO_GOOD_TEMPLATE,GOOD,GOOD,BAD,0.9066666666666666,0.000287845527054742,flagged_rf_only_good,0.48629384547282845,BAD_GRID_SCALE_SPIKE,True,True,REVIEW,rule_survivor_policy,6a78dca013289facf46fb1859fdf58753924a69615f7cfe0185dbd84568d60ea,nstxuE204707A04t030/N9/egn09w.2316E+02
nstxuE204707A04t030/N9/egn09w.3495E+02,bad,nstxuE204707A04t030,9,egn09w.3495E+02,5.911667315071017,BAD,BAD_CONT_CROSS_WINDOW,BAD,BAD,GOOD,0.0033333333333333335,0.999998927116394,flagged_borderline_or_disagreement,12.269243562681078,BAD_CONT_CROSS_WINDOW,,,BAD,rule_engine,f44b15b86bfc3e731b2cee7d626845d4aca2734b389f2e0281dfcaf678590bda,nstxuE204707A04t030/N9/egn09w.3495E+02
nstxuE204707A04t030/N9/egn09w.3552E+02,bad,nstxuE204707A04t030,9,egn09w.3552E+02,5.959768662997531,BAD,BAD_CONTINUUM_CROSSING_TAIL,BAD,BAD,GOOD,0.08333333333333333,0.9321028590202332,flagged_borderline_or_disagreement,1.2353709338219825,BAD_CONTINUUM_CROSSING_TAIL,,,BAD,rule_engine,8b4ebf63ea5b8e21e6ddbaabb57becdcceab0a1fbb2e1b3611be1c98e1bb7098,nstxuE204707A04t030/N9/egn09w.3552E+02
nstxuE204707A04t030/N10/egn10w.2762E+02,bad,nstxuE204707A04t030,10,egn10w.2762E+02,5.255052197835308,BAD,BAD_CONT_CROSS_WINDOW,GOOD,GOOD,GOOD,0.5066666666666667,0.9989472031593323,silver_good,1.8028300932399917,BAD_CONT_CROSS_WINDOW,,True,BAD,rule_engine,26a81e2eef29e7ca0af0805cc1a86012f2a91990429dbe6b5a64a4b4d95c42c7,nstxuE204707A04t030/N10/egn10w.2762E+02
nstxuE204707A04t030/N10/egn10w.3054E+02,bad,nstxuE204707A04t030,10,egn10w.3054E+02,5.5263768304116345,BAD,BAD_CONT_CROSS_WINDOW,BAD,BAD,GOOD,0.05333333333333334,0.9416792988777161,flagged_borderline_or_disagreement,20.0,BAD_CONT_CROSS_WINDOW,,,BAD,rule_engine,405e389d6012376155df4d9ab8ff4d07c22270ec7fd96bb4ecf7fed2d45f0f12,nstxuE204707A04t030/N10/egn10w.3054E+02
nstxuE204708F03t017/N1/egn01w.1047E+02,bad,nstxuE204708F03t017,1,egn01w.1047E+02,3.2353013229826706,BAD,BAD_AXIS_SPIKE,BAD,BAD,GOOD,0.15666666666666668,0.8652200102806091,flagged_borderline_or_disagreement,2.400030932429419,BAD_AXIS_SPIKE,,,BAD,rule_engine,c463c43e08d4d307b51dffb5dcb953a17e590e6636052b2c4b65e73ba424615d,nstxuE204708F03t017/N1/egn01w.1047E+02
nstxuE204708F03t017/N2/egn02w.8409E+01,good,nstxuE204708F03t017,2,egn02w.8409E+01,2.899839509652805,GOOD,NO_GOOD_TEMPLATE,BAD,BAD,BAD,0.34,1.8403322883386863e-06,silver_bad,0.3686868971734878,BAD_AXIS_SPIKE,True,,REVIEW,rule_survivor_policy,3f3cf2ec08d601af58611da55a5688585b5d04e4dc4c74656be09cc91404ec44,nstxuE204708F03t017/N2/egn02w.8409E+01
nstxuE204708F03t017/N2/egn02w.1137E+02,good,nstxuE204708F03t017,2,egn02w.1137E+02,3.371299979016957,GOOD,NO_GOOD_TEMPLATE,GOOD,GOOD,BAD,0.7133333333333334,3.448258667049231e-06,flagged_rf_only_good,0.26592485010776074,BAD_GRID_SCALE_SPIKE,True,True,REVIEW,rule_survivor_policy,82e20b2b8f64e7cb25fd10fe8d19cb9ccdb78ed13a48f48740271f49df2d0de9,nstxuE204708F03t017/N2/egn02w.1137E+02
nstxuE204708F03t017/N5/egn05w.5947E+01,bad,nstxuE204708F03t017,5,egn05w.5947E+01,2.438635500107563,BAD,BAD_CONT_CROSS_WINDOW,BAD,BAD,GOOD,0.13,1.0,flagged_borderline_or_disagreement,3.0540852501747975,BAD_CONT_CROSS_WINDOW,,,BAD,rule_engine,3e591c91474b11512ac9b1d186e53f1c69aec816bc515779461ca5dc1b77b414,nstxuE204708F03t017/N5/egn05w.5947E+01
nstxuE204708F03t017/N5/egn05w.1629E+02,bad,nstxuE204708F03t017,5,egn05w.1629E+02,4.035525960511285,BAD,BAD_CONT_CROSS_WINDOW,BAD,BAD,GOOD,0.03333333333333333,0.9999998807907104,flagged_borderline_or_disagreement,1.61265207368999,BAD_CONT_CROSS_WINDOW,,,BAD,rule_engine,ccb09be67bf30ea2c3724fb0513e135175708375cae3a9b38b19d3839fbdbeb9,nstxuE204708F03t017/N5/egn05w.1629E+02
nstxuE204708F03t017/N6/egn06w.1456E+02,good,nstxuE204708F03t017,6,egn06w.1456E+02,3.8161860686027045,GOOD,NO_GOOD_TEMPLATE,GOOD,GOOD,BAD,0.7933333333333333,2.3861392028923234e-11,flagged_rf_only_good,0.7573577698637741,BAD_AXIS_SPIKE,True,True,REVIEW,rule_survivor_policy,9c62aeb9f559414962f56adb8ce95a6527ffb912992615975077e97992fcef75,nstxuE204708F03t017/N6/egn06w.1456E+02
nstxuE204708F03t017/N6/egn06w.1632E+02,bad,nstxuE204708F03t017,6,egn06w.1632E+02,4.040381971056632,BAD,BAD_CONT_CROSS_WINDOW,BAD,BAD,GOOD,0.02,0.9999396800994873,flagged_borderline_or_disagreement,2.2940508143631577,BAD_CONTINUUM_CROSSING_TAIL,,,BAD,rule_engine,0835af54c42ce81116e8f1cf4395af6e9e066649cc9066d4ced34e2e17aa793f,nstxuE204708F03t017/N6/egn06w.1632E+02
nstxuE204708F03t017/N7/egn07w.1147E+02,good,nstxuE204708F03t017,7,egn07w.1147E+02,3.3866556015708644,GOOD,NO_GOOD_TEMPLATE,GOOD,GOOD,BAD,0.5166666666666667,9.707167207769518e-39,flagged_rf_only_good,0.8852898234259142,BAD_CONT_CROSS_WINDOW,True,True,REVIEW,rule_survivor_policy,5cd76b2ee6f7835076ede8e6af57d6253fe35da92a1e69defd5c27a1bab63a50,nstxuE204708F03t017/N7/egn07w.1147E+02
nstxuE204708F03t017/N7/egn07w.1557E+02,good,nstxuE204708F03t017,7,egn07w.1557E+02,3.946243294969546,GOOD,NO_GOOD_TEMPLATE,GOOD,GOOD,BAD,0.7633333333333333,1.7418733827285343e-13,flagged_rf_only_good,0.6070128961627327,BAD_GRID_SCALE_SPIKE,True,True,REVIEW,rule_survivor_policy,edf100ff40091ab80caa26f60c231ad552222762b59d9f4b642414e8a3d9c96b,nstxuE204708F03t017/N7/egn07w.1557E+02
nstxuE204708F03t017/N8/egn08w.6836E+01,good,nstxuE204708F03t017,8,egn08w.6836E+01,2.6146643129802274,GOOD,NO_GOOD_TEMPLATE,BAD,BAD,BAD,0.4033333333333333,0.0,flagged_borderline_or_disagreement,0.9865904213977339,BAD_GRID_SCALE_SPIKE,True,,REVIEW,rule_survivor_policy,233349d3f9978cfff399766f24cc30252b22c56d280969e5b463d594f5eeda77,nstxuE204708F03t017/N8/egn08w.6836E+01
nstxuE204708F03t017/N8/egn08w.1221E+02,good,nstxuE204708F03t017,8,egn08w.1221E+02,3.49414196381921,GOOD,NO_GOOD_TEMPLATE,GOOD,GOOD,BAD,0.7933333333333333,5.334672148471498e-10,flagged_rf_only_good,0.5320504843981881,BAD_GRID_SCALE_SPIKE,True,True,REVIEW,rule_survivor_policy,8f5f3b3f52509699e7e23507d323ec88c1535d8c1a1f4ad7c888820796a4c032,nstxuE204708F03t017/N8/egn08w.1221E+02
nstxuE204708F03t017/N8/egn08w.1366E+02,good,nstxuE204708F03t017,8,egn08w.1366E+02,3.6963827279357284,GOOD,NO_GOOD_TEMPLATE,GOOD,GOOD,BAD,0.7533333333333333,1.941130811644598e-08,flagged_rf_only_good,0.5776806809081324,BAD_GRID_SCALE_SPIKE,True,True,REVIEW,rule_survivor_policy,8a78d60d0d16d5713535abe7a8939cc698ab41a75263bc43c1fa561ce108fe1a,nstxuE204708F03t017/N8/egn08w.1366E+02
nstxuE204708F03t017/N8/egn08w.1528E+02,good,nstxuE204708F03t017,8,egn08w.1528E+02,3.908368504475533,GOOD,NO_GOOD_TEMPLATE,GOOD,GOOD,BAD,0.61,8.148588024287018e-27,flagged_rf_only_good,0.5583038761566017,BAD_GRID_SCALE_SPIKE,True,True,REVIEW,rule_survivor_policy,aa4b2b0a5526051850cf7214d81b8a4f04c14943328d2a06dee6150110b361c2,nstxuE204708F03t017/N8/egn08w.1528E+02
nstxuE204708F03t017/N8/egn08w.1616E+02,good,nstxuE204708F03t017,8,egn08w.1616E+02,4.019561159643976,GOOD,NO_GOOD_TEMPLATE,BAD,BAD,BAD,0.37333333333333335,1.4163857345543316e-26,silver_bad,0.8663467723113438,BAD_CONTINUUM_CROSSING_TAIL,True,,REVIEW,rule_survivor_policy,27a2163371dff8bb8b635283e9092debee7189dfb8d474673a698404d001d2d3,nstxuE204708F03t017/N8/egn08w.1616E+02
nstxuE204708F03t017/N9/egn09w.9734E+01,bad,nstxuE204708F03t017,9,egn09w.9734E+01,3.119891795394049,BAD,BAD_GRID_SCALE_SPIKE,GOOD,GOOD,GOOD,0.7333333333333333,1.0,gold_good,1.207736583440928,BAD_GRID_SCALE_SPIKE,,True,BAD,rule_engine,0d273e5326d2eca6ec001a1ffb76634ae317108c031982dd14cb411c063ba4c4,nstxuE204708F03t017/N9/egn09w.9734E+01
nstxuE204708F03t017/N9/egn09w.1335E+02,good,nstxuE204708F03t017,9,egn09w.1335E+02,3.653775731628786,GOOD,NO_GOOD_TEMPLATE,GOOD,GOOD,BAD,0.7233333333333334,2.9251294719756515e-09,flagged_rf_only_good,0.5674105427917957,BAD_GRID_SCALE_SPIKE,True,True,REVIEW,rule_survivor_policy,ef9d21f68200570462aeb2e63f7473dd715af8456ef87252cffa97d0578bf7f7,nstxuE204708F03t017/N9/egn09w.1335E+02
nstxuE204708F03t017/N9/egn09w.1482E+02,good,nstxuE204708F03t017,9,egn09w.1482E+02,3.85007035457761,GOOD,NO_GOOD_TEMPLATE,GOOD,GOOD,BAD,0.7366666666666667,2.596696049295133e-06,flagged_rf_only_good,0.5664787766757354,BAD_GRID_SCALE_SPIKE,True,True,REVIEW,rule_survivor_policy,6679a624e4e155afc99a58af347d0f86bc6eb89247bd0c2bd782febd1d2de54f,nstxuE204708F03t017/N9/egn09w.1482E+02
nstxuE204708F03t017/N10/egn10w.4470E+01,bad,nstxuE204708F03t017,10,egn10w.4470E+01,2.114327458646098,BAD,BAD_CONT_CROSS_WINDOW,BAD,BAD,GOOD,0.02666666666666667,0.9999998807907104,flagged_borderline_or_disagreement,9.62137260041779,BAD_CONT_CROSS_WINDOW,,,BAD,rule_engine,18dca2be05b1989d0a82054ca05603a32b13c77e335f7243c71eb36c57c8e3f3,nstxuE204708F03t017/N10/egn10w.4470E+01
nstxuE204708F03t017/N10/egn10w.4657E+01,bad,nstxuE204708F03t017,10,egn10w.4657E+01,2.158012902056907,BAD,BAD_GRID_SCALE_PACKET,BAD,BAD,GOOD,0.01,1.0,flagged_borderline_or_disagreement,3.8947003725883627,BAD_CONT_CROSS_WINDOW,,,BAD,rule_engine,ae953e1ad497d7a2de78390ea60380dca35c36cacaa53379112d2c7250a62fde,nstxuE204708F03t017/N10/egn10w.4657E+01
nstxuE204708F03t017/N10/egn10w.7424E+01,good,nstxuE204708F03t017,10,egn10w.7424E+01,2.724635851302692,GOOD,NO_GOOD_TEMPLATE,BAD,BAD,BAD,0.3933333333333333,0.0,silver_bad,0.9027732752479198,BAD_GRID_SCALE_SPIKE,True,,REVIEW,rule_survivor_policy,1c68f194d97b7503af072f5fc6f3f5c89bf043569b86f46c77d34ef97214ea60,nstxuE204708F03t017/N10/egn10w.7424E+01
nstxuE204708F03t017/N10/egn10w.9714E+01,bad,nstxuE204708F03t017,10,egn10w.9714E+01,3.1167807205565317,BAD,BAD_GRID_SCALE_SPIKE,GOOD,GOOD,GOOD,0.76,1.0,gold_good,1.18656458806992,BAD_GRID_SCALE_SPIKE,,True,BAD,rule_engine,7ff7d40cf944edd2ca836d89f91078894f9ca3c1ff18d4e8d85044125e534466,nstxuE204708F03t017/N10/egn10w.9714E+01
nstxuE204708F03t017/N10/egn10w.1054E+02,bad,nstxuE204708F03t017,10,egn10w.1054E+02,3.246767037615426,BAD,BAD_NEAR_AXIS_GRID_OSCILLATION,BAD,BAD,GOOD,0.3,1.0,flagged_borderline_or_disagreement,1.7800324749513723,BAD_NEAR_AXIS_GRID_OSCILLATION,,,BAD,rule_engine,108af0b280996b586cb35a724055d7b8ac177eca883229cd425dd75ddc08e5d8,nstxuE204708F03t017/N10/egn10w.1054E+02
nstxuE204708F03t017/N10/egn10w.1135E+02,good,nstxuE204708F03t017,10,egn10w.1135E+02,3.3694166017308893,GOOD,NO_GOOD_TEMPLATE,GOOD,GOOD,BAD,0.7066666666666667,0.0,flagged_rf_only_good,0.9229425584101618,BAD_GRID_SCALE_SPIKE,True,True,REVIEW,rule_survivor_policy,b7ce8c206ff942eba0a553dfa5b3ef3054b8d21a36be8b110e777319552c80bf,nstxuE204708F03t017/N10/egn10w.1135E+02
nstxuE204708F03t017/N10/egn10w.1197E+02,good,nstxuE204708F03t017,10,egn10w.1197E+02,3.4595572980066085,GOOD,NO_GOOD_TEMPLATE,GOOD,GOOD,BAD,0.81,1.5830684541029427e-09,flagged_rf_only_good,0.40439330590679984,BAD_GRID_SCALE_SPIKE,True,True,REVIEW,rule_survivor_policy,19946a38a8145144728d766c42d7403923b44d0659354dc36d2fd1cf9d63775c,nstxuE204708F03t017/N10/egn10w.1197E+02
nstxuE204708F03t017/N10/egn10w.1430E+02,good,nstxuE204708F03t017,10,egn10w.1430E+02,3.7813118470366174,GOOD,NO_GOOD_TEMPLATE,GOOD,GOOD,BAD,0.64,1.359165709667598e-12,flagged_rf_only_good,0.5929961587443512,BAD_GRID_SCALE_SPIKE,True,True,REVIEW,rule_survivor_policy,2918d9ed4a793188405272a66bc7d0f23f118dcc0f25a06701662596f5805ed1,nstxuE204708F03t017/N10/egn10w.1430E+02
nstxuE204708F03t017/N10/egn10w.1504E+02,good,nstxuE204708F03t017,10,egn10w.1504E+02,3.877864629815106,GOOD,NO_GOOD_TEMPLATE,GOOD,GOOD,BAD,0.6466666666666666,1.007089984322862e-11,flagged_rf_only_good,0.5912108319779051,BAD_GRID_SCALE_SPIKE,True,True,REVIEW,rule_survivor_policy,f447a5d3d32d293e2efde72c0dca8ef72eca6d9b243dfb5e12ac119efdbe9b59,nstxuE204708F03t017/N10/egn10w.1504E+02
nstxuE204944A01t017/N5/egn05w.5014E+01,bad,nstxuE204944A01t017,5,egn05w.5014E+01,2.239145682197112,BAD,BAD_NEAR_AXIS_GRID_OSCILLATION,GOOD,GOOD,GOOD,0.92,0.9999631643295288,gold_good,1.392300751400629,BAD_NEAR_AXIS_GRID_OSCILLATION,,True,BAD,rule_engine,ee912730de345b658dafc1578e10f4633597a46452c36e37945b3028e1641353,nstxuE204944A01t017/N5/egn05w.5014E+01
nstxuE204944A01t017/N9/egn09w.1149E+02,bad,nstxuE204944A01t017,9,egn09w.1149E+02,3.389939750061356,BAD,BAD_CONTINUUM_CROSSING_TAIL,BAD,BAD,GOOD,0.15333333333333332,0.9978668093681335,flagged_borderline_or_disagreement,1.0876857843909622,BAD_CONTINUUM_CROSSING_TAIL,,,BAD,rule_engine,0d7b124d4651a475758a6dc0bb30e9da40e1ade5926ed301ea9456eeca6e5877,nstxuE204944A01t017/N9/egn09w.1149E+02
nstxuE204954A01t022/N5/egn05w.1022E+02,good,nstxuE204954A01t022,5,egn05w.1022E+02,3.1966727375949655,GOOD,NO_GOOD_TEMPLATE,GOOD,GOOD,BAD,0.51,1.3388708171655741e-18,flagged_rf_only_good,0.7156824871275594,BAD_GRID_SCALE_SPIKE,True,True,REVIEW,rule_survivor_policy,44456bb194672dade836e3256ba590a1d1bd197f10f1946dc9dfe488ffc52c23,nstxuE204954A01t022/N5/egn05w.1022E+02
nstxuE204954A01t022/N6/egn06w.1466E+02,good,nstxuE204954A01t022,6,egn06w.1466E+02,3.8287583391235196,GOOD,NO_GOOD_TEMPLATE,GOOD,GOOD,BAD,0.64,0.002050517126917839,flagged_rf_only_good,0.7553310810315517,BAD_EDGE_SPIKE,True,True,REVIEW,rule_survivor_policy,36b3df42ede31628b374e51122057f4e91c00727ed7315de27bd3e08d2280e37,nstxuE204954A01t022/N6/egn06w.1466E+02
nstxuE204954A01t022/N8/egn08w.1405E+02,good,nstxuE204954A01t022,8,egn08w.1405E+02,3.747985341495586,GOOD,NO_GOOD_TEMPLATE,GOOD,GOOD,BAD,0.7166666666666667,6.873339137430934e-12,flagged_rf_only_good,0.7316994074908213,BAD_AXIS_SPIKE,True,True,REVIEW,rule_survivor_policy,5e4b26f3eca1391a840b18339bfa713bd5490491694f1def1661f78204b34a3d,nstxuE204954A01t022/N8/egn08w.1405E+02
nstxuE204955F02t017/N7/egn07w.8319E+01,bad,nstxuE204955F02t017,7,egn07w.8319E+01,2.884262200565656,BAD,BAD_INTERIOR_UNRESOLVED_ENVELOPE,GOOD,GOOD,GOOD,0.8133333333333334,1.0,gold_good,1.0644624958962645,BAD_INTERIOR_UNRESOLVED_ENVELOPE,,True,BAD,rule_engine,98e4afef937e24ef981e6c3ca4e42bcfa078839e1a3268945f59fca64273fcd4,nstxuE204955F02t017/N7/egn07w.8319E+01
nstxuE204955F02t017/N8/egn08w.2694E+01,bad,nstxuE204955F02t017,8,egn08w.2694E+01,1.641297050636867,BAD,BAD_CONT_CROSS_WINDOW,BAD,BAD,GOOD,0.15,0.9999598264694214,flagged_borderline_or_disagreement,2.52075742684508,BAD_CONT_CROSS_WINDOW,,,BAD,rule_engine,590b0fc378279f9c7ffd157fb6c1d1641f4ddbdc7da6df493836c9754f504b8e,nstxuE204955F02t017/N8/egn08w.2694E+01
nstxuE204955F02t017/N9/egn09w.2872E+01,good,nstxuE204955F02t017,9,egn09w.2872E+01,1.6946449995641273,GOOD,NO_GOOD_TEMPLATE,GOOD,GOOD,BAD,0.57,0.001531969173811376,flagged_rf_only_good,0.7064408961040569,BAD_GRID_SCALE_SPIKE,True,True,REVIEW,rule_survivor_policy,45c7ea511906e706fbc3766959ff17ea9e7c5385383559f57f98cb11c0689c57,nstxuE204955F02t017/N9/egn09w.2872E+01
nstxuE204955F02t017/N9/egn09w.5709E+01,bad,nstxuE204955F02t017,9,egn09w.5709E+01,2.389455391990505,BAD,BAD_GRID_SCALE_SPIKE,GOOD,GOOD,GOOD,0.99,1.0,gold_good,1.0357774583119566,BAD_GRID_SCALE_SPIKE,,True,BAD,rule_engine,e5dac75bd89cbc4b5543208c4ab67396e18e9aa756fe23690234a9ec135d47d2,nstxuE204955F02t017/N9/egn09w.5709E+01
nstxuE204955F02t017/N9/egn09w.9714E+01,bad,nstxuE204955F02t017,9,egn09w.9714E+01,3.116702388548334,BAD,BAD_NEAR_AXIS_GRID_OSCILLATION,GOOD,GOOD,GOOD,0.5966666666666667,1.0,silver_good,1.1790335322608223,BAD_CONTINUUM_CROSSING_TAIL,,True,BAD,rule_engine,97b9abec4001ddb44fd5e4b8a39086c88f3d6e4af0280eed45e8a295216614a4,nstxuE204955F02t017/N9/egn09w.9714E+01
nstxuE204955F02t017/N10/egn10w.4614E+01,good,nstxuE204955F02t017,10,egn10w.4614E+01,2.1479624175683756,GOOD,NO_GOOD_TEMPLATE,GOOD,GOOD,BAD,0.76,1.509245332875775e-11,flagged_rf_only_good,0.7532345173296836,BAD_NEAR_AXIS_GRID_OSCILLATION,True,True,REVIEW,rule_survivor_policy,7a60b99ab91e73a4c3cb00ca04569ba611bca2db7acbff22ac170e4fb943f6d7,nstxuE204955F02t017/N10/egn10w.4614E+01
nstxuE204955F02t017/N10/egn10w.4769E+01,good,nstxuE204955F02t017,10,egn10w.4769E+01,2.183790028310118,GOOD,NO_GOOD_TEMPLATE,GOOD,GOOD,BAD,0.7,3.0728759270459705e-07,flagged_rf_only_good,0.5256136733303739,BAD_NEAR_AXIS_GRID_OSCILLATION,True,True,REVIEW,rule_survivor_policy,f7dd9bd8d4174c6d40955cabcd88d90804851aed292cd11a59b606ce8ac43c53,nstxuE204955F02t017/N10/egn10w.4769E+01
nstxuE205017A01t025/N5/egn05w.5892E+01,good,nstxuE205017A01t025,5,egn05w.5892E+01,2.42730953293307,GOOD,NO_GOOD_TEMPLATE,BAD,BAD,BAD,0.47,1.950511204995564e-06,flagged_borderline_or_disagreement,0.9550582200876911,BAD_NEAR_AXIS_GRID_OSCILLATION,True,,REVIEW,rule_survivor_policy,0f0668db29460bdd2e992927271355966ea9b7fa1923296141182f76fe54e430,nstxuE205017A01t025/N5/egn05w.5892E+01
nstxuE205017A01t025/N6/egn06w.5615E+01,good,nstxuE205017A01t025,6,egn06w.5615E+01,2.369602213123016,GOOD,NO_GOOD_TEMPLATE,BAD,BAD,BAD,0.3466666666666667,7.082401835240395e-26,silver_bad,0.9013421693005668,BAD_GRID_SCALE_SPIKE,True,,REVIEW,rule_survivor_policy,3e78fd0719792d9f62f97d1f51efcb988dca51ba1da443104821300fe4b72d24,nstxuE205017A01t025/N6/egn06w.5615E+01
nstxuE205017A01t025/N6/egn06w.9552E+01,good,nstxuE205017A01t025,6,egn06w.9552E+01,3.0906363085844935,GOOD,NO_GOOD_TEMPLATE,GOOD,GOOD,BAD,1.0,1.1866446811836795e-06,flagged_rf_only_good,0.5821096375658064,BAD_GRID_SCALE_SPIKE,True,True,REVIEW,rule_survivor_policy,25ab2cce0a39c8a9f55f9abcb985e485450a67960c2991c8cd51b5faa6e9dbf1,nstxuE205017A01t025/N6/egn06w.9552E+01
nstxuE205017A01t025/N10/egn10w.9229E+01,good,nstxuE205017A01t025,10,egn10w.9229E+01,3.0379262987350515,GOOD,NO_GOOD_TEMPLATE,GOOD,GOOD,BAD,0.9866666666666667,3.428431938345966e-08,flagged_rf_only_good,0.5342495845015962,BAD_GRID_SCALE_SPIKE,True,True,REVIEW,rule_survivor_policy,fef5962118dbcf936bd8b70483717b88c6070f9f509bc5178aef79359f9b570b,nstxuE205017A01t025/N10/egn10w.9229E+01
nstxuE205040A01t016/N2/egn02w.1635E+01,good,nstxuE205040A01t016,2,egn02w.1635E+01,1.2786456100153445,GOOD,NO_GOOD_TEMPLATE,GOOD,GOOD,BAD,0.5,0.27752310037612915,flagged_rf_only_good,0.42525533261169157,BAD_GRID_SCALE_SPIKE,True,True,REVIEW,rule_survivor_policy,c95fede4d888c83d3bbd25a454a6b81f39a388f63feb063012c0323ac14a9773,nstxuE205040A01t016/N2/egn02w.1635E+01
nstxuE205040A01t016/N2/egn02w.2491E+01,good,nstxuE205040A01t016,2,egn02w.2491E+01,1.5784329509984574,GOOD,NO_GOOD_TEMPLATE,BAD,BAD,BAD,0.48,1.5701678846014033e-09,flagged_borderline_or_disagreement,0.5335601281597476,BAD_GRID_SCALE_SPIKE,True,,REVIEW,rule_survivor_policy,245a279b7e265d8d27fbf6dd2218d3f6b738cfc020f3b13a839552a15a3bfdb3,nstxuE205040A01t016/N2/egn02w.2491E+01
nstxuE205040A01t016/N2/egn02w.3173E+01,good,nstxuE205040A01t016,2,egn02w.3173E+01,1.7813659573867782,GOOD,NO_GOOD_TEMPLATE,GOOD,GOOD,BAD,0.7833333333333333,0.49807530641555786,flagged_rf_only_good,0.7917133947230167,BAD_CONT_CROSS_WINDOW,True,True,REVIEW,rule_survivor_policy,f1ddd71bf3dabc73414126fcf3beb9bdbe5b0c6d01a1b8c18bef3b9ea7106832,nstxuE205040A01t016/N2/egn02w.3173E+01
nstxuE205040A01t016/N4/egn04w.1656E+01,good,nstxuE205040A01t016,4,egn04w.1656E+01,1.2869769812260015,GOOD,NO_GOOD_TEMPLATE,BAD,BAD,BAD,0.43333333333333335,4.905080913886195e-06,flagged_borderline_or_disagreement,0.6682375218640207,BAD_GRID_SCALE_SPIKE,True,,REVIEW,rule_survivor_policy,d32fbe7a7b83438ccbaa569c2cb1653c5d5c089b26dc13881d0370858e8bffce,nstxuE205040A01t016/N4/egn04w.1656E+01
nstxuE205040A01t016/N4/egn04w.1784E+01,good,nstxuE205040A01t016,4,egn04w.1784E+01,1.3355955240972046,GOOD,NO_GOOD_TEMPLATE,GOOD,GOOD,BAD,0.9366666666666666,1.4023887615621788e-06,flagged_rf_only_good,0.5210435259504304,BAD_GRID_SCALE_SPIKE,True,True,REVIEW,rule_survivor_policy,8d07128ce07a55e20c05f90101ccfe6c75bbd0857bad4e6ddfb0579a28adf592,nstxuE205040A01t016/N4/egn04w.1784E+01
nstxuE205040A01t016/N4/egn04w.4525E+01,bad,nstxuE205040A01t016,4,egn04w.4525E+01,2.127087850582433,BAD,BAD_CONT_CROSS_WINDOW,GOOD,GOOD,GOOD,0.6366666666666667,1.0,silver_good,1.2598216031881695,BAD_CONT_CROSS_WINDOW,,True,BAD,rule_engine,7e10bca0edc7b7e99d1e9c003ffc6a9602055f07990142104791aca1325d2158,nstxuE205040A01t016/N4/egn04w.4525E+01
nstxuE205040A01t016/N5/egn05w.1669E+01,good,nstxuE205040A01t016,5,egn05w.1669E+01,1.2920514589815102,GOOD,NO_GOOD_TEMPLATE,GOOD,GOOD,BAD,0.8733333333333333,9.615443478331459e-15,flagged_rf_only_good,0.4776634393774088,BAD_GRID_SCALE_SPIKE,True,True,REVIEW,rule_survivor_policy,ac7076a803ea7c7a598fc42c9a036f10e4548ba07d9e0a673da8f2a01b6942d2,nstxuE205040A01t016/N5/egn05w.1669E+01
nstxuE205040A01t016/N5/egn05w.1707E+01,good,nstxuE205040A01t016,5,egn05w.1707E+01,1.3066036394094773,GOOD,NO_GOOD_TEMPLATE,GOOD,GOOD,BAD,0.9366666666666666,7.862909440572736e-15,flagged_rf_only_good,0.5567944178066813,BAD_GRID_SCALE_SPIKE,True,True,REVIEW,rule_survivor_policy,55b699e3709e7ececd3f99b157a3a2f493a896cdb52768e7d9a0bd0e9b4fa0b5,nstxuE205040A01t016/N5/egn05w.1707E+01
nstxuE205040A01t016/N6/egn06w.1666E+01,good,nstxuE205040A01t016,6,egn06w.1666E+01,1.2909172262992887,GOOD,NO_GOOD_TEMPLATE,BAD,BAD,BAD,0.3933333333333333,0.0,silver_bad,0.5736533103587342,BAD_GRID_SCALE_SPIKE,True,,REVIEW,rule_survivor_policy,c2acb09f0f2a6fac6a68bb30c90de7721598c3c5db399f2be1b87c9b43951077,nstxuE205040A01t016/N6/egn06w.1666E+01
nstxuE205040A01t016/N6/egn06w.1708E+01,good,nstxuE205040A01t016,6,egn06w.1708E+01,1.3070190717139567,GOOD,NO_GOOD_TEMPLATE,GOOD,GOOD,BAD,0.76,1.0238459253741894e-06,flagged_rf_only_good,0.5364983335422397,BAD_GRID_SCALE_SPIKE,True,True,REVIEW,rule_survivor_policy,09569b8b5202703b4afb7946384169c0bf5c61dde671cc377d41ffea6957bd4f,nstxuE205040A01t016/N6/egn06w.1708E+01
nstxuE205040A01t016/N6/egn06w.2836E+01,good,nstxuE205040A01t016,6,egn06w.2836E+01,1.6839580045419356,GOOD,NO_GOOD_TEMPLATE,BAD,BAD,BAD,0.05333333333333334,0.0,gold_bad,0.9799465288766283,BAD_CONTINUUM_CROSSING_TAIL,True,,REVIEW,rule_survivor_policy,efc5f0292d89a2c22f71b98e8561edced1a0582b2864d53750d1dad01ca5c612,nstxuE205040A01t016/N6/egn06w.2836E+01
nstxuE205040A01t016/N6/egn06w.6452E+01,bad,nstxuE205040A01t016,6,egn06w.6452E+01,2.540162084777424,BAD,BAD_CONT_CROSS_WINDOW,BAD,BAD,GOOD,0.07,1.0,flagged_borderline_or_disagreement,1.8952632136192082,BAD_CONT_CROSS_WINDOW,,,BAD,rule_engine,70cebea335a78795337c558c8da3f6cab0b4617c66ea45def19d22b837859d32,nstxuE205040A01t016/N6/egn06w.6452E+01
nstxuE205040A01t016/N7/egn07w.1637E+01,good,nstxuE205040A01t016,7,egn07w.1637E+01,1.2793965754390095,GOOD,NO_GOOD_TEMPLATE,GOOD,GOOD,BAD,0.65,1.8333066852818793e-22,flagged_rf_only_good,0.9820326696603108,BAD_GRID_SCALE_SPIKE,True,True,REVIEW,rule_survivor_policy,3a2a67eb0bd21fc7315a2fe431619f48bf868dffd56d7509274eb9c069f0e82b,nstxuE205040A01t016/N7/egn07w.1637E+01
nstxuE205040A01t016/N7/egn07w.7425E+01,bad,nstxuE205040A01t016,7,egn07w.7425E+01,2.7249706699592484,BAD,BAD_CONT_CROSS_WINDOW,BAD,BAD,GOOD,0.25333333333333335,1.0,flagged_borderline_or_disagreement,1.215067133295819,BAD_CONT_CROSS_WINDOW,,,BAD,rule_engine,9a1487f768ab8e0e13ea0aab9931d14d1db410b0345fbfcfae29a94c562589b4,nstxuE205040A01t016/N7/egn07w.7425E+01
nstxuE205040A01t016/N8/egn08w.1512E+01,good,nstxuE205040A01t016,8,egn08w.1512E+01,1.2297719544411876,GOOD,NO_GOOD_TEMPLATE,BAD,BAD,BAD,0.3933333333333333,0.0,silver_bad,0.8615884046525278,BAD_GRID_SCALE_SPIKE,True,,REVIEW,rule_survivor_policy,2cc4eb1607d205866416dbe28b852d3a4403bc244622e1970017f946a08a64a6,nstxuE205040A01t016/N8/egn08w.1512E+01
nstxuE205040A01t016/N8/egn08w.1601E+01,good,nstxuE205040A01t016,8,egn08w.1601E+01,1.2652938518614512,GOOD,NO_GOOD_TEMPLATE,GOOD,GOOD,BAD,0.8033333333333333,4.264658533826322e-32,flagged_rf_only_good,0.7899880777042171,BAD_GRID_SCALE_SPIKE,True,True,REVIEW,rule_survivor_policy,10343c74617b8fd8bbe3fce2d76368c99986356d050e38c95a55e51d1f6d92a8,nstxuE205040A01t016/N8/egn08w.1601E+01
nstxuE205040A01t016/N8/egn08w.1773E+01,good,nstxuE205040A01t016,8,egn08w.1773E+01,1.3314063083890249,GOOD,NO_GOOD_TEMPLATE,GOOD,GOOD,BAD,0.9366666666666666,6.420963072220967e-14,flagged_rf_only_good,0.5775104814366849,BAD_GRID_SCALE_SPIKE,True,True,REVIEW,rule_survivor_policy,6a1c6d6ef75f690527241cd25f9988ba19790885ae5ce5774503482a5b62f8eb,nstxuE205040A01t016/N8/egn08w.1773E+01
nstxuE205040A01t016/N8/egn08w.2969E+01,good,nstxuE205040A01t016,8,egn08w.2969E+01,1.7231707128765457,GOOD,NO_GOOD_TEMPLATE,GOOD,GOOD,BAD,0.9233333333333333,0.012396416626870632,flagged_rf_only_good,0.894278620139754,BAD_GRID_SCALE_SPIKE,True,True,REVIEW,rule_survivor_policy,219e1327eab1534ce977a62b96adb532b693bce1d01c4635636151878fc84862,nstxuE205040A01t016/N8/egn08w.2969E+01
nstxuE205040A01t016/N8/egn08w.8207E+01,bad,nstxuE205040A01t016,8,egn08w.8207E+01,2.86480376942916,BAD,BAD_CONT_CROSS_WINDOW,BAD,BAD,GOOD,0.04,1.0,flagged_borderline_or_disagreement,6.3386061830839235,BAD_CONT_CROSS_WINDOW,,,BAD,rule_engine,c4fddc1fd644bd154dee94545e0616b8d9ca6999f7ce8b8f4dc550861799d0eb,nstxuE205040A01t016/N8/egn08w.8207E+01
nstxuE205040A01t016/N8/egn08w.1070E+02,good,nstxuE205040A01t016,8,egn08w.1070E+02,3.2712751737412007,GOOD,NO_GOOD_TEMPLATE,GOOD,GOOD,BAD,0.6766666666666666,0.011983993463218212,flagged_rf_only_good,0.9464422375823626,BAD_CONTINUUM_CROSSING_TAIL,True,True,REVIEW,rule_survivor_policy,10115da81d9610eadc737313937cb67451afa8cc615ba847bf296f27dea83f54,nstxuE205040A01t016/N8/egn08w.1070E+02
nstxuE205040A01t016/N9/egn09w.2723E+01,good,nstxuE205040A01t016,9,egn09w.2723E+01,1.6500206758946798,GOOD,NO_GOOD_TEMPLATE,GOOD,GOOD,BAD,0.6466666666666666,0.0,flagged_rf_only_good,0.8761975897239387,BAD_GRID_SCALE_SPIKE,True,True,REVIEW,rule_survivor_policy,931cb1c68f19837f6dfed15b83c42e1f3f1bfc997ee313ef79f2d4deba9c8a11,nstxuE205040A01t016/N9/egn09w.2723E+01
nstxuE205040A01t016/N9/egn09w.1054E+02,good,nstxuE205040A01t016,9,egn09w.1054E+02,3.2467749528682095,GOOD,NO_GOOD_TEMPLATE,GOOD,GOOD,BAD,0.6866666666666666,0.014778428710997105,flagged_rf_only_good,0.5532655487863061,BAD_GRID_SCALE_SPIKE,True,True,REVIEW,rule_survivor_policy,bbaaf6b31e023c20e62b3e3a62faded43f1dee29b4862bc6834f7b57d64d0e25,nstxuE205040A01t016/N9/egn09w.1054E+02
nstxuE205040A01t016/N10/egn10w.2695E+01,good,nstxuE205040A01t016,10,egn10w.2695E+01,1.6416453985300248,GOOD,NO_GOOD_TEMPLATE,GOOD,GOOD,BAD,0.8466666666666667,0.0008601074223406613,flagged_rf_only_good,0.7660146397677635,BAD_GRID_SCALE_SPIKE,True,True,REVIEW,rule_survivor_policy,79720e029fcdf6dfb50fbf351470ffef7490e11bd4d9dc7847135ec797d22346,nstxuE205040A01t016/N10/egn10w.2695E+01
nstxuE205042A01t022/N2/egn02w.4482E+01,bad,nstxuE205042A01t022,2,egn02w.4482E+01,2.117169747692131,BAD,BAD_CONT_CROSS_WINDOW,BAD,BAD,GOOD,0.25666666666666665,1.0,flagged_borderline_or_disagreement,2.2759271551283886,BAD_CONT_CROSS_WINDOW,,,BAD,rule_engine,3c913eaaca84fcfba6e50070a0b1a70fbef57491a08079b0786a06fab9dfc7f1,nstxuE205042A01t022/N2/egn02w.4482E+01
nstxuE205042A01t022/N2/egn02w.5672E+01,bad,nstxuE205042A01t022,2,egn02w.5672E+01,2.381690983911513,BAD,BAD_CONT_CROSS_WINDOW,BAD,BAD,GOOD,0.38,1.0,flagged_borderline_or_disagreement,1.2597288550567622,BAD_CONT_CROSS_WINDOW,,,BAD,rule_engine,10b17ba767d7f5df4751784beb29112a68462c71870b6e20cc973d00133320c7,nstxuE205042A01t022/N2/egn02w.5672E+01
nstxuE205042A01t022/N4/egn04w.2713E+01,good,nstxuE205042A01t022,4,egn04w.2713E+01,1.6470412208261003,GOOD,NO_GOOD_TEMPLATE,BAD,BAD,BAD,0.37333333333333335,1.846006399889281e-17,silver_bad,0.41318803164375406,BAD_INTERIOR_UNRESOLVED_ENVELOPE,True,,REVIEW,rule_survivor_policy,c6bc72cbbe283cfd9aaee1cc3d1ca0333b690a93ffd570d66da9072580c85d58,nstxuE205042A01t022/N4/egn04w.2713E+01
nstxuE205042A01t022/N4/egn04w.2833E+01,good,nstxuE205042A01t022,4,egn04w.2833E+01,1.6830859897246986,GOOD,NO_GOOD_TEMPLATE,GOOD,GOOD,BAD,0.74,0.0006075488054193556,flagged_rf_only_good,0.3443441856834681,BAD_GRID_SCALE_SPIKE,True,True,REVIEW,rule_survivor_policy,f08cdf6b0fc4c3468120176c6ca24f174190ccf5c44802ac5746c238639ff247,nstxuE205042A01t022/N4/egn04w.2833E+01
nstxuE205042A01t022/N5/egn05w.3669E+01,good,nstxuE205042A01t022,5,egn05w.3669E+01,1.9154789670232755,GOOD,NO_GOOD_TEMPLATE,GOOD,GOOD,BAD,0.77,0.0003849491768050939,flagged_rf_only_good,0.8171989257994472,BAD_AXIS_SPIKE,True,True,REVIEW,rule_survivor_policy,e07f79ad971d399a9479f9bf806401d4e2c24fcb49cf3232b5ba0a0389d72832,nstxuE205042A01t022/N5/egn05w.3669E+01
nstxuE205042A01t022/N5/egn05w.3788E+01,bad,nstxuE205042A01t022,5,egn05w.3788E+01,1.9463992750067272,BAD,BAD_AXIS_SPIKE,BAD,BAD,GOOD,0.02666666666666667,0.9995706677436829,flagged_borderline_or_disagreement,5.0,BAD_AXIS_SPIKE,,,BAD,rule_engine,84bcd41630a653f7711470711cebb5d9e9cd1474183ea8251a8633de6eab11f3,nstxuE205042A01t022/N5/egn05w.3788E+01
nstxuE205042A01t022/N8/egn08w.3953E+01,good,nstxuE205042A01t022,8,egn08w.3953E+01,1.988330405697302,GOOD,NO_GOOD_TEMPLATE,GOOD,GOOD,BAD,0.6366666666666667,1.8028971752851502e-20,flagged_rf_only_good,0.7783205489856085,BAD_GRID_SCALE_SPIKE,True,True,REVIEW,rule_survivor_policy,fd559eda92554d404da69bcb94381cf8aff7181163728a1d85c177d3461a477a,nstxuE205042A01t022/N8/egn08w.3953E+01
nstxuE205045A01t022/N1/egn01w.9843E+01,bad,nstxuE205045A01t022,1,egn01w.9843E+01,3.137338716629404,BAD,BAD_AXIS_SPIKE,BAD,BAD,GOOD,0.013333333333333334,1.0,flagged_borderline_or_disagreement,13.398677153379369,BAD_CONT_CROSS_WINDOW,,,BAD,rule_engine,65f5181c5e2d2ff1c87cb143a46b0f67393e01fb1094d45406e15ee598d14ea6,nstxuE205045A01t022/N1/egn01w.9843E+01
nstxuE205045A01t022/N1/egn01w.9908E+01,bad,nstxuE205045A01t022,1,egn01w.9908E+01,3.1477367763716146,BAD,BAD_CONT_CROSS_WINDOW,BAD,BAD,GOOD,0.01,0.9999927282333374,flagged_borderline_or_disagreement,10.873811531074344,BAD_CONT_CROSS_WINDOW,,,BAD,rule_engine,bbce6e56fca36b875e6717b87c42ff3c606e91cfc3dda44ddc810ccdc2fc040f,nstxuE205045A01t022/N1/egn01w.9908E+01
nstxuE205045A01t022/N1/egn01w.2113E+02,bad,nstxuE205045A01t022,1,egn01w.2113E+02,4.597083578312107,BAD,BAD_CONT_CROSS_WINDOW,BAD,BAD,GOOD,0.12333333333333334,0.9999998807907104,flagged_borderline_or_disagreement,12.441589649944595,BAD_CONT_CROSS_WINDOW,,,BAD,rule_engine,1e19c010ee2944d613b7ede80c9b09cea0de8539a88e1ee1b8dae8ca0f1ff27e,nstxuE205045A01t022/N1/egn01w.2113E+02
nstxuE205045A01t022/N2/egn02w.9964E+01,bad,nstxuE205045A01t022,2,egn02w.9964E+01,3.1565133911724987,BAD,BAD_NEAR_AXIS_GRID_OSCILLATION,BAD,BAD,GOOD,0.01,1.0,flagged_borderline_or_disagreement,10.852120351686745,BAD_CONT_CROSS_WINDOW,,,BAD,rule_engine,3575572ba4e6f9afa246021229c5a8a4dbc4b92094ea66e7f4b7e25153af886c,nstxuE205045A01t022/N2/egn02w.9964E+01
nstxuE205045A01t022/N2/egn02w.1065E+02,bad,nstxuE205045A01t022,2,egn02w.1065E+02,3.2635121281162474,BAD,BAD_CONT_CROSS_WINDOW,BAD,BAD,GOOD,0.043333333333333335,1.0,flagged_borderline_or_disagreement,14.172208140716544,BAD_CONT_CROSS_WINDOW,,,BAD,rule_engine,41f780a825c8849bed90a1d7ca3ce82a64cbae444327d753b190c2d7d0d495fd,nstxuE205045A01t022/N2/egn02w.1065E+02
nstxuE205045A01t022/N2/egn02w.1609E+02,bad,nstxuE205045A01t022,2,egn02w.1609E+02,4.010856591842813,BAD,BAD_CONT_CROSS_WINDOW,BAD,BAD,GOOD,0.03333333333333333,1.0,flagged_borderline_or_disagreement,5.92838695959095,BAD_CONT_CROSS_WINDOW,,,BAD,rule_engine,1043e82b060186cddc2acbdb567cd316f5c2d45b6db76d3814c33d6efcb77a13,nstxuE205045A01t022/N2/egn02w.1609E+02
nstxuE205045A01t022/N3/egn03w.9124E+01,bad,nstxuE205045A01t022,3,egn03w.9124E+01,3.0206326026018644,BAD,BAD_CONT_CROSS_WINDOW,BAD,BAD,GOOD,0.023333333333333334,0.9773594737052917,flagged_borderline_or_disagreement,13.052951674859408,BAD_CONT_CROSS_WINDOW,,,BAD,rule_engine,ce7ea9fd9486c9e54b08272257bb24f560868835582ccd52a7cf99eb49abfdb3,nstxuE205045A01t022/N3/egn03w.9124E+01
nstxuE205045A01t022/N3/egn03w.9391E+01,bad,nstxuE205045A01t022,3,egn03w.9391E+01,3.0645036577862856,BAD,BAD_CONT_CROSS_WINDOW,BAD,BAD,GOOD,0.0,0.9999788999557495,flagged_borderline_or_disagreement,13.050918210879695,BAD_CONT_CROSS_WINDOW,,,BAD,rule_engine,8c27d6aee6eb1a444485420410eb467a88a87dff1f3e1db923c1c668f2b7a8cd,nstxuE205045A01t022/N3/egn03w.9391E+01
nstxuE205045A01t022/N3/egn03w.9594E+01,bad,nstxuE205045A01t022,3,egn03w.9594E+01,3.097496983320182,BAD,BAD_CONT_CROSS_WINDOW,BAD,BAD,GOOD,0.02666666666666667,0.9999951124191284,flagged_borderline_or_disagreement,13.245596394825238,BAD_CONT_CROSS_WINDOW,,,BAD,rule_engine,f7fdd754ab89244eeeabbb3aab7f29ca11f24223fdd5367110029f92b771ada9,nstxuE205045A01t022/N3/egn03w.9594E+01
nstxuE205045A01t022/N3/egn03w.1031E+02,bad,nstxuE205045A01t022,3,egn03w.1031E+02,3.2116830474897258,BAD,BAD_CONT_CROSS_WINDOW,BAD,BAD,GOOD,0.05333333333333334,1.0,flagged_borderline_or_disagreement,13.574968714772712,BAD_CONT_CROSS_WINDOW,,,BAD,rule_engine,4750298d82ca740a2d46a24c63a9b0fea6f268cdfa63639acc14947367bd81a7,nstxuE205045A01t022/N3/egn03w.1031E+02
nstxuE205045A01t022/N3/egn03w.1161E+02,bad,nstxuE205045A01t022,3,egn03w.1161E+02,3.4069806223911345,BAD,BAD_CONT_CROSS_WINDOW,BAD,BAD,GOOD,0.12666666666666668,1.0,flagged_borderline_or_disagreement,11.803887297883943,BAD_CONT_CROSS_WINDOW,,,BAD,rule_engine,72d1c8ae0f8d34c34823e6d047f990bbd68b0cbdb3d4eb569c810f054f615407,nstxuE205045A01t022/N3/egn03w.1161E+02
nstxuE205045A01t022/N3/egn03w.1248E+02,bad,nstxuE205045A01t022,3,egn03w.1248E+02,3.532867803025088,BAD,BAD_CONT_CROSS_WINDOW,BAD,BAD,GOOD,0.05333333333333334,0.9999886751174927,flagged_borderline_or_disagreement,7.611491776644047,BAD_CONT_CROSS_WINDOW,,,BAD,rule_engine,915e6b08cb01295132de90bb3f591b5da8b5722dd0afeda3d1b8c50738d4638d,nstxuE205045A01t022/N3/egn03w.1248E+02
nstxuE205045A01t022/N3/egn03w.1362E+02,bad,nstxuE205045A01t022,3,egn03w.1362E+02,3.690454464284924,BAD,BAD_CONT_CROSS_WINDOW,BAD,BAD,GOOD,0.02,0.9999940395355225,flagged_borderline_or_disagreement,4.376679181930519,BAD_CONT_CROSS_WINDOW,,,BAD,rule_engine,71472c8efd147cc0bcb5dabb5ce177337f6772bf4663f0f07dd49e1137892067,nstxuE205045A01t022/N3/egn03w.1362E+02
nstxuE205045A01t022/N3/egn03w.1552E+02,bad,nstxuE205045A01t022,3,egn03w.1552E+02,3.940175704279201,BAD,BAD_CONT_CROSS_WINDOW,BAD,BAD,GOOD,0.07,1.0,flagged_borderline_or_disagreement,10.664857185711044,BAD_CONT_CROSS_WINDOW,,,BAD,rule_engine,be765e00a46cfa3bd1b9a3ccc4ece91c9358eb607b300d068cf8564f5253710c,nstxuE205045A01t022/N3/egn03w.1552E+02
nstxuE205045A01t022/N3/egn03w.1912E+02,bad,nstxuE205045A01t022,3,egn03w.1912E+02,4.372879537822032,BAD,BAD_CONT_CROSS_WINDOW,BAD,BAD,GOOD,0.043333333333333335,0.9983102083206177,flagged_borderline_or_disagreement,17.60550157935065,BAD_CONT_CROSS_WINDOW,,,BAD,rule_engine,96350633fd3af36fbb15adda1070c74d4a3718971c1e7ca8bbd29736613b960d,nstxuE205045A01t022/N3/egn03w.1912E+02
nstxuE205045A01t022/N3/egn03w.2001E+02,bad,nstxuE205045A01t022,3,egn03w.2001E+02,4.473078851989807,BAD,BAD_GRID_SCALE_SPIKE,BAD,BAD,GOOD,0.0,1.0,flagged_borderline_or_disagreement,15.258781579737468,BAD_CONT_CROSS_WINDOW,,,BAD,rule_engine,770a70446d5718860e7afdf936c79f24d68bf0a1fb7a6ebe4d029555bf820663,nstxuE205045A01t022/N3/egn03w.2001E+02
nstxuE205045A01t022/N4/egn04w.9432E+01,bad,nstxuE205045A01t022,4,egn04w.9432E+01,3.0711926010262984,BAD,BAD_CONT_CROSS_WINDOW,BAD,BAD,GOOD,0.03,1.0,flagged_borderline_or_disagreement,12.893411060409145,BAD_CONT_CROSS_WINDOW,,,BAD,rule_engine,39765e87ffa3e6547ee601d078909697748228160f9260517b8c42cacdfa3c09,nstxuE205045A01t022/N4/egn04w.9432E+01
nstxuE205045A01t022/N4/egn04w.1145E+02,bad,nstxuE205045A01t022,4,egn04w.1145E+02,3.383091011234556,BAD,BAD_CONT_CROSS_WINDOW,BAD,BAD,GOOD,0.05333333333333334,0.9999992847442627,flagged_borderline_or_disagreement,11.007107428489046,BAD_CONT_CROSS_WINDOW,,,BAD,rule_engine,9252fd9a5fb82a1841dfd5dc076c277cbd639349bdabe7592e6b8a2b5ebc1718,nstxuE205045A01t022/N4/egn04w.1145E+02
nstxuE205045A01t022/N4/egn04w.1303E+02,bad,nstxuE205045A01t022,4,egn04w.1303E+02,3.610317218667619,BAD,BAD_CONT_CROSS_WINDOW,BAD,BAD,GOOD,0.0033333333333333335,0.7882009148597717,flagged_borderline_or_disagreement,13.304365488473811,BAD_CONT_CROSS_WINDOW,,,BAD,rule_engine,36f9e467a604966d95566fddc6467df31a5a9313b73260d0a586268144c94ecc,nstxuE205045A01t022/N4/egn04w.1303E+02
nstxuE205045A01t022/N4/egn04w.1410E+02,bad,nstxuE205045A01t022,4,egn04w.1410E+02,3.754801613434456,BAD,BAD_CONT_CROSS_WINDOW,BAD,BAD,GOOD,0.03333333333333333,1.0,flagged_borderline_or_disagreement,15.692167242851923,BAD_CONT_CROSS_WINDOW,,,BAD,rule_engine,2aeac06bafca5ee8ef20aee5ab270cb22e1d8f68ce09d0b2ced7e6d8ffeb15be,nstxuE205045A01t022/N4/egn04w.1410E+02
nstxuE205045A01t022/N4/egn04w.1482E+02,bad,nstxuE205045A01t022,4,egn04w.1482E+02,3.8503173196726332,BAD,BAD_CONT_CROSS_WINDOW,BAD,BAD,GOOD,0.0033333333333333335,1.0,flagged_borderline_or_disagreement,3.7993015147928335,BAD_CONT_CROSS_WINDOW,,,BAD,rule_engine,75e14bdb6313575c66856901c29be16c94d761e4322f168ff4ee5b6e6a562350,nstxuE205045A01t022/N4/egn04w.1482E+02
nstxuE205045A01t022/N4/egn04w.1698E+02,bad,nstxuE205045A01t022,4,egn04w.1698E+02,4.120362849097602,BAD,BAD_CONT_CROSS_WINDOW,BAD,BAD,GOOD,0.04,1.0,flagged_borderline_or_disagreement,10.653155802924152,BAD_CONT_CROSS_WINDOW,,,BAD,rule_engine,497891b2be24e721eb6e6139947d8486bf11ea09ac611cecfdfb3eb33e5e5dbb,nstxuE205045A01t022/N4/egn04w.1698E+02
nstxuE205045A01t022/N4/egn04w.1799E+02,bad,nstxuE205045A01t022,4,egn04w.1799E+02,4.240890367622983,BAD,BAD_CONT_CROSS_WINDOW,BAD,BAD,GOOD,0.006666666666666667,0.999333918094635,flagged_borderline_or_disagreement,5.586329283245949,BAD_CONT_CROSS_WINDOW,,,BAD,rule_engine,a111bc7a5c27726a230c721b01c8a274286d23966fb6cdc0a213b03c1ec6761e,nstxuE205045A01t022/N4/egn04w.1799E+02
nstxuE205045A01t022/N4/egn04w.2054E+02,bad,nstxuE205045A01t022,4,egn04w.2054E+02,4.532537816088944,BAD,BAD_CONT_CROSS_WINDOW,BAD,BAD,GOOD,0.043333333333333335,1.0,flagged_borderline_or_disagreement,14.906774034549787,BAD_CONT_CROSS_WINDOW,,,BAD,rule_engine,30a25295c48aebcc3c992e081c5fd0f5d061b549ad6a5052c367352d27d87f92,nstxuE205045A01t022/N4/egn04w.2054E+02
nstxuE205045A01t022/N4/egn04w.2170E+02,bad,nstxuE205045A01t022,4,egn04w.2170E+02,4.658849393648327,BAD,BAD_CONT_CROSS_WINDOW,BAD,BAD,GOOD,0.06,1.0,flagged_borderline_or_disagreement,8.529072170403438,BAD_CONT_CROSS_WINDOW,,,BAD,rule_engine,86e56457afa667ae8851ce6d1db15e2698047d6ec5e3d45bfa29abd0d6409e04,nstxuE205045A01t022/N4/egn04w.2170E+02
nstxuE205045A01t022/N4/egn04w.2562E+02,bad,nstxuE205045A01t022,4,egn04w.2562E+02,5.061799923166765,BAD,BAD_CONT_CROSS_WINDOW,BAD,BAD,GOOD,0.05,0.9999992847442627,flagged_borderline_or_disagreement,1.0271644455920366,BAD_CONT_CROSS_WINDOW,,,BAD,rule_engine,27104b6c9ef29232d1f3bc6b3bfff22eb97876c5cf91d7e8da407be59177b7a4,nstxuE205045A01t022/N4/egn04w.2562E+02
nstxuE205045A01t022/N4/egn04w.3005E+02,bad,nstxuE205045A01t022,4,egn04w.3005E+02,5.482199626674547,BAD,BAD_CONTINUUM_CROSSING_TAIL,BAD,BAD,GOOD,0.21333333333333335,1.0,flagged_borderline_or_disagreement,1.6260847368048008,BAD_CONTINUUM_CROSSING_TAIL,,,BAD,rule_engine,9e361e1899d2bb12dbc62d9d5d964a0b09d70ecf21d6777093893fe84f741903,nstxuE205045A01t022/N4/egn04w.3005E+02
nstxuE205045A01t022/N4/egn04w.3243E+02,bad,nstxuE205045A01t022,4,egn04w.3243E+02,5.694808960394962,BAD,BAD_CONTINUUM_CROSSING_TAIL,GOOD,BAD,GOOD,0.49,0.9997342228889465,flagged_cnn_rescue,1.3263766643633292,BAD_CONTINUUM_CROSSING_TAIL,,True,BAD,rule_engine,f072098c48caa2cb8e9df3623cef709fe2e73eec9a642e5ee98424ace4077a46,nstxuE205045A01t022/N4/egn04w.3243E+02
nstxuE205045A01t022/N5/egn05w.9636E+01,bad,nstxuE205045A01t022,5,egn05w.9636E+01,3.1042555713307745,BAD,BAD_CONT_CROSS_WINDOW,BAD,BAD,GOOD,0.03333333333333333,1.0,flagged_borderline_or_disagreement,11.861699779694957,BAD_CONT_CROSS_WINDOW,,,BAD,rule_engine,b98aa74a225e04b2500f0ac7ebc81c51feea3a1b4aab2c882ab1ecef30925ee8,nstxuE205045A01t022/N5/egn05w.9636E+01
nstxuE205045A01t022/N5/egn05w.9821E+01,bad,nstxuE205045A01t022,5,egn05w.9821E+01,3.133855462793016,BAD,BAD_CONT_CROSS_WINDOW,BAD,BAD,GOOD,0.02666666666666667,0.999998927116394,flagged_borderline_or_disagreement,10.752825110588203,BAD_CONT_CROSS_WINDOW,,,BAD,rule_engine,41fe849576ba7cc540820ed5750ea0d30f10950088adf1acd073e6714d1ed58e,nstxuE205045A01t022/N5/egn05w.9821E+01
nstxuE205045A01t022/N5/egn05w.1003E+02,bad,nstxuE205045A01t022,5,egn05w.1003E+02,3.167741018771354,BAD,BAD_CONT_CROSS_WINDOW,BAD,BAD,GOOD,0.05333333333333334,0.9999985694885254,flagged_borderline_or_disagreement,11.175629887109563,BAD_CONT_CROSS_WINDOW,,,BAD,rule_engine,69329d0e8a6e40a2465dec3daa312dc8f2919df7ee1a1065503755227d7937a0,nstxuE205045A01t022/N5/egn05w.1003E+02
nstxuE205045A01t022/N5/egn05w.1066E+02,bad,nstxuE205045A01t022,5,egn05w.1066E+02,3.264401842196442,BAD,BAD_CONT_CROSS_WINDOW,BAD,BAD,GOOD,0.03333333333333333,1.0,flagged_borderline_or_disagreement,11.569581984742253,BAD_CONT_CROSS_WINDOW,,,BAD,rule_engine,0a186040761680eb9bf4daf24d0e163fe5baa0fec2c7c9e33699ba041b9b73a6,nstxuE205045A01t022/N5/egn05w.1066E+02
nstxuE205045A01t022/N5/egn05w.1100E+02,bad,nstxuE205045A01t022,5,egn05w.1100E+02,3.3160773105343586,BAD,BAD_CONT_CROSS_WINDOW,BAD,BAD,GOOD,0.12666666666666668,1.0,flagged_borderline_or_disagreement,8.230070633828603,BAD_CONT_CROSS_WINDOW,,,BAD,rule_engine,560f23f0917bb8f07d9cac23abf20c7f3d7cf024cd7aa7425f7e806091661d5b,nstxuE205045A01t022/N5/egn05w.1100E+02
nstxuE205045A01t022/N5/egn05w.1143E+02,bad,nstxuE205045A01t022,5,egn05w.1143E+02,3.380108143975145,BAD,BAD_CONT_CROSS_WINDOW,BAD,BAD,GOOD,0.05333333333333334,1.0,flagged_borderline_or_disagreement,11.967771881944806,BAD_CONT_CROSS_WINDOW,,,BAD,rule_engine,534d672a486ffef009ec4c233a8da7f6ea1f751fb8c628a58209bdb2d1298e54,nstxuE205045A01t022/N5/egn05w.1143E+02
nstxuE205045A01t022/N5/egn05w.1190E+02,bad,nstxuE205045A01t022,5,egn05w.1190E+02,3.4493765377496306,BAD,BAD_CONT_CROSS_WINDOW,BAD,BAD,GOOD,0.02,0.9847708344459534,flagged_borderline_or_disagreement,10.210753868059765,BAD_CONT_CROSS_WINDOW,,,BAD,rule_engine,d8b24adf7a787e9e355a7cf13e1d6af37f6a4d826c46f147545a98406202c265,nstxuE205045A01t022/N5/egn05w.1190E+02
nstxuE205045A01t022/N5/egn05w.1201E+02,bad,nstxuE205045A01t022,5,egn05w.1201E+02,3.466195642592936,BAD,BAD_CONT_CROSS_WINDOW,BAD,BAD,GOOD,0.016666666666666666,1.0,flagged_borderline_or_disagreement,10.373247611437542,BAD_CONT_CROSS_WINDOW,,,BAD,rule_engine,ca03ac207fe9073332dbfa1edbeddebd2247a1b722696350ac5d347f73004b00,nstxuE205045A01t022/N5/egn05w.1201E+02
nstxuE205045A01t022/N5/egn05w.1255E+02,bad,nstxuE205045A01t022,5,egn05w.1255E+02,3.5426889568843407,BAD,BAD_CONT_CROSS_WINDOW,BAD,BAD,GOOD,0.02,1.0,flagged_borderline_or_disagreement,9.761836952735848,BAD_CONT_CROSS_WINDOW,,,BAD,rule_engine,47bd4b153daa946fcd534c5b191c92f98585bd9c0ea7269b4db756dd259681a3,nstxuE205045A01t022/N5/egn05w.1255E+02
nstxuE205045A01t022/N5/egn05w.1535E+02,bad,nstxuE205045A01t022,5,egn05w.1535E+02,3.918527416452109,BAD,BAD_CONT_CROSS_WINDOW,BAD,BAD,GOOD,0.03666666666666667,1.0,flagged_borderline_or_disagreement,8.620422451583577,BAD_CONT_CROSS_WINDOW,,,BAD,rule_engine,9a84f83ca59b04358d97d82f583ba95200a57371fcdde8711d62e5c4dfd46ca6,nstxuE205045A01t022/N5/egn05w.1535E+02
nstxuE205045A01t022/N5/egn05w.1948E+02,bad,nstxuE205045A01t022,5,egn05w.1948E+02,4.413797078070263,BAD,BAD_CONT_CROSS_WINDOW,BAD,BAD,GOOD,0.013333333333333334,1.0,flagged_borderline_or_disagreement,8.346405265029583,BAD_CONT_CROSS_WINDOW,,,BAD,rule_engine,15d4cb0e5a51fb14fc77b1ec4892d4806c76b22e0605dd55818066b18bd4f9b6,nstxuE205045A01t022/N5/egn05w.1948E+02
nstxuE205045A01t022/N5/egn05w.2179E+02,bad,nstxuE205045A01t022,5,egn05w.2179E+02,4.667854115939934,BAD,BAD_CONT_CROSS_WINDOW,BAD,BAD,GOOD,0.05,1.0,flagged_borderline_or_disagreement,9.060077160885728,BAD_CONT_CROSS_WINDOW,,,BAD,rule_engine,220a8c5eb32c38d7beac9016ae4163ea80a6246649cdf949227ee6caef261238,nstxuE205045A01t022/N5/egn05w.2179E+02
nstxuE205045A01t022/N5/egn05w.2301E+02,bad,nstxuE205045A01t022,5,egn05w.2301E+02,4.797150097117699,BAD,BAD_CONT_CROSS_WINDOW,BAD,BAD,GOOD,0.08666666666666667,1.0,flagged_borderline_or_disagreement,3.0600541504045764,BAD_CONT_CROSS_WINDOW,,,BAD,rule_engine,b805d9450fa0f1f14e59ff3cf4733128296be92cdbbe469648f6987679e69f43,nstxuE205045A01t022/N5/egn05w.2301E+02
nstxuE205045A01t022/N5/egn05w.3216E+02,bad,nstxuE205045A01t022,5,egn05w.3216E+02,5.670542062817647,BAD,BAD_CONTINUUM_CROSSING_TAIL,BAD,BAD,GOOD,0.3433333333333333,0.9995003938674927,flagged_borderline_or_disagreement,1.2725726927622887,BAD_CONTINUUM_CROSSING_TAIL,,,BAD,rule_engine,f419cac766244e4d84003d800aaa400c016b3966d517a638552f9ee919295d42,nstxuE205045A01t022/N5/egn05w.3216E+02
nstxuE205045A01t022/N6/egn06w.6812E+01,bad,nstxuE205045A01t022,6,egn06w.6812E+01,2.60998161086358,BAD,BAD_AXIS_SPIKE,BAD,BAD,GOOD,0.17,0.9724108576774597,flagged_borderline_or_disagreement,3.9703014009366533,BAD_AXIS_SPIKE,,,BAD,rule_engine,74b350c13580337043546ee97e6c48e71cac33f34806fba08a6ca2b6f963b593,nstxuE205045A01t022/N6/egn06w.6812E+01
nstxuE205045A01t022/N6/egn06w.9319E+01,bad,nstxuE205045A01t022,6,egn06w.9319E+01,3.0527658976446856,BAD,BAD_CONT_CROSS_WINDOW,BAD,BAD,GOOD,0.0033333333333333335,1.0,flagged_borderline_or_disagreement,11.661663521058998,BAD_CONT_CROSS_WINDOW,,,BAD,rule_engine,d296fd742517ee54e7fdabef69d7494b0e7201699a8d64cbbd2d5c2c8e1b152f,nstxuE205045A01t022/N6/egn06w.9319E+01
nstxuE205045A01t022/N6/egn06w.9537E+01,bad,nstxuE205045A01t022,6,egn06w.9537E+01,3.088278072240299,BAD,BAD_CONT_CROSS_WINDOW,BAD,BAD,GOOD,0.0,0.9373885989189148,flagged_borderline_or_disagreement,10.833354407435976,BAD_CONT_CROSS_WINDOW,,,BAD,rule_engine,a9361eb0ffe69bd3461c2a6292783d7bbc8cf2725c23d81ed32bd99cf12a5bc1,nstxuE205045A01t022/N6/egn06w.9537E+01
nstxuE205045A01t022/N6/egn06w.9804E+01,bad,nstxuE205045A01t022,6,egn06w.9804E+01,3.1311686649012067,BAD,BAD_CONT_CROSS_WINDOW,BAD,BAD,GOOD,0.01,0.9998019337654114,flagged_borderline_or_disagreement,11.472498158519343,BAD_CONT_CROSS_WINDOW,,,BAD,rule_engine,ee6785d423e9f363ffe89e2e6ebbf2969fdba02913a042cf2086b76945aa9c61,nstxuE205045A01t022/N6/egn06w.9804E+01
nstxuE205045A01t022/N6/egn06w.9953E+01,bad,nstxuE205045A01t022,6,egn06w.9953E+01,3.1547624653836324,BAD,BAD_CONT_CROSS_WINDOW,BAD,BAD,GOOD,0.043333333333333335,0.9999542236328125,flagged_borderline_or_disagreement,10.83815451220761,BAD_CONT_CROSS_WINDOW,,,BAD,rule_engine,b87cf3419bab7e4dd35c4522b9ae4aed75da011a9ee811ef143dd20982b8802b,nstxuE205045A01t022/N6/egn06w.9953E+01
nstxuE205045A01t022/N6/egn06w.1012E+02,bad,nstxuE205045A01t022,6,egn06w.1012E+02,3.180424212307261,BAD,BAD_CONT_CROSS_WINDOW,BAD,BAD,GOOD,0.023333333333333334,1.0,flagged_borderline_or_disagreement,11.349427815219313,BAD_CONT_CROSS_WINDOW,,,BAD,rule_engine,e4058c3a7ad510c800ce2ad7ce3910db7892ce2b76808a66003e00438bb714f5,nstxuE205045A01t022/N6/egn06w.1012E+02
nstxuE205045A01t022/N6/egn06w.1053E+02,bad,nstxuE205045A01t022,6,egn06w.1053E+02,3.2448905781719675,BAD,BAD_CONT_CROSS_WINDOW,BAD,BAD,GOOD,0.03333333333333333,1.0,flagged_borderline_or_disagreement,11.235676940671087,BAD_CONT_CROSS_WINDOW,,,BAD,rule_engine,eb7c596593c8a6f0b0794863c6bf9a4ee0341de5dd4759fccff7e29076b683df,nstxuE205045A01t022/N6/egn06w.1053E+02
nstxuE205045A01t022/N6/egn06w.1079E+02,bad,nstxuE205045A01t022,6,egn06w.1079E+02,3.2847713717454,BAD,BAD_CONT_CROSS_WINDOW,BAD,BAD,GOOD,0.056666666666666664,1.0,flagged_borderline_or_disagreement,11.22859017188627,BAD_CONT_CROSS_WINDOW,,,BAD,rule_engine,153e059b444f7af8e173b74c459eed4fcc345b18d52e6e340c735a28f663318d,nstxuE205045A01t022/N6/egn06w.1079E+02
nstxuE205045A01t022/N6/egn06w.1109E+02,bad,nstxuE205045A01t022,6,egn06w.1109E+02,3.329476807252588,BAD,BAD_CONT_CROSS_WINDOW,BAD,BAD,GOOD,0.02,0.8699598908424377,flagged_borderline_or_disagreement,9.949055662688084,BAD_CONT_CROSS_WINDOW,,,BAD,rule_engine,98c0e4c7412980ec14392d86cd2958177df358e69b66eee28034793bc6a1269a,nstxuE205045A01t022/N6/egn06w.1109E+02
nstxuE205045A01t022/N6/egn06w.1275E+02,bad,nstxuE205045A01t022,6,egn06w.1275E+02,3.571155732940594,BAD,BAD_CONT_CROSS_WINDOW,BAD,BAD,GOOD,0.03,0.9999997615814209,flagged_borderline_or_disagreement,6.950952978458035,BAD_CONT_CROSS_WINDOW,,,BAD,rule_engine,0a3fef8b21a53249af07d5fc3ab1f1848cc1adc5ceb590e8fbb781a743b21cfb,nstxuE205045A01t022/N6/egn06w.1275E+02
nstxuE205045A01t022/N6/egn06w.1442E+02,bad,nstxuE205045A01t022,6,egn06w.1442E+02,3.797628593722043,BAD,BAD_CONT_CROSS_WINDOW,BAD,BAD,GOOD,0.01,1.0,flagged_borderline_or_disagreement,13.153171796274865,BAD_CONT_CROSS_WINDOW,,,BAD,rule_engine,ea3bfd33d458dd049d7dd3846351e508bd27d6855762a49827e2698ab0bb772a,nstxuE205045A01t022/N6/egn06w.1442E+02
nstxuE205045A01t022/N6/egn06w.1559E+02,bad,nstxuE205045A01t022,6,egn06w.1559E+02,3.94844382966085,BAD,BAD_CONT_CROSS_WINDOW,BAD,BAD,GOOD,0.01,1.0,flagged_borderline_or_disagreement,11.019176267242706,BAD_CONT_CROSS_WINDOW,,,BAD,rule_engine,696fbab9bb6e32966dd90c4344ab9fb51c65543713f441422982ebe659ad06ec,nstxuE205045A01t022/N6/egn06w.1559E+02
nstxuE205045A01t022/N6/egn06w.1817E+02,bad,nstxuE205045A01t022,6,egn06w.1817E+02,4.262052979530985,BAD,BAD_CONT_CROSS_WINDOW,BAD,BAD,GOOD,0.05,1.0,flagged_borderline_or_disagreement,11.252187772284598,BAD_CONT_CROSS_WINDOW,,,BAD,rule_engine,acc8e9ac73d8de0cd169418d096ac5bc791ef1e4e27c2887e1802d9ac6f6c9eb,nstxuE205045A01t022/N6/egn06w.1817E+02
nstxuE205045A01t022/N6/egn06w.2095E+02,bad,nstxuE205045A01t022,6,egn06w.2095E+02,4.577088361618751,BAD,BAD_CONT_CROSS_WINDOW,BAD,BAD,GOOD,0.043333333333333335,1.0,flagged_borderline_or_disagreement,14.150254157344792,BAD_CONT_CROSS_WINDOW,,,BAD,rule_engine,cf64e7db205bb8f2f4eb3547db94e2f5d4a3711155751a772cb9d656a92d223c,nstxuE205045A01t022/N6/egn06w.2095E+02
nstxuE205045A01t022/N6/egn06w.2411E+02,bad,nstxuE205045A01t022,6,egn06w.2411E+02,4.910564751226365,BAD,BAD_CONT_CROSS_WINDOW,BAD,BAD,GOOD,0.12333333333333334,1.0,flagged_borderline_or_disagreement,1.4523750885805855,BAD_CONT_CROSS_WINDOW,,,BAD,rule_engine,ef5b0dddafe3d7dbd8ea466fc0d96c3d5ff11ee8ba3344e7520aa4be863ac7a6,nstxuE205045A01t022/N6/egn06w.2411E+02
nstxuE205045A01t022/N6/egn06w.3636E+02,bad,nstxuE205045A01t022,6,egn06w.3636E+02,6.029927247913658,BAD,BAD_CONT_CROSS_WINDOW,BAD,BAD,GOOD,0.20666666666666667,0.9999909400939941,flagged_borderline_or_disagreement,2.4822184957864097,BAD_CONTINUUM_CROSSING_TAIL,,,BAD,rule_engine,0513a30bb066e33cf4e2f32ebe99cafd52a0fc0ace57f211374129a9f58abdb5,nstxuE205045A01t022/N6/egn06w.3636E+02
nstxuE205045A01t022/N7/egn07w.1082E+02,bad,nstxuE205045A01t022,7,egn07w.1082E+02,3.2886183715331767,BAD,BAD_CONT_CROSS_WINDOW,BAD,BAD,GOOD,0.03,0.9961808919906616,flagged_borderline_or_disagreement,10.453332963581884,BAD_CONT_CROSS_WINDOW,,,BAD,rule_engine,8d4910393dc9cc9ceae6698ecb47a3894a997625e85a64fa336f7848c4122410,nstxuE205045A01t022/N7/egn07w.1082E+02
nstxuE205045A01t022/N7/egn07w.1103E+02,bad,nstxuE205045A01t022,7,egn07w.1103E+02,3.321424252728314,BAD,BAD_CONT_CROSS_WINDOW,BAD,BAD,GOOD,0.04666666666666667,1.0,flagged_borderline_or_disagreement,10.990566968896147,BAD_CONT_CROSS_WINDOW,,,BAD,rule_engine,996bf69d8163f30dd0f18d74cc1f72b7d1721652bfe16a1defa546d92cdb42ba,nstxuE205045A01t022/N7/egn07w.1103E+02
nstxuE205045A01t022/N7/egn07w.1182E+02,bad,nstxuE205045A01t022,7,egn07w.1182E+02,3.437693251146801,BAD,BAD_CONT_CROSS_WINDOW,BAD,BAD,GOOD,0.02,1.0,flagged_borderline_or_disagreement,11.548440938694965,BAD_CONT_CROSS_WINDOW,,,BAD,rule_engine,55a4960bc38d1b4768a3ebd1357554be6ca79fc8843704d657d65cf33d9f77af,nstxuE205045A01t022/N7/egn07w.1182E+02
nstxuE205045A01t022/N7/egn07w.1218E+02,bad,nstxuE205045A01t022,7,egn07w.1218E+02,3.4906098336380693,BAD,BAD_CONT_CROSS_WINDOW,BAD,BAD,GOOD,0.04666666666666667,1.0,flagged_borderline_or_disagreement,11.883703832453337,BAD_CONT_CROSS_WINDOW,,,BAD,rule_engine,f7ca8cbe6da0cbafbdf860b82501f43a4a05b76d73e8230b73fd6bdde8096e36,nstxuE205045A01t022/N7/egn07w.1218E+02
nstxuE205045A01t022/N7/egn07w.1258E+02,bad,nstxuE205045A01t022,7,egn07w.1258E+02,3.5466511058478587,BAD,BAD_CONT_CROSS_WINDOW,BAD,BAD,GOOD,0.01,1.0,flagged_borderline_or_disagreement,6.796939799951126,BAD_CONT_CROSS_WINDOW,,,BAD,rule_engine,f6db5718bb1ccf3d003ab6df60f5ee80ae47ad3b254f0cdae0165b15b18c9d55,nstxuE205045A01t022/N7/egn07w.1258E+02
nstxuE205045A01t022/N7/egn07w.1330E+02,bad,nstxuE205045A01t022,7,egn07w.1330E+02,3.6474118606554424,BAD,BAD_CONT_CROSS_WINDOW,BAD,BAD,GOOD,0.05,1.0,flagged_borderline_or_disagreement,12.645008734662163,BAD_CONT_CROSS_WINDOW,,,BAD,rule_engine,77adf0dca212d4435af462273ee7a3e28915769515b2632806421914d97b4db0,nstxuE205045A01t022/N7/egn07w.1330E+02
nstxuE205045A01t022/N7/egn07w.1473E+02,bad,nstxuE205045A01t022,7,egn07w.1473E+02,3.8385655825982563,BAD,BAD_CONT_CROSS_WINDOW,BAD,BAD,GOOD,0.01,1.0,flagged_borderline_or_disagreement,6.966343682977474,BAD_CONT_CROSS_WINDOW,,,BAD,rule_engine,663dbbab4c862b7816c924eb7321e9472e931e1972d7fbbbb64647779a648fcf,nstxuE205045A01t022/N7/egn07w.1473E+02
nstxuE205045A01t022/N7/egn07w.2111E+02,bad,nstxuE205045A01t022,7,egn07w.2111E+02,4.594662346744547,BAD,BAD_CONT_CROSS_WINDOW,BAD,BAD,GOOD,0.006666666666666667,1.0,flagged_borderline_or_disagreement,11.770693526280073,BAD_CONT_CROSS_WINDOW,,,BAD,rule_engine,bd03e15e9c236deadb0e7e0c51a96954a18534c9841dbed7ea7af7c56744f58d,nstxuE205045A01t022/N7/egn07w.2111E+02
nstxuE205045A01t022/N7/egn07w.2233E+02,bad,nstxuE205045A01t022,7,egn07w.2233E+02,4.725607708587387,BAD,BAD_CONT_CROSS_WINDOW,BAD,BAD,GOOD,0.03666666666666667,1.0,flagged_borderline_or_disagreement,7.803333205778391,BAD_CONT_CROSS_WINDOW,,,BAD,rule_engine,485a94c3966e3ddd6a70d0b199e2b6c82153e095293be7f00aa91ba498079ee3,nstxuE205045A01t022/N7/egn07w.2233E+02
nstxuE205045A01t022/N7/egn07w.2409E+02,bad,nstxuE205045A01t022,7,egn07w.2409E+02,4.90784262199825,BAD,BAD_GRID_SCALE_SPIKE,BAD,BAD,GOOD,0.03,1.0,flagged_borderline_or_disagreement,2.2567862636939595,BAD_CONT_CROSS_WINDOW,,,BAD,rule_engine,4ac63672b990254ccf1daf40e7993708688446fa8b013992cc3254cd8d4755fa,nstxuE205045A01t022/N7/egn07w.2409E+02
nstxuE205045A01t022/N8/egn08w.9600E+01,bad,nstxuE205045A01t022,8,egn08w.9600E+01,3.098318248063438,BAD,BAD_CONT_CROSS_WINDOW,BAD,BAD,GOOD,0.016666666666666666,1.0,flagged_borderline_or_disagreement,10.09522115484613,BAD_CONT_CROSS_WINDOW,,,BAD,rule_engine,c21690026ab82153ac2d50c9b4197d9ec0e82cdc2112aff47ae4de13ee3487bc,nstxuE205045A01t022/N8/egn08w.9600E+01
nstxuE205045A01t022/N8/egn08w.9704E+01,bad,nstxuE205045A01t022,8,egn08w.9704E+01,3.1151559589928532,BAD,BAD_CONT_CROSS_WINDOW,BAD,BAD,GOOD,0.01,1.0,flagged_borderline_or_disagreement,10.495271061906843,BAD_CONT_CROSS_WINDOW,,,BAD,rule_engine,02706d7eb45dc3589aa59b6f3711a2d0fa2e93735d0365c1c7d9353840b9040a,nstxuE205045A01t022/N8/egn08w.9704E+01
nstxuE205045A01t022/N8/egn08w.9979E+01,bad,nstxuE205045A01t022,8,egn08w.9979E+01,3.1589955977616726,BAD,BAD_CONT_CROSS_WINDOW,BAD,BAD,GOOD,0.02,0.9993495345115662,flagged_borderline_or_disagreement,8.92752714249978,BAD_CONT_CROSS_WINDOW,,,BAD,rule_engine,9b4d379b4399208b9aa667f71caab6e9e8e144c9acdee5dee3b2fe7095b72bd7,nstxuE205045A01t022/N8/egn08w.9979E+01
nstxuE205045A01t022/N8/egn08w.1011E+02,bad,nstxuE205045A01t022,8,egn08w.1011E+02,3.1802181561269047,BAD,BAD_CONT_CROSS_WINDOW,BAD,BAD,GOOD,0.056666666666666664,1.0,flagged_borderline_or_disagreement,9.618989829796929,BAD_CONT_CROSS_WINDOW,,,BAD,rule_engine,90960ba28ee6a7a51a8558595cffed5cc7d01d7ebc4c18d2565b6aae757edf0b,nstxuE205045A01t022/N8/egn08w.1011E+02
nstxuE205045A01t022/N8/egn08w.1027E+02,bad,nstxuE205045A01t022,8,egn08w.1027E+02,3.204786154624829,BAD,BAD_CONT_CROSS_WINDOW,BAD,BAD,GOOD,0.013333333333333334,1.0,flagged_borderline_or_disagreement,10.223668471417367,BAD_CONT_CROSS_WINDOW,,,BAD,rule_engine,5476e91909b0b74165beb93fbcf25469686316b7ef8de4c034da657eeadbdab7,nstxuE205045A01t022/N8/egn08w.1027E+02
nstxuE205045A01t022/N8/egn08w.1146E+02,bad,nstxuE205045A01t022,8,egn08w.1146E+02,3.3845264095985033,BAD,BAD_CONT_CROSS_WINDOW,BAD,BAD,GOOD,0.03333333333333333,1.0,flagged_borderline_or_disagreement,10.838950876276122,BAD_CONT_CROSS_WINDOW,,,BAD,rule_engine,26d3502cc13c764c1f81eb8d4b40cff91d4f1c71adb173a9f03d8aec1e71a711,nstxuE205045A01t022/N8/egn08w.1146E+02
nstxuE205045A01t022/N8/egn08w.1251E+02,bad,nstxuE205045A01t022,8,egn08w.1251E+02,3.5372587297999636,BAD,BAD_CONT_CROSS_WINDOW,BAD,BAD,GOOD,0.006666666666666667,1.0,flagged_borderline_or_disagreement,11.558311215428754,BAD_CONT_CROSS_WINDOW,,,BAD,rule_engine,18999b9391e82b399ef1ecc2f431072eb70d6e3d2f86ea318af924c8876a6bda,nstxuE205045A01t022/N8/egn08w.1251E+02
nstxuE205045A01t022/N8/egn08w.1289E+02,bad,nstxuE205045A01t022,8,egn08w.1289E+02,3.5896293595780513,BAD,BAD_CONT_CROSS_WINDOW,BAD,BAD,GOOD,0.056666666666666664,1.0,flagged_borderline_or_disagreement,5.06437676215372,BAD_CONT_CROSS_WINDOW,,,BAD,rule_engine,8ecd3555ee540bcdda7793ba9dce554bc9cbf0e6342af678e9403b1f4f50dbdb,nstxuE205045A01t022/N8/egn08w.1289E+02
nstxuE205045A01t022/N8/egn08w.1331E+02,bad,nstxuE205045A01t022,8,egn08w.1331E+02,3.6485178869482846,BAD,BAD_CONT_CROSS_WINDOW,BAD,BAD,GOOD,0.26,1.0,flagged_borderline_or_disagreement,4.618035808020904,BAD_CONT_CROSS_WINDOW,,,BAD,rule_engine,039b686a1948ace58093158621e6598c21ab8ca73321f8b94d61a685cfb26ccc,nstxuE205045A01t022/N8/egn08w.1331E+02
nstxuE205045A01t022/N8/egn08w.1618E+02,bad,nstxuE205045A01t022,8,egn08w.1618E+02,4.022769409912648,BAD,BAD_CONT_CROSS_WINDOW,BAD,BAD,GOOD,0.013333333333333334,1.0,flagged_borderline_or_disagreement,10.874389059183423,BAD_CONT_CROSS_WINDOW,,,BAD,rule_engine,10fb8db849e5944071b17fc789f5513b35e934c4e2bfbf94379ded97565af9f1,nstxuE205045A01t022/N8/egn08w.1618E+02
nstxuE205045A01t022/N8/egn08w.1697E+02,bad,nstxuE205045A01t022,8,egn08w.1697E+02,4.1199262306965645,BAD,BAD_CONT_CROSS_WINDOW,BAD,BAD,GOOD,0.016666666666666666,1.0,flagged_borderline_or_disagreement,5.065851175690033,BAD_CONT_CROSS_WINDOW,,,BAD,rule_engine,e5b5bfda7e5b6abfa9786cef2d5f48d4a899c0dc5cd26a4525097f6b534bc64e,nstxuE205045A01t022/N8/egn08w.1697E+02
nstxuE205045A01t022/N8/egn08w.1859E+02,bad,nstxuE205045A01t022,8,egn08w.1859E+02,4.311421847492946,BAD,BAD_CONT_CROSS_WINDOW,BAD,BAD,GOOD,0.056666666666666664,1.0,flagged_borderline_or_disagreement,11.721419793124719,BAD_CONT_CROSS_WINDOW,,,BAD,rule_engine,4c219b6f8c9306491e24fe7b53e01c2e9305247dfa345cc9470bd488a94cc1fd,nstxuE205045A01t022/N8/egn08w.1859E+02
nstxuE205045A01t022/N8/egn08w.1938E+02,bad,nstxuE205045A01t022,8,egn08w.1938E+02,4.402358654034222,BAD,BAD_CONT_CROSS_WINDOW,BAD,BAD,GOOD,0.016666666666666666,1.0,flagged_borderline_or_disagreement,12.21983192911829,BAD_CONT_CROSS_WINDOW,,,BAD,rule_engine,b43ef10b9343b186359fbdf6e72ac22af70d968c89a3ec7ff91831d44da33269,nstxuE205045A01t022/N8/egn08w.1938E+02
nstxuE205045A01t022/N8/egn08w.2066E+02,bad,nstxuE205045A01t022,8,egn08w.2066E+02,4.5457747018305525,BAD,BAD_CONT_CROSS_WINDOW,BAD,BAD,GOOD,0.043333333333333335,1.0,flagged_borderline_or_disagreement,7.458809644659112,BAD_CONT_CROSS_WINDOW,,,BAD,rule_engine,fb7937d30322444134603b5169947c8259ce384bf408a99e47421a3c4b6c517f,nstxuE205045A01t022/N8/egn08w.2066E+02
nstxuE205045A01t022/N8/egn08w.2180E+02,bad,nstxuE205045A01t022,8,egn08w.2180E+02,4.669010134195867,BAD,BAD_CONT_CROSS_WINDOW,BAD,BAD,GOOD,0.03333333333333333,1.0,flagged_borderline_or_disagreement,11.282230965529335,BAD_CONT_CROSS_WINDOW,,,BAD,rule_engine,738b6b22d848d3624c2eaeacc6e49ee629b0f2b0efb80e307cfcab9ecbadb2f7,nstxuE205045A01t022/N8/egn08w.2180E+02
nstxuE205045A01t022/N8/egn08w.2325E+02,bad,nstxuE205045A01t022,8,egn08w.2325E+02,4.822039097814873,BAD,BAD_CONT_CROSS_WINDOW,BAD,BAD,GOOD,0.06,1.0,flagged_borderline_or_disagreement,5.203424700407207,BAD_CONT_CROSS_WINDOW,,,BAD,rule_engine,1e4605d6eb7025f8affa1deb160c04d5ce7273691c90d957f39472d2ce5f362c,nstxuE205045A01t022/N8/egn08w.2325E+02
nstxuE205045A01t022/N9/egn09w.1175E+02,bad,nstxuE205045A01t022,9,egn09w.1175E+02,3.427192605774056,BAD,BAD_CONT_CROSS_WINDOW,BAD,BAD,GOOD,0.04,0.9999215602874756,flagged_borderline_or_disagreement,8.157256212044672,BAD_CONT_CROSS_WINDOW,,,BAD,rule_engine,eac92df1bac24223747dd684b980ab8cc4e8d5d86a23bee5ae77fdcf27078c74,nstxuE205045A01t022/N9/egn09w.1175E+02
nstxuE205045A01t022/N9/egn09w.1211E+02,bad,nstxuE205045A01t022,9,egn09w.1211E+02,3.4795820528240924,BAD,BAD_CONT_CROSS_WINDOW,BAD,BAD,GOOD,0.013333333333333334,1.0,flagged_borderline_or_disagreement,6.469957249683431,BAD_CONT_CROSS_WINDOW,,,BAD,rule_engine,b462fef9d1822509f9356b4823d21d18aef09418b0a9de48551114163f944389,nstxuE205045A01t022/N9/egn09w.1211E+02
nstxuE205045A01t022/N9/egn09w.1301E+02,bad,nstxuE205045A01t022,9,egn09w.1301E+02,3.6074474375661563,BAD,BAD_CONT_CROSS_WINDOW,BAD,BAD,GOOD,0.01,1.0,flagged_borderline_or_disagreement,9.216499511299705,BAD_CONT_CROSS_WINDOW,,,BAD,rule_engine,fabdaead0156f87511bc2b44ed475a2b5fcd7634a970889c76dfc2c7f1522fb9,nstxuE205045A01t022/N9/egn09w.1301E+02
nstxuE205045A01t022/N9/egn09w.1329E+02,bad,nstxuE205045A01t022,9,egn09w.1329E+02,3.6449026851044426,BAD,BAD_CONT_CROSS_WINDOW,BAD,BAD,GOOD,0.0033333333333333335,1.0,flagged_borderline_or_disagreement,6.443582885676092,BAD_CONT_CROSS_WINDOW,,,BAD,rule_engine,1de0ee0401880436ef97554434705ada8da8dc04c6a09b364550055bcb649e2f,nstxuE205045A01t022/N9/egn09w.1329E+02
nstxuE205045A01t022/N9/egn09w.1405E+02,bad,nstxuE205045A01t022,9,egn09w.1405E+02,3.7484241480587537,BAD,BAD_CONT_CROSS_WINDOW,BAD,BAD,GOOD,0.016666666666666666,1.0,flagged_borderline_or_disagreement,8.721590880096452,BAD_CONT_CROSS_WINDOW,,,BAD,rule_engine,3fe4017efa76de55b604ee3a9cc45a04434a0334d30f511b1769b24dfa96537e,nstxuE205045A01t022/N9/egn09w.1405E+02
nstxuE205045A01t022/N9/egn09w.1448E+02,bad,nstxuE205045A01t022,9,egn09w.1448E+02,3.8053285387504907,BAD,BAD_CONT_CROSS_WINDOW,BAD,BAD,GOOD,0.006666666666666667,1.0,flagged_borderline_or_disagreement,8.125402812955441,BAD_CONT_CROSS_WINDOW,,,BAD,rule_engine,86c760987e57112e68dfa4bc464445b3f1c02bc457c81f6b3f7a7f3604c2fc84,nstxuE205045A01t022/N9/egn09w.1448E+02
nstxuE205045A01t022/N9/egn09w.1480E+02,bad,nstxuE205045A01t022,9,egn09w.1480E+02,3.846731433573115,BAD,BAD_CONT_CROSS_WINDOW,BAD,BAD,GOOD,0.0033333333333333335,1.0,flagged_borderline_or_disagreement,6.047943039082075,BAD_CONT_CROSS_WINDOW,,,BAD,rule_engine,8f1b2d9c7a089604dd4fc52402776f784c6dffe10f621e7e42faab831b43a36a,nstxuE205045A01t022/N9/egn09w.1480E+02
nstxuE205045A01t022/N9/egn09w.1598E+02,bad,nstxuE205045A01t022,9,egn09w.1598E+02,3.9979956172552393,BAD,BAD_CONT_CROSS_WINDOW,BAD,BAD,GOOD,0.04666666666666667,1.0,flagged_borderline_or_disagreement,7.578183094312427,BAD_CONT_CROSS_WINDOW,,,BAD,rule_engine,bd4aadc9125525a40fd256d9842247868608dc6c952e5a146faf89705f869516,nstxuE205045A01t022/N9/egn09w.1598E+02
nstxuE205045A01t022/N9/egn09w.1660E+02,bad,nstxuE205045A01t022,9,egn09w.1660E+02,4.074464290142295,BAD,BAD_NEAR_AXIS_GRID_OSCILLATION,BAD,BAD,GOOD,0.02,0.869059681892395,flagged_borderline_or_disagreement,12.073108052733216,BAD_CONT_CROSS_WINDOW,,,BAD,rule_engine,99ebf65cba8adcac82f0e78ace343248e6905024bb09e8a0ec6b59e9c964ff78,nstxuE205045A01t022/N9/egn09w.1660E+02
nstxuE205045A01t022/N9/egn09w.1857E+02,bad,nstxuE205045A01t022,9,egn09w.1857E+02,4.30957364003466,BAD,BAD_CONT_CROSS_WINDOW,BAD,BAD,GOOD,0.043333333333333335,1.0,flagged_borderline_or_disagreement,4.597403159132112,BAD_CONT_CROSS_WINDOW,,,BAD,rule_engine,e76112617b5a6ad058100e40e5a69ee5bea34b8c352027170fc0737c394b1c3e,nstxuE205045A01t022/N9/egn09w.1857E+02
nstxuE205045A01t022/N9/egn09w.1926E+02,bad,nstxuE205045A01t022,9,egn09w.1926E+02,4.388080188247117,BAD,BAD_CONT_CROSS_WINDOW,BAD,BAD,GOOD,0.02666666666666667,1.0,flagged_borderline_or_disagreement,17.614840427102056,BAD_CONT_CROSS_WINDOW,,,BAD,rule_engine,74e6211b7b6aa7483b2e401b75d6c3b8114cbe6d16b3e13cafb79c02a247a03f,nstxuE205045A01t022/N9/egn09w.1926E+02
nstxuE205045A01t022/N9/egn09w.2038E+02,bad,nstxuE205045A01t022,9,egn09w.2038E+02,4.514630934564747,BAD,BAD_CONT_CROSS_WINDOW,BAD,BAD,GOOD,0.02,1.0,flagged_borderline_or_disagreement,7.885941529649412,BAD_CONT_CROSS_WINDOW,,,BAD,rule_engine,270b66f2ccb6a3ea8207cb9a2e06c0d44e5f5a1438cf871840e52ca8e871dc00,nstxuE205045A01t022/N9/egn09w.2038E+02
nstxuE205045A01t022/N9/egn09w.2260E+02,bad,nstxuE205045A01t022,9,egn09w.2260E+02,4.753943026687095,BAD,BAD_CONT_CROSS_WINDOW,BAD,BAD,GOOD,0.06,1.0,flagged_borderline_or_disagreement,8.663988169836582,BAD_CONT_CROSS_WINDOW,,,BAD,rule_engine,be5edc4e3226fa1b8eb452e6a9d57cdda9745b5fcf32febd69865358de8682f0,nstxuE205045A01t022/N9/egn09w.2260E+02
nstxuE205045A01t022/N9/egn09w.2419E+02,bad,nstxuE205045A01t022,9,egn09w.2419E+02,4.9181107681670335,BAD,BAD_CONT_CROSS_WINDOW,BAD,BAD,GOOD,0.15333333333333332,1.0,flagged_borderline_or_disagreement,1.5708516746391334,BAD_CONT_CROSS_WINDOW,,,BAD,rule_engine,f349be9fb517e96f47fee0f1d40903b324ae14be88d8351f6088e72e841e1ce2,nstxuE205045A01t022/N9/egn09w.2419E+02
nstxuE205045A01t022/N9/egn09w.4932E+02,bad,nstxuE205045A01t022,9,egn09w.4932E+02,7.022558956161434,BAD,BAD_CONTINUUM_CROSSING_TAIL,BAD,BAD,GOOD,0.09666666666666666,0.999509334564209,flagged_borderline_or_disagreement,2.3443596149823964,BAD_CONTINUUM_CROSSING_TAIL,,,BAD,rule_engine,e0fb9764ac7ae51e81b270773d3f240853a1f7da30d4f01a83c85530e9272519,nstxuE205045A01t022/N9/egn09w.4932E+02
nstxuE205045A01t022/N10/egn10w.1175E+02,bad,nstxuE205045A01t022,10,egn10w.1175E+02,3.4272788381418566,BAD,BAD_CONT_CROSS_WINDOW,BAD,BAD,GOOD,0.043333333333333335,0.9999643564224243,flagged_borderline_or_disagreement,10.20855164571489,BAD_CONT_CROSS_WINDOW,,,BAD,rule_engine,0e5733e68bf27dd1f140ce6adfb2e8d94a39c877aa9a1ec36e16b6d0d1ce7451,nstxuE205045A01t022/N10/egn10w.1175E+02
nstxuE205045A01t022/N10/egn10w.1196E+02,bad,nstxuE205045A01t022,10,egn10w.1196E+02,3.4581233175107906,BAD,BAD_CONT_CROSS_WINDOW,BAD,BAD,GOOD,0.043333333333333335,1.0,flagged_borderline_or_disagreement,9.003514430330988,BAD_CONT_CROSS_WINDOW,,,BAD,rule_engine,6f15394e74a157742d0094e0e1758b29bb17efad44c5cef5501a74827a43105e,nstxuE205045A01t022/N10/egn10w.1196E+02
nstxuE205045A01t022/N10/egn10w.1247E+02,bad,nstxuE205045A01t022,10,egn10w.1247E+02,3.5312598247418054,BAD,BAD_CONT_CROSS_WINDOW,BAD,BAD,GOOD,0.03,1.0,flagged_borderline_or_disagreement,9.927697860648909,BAD_CONT_CROSS_WINDOW,,,BAD,rule_engine,819054e6e6b91d0902d403fef1d57a45e7ecbf85a204063d7b172afb66a36ab7,nstxuE205045A01t022/N10/egn10w.1247E+02
nstxuE205045A01t022/N10/egn10w.1412E+02,bad,nstxuE205045A01t022,10,egn10w.1412E+02,3.758297426720957,BAD,BAD_CONT_CROSS_WINDOW,BAD,BAD,GOOD,0.20666666666666667,1.0,flagged_borderline_or_disagreement,1.9977321327687743,BAD_CONT_CROSS_WINDOW,,,BAD,rule_engine,a193ab61c1fd92c070cedc53d1653be2626ec00e1d90df1b7a4996eecd076390,nstxuE205045A01t022/N10/egn10w.1412E+02
nstxuE205045A01t022/N10/egn10w.1634E+02,bad,nstxuE205045A01t022,10,egn10w.1634E+02,4.042760113323765,BAD,BAD_CONT_CROSS_WINDOW,BAD,BAD,GOOD,0.03,1.0,flagged_borderline_or_disagreement,6.7970243706223155,BAD_CONT_CROSS_WINDOW,,,BAD,rule_engine,9ff578cb65a39f56c2a56455e20f3bad175a9b5bda8ffb33924902c7cddd8b8a,nstxuE205045A01t022/N10/egn10w.1634E+02
nstxuE205045A01t022/N10/egn10w.1872E+02,bad,nstxuE205045A01t022,10,egn10w.1872E+02,4.326986894350571,BAD,BAD_CONT_CROSS_WINDOW,BAD,BAD,GOOD,0.04666666666666667,1.0,flagged_borderline_or_disagreement,6.55312620894868,BAD_CONT_CROSS_WINDOW,,,BAD,rule_engine,30f2dd21180d584ebede23fefa2e08d131396530cdda5518bba13db0c94a70d1,nstxuE205045A01t022/N10/egn10w.1872E+02
nstxuE205045A01t022/N10/egn10w.1950E+02,bad,nstxuE205045A01t022,10,egn10w.1950E+02,4.416334926820573,BAD,BAD_CONT_CROSS_WINDOW,BAD,BAD,GOOD,0.006666666666666667,1.0,flagged_borderline_or_disagreement,18.45125631836857,BAD_CONT_CROSS_WINDOW,,,BAD,rule_engine,cb05d5368641d622101387e43373d80097d79a0c77540c45cdc70f964b3b4318,nstxuE205045A01t022/N10/egn10w.1950E+02
nstxuE205045A01t022/N10/egn10w.2009E+02,bad,nstxuE205045A01t022,10,egn10w.2009E+02,4.481843281765066,BAD,BAD_CONT_CROSS_WINDOW,BAD,BAD,GOOD,0.006666666666666667,1.0,flagged_borderline_or_disagreement,9.746064101102329,BAD_CONT_CROSS_WINDOW,,,BAD,rule_engine,252006087e7ee515f0c72f05c931a862af136c1f5cc3d2dc288969e167a79639,nstxuE205045A01t022/N10/egn10w.2009E+02
nstxuE205045A01t022/N10/egn10w.2239E+02,bad,nstxuE205045A01t022,10,egn10w.2239E+02,4.732188840835598,BAD,BAD_CONT_CROSS_WINDOW,BAD,BAD,GOOD,0.03333333333333333,1.0,flagged_borderline_or_disagreement,9.237366957777752,BAD_CONT_CROSS_WINDOW,,,BAD,rule_engine,dd7c692e8683551f400e12752cb4d36f084248f898ed7c0e41a9f3915114ac3b,nstxuE205045A01t022/N10/egn10w.2239E+02
nstxuE205045A01t022/N10/egn10w.2350E+02,bad,nstxuE205045A01t022,10,egn10w.2350E+02,4.8473092822679,BAD,BAD_CONT_CROSS_WINDOW,BAD,BAD,GOOD,0.11666666666666667,1.0,flagged_borderline_or_disagreement,3.202714215763222,BAD_CONT_CROSS_WINDOW,,,BAD,rule_engine,a540343f0d9fe0ad7a4bc70bfdba50b4f96d1a3dee1cc8ed324dfdeccc93fc1e,nstxuE205045A01t022/N10/egn10w.2350E+02
nstxuE205045A01t022/N10/egn10w.3699E+02,bad,nstxuE205045A01t022,10,egn10w.3699E+02,6.081539723719993,BAD,BAD_NEAR_AXIS_GRID_OSCILLATION,BAD,BAD,GOOD,0.25,0.9998641014099121,flagged_borderline_or_disagreement,1.4969006332475543,BAD_CONTINUUM_CROSSING_TAIL,,,BAD,rule_engine,d5ecd89dc8d002785640a8e6388f0ab8a28f90c7a0f11cc53237a703a807551f,nstxuE205045A01t022/N10/egn10w.3699E+02
nstxuE205045A01t022/N10/egn10w.5337E+02,bad,nstxuE205045A01t022,10,egn10w.5337E+02,7.305424208205989,BAD,BAD_CONTINUUM_CROSSING_TAIL,BAD,BAD,GOOD,0.06666666666666667,0.8277349472045898,flagged_borderline_or_disagreement,3.0883639362912874,BAD_CONTINUUM_CROSSING_TAIL,,,BAD,rule_engine,956f3790ba06338eb9f77f748da4fb824d52dd0ab9b463958bf112059ff6af76,nstxuE205045A01t022/N10/egn10w.5337E+02
nstxuE205054A01t037/N2/egn02w.2003E+02,bad,nstxuE205054A01t037,2,egn02w.2003E+02,4.475927595166289,BAD,BAD_AXIS_SPIKE,BAD,BAD,GOOD,0.20333333333333334,1.0,flagged_borderline_or_disagreement,3.0541047922221787,BAD_AXIS_SPIKE,,,BAD,rule_engine,c61a36341c6565e39bc3ca31d0fb7854fc84b47c86ce0451a797b3baf53ae4a7,nstxuE205054A01t037/N2/egn02w.2003E+02
nstxuE205054A01t037/N2/egn02w.7501E+02,bad,nstxuE205054A01t037,2,egn02w.7501E+02,8.660834454828668,BAD,BAD_CONT_CROSS_WINDOW,BAD,BAD,GOOD,0.06333333333333334,0.8793148398399353,flagged_borderline_or_disagreement,20.0,BAD_CONT_CROSS_WINDOW,,,BAD,rule_engine,7b60d19e1f2129f39489d5883d60759fe068c125779926560b9f6af60853996f,nstxuE205054A01t037/N2/egn02w.7501E+02
nstxuE205054A01t037/N3/egn03w.1389E+02,bad,nstxuE205054A01t037,3,egn03w.1389E+02,3.726779119683361,BAD,BAD_AXIS_SPIKE,GOOD,GOOD,GOOD,0.8933333333333333,1.0,gold_good,2.288244077227065,BAD_AXIS_SPIKE,,True,BAD,rule_engine,f9ed7630e2b088cddba34399032246ff987d1cacefd931b0aeb24b2cbdb886eb,nstxuE205054A01t037/N3/egn03w.1389E+02
nstxuE205054A01t037/N3/egn03w.1747E+02,good,nstxuE205054A01t037,3,egn03w.1747E+02,4.179207347605085,GOOD,NO_GOOD_TEMPLATE,GOOD,GOOD,BAD,0.7166666666666667,0.05125599727034569,flagged_rf_only_good,0.7376244291486587,BAD_GRID_SCALE_SPIKE,True,True,REVIEW,rule_survivor_policy,9ec6e59428d115a284c7fa9c8280616639dac264cd5a238ffd2ae2f4879e3c8e,nstxuE205054A01t037/N3/egn03w.1747E+02
nstxuE205054A01t037/N3/egn03w.2785E+02,bad,nstxuE205054A01t037,3,egn03w.2785E+02,5.277071299187699,BAD,BAD_CONT_CROSS_WINDOW,GOOD,GOOD,GOOD,0.6,1.0,silver_good,5.425610503700421,BAD_CONT_CROSS_WINDOW,,True,BAD,rule_engine,a63d49c189363d81346a9c3919f37ef2bf15e8891cd5d23a8886d1b99322fc16,nstxuE205054A01t037/N3/egn03w.2785E+02
nstxuE205054A01t037/N4/egn04w.1581E+02,bad,nstxuE205054A01t037,4,egn04w.1581E+02,3.9765393152824275,BAD,BAD_CONT_CROSS_WINDOW,BAD,BAD,GOOD,0.02,0.999983549118042,flagged_borderline_or_disagreement,4.228122393400697,BAD_CONT_CROSS_WINDOW,,,BAD,rule_engine,98aa20d6beb671207d51f83d6916791d2081d9dbf52aeb332f33c93e65d7a0c0,nstxuE205054A01t037/N4/egn04w.1581E+02
nstxuE205054A01t037/N4/egn04w.1592E+02,bad,nstxuE205054A01t037,4,egn04w.1592E+02,3.990171544632148,BAD,BAD_CONT_CROSS_WINDOW,BAD,BAD,GOOD,0.04,0.9990442395210266,flagged_borderline_or_disagreement,16.331266717497016,BAD_CONT_CROSS_WINDOW,,,BAD,rule_engine,dc2c6930e4f1a3de1565c4e427290d96cb1b747bceb75d83f2d821221a6eaae3,nstxuE205054A01t037/N4/egn04w.1592E+02
nstxuE205054A01t037/N7/egn07w.1216E+02,bad,nstxuE205054A01t037,7,egn07w.1216E+02,3.4868124882369282,BAD,BAD_CONT_CROSS_WINDOW,BAD,BAD,GOOD,0.11666666666666667,1.0,flagged_borderline_or_disagreement,5.088067074915666,BAD_CONT_CROSS_WINDOW,,,BAD,rule_engine,afb0568c5657199d5f88c127a3184c82e8e02c96db1966d72d1a300c74b22a69,nstxuE205054A01t037/N7/egn07w.1216E+02
nstxuE205054A01t037/N8/egn08w.4715E+02,bad,nstxuE205054A01t037,8,egn08w.4715E+02,6.866698786199577,BAD,BAD_CONTINUUM_CROSSING_TAIL,GOOD,GOOD,GOOD,0.5066666666666667,0.9648623466491699,silver_good,1.2469140459613886,BAD_CONTINUUM_CROSSING_TAIL,,True,BAD,rule_engine,bf5165029aad2eb8bfad5cd8b39334f2cc03e0dd620ad05cb581c3a7de4029d1,nstxuE205054A01t037/N8/egn08w.4715E+02
nstxuE205054A01t037/N8/egn08w.7582E+02,bad,nstxuE205054A01t037,8,egn08w.7582E+02,8.707378572902531,BAD,BAD_CONT_CROSS_WINDOW,BAD,BAD,GOOD,0.023333333333333334,0.9986807703971863,flagged_borderline_or_disagreement,2.390709848242869,BAD_CONT_CROSS_WINDOW,,,BAD,rule_engine,2a1fcc34d74e40f2276a9af4a0f28deb79fa107a4381ec3dee786d97a73cc8e7,nstxuE205054A01t037/N8/egn08w.7582E+02
nstxuE205055A01t022/N3/egn03w.7055E+01,bad,nstxuE205055A01t022,3,egn03w.7055E+01,2.6561953361248323,BAD,BAD_AXIS_SPIKE,BAD,BAD,GOOD,0.09333333333333334,1.0,flagged_borderline_or_disagreement,3.848288004963757,BAD_AXIS_SPIKE,,,BAD,rule_engine,cb67939917350f044ccb553968efbc9c26534f1a427e0147ed580e6cdfa62f90,nstxuE205055A01t022/N3/egn03w.7055E+01
nstxuE205055A01t022/N4/egn04w.8091E+01,bad,nstxuE205055A01t022,4,egn04w.8091E+01,2.8444669968006577,BAD,BAD_EDGE_SPIKE,GOOD,BAD,GOOD,0.43666666666666665,1.0,flagged_cnn_rescue,4.255136561100106,BAD_EDGE_SPIKE,,True,BAD,rule_engine,01797f0c9da578e85962b7f665b6ad7a703d4961751f72a52f5b66643b2c6507,nstxuE205055A01t022/N4/egn04w.8091E+01
nstxuE205055A01t022/N6/egn06w.9880E+01,good,nstxuE205055A01t022,6,egn06w.9880E+01,3.1431900692891017,GOOD,NO_GOOD_TEMPLATE,GOOD,GOOD,BAD,0.8266666666666667,3.7508348214032594e-06,flagged_rf_only_good,0.725235720754824,BAD_CONT_CROSS_WINDOW,True,True,REVIEW,rule_survivor_policy,0470d5638abc03c0fde0f9e2e2de3f1fd67a3be8bb63889d2262400714efdd0a,nstxuE205055A01t022/N6/egn06w.9880E+01
nstxuE205055A01t022/N6/egn06w.1619E+02,bad,nstxuE205055A01t022,6,egn06w.1619E+02,4.024187382214086,BAD,BAD_CONT_CROSS_WINDOW,GOOD,GOOD,GOOD,0.5933333333333334,0.9970735311508179,silver_good,3.0842713198486025,BAD_CONT_CROSS_WINDOW,,True,BAD,rule_engine,3376fb44e07d5714e3fd8d0f949a8319f7ba23dfd7cca948251807013914aa46,nstxuE205055A01t022/N6/egn06w.1619E+02
nstxuE205055A01t022/N6/egn06w.2033E+02,bad,nstxuE205055A01t022,6,egn06w.2033E+02,4.508661369381161,BAD,BAD_CONT_CROSS_WINDOW,BAD,BAD,GOOD,0.0033333333333333335,0.9973787069320679,flagged_borderline_or_disagreement,6.179118013868845,BAD_CONT_CROSS_WINDOW,,,BAD,rule_engine,0124f52833acc62d72f8e7169cd11648d26a4976c52f5d896dfcd0377edefd38,nstxuE205055A01t022/N6/egn06w.2033E+02
nstxuE205055A01t022/N10/egn10w.8007E+01,good,nstxuE205055A01t022,10,egn10w.8007E+01,2.8296066924074625,GOOD,NO_GOOD_TEMPLATE,GOOD,GOOD,BAD,1.0,0.0024463932495564222,flagged_rf_only_good,0.5655424567840507,BAD_GRID_SCALE_SPIKE,True,True,REVIEW,rule_survivor_policy,65eeb73355d1035ac8584afa983faee786c2c2e35f74d78a64662c20fa608b28,nstxuE205055A01t022/N10/egn10w.8007E+01
nstxuE205055A01t022/N10/egn10w.1545E+02,good,nstxuE205055A01t022,10,egn10w.1545E+02,3.93097503954339,GOOD,NO_GOOD_TEMPLATE,GOOD,GOOD,BAD,0.93,1.2582760291479644e-06,flagged_rf_only_good,0.6903854414467582,BAD_AXIS_SPIKE,True,True,REVIEW,rule_survivor_policy,60d90624b4f8fd20f5ef0c74b174cf5efdb272f6e86273b0a0938336cd506973,nstxuE205055A01t022/N10/egn10w.1545E+02
nstxuE205055A01t022/N10/egn10w.2059E+02,bad,nstxuE205055A01t022,10,egn10w.2059E+02,4.538107900231632,BAD,BAD_CONT_CROSS_WINDOW,BAD,BAD,GOOD,0.006666666666666667,0.9999998807907104,flagged_borderline_or_disagreement,2.5031529611420122,BAD_CONT_CROSS_WINDOW,,,BAD,rule_engine,a3a27df59c4594d9681efa53327002f0f55c6bcfa0a071f114a51ef59c96621e,nstxuE205055A01t022/N10/egn10w.2059E+02
nstxuE205057A01t020/N3/egn03w.7515E+01,bad,nstxuE205057A01t020,3,egn03w.7515E+01,2.7412657535787037,BAD,BAD_CONT_CROSS_WINDOW,BAD,BAD,GOOD,0.043333333333333335,1.0,flagged_borderline_or_disagreement,6.171975984560383,BAD_CONT_CROSS_WINDOW,,,BAD,rule_engine,96c039f788565d4463a2028fe811dc0229459594b25bffe53ac2c0f3aec0b668,nstxuE205057A01t020/N3/egn03w.7515E+01
nstxuE205057A01t020/N3/egn03w.8629E+01,bad,nstxuE205057A01t020,3,egn03w.8629E+01,2.9375905466167955,BAD,BAD_CONT_CROSS_WINDOW,BAD,BAD,GOOD,0.0033333333333333335,1.0,flagged_borderline_or_disagreement,4.954321557334032,BAD_CONT_CROSS_WINDOW,,,BAD,rule_engine,c10fe9e39ab93c3969b35076def82da59fab67fba11304f3d535c4b3e073a838,nstxuE205057A01t020/N3/egn03w.8629E+01
nstxuE205057A01t020/N4/egn04w.7368E+01,bad,nstxuE205057A01t020,4,egn04w.7368E+01,2.714344869677774,BAD,BAD_CONT_CROSS_WINDOW,BAD,BAD,GOOD,0.0033333333333333335,1.0,flagged_borderline_or_disagreement,11.52625285960903,BAD_CONT_CROSS_WINDOW,,,BAD,rule_engine,7813c1a3e60181fb0c622916d2a0e91d70a1ab97cfeeef2b18ab7732ccae44c4,nstxuE205057A01t020/N4/egn04w.7368E+01
nstxuE205057A01t020/N4/egn04w.7490E+01,bad,nstxuE205057A01t020,4,egn04w.7490E+01,2.7367057735448923,BAD,BAD_CONT_CROSS_WINDOW,BAD,BAD,GOOD,0.006666666666666667,1.0,flagged_borderline_or_disagreement,9.001710061556988,BAD_CONT_CROSS_WINDOW,,,BAD,rule_engine,bbe91461d49e0d057dd703cab1342d30b6c151edfb60c568b00091a844075a95,nstxuE205057A01t020/N4/egn04w.7490E+01
nstxuE205057A01t020/N4/egn04w.9819E+01,bad,nstxuE205057A01t020,4,egn04w.9819E+01,3.1335684340311727,BAD,BAD_CONT_CROSS_WINDOW,BAD,BAD,GOOD,0.016666666666666666,1.0,flagged_borderline_or_disagreement,18.511948937245783,BAD_CONT_CROSS_WINDOW,,,BAD,rule_engine,565f5f98df0a57ca2c408e12be3432bf0f48a0312a902b3c2a49c19ad9abf10f,nstxuE205057A01t020/N4/egn04w.9819E+01
nstxuE205057A01t020/N4/egn04w.1026E+02,bad,nstxuE205057A01t020,4,egn04w.1026E+02,3.2037876400596033,BAD,BAD_CONT_CROSS_WINDOW,BAD,BAD,GOOD,0.07666666666666666,1.0,flagged_borderline_or_disagreement,1.1236176674698928,BAD_CONT_CROSS_WINDOW,,,BAD,rule_engine,ddc48bc7fc76a0392c619bdd5be444a1955061ab53522b752e313e380451df9e,nstxuE205057A01t020/N4/egn04w.1026E+02
nstxuE205057A01t020/N4/egn04w.1270E+02,bad,nstxuE205057A01t020,4,egn04w.1270E+02,3.563429371503073,BAD,BAD_CONT_CROSS_WINDOW,BAD,BAD,GOOD,0.0033333333333333335,1.0,flagged_borderline_or_disagreement,8.258791884485836,BAD_CONT_CROSS_WINDOW,,,BAD,rule_engine,5aea2ed84615d3edec070d0c4569030df5752f99de99ada8dbb0c7b810af217c,nstxuE205057A01t020/N4/egn04w.1270E+02
nstxuE205057A01t020/N5/egn05w.6080E+01,bad,nstxuE205057A01t020,5,egn05w.6080E+01,2.4658411097839723,BAD,BAD_CONT_CROSS_WINDOW,BAD,BAD,GOOD,0.013333333333333334,0.9999997615814209,flagged_borderline_or_disagreement,7.390712363871166,BAD_CONT_CROSS_WINDOW,,,BAD,rule_engine,5e06fe1393f4aa06dc79897255764fdfe5e2ae7f52101bed1de1e820d05e7684,nstxuE205057A01t020/N5/egn05w.6080E+01
nstxuE205057A01t020/N5/egn05w.6367E+01,bad,nstxuE205057A01t020,5,egn05w.6367E+01,2.523254560950708,BAD,BAD_CONT_CROSS_WINDOW,BAD,BAD,GOOD,0.03666666666666667,1.0,flagged_borderline_or_disagreement,6.253078779248478,BAD_CONT_CROSS_WINDOW,,,BAD,rule_engine,16631aedff163a3373aea74c9a184cd44e76c77aabc55604b427c74d568cfae6,nstxuE205057A01t020/N5/egn05w.6367E+01
nstxuE205057A01t020/N5/egn05w.6589E+01,bad,nstxuE205057A01t020,5,egn05w.6589E+01,2.566947460307721,BAD,BAD_CONT_CROSS_WINDOW,BAD,BAD,GOOD,0.05,0.9972745776176453,flagged_borderline_or_disagreement,8.880894503091453,BAD_CONT_CROSS_WINDOW,,,BAD,rule_engine,b78f7d92e8863601992212c77a5668715eea5039b2fad6388093279bf3d0bb77,nstxuE205057A01t020/N5/egn05w.6589E+01
nstxuE205057A01t020/N5/egn05w.6974E+01,bad,nstxuE205057A01t020,5,egn05w.6974E+01,2.640903325413035,BAD,BAD_CONT_CROSS_WINDOW,BAD,BAD,GOOD,0.056666666666666664,0.9999876022338867,flagged_borderline_or_disagreement,3.6774826225007677,BAD_CONT_CROSS_WINDOW,,,BAD,rule_engine,bd1bf556861cc7e00e6589e93e1b1869f742f09ca6c48f5d459d1a383159c33e,nstxuE205057A01t020/N5/egn05w.6974E+01
nstxuE205057A01t020/N5/egn05w.8057E+01,bad,nstxuE205057A01t020,5,egn05w.8057E+01,2.838520440931423,BAD,BAD_CONT_CROSS_WINDOW,BAD,BAD,GOOD,0.043333333333333335,1.0,flagged_borderline_or_disagreement,11.161432063471457,BAD_CONT_CROSS_WINDOW,,,BAD,rule_engine,625d30d6147380b8015b0ac09fbbe9280dd285be1553a4bdc75b90d7d0fb0cb9,nstxuE205057A01t020/N5/egn05w.8057E+01
nstxuE205057A01t020/N5/egn05w.1371E+02,bad,nstxuE205057A01t020,5,egn05w.1371E+02,3.7029469893923674,BAD,BAD_CONT_CROSS_WINDOW,BAD,BAD,GOOD,0.013333333333333334,0.9999649524688721,flagged_borderline_or_disagreement,1.6844721664265063,BAD_CONT_CROSS_WINDOW,,,BAD,rule_engine,e42d5f653e1362bdaed707c9d8dbfb243f7cd7239fdf4512cb80db48b01aca0a,nstxuE205057A01t020/N5/egn05w.1371E+02
nstxuE205057A01t020/N5/egn05w.1673E+02,bad,nstxuE205057A01t020,5,egn05w.1673E+02,4.089963470794602,BAD,BAD_CONT_CROSS_WINDOW,BAD,BAD,GOOD,0.08333333333333333,0.9998162388801575,flagged_borderline_or_disagreement,17.849489728549248,BAD_CONT_CROSS_WINDOW,,,BAD,rule_engine,886a486da70feab3e371391d66795bad1b272586561eca2c649a22d547279dce,nstxuE205057A01t020/N5/egn05w.1673E+02
nstxuE205057A01t020/N5/egn05w.2043E+02,bad,nstxuE205057A01t020,5,egn05w.2043E+02,4.51980234979916,BAD,BAD_CONT_CROSS_WINDOW,BAD,BAD,GOOD,0.013333333333333334,0.585559070110321,flagged_borderline_or_disagreement,17.05513227825443,BAD_CONT_CROSS_WINDOW,,,BAD,rule_engine,dfa658d1e46e16d06cf5033e2d31d5962cae45b2a6b98535542f404abb5c4755,nstxuE205057A01t020/N5/egn05w.2043E+02
nstxuE205057A01t020/N6/egn06w.6264E+01,bad,nstxuE205057A01t020,6,egn06w.6264E+01,2.5028378732588887,BAD,BAD_CONT_CROSS_WINDOW,BAD,BAD,GOOD,0.02,0.9655409455299377,flagged_borderline_or_disagreement,6.9376976973418,BAD_CONT_CROSS_WINDOW,,,BAD,rule_engine,db4aee790e9715b3dabcb71e29d428d566ae15a1f949659887c9e90e6d46899f,nstxuE205057A01t020/N6/egn06w.6264E+01
nstxuE205057A01t020/N6/egn06w.6778E+01,bad,nstxuE205057A01t020,6,egn06w.6778E+01,2.6035488850557416,BAD,BAD_CONT_CROSS_WINDOW,BAD,BAD,GOOD,0.05,0.997261643409729,flagged_borderline_or_disagreement,3.8943864358770064,BAD_CONT_CROSS_WINDOW,,,BAD,rule_engine,281f057802d00816de57e18e1fe5b9ed6c103f32af00ce37e86fed971aeb2037,nstxuE205057A01t020/N6/egn06w.6778E+01
nstxuE205057A01t020/N6/egn06w.1099E+02,bad,nstxuE205057A01t020,6,egn06w.1099E+02,3.315185961060777,BAD,BAD_CONT_CROSS_WINDOW,BAD,BAD,GOOD,0.013333333333333334,0.9998812675476074,flagged_borderline_or_disagreement,4.057178485335704,BAD_CONT_CROSS_WINDOW,,,BAD,rule_engine,d0341b113a2352883261b4c56950ab10026e3e948bf30660877a2fc4c1f72d52,nstxuE205057A01t020/N6/egn06w.1099E+02
nstxuE205057A01t020/N6/egn06w.1576E+02,good,nstxuE205057A01t020,6,egn06w.1576E+02,3.970039031236276,GOOD,NO_GOOD_TEMPLATE,GOOD,GOOD,BAD,0.5766666666666667,5.385880740504945e-06,flagged_rf_only_good,0.665645595559794,BAD_GRID_SCALE_SPIKE,True,True,REVIEW,rule_survivor_policy,37b385b953cb0dc6c16afb3fa2a6047a0dee31502a89ad05805e2669561961b2,nstxuE205057A01t020/N6/egn06w.1576E+02
nstxuE205057A01t020/N6/egn06w.2060E+02,bad,nstxuE205057A01t020,6,egn06w.2060E+02,4.538900641986886,BAD,BAD_CONT_CROSS_WINDOW,BAD,BAD,GOOD,0.0,0.9999998807907104,flagged_borderline_or_disagreement,14.71343362529025,BAD_CONT_CROSS_WINDOW,,,BAD,rule_engine,cf96f824b2b7ed349ec379e46af593c671a64d119554055edf7986ba91f1a1db,nstxuE205057A01t020/N6/egn06w.2060E+02
nstxuE205057A01t020/N7/egn07w.6416E+01,bad,nstxuE205057A01t020,7,egn07w.6416E+01,2.533000481067624,BAD,BAD_CONT_CROSS_WINDOW,BAD,BAD,GOOD,0.02,1.0,flagged_borderline_or_disagreement,7.50287265835851,BAD_CONT_CROSS_WINDOW,,,BAD,rule_engine,0c2201789c355c4091c69d3ef61815323b397196fa1d15d50b03aa8a543847ec,nstxuE205057A01t020/N7/egn07w.6416E+01
nstxuE205057A01t020/N7/egn07w.6536E+01,bad,nstxuE205057A01t020,7,egn07w.6536E+01,2.556489159285846,BAD,BAD_CONT_CROSS_WINDOW,BAD,BAD,GOOD,0.016666666666666666,0.9977109432220459,flagged_borderline_or_disagreement,7.3272784762451355,BAD_CONT_CROSS_WINDOW,,,BAD,rule_engine,779a2e7e9842a863f943a3d88bcad3ace47dcbe7ab0482638b2612a74d2d11f6,nstxuE205057A01t020/N7/egn07w.6536E+01
nstxuE205057A01t020/N7/egn07w.7105E+01,bad,nstxuE205057A01t020,7,egn07w.7105E+01,2.6655444008916827,BAD,BAD_CONT_CROSS_WINDOW,BAD,BAD,GOOD,0.03333333333333333,0.9858337044715881,flagged_borderline_or_disagreement,3.887502120637006,BAD_CONT_CROSS_WINDOW,,,BAD,rule_engine,fc2cd92bc85fc35cdc39b387885dd8ee0938455915304dfc200db20562ebced3,nstxuE205057A01t020/N7/egn07w.7105E+01
nstxuE205057A01t020/N7/egn07w.8244E+01,bad,nstxuE205057A01t020,7,egn07w.8244E+01,2.871179258259437,BAD,BAD_CONT_CROSS_WINDOW,BAD,BAD,GOOD,0.0033333333333333335,1.0,flagged_borderline_or_disagreement,5.3411495519165415,BAD_CONT_CROSS_WINDOW,,,BAD,rule_engine,1bcb436ae831ef2d7b1af11f09994b9fb28e6f9d8e85bb131cf43ec35a35cc01,nstxuE205057A01t020/N7/egn07w.8244E+01
nstxuE205057A01t020/N7/egn07w.8385E+01,bad,nstxuE205057A01t020,7,egn07w.8385E+01,2.895702333194333,BAD,BAD_CONT_CROSS_WINDOW,BAD,BAD,GOOD,0.05,0.9999997615814209,flagged_borderline_or_disagreement,6.816959718887548,BAD_CONT_CROSS_WINDOW,,,BAD,rule_engine,e504b26935a092391a3bb9a4492d39f9439c9a4d6053a4a37ddc053c4db9fa58,nstxuE205057A01t020/N7/egn07w.8385E+01
nstxuE205057A01t020/N7/egn07w.9124E+01,bad,nstxuE205057A01t020,7,egn07w.9124E+01,3.020594317147355,BAD,BAD_CONT_CROSS_WINDOW,BAD,BAD,GOOD,0.11666666666666667,0.9871264100074768,flagged_borderline_or_disagreement,6.081188686499177,BAD_CONT_CROSS_WINDOW,,,BAD,rule_engine,a55fc9270c3fbcf272979739d82ef410731678293f2c3d4760894a0a6a485128,nstxuE205057A01t020/N7/egn07w.9124E+01
nstxuE205057A01t020/N7/egn07w.1005E+02,bad,nstxuE205057A01t020,7,egn07w.1005E+02,3.1704414053519,BAD,BAD_CONT_CROSS_WINDOW,BAD,BAD,GOOD,0.016666666666666666,1.0,flagged_borderline_or_disagreement,8.358479398208189,BAD_CONT_CROSS_WINDOW,,,BAD,rule_engine,d02b5ff63bc09c2923b9b67fc00219677096eae334f115cb12939bdd1261695a,nstxuE205057A01t020/N7/egn07w.1005E+02
nstxuE205057A01t020/N7/egn07w.1013E+02,bad,nstxuE205057A01t020,7,egn07w.1013E+02,3.1827787693933915,BAD,BAD_CONT_CROSS_WINDOW,BAD,BAD,GOOD,0.06,0.9999922513961792,flagged_borderline_or_disagreement,7.911861356777463,BAD_CONT_CROSS_WINDOW,,,BAD,rule_engine,9fee19c29c8a46b45fdfbd50e0dbbac1e57c9e4b56e1c51c66a0025fc8a11561,nstxuE205057A01t020/N7/egn07w.1013E+02
nstxuE205057A01t020/N7/egn07w.1411E+02,bad,nstxuE205057A01t020,7,egn07w.1411E+02,3.7568953874579245,BAD,BAD_CONT_CROSS_WINDOW,BAD,BAD,GOOD,0.02,0.9999997615814209,flagged_borderline_or_disagreement,2.938117758880161,BAD_CONT_CROSS_WINDOW,,,BAD,rule_engine,d159cc041561baf2df9b8d6c6abccbac2168f4fd510aaaacffc80bb8d5724f3f,nstxuE205057A01t020/N7/egn07w.1411E+02
nstxuE205057A01t020/N7/egn07w.2076E+02,bad,nstxuE205057A01t020,7,egn07w.2076E+02,4.555832253789759,BAD,BAD_CONT_CROSS_WINDOW,BAD,BAD,GOOD,0.0033333333333333335,0.9948511719703674,flagged_borderline_or_disagreement,2.7035386307972153,BAD_CONT_CROSS_WINDOW,,,BAD,rule_engine,39989743b9e30f46d54175efeaca909738b2b7ecdbf6652c55c1641b4ce81872,nstxuE205057A01t020/N7/egn07w.2076E+02
nstxuE205057A01t020/N8/egn08w.5982E+01,bad,nstxuE205057A01t020,8,egn08w.5982E+01,2.445791029560702,BAD,BAD_CONT_CROSS_WINDOW,BAD,BAD,GOOD,0.04,1.0,flagged_borderline_or_disagreement,8.631907812759643,BAD_CONT_CROSS_WINDOW,,,BAD,rule_engine,5ebe435f2f95e3f5791bdfadd1bae618ef6c5e653aec7d9a0ee9c76d0ef3ef9e,nstxuE205057A01t020/N8/egn08w.5982E+01
nstxuE205057A01t020/N8/egn08w.6052E+01,bad,nstxuE205057A01t020,8,egn08w.6052E+01,2.460157170561492,BAD,BAD_CONT_CROSS_WINDOW,BAD,BAD,GOOD,0.0033333333333333335,1.0,flagged_borderline_or_disagreement,8.517359002708051,BAD_CONT_CROSS_WINDOW,,,BAD,rule_engine,6f700133427bf11fb18cd28fc37932516d0d296cae9ad1644886ca0964a26a7d,nstxuE205057A01t020/N8/egn08w.6052E+01
nstxuE205057A01t020/N8/egn08w.6621E+01,bad,nstxuE205057A01t020,8,egn08w.6621E+01,2.5732270060192075,BAD,BAD_CONT_CROSS_WINDOW,BAD,BAD,GOOD,0.02,1.0,flagged_borderline_or_disagreement,5.9596416890561175,BAD_CONT_CROSS_WINDOW,,,BAD,rule_engine,7f3cee15523c9ed735e94af2b49c6219208e71ef9d19f80f6c264f3e1cd7eb85,nstxuE205057A01t020/N8/egn08w.6621E+01
nstxuE205057A01t020/N8/egn08w.7341E+01,bad,nstxuE205057A01t020,8,egn08w.7341E+01,2.709516705454712,BAD,BAD_CONT_CROSS_WINDOW,BAD,BAD,GOOD,0.02,0.9999992847442627,flagged_borderline_or_disagreement,7.650904170994943,BAD_CONT_CROSS_WINDOW,,,BAD,rule_engine,016a60ba334678ddaa5cf08c964f7a22ad272a34dce439002a5d9bf2392f3e79,nstxuE205057A01t020/N8/egn08w.7341E+01
nstxuE205057A01t020/N8/egn08w.8117E+01,bad,nstxuE205057A01t020,8,egn08w.8117E+01,2.849052946727487,BAD,BAD_CONT_CROSS_WINDOW,BAD,BAD,GOOD,0.0033333333333333335,0.9999768733978271,flagged_borderline_or_disagreement,10.661900081581472,BAD_CONT_CROSS_WINDOW,,,BAD,rule_engine,f5ac6169711b820b5c48949c92dcc5ecb98518e8cb8bc3ececd1a5851d7e7cea,nstxuE205057A01t020/N8/egn08w.8117E+01
nstxuE205057A01t020/N8/egn08w.8761E+01,bad,nstxuE205057A01t020,8,egn08w.8761E+01,2.959949299580235,BAD,BAD_CONT_CROSS_WINDOW,BAD,BAD,GOOD,0.12333333333333334,0.9999984502792358,flagged_borderline_or_disagreement,6.250146946257785,BAD_CONT_CROSS_WINDOW,,,BAD,rule_engine,5800770e7d0785ba0b6eabb99c8eb2c9cc1bb63e887a4a94fdd6ddc68cf5417b,nstxuE205057A01t020/N8/egn08w.8761E+01
nstxuE205057A01t020/N8/egn08w.9508E+01,bad,nstxuE205057A01t020,8,egn08w.9508E+01,3.08346867849876,BAD,BAD_CONT_CROSS_WINDOW,BAD,BAD,GOOD,0.09333333333333334,0.8848569989204407,flagged_borderline_or_disagreement,10.168710127414858,BAD_CONT_CROSS_WINDOW,,,BAD,rule_engine,f7dcd1829c6230a433b3d31a4584c83b6c3d096943baa280228065839140cab7,nstxuE205057A01t020/N8/egn08w.9508E+01
nstxuE205057A01t020/N8/egn08w.9686E+01,bad,nstxuE205057A01t020,8,egn08w.9686E+01,3.1122796205800065,BAD,BAD_CONT_CROSS_WINDOW,BAD,BAD,GOOD,0.006666666666666667,1.0,flagged_borderline_or_disagreement,1.3485348033436801,BAD_CONT_CROSS_WINDOW,,,BAD,rule_engine,1822146ed3fd87599d6acb6a55b5e7fb5d5fc88bdd684ff0bdad4951d1c9ef99,nstxuE205057A01t020/N8/egn08w.9686E+01
nstxuE205057A01t020/N8/egn08w.1053E+02,bad,nstxuE205057A01t020,8,egn08w.1053E+02,3.2453459370030746,BAD,BAD_CONT_CROSS_WINDOW,BAD,BAD,GOOD,0.16333333333333333,0.9999996423721313,flagged_borderline_or_disagreement,6.303961089224843,BAD_CONT_CROSS_WINDOW,,,BAD,rule_engine,0d08a1d94ce3a595ea44cbdea783811c84c1a9ddcfd457253d544b8cdd2810e5,nstxuE205057A01t020/N8/egn08w.1053E+02
nstxuE205057A01t020/N8/egn08w.1618E+02,good,nstxuE205057A01t020,8,egn08w.1618E+02,4.021906885020626,GOOD,NO_GOOD_TEMPLATE,GOOD,GOOD,BAD,0.8733333333333333,0.008466292172670364,flagged_rf_only_good,0.5158066763144249,BAD_GRID_SCALE_SPIKE,True,True,REVIEW,rule_survivor_policy,bd23ce4b388684f9df552c170bdc4862cc1da78dea110e310b96f1fcedc54909,nstxuE205057A01t020/N8/egn08w.1618E+02
nstxuE205057A01t020/N8/egn08w.1767E+02,good,nstxuE205057A01t020,8,egn08w.1767E+02,4.203090454270088,GOOD,NO_GOOD_TEMPLATE,BAD,BAD,BAD,0.42333333333333334,9.369989201331576e-20,flagged_borderline_or_disagreement,0.9089616084893234,BAD_NEAR_AXIS_GRID_OSCILLATION,True,,REVIEW,rule_survivor_policy,a1a76c0d68f2f1d12b87f4efb16340e3b0f1898909da1971d398d7ab8779296f,nstxuE205057A01t020/N8/egn08w.1767E+02
nstxuE205057A01t020/N8/egn08w.2054E+02,bad,nstxuE205057A01t020,8,egn08w.2054E+02,4.532140906065722,BAD,BAD_CONT_CROSS_WINDOW,BAD,BAD,GOOD,0.01,0.9999204874038696,flagged_borderline_or_disagreement,1.1982213516323914,BAD_CONT_CROSS_WINDOW,,,BAD,rule_engine,c39371c99675f8eb185bf62eff874861fbd8d47dd506f00ba615c1f24792aa4c,nstxuE205057A01t020/N8/egn08w.2054E+02
nstxuE205057A01t020/N9/egn09w.5756E+01,bad,nstxuE205057A01t020,9,egn09w.5756E+01,2.399177115731147,BAD,BAD_CONT_CROSS_WINDOW,BAD,BAD,GOOD,0.006666666666666667,0.8986486792564392,flagged_borderline_or_disagreement,9.732802349193959,BAD_CONT_CROSS_WINDOW,,,BAD,rule_engine,15f0a11703a6071446cdbc649b80d93505c4f3847b63a7f24ef2421f67d4df95,nstxuE205057A01t020/N9/egn09w.5756E+01
nstxuE205057A01t020/N9/egn09w.6310E+01,bad,nstxuE205057A01t020,9,egn09w.6310E+01,2.5120569150578835,BAD,BAD_CONT_CROSS_WINDOW,BAD,BAD,GOOD,0.01,1.0,flagged_borderline_or_disagreement,8.109021478144504,BAD_CONT_CROSS_WINDOW,,,BAD,rule_engine,a606b4e4e60cb48f62326ccc88a03d66368f0e209deaffa3e4ba53165817c446,nstxuE205057A01t020/N9/egn09w.6310E+01
nstxuE205057A01t020/N9/egn09w.6660E+01,bad,nstxuE205057A01t020,9,egn09w.6660E+01,2.580696484714369,BAD,BAD_CONT_CROSS_WINDOW,BAD,BAD,GOOD,0.26666666666666666,1.0,flagged_borderline_or_disagreement,3.497485019099492,BAD_CONT_CROSS_WINDOW,,,BAD,rule_engine,ce7e4b2f2fa65b8174425aa27eeb45fc1c40ab3fd79210167b8f9c37113ef961,nstxuE205057A01t020/N9/egn09w.6660E+01
nstxuE205057A01t020/N9/egn09w.6811E+01,bad,nstxuE205057A01t020,9,egn09w.6811E+01,2.6098142161078592,BAD,BAD_CONT_CROSS_WINDOW,BAD,BAD,GOOD,0.02,1.0,flagged_borderline_or_disagreement,8.104017017486143,BAD_CONT_CROSS_WINDOW,,,BAD,rule_engine,a02800bc7ff471733f47a126fd7d9cfd8f52b09449038abd65c5d9e69842c676,nstxuE205057A01t020/N9/egn09w.6811E+01
nstxuE205057A01t020/N9/egn09w.7084E+01,bad,nstxuE205057A01t020,9,egn09w.7084E+01,2.6616272004998716,BAD,BAD_CONT_CROSS_WINDOW,BAD,BAD,GOOD,0.2733333333333333,1.0,flagged_borderline_or_disagreement,2.319142591108767,BAD_CONT_CROSS_WINDOW,,,BAD,rule_engine,ac08c5567249f821e18669b7e1405190a27224c503b0e8d6b4aff7bbe1cd7edc,nstxuE205057A01t020/N9/egn09w.7084E+01
nstxuE205057A01t020/N9/egn09w.7524E+01,bad,nstxuE205057A01t020,9,egn09w.7524E+01,2.7429808184818225,BAD,BAD_CONT_CROSS_WINDOW,BAD,BAD,GOOD,0.016666666666666666,1.0,flagged_borderline_or_disagreement,3.7364427963219398,BAD_CONT_CROSS_WINDOW,,,BAD,rule_engine,4b7314bc175ecb92ec498d29e069ea3f5a079328bb975541f21ddfd2cb689bbd,nstxuE205057A01t020/N9/egn09w.7524E+01
nstxuE205057A01t020/N9/egn09w.8014E+01,bad,nstxuE205057A01t020,9,egn09w.8014E+01,2.830891529967332,BAD,BAD_CONT_CROSS_WINDOW,BAD,BAD,GOOD,0.023333333333333334,1.0,flagged_borderline_or_disagreement,9.184079314900671,BAD_CONT_CROSS_WINDOW,,,BAD,rule_engine,e92e8724f6e115e9d582d7dcf6692c653d0d71a4b5f7b414554c72f70706ddb9,nstxuE205057A01t020/N9/egn09w.8014E+01
nstxuE205057A01t020/N9/egn09w.8212E+01,bad,nstxuE205057A01t020,9,egn09w.8212E+01,2.8656423979268677,BAD,BAD_CONT_CROSS_WINDOW,BAD,BAD,GOOD,0.013333333333333334,1.0,flagged_borderline_or_disagreement,1.8687991979111773,BAD_CONT_CROSS_WINDOW,,,BAD,rule_engine,e4cd600c6f5caccf3bb4159b799ebe529db8e1d09a3f32c8218ba8b0cdfa5479,nstxuE205057A01t020/N9/egn09w.8212E+01
nstxuE205057A01t020/N9/egn09w.9131E+01,bad,nstxuE205057A01t020,9,egn09w.9131E+01,3.021751174461895,BAD,BAD_CONT_CROSS_WINDOW,BAD,BAD,GOOD,0.11666666666666667,1.0,flagged_borderline_or_disagreement,9.907610565468342,BAD_CONT_CROSS_WINDOW,,,BAD,rule_engine,1a6fe64972ef2beb553c2665d72d4d52a59c085f09ea4a06fc95ecbd0f6c1597,nstxuE205057A01t020/N9/egn09w.9131E+01
nstxuE205057A01t020/N9/egn09w.9896E+01,bad,nstxuE205057A01t020,9,egn09w.9896E+01,3.1458339233326966,BAD,BAD_CONT_CROSS_WINDOW,BAD,BAD,GOOD,0.13,1.0,flagged_borderline_or_disagreement,3.4024451130049473,BAD_CONT_CROSS_WINDOW,,,BAD,rule_engine,d4a8b902ceb75492a6dff0dc2ad1c8521d5a3289b5df1192877dabbe47f732ae,nstxuE205057A01t020/N9/egn09w.9896E+01
nstxuE205057A01t020/N9/egn09w.1090E+02,bad,nstxuE205057A01t020,9,egn09w.1090E+02,3.3007748510915857,BAD,BAD_CONT_CROSS_WINDOW,BAD,BAD,GOOD,0.12333333333333334,1.0,flagged_borderline_or_disagreement,13.000463874852054,BAD_CONT_CROSS_WINDOW,,,BAD,rule_engine,cd09f502011cc0526450fa7208e38e95233b3f593ec8f414c436e39b471613a0,nstxuE205057A01t020/N9/egn09w.1090E+02
nstxuE205057A01t020/N9/egn09w.1318E+02,good,nstxuE205057A01t020,9,egn09w.1318E+02,3.6303846407512568,GOOD,NO_GOOD_TEMPLATE,GOOD,GOOD,BAD,0.95,0.000254062149906531,flagged_rf_only_good,0.5951617213904385,BAD_DISTRIBUTED_HARMONIC_NOISE,True,True,REVIEW,rule_survivor_policy,1f875e30680876311cbf3a3ee94f21c7a6b2d4efb96a7c7bad117057020d538e,nstxuE205057A01t020/N9/egn09w.1318E+02
nstxuE205057A01t020/N9/egn09w.1414E+02,good,nstxuE205057A01t020,9,egn09w.1414E+02,3.760594272789804,GOOD,NO_GOOD_TEMPLATE,GOOD,GOOD,BAD,0.6,0.00010004197247326374,flagged_rf_only_good,0.6137935349419501,BAD_GRID_SCALE_SPIKE,True,True,REVIEW,rule_survivor_policy,d962ec1e516406dd1367266da20cc5d3d6e2d20420aea82cd81c28ae1710b65e,nstxuE205057A01t020/N9/egn09w.1414E+02
nstxuE205057A01t020/N9/egn09w.1664E+02,good,nstxuE205057A01t020,9,egn09w.1664E+02,4.078681714874307,GOOD,NO_GOOD_TEMPLATE,GOOD,GOOD,BAD,0.8033333333333333,0.21526966989040375,flagged_rf_only_good,0.6379222050750014,BAD_GRID_SCALE_SPIKE,True,True,REVIEW,rule_survivor_policy,3233d0aef1ae9e218e2ad59f8c614ced38ed52534c55065b56486d8452abee87,nstxuE205057A01t020/N9/egn09w.1664E+02
nstxuE205057A01t020/N9/egn09w.2045E+02,bad,nstxuE205057A01t020,9,egn09w.2045E+02,4.522002246509197,BAD,BAD_CONT_CROSS_WINDOW,BAD,BAD,GOOD,0.02666666666666667,0.9999998807907104,flagged_borderline_or_disagreement,1.521964790780205,BAD_CONT_CROSS_WINDOW,,,BAD,rule_engine,7669231018e189ffc3b712a461338e274b9273efe71a365c50a16e573529f805,nstxuE205057A01t020/N9/egn09w.2045E+02
nstxuE205057A01t020/N10/egn10w.4514E+01,bad,nstxuE205057A01t020,10,egn10w.4514E+01,2.1246126654539257,BAD,BAD_AXIS_SPIKE,BAD,BAD,GOOD,0.24333333333333335,1.0,flagged_borderline_or_disagreement,1.5203688432519593,BAD_AXIS_SPIKE,,,BAD,rule_engine,076c324d15642141d0a7babb4ae640137447bee264ebf090bd5d7b43cb35c7ec,nstxuE205057A01t020/N10/egn10w.4514E+01
nstxuE205057A01t020/N10/egn10w.6902E+01,bad,nstxuE205057A01t020,10,egn10w.6902E+01,2.6271074521167,BAD,BAD_CONT_CROSS_WINDOW,BAD,BAD,GOOD,0.04,1.0,flagged_borderline_or_disagreement,5.18940168218185,BAD_CONT_CROSS_WINDOW,,,BAD,rule_engine,10b5a9056ca3fbde0c81fe9a9c0d1225de63fce58019b207a816b09d1a7ef012,nstxuE205057A01t020/N10/egn10w.6902E+01
nstxuE205057A01t020/N10/egn10w.7070E+01,bad,nstxuE205057A01t020,10,egn10w.7070E+01,2.6589223206164494,BAD,BAD_CONT_CROSS_WINDOW,BAD,BAD,GOOD,0.05,1.0,flagged_borderline_or_disagreement,5.645406847101471,BAD_CONT_CROSS_WINDOW,,,BAD,rule_engine,182d337d145c94f71624b4034d649f9fab1b793a8160ebaef70662a83ee65a2b,nstxuE205057A01t020/N10/egn10w.7070E+01
nstxuE205057A01t020/N10/egn10w.7261E+01,bad,nstxuE205057A01t020,10,egn10w.7261E+01,2.694694222564965,BAD,BAD_CONT_CROSS_WINDOW,BAD,BAD,GOOD,0.04,1.0,flagged_borderline_or_disagreement,8.489990094821236,BAD_CONT_CROSS_WINDOW,,,BAD,rule_engine,e67c6654ef2a345026bd26aba04b1a66552a0c3c44d725783bea191ce1b98890,nstxuE205057A01t020/N10/egn10w.7261E+01
nstxuE205057A01t020/N10/egn10w.7424E+01,bad,nstxuE205057A01t020,10,egn10w.7424E+01,2.72474903404327,BAD,BAD_CONT_CROSS_WINDOW,BAD,BAD,GOOD,0.016666666666666666,1.0,flagged_borderline_or_disagreement,3.8174704287287864,BAD_CONT_CROSS_WINDOW,,,BAD,rule_engine,183061dede0a03fbe62e8c532a1dcc7fe4d5c7b45c881a17c4f2af70db92ee21,nstxuE205057A01t020/N10/egn10w.7424E+01
nstxuE205057A01t020/N10/egn10w.7881E+01,bad,nstxuE205057A01t020,10,egn10w.7881E+01,2.8073403878856484,BAD,BAD_CONT_CROSS_WINDOW,BAD,BAD,GOOD,0.21666666666666667,1.0,flagged_borderline_or_disagreement,3.331167610932805,BAD_CONT_CROSS_WINDOW,,,BAD,rule_engine,2fa92bb628dbbfc56784b9373685f2fb311b8f772eff04f7a4d8e059830ecead,nstxuE205057A01t020/N10/egn10w.7881E+01
nstxuE205057A01t020/N10/egn10w.8036E+01,bad,nstxuE205057A01t020,10,egn10w.8036E+01,2.8348060079652804,BAD,BAD_CONT_CROSS_WINDOW,BAD,BAD,GOOD,0.09,1.0,flagged_borderline_or_disagreement,2.1470184572739046,BAD_CONT_CROSS_WINDOW,,,BAD,rule_engine,e0870a9cfecf38fe0feeb0ba6954aebf0ccc47941dbe3ac48624cca5f5a538fc,nstxuE205057A01t020/N10/egn10w.8036E+01
nstxuE205057A01t020/N10/egn10w.8317E+01,bad,nstxuE205057A01t020,10,egn10w.8317E+01,2.884003796607883,BAD,BAD_CONT_CROSS_WINDOW,BAD,BAD,GOOD,0.03333333333333333,1.0,flagged_borderline_or_disagreement,9.313423025625022,BAD_CONT_CROSS_WINDOW,,,BAD,rule_engine,ef255e70499cd5554f12af52733c32c5b0b67f8131259682a5c9544fcd5ac522,nstxuE205057A01t020/N10/egn10w.8317E+01
nstxuE205057A01t020/N10/egn10w.9468E+01,bad,nstxuE205057A01t020,10,egn10w.9468E+01,3.0770110527774306,BAD,BAD_CONT_CROSS_WINDOW,BAD,BAD,GOOD,0.14,1.0,flagged_borderline_or_disagreement,9.88826150074889,BAD_CONT_CROSS_WINDOW,,,BAD,rule_engine,07105cab365fd5644af6e81a2a2235a617d67420e6a582a16f601025363a9a8d,nstxuE205057A01t020/N10/egn10w.9468E+01
nstxuE205057A01t020/N10/egn10w.1121E+02,bad,nstxuE205057A01t020,10,egn10w.1121E+02,3.3477890785768083,BAD,BAD_CONT_CROSS_WINDOW,BAD,BAD,GOOD,0.14666666666666667,1.0,flagged_borderline_or_disagreement,14.65078831806789,BAD_CONT_CROSS_WINDOW,,,BAD,rule_engine,ea2ffb8ac1a5f0f047ce6a53d5c85e66b9f80ca2c62f0b4ac157182d17daadbf,nstxuE205057A01t020/N10/egn10w.1121E+02
nstxuG121123K34/N6/egn06w.7044E+02,good,nstxuG121123K34,6,egn06w.7044E+02,8.392928829692158,GOOD,NO_GOOD_TEMPLATE,BAD,BAD,BAD,0.14333333333333334,0.0,gold_bad,0.7299328514967707,BAD_GRID_SCALE_PACKET,True,,REVIEW,rule_survivor_policy,8cb78a7cd5721af7c6c8c5604eafa159d0f48d8c803752bb844b2fff76e700c1,nstxuG121123K34/N6/egn06w.7044E+02
nstxuG121123K34/N8/egn08w.3067E+02,bad,nstxuG121123K34,8,egn08w.3067E+02,5.538014734980497,BAD,BAD_CONT_CROSS_WINDOW,BAD,BAD,GOOD,0.006666666666666667,1.0,flagged_borderline_or_disagreement,17.343111678293077,BAD_CONT_CROSS_WINDOW,,,BAD,rule_engine,29a4336d5f421fb33ee5ef1972152e58c9e6ef1491adc5cea42f22a119980e58,nstxuG121123K34/N8/egn08w.3067E+02
nstxuG121123K34/N8/egn08w.3233E+02,bad,nstxuG121123K34,8,egn08w.3233E+02,5.685926789439091,BAD,BAD_CONT_CROSS_WINDOW,BAD,BAD,GOOD,0.0,0.9999936819076538,flagged_borderline_or_disagreement,8.10545231361597,BAD_CONT_CROSS_WINDOW,,,BAD,rule_engine,89ead622f282c1ca26b7799ff8e3c1613cc5d72b4a2274b20875f2e810195fe8,nstxuG121123K34/N8/egn08w.3233E+02
nstxuG121123K34/N9/egn09w.3013E+02,bad,nstxuG121123K34,9,egn09w.3013E+02,5.488675011823589,BAD,BAD_CONT_CROSS_WINDOW,BAD,BAD,GOOD,0.0033333333333333335,0.9999986886978149,flagged_borderline_or_disagreement,5.69277424162052,BAD_CONT_CROSS_WINDOW,,,BAD,rule_engine,df8aef0eef2798ab8a1ff464188dd18dd35d576e45a34c071cbee7ce20883c16,nstxuG121123K34/N9/egn09w.3013E+02
nstxuG121123K34/N9/egn09w.3096E+02,bad,nstxuG121123K34,9,egn09w.3096E+02,5.563954046846241,BAD,BAD_CONT_CROSS_WINDOW,BAD,BAD,GOOD,0.0,1.0,flagged_borderline_or_disagreement,5.1500217792722855,BAD_CONT_CROSS_WINDOW,,,BAD,rule_engine,c6ce78d05560b5df28c1d64d763c9e389a95c4d7984b53b71f29015d7b92215e,nstxuG121123K34/N9/egn09w.3096E+02
nstxuG121123K34/N10/egn10w.2108E+02,bad,nstxuG121123K34,10,egn10w.2108E+02,4.591385564028514,BAD,BAD_CONT_CROSS_WINDOW,BAD,BAD,GOOD,0.016666666666666666,0.6735749840736389,flagged_borderline_or_disagreement,1.2846742505220434,BAD_CONT_CROSS_WINDOW,,,BAD,rule_engine,bc4d227b53989af2b2ef3ae5d70f498879659883ac501bf553fe6ec6706f51b7,nstxuG121123K34/N10/egn10w.2108E+02
nstxuG121123K34/N10/egn10w.2682E+02,bad,nstxuG121123K34,10,egn10w.2682E+02,5.179245335786275,BAD,BAD_CONT_CROSS_WINDOW,BAD,BAD,GOOD,0.11,1.0,flagged_borderline_or_disagreement,12.832143657272148,BAD_CONT_CROSS_WINDOW,,,BAD,rule_engine,7ebe088f59d06822d4b9a15d7d40f34ff0dd13be3cc08cbdcc70d054d7eed2d8,nstxuG121123K34/N10/egn10w.2682E+02
nstxuG121123K34/N10/egn10w.3140E+02,bad,nstxuG121123K34,10,egn10w.3140E+02,5.603722294959644,BAD,BAD_CONT_CROSS_WINDOW,BAD,BAD,GOOD,0.01,1.0,flagged_borderline_or_disagreement,10.143980617835622,BAD_CONT_CROSS_WINDOW,,,BAD,rule_engine,39c9da233f08c7b3d3c071714e7fa7d0fdf8298510f2a9f65806ced2a1aac0e2,nstxuG121123K34/N10/egn10w.3140E+02
nstxuG121123K34/N10/egn10w.4350E+02,bad,nstxuG121123K34,10,egn10w.4350E+02,6.59523992513835,BAD,BAD_CONT_CROSS_WINDOW,BAD,BAD,GOOD,0.04,1.0,flagged_borderline_or_disagreement,5.290022204446632,BAD_CONT_CROSS_WINDOW,,,BAD,rule_engine,6573a907397f176e1c2565059e2ddf9e24e119d1c60b652f7855fb840eab07c5,nstxuG121123K34/N10/egn10w.4350E+02
nstxuG121123K70/N2/egn02w.2546E+02,good,nstxuG121123K70,2,egn02w.2546E+02,5.046145028048364,GOOD,NO_GOOD_TEMPLATE,BAD,BAD,BAD,0.04,0.0,gold_bad,0.6534967730729511,BAD_GRID_SCALE_SPIKE,True,,REVIEW,rule_survivor_policy,99e406f1695b68aea4ccb0b370ebb0caf2c10d22ae022b5dec447639338ea9b2,nstxuG121123K70/N2/egn02w.2546E+02
nstxuG121123K70/N2/egn02w.2596E+02,good,nstxuG121123K70,2,egn02w.2596E+02,5.094898579604734,GOOD,NO_GOOD_TEMPLATE,BAD,BAD,BAD,0.03666666666666667,0.0,gold_bad,0.9393453878830317,BAD_GRID_SCALE_SPIKE,True,,REVIEW,rule_survivor_policy,49a2be1a28ccb60f015209cbca66147a62a03d402ce91713e38dc15265efdef4,nstxuG121123K70/N2/egn02w.2596E+02
nstxuG121123K70/N7/egn07w.2519E+02,good,nstxuG121123K70,7,egn07w.2519E+02,5.019059269044405,GOOD,NO_GOOD_TEMPLATE,BAD,BAD,BAD,0.36666666666666664,2.385586617137392e-09,silver_bad,0.8869557907208865,BAD_AXIS_SPIKE,True,,REVIEW,rule_survivor_policy,279568f85bcce7e48fb79f2983fcd227404372f4a699f78510a0d2cc2f06baaf,nstxuG121123K70/N7/egn07w.2519E+02
nstxuG121123K70/N10/egn10w.3121E+02,bad,nstxuG121123K70,10,egn10w.3121E+02,5.586248655863691,BAD,BAD_INTERIOR_UNRESOLVED_ENVELOPE,GOOD,BAD,GOOD,0.41333333333333333,1.0,flagged_cnn_rescue,1.0369433233984862,BAD_INTERIOR_UNRESOLVED_ENVELOPE,,True,BAD,rule_engine,fccc021bbfbe5f2aedf51fa8dc9bba7b3f5c2e921fd12ae1acdec89e939b05fc,nstxuG121123K70/N10/egn10w.3121E+02
nstxuG121123N80/N3/egn03w.4007E+02,good,nstxuG121123N80,3,egn03w.4007E+02,6.330155281303666,GOOD,NO_GOOD_TEMPLATE,BAD,BAD,BAD,0.26666666666666666,0.0,silver_bad,0.8960079196470451,BAD_GRID_SCALE_SPIKE,True,,REVIEW,rule_survivor_policy,a01c932edcbd9033fd297ba4a6c6c34682940fc5a4225be9999881e4018aedc1,nstxuG121123N80/N3/egn03w.4007E+02
nstxuG121123N80/N6/egn06w.1723E+02,good,nstxuG121123N80,6,egn06w.1723E+02,4.150944948685045,GOOD,NO_GOOD_TEMPLATE,BAD,BAD,BAD,0.10333333333333333,6.766570874139853e-16,gold_bad,0.8517133929551469,BAD_CONT_CROSS_WINDOW,True,,REVIEW,rule_survivor_policy,bb58494dca77989726a7cb894c375a4bb9b7f7822c6b65bd7ff555608bb56b50,nstxuG121123N80/N6/egn06w.1723E+02
nstxuG121123N80/N6/egn06w.2775E+02,bad,nstxuG121123N80,6,egn06w.2775E+02,5.268023584100482,BAD,BAD_CONT_CROSS_WINDOW,BAD,BAD,GOOD,0.08333333333333333,1.0,flagged_borderline_or_disagreement,18.75296527745144,BAD_CONT_CROSS_WINDOW,,,BAD,rule_engine,bdd347b7a40c6dcfe6d2a89e6683eb2ae6839d407c3b867db290424311611c3b,nstxuG121123N80/N6/egn06w.2775E+02
nstxuG121123N80/N7/egn07w.2286E+02,bad,nstxuG121123N80,7,egn07w.2286E+02,4.7811972355476335,BAD,BAD_CONT_CROSS_WINDOW,BAD,BAD,GOOD,0.06333333333333334,0.9999396800994873,flagged_borderline_or_disagreement,1.6860762106510985,BAD_CONTINUUM_CROSSING_TAIL,,,BAD,rule_engine,9e3e9bf0b1fdef9d3c4cceb0a1a4f66ccb5f916a765fe01c9235401ccaa873fb,nstxuG121123N80/N7/egn07w.2286E+02
nstxuG121123N80/N7/egn07w.2658E+02,bad,nstxuG121123N80,7,egn07w.2658E+02,5.1555486686339,BAD,BAD_CONT_CROSS_WINDOW,BAD,BAD,GOOD,0.13666666666666666,0.999970555305481,flagged_borderline_or_disagreement,6.342741719602485,BAD_CONT_CROSS_WINDOW,,,BAD,rule_engine,3eac909d4f00f33c2338d1874b40267fafe142aa6c06b92be529b81688a168e8,nstxuG121123N80/N7/egn07w.2658E+02
nstxuG121123N80/N7/egn07w.2877E+02,bad,nstxuG121123N80,7,egn07w.2877E+02,5.364200026759193,BAD,BAD_CONT_CROSS_WINDOW,BAD,BAD,GOOD,0.05,0.9998806715011597,flagged_borderline_or_disagreement,17.396932750847228,BAD_CONT_CROSS_WINDOW,,,BAD,rule_engine,5c269f1afcb08f9a92ecd6420db7eba87ba12b962d6058201263b303f58da540,nstxuG121123N80/N7/egn07w.2877E+02
nstxuG121123N80/N7/egn07w.3145E+02,bad,nstxuG121123N80,7,egn07w.3145E+02,5.608125731360701,BAD,BAD_CONT_CROSS_WINDOW,BAD,BAD,GOOD,0.03666666666666667,0.9638291597366333,flagged_borderline_or_disagreement,20.0,BAD_CONT_CROSS_WINDOW,,,BAD,rule_engine,7c4af56b9958ebedad1ff0e39d2800e3d7042c4e00c4724888bbee73a8996cf2,nstxuG121123N80/N7/egn07w.3145E+02
nstxuG121123N80/N8/egn08w.2199E+02,bad,nstxuG121123N80,8,egn08w.2199E+02,4.689205129684975,BAD,BAD_CONT_CROSS_WINDOW,BAD,BAD,GOOD,0.02,0.9999903440475464,flagged_borderline_or_disagreement,2.045158278485395,BAD_CONT_CROSS_WINDOW,,,BAD,rule_engine,3afd47bd383447fbeae30f9c6a5a8af8342263f65bff7faf371a17cbb6fe0913,nstxuG121123N80/N8/egn08w.2199E+02
nstxuG121123N80/N9/egn09w.2918E+02,bad,nstxuG121123N80,9,egn09w.2918E+02,5.402235383192468,BAD,BAD_CONT_CROSS_WINDOW,BAD,BAD,GOOD,0.04,0.9999995231628418,flagged_borderline_or_disagreement,12.666417445708973,BAD_CONT_CROSS_WINDOW,,,BAD,rule_engine,3f05f8fc9ed0db6e02c4b210674b8af4cccb40703ab49aeb8c4a5c850c349aa5,nstxuG121123N80/N9/egn09w.2918E+02
nstxuG121123N80/N9/egn09w.4646E+02,bad,nstxuG121123N80,9,egn09w.4646E+02,6.816473579936493,BAD,BAD_INTERIOR_UNRESOLVED_ENVELOPE,GOOD,GOOD,GOOD,0.92,1.0,gold_good,1.1579844137400448,BAD_INTERIOR_UNRESOLVED_ENVELOPE,,True,BAD,rule_engine,fd222197f4a4d3ad65a850e03b22476667e8be91dd9eb7eac583e9ee7e5ee439,nstxuG121123N80/N9/egn09w.4646E+02
nstxuG121123N80/N10/egn10w.1628E+02,bad,nstxuG121123N80,10,egn10w.1628E+02,4.03495402076068,BAD,BAD_CONT_CROSS_WINDOW,BAD,BAD,GOOD,0.013333333333333334,0.7538145780563354,flagged_borderline_or_disagreement,13.050886827730457,BAD_CONT_CROSS_WINDOW,,,BAD,rule_engine,493804ff4f4a1b66f62d8b19842b3a35c36a35221dd6b19186046e24d803e0bd,nstxuG121123N80/N10/egn10w.1628E+02
nstxuG121123N80/N10/egn10w.2647E+02,good,nstxuG121123N80,10,egn10w.2647E+02,5.145014589892659,GOOD,NO_GOOD_TEMPLATE,GOOD,GOOD,BAD,0.6166666666666667,1.908489502966404e-05,flagged_rf_only_good,0.961626247775059,BAD_CONTINUUM_CROSSING_TAIL,True,True,REVIEW,rule_survivor_policy,2fcce3f819d68ea209e37f56710f1caac67b6705b1283ee8e33987d6947c0fea,nstxuG121123N80/N10/egn10w.2647E+02
nstxuG121123N80/N10/egn10w.3902E+02,good,nstxuG121123N80,10,egn10w.3902E+02,6.2468924566206,GOOD,NO_GOOD_TEMPLATE,GOOD,GOOD,BAD,0.8233333333333334,6.82147083352902e-06,flagged_rf_only_good,0.4956211361435531,BAD_GRID_SCALE_SPIKE,True,True,REVIEW,rule_survivor_policy,66ece909792709ca6849bc65a29806d5a72ed718075f4938678d211f7d482786,nstxuG121123N80/N10/egn10w.3902E+02
nstxuG121123N80/N10/egn10w.3997E+02,good,nstxuG121123N80,10,egn10w.3997E+02,6.322162400096542,GOOD,NO_GOOD_TEMPLATE,GOOD,GOOD,BAD,0.8033333333333333,0.08960821479558945,flagged_rf_only_good,0.9433827430586913,BAD_AXIS_SPIKE,True,True,REVIEW,rule_survivor_policy,136572613ae1115a5465c47eb2d74ec5fa4c1d6caff51928f2700f43d69ec441,nstxuG121123N80/N10/egn10w.3997E+02
nstxuG142301C50/N5/egn05w.2413E+02,bad,nstxuG142301C50,5,egn05w.2413E+02,4.911794449299671,BAD,BAD_CONT_CROSS_WINDOW,BAD,BAD,GOOD,0.02,0.9999990463256836,flagged_borderline_or_disagreement,11.668822185626974,BAD_CONT_CROSS_WINDOW,,,BAD,rule_engine,1170cc2826c7da9c15f536df55513d27b6278d752bfaf3e840b14cc57c1f7e00,nstxuG142301C50/N5/egn05w.2413E+02
nstxuG142301C50/N5/egn05w.3178E+02,bad,nstxuG142301C50,5,egn05w.3178E+02,5.637406821788022,BAD,BAD_CONT_CROSS_WINDOW,BAD,BAD,GOOD,0.10666666666666667,0.9997065663337708,flagged_borderline_or_disagreement,8.307892424280668,BAD_CONT_CROSS_WINDOW,,,BAD,rule_engine,079aa58c118dde9b20be2c1ae04d6fbf529c6ec24434fb40ce7cbebacc7aef0c,nstxuG142301C50/N5/egn05w.3178E+02
nstxuG142301C50/N6/egn06w.1472E+02,bad,nstxuG142301C50,6,egn06w.1472E+02,3.83661685684797,BAD,BAD_CONT_CROSS_WINDOW,BAD,BAD,GOOD,0.02666666666666667,0.9836257100105286,flagged_borderline_or_disagreement,3.541356478571925,BAD_CONTINUUM_CROSSING_TAIL,,,BAD,rule_engine,5ddb5f698cc0a02850bf1b4130f0a3551c9371c33cc7366e224077afda654a0e,nstxuG142301C50/N6/egn06w.1472E+02
nstxuG142301C50/N7/egn07w.1311E+02,bad,nstxuG142301C50,7,egn07w.1311E+02,3.6201554231591975,BAD,BAD_CONT_CROSS_WINDOW,BAD,BAD,GOOD,0.01,0.9616891741752625,flagged_borderline_or_disagreement,4.93525458702407,BAD_CONT_CROSS_WINDOW,,,BAD,rule_engine,b20127ef78287fd458b7106e26c878f62be057bdb377b59f78a11b1a59070034,nstxuG142301C50/N7/egn07w.1311E+02
nstxuG142301C50/N7/egn07w.1814E+02,bad,nstxuG142301C50,7,egn07w.1814E+02,4.259073253106708,BAD,BAD_CONT_CROSS_WINDOW,BAD,BAD,GOOD,0.0033333333333333335,1.0,flagged_borderline_or_disagreement,13.490490238021335,BAD_CONT_CROSS_WINDOW,,,BAD,rule_engine,85d5147ca2a57a7f0a530761b8878876bdbae113610bf9446e4d2ae6317646f2,nstxuG142301C50/N7/egn07w.1814E+02
nstxuG142301C50/N9/egn09w.1566E+02,bad,nstxuG142301C50,9,egn09w.1566E+02,3.956921998511296,BAD,BAD_CONT_CROSS_WINDOW,BAD,BAD,GOOD,0.006666666666666667,1.0,flagged_borderline_or_disagreement,14.547320510404449,BAD_CONT_CROSS_WINDOW,,,BAD,rule_engine,d3015c16c8f6a6d41dd1bfc4e6c785381ea5cb1f10c7a4e9cc69b79ebe21e731,nstxuG142301C50/N9/egn09w.1566E+02
nstxuG142301C50/N9/egn09w.1583E+02,bad,nstxuG142301C50,9,egn09w.1583E+02,3.978658502387258,BAD,BAD_CONT_CROSS_WINDOW,BAD,BAD,GOOD,0.02,0.9805435538291931,flagged_borderline_or_disagreement,4.673131077735007,BAD_CONT_CROSS_WINDOW,,,BAD,rule_engine,20d5108f29b6de177aece88807ded4feb945877f88f985d7457402b3e6fc73a5,nstxuG142301C50/N9/egn09w.1583E+02
nstxuG142301C50/N9/egn09w.1663E+02,bad,nstxuG142301C50,9,egn09w.1663E+02,4.078278442868487,BAD,BAD_CONT_CROSS_WINDOW,BAD,BAD,GOOD,0.006666666666666667,0.9999693632125854,flagged_borderline_or_disagreement,12.068448319213376,BAD_CONT_CROSS_WINDOW,,,BAD,rule_engine,f1938267054b66ac63e600e787c5a673de61aaa591665f22254458f7a715774a,nstxuG142301C50/N9/egn09w.1663E+02
nstxuG142301C50/N9/egn09w.1733E+02,bad,nstxuG142301C50,9,egn09w.1733E+02,4.162472464149479,BAD,BAD_CONT_CROSS_WINDOW,BAD,BAD,GOOD,0.0033333333333333335,1.0,flagged_borderline_or_disagreement,6.646505659269526,BAD_CONT_CROSS_WINDOW,,,BAD,rule_engine,53af164942a0b2708ca3b580385a77519e694140db201f6685a78634830a0a07,nstxuG142301C50/N9/egn09w.1733E+02
nstxuG142301C50/N10/egn10w.1654E+02,bad,nstxuG142301C50,10,egn10w.1654E+02,4.066401845863181,BAD,BAD_CONT_CROSS_WINDOW,BAD,BAD,GOOD,0.013333333333333334,0.9999986886978149,flagged_borderline_or_disagreement,5.973574244259956,BAD_CONT_CROSS_WINDOW,,,BAD,rule_engine,ba9a90d717fd88a11340c35e7d90efb39633bfae843ea02e1526b30268d438a6,nstxuG142301C50/N10/egn10w.1654E+02
nstxuG142301E72/N7/egn07w.1627E+02,bad,nstxuG142301E72,7,egn07w.1627E+02,4.033767955980783,BAD,BAD_CONT_CROSS_WINDOW,BAD,BAD,GOOD,0.0033333333333333335,0.9998618364334106,flagged_borderline_or_disagreement,11.569179439239747,BAD_CONT_CROSS_WINDOW,,,BAD,rule_engine,b30c14618dfb538ed14c6dfa3325dd36dc5b18a83c30d27f7c900b643fb2b236,nstxuG142301E72/N7/egn07w.1627E+02
nstxuG142301E72/N9/egn09w.1645E+02,bad,nstxuG142301E72,9,egn09w.1645E+02,4.0562901678734535,BAD,BAD_CONT_CROSS_WINDOW,BAD,BAD,GOOD,0.32666666666666666,1.0,flagged_borderline_or_disagreement,5.2073703552701165,BAD_CONT_CROSS_WINDOW,,,BAD,rule_engine,c140975c32b1ec692481fd6e8b5772ed92b768bc9d68fb8c38b024f5cfb1a20a,nstxuG142301E72/N9/egn09w.1645E+02
nstxuG142301E72/N9/egn09w.1676E+02,bad,nstxuG142301E72,9,egn09w.1676E+02,4.0936313512336024,BAD,BAD_CONT_CROSS_WINDOW,BAD,BAD,GOOD,0.12333333333333334,1.0,flagged_borderline_or_disagreement,16.053016270745307,BAD_CONT_CROSS_WINDOW,,,BAD,rule_engine,4bff7c3820cd5f1b7154a69e195a3efd2a6ea14c98d552927a70837648a2019a,nstxuG142301E72/N9/egn09w.1676E+02
nstxuG142301E72/N10/egn10w.1608E+02,bad,nstxuG142301E72,10,egn10w.1608E+02,4.0104208675074835,BAD,BAD_CONT_CROSS_WINDOW,BAD,BAD,GOOD,0.06333333333333334,0.9999929666519165,flagged_borderline_or_disagreement,15.617138522627176,BAD_CONT_CROSS_WINDOW,,,BAD,rule_engine,6e8b98616a5e817535a131f444df82cd23f043a292d1dead4e3ef805f40afffd,nstxuG142301E72/N10/egn10w.1608E+02
nstxuG142301H56/N1/egn01w.4501E+02,good,nstxuG142301H56,1,egn01w.4501E+02,6.708842143856438,GOOD,NO_GOOD_TEMPLATE,BAD,BAD,BAD,0.11,0.0,gold_bad,0.8700055540019418,BAD_GRID_SCALE_SPIKE,True,,REVIEW,rule_survivor_policy,22f30b3457b909f7d2c912841ca45fc63b7977970009d95499e766e9f1a51ba0,nstxuG142301H56/N1/egn01w.4501E+02
nstxuG142301H56/N6/egn06w.2059E+02,bad,nstxuG142301H56,6,egn06w.2059E+02,4.537688823641104,BAD,BAD_CONT_CROSS_WINDOW,BAD,BAD,GOOD,0.006666666666666667,1.0,flagged_borderline_or_disagreement,3.137306317902567,BAD_CONT_CROSS_WINDOW,,,BAD,rule_engine,7c46e4c20be6ff68eaffce838afcb4544e7069877eddcce37acb65eaef7c1bd8,nstxuG142301H56/N6/egn06w.2059E+02
nstxuG142301H56/N6/egn06w.2068E+02,bad,nstxuG142301H56,6,egn06w.2068E+02,4.547572122811365,BAD,BAD_CONT_CROSS_WINDOW,BAD,BAD,GOOD,0.006666666666666667,0.9999983310699463,flagged_borderline_or_disagreement,2.9207582116792543,BAD_CONT_CROSS_WINDOW,,,BAD,rule_engine,79a03fa501693ae971a386cd8387674810579888fb3e9c3b69a80c86ec0f9bc7,nstxuG142301H56/N6/egn06w.2068E+02
nstxuG142301H56/N7/egn07w.2507E+02,bad,nstxuG142301H56,7,egn07w.2507E+02,5.006513541095348,BAD,BAD_GRID_SCALE_PACKET,BAD,BAD,GOOD,0.0,0.9993852376937866,flagged_borderline_or_disagreement,3.525822184578287,BAD_CONT_CROSS_WINDOW,,,BAD,rule_engine,d0a6a648a57eaa575738cee72e8073ce0a8941ffc08850dc0912a5f091d8b29d,nstxuG142301H56/N7/egn07w.2507E+02
nstxuG142301H56/N7/egn07w.3495E+02,bad,nstxuG142301H56,7,egn07w.3495E+02,5.911884669493711,BAD,BAD_CONT_CROSS_WINDOW,BAD,BAD,GOOD,0.04,1.0,flagged_borderline_or_disagreement,1.518180141197733,BAD_CONT_CROSS_WINDOW,,,BAD,rule_engine,5fdfdc21ebdc24bfa4584d1d3cebcac2d8e332c314b7138efda1e025684c6344,nstxuG142301H56/N7/egn07w.3495E+02
nstxuG142301H56/N8/egn08w.2700E+02,bad,nstxuG142301H56,8,egn08w.2700E+02,5.195779497709253,BAD,BAD_GRID_SCALE_PACKET,BAD,BAD,GOOD,0.02,0.8984308838844299,flagged_borderline_or_disagreement,6.1628562932746895,BAD_CONT_CROSS_WINDOW,,,BAD,rule_engine,a75b793d86e0ec4c66c3fee58747a8a786a2aad0e0a9882ac287b085dcfd2eed,nstxuG142301H56/N8/egn08w.2700E+02
nstxuG142301L94/N3/egn03w.2009E+02,bad,nstxuG142301L94,3,egn03w.2009E+02,4.48170566298938,BAD,BAD_AXIS_SPIKE,BAD,BAD,GOOD,0.38,0.999996542930603,flagged_borderline_or_disagreement,1.4946350651396745,BAD_AXIS_SPIKE,,,BAD,rule_engine,2a16f9a881b37c5124891e7ebcd302c9625e2765b1383dbc18742aa8e24d89a6,nstxuG142301L94/N3/egn03w.2009E+02
nstxuG142301L94/N3/egn03w.2346E+02,bad,nstxuG142301L94,3,egn03w.2346E+02,4.843219941286072,BAD,BAD_AXIS_SPIKE,GOOD,BAD,GOOD,0.47,0.9968852400779724,flagged_cnn_rescue,2.2820429799520845,BAD_AXIS_SPIKE,,True,BAD,rule_engine,6d49b5fbc1fec8c0bbfa35387c0d9cd4cdad4bcb4487ae3faf943e174bc81bd2,nstxuG142301L94/N3/egn03w.2346E+02
nstxuG142301L94/N9/egn09w.2746E+02,good,nstxuG142301L94,9,egn09w.2746E+02,5.239938863456631,GOOD,NO_GOOD_TEMPLATE,GOOD,GOOD,BAD,0.5266666666666666,3.5725003044717596e-07,flagged_rf_only_good,0.7164411648415939,BAD_CONT_CROSS_WINDOW,True,True,REVIEW,rule_survivor_policy,51499bc25ef2e08afc4d569a14285327e8a87a75f712a07ac403bb7011febe5c,nstxuG142301L94/N9/egn09w.2746E+02
nstxuG142301U84/N2/egn02w.2512E+02,good,nstxuG142301U84,2,egn02w.2512E+02,5.011700434161675,GOOD,NO_GOOD_TEMPLATE,BAD,BAD,BAD,0.03,0.0,gold_bad,0.9628342238682573,BAD_INTERIOR_UNRESOLVED_ENVELOPE,True,,REVIEW,rule_survivor_policy,e3b22bc2de4a88f66738c7386709c2ba9d3be3fcd715264d1b419929a0e3057b,nstxuG142301U84/N2/egn02w.2512E+02
nstxuG142301U84/N2/egn02w.2556E+02,good,nstxuG142301U84,2,egn02w.2556E+02,5.055754623283776,GOOD,NO_GOOD_TEMPLATE,BAD,BAD,BAD,0.043333333333333335,0.0,gold_bad,0.9315657159543567,BAD_GRID_SCALE_SPIKE,True,,REVIEW,rule_survivor_policy,73d9bb7c6c749b99f64db95f5210d0cf5779f71290ff31c4c3907a53894bd83e,nstxuG142301U84/N2/egn02w.2556E+02
nstxuG142301U84/N4/egn04w.2567E+02,good,nstxuG142301U84,4,egn04w.2567E+02,5.066220104090635,GOOD,NO_GOOD_TEMPLATE,BAD,BAD,BAD,0.2633333333333333,0.0,silver_bad,0.8846271557126038,BAD_INTERIOR_UNRESOLVED_ENVELOPE,True,,REVIEW,rule_survivor_policy,a3a6ff2b485a999bc0cdf71666e7765dfeeb55cc1d729083e968954c92320dcc,nstxuG142301U84/N4/egn04w.2567E+02
nstxuG142301U84/N4/egn04w.2604E+02,good,nstxuG142301U84,4,egn04w.2604E+02,5.103143582571642,GOOD,NO_GOOD_TEMPLATE,BAD,BAD,BAD,0.24666666666666667,2.7214151834530975e-30,silver_bad,0.6463025477758635,BAD_GRID_SCALE_SPIKE,True,,REVIEW,rule_survivor_policy,7af03310986271b8155707099d629f3418a7b7c4c1bbdce15e90416eb72b5db3,nstxuG142301U84/N4/egn04w.2604E+02
nstxuG142301U84/N4/egn04w.2651E+02,good,nstxuG142301U84,4,egn04w.2651E+02,5.148846359354381,GOOD,NO_GOOD_TEMPLATE,BAD,BAD,BAD,0.3233333333333333,0.0,silver_bad,0.6170001969758641,BAD_GRID_SCALE_SPIKE,True,,REVIEW,rule_survivor_policy,a8dd471b2c9ec5c39fea2e5030805c743be8b0437b660919ae1eb4ee6dd8dc91,nstxuG142301U84/N4/egn04w.2651E+02
nstxuG142301U84/N5/egn05w.2702E+02,good,nstxuG142301U84,5,egn05w.2702E+02,5.1983903996054925,GOOD,NO_GOOD_TEMPLATE,BAD,BAD,BAD,0.41,4.625869022950205e-18,flagged_borderline_or_disagreement,0.6798097713763243,BAD_GRID_SCALE_SPIKE,True,,REVIEW,rule_survivor_policy,fdb3e2e782e0074aed3c1a2476a9876b91d81a3c93987c380dffc6c42e330513,nstxuG142301U84/N5/egn05w.2702E+02
nstxuG142301U84/N6/egn06w.2579E+02,good,nstxuG142301U84,6,egn06w.2579E+02,5.077942051360345,GOOD,NO_GOOD_TEMPLATE,BAD,BAD,BAD,0.22666666666666666,1.2942919758051663e-25,silver_bad,0.8313339123367381,BAD_INTERIOR_UNRESOLVED_ENVELOPE,True,,REVIEW,rule_survivor_policy,bd80235da7734e039ce67eb72d2c827caf253286531c726bf6d00d8cd920e653,nstxuG142301U84/N6/egn06w.2579E+02
nstxuG142301U84/N7/egn07w.2794E+02,bad,nstxuG142301U84,7,egn07w.2794E+02,5.286141070550727,BAD,BAD_CONT_CROSS_WINDOW,BAD,BAD,GOOD,0.11333333333333333,0.5905540585517883,flagged_borderline_or_disagreement,17.105611960237383,BAD_CONT_CROSS_WINDOW,,,BAD,rule_engine,cfc878ee2e9f5aa07d40e24505791685e92e7117f05bbff9f6a5d05e033400dc,nstxuG142301U84/N7/egn07w.2794E+02
nstxuG142301U84/N7/egn07w.2905E+02,bad,nstxuG142301U84,7,egn07w.2905E+02,5.389356019592794,BAD,BAD_CONT_CROSS_WINDOW,BAD,BAD,GOOD,0.34,1.0,flagged_borderline_or_disagreement,3.4118098485553405,BAD_CONT_CROSS_WINDOW,,,BAD,rule_engine,5f4d66554642e4b76e7b587560b8935b1da4254e62ce79da7296923f0b32f720,nstxuG142301U84/N7/egn07w.2905E+02
nstxuG142301U84/N8/egn08w.2808E+02,bad,nstxuG142301U84,8,egn08w.2808E+02,5.29885340905539,BAD,BAD_CONT_CROSS_WINDOW,BAD,BAD,GOOD,0.14333333333333334,0.9999891519546509,flagged_borderline_or_disagreement,2.7045478725519048,BAD_CONT_CROSS_WINDOW,,,BAD,rule_engine,be86cccaef494ae2df650c82a0b14ddaf34f7324aceec59181131eb6f7131a87,nstxuG142301U84/N8/egn08w.2808E+02
nstxuG142301U84/N9/egn09w.2710E+02,good,nstxuG142301U84,9,egn09w.2710E+02,5.205869702417901,GOOD,NO_GOOD_TEMPLATE,GOOD,GOOD,BAD,0.7466666666666667,0.41583895683288574,flagged_rf_only_good,0.7810940138477341,BAD_NEAR_AXIS_GRID_OSCILLATION,True,True,REVIEW,rule_survivor_policy,95790d126b2464ddef591e304d758f5e8f0d6f5c4274603331be058a12f972cc,nstxuG142301U84/N9/egn09w.2710E+02
nstxuG142301U84/N10/egn10w.2541E+02,good,nstxuG142301U84,10,egn10w.2541E+02,5.040364925013132,GOOD,NO_GOOD_TEMPLATE,BAD,BAD,BAD,0.24666666666666667,0.0,silver_bad,0.6576584609212187,BAD_GRID_SCALE_SPIKE,True,,REVIEW,rule_survivor_policy,dd947bcd63487179af6820ca1dcea9d8bb21971de7cbcb6d288d07d8e4adb95b,nstxuG142301U84/N10/egn10w.2541E+02
nstxuG142301U84/N10/egn10w.2566E+02,good,nstxuG142301U84,10,egn10w.2566E+02,5.065824424221539,GOOD,NO_GOOD_TEMPLATE,BAD,BAD,BAD,0.30333333333333334,0.0,silver_bad,0.528679176345424,BAD_GRID_SCALE_SPIKE,True,,REVIEW,rule_survivor_policy,f8442cd8fd09f0c0d9ea0a50ac225f10a9296a26fa7753bfe8d336faa3b83e02,nstxuG142301U84/N10/egn10w.2566E+02
nstxuG142301U84/N10/egn10w.2612E+02,good,nstxuG142301U84,10,egn10w.2612E+02,5.111033802432269,GOOD,NO_GOOD_TEMPLATE,GOOD,GOOD,BAD,0.6066666666666667,1.2502195459451748e-13,flagged_rf_only_good,0.6139259182360008,BAD_INTERIOR_UNRESOLVED_ENVELOPE,True,True,REVIEW,rule_survivor_policy,dc9f65b0ee7e8453fbc4b00d18c47645e25b097ad122a94c3ee7124cc4eac77b,nstxuG142301U84/N10/egn10w.2612E+02
nstxuG142301U84/N10/egn10w.2631E+02,good,nstxuG142301U84,10,egn10w.2631E+02,5.129303592632702,GOOD,NO_GOOD_TEMPLATE,GOOD,GOOD,BAD,0.62,1.786886940635668e-07,flagged_rf_only_good,0.7156894205992057,BAD_GRID_SCALE_SPIKE,True,True,REVIEW,rule_survivor_policy,f1812355f3a5d7883d836a098005a401d95a46edcdd77b2ec01a6dbd9081ccf0,nstxuG142301U84/N10/egn10w.2631E+02
nstxuG142301V21/N2/egn02w.2259E+02,good,nstxuG142301V21,2,egn02w.2259E+02,4.753067201368365,GOOD,NO_GOOD_TEMPLATE,BAD,BAD,BAD,0.13,1.690085009063095e-14,gold_bad,0.5933709007320679,BAD_GRID_SCALE_SPIKE,True,,REVIEW,rule_survivor_policy,05574c2ed435b0c943992ad625787cac155e53d07cab7976f3a66ff6f18957bb,nstxuG142301V21/N2/egn02w.2259E+02
nstxuG142301V21/N9/egn09w.1634E+02,bad,nstxuG142301V21,9,egn09w.1634E+02,4.0425821190354005,BAD,BAD_CONT_CROSS_WINDOW,BAD,BAD,GOOD,0.37333333333333335,0.9999988079071045,flagged_borderline_or_disagreement,1.2264306244212841,BAD_CONT_CROSS_WINDOW,,,BAD,rule_engine,871675947a6c86c071a8251753de6a1622a55daddc415ce86a81d8d997019f9a,nstxuG142301V21/N9/egn09w.1634E+02
nstxuG142301V21/N10/egn10w.1605E+02,bad,nstxuG142301V21,10,egn10w.1605E+02,4.0058813926410615,BAD,BAD_INTERIOR_UNRESOLVED_ENVELOPE,GOOD,GOOD,GOOD,0.5366666666666666,1.0,silver_good,1.5162022589189583,BAD_INTERIOR_UNRESOLVED_ENVELOPE,,True,BAD,rule_engine,8dcf6d8cb6363a9a1bebbe00439b30bb11e2895ce37751af20bfdcafb9f2b205,nstxuG142301V21/N10/egn10w.1605E+02
nstxuG142301V21/N10/egn10w.2768E+02,good,nstxuG142301V21,10,egn10w.2768E+02,5.261142037881432,GOOD,NO_GOOD_TEMPLATE,GOOD,GOOD,BAD,0.59,1.0532883418060701e-32,flagged_rf_only_good,0.866075722438903,BAD_GRID_SCALE_SPIKE,True,True,REVIEW,rule_survivor_policy,8357090eec468079a6ec759bdf37bba240ee9f268e587595d71f8dec1c561300,nstxuG142301V21/N10/egn10w.2768E+02
