path,mode_key,shot,n,ntor,nr,nhar,omega,gamma_d,rad_loc,rad_width,input_fingerprint,processing_status,gap_region,signed_delta,fraction_below_upper2,preprocessing_primary_reason,rule_decision,rule_primary_reason,rule_triggered_rules,rule_version,rule_features,manual_decision,manual_reason,reviewer,adjudication_timestamp,override_status,override_message,final_decision,decision_source,duplicate_rank_score,duplicate_rank_source,selected_final,diagnostic_message
/global/u2/e/ebelova/src_nova/data/nstxu_204202/N1/egn01w.6355E+01,nstxu_204202/N1/egn01w.6355E+01,nstxu_204202,1,1,201,54,2.5209670212937447,-0.00103295006845137,0.7671828482850264,0.11795112660262619,bec385e84972de5e4b3cd4d2040e8eeea742ec2137857aed2c341486423239ba,RULE_EVALUATED,tae_like,0.9948270683564835,1.0,,REVIEW,NO_GOOD_TEMPLATE,"[""NO_GOOD_TEMPLATE""]",tae-rules-axis-artifact-v1,"{""boundary_features"":{""axis_artifact"":{""axis_component_touches_boundary"":false,""axis_halfmax_outer_edge_r"":0.8566431894093732,""axis_halfmax_width_grid"":168.73106388376868,""axis_halfmax_width_r"":0.8436553194188434,""axis_peak"":0.011237359088009373,""axis_peak_harmonic_index"":4,""axis_peak_is_local_max"":true,""axis_peak_r"":0.02,""r_ax"":0.03}},""crossing_features"":{""W_star_high_shear"":0.08204083736989336,""W_star_high_shear_sum"":0.08204083736989336,""W_star_sum"":0.4493574740502698,""n_cross"":1.0,""r_star_high_shear"":0.6272863876509241,""r_star_max"":0.6272863876509241},""crossing_records"":[{""W_peak"":0.4493574740502698,""boundary"":""low"",""r_cross"":0.6272863876509241,""shear_weighted"":0.08204083736989336}],""extremum_features"":{""ext_df_gap"":1.0793257935051208,""ext_dr"":0.6649999999999999,""ext_energy_frac"":0.00041856071971677576,""match_found"":true},""feature_schema_version"":""tae-rule-features-grouped-v3"",""numerical_structure_features"":{},""resolution_features"":{},""rf_standard_features"":{""S"":1.163048223744639,""W_star"":0.36609979907067897,""W_star_max"":0.4493574740502698,""delta2_eff"":0.09312015088527216,""frac_spikes"":0.013174866408697255,""gamma_d"":-0.00103295006845137,""max_abs_d1_abs"":0.6417367136706496,""max_abs_d2_abs"":0.7158711230459883,""max_per_m_mean"":0.2659683403604093,""max_to_mean"":69.93195598549927,""max_to_median"":1923620.7198233113,""mean_abs_d1_mode"":0.0012965531407490528,""mean_abs_d2_mode"":0.000822486306419136,""mean_amp"":0.014299614329926977,""ntor"":1.0,""r_star"":0.63,""rad_loc"":0.7671828482850264,""rad_width"":0.11795112660262619,""spikes_per_m"":2.6481481481481484,""std_amp"":0.08525401900136143,""std_per_m_max"":0.2888596812628085,""std_per_m_mean"":0.05872823254852432},""source_feature_schema_version"":""rf_all_crossings_extremum_energy_31_v2""}",,,,,NOT_PRESENT,,REVIEW,rule_engine,,,,
/global/u2/e/ebelova/src_nova/data/nstxu_204202/N1/egn01w.9345E+01,nstxu_204202/N1/egn01w.9345E+01,nstxu_204202,1,1,201,54,3.05695532236368,-0.004481812328866327,0.5736930265487853,0.17405957061276917,eee0516168ec1a4e173b74f26671fe8297f1b34a2dd183949ef3c30341e4f5a6,RULE_EVALUATED,tae_like,0.9802071996447512,1.0,,REVIEW,NO_GOOD_TEMPLATE,"[""NO_GOOD_TEMPLATE""]",tae-rules-axis-artifact-v1,"{""boundary_features"":{""axis_artifact"":{""axis_component_touches_boundary"":false,""axis_halfmax_outer_edge_r"":0.8520841534366079,""axis_halfmax_width_grid"":167.26816579567333,""axis_halfmax_width_r"":0.8363408289783667,""axis_peak"":0.04174699256684659,""axis_peak_harmonic_index"":4,""axis_peak_is_local_max"":false,""axis_peak_r"":0.025,""r_ax"":0.03}},""crossing_features"":{""W_star_high_shear"":0.0013029654703639168,""W_star_high_shear_sum"":0.0013029654703639168,""W_star_sum"":0.4883373274767549,""n_cross"":1.0,""r_star_high_shear"":0.2516543014009561,""r_star_max"":0.2516543014009561},""crossing_records"":[{""W_peak"":0.4883373274767549,""boundary"":""low"",""r_cross"":0.2516543014009561,""shear_weighted"":0.0013029654703639168}],""extremum_features"":{""ext_df_gap"":0.714749219134396,""ext_dr"":0.4,""ext_energy_frac"":0.01456903766994049,""match_found"":true},""feature_schema_version"":""tae-rule-features-grouped-v3"",""numerical_structure_features"":{},""resolution_features"":{},""rf_standard_features"":{""S"":1.8309422769745403,""W_star"":0.18659236128327863,""W_star_max"":0.4883373274767549,""delta2_eff"":0.03383182580799005,""frac_spikes"":0.019163442049014188,""gamma_d"":-0.004481812328866327,""max_abs_d1_abs"":0.8837656905234625,""max_abs_d2_abs"":1.0177423479879972,""max_per_m_mean"":0.4194376214421111,""max_to_mean"":52.44576445302111,""max_to_median"":7968341.394149943,""mean_abs_d1_mode"":0.0009457426509604536,""mean_abs_d2_mode"":0.0004657046565630421,""mean_amp"":0.019067316691385356,""ntor"":1.0,""r_star"":0.255,""rad_loc"":0.5736930265487853,""rad_width"":0.17405957061276917,""spikes_per_m"":3.8518518518518516,""std_amp"":0.09727240071853174,""std_per_m_max"":0.24966095609790423,""std_per_m_mean"":0.09279584237582073},""source_feature_schema_version"":""rf_all_crossings_extremum_energy_31_v2""}",,,,,NOT_PRESENT,,REVIEW,rule_engine,,,,
/global/u2/e/ebelova/src_nova/data/nstxu_204202/N1/egn01w.9409E+01,nstxu_204202/N1/egn01w.9409E+01,nstxu_204202,1,1,201,54,3.067420607243718,-0.002873622438261521,0.5770856633790227,0.1660577662609079,48022eb28709a08c60bd44ab2051654117d87589b28b6a89d9ca5016e0b863d6,RULE_EVALUATED,tae_like,0.9819949930558027,1.0,,REVIEW,NO_GOOD_TEMPLATE,"[""NO_GOOD_TEMPLATE""]",tae-rules-axis-artifact-v1,"{""boundary_features"":{""axis_artifact"":{""axis_component_touches_boundary"":false,""axis_halfmax_outer_edge_r"":0.8556259777255677,""axis_halfmax_width_grid"":168.00839766062478,""axis_halfmax_width_r"":0.8400419883031239,""axis_peak"":0.03174944870134016,""axis_peak_harmonic_index"":4,""axis_peak_is_local_max"":true,""axis_peak_r"":0.02,""r_ax"":0.03}},""crossing_features"":{""W_star_high_shear"":0.0005414089618425398,""W_star_high_shear_sum"":0.0005414089618425398,""W_star_sum"":0.24728894745489222,""n_cross"":1.0,""r_star_high_shear"":0.2467907888554752,""r_star_max"":0.2467907888554752},""crossing_records"":[{""W_peak"":0.24728894745489222,""boundary"":""low"",""r_cross"":0.2467907888554752,""shear_weighted"":0.0005414089618425398}],""extremum_features"":{""ext_df_gap"":0.7088989164293527,""ext_dr"":0.395,""ext_energy_frac"":0.008230472822267259,""match_found"":true},""feature_schema_version"":""tae-rule-features-grouped-v3"",""numerical_structure_features"":{},""resolution_features"":{},""rf_standard_features"":{""S"":1.9697101240247927,""W_star"":0.16612140883354187,""W_star_max"":0.24728894745489222,""delta2_eff"":0.017186818408361854,""frac_spikes"":0.018979178183158283,""gamma_d"":-0.002873622438261521,""max_abs_d1_abs"":0.458748253130262,""max_abs_d2_abs"":0.5600914980932762,""max_per_m_mean"":0.42239131767634897,""max_to_mean"":53.031530444454184,""max_to_median"":9608709.89206442,""mean_abs_d1_mode"":0.0008630718746845007,""mean_abs_d2_mode"":0.0004119836942627511,""mean_amp"":0.018856706407792242,""ntor"":1.0,""r_star"":0.25,""rad_loc"":0.5770856633790227,""rad_width"":0.1660577662609079,""spikes_per_m"":3.814814814814815,""std_amp"":0.0969623026925271,""std_per_m_max"":0.22463550530587054,""std_per_m_mean"":0.09214635532718168},""source_feature_schema_version"":""rf_all_crossings_extremum_energy_31_v2""}",,,,,NOT_PRESENT,,REVIEW,rule_engine,,,,
/global/u2/e/ebelova/src_nova/data/nstxu_204202/N1/egn01w.9473E+01,nstxu_204202/N1/egn01w.9473E+01,nstxu_204202,1,1,201,54,3.07783778382158,-0.0019937657103628326,0.5760313924856815,0.16160405635182087,7ca6feda8603d80c74ad7451f4f827d8af0f96e1ccbf378ebd00fcc53c81ed8d,RULE_EVALUATED,tae_like,0.9826107629815906,1.0,,REVIEW,NO_GOOD_TEMPLATE,"[""NO_GOOD_TEMPLATE""]",tae-rules-axis-artifact-v1,"{""boundary_features"":{""axis_artifact"":{""axis_component_touches_boundary"":false,""axis_halfmax_outer_edge_r"":0.8596722373389996,""axis_halfmax_width_grid"":168.8551618915844,""axis_halfmax_width_r"":0.844275809457922,""axis_peak"":0.021058093754411127,""axis_peak_harmonic_index"":4,""axis_peak_is_local_max"":true,""axis_peak_r"":0.02,""r_ax"":0.03}},""crossing_features"":{""W_star_high_shear"":0.0002132267386532453,""W_star_high_shear_sum"":0.0002132267386532453,""W_star_sum"":0.12101839035045775,""n_cross"":1.0,""r_star_high_shear"":0.24197542925720875,""r_star_max"":0.24197542925720875},""crossing_records"":[{""W_peak"":0.12101839035045775,""boundary"":""low"",""r_cross"":0.24197542925720875,""shear_weighted"":0.0002132267386532453}],""extremum_features"":{""ext_df_gap"":0.7031150177912451,""ext_dr"":0.395,""ext_energy_frac"":0.003282543364597966,""match_found"":true},""feature_schema_version"":""tae-rule-features-grouped-v3"",""numerical_structure_features"":{},""resolution_features"":{},""rf_standard_features"":{""S"":2.0484101696244523,""W_star"":0.15548691998441108,""W_star_max"":0.12101839035045775,""delta2_eff"":0.006142049706262981,""frac_spikes"":0.018794914317302378,""gamma_d"":-0.0019937657103628326,""max_abs_d1_abs"":0.10089994096108326,""max_abs_d2_abs"":0.09720260902792066,""max_per_m_mean"":0.42521223515586254,""max_to_mean"":53.61884811220457,""max_to_median"":5125417.082896758,""mean_abs_d1_mode"":0.0007816031590222246,""mean_abs_d2_mode"":0.0003595422776814462,""mean_amp"":0.018650158202834725,""ntor"":1.0,""r_star"":0.245,""rad_loc"":0.5760313924856815,""rad_width"":0.16160405635182087,""spikes_per_m"":3.7777777777777777,""std_amp"":0.09727144035704119,""std_per_m_max"":0.22428653591166908,""std_per_m_mean"":0.09151158939489354},""source_feature_schema_version"":""rf_all_crossings_extremum_energy_31_v2""}",,,,,NOT_PRESENT,,REVIEW,rule_engine,,,,
/global/u2/e/ebelova/src_nova/data/nstxu_204202/N1/egn01w.9537E+01,nstxu_204202/N1/egn01w.9537E+01,nstxu_204202,1,1,201,54,3.0881366040110487,-0.0020765933057192575,0.570518974347915,0.1613892764457011,7fb41addb8e336c708a23c57898919fa4b85d9146d565d09eb995636c9f39eda,RULE_EVALUATED,tae_like,0.9819963926615756,1.0,,REVIEW,NO_GOOD_TEMPLATE,"[""NO_GOOD_TEMPLATE""]",tae-rules-axis-artifact-v1,"{""boundary_features"":{""axis_artifact"":{""axis_component_touches_boundary"":false,""axis_halfmax_outer_edge_r"":0.863319451682009,""axis_halfmax_width_grid"":169.73088261814047,""axis_halfmax_width_r"":0.8486544130907023,""axis_peak"":0.011693244546961034,""axis_peak_harmonic_index"":4,""axis_peak_is_local_max"":true,""axis_peak_r"":0.02,""r_ax"":0.03}},""crossing_features"":{""W_star_high_shear"":0.0001526770348888752,""W_star_high_shear_sum"":0.0001526770348888752,""W_star_sum"":0.11019847729585691,""n_cross"":1.0,""r_star_high_shear"":0.23722194488573214,""r_star_max"":0.23722194488573214},""crossing_records"":[{""W_peak"":0.11019847729585691,""boundary"":""low"",""r_cross"":0.23722194488573214,""shear_weighted"":0.0001526770348888752}],""extremum_features"":{""ext_df_gap"":0.697435192841975,""ext_dr"":0.39,""ext_energy_frac"":0.000482450279282024,""match_found"":true},""feature_schema_version"":""tae-rule-features-grouped-v3"",""numerical_structure_features"":{},""resolution_features"":{},""rf_standard_features"":{""S"":2.0479611881590465,""W_star"":0.16181288474047917,""W_star_max"":0.11019847729585691,""delta2_eff"":0.0008178229023385619,""frac_spikes"":0.01888704625023033,""gamma_d"":-0.0020765933057192575,""max_abs_d1_abs"":0.39297604614590853,""max_abs_d2_abs"":0.39622565962571804,""max_per_m_mean"":0.42814139938127554,""max_to_mean"":54.15809669235339,""max_to_median"":8572536.978433052,""mean_abs_d1_mode"":0.0007063502492984029,""mean_abs_d2_mode"":0.0003164159209243088,""mean_amp"":0.018464459813393563,""ntor"":1.0,""r_star"":0.24,""rad_loc"":0.570518974347915,""rad_width"":0.1613892764457011,""spikes_per_m"":3.7962962962962963,""std_amp"":0.09821859607232784,""std_per_m_max"":0.22438268299961883,""std_per_m_mean"":0.09099123884036324},""source_feature_schema_version"":""rf_all_crossings_extremum_energy_31_v2""}",,,,,NOT_PRESENT,,REVIEW,rule_engine,,,,
/global/u2/e/ebelova/src_nova/data/nstxu_204202/N1/egn01w.9599E+01,nstxu_204202/N1/egn01w.9599E+01,nstxu_204202,1,1,201,54,3.0981689433936954,-0.0026719588348448216,0.5610640652337642,0.16492205946871025,bf3419ca2982e49eb811e68ce36d9882b5401e5252fb92037c98577e45d03704,RULE_EVALUATED,tae_like,0.9802716716574642,1.0,,REVIEW,NO_GOOD_TEMPLATE,"[""NO_GOOD_TEMPLATE""]",tae-rules-axis-artifact-v1,"{""boundary_features"":{""axis_artifact"":{""axis_component_touches_boundary"":false,""axis_halfmax_outer_edge_r"":0.9545978020117906,""axis_halfmax_width_grid"":186.46061310010984,""axis_halfmax_width_r"":0.9323030655005492,""axis_peak"":0.00278133548947039,""axis_peak_harmonic_index"":4,""axis_peak_is_local_max"":true,""axis_peak_r"":0.025,""r_ax"":0.03}},""crossing_features"":{""W_star_high_shear"":0.00022656519861637776,""W_star_high_shear_sum"":0.00022656519861637776,""W_star_sum"":0.2134785541168188,""n_cross"":1.0,""r_star_high_shear"":0.23257762908043758,""r_star_max"":0.23257762908043758},""crossing_records"":[{""W_peak"":0.2134785541168188,""boundary"":""low"",""r_cross"":0.23257762908043758,""shear_weighted"":0.00022656519861637776}],""extremum_features"":{""ext_df_gap"":0.691938641089705,""ext_dr"":0.385,""ext_energy_frac"":0.0002975172402077244,""match_found"":true},""feature_schema_version"":""tae-rule-features-grouped-v3"",""numerical_structure_features"":{},""resolution_features"":{},""rf_standard_features"":{""S"":1.9770797568390146,""W_star"":0.17693475541584222,""W_star_max"":0.2134785541168188,""delta2_eff"":0.00042048739425956894,""frac_spikes"":0.019071310116086235,""gamma_d"":-0.0026719588348448216,""max_abs_d1_abs"":0.5381425915411622,""max_abs_d2_abs"":0.5505861585211341,""max_per_m_mean"":0.4374619071992946,""max_to_mean"":53.430165562467046,""max_to_median"":8268376.196679398,""mean_abs_d1_mode"":0.0006835249801317126,""mean_abs_d2_mode"":0.000285418988368816,""mean_amp"":0.01871601911428546,""ntor"":1.0,""r_star"":0.23500000000000001,""rad_loc"":0.5610640652337642,""rad_width"":0.16492205946871025,""spikes_per_m"":3.8333333333333335,""std_amp"":0.09964110464297835,""std_per_m_max"":0.22461884491637638,""std_per_m_mean"":0.09280462438682209},""source_feature_schema_version"":""rf_all_crossings_extremum_energy_31_v2""}",,,,,NOT_PRESENT,,REVIEW,rule_engine,,,,
/global/u2/e/ebelova/src_nova/data/nstxu_204202/N1/egn01w.9659E+01,nstxu_204202/N1/egn01w.9659E+01,nstxu_204202,1,1,201,54,3.107854693126035,-0.006082122161611411,0.5483086718057162,0.17114178776473318,84d445abcb7e26caa65565567153b30909d84102df991533647ca35add15099a,RULE_EVALUATED,tae_like,0.977617759077364,1.0,,REVIEW,NO_GOOD_TEMPLATE,"[""NO_GOOD_TEMPLATE""]",tae-rules-axis-artifact-v1,"{""boundary_features"":{""axis_artifact"":{""axis_component_touches_boundary"":false,""axis_halfmax_outer_edge_r"":0.8607730579532875,""axis_halfmax_width_grid"":168.66592076081946,""axis_halfmax_width_r"":0.8433296038040974,""axis_peak"":0.016145442336808164,""axis_peak_harmonic_index"":4,""axis_peak_is_local_max"":false,""axis_peak_r"":0.025,""r_ax"":0.03}},""crossing_features"":{""W_star_high_shear"":0.0003417403016782828,""W_star_high_shear_sum"":0.0003417403016782828,""W_star_sum"":0.43377967233123405,""n_cross"":1.0,""r_star_high_shear"":0.22806813140400425,""r_star_max"":0.22806813140400425},""crossing_records"":[{""W_peak"":0.43377967233123405,""boundary"":""low"",""r_cross"":0.22806813140400425,""shear_weighted"":0.0003417403016782828}],""extremum_features"":{""ext_df_gap"":0.6866656486694623,""ext_dr"":0.385,""ext_energy_frac"":0.003200877736316893,""match_found"":true},""feature_schema_version"":""tae-rule-features-grouped-v3"",""numerical_structure_features"":{},""resolution_features"":{},""rf_standard_features"":{""S"":1.8599120411283296,""W_star"":0.21401144523039384,""W_star_max"":0.43377967233123405,""delta2_eff"":0.00409312830861305,""frac_spikes"":0.018979178183158283,""gamma_d"":-0.006082122161611411,""max_abs_d1_abs"":0.4624983067993296,""max_abs_d2_abs"":0.5271435425847472,""max_per_m_mean"":0.4480008104055312,""max_to_mean"":51.528641274585866,""max_to_median"":7827534.132973417,""mean_abs_d1_mode"":0.0007138719761470832,""mean_abs_d2_mode"":0.0002739228467205424,""mean_amp"":0.019406682870205534,""ntor"":1.0,""r_star"":0.23,""rad_loc"":0.5483086718057162,""rad_width"":0.17114178776473318,""spikes_per_m"":3.814814814814815,""std_amp"":0.10152810662839891,""std_per_m_max"":0.24003767833212025,""std_per_m_mean"":0.09679000921444919},""source_feature_schema_version"":""rf_all_crossings_extremum_energy_31_v2""}",,,,,NOT_PRESENT,,REVIEW,rule_engine,,,,
/global/u2/e/ebelova/src_nova/data/nstxu_204202/N1/egn01w.1139E+02,nstxu_204202/N1/egn01w.1139E+02,nstxu_204202,1,1,201,54,3.3746066869993587,-0.0,0.03474432316702879,0.0317231895502404,091445b05c3ba6a83523722f41af7e6b8cc8b9ca2a225ecc73a3c4a5c09dcf99,RULE_EVALUATED,tae_like,0.9986236424922352,1.0,,REVIEW,NO_GOOD_TEMPLATE,"[""NO_GOOD_TEMPLATE""]",tae-rules-axis-artifact-v1,"{""boundary_features"":{""axis_artifact"":{""axis_component_touches_boundary"":false,""axis_halfmax_outer_edge_r"":0.03431663027985351,""axis_halfmax_width_grid"":2.5557702414269077,""axis_halfmax_width_r"":0.01277885120713454,""axis_peak"":0.7165719494138363,""axis_peak_harmonic_index"":4,""axis_peak_is_local_max"":false,""axis_peak_r"":0.025,""r_ax"":0.03}},""crossing_features"":{""W_star_high_shear"":0.0,""W_star_high_shear_sum"":0.0,""W_star_sum"":0.0,""n_cross"":0.0,""r_star_high_shear"":null,""r_star_max"":null},""crossing_records"":[],""extremum_features"":{""ext_df_gap"":0.5533400594938288,""ext_dr"":0.14,""ext_energy_frac"":0.0023407491453908175,""match_found"":true},""feature_schema_version"":""tae-rule-features-grouped-v3"",""numerical_structure_features"":{},""resolution_features"":{},""rf_standard_features"":{""S"":0.7800074178247708,""W_star"":0.8987519127620158,""W_star_max"":0.0,""delta2_eff"":0.0,""frac_spikes"":0.001658374792703151,""gamma_d"":-0.0,""max_abs_d1_abs"":0.74330436438821,""max_abs_d2_abs"":1.0267324149743737,""max_per_m_mean"":0.023602871700912527,""max_to_mean"":1362.166802270745,""max_to_median"":49573593.38700083,""mean_abs_d1_mode"":0.00044367757397730103,""mean_abs_d2_mode"":0.0007578767657907577,""mean_amp"":0.0007341244823841132,""ntor"":1.0,""r_star"":0.01,""rad_loc"":0.03474432316702879,""rad_width"":0.0317231895502404,""spikes_per_m"":0.3333333333333333,""std_amp"":0.01385591780306831,""std_per_m_max"":0.17451893370228186,""std_per_m_mean"":0.0042924920135133555},""source_feature_schema_version"":""rf_all_crossings_extremum_energy_31_v2""}",,,,,NOT_PRESENT,,REVIEW,rule_engine,,,,
/global/u2/e/ebelova/src_nova/data/nstxu_204202/N1/egn01w.1226E+02,nstxu_204202/N1/egn01w.1226E+02,nstxu_204202,1,1,201,54,3.501463436414273,-0.0,0.09383769580498892,0.16762964367394823,61a59747f3e36325b9475c2ff5144bfad58b31b5152182f7cfdd451d645bf729,RULE_EVALUATED,tae_like,0.9563252622666907,1.0,,BAD,BAD_AXIS_SPIKE,"[""BAD_AXIS_SPIKE""]",tae-rules-axis-artifact-v1,"{""boundary_features"":{""axis_artifact"":{""axis_component_touches_boundary"":false,""axis_halfmax_outer_edge_r"":0.028074125104631708,""axis_halfmax_width_grid"":1.1309465750845855,""axis_halfmax_width_r"":0.005654732875422928,""axis_peak"":1.0,""axis_peak_harmonic_index"":4,""axis_peak_is_local_max"":true,""axis_peak_r"":0.025,""r_ax"":0.03}},""crossing_features"":{""W_star_high_shear"":0.0,""W_star_high_shear_sum"":0.0,""W_star_sum"":0.0,""n_cross"":0.0,""r_star_high_shear"":null,""r_star_max"":null},""crossing_records"":[],""extremum_features"":{""ext_df_gap"":0.49706311293654865,""ext_dr"":0.14500000000000002,""ext_energy_frac"":0.02052995993233896,""match_found"":true},""feature_schema_version"":""tae-rule-features-grouped-v3"",""numerical_structure_features"":{},""resolution_features"":{},""rf_standard_features"":{""S"":0.5001364553847001,""W_star"":0.8812362290555459,""W_star_max"":0.0,""delta2_eff"":0.0,""frac_spikes"":0.0030403537866224434,""gamma_d"":-0.0,""max_abs_d1_abs"":0.9687640362461957,""max_abs_d2_abs"":1.782003548272987,""max_per_m_mean"":0.0404676349052332,""max_to_mean"":626.5864049988784,""max_to_median"":29297026.884045843,""mean_abs_d1_mode"":0.0004210978858366699,""mean_abs_d2_mode"":0.0007389760588902715,""mean_amp"":0.001595949084428673,""ntor"":1.0,""r_star"":0.01,""rad_loc"":0.09383769580498892,""rad_width"":0.16762964367394823,""spikes_per_m"":0.6111111111111112,""std_amp"":0.013609315642801233,""std_per_m_max"":0.17451154678530517,""std_per_m_mean"":0.008200606317124725},""source_feature_schema_version"":""rf_all_crossings_extremum_energy_31_v2""}",,,,,NOT_PRESENT,,BAD,rule_engine,,,,
/global/u2/e/ebelova/src_nova/data/nstxu_204202/N1/egn01w.1468E+02,nstxu_204202/N1/egn01w.1468E+02,nstxu_204202,1,1,201,54,3.831194057074181,-0.0,0.015049118715866092,0.031936428499157885,c1b0f1d2a5172ceb7ac2e7c20c4568cdbfeb01b94697e653b3de1d0ddd18e550,RULE_EVALUATED,tae_like,0.9973032510790714,1.0,,BAD,BAD_AXIS_SPIKE,"[""BAD_AXIS_SPIKE""]",tae-rules-axis-artifact-v1,"{""boundary_features"":{""axis_artifact"":{""axis_component_touches_boundary"":false,""axis_halfmax_outer_edge_r"":0.015363357764129596,""axis_halfmax_width_grid"":1.6097331897837068,""axis_halfmax_width_r"":0.008048665948918534,""axis_peak"":1.0,""axis_peak_harmonic_index"":18,""axis_peak_is_local_max"":true,""axis_peak_r"":0.01,""r_ax"":0.03}},""crossing_features"":{""W_star_high_shear"":0.0,""W_star_high_shear_sum"":0.0,""W_star_sum"":0.0,""n_cross"":0.0,""r_star_high_shear"":null,""r_star_max"":null},""crossing_records"":[],""extremum_features"":{""ext_df_gap"":0.36821880433668686,""ext_dr"":0.16,""ext_energy_frac"":0.0010477096515516052,""match_found"":true},""feature_schema_version"":""tae-rule-features-grouped-v3"",""numerical_structure_features"":{},""resolution_features"":{},""rf_standard_features"":{""S"":0.15809904090687932,""W_star"":0.9752286696372039,""W_star_max"":0.0,""delta2_eff"":0.0,""frac_spikes"":0.0029482218536944905,""gamma_d"":-0.0,""max_abs_d1_abs"":0.9309918370492346,""max_abs_d2_abs"":1.4129548955045494,""max_per_m_mean"":0.020858772806380425,""max_to_mean"":824.3276741187406,""max_to_median"":27090828.849873558,""mean_abs_d1_mode"":0.0012711512912970948,""mean_abs_d2_mode"":0.0022874174773992537,""mean_amp"":0.0012131098234021281,""ntor"":1.0,""r_star"":0.01,""rad_loc"":0.015049118715866092,""rad_width"":0.031936428499157885,""spikes_per_m"":0.5925925925925926,""std_amp"":0.01680574025579391,""std_per_m_max"":0.19944224194051602,""std_per_m_mean"":0.004097098932885044},""source_feature_schema_version"":""rf_all_crossings_extremum_energy_31_v2""}",,,,,NOT_PRESENT,,BAD,rule_engine,,,,
/global/u2/e/ebelova/src_nova/data/nstxu_204202/N1/egn01w.2735E+02,nstxu_204202/N1/egn01w.2735E+02,nstxu_204202,1,1,201,54,5.22962937859845,-0.0,0.02261530534881162,0.050004292051712876,25ddd9afcfaec78a03f9784bf89a9858159e0d3717d302785589b32f48d4d0d6,RULE_EVALUATED,tae_like,0.3631156250370606,1.0,,BAD,BAD_AXIS_SPIKE,"[""BAD_AXIS_SPIKE""]",tae-rules-axis-artifact-v1,"{""boundary_features"":{""axis_artifact"":{""axis_component_touches_boundary"":false,""axis_halfmax_outer_edge_r"":0.008470239358674452,""axis_halfmax_width_grid"":1.1940478717348904,""axis_halfmax_width_r"":0.005970239358674452,""axis_peak"":1.0,""axis_peak_harmonic_index"":5,""axis_peak_is_local_max"":true,""axis_peak_r"":0.005,""r_ax"":0.03}},""crossing_features"":{""W_star_high_shear"":0.0,""W_star_high_shear_sum"":0.0,""W_star_sum"":0.0,""n_cross"":0.0,""r_star_high_shear"":null,""r_star_max"":null},""crossing_records"":[],""extremum_features"":{""ext_df_gap"":0.002348612581165065,""ext_dr"":0.165,""ext_energy_frac"":0.02506053369790296,""match_found"":true},""feature_schema_version"":""tae-rule-features-grouped-v3"",""numerical_structure_features"":{},""resolution_features"":{},""rf_standard_features"":{""S"":0.25228445061301896,""W_star"":0.8860056535168598,""W_star_max"":0.0,""delta2_eff"":0.0,""frac_spikes"":0.003961673115901972,""gamma_d"":-0.0,""max_abs_d1_abs"":1.0,""max_abs_d2_abs"":1.720411401522153,""max_per_m_mean"":0.02567335073164564,""max_to_mean"":1084.1026491832959,""max_to_median"":90653166.26746522,""mean_abs_d1_mode"":0.00037376784719695766,""mean_abs_d2_mode"":0.000526112263058012,""mean_amp"":0.0009224218755200377,""ntor"":1.0,""r_star"":0.01,""rad_loc"":0.02261530534881162,""rad_width"":0.050004292051712876,""spikes_per_m"":0.7962962962962963,""std_amp"":0.01238108809749805,""std_per_m_max"":0.18581589467073792,""std_per_m_mean"":0.004857227876881082},""source_feature_schema_version"":""rf_all_crossings_extremum_energy_31_v2""}",,,,,NOT_PRESENT,,BAD,rule_engine,,,,
/global/u2/e/ebelova/src_nova/data/nstxu_204202/N1/egn01w.3981E+02,nstxu_204202/N1/egn01w.3981E+02,nstxu_204202,1,1,201,54,6.30974975914468,-4.4169966481126457e-05,0.4419168005501364,0.33265931718592495,c435462f61575d34b31ee163d97ad554b1efda518b5ec60742234d5d1c18c2e1,RULE_EVALUATED,tae_like,0.17487409514634958,0.5150689187654883,,BAD,BAD_AXIS_SPIKE,"[""BAD_AXIS_SPIKE""]",tae-rules-axis-artifact-v1,"{""boundary_features"":{""axis_artifact"":{""axis_component_touches_boundary"":false,""axis_halfmax_outer_edge_r"":0.008746294012012419,""axis_halfmax_width_grid"":1.2492588024024835,""axis_halfmax_width_r"":0.006246294012012418,""axis_peak"":1.0,""axis_peak_harmonic_index"":4,""axis_peak_is_local_max"":true,""axis_peak_r"":0.005,""r_ax"":0.03}},""crossing_features"":{""W_star_high_shear"":0.044416642276627116,""W_star_high_shear_sum"":0.047198696467843776,""W_star_sum"":0.14430323546562257,""n_cross"":2.0,""r_star_high_shear"":0.9781068954736606,""r_star_max"":0.9781068954736606},""crossing_records"":[{""W_peak"":0.07094190541973158,""boundary"":""high"",""r_cross"":0.3980301735919023,""shear_weighted"":0.002782054191216656},{""W_peak"":0.07336133004589099,""boundary"":""high"",""r_cross"":0.9781068954736606,""shear_weighted"":0.044416642276627116}],""extremum_features"":{""ext_df_gap"":-0.16923618969915766,""ext_dr"":0.165,""ext_energy_frac"":0.046700246770715326,""match_found"":true},""feature_schema_version"":""tae-rule-features-grouped-v3"",""numerical_structure_features"":{},""resolution_features"":{},""rf_standard_features"":{""S"":0.12600519024868573,""W_star"":0.5497019007868316,""W_star_max"":0.07336133004589099,""delta2_eff"":3.6339060698856263,""frac_spikes"":0.011608623548922056,""gamma_d"":-4.4169966481126457e-05,""max_abs_d1_abs"":1.0,""max_abs_d2_abs"":1.6673261607294565,""max_per_m_mean"":0.12053180605810469,""max_to_mean"":84.9260555838563,""max_to_median"":68180.21289309858,""mean_abs_d1_mode"":0.000981340415256735,""mean_abs_d2_mode"":0.0009461213052803423,""mean_amp"":0.01177494931373176,""ntor"":1.0,""r_star"":0.4,""rad_loc"":0.4419168005501364,""rad_width"":0.33265931718592495,""spikes_per_m"":2.3333333333333335,""std_amp"":0.029416531560910866,""std_per_m_max"":0.18567178257205666,""std_per_m_mean"":0.026859199361749422},""source_feature_schema_version"":""rf_all_crossings_extremum_energy_31_v2""}",,,,,NOT_PRESENT,,BAD,rule_engine,,,,
/global/u2/e/ebelova/src_nova/data/nstxu_204202/N1/egn01w.4413E+02,nstxu_204202/N1/egn01w.4413E+02,nstxu_204202,1,1,201,54,6.643294161715176,-6.215488942154998e-06,0.29081965533606535,0.24532355721721472,843cd9160c0d7fca4263f72680b8dd51950fe55a0f6de4b6ee1c983f6ab5e3e3,RULE_EVALUATED,tae_like,-0.07886722326192833,0.6482837153739721,,BAD,BAD_AXIS_SPIKE,"[""BAD_AXIS_SPIKE""]",tae-rules-axis-artifact-v1,"{""boundary_features"":{""axis_artifact"":{""axis_component_touches_boundary"":false,""axis_halfmax_outer_edge_r"":0.009146280460049203,""axis_halfmax_width_grid"":1.3292560920098406,""axis_halfmax_width_r"":0.006646280460049203,""axis_peak"":1.0,""axis_peak_harmonic_index"":4,""axis_peak_is_local_max"":true,""axis_peak_r"":0.005,""r_ax"":0.03}},""crossing_features"":{""W_star_high_shear"":0.0035346755548150907,""W_star_high_shear_sum"":0.003572587193448642,""W_star_sum"":0.06260183323129488,""n_cross"":2.0,""r_star_high_shear"":0.4377402711387108,""r_star_max"":0.4377402711387108},""crossing_records"":[{""W_peak"":0.06253800876953695,""boundary"":""high"",""r_cross"":0.4377402711387108,""shear_weighted"":0.0035346755548150907},{""W_peak"":6.382446175792837e-05,""boundary"":""high"",""r_cross"":0.9707130231285073,""shear_weighted"":3.791163863355139e-05}],""extremum_features"":{""ext_df_gap"":-0.21094691513728017,""ext_dr"":0.165,""ext_energy_frac"":0.014760948592250077,""match_found"":true},""feature_schema_version"":""tae-rule-features-grouped-v3"",""numerical_structure_features"":{},""resolution_features"":{},""rf_standard_features"":{""S"":0.608096288654575,""W_star"":0.5624164934804864,""W_star_max"":0.06253800876953695,""delta2_eff"":3.2331401626668064,""frac_spikes"":0.012069283213561821,""gamma_d"":-6.215488942154998e-06,""max_abs_d1_abs"":1.0,""max_abs_d2_abs"":1.6029500474192073,""max_per_m_mean"":0.08169350974624122,""max_to_mean"":288.8595275133631,""max_to_median"":6993091.171993971,""mean_abs_d1_mode"":0.0006155353829953826,""mean_abs_d2_mode"":0.000686391089171524,""mean_amp"":0.0034618903115974905,""ntor"":1.0,""r_star"":0.44,""rad_loc"":0.29081965533606535,""rad_width"":0.24532355721721472,""spikes_per_m"":2.425925925925926,""std_amp"":0.020487526724922486,""std_per_m_max"":0.19740122567244772,""std_per_m_mean"":0.01617477531222173},""source_feature_schema_version"":""rf_all_crossings_extremum_energy_31_v2""}",,,,,NOT_PRESENT,,BAD,rule_engine,,,,
/global/u2/e/ebelova/src_nova/data/nstxu_204202/N1/egn01w.4648E+02,nstxu_204202/N1/egn01w.4648E+02,nstxu_204202,1,1,201,54,6.817834252754047,-1.9047969211080078e-05,0.525637197098281,0.34515210738016816,c5f1a82feb86c09d79f1a1485b67cf0932f4acfd4327c1559201f8f68ca62f62,RULE_EVALUATED,tae_like,0.06790123621088043,0.5909640569165084,,BAD,BAD_AXIS_SPIKE,"[""BAD_AXIS_SPIKE""]",tae-rules-axis-artifact-v1,"{""boundary_features"":{""axis_artifact"":{""axis_component_touches_boundary"":false,""axis_halfmax_outer_edge_r"":0.008586626625069276,""axis_halfmax_width_grid"":1.2173253250138552,""axis_halfmax_width_r"":0.006086626625069275,""axis_peak"":1.0,""axis_peak_harmonic_index"":4,""axis_peak_is_local_max"":true,""axis_peak_r"":0.005,""r_ax"":0.03}},""crossing_features"":{""W_star_high_shear"":0.04412041612153625,""W_star_high_shear_sum"":0.04800938055748635,""W_star_sum"":0.13276208652810456,""n_cross"":2.0,""r_star_high_shear"":0.9669338412640199,""r_star_max"":0.9669338412640199},""crossing_records"":[{""W_peak"":0.05775128664600042,""boundary"":""high"",""r_cross"":0.4594992778599832,""shear_weighted"":0.003888964435950104},{""W_peak"":0.07501079988210414,""boundary"":""high"",""r_cross"":0.9669338412640199,""shear_weighted"":0.04412041612153625}],""extremum_features"":{""ext_df_gap"":-0.23114708313209595,""ext_dr"":0.165,""ext_energy_frac"":0.02437403749385395,""match_found"":true},""feature_schema_version"":""tae-rule-features-grouped-v3"",""numerical_structure_features"":{},""resolution_features"":{},""rf_standard_features"":{""S"":0.19016890146289822,""W_star"":0.5043407688601987,""W_star_max"":0.07501079988210414,""delta2_eff"":4.274852722608336,""frac_spikes"":0.01501750506725631,""gamma_d"":-1.9047969211080078e-05,""max_abs_d1_abs"":1.0,""max_abs_d2_abs"":1.6970338040000783,""max_per_m_mean"":0.11227465438693285,""max_to_mean"":78.7088537109784,""max_to_median"":67911.77415354903,""mean_abs_d1_mode"":0.0010309368966429078,""mean_abs_d2_mode"":0.0008814061216352902,""mean_amp"":0.012705050992018322,""ntor"":1.0,""r_star"":0.46,""rad_loc"":0.525637197098281,""rad_width"":0.34515210738016816,""spikes_per_m"":3.0185185185185186,""std_amp"":0.03027936002611137,""std_per_m_max"":0.19515613718122998,""std_per_m_mean"":0.02616796555242112},""source_feature_schema_version"":""rf_all_crossings_extremum_energy_31_v2""}",,,,,NOT_PRESENT,,BAD,rule_engine,,,,
/global/u2/e/ebelova/src_nova/data/nstxu_204202/N2/egn02w.6554E+01,nstxu_204202/N2/egn02w.6554E+01,nstxu_204202,2,2,201,54,2.560090430820806,-0.0011602693279345305,0.6741992862511809,0.11582207958291904,41c94e434bc4e009edbd5e55f5144e24191d18bb40fb39fc4debe138d0454ea5,RULE_EVALUATED,tae_like,0.9970251607316675,1.0,,REVIEW,NO_GOOD_TEMPLATE,"[""NO_GOOD_TEMPLATE""]",tae-rules-axis-artifact-v1,"{""boundary_features"":{""axis_artifact"":{""axis_component_touches_boundary"":false,""axis_halfmax_outer_edge_r"":0.01483722010052135,""axis_halfmax_width_grid"":2.4674440201042698,""axis_halfmax_width_r"":0.01233722010052135,""axis_peak"":0.00036462859198351,""axis_peak_harmonic_index"":5,""axis_peak_is_local_max"":true,""axis_peak_r"":0.005,""r_ax"":0.03}},""crossing_features"":{""W_star_high_shear"":0.012333697562049937,""W_star_high_shear_sum"":0.012333697562049937,""W_star_sum"":0.13579191544455443,""n_cross"":1.0,""r_star_high_shear"":0.501376711817301,""r_star_max"":0.501376711817301},""crossing_records"":[{""W_peak"":0.13579191544455443,""boundary"":""low"",""r_cross"":0.501376711817301,""shear_weighted"":0.012333697562049937}],""extremum_features"":{""ext_df_gap"":0.8365393938746188,""ext_dr"":0.52,""ext_energy_frac"":1.7027286399100553e-05,""match_found"":true},""feature_schema_version"":""tae-rule-features-grouped-v3"",""numerical_structure_features"":{},""resolution_features"":{},""rf_standard_features"":{""S"":1.4608551915059287,""W_star"":0.36489337138110084,""W_star_max"":0.13579191544455443,""delta2_eff"":0.010049194749706055,""frac_spikes"":0.011332227750138198,""gamma_d"":-0.0011602693279345305,""max_abs_d1_abs"":0.17195826623459814,""max_abs_d2_abs"":0.1120556383225037,""max_per_m_mean"":0.23171616989023716,""max_to_mean"":93.56491124199424,""max_to_median"":7998278.87711506,""mean_abs_d1_mode"":0.0013971196602350449,""mean_abs_d2_mode"":0.000708749522593614,""mean_amp"":0.010687767311829719,""ntor"":2.0,""r_star"":0.505,""rad_loc"":0.6741992862511809,""rad_width"":0.11582207958291904,""spikes_per_m"":2.2777777777777777,""std_amp"":0.07274546938977108,""std_per_m_max"":0.25411777091794263,""std_per_m_mean"":0.045520737680101765},""source_feature_schema_version"":""rf_all_crossings_extremum_energy_31_v2""}",,,,,NOT_PRESENT,,REVIEW,rule_engine,,,,
/global/u2/e/ebelova/src_nova/data/nstxu_204202/N2/egn02w.6557E+01,nstxu_204202/N2/egn02w.6557E+01,nstxu_204202,2,2,201,51,2.560676601743591,-0.0013864706737381483,0.6756048083469198,0.1214099939866155,2b6955ff51b23d8ae1e4120d8f04a32d37d155af9520915a9d1163befd2fd6e0,RULE_EVALUATED,tae_like,0.9969311405405294,1.0,,REVIEW,NO_GOOD_TEMPLATE,"[""NO_GOOD_TEMPLATE""]",tae-rules-axis-artifact-v1,"{""boundary_features"":{""axis_artifact"":{""axis_component_touches_boundary"":false,""axis_halfmax_outer_edge_r"":0.028477837209005912,""axis_halfmax_width_grid"":1.9649323891795516,""axis_halfmax_width_r"":0.009824661945897758,""axis_peak"":0.0020719638201846385,""axis_peak_harmonic_index"":3,""axis_peak_is_local_max"":true,""axis_peak_r"":0.025,""r_ax"":0.03}},""crossing_features"":{""W_star_high_shear"":0.011785143862671304,""W_star_high_shear_sum"":0.011785143862671304,""W_star_sum"":0.12981923370229376,""n_cross"":1.0,""r_star_high_shear"":0.5012991618535299,""r_star_max"":0.5012991618535299},""crossing_records"":[{""W_peak"":0.12981923370229376,""boundary"":""low"",""r_cross"":0.5012991618535299,""shear_weighted"":0.011785143862671304}],""extremum_features"":{""ext_df_gap"":0.8361189870217951,""ext_dr"":0.51,""ext_energy_frac"":2.712880868953135e-05,""match_found"":true},""feature_schema_version"":""tae-rule-features-grouped-v3"",""numerical_structure_features"":{},""resolution_features"":{},""rf_standard_features"":{""S"":1.4051957564903814,""W_star"":0.39855003136564143,""W_star_max"":0.12981923370229376,""delta2_eff"":0.01608104091992559,""frac_spikes"":0.011901277924104966,""gamma_d"":-0.0013864706737381483,""max_abs_d1_abs"":0.20444742099738433,""max_abs_d2_abs"":0.14104700501480416,""max_per_m_mean"":0.23337206643154532,""max_to_mean"":85.94146547526665,""max_to_median"":18282095.576053243,""mean_abs_d1_mode"":0.0014820323725276733,""mean_abs_d2_mode"":0.0007678687838001292,""mean_amp"":0.01163582671512451,""ntor"":2.0,""r_star"":0.505,""rad_loc"":0.6756048083469198,""rad_width"":0.1214099939866155,""spikes_per_m"":2.392156862745098,""std_amp"":0.07556958611744498,""std_per_m_max"":0.26082348783533316,""std_per_m_mean"":0.04569401629812903},""source_feature_schema_version"":""rf_all_crossings_extremum_energy_31_v2""}",,,,,NOT_PRESENT,,REVIEW,rule_engine,,,,
/global/u2/e/ebelova/src_nova/data/nstxu_204202/N2/egn02w.7267E+01,nstxu_204202/N2/egn02w.7267E+01,nstxu_204202,2,2,201,54,2.6956620435054637,-0.0010335151021772368,0.6350728449669054,0.26978556564987305,f465725946a46083e9589481fe2679294b2fb89f3534477ce63ad122223400ae,RULE_EVALUATED,tae_like,0.9766492268185841,1.0,,BAD,BAD_AXIS_SPIKE,"[""BAD_AXIS_SPIKE""]",tae-rules-axis-artifact-v1,"{""boundary_features"":{""axis_artifact"":{""axis_component_touches_boundary"":false,""axis_halfmax_outer_edge_r"":0.007622957304241637,""axis_halfmax_width_grid"":1.0245914608483273,""axis_halfmax_width_r"":0.005122957304241636,""axis_peak"":1.0,""axis_peak_harmonic_index"":5,""axis_peak_is_local_max"":true,""axis_peak_r"":0.005,""r_ax"":0.03}},""crossing_features"":{""W_star_high_shear"":0.015590866307016485,""W_star_high_shear_sum"":0.015590866307016485,""W_star_sum"":0.19617743880544597,""n_cross"":1.0,""r_star_high_shear"":0.48191007269955305,""r_star_max"":0.48191007269955305},""crossing_records"":[{""W_peak"":0.19617743880544597,""boundary"":""low"",""r_cross"":0.48191007269955305,""shear_weighted"":0.015590866307016485}],""extremum_features"":{""ext_df_gap"":0.7441752164042462,""ext_dr"":0.155,""ext_energy_frac"":0.0037648968675572693,""match_found"":true},""feature_schema_version"":""tae-rule-features-grouped-v3"",""numerical_structure_features"":{},""resolution_features"":{},""rf_standard_features"":{""S"":0.5562671398110061,""W_star"":0.5302492184926512,""W_star_max"":0.19617743880544597,""delta2_eff"":0.545578105828369,""frac_spikes"":0.014833241201400406,""gamma_d"":-0.0010335151021772368,""max_abs_d1_abs"":1.0,""max_abs_d2_abs"":1.953122643650051,""max_per_m_mean"":0.17337918932294719,""max_to_mean"":57.5692295854216,""max_to_median"":98073.5728022182,""mean_abs_d1_mode"":0.0019187615267275116,""mean_abs_d2_mode"":0.001668271031690746,""mean_amp"":0.017370390521878085,""ntor"":2.0,""r_star"":0.485,""rad_loc"":0.6350728449669054,""rad_width"":0.26978556564987305,""spikes_per_m"":2.9814814814814814,""std_amp"":0.04716479529335095,""std_per_m_max"":0.18781833649344118,""std_per_m_mean"":0.035311613483737375},""source_feature_schema_version"":""rf_all_crossings_extremum_energy_31_v2""}",,,,,NOT_PRESENT,,BAD,rule_engine,,,,
/global/u2/e/ebelova/src_nova/data/nstxu_204202/N2/egn02w.1421E+02,nstxu_204202/N2/egn02w.1421E+02,nstxu_204202,2,2,201,54,3.769365430461109,-0.0,0.025064551583576695,0.013842901868331163,22f51e729c0675b44d5d8e01ac99665090378e3dbed1e3a390a4475e5068fa30,RULE_EVALUATED,tae_like,0.9982579825424351,1.0,,BAD,BAD_AXIS_SPIKE,"[""BAD_AXIS_SPIKE""]",tae-rules-axis-artifact-v1,"{""boundary_features"":{""axis_artifact"":{""axis_component_touches_boundary"":false,""axis_halfmax_outer_edge_r"":0.028311402971308307,""axis_halfmax_width_grid"":2.305331883011919,""axis_halfmax_width_r"":0.011526659415059596,""axis_peak"":1.0,""axis_peak_harmonic_index"":5,""axis_peak_is_local_max"":true,""axis_peak_r"":0.025,""r_ax"":0.03}},""crossing_features"":{""W_star_high_shear"":0.0,""W_star_high_shear_sum"":0.0,""W_star_sum"":0.0,""n_cross"":0.0,""r_star_high_shear"":null,""r_star_max"":null},""crossing_records"":[],""extremum_features"":{""ext_df_gap"":0.24734707070009176,""ext_dr"":0.135,""ext_energy_frac"":4.937978810695762e-05,""match_found"":true},""feature_schema_version"":""tae-rule-features-grouped-v3"",""numerical_structure_features"":{},""resolution_features"":{},""rf_standard_features"":{""S"":1.0882509842067212,""W_star"":0.36956810082813446,""W_star_max"":0.0,""delta2_eff"":0.0,""frac_spikes"":0.0011977151280633867,""gamma_d"":-0.0,""max_abs_d1_abs"":0.7549670099535701,""max_abs_d2_abs"":0.9661491789267913,""max_per_m_mean"":0.01731555798710443,""max_to_mean"":1876.3904836088818,""max_to_median"":31655980.566160124,""mean_abs_d1_mode"":0.0005358266667245272,""mean_abs_d2_mode"":0.0009461752937216536,""mean_amp"":0.0005329381100890572,""ntor"":2.0,""r_star"":0.01,""rad_loc"":0.025064551583576695,""rad_width"":0.013842901868331163,""spikes_per_m"":0.24074074074074073,""std_amp"":0.014355596113655356,""std_per_m_max"":0.1776738002185846,""std_per_m_mean"":0.003094190141327225},""source_feature_schema_version"":""rf_all_crossings_extremum_energy_31_v2""}",,,,,NOT_PRESENT,,BAD,rule_engine,,,,
/global/u2/e/ebelova/src_nova/data/nstxu_204202/N2/egn02w.1429E+02,nstxu_204202/N2/egn02w.1429E+02,nstxu_204202,2,2,201,54,3.779653180665975,-0.0,0.02413227863317783,0.014264402617232623,3f765d94bf82bd5877a061d4cb8ba7c7f1bc9ecbce6330195d0b1cab1f85b14d,RULE_EVALUATED,tae_like,0.9987304226568583,1.0,,BAD,BAD_AXIS_SPIKE,"[""BAD_AXIS_SPIKE""]",tae-rules-axis-artifact-v1,"{""boundary_features"":{""axis_artifact"":{""axis_component_touches_boundary"":false,""axis_halfmax_outer_edge_r"":0.023180357714422454,""axis_halfmax_width_grid"":1.2443835943282127,""axis_halfmax_width_r"":0.006221917971641063,""axis_peak"":1.0,""axis_peak_harmonic_index"":5,""axis_peak_is_local_max"":true,""axis_peak_r"":0.02,""r_ax"":0.03}},""crossing_features"":{""W_star_high_shear"":0.0,""W_star_high_shear_sum"":0.0,""W_star_sum"":0.0,""n_cross"":0.0,""r_star_high_shear"":null,""r_star_max"":null},""crossing_records"":[],""extremum_features"":{""ext_df_gap"":0.2439519456796863,""ext_dr"":0.14,""ext_energy_frac"":0.00033538229631260516,""match_found"":true},""feature_schema_version"":""tae-rule-features-grouped-v3"",""numerical_structure_features"":{},""resolution_features"":{},""rf_standard_features"":{""S"":0.9907375030983828,""W_star"":0.7101168991232565,""W_star_max"":0.0,""delta2_eff"":0.0,""frac_spikes"":0.0018426386585590566,""gamma_d"":-0.0,""max_abs_d1_abs"":0.8219465631386689,""max_abs_d2_abs"":1.60802166049733,""max_per_m_mean"":0.015070346699784801,""max_to_mean"":1994.4507882759362,""max_to_median"":81880537.98933837,""mean_abs_d1_mode"":0.0003651141770005854,""mean_abs_d2_mode"":0.0006413697039756135,""mean_amp"":0.0005013911618596414,""ntor"":2.0,""r_star"":0.01,""rad_loc"":0.02413227863317783,""rad_width"":0.014264402617232623,""spikes_per_m"":0.37037037037037035,""std_amp"":0.011697437973429786,""std_per_m_max"":0.17447137566457893,""std_per_m_mean"":0.002773823070805827},""source_feature_schema_version"":""rf_all_crossings_extremum_energy_31_v2""}",,,,,NOT_PRESENT,,BAD,rule_engine,,,,
/global/u2/e/ebelova/src_nova/data/nstxu_204202/N2/egn02w.1705E+02,nstxu_204202/N2/egn02w.1705E+02,nstxu_204202,2,2,201,54,4.129191326581173,-0.0,0.16270022556605782,0.30064616039492215,be4bf8c5772813377ac358d04a3770462c11c9cc5f84553efaa0b536aa516602,RULE_EVALUATED,tae_like,0.7286996297453535,1.0,,BAD,BAD_AXIS_SPIKE,"[""BAD_AXIS_SPIKE""]",tae-rules-axis-artifact-v1,"{""boundary_features"":{""axis_artifact"":{""axis_component_touches_boundary"":false,""axis_halfmax_outer_edge_r"":0.02127340266209346,""axis_halfmax_width_grid"":1.8838065981100838,""axis_halfmax_width_r"":0.009419032990550419,""axis_peak"":1.0,""axis_peak_harmonic_index"":6,""axis_peak_is_local_max"":true,""axis_peak_r"":0.015,""r_ax"":0.03}},""crossing_features"":{""W_star_high_shear"":0.0,""W_star_high_shear_sum"":0.0,""W_star_sum"":0.0,""n_cross"":0.0,""r_star_high_shear"":null,""r_star_max"":null},""crossing_records"":[],""extremum_features"":{""ext_df_gap"":0.13865078079990653,""ext_dr"":0.155,""ext_energy_frac"":0.005436251769344542,""match_found"":true},""feature_schema_version"":""tae-rule-features-grouped-v3"",""numerical_structure_features"":{},""resolution_features"":{},""rf_standard_features"":{""S"":0.5079067877167175,""W_star"":0.8025601510670078,""W_star_max"":0.0,""delta2_eff"":0.0,""frac_spikes"":0.006080707573244887,""gamma_d"":-0.0,""max_abs_d1_abs"":0.9844439278153881,""max_abs_d2_abs"":1.587128374191634,""max_per_m_mean"":0.05925565269780859,""max_to_mean"":299.8239651872053,""max_to_median"":9071065.612601122,""mean_abs_d1_mode"":0.0013338907555828473,""mean_abs_d2_mode"":0.001835644450610542,""mean_amp"":0.0033352904230847325,""ntor"":2.0,""r_star"":0.01,""rad_loc"":0.16270022556605782,""rad_width"":0.30064616039492215,""spikes_per_m"":1.2222222222222223,""std_amp"":0.023717131435404697,""std_per_m_max"":0.24525609860129968,""std_per_m_mean"":0.011959811701598573},""source_feature_schema_version"":""rf_all_crossings_extremum_energy_31_v2""}",,,,,NOT_PRESENT,,BAD,rule_engine,,,,
/global/u2/e/ebelova/src_nova/data/nstxu_204202/N2/egn02w.2199E+02,nstxu_204202/N2/egn02w.2199E+02,nstxu_204202,2,2,201,54,4.689216242832004,-0.0,0.04761850906754711,0.029471774179792732,20c3410249976397f9e4c05c80d2c9a3eb0fe189d6dc9d01e0c2d473076a2ee2,RULE_EVALUATED,tae_like,0.8540665547211103,1.0,,BAD,BAD_AXIS_SPIKE,"[""BAD_AXIS_SPIKE""]",tae-rules-axis-artifact-v1,"{""boundary_features"":{""axis_artifact"":{""axis_component_touches_boundary"":false,""axis_halfmax_outer_edge_r"":0.05142550941428357,""axis_halfmax_width_grid"":6.052451056516552,""axis_halfmax_width_r"":0.03026225528258276,""axis_peak"":1.0,""axis_peak_harmonic_index"":6,""axis_peak_is_local_max"":true,""axis_peak_r"":0.025,""r_ax"":0.03}},""crossing_features"":{""W_star_high_shear"":0.0,""W_star_high_shear_sum"":0.0,""W_star_sum"":0.0,""n_cross"":0.0,""r_star_high_shear"":null,""r_star_max"":null},""crossing_records"":[],""extremum_features"":{""ext_df_gap"":0.002663704253550667,""ext_dr"":0.135,""ext_energy_frac"":0.017010850508238917,""match_found"":true},""feature_schema_version"":""tae-rule-features-grouped-v3"",""numerical_structure_features"":{},""resolution_features"":{},""rf_standard_features"":{""S"":1.2764249901203348,""W_star"":0.49173843891564045,""W_star_max"":0.0,""delta2_eff"":0.0,""frac_spikes"":0.002763957987838585,""gamma_d"":-0.0,""max_abs_d1_abs"":0.6515938469253462,""max_abs_d2_abs"":0.8811717937580484,""max_per_m_mean"":0.052030607710428556,""max_to_mean"":685.4865545274818,""max_to_median"":22641567.082241196,""mean_abs_d1_mode"":0.00036860075014671353,""mean_abs_d2_mode"":0.00048698613938154896,""mean_amp"":0.001458817817373284,""ntor"":2.0,""r_star"":0.01,""rad_loc"":0.04761850906754711,""rad_width"":0.029471774179792732,""spikes_per_m"":0.5555555555555556,""std_amp"":0.02136640093034111,""std_per_m_max"":0.17699772546900353,""std_per_m_mean"":0.009179207810187584},""source_feature_schema_version"":""rf_all_crossings_extremum_energy_31_v2""}",,,,,NOT_PRESENT,,BAD,rule_engine,,,,
/global/u2/e/ebelova/src_nova/data/nstxu_204202/N3/egn03w.5199E+01,nstxu_204202/N3/egn03w.5199E+01,nstxu_204202,3,3,201,54,2.28016517329698,-0.0006111148442994585,0.5040557990838025,0.03762452363867375,2aa6397e089521db19c65917ddfd9e72f7415a9b9b29e29fafebeec6c5550c95,RULE_EVALUATED,tae_like,0.9989507932293066,1.0,,REVIEW,NO_GOOD_TEMPLATE,"[""NO_GOOD_TEMPLATE""]",tae-rules-axis-artifact-v1,"{""boundary_features"":{""axis_artifact"":{""axis_component_touches_boundary"":false,""axis_halfmax_outer_edge_r"":0.013523636262862198,""axis_halfmax_width_grid"":1.7340683905721344,""axis_halfmax_width_r"":0.008670341952860672,""axis_peak"":0.001381276403046103,""axis_peak_harmonic_index"":6,""axis_peak_is_local_max"":true,""axis_peak_r"":0.01,""r_ax"":0.03}},""crossing_features"":{""W_star_high_shear"":0.023582741770787067,""W_star_high_shear_sum"":0.039122061660210455,""W_star_sum"":0.40718832106598624,""n_cross"":3.0,""r_star_high_shear"":0.5486687507713063,""r_star_max"":0.45058723582362215},""crossing_records"":[{""W_peak"":0.19686517689158106,""boundary"":""low"",""r_cross"":0.45058723582362215,""shear_weighted"":0.012361944586022612},{""W_peak"":0.193985042386771,""boundary"":""low"",""r_cross"":0.5486687507713063,""shear_weighted"":0.023582741770787067},{""W_peak"":0.016338101787634153,""boundary"":""low"",""r_cross"":0.64099479044195,""shear_weighted"":0.0031773753034007785}],""extremum_features"":{""ext_df_gap"":null,""ext_dr"":null,""ext_energy_frac"":null,""match_found"":false},""feature_schema_version"":""tae-rule-features-grouped-v3"",""numerical_structure_features"":{},""resolution_features"":{},""rf_standard_features"":{""S"":1.3038251209132874,""W_star"":0.3328791495646947,""W_star_max"":0.19686517689158106,""delta2_eff"":0.05712233685743324,""frac_spikes"":0.0034088815183342547,""gamma_d"":-0.0006111148442994585,""max_abs_d1_abs"":0.36375760587664613,""max_abs_d2_abs"":0.39420066020493383,""max_per_m_mean"":0.10148692472849488,""max_to_mean"":280.826109847022,""max_to_median"":11337506.651466804,""mean_abs_d1_mode"":0.0005218993615134113,""mean_abs_d2_mode"":0.0005425695359692791,""mean_amp"":0.003560922452203311,""ntor"":3.0,""r_star"":0.455,""rad_loc"":0.5040557990838025,""rad_width"":0.03762452363867375,""spikes_per_m"":0.6851851851851852,""std_amp"":0.039066459629673256,""std_per_m_max"":0.17948577516650668,""std_per_m_mean"":0.018807837652815945},""source_feature_schema_version"":""rf_all_crossings_extremum_energy_31_v2""}",,,,,NOT_PRESENT,,REVIEW,rule_engine,,,,
/global/u2/e/ebelova/src_nova/data/nstxu_204202/N3/egn03w.5865E+01,nstxu_204202/N3/egn03w.5865E+01,nstxu_204202,3,3,201,54,2.4217341321511023,-0.0005225724851989859,0.5037981197329143,0.05340663853623271,997983535962659a8400c0eedbaa13568f36d459f11c6de67e9ae4ed0e795ac4,RULE_EVALUATED,tae_like,0.9975863814033425,1.0,,REVIEW,NO_GOOD_TEMPLATE,"[""NO_GOOD_TEMPLATE""]",tae-rules-axis-artifact-v1,"{""boundary_features"":{""axis_artifact"":{""axis_component_touches_boundary"":false,""axis_halfmax_outer_edge_r"":0.014439919798687783,""axis_halfmax_width_grid"":2.089725155213658,""axis_halfmax_width_r"":0.010448625776068289,""axis_peak"":0.0027119194076333643,""axis_peak_harmonic_index"":6,""axis_peak_is_local_max"":true,""axis_peak_r"":0.01,""r_ax"":0.03}},""crossing_features"":{""W_star_high_shear"":0.02969716448193881,""W_star_high_shear_sum"":0.035822439631805515,""W_star_sum"":0.29410004270832424,""n_cross"":3.0,""r_star_high_shear"":0.5685420800517615,""r_star_max"":0.5685420800517615},""crossing_records"":[{""W_peak"":0.058606458391081334,""boundary"":""low"",""r_cross"":0.4257898320467431,""shear_weighted"":0.0029878186833311835},{""W_peak"":0.21864563874585408,""boundary"":""low"",""r_cross"":0.5685420800517615,""shear_weighted"":0.02969716448193881},{""W_peak"":0.016847945571388818,""boundary"":""low"",""r_cross"":0.6315343576680708,""shear_weighted"":0.0031374564665355206}],""extremum_features"":{""ext_df_gap"":null,""ext_dr"":null,""ext_energy_frac"":null,""match_found"":false},""feature_schema_version"":""tae-rule-features-grouped-v3"",""numerical_structure_features"":{},""resolution_features"":{},""rf_standard_features"":{""S"":1.3818154775171947,""W_star"":0.2928915698223303,""W_star_max"":0.21864563874585408,""delta2_eff"":0.07474400347658663,""frac_spikes"":0.004606596646397641,""gamma_d"":-0.0005225724851989859,""max_abs_d1_abs"":0.5190139014753143,""max_abs_d2_abs"":0.4557764549928485,""max_per_m_mean"":0.1483117620687143,""max_to_mean"":180.17394346685876,""max_to_median"":8200694.923483678,""mean_abs_d1_mode"":0.000607410180779247,""mean_abs_d2_mode"":0.0006145787634810557,""mean_amp"":0.005550192112011836,""ntor"":3.0,""r_star"":0.43,""rad_loc"":0.5037981197329143,""rad_width"":0.05340663853623271,""spikes_per_m"":0.9259259259259259,""std_amp"":0.04962641594873367,""std_per_m_max"":0.18492412666264077,""std_per_m_mean"":0.02768663375486215},""source_feature_schema_version"":""rf_all_crossings_extremum_energy_31_v2""}",,,,,NOT_PRESENT,,REVIEW,rule_engine,,,,
/global/u2/e/ebelova/src_nova/data/nstxu_204202/N3/egn03w.1017E+02,nstxu_204202/N3/egn03w.1017E+02,nstxu_204202,3,3,201,54,3.189626564230274,-6.891417027414302e-06,0.6450941678373406,0.11587036365097016,1de0026591e2607cdd1893213a6ceb1ee8d9bc6403d532e0c5c4cffe8d986b8c,RULE_EVALUATED,tae_like,0.9951966871463972,1.0,,REVIEW,NO_GOOD_TEMPLATE,"[""NO_GOOD_TEMPLATE""]",tae-rules-axis-artifact-v1,"{""boundary_features"":{""axis_artifact"":{""axis_component_touches_boundary"":false,""axis_halfmax_outer_edge_r"":0.014013617931527342,""axis_halfmax_width_grid"":2.068634966485885,""axis_halfmax_width_r"":0.010343174832429426,""axis_peak"":0.0016835711980950994,""axis_peak_harmonic_index"":6,""axis_peak_is_local_max"":true,""axis_peak_r"":0.01,""r_ax"":0.03}},""crossing_features"":{""W_star_high_shear"":1.728160230571465e-05,""W_star_high_shear_sum"":1.728160230571465e-05,""W_star_sum"":0.0022768793741081133,""n_cross"":1.0,""r_star_high_shear"":0.2871208275112721,""r_star_max"":0.2871208275112721},""crossing_records"":[{""W_peak"":0.0022768793741081133,""boundary"":""low"",""r_cross"":0.2871208275112721,""shear_weighted"":1.728160230571465e-05}],""extremum_features"":{""ext_df_gap"":null,""ext_dr"":null,""ext_energy_frac"":null,""match_found"":false},""feature_schema_version"":""tae-rule-features-grouped-v3"",""numerical_structure_features"":{},""resolution_features"":{},""rf_standard_features"":{""S"":3.0645814567727294,""W_star"":0.00988858253530969,""W_star_max"":0.0022768793741081133,""delta2_eff"":0.0002024818891921309,""frac_spikes"":0.013451262207481112,""gamma_d"":-6.891417027414302e-06,""max_abs_d1_abs"":0.2588104448877687,""max_abs_d2_abs"":0.451457450680361,""max_per_m_mean"":0.213326051480389,""max_to_mean"":85.45466017479465,""max_to_median"":4695273.200932699,""mean_abs_d1_mode"":0.0015760358074011953,""mean_abs_d2_mode"":0.0009686461211144811,""mean_amp"":0.011702111948828522,""ntor"":3.0,""r_star"":0.29,""rad_loc"":0.6450941678373406,""rad_width"":0.11587036365097016,""spikes_per_m"":2.7037037037037037,""std_amp"":0.07180364779664085,""std_per_m_max"":0.25469950159813365,""std_per_m_mean"":0.046761324331266306},""source_feature_schema_version"":""rf_all_crossings_extremum_energy_31_v2""}",,,,,NOT_PRESENT,,REVIEW,rule_engine,,,,
/global/u2/e/ebelova/src_nova/data/nstxu_204202/N3/egn03w.1359E+02,nstxu_204202/N3/egn03w.1359E+02,nstxu_204202,3,3,201,54,3.6859392604745795,-4.456562782777645e-08,0.6937780234228289,0.10995258634946924,658448dc43438f9fb9d6bbc7e9b27ecde76a1ccb92dd815218dd59d03b7acfee,RULE_EVALUATED,tae_like,0.9940739254274333,1.0,,REVIEW,NO_GOOD_TEMPLATE,"[""NO_GOOD_TEMPLATE""]",tae-rules-axis-artifact-v1,"{""boundary_features"":{""axis_artifact"":{""axis_component_touches_boundary"":false,""axis_halfmax_outer_edge_r"":0.014637257073580462,""axis_halfmax_width_grid"":2.321968868149739,""axis_halfmax_width_r"":0.011609844340748694,""axis_peak"":0.001551422127467887,""axis_peak_harmonic_index"":6,""axis_peak_is_local_max"":true,""axis_peak_r"":0.01,""r_ax"":0.03}},""crossing_features"":{""W_star_high_shear"":0.0,""W_star_high_shear_sum"":0.0,""W_star_sum"":0.00019061819667059733,""n_cross"":1.0,""r_star_high_shear"":0.14221195869664421,""r_star_max"":0.14221195869664421},""crossing_records"":[{""W_peak"":0.00019061819667059733,""boundary"":""low"",""r_cross"":0.14221195869664421,""shear_weighted"":0.0}],""extremum_features"":{""ext_df_gap"":null,""ext_dr"":null,""ext_energy_frac"":null,""match_found"":false},""feature_schema_version"":""tae-rule-features-grouped-v3"",""numerical_structure_features"":{},""resolution_features"":{},""rf_standard_features"":{""S"":4.991042426902282,""W_star"":0.0005145928654750767,""W_star_max"":0.00019061819667059733,""delta2_eff"":3.206743566522363e-06,""frac_spikes"":0.015109637000184264,""gamma_d"":-4.456562782777645e-08,""max_abs_d1_abs"":0.29751434043194613,""max_abs_d2_abs"":0.45635120136780016,""max_per_m_mean"":0.23549973690315798,""max_to_mean"":71.18506025157505,""max_to_median"":3103984.7245436455,""mean_abs_d1_mode"":0.0016884418623068955,""mean_abs_d2_mode"":0.0011742547810030548,""mean_amp"":0.014047891459172977,""ntor"":3.0,""r_star"":0.145,""rad_loc"":0.6937780234228289,""rad_width"":0.10995258634946924,""spikes_per_m"":3.037037037037037,""std_amp"":0.08312120648395807,""std_per_m_max"":0.2813636202325858,""std_per_m_mean"":0.053232241178572226},""source_feature_schema_version"":""rf_all_crossings_extremum_energy_31_v2""}",,,,,NOT_PRESENT,,REVIEW,rule_engine,,,,
/global/u2/e/ebelova/src_nova/data/nstxu_204202/N3/egn03w.1740E+02,nstxu_204202/N3/egn03w.1740E+02,nstxu_204202,3,3,201,54,4.171458250917148,-0.0,0.7406600922704764,0.11832608803651626,a2470beedbb15fbc38982fcfac0fc7f1a409ef2c29b65f2f5a3c8f63c647f6df,RULE_EVALUATED,tae_like,0.9929562599412302,1.0,,REVIEW,NO_GOOD_TEMPLATE,"[""NO_GOOD_TEMPLATE""]",tae-rules-axis-artifact-v1,"{""boundary_features"":{""axis_artifact"":{""axis_component_touches_boundary"":false,""axis_halfmax_outer_edge_r"":0.014721841529817922,""axis_halfmax_width_grid"":1.6187454576826805,""axis_halfmax_width_r"":0.008093727288413403,""axis_peak"":0.013183736100341447,""axis_peak_harmonic_index"":7,""axis_peak_is_local_max"":true,""axis_peak_r"":0.01,""r_ax"":0.03}},""crossing_features"":{""W_star_high_shear"":0.0,""W_star_high_shear_sum"":0.0,""W_star_sum"":0.0,""n_cross"":0.0,""r_star_high_shear"":null,""r_star_max"":null},""crossing_records"":[],""extremum_features"":{""ext_df_gap"":null,""ext_dr"":null,""ext_energy_frac"":null,""match_found"":false},""feature_schema_version"":""tae-rule-features-grouped-v3"",""numerical_structure_features"":{},""resolution_features"":{},""rf_standard_features"":{""S"":6.174970409220446,""W_star"":1.3371146150490666e-05,""W_star_max"":0.0,""delta2_eff"":0.0,""frac_spikes"":0.015570296664824028,""gamma_d"":-0.0,""max_abs_d1_abs"":0.16875591044886648,""max_abs_d2_abs"":0.21903581926124358,""max_per_m_mean"":0.21233761442657545,""max_to_mean"":66.24318982461865,""max_to_median"":5085538.833792321,""mean_abs_d1_mode"":0.0017276063961419103,""mean_abs_d2_mode"":0.0006719643243497861,""mean_amp"":0.015095891405309656,""ntor"":3.0,""r_star"":0.01,""rad_loc"":0.7406600922704764,""rad_width"":0.11832608803651626,""spikes_per_m"":3.1296296296296298,""std_amp"":0.08558259741955211,""std_per_m_max"":0.3288819054025145,""std_per_m_mean"":0.05012413790313747},""source_feature_schema_version"":""rf_all_crossings_extremum_energy_31_v2""}",,,,,NOT_PRESENT,,REVIEW,rule_engine,,,,
/global/u2/e/ebelova/src_nova/data/nstxu_204202/N3/egn03w.2774E+02,nstxu_204202/N3/egn03w.2774E+02,nstxu_204202,3,3,201,54,5.266844257949918,-3.61691346159732e-06,0.7976511744226881,0.14620050174510374,77bef9980b569572f09d49c9360e4dfc4fa8aaa2b2740cac7d5a0348c4b23cbb,RULE_EVALUATED,tae_like,0.9630154861743164,0.9946459377668923,,REVIEW,NO_GOOD_TEMPLATE,"[""NO_GOOD_TEMPLATE""]",tae-rules-axis-artifact-v1,"{""boundary_features"":{""axis_artifact"":{""axis_component_touches_boundary"":false,""axis_halfmax_outer_edge_r"":0.018447470986273296,""axis_halfmax_width_grid"":2.1510786181999673,""axis_halfmax_width_r"":0.010755393090999836,""axis_peak"":0.005591318570595603,""axis_peak_harmonic_index"":6,""axis_peak_is_local_max"":true,""axis_peak_r"":0.015,""r_ax"":0.03}},""crossing_features"":{""W_star_high_shear"":0.0003570660769818925,""W_star_high_shear_sum"":0.0003570660769818925,""W_star_sum"":0.057367424217025925,""n_cross"":1.0,""r_star_high_shear"":0.27889357218590005,""r_star_max"":0.27889357218590005},""crossing_records"":[{""W_peak"":0.057367424217025925,""boundary"":""high"",""r_cross"":0.27889357218590005,""shear_weighted"":0.0003570660769818925}],""extremum_features"":{""ext_df_gap"":null,""ext_dr"":null,""ext_energy_frac"":null,""match_found"":false},""feature_schema_version"":""tae-rule-features-grouped-v3"",""numerical_structure_features"":{},""resolution_features"":{},""rf_standard_features"":{""S"":3.540693556043036,""W_star"":0.026017285217297466,""W_star_max"":0.057367424217025925,""delta2_eff"":0.012735520527458319,""frac_spikes"":0.01593882439653584,""gamma_d"":-3.61691346159732e-06,""max_abs_d1_abs"":0.6955322091858996,""max_abs_d2_abs"":1.278557363676811,""max_per_m_mean"":0.13055732948485357,""max_to_mean"":82.81941259554173,""max_to_median"":2850206.1719621867,""mean_abs_d1_mode"":0.002736198696961791,""mean_abs_d2_mode"":0.0023993588010841576,""mean_amp"":0.012074463807184884,""ntor"":3.0,""r_star"":0.28,""rad_loc"":0.7976511744226881,""rad_width"":0.14620050174510374,""spikes_per_m"":3.2037037037037037,""std_amp"":0.062034486095653825,""std_per_m_max"":0.30686840411953215,""std_per_m_mean"":0.03085728931352591},""source_feature_schema_version"":""rf_all_crossings_extremum_energy_31_v2""}",,,,,NOT_PRESENT,,REVIEW,rule_engine,,,,
/global/u2/e/ebelova/src_nova/data/nstxu_204202/N3/egn03w.2907E+02,nstxu_204202/N3/egn03w.2907E+02,nstxu_204202,3,3,201,54,5.391425140845612,-2.6983540693260234e-05,0.5597104810821534,0.3395148310962707,f317cd0e21241c20e020b3df95860d7eaa8b23d414b5e5aaff7e2f98e82ed67d,RULE_EVALUATED,tae_like,0.6001236308109842,0.6538835312943353,,BAD,BAD_AXIS_SPIKE,"[""BAD_AXIS_SPIKE""]",tae-rules-axis-artifact-v1,"{""boundary_features"":{""axis_artifact"":{""axis_component_touches_boundary"":false,""axis_halfmax_outer_edge_r"":0.0172896693576168,""axis_halfmax_width_grid"":1.9602330626673732,""axis_halfmax_width_r"":0.009801165313336866,""axis_peak"":1.0,""axis_peak_harmonic_index"":6,""axis_peak_is_local_max"":true,""axis_peak_r"":0.01,""r_ax"":0.03}},""crossing_features"":{""W_star_high_shear"":0.18687698100276592,""W_star_high_shear_sum"":0.1952638567258046,""W_star_sum"":1.2177162962518087,""n_cross"":2.0,""r_star_high_shear"":0.9899660817626236,""r_star_max"":0.29556924667228524},""crossing_records"":[{""W_peak"":0.9182562274047987,""boundary"":""high"",""r_cross"":0.29556924667228524,""shear_weighted"":0.008386875723038659},{""W_peak"":0.29946006884701,""boundary"":""high"",""r_cross"":0.9899660817626236,""shear_weighted"":0.18687698100276592}],""extremum_features"":{""ext_df_gap"":null,""ext_dr"":null,""ext_energy_frac"":null,""match_found"":false},""feature_schema_version"":""tae-rule-features-grouped-v3"",""numerical_structure_features"":{},""resolution_features"":{},""rf_standard_features"":{""S"":0.7649459089689858,""W_star"":0.5362937721412943,""W_star_max"":0.9182562274047987,""delta2_eff"":1.5567239738593293,""frac_spikes"":0.0048829924451815,""gamma_d"":-2.6983540693260234e-05,""max_abs_d1_abs"":0.9954226660433667,""max_abs_d2_abs"":1.30000156311301,""max_per_m_mean"":0.13241650275813036,""max_to_mean"":52.22437825201091,""max_to_median"":68075.5548204411,""mean_abs_d1_mode"":0.0021452354422260332,""mean_abs_d2_mode"":0.0022683933678431093,""mean_amp"":0.019148145625061043,""ntor"":3.0,""r_star"":0.3,""rad_loc"":0.5597104810821534,""rad_width"":0.3395148310962707,""spikes_per_m"":0.9814814814814815,""std_amp"":0.040681477725573414,""std_per_m_max"":0.19195711600940105,""std_per_m_mean"":0.03227488029065497},""source_feature_schema_version"":""rf_all_crossings_extremum_energy_31_v2""}",,,,,NOT_PRESENT,,BAD,rule_engine,,,,
/global/u2/e/ebelova/src_nova/data/nstxu_204202/N3/egn03w.5040E+02,nstxu_204202/N3/egn03w.5040E+02,nstxu_204202,3,3,201,51,7.09955709446019,-0.0002258676089919554,0.5826733118241119,0.10083525603923628,bed63514ea2c6ecf9c62957050090af484e2075053ef74e11784b4975c4166a1,RULE_EVALUATED,tae_like,0.7869057648672716,0.9740457197489062,,REVIEW,NO_GOOD_TEMPLATE,"[""NO_GOOD_TEMPLATE""]",tae-rules-axis-artifact-v1,"{""boundary_features"":{""axis_artifact"":{""axis_component_touches_boundary"":false,""axis_halfmax_outer_edge_r"":0.3674700544847981,""axis_halfmax_width_grid"":69.78065265709219,""axis_halfmax_width_r"":0.34890326328546095,""axis_peak"":0.0018478108493541012,""axis_peak_harmonic_index"":1,""axis_peak_is_local_max"":false,""axis_peak_r"":0.025,""r_ax"":0.03}},""crossing_features"":{""W_star_high_shear"":0.03179365417990197,""W_star_high_shear_sum"":0.040367088026499215,""W_star_sum"":0.6256409577023689,""n_cross"":2.0,""r_star_high_shear"":0.42824721408788535,""r_star_max"":0.42824721408788535},""crossing_records"":[{""W_peak"":0.6102804746506905,""boundary"":""high"",""r_cross"":0.42824721408788535,""shear_weighted"":0.03179365417990197},{""W_peak"":0.015360483051678527,""boundary"":""high"",""r_cross"":0.9470935102220616,""shear_weighted"":0.008573433846597244}],""extremum_features"":{""ext_df_gap"":null,""ext_dr"":null,""ext_energy_frac"":null,""match_found"":false},""feature_schema_version"":""tae-rule-features-grouped-v3"",""numerical_structure_features"":{},""resolution_features"":{},""rf_standard_features"":{""S"":1.5140866183072976,""W_star"":0.24573682644264627,""W_star_max"":0.6102804746506905,""delta2_eff"":0.24504304631397708,""frac_spikes"":0.01199882938249927,""gamma_d"":-0.0002258676089919554,""max_abs_d1_abs"":0.7211913261058964,""max_abs_d2_abs"":0.861817247532746,""max_per_m_mean"":0.15486825628265652,""max_to_mean"":89.67047899866058,""max_to_median"":14081844.011201695,""mean_abs_d1_mode"":0.0019340024605142157,""mean_abs_d2_mode"":0.0012298210083600645,""mean_amp"":0.011151942211943204,""ntor"":3.0,""r_star"":0.43,""rad_loc"":0.5826733118241119,""rad_width"":0.10083525603923628,""spikes_per_m"":2.411764705882353,""std_amp"":0.06465878743853631,""std_per_m_max"":0.243416984648435,""std_per_m_mean"":0.037118507484884385},""source_feature_schema_version"":""rf_all_crossings_extremum_energy_31_v2""}",,,,,NOT_PRESENT,,REVIEW,rule_engine,,,,
/global/u2/e/ebelova/src_nova/data/nstxu_204202/N3/egn03w.5139E+02,nstxu_204202/N3/egn03w.5139E+02,nstxu_204202,3,3,201,51,7.168397814044275,-0.0003270622780206008,0.586253723350014,0.09627796640938097,a1eb45392451a2d06f64673261717c46327c0e856d66c3ae126e07962d9e85e8,RULE_EVALUATED,tae_like,0.726081803002968,0.9504532849067958,,REVIEW,NO_GOOD_TEMPLATE,"[""NO_GOOD_TEMPLATE""]",tae-rules-axis-artifact-v1,"{""boundary_features"":{""axis_artifact"":{""axis_component_touches_boundary"":false,""axis_halfmax_outer_edge_r"":0.030907332706104892,""axis_halfmax_width_grid"":3.9243435673714355,""axis_halfmax_width_r"":0.019621717836857178,""axis_peak"":0.0008510672597030687,""axis_peak_harmonic_index"":4,""axis_peak_is_local_max"":true,""axis_peak_r"":0.015,""r_ax"":0.03}},""crossing_features"":{""W_star_high_shear"":0.01574863967728938,""W_star_high_shear_sum"":0.02829600147582142,""W_star_sum"":0.31436745719446335,""n_cross"":4.0,""r_star_high_shear"":0.43263089850616193,""r_star_max"":0.43263089850616193},""crossing_records"":[{""W_peak"":0.2910102261476479,""boundary"":""high"",""r_cross"":0.43263089850616193,""shear_weighted"":0.01574863967728938},{""W_peak"":0.007994786270730778,""boundary"":""high"",""r_cross"":0.9293790525096042,""shear_weighted"":0.004253176746260682},{""W_peak"":0.00801360701251258,""boundary"":""high"",""r_cross"":0.9311049119877038,""shear_weighted"":0.004283388282685007},{""W_peak"":0.007348837763572131,""boundary"":""high"",""r_cross"":0.9387644665089121,""shear_weighted"":0.0040107967695863535}],""extremum_features"":{""ext_df_gap"":null,""ext_dr"":null,""ext_energy_frac"":null,""match_found"":false},""feature_schema_version"":""tae-rule-features-grouped-v3"",""numerical_structure_features"":{},""resolution_features"":{},""rf_standard_features"":{""S"":1.5710107825221529,""W_star"":0.21919622787872398,""W_star_max"":0.2910102261476479,""delta2_eff"":0.3446009554391383,""frac_spikes"":0.01268168959125939,""gamma_d"":-0.0003270622780206008,""max_abs_d1_abs"":0.6640245490185165,""max_abs_d2_abs"":0.708192330501853,""max_per_m_mean"":0.1389434899928243,""max_to_mean"":98.54704501133006,""max_to_median"":18175973.1843687,""mean_abs_d1_mode"":0.00169006771532921,""mean_abs_d2_mode"":0.001057895563939535,""mean_amp"":0.010147437701318004,""ntor"":3.0,""r_star"":0.435,""rad_loc"":0.586253723350014,""rad_width"":0.09627796640938097,""spikes_per_m"":2.549019607843137,""std_amp"":0.059249954921877214,""std_per_m_max"":0.22967671918344984,""std_per_m_mean"":0.03438156222243925},""source_feature_schema_version"":""rf_all_crossings_extremum_energy_31_v2""}",,,,,NOT_PRESENT,,REVIEW,rule_engine,,,,
/global/u2/e/ebelova/src_nova/data/nstxu_204202/N3/egn03w.5236E+02,nstxu_204202/N3/egn03w.5236E+02,nstxu_204202,3,3,201,51,7.235834334735481,-0.0001475622045971913,0.5862277706357184,0.09543387237673055,e6e79de0b4ebe12fd897bc47bf39098dfe3d4487944e8694110d8ea5eda72006,RULE_EVALUATED,tae_like,0.6499513999928853,0.9146084574400833,,REVIEW,NO_GOOD_TEMPLATE,"[""NO_GOOD_TEMPLATE""]",tae-rules-axis-artifact-v1,"{""boundary_features"":{""axis_artifact"":{""axis_component_touches_boundary"":false,""axis_halfmax_outer_edge_r"":0.023407384071344163,""axis_halfmax_width_grid"":2.3912611653797637,""axis_halfmax_width_r"":0.011956305826898819,""axis_peak"":0.0036703148890908236,""axis_peak_harmonic_index"":4,""axis_peak_is_local_max"":true,""axis_peak_r"":0.015,""r_ax"":0.03}},""crossing_features"":{""W_star_high_shear"":0.016112300986271713,""W_star_high_shear_sum"":0.023593923084705114,""W_star_sum"":0.30084621992881266,""n_cross"":4.0,""r_star_high_shear"":0.4369775810482944,""r_star_max"":0.4369775810482944},""crossing_records"":[{""W_peak"":0.2869082536002122,""boundary"":""high"",""r_cross"":0.4369775810482944,""shear_weighted"":0.016112300986271713},{""W_peak"":0.004771015786409664,""boundary"":""high"",""r_cross"":0.9283069289188369,""shear_weighted"":0.002530694592115868},{""W_peak"":0.004735674415492455,""boundary"":""high"",""r_cross"":0.9330126452921473,""shear_weighted"":0.0025445135617069826},{""W_peak"":0.004431276126698331,""boundary"":""high"",""r_cross"":0.9369207089070704,""shear_weighted"":0.00240641394461055}],""extremum_features"":{""ext_df_gap"":null,""ext_dr"":null,""ext_energy_frac"":null,""match_found"":false},""feature_schema_version"":""tae-rule-features-grouped-v3"",""numerical_structure_features"":{},""resolution_features"":{},""rf_standard_features"":{""S"":1.5322418234999817,""W_star"":0.2409760694230641,""W_star_max"":0.2869082536002122,""delta2_eff"":0.4236531058030044,""frac_spikes"":0.012584138132865087,""gamma_d"":-0.0001475622045971913,""max_abs_d1_abs"":0.5110458605681717,""max_abs_d2_abs"":0.6238481561057823,""max_per_m_mean"":0.1294856083330116,""max_to_mean"":107.52795296095923,""max_to_median"":12284194.915763171,""mean_abs_d1_mode"":0.0016610918742316204,""mean_abs_d2_mode"":0.0010217605209960378,""mean_amp"":0.009299907348329672,""ntor"":3.0,""r_star"":0.44,""rad_loc"":0.5862277706357184,""rad_width"":0.09543387237673055,""spikes_per_m"":2.5294117647058822,""std_amp"":0.05485487177764669,""std_per_m_max"":0.23822352794515259,""std_per_m_mean"":0.03188839533432561},""source_feature_schema_version"":""rf_all_crossings_extremum_energy_31_v2""}",,,,,NOT_PRESENT,,REVIEW,rule_engine,,,,
/global/u2/e/ebelova/src_nova/data/nstxu_204202/N3/egn03w.5330E+02,nstxu_204202/N3/egn03w.5330E+02,nstxu_204202,3,3,201,51,7.300497628586698,-0.002459076692079409,0.5835063439908266,0.09347890896727332,0a51ca59c666ea3fcc3ac0c6e2e5d48975669f31dda626feaeabc492164c9f14,RULE_EVALUATED,tae_like,0.6017239940025471,0.8845935716590101,,REVIEW,NO_GOOD_TEMPLATE,"[""NO_GOOD_TEMPLATE""]",tae-rules-axis-artifact-v1,"{""boundary_features"":{""axis_artifact"":{""axis_component_touches_boundary"":false,""axis_halfmax_outer_edge_r"":0.02439819843190645,""axis_halfmax_width_grid"":2.63117411992664,""axis_halfmax_width_r"":0.013155870599633199,""axis_peak"":0.014318310676152602,""axis_peak_harmonic_index"":4,""axis_peak_is_local_max"":true,""axis_peak_r"":0.015,""r_ax"":0.03}},""crossing_features"":{""W_star_high_shear"":0.030209690337081912,""W_star_high_shear_sum"":0.038962401983038575,""W_star_sum"":0.5358362534437645,""n_cross"":6.0,""r_star_high_shear"":0.4412142405759488,""r_star_max"":0.4412142405759488},""crossing_records"":[{""W_peak"":0.519206817293523,""boundary"":""high"",""r_cross"":0.4412142405759488,""shear_weighted"":0.030209690337081912},{""W_peak"":0.003182023322540334,""boundary"":""high"",""r_cross"":0.914794919025551,""shear_weighted"":0.001625796828301375},{""W_peak"":0.0035990329718677,""boundary"":""high"",""r_cross"":0.9165353428403213,""shear_weighted"":0.0018478259367557814},{""W_peak"":0.0036468653139404457,""boundary"":""high"",""r_cross"":0.9272694668188343,""shear_weighted"":0.001928903201488483},{""W_peak"":0.0031155338320317002,""boundary"":""high"",""r_cross"":0.9348587020502648,""shear_weighted"":0.0016824422053533918},{""W_peak"":0.0030859807098613033,""boundary"":""high"",""r_cross"":0.9351365595328982,""shear_weighted"":0.0016677434740576319}],""extremum_features"":{""ext_df_gap"":null,""ext_dr"":null,""ext_energy_frac"":null,""match_found"":false},""feature_schema_version"":""tae-rule-features-grouped-v3"",""numerical_structure_features"":{},""resolution_features"":{},""rf_standard_features"":{""S"":1.4816855001788214,""W_star"":0.2900976124319456,""W_star_max"":0.519206817293523,""delta2_eff"":0.3710299161373854,""frac_spikes"":0.01199882938249927,""gamma_d"":-0.002459076692079409,""max_abs_d1_abs"":0.5316837744639862,""max_abs_d2_abs"":0.7389918492337997,""max_per_m_mean"":0.12221165533635707,""max_to_mean"":119.55231270654406,""max_to_median"":8193746.743228449,""mean_abs_d1_mode"":0.0016910432189450346,""mean_abs_d2_mode"":0.0010430048038981418,""mean_amp"":0.008364539148105577,""ntor"":3.0,""r_star"":0.445,""rad_loc"":0.5835063439908266,""rad_width"":0.09347890896727332,""spikes_per_m"":2.411764705882353,""std_amp"":0.050634338967821754,""std_per_m_max"":0.251374853665653,""std_per_m_mean"":0.029012868944827377},""source_feature_schema_version"":""rf_all_crossings_extremum_energy_31_v2""}",,,,,NOT_PRESENT,,REVIEW,rule_engine,,,,
/global/u2/e/ebelova/src_nova/data/nstxu_204202/N3/egn03w.5461E+02,nstxu_204202/N3/egn03w.5461E+02,nstxu_204202,3,3,201,51,7.389605575347749,-3.5349050661050635e-05,0.5959639756389332,0.06630203351212445,1a32c88d90102aaf3d86be76640f5d5eb7b023080039a170207a37372faead11,RULE_EVALUATED,tae_like,0.4394257701631947,0.9620381589014672,,REVIEW,NO_GOOD_TEMPLATE,"[""NO_GOOD_TEMPLATE""]",tae-rules-axis-artifact-v1,"{""boundary_features"":{""axis_artifact"":{""axis_component_touches_boundary"":false,""axis_halfmax_outer_edge_r"":0.013079987292797007,""axis_halfmax_width_grid"":2.1159974585594012,""axis_halfmax_width_r"":0.010579987292797006,""axis_peak"":0.003283487746275117,""axis_peak_harmonic_index"":3,""axis_peak_is_local_max"":true,""axis_peak_r"":0.005,""r_ax"":0.03}},""crossing_features"":{""W_star_high_shear"":0.003819902639502809,""W_star_high_shear_sum"":0.006947685928440377,""W_star_sum"":0.06866070804599889,""n_cross"":6.0,""r_star_high_shear"":0.4472200203695731,""r_star_max"":0.4472200203695731},""crossing_records"":[{""W_peak"":0.06250071967702259,""boundary"":""high"",""r_cross"":0.4472200203695731,""shear_weighted"":0.003819902639502809},{""W_peak"":0.0012718738453966953,""boundary"":""high"",""r_cross"":0.8999108585893116,""shear_weighted"":0.0006230594670706186},{""W_peak"":0.0012673238922762146,""boundary"":""high"",""r_cross"":0.9001333062123865,""shear_weighted"":0.0006212252487435077},{""W_peak"":0.0010751700915120187,""boundary"":""high"",""r_cross"":0.9135698182065619,""shear_weighted"":0.0005474571343812865},{""W_peak"":0.0010829876214388206,""boundary"":""high"",""r_cross"":0.9226077885756745,""shear_weighted"":0.0005654949998329136},{""W_peak"":0.0014626329183525452,""boundary"":""high"",""r_cross"":0.9258246896555102,""shear_weighted"":0.000770546438909242}],""extremum_features"":{""ext_df_gap"":null,""ext_dr"":null,""ext_energy_frac"":null,""match_found"":false},""feature_schema_version"":""tae-rule-features-grouped-v3"",""numerical_structure_features"":{},""resolution_features"":{},""rf_standard_features"":{""S"":2.2015007369274686,""W_star"":0.09962335309278855,""W_star_max"":0.06250071967702259,""delta2_eff"":0.2534082176030348,""frac_spikes"":0.008486976880304361,""gamma_d"":-3.5349050661050635e-05,""max_abs_d1_abs"":0.7805604444119467,""max_abs_d2_abs"":1.4436212989153638,""max_per_m_mean"":0.09514001780386631,""max_to_mean"":166.33910170002008,""max_to_median"":14929995.949284198,""mean_abs_d1_mode"":0.0015790158647762628,""mean_abs_d2_mode"":0.0011963996379448843,""mean_amp"":0.006011815559982311,""ntor"":3.0,""r_star"":0.45,""rad_loc"":0.5959639756389332,""rad_width"":0.06630203351212445,""spikes_per_m"":1.7058823529411764,""std_amp"":0.0419916684477833,""std_per_m_max"":0.2360252569322244,""std_per_m_mean"":0.0220344371429831},""source_feature_schema_version"":""rf_all_crossings_extremum_energy_31_v2""}",,,,,NOT_PRESENT,,REVIEW,rule_engine,,,,
/global/u2/e/ebelova/src_nova/data/nstxu_204202/N3/egn03w.5470E+02,nstxu_204202/N3/egn03w.5470E+02,nstxu_204202,3,3,201,51,7.3957655358889065,-1.8313295423469747e-05,0.5608098207888029,0.09772414826727106,ddc03e33aa6b46d1c10c8e85662db445d206ba7fe2fe5b5dd308536f039f4e79,RULE_EVALUATED,tae_like,0.09728848969813846,0.5648864053143263,,BAD,BAD_AXIS_SPIKE,"[""BAD_AXIS_SPIKE""]",tae-rules-axis-artifact-v1,"{""boundary_features"":{""axis_artifact"":{""axis_component_touches_boundary"":false,""axis_halfmax_outer_edge_r"":0.014128772470508331,""axis_halfmax_width_grid"":2.3221889720240223,""axis_halfmax_width_r"":0.011610944860120112,""axis_peak"":0.11008840757953803,""axis_peak_harmonic_index"":3,""axis_peak_is_local_max"":true,""axis_peak_r"":0.01,""r_ax"":0.03}},""crossing_features"":{""W_star_high_shear"":0.136292632333191,""W_star_high_shear_sum"":0.17795402309945624,""W_star_sum"":1.1032017159371263,""n_cross"":8.0,""r_star_high_shear"":0.6041658844945493,""r_star_max"":0.6041658844945493},""crossing_records"":[{""W_peak"":0.032881731789445014,""boundary"":""high"",""r_cross"":0.44764371679446135,""shear_weighted"":0.0020165514623425923},{""W_peak"":0.8343592313743904,""boundary"":""high"",""r_cross"":0.6041658844945493,""shear_weighted"":0.136292632333191},{""W_peak"":0.235438941264283,""boundary"":""high"",""r_cross"":0.608977515087352,""shear_weighted"":0.03938013130460657},{""W_peak"":0.00011002182260382458,""boundary"":""high"",""r_cross"":0.8997985130208537,""shear_weighted"":5.3879662391883027e-05},{""W_peak"":0.00010764975922627152,""boundary"":""high"",""r_cross"":0.900301313001755,""shear_weighted"":5.27938025752705e-05},{""W_peak"":0.0001009360833778497,""boundary"":""high"",""r_cross"":0.9134845787432649,""shear_weighted"":5.138254724327571e-05},{""W_peak"":9.054442674594025e-05,""boundary"":""high"",""r_cross"":0.9228993826927482,""shear_weighted"":4.731702501869327e-05},{""W_peak"":0.00011265941705407931,""boundary"":""high"",""r_cross"":0.9257241656593814,""shear_weighted"":5.933496208694318e-05}],""extremum_features"":{""ext_df_gap"":null,""ext_dr"":null,""ext_energy_frac"":null,""match_found"":false},""feature_schema_version"":""tae-rule-features-grouped-v3"",""numerical_structure_features"":{},""resolution_features"":{},""rf_standard_features"":{""S"":1.133904185939889,""W_star"":0.18653893877679978,""W_star_max"":0.8343592313743904,""delta2_eff"":0.8736771761219049,""frac_spikes"":0.007023705004389816,""gamma_d"":-1.8313295423469747e-05,""max_abs_d1_abs"":0.9488194309613353,""max_abs_d2_abs"":1.7616933212619292,""max_per_m_mean"":0.04125026556988035,""max_to_mean"":355.7468809655058,""max_to_median"":7452731.217450503,""mean_abs_d1_mode"":0.0010794165103721433,""mean_abs_d2_mode"":0.0013322218475402673,""mean_amp"":0.0028109873990468407,""ntor"":3.0,""r_star"":0.45,""rad_loc"":0.5608098207888029,""rad_width"":0.09772414826727106,""spikes_per_m"":1.411764705882353,""std_amp"":0.02107457416462709,""std_per_m_max"":0.22070227439208448,""std_per_m_mean"":0.010030359242721549},""source_feature_schema_version"":""rf_all_crossings_extremum_energy_31_v2""}",,,,,NOT_PRESENT,,BAD,rule_engine,,,,
/global/u2/e/ebelova/src_nova/data/nstxu_204202/N3/egn03w.5830E+02,nstxu_204202/N3/egn03w.5830E+02,nstxu_204202,3,3,201,51,7.635345386924653,-0.0005655753760703549,0.7659134516639055,0.09730635797930762,e518f559f361ad9f0ebcfc46fcbeb0bfdf50de74b1a3630035481e154e6d5821,RULE_EVALUATED,tae_like,0.59620699046389,0.8649235121574227,,REVIEW,NO_GOOD_TEMPLATE,"[""NO_GOOD_TEMPLATE""]",tae-rules-axis-artifact-v1,"{""boundary_features"":{""axis_artifact"":{""axis_component_touches_boundary"":false,""axis_halfmax_outer_edge_r"":0.012812140566119158,""axis_halfmax_width_grid"":1.2767132972083954,""axis_halfmax_width_r"":0.006383566486041977,""axis_peak"":0.013934649959568977,""axis_peak_harmonic_index"":3,""axis_peak_is_local_max"":true,""axis_peak_r"":0.01,""r_ax"":0.03}},""crossing_features"":{""W_star_high_shear"":0.4052061297327931,""W_star_high_shear_sum"":1.045831148673347,""W_star_sum"":2.462145919468811,""n_cross"":8.0,""r_star_high_shear"":0.8953564250364084,""r_star_max"":0.8953564250364084},""crossing_records"":[{""W_peak"":0.02267374554450742,""boundary"":""high"",""r_cross"":0.4655406910201934,""shear_weighted"":0.0015987679394828533},{""W_peak"":0.00813931874564152,""boundary"":""high"",""r_cross"":0.5660237215400827,""shear_weighted"":0.001090451918963981},{""W_peak"":0.4382064374804086,""boundary"":""high"",""r_cross"":0.6374892984035759,""shear_weighted"":0.08387134765428089},{""W_peak"":0.4016979096365032,""boundary"":""high"",""r_cross"":0.8766828968948818,""shear_weighted"":0.18393736956612686},{""W_peak"":0.24176805821658606,""boundary"":""high"",""r_cross"":0.8817661148309553,""shear_weighted"":0.11237501084143565},{""W_peak"":0.8380328884948244,""boundary"":""high"",""r_cross"":0.8953564250364084,""shear_weighted"":0.4052061297327931},{""W_peak"":0.2696318872842657,""boundary"":""high"",""r_cross"":0.9094809837168633,""shear_weighted"":0.1357227874701366},{""W_peak"":0.2419956740660739,""boundary"":""high"",""r_cross"":0.9101142526956111,""shear_weighted"":0.12202928355012689}],""extremum_features"":{""ext_df_gap"":null,""ext_dr"":null,""ext_energy_frac"":null,""match_found"":false},""feature_schema_version"":""tae-rule-features-grouped-v3"",""numerical_structure_features"":{},""resolution_features"":{},""rf_standard_features"":{""S"":3.0410495039161862,""W_star"":0.011851809284752216,""W_star_max"":0.8380328884948244,""delta2_eff"":0.4870982196659244,""frac_spikes"":0.01199882938249927,""gamma_d"":-0.0005655753760703549,""max_abs_d1_abs"":0.686337280951772,""max_abs_d2_abs"":0.9595175668261039,""max_per_m_mean"":0.08878174323421276,""max_to_mean"":107.71718258576982,""max_to_median"":12413578.438037936,""mean_abs_d1_mode"":0.003900290668295389,""mean_abs_d2_mode"":0.0041430029324525585,""mean_amp"":0.009283569955016533,""ntor"":3.0,""r_star"":0.47000000000000003,""rad_loc"":0.7659134516639055,""rad_width"":0.09730635797930762,""spikes_per_m"":2.411764705882353,""std_amp"":0.05744827187042007,""std_per_m_max"":0.3242015039581358,""std_per_m_mean"":0.02337225293250804},""source_feature_schema_version"":""rf_all_crossings_extremum_energy_31_v2""}",,,,,NOT_PRESENT,,REVIEW,rule_engine,,,,
/global/u2/e/ebelova/src_nova/data/nstxu_204202/N3/egn03w.5952E+02,nstxu_204202/N3/egn03w.5952E+02,nstxu_204202,3,3,201,51,7.7150887598503,-6.761201460174683e-05,0.7364454682323092,0.06393731705707718,947de5e80df852bce217f3f7a3b913fb71c15b7063dc4df67ccd6293bdf9fe8a,RULE_EVALUATED,tae_like,0.5364981859134171,0.9137563332540293,,REVIEW,NO_GOOD_TEMPLATE,"[""NO_GOOD_TEMPLATE""]",tae-rules-axis-artifact-v1,"{""boundary_features"":{""axis_artifact"":{""axis_component_touches_boundary"":false,""axis_halfmax_outer_edge_r"":0.012680926736902735,""axis_halfmax_width_grid"":1.2440167136524178,""axis_halfmax_width_r"":0.00622008356826209,""axis_peak"":0.0034867966704890067,""axis_peak_harmonic_index"":3,""axis_peak_is_local_max"":true,""axis_peak_r"":0.01,""r_ax"":0.03}},""crossing_features"":{""W_star_high_shear"":0.036854292335093033,""W_star_high_shear_sum"":0.06743250398094214,""W_star_sum"":0.18202705611514133,""n_cross"":8.0,""r_star_high_shear"":0.8939768466393548,""r_star_max"":0.8939768466393548},""crossing_records"":[{""W_peak"":0.0014327295251367043,""boundary"":""high"",""r_cross"":0.4725864703113592,""shear_weighted"":0.00010645665178324742},{""W_peak"":0.004352940060296182,""boundary"":""high"",""r_cross"":0.5570520244147944,""shear_weighted"":0.0005549395613658135},{""W_peak"":0.05931926615023139,""boundary"":""high"",""r_cross"":0.6421214451207138,""shear_weighted"":0.011595218354396189},{""W_peak"":0.005805428775695844,""boundary"":""high"",""r_cross"":0.8496028823862576,""shear_weighted"":0.0024497975038327378},{""W_peak"":0.005855288882232857,""boundary"":""high"",""r_cross"":0.8505229247600723,""shear_weighted"":0.002477841592067976},{""W_peak"":0.002772111479794992,""boundary"":""high"",""r_cross"":0.874450029694159,""shear_weighted"":0.001260985949806974},{""W_peak"":0.025965211775000982,""boundary"":""high"",""r_cross"":0.8835773493044833,""shear_weighted"":0.012132972032596171},{""W_peak"":0.07652407946675237,""boundary"":""high"",""r_cross"":0.8939768466393548,""shear_weighted"":0.036854292335093033}],""extremum_features"":{""ext_df_gap"":null,""ext_dr"":null,""ext_energy_frac"":null,""match_found"":false},""feature_schema_version"":""tae-rule-features-grouped-v3"",""numerical_structure_features"":{},""resolution_features"":{},""rf_standard_features"":{""S"":4.089090381988131,""W_star"":0.004265300001381851,""W_star_max"":0.07652407946675237,""delta2_eff"":0.2570928107463928,""frac_spikes"":0.009267388547458785,""gamma_d"":-6.761201460174683e-05,""max_abs_d1_abs"":0.3959771902644993,""max_abs_d2_abs"":0.6834922199826348,""max_per_m_mean"":0.04319213850913857,""max_to_mean"":257.71243304527167,""max_to_median"":27484949.62184433,""mean_abs_d1_mode"":0.0017315279325821427,""mean_abs_d2_mode"":0.0018738082639712878,""mean_amp"":0.0038802939692343837,""ntor"":3.0,""r_star"":0.47500000000000003,""rad_loc"":0.7364454682323092,""rad_width"":0.06393731705707718,""spikes_per_m"":1.8627450980392157,""std_amp"":0.028131380363339488,""std_per_m_max"":0.2299014233941067,""std_per_m_mean"":0.011397106061403917},""source_feature_schema_version"":""rf_all_crossings_extremum_energy_31_v2""}",,,,,NOT_PRESENT,,REVIEW,rule_engine,,,,
/global/u2/e/ebelova/src_nova/data/nstxu_204202/N4/egn04w.5638E+01,nstxu_204202/N4/egn04w.5638E+01,nstxu_204202,4,4,201,54,2.374426166393599,-4.5281109234439245e-05,0.6845973811480172,0.13041427491649824,656e6e0498d61964e2a70f9da5daf594c076b52e97ccbec89f3edc300c9e5548,RULE_EVALUATED,tae_like,0.9957365930074421,1.0,,REVIEW,NO_GOOD_TEMPLATE,"[""NO_GOOD_TEMPLATE""]",tae-rules-axis-artifact-v1,"{""boundary_features"":{""axis_artifact"":{""axis_component_touches_boundary"":false,""axis_halfmax_outer_edge_r"":0.018027779228456886,""axis_halfmax_width_grid"":1.122777177990308,""axis_halfmax_width_r"":0.00561388588995154,""axis_peak"":0.012222385549132776,""axis_peak_harmonic_index"":8,""axis_peak_is_local_max"":true,""axis_peak_r"":0.015,""r_ax"":0.03}},""crossing_features"":{""W_star_high_shear"":0.057870990057686346,""W_star_high_shear_sum"":0.057870990057686346,""W_star_sum"":0.43535109256679544,""n_cross"":1.0,""r_star_high_shear"":0.5645949398102011,""r_star_max"":0.5645949398102011},""crossing_records"":[{""W_peak"":0.43535109256679544,""boundary"":""low"",""r_cross"":0.5645949398102011,""shear_weighted"":0.057870990057686346}],""extremum_features"":{""ext_df_gap"":null,""ext_dr"":null,""ext_energy_frac"":null,""match_found"":false},""feature_schema_version"":""tae-rule-features-grouped-v3"",""numerical_structure_features"":{},""resolution_features"":{},""rf_standard_features"":{""S"":0.9170574404042505,""W_star"":0.5214682098797196,""W_star_max"":0.43535109256679544,""delta2_eff"":0.1990037685042292,""frac_spikes"":0.011792887414777962,""gamma_d"":-4.5281109234439245e-05,""max_abs_d1_abs"":0.8123282609631506,""max_abs_d2_abs"":1.444380666182453,""max_per_m_mean"":0.06544962438014741,""max_to_mean"":209.85779548770427,""max_to_median"":2815088.0907019293,""mean_abs_d1_mode"":0.001703764506132535,""mean_abs_d2_mode"":0.002017993431798779,""mean_amp"":0.00476513153807876,""ntor"":4.0,""r_star"":0.5650000000000001,""rad_loc"":0.6845973811480172,""rad_width"":0.13041427491649824,""spikes_per_m"":2.3703703703703702,""std_amp"":0.03127340026037559,""std_per_m_max"":0.21598213153499918,""std_per_m_mean"":0.014726309413785553},""source_feature_schema_version"":""rf_all_crossings_extremum_energy_31_v2""}",,,,,NOT_PRESENT,,REVIEW,rule_engine,,,,
/global/u2/e/ebelova/src_nova/data/nstxu_204202/N4/egn04w.1233E+02,nstxu_204202/N4/egn04w.1233E+02,nstxu_204202,4,4,201,54,3.511057705733903,-4.57789939365662e-08,0.01396095209195731,0.026368004226471634,27157c6e704a923b6426968482486a3d8b0dc15a4219510fda1de979e52bdd86,RULE_EVALUATED,tae_like,0.996950992734408,1.0,,BAD,BAD_AXIS_SPIKE,"[""BAD_AXIS_SPIKE""]",tae-rules-axis-artifact-v1,"{""boundary_features"":{""axis_artifact"":{""axis_component_touches_boundary"":false,""axis_halfmax_outer_edge_r"":0.015207379262023438,""axis_halfmax_width_grid"":1.7472974211637484,""axis_halfmax_width_r"":0.008736487105818742,""axis_peak"":1.0,""axis_peak_harmonic_index"":8,""axis_peak_is_local_max"":true,""axis_peak_r"":0.01,""r_ax"":0.03}},""crossing_features"":{""W_star_high_shear"":0.0,""W_star_high_shear_sum"":0.0,""W_star_sum"":0.007527839722068889,""n_cross"":1.0,""r_star_high_shear"":0.08188041815323834,""r_star_max"":0.08188041815323834},""crossing_records"":[{""W_peak"":0.007527839722068889,""boundary"":""low"",""r_cross"":0.08188041815323834,""shear_weighted"":0.0}],""extremum_features"":{""ext_df_gap"":null,""ext_dr"":null,""ext_energy_frac"":null,""match_found"":false},""feature_schema_version"":""tae-rule-features-grouped-v3"",""numerical_structure_features"":{},""resolution_features"":{},""rf_standard_features"":{""S"":2.6941382174852024,""W_star"":0.027960466141860832,""W_star_max"":0.007527839722068889,""delta2_eff"":0.7093716189386035,""frac_spikes"":0.0014741109268472453,""gamma_d"":-4.57789939365662e-08,""max_abs_d1_abs"":0.7083943338244456,""max_abs_d2_abs"":1.1875018569144196,""max_per_m_mean"":0.015150018500662383,""max_to_mean"":1883.8836120474393,""max_to_median"":51626088.07461999,""mean_abs_d1_mode"":0.0005019818959238206,""mean_abs_d2_mode"":0.0009027312960907673,""mean_amp"":0.0005308183540220396,""ntor"":4.0,""r_star"":0.085,""rad_loc"":0.01396095209195731,""rad_width"":0.026368004226471634,""spikes_per_m"":0.2962962962962963,""std_amp"":0.011527136255723741,""std_per_m_max"":0.17336329645417223,""std_per_m_mean"":0.002646678040375104},""source_feature_schema_version"":""rf_all_crossings_extremum_energy_31_v2""}",,,,,NOT_PRESENT,,BAD,rule_engine,,,,
/global/u2/e/ebelova/src_nova/data/nstxu_204202/N4/egn04w.1333E+02,nstxu_204202/N4/egn04w.1333E+02,nstxu_204202,4,4,201,54,3.651467998546323,-0.0,0.017533974146073324,0.007212877885247637,91d5ae3f64e3813ec71715542af84122dd7a37c17d7e0eb69121ec58b26f3c33,RULE_EVALUATED,tae_like,0.9999648625398528,1.0,,BAD,BAD_AXIS_SPIKE,"[""BAD_AXIS_SPIKE""]",tae-rules-axis-artifact-v1,"{""boundary_features"":{""axis_artifact"":{""axis_component_touches_boundary"":false,""axis_halfmax_outer_edge_r"":0.02729914129748647,""axis_halfmax_width_grid"":4.205891413910173,""axis_halfmax_width_r"":0.021029457069550866,""axis_peak"":1.0,""axis_peak_harmonic_index"":8,""axis_peak_is_local_max"":true,""axis_peak_r"":0.02,""r_ax"":0.03}},""crossing_features"":{""W_star_high_shear"":0.0,""W_star_high_shear_sum"":0.0,""W_star_sum"":0.0,""n_cross"":0.0,""r_star_high_shear"":null,""r_star_max"":null},""crossing_records"":[],""extremum_features"":{""ext_df_gap"":null,""ext_dr"":null,""ext_energy_frac"":null,""match_found"":false},""feature_schema_version"":""tae-rule-features-grouped-v3"",""numerical_structure_features"":{},""resolution_features"":{},""rf_standard_features"":{""S"":1.0445170797134806,""W_star"":0.45147623347778837,""W_star_max"":0.0,""delta2_eff"":0.0,""frac_spikes"":0.0008291873963515755,""gamma_d"":-0.0,""max_abs_d1_abs"":0.419422971398082,""max_abs_d2_abs"":0.6363910505376358,""max_per_m_mean"":0.021834794374511277,""max_to_mean"":1925.817357477987,""max_to_median"":218530655.34394896,""mean_abs_d1_mode"":0.0008333926765400534,""mean_abs_d2_mode"":0.0015398459857749358,""mean_amp"":0.0005192600399986857,""ntor"":4.0,""r_star"":0.01,""rad_loc"":0.017533974146073324,""rad_width"":0.007212877885247637,""spikes_per_m"":0.16666666666666666,""std_amp"":0.016159470409079314,""std_per_m_max"":0.17303091225220826,""std_per_m_mean"":0.0037796739872221867},""source_feature_schema_version"":""rf_all_crossings_extremum_energy_31_v2""}",,,,,NOT_PRESENT,,BAD,rule_engine,,,,
/global/u2/e/ebelova/src_nova/data/nstxu_204202/N4/egn04w.1363E+02,nstxu_204202/N4/egn04w.1363E+02,nstxu_204202,4,4,201,54,3.6921949649956827,-0.0,0.6956570753815403,0.11030890506322669,15a5e62681a40891a85ecbf522d032e4df031df7f519e468a7340b5dde618c95,RULE_EVALUATED,tae_like,0.9925817785966992,1.0,,REVIEW,NO_GOOD_TEMPLATE,"[""NO_GOOD_TEMPLATE""]",tae-rules-axis-artifact-v1,"{""boundary_features"":{""axis_artifact"":{""axis_component_touches_boundary"":false,""axis_halfmax_outer_edge_r"":0.016763267630124135,""axis_halfmax_width_grid"":2.852653526024827,""axis_halfmax_width_r"":0.014263267630124135,""axis_peak"":0.01209412923163778,""axis_peak_harmonic_index"":8,""axis_peak_is_local_max"":true,""axis_peak_r"":0.005,""r_ax"":0.03}},""crossing_features"":{""W_star_high_shear"":0.0,""W_star_high_shear_sum"":0.0,""W_star_sum"":0.0,""n_cross"":0.0,""r_star_high_shear"":null,""r_star_max"":null},""crossing_records"":[],""extremum_features"":{""ext_df_gap"":null,""ext_dr"":null,""ext_energy_frac"":null,""match_found"":false},""feature_schema_version"":""tae-rule-features-grouped-v3"",""numerical_structure_features"":{},""resolution_features"":{},""rf_standard_features"":{""S"":6.215790783004514,""W_star"":5.121573434080107e-06,""W_star_max"":0.0,""delta2_eff"":0.0,""frac_spikes"":0.013174866408697255,""gamma_d"":-0.0,""max_abs_d1_abs"":0.41136109759507483,""max_abs_d2_abs"":0.674864426893705,""max_per_m_mean"":0.17006082956415375,""max_to_mean"":82.86686693801074,""max_to_median"":1717394.617731441,""mean_abs_d1_mode"":0.0021732776271531033,""mean_abs_d2_mode"":0.0016806975749119539,""mean_amp"":0.012067549273525588,""ntor"":4.0,""r_star"":0.01,""rad_loc"":0.6956570753815403,""rad_width"":0.11030890506322669,""spikes_per_m"":2.6481481481481484,""std_amp"":0.07394836240885612,""std_per_m_max"":0.28752894502704524,""std_per_m_mean"":0.041134949534695806},""source_feature_schema_version"":""rf_all_crossings_extremum_energy_31_v2""}",,,,,NOT_PRESENT,,REVIEW,rule_engine,,,,
/global/u2/e/ebelova/src_nova/data/nstxu_204202/N4/egn04w.1754E+02,nstxu_204202/N4/egn04w.1754E+02,nstxu_204202,4,4,201,54,4.187905641193399,-0.0,0.7328543208027763,0.10277019007161435,b2d20dc21f179b75776f7907da2041bba4449e9ffb97bdc999f79dfcf18a15f5,RULE_EVALUATED,tae_like,0.993091540070154,1.0,,REVIEW,NO_GOOD_TEMPLATE,"[""NO_GOOD_TEMPLATE""]",tae-rules-axis-artifact-v1,"{""boundary_features"":{""axis_artifact"":{""axis_component_touches_boundary"":false,""axis_halfmax_outer_edge_r"":0.017633600263638433,""axis_halfmax_width_grid"":1.1923903596166754,""axis_halfmax_width_r"":0.005961951798083377,""axis_peak"":0.0023648282659611375,""axis_peak_harmonic_index"":8,""axis_peak_is_local_max"":true,""axis_peak_r"":0.015,""r_ax"":0.03}},""crossing_features"":{""W_star_high_shear"":0.0,""W_star_high_shear_sum"":0.0,""W_star_sum"":0.0,""n_cross"":0.0,""r_star_high_shear"":null,""r_star_max"":null},""crossing_records"":[],""extremum_features"":{""ext_df_gap"":null,""ext_dr"":null,""ext_energy_frac"":null,""match_found"":false},""feature_schema_version"":""tae-rule-features-grouped-v3"",""numerical_structure_features"":{},""resolution_features"":{},""rf_standard_features"":{""S"":7.033696447306648,""W_star"":4.91063709798472e-07,""W_star_max"":0.0,""delta2_eff"":0.0,""frac_spikes"":0.014464713469688594,""gamma_d"":-0.0,""max_abs_d1_abs"":0.33789356378163604,""max_abs_d2_abs"":0.55590033150723,""max_per_m_mean"":0.15271330523711713,""max_to_mean"":76.77413697623406,""max_to_median"":2588240.9420921537,""mean_abs_d1_mode"":0.002077995997399246,""mean_abs_d2_mode"":0.0014314587300659502,""mean_amp"":0.01302521968085141,""ntor"":4.0,""r_star"":0.01,""rad_loc"":0.7328543208027763,""rad_width"":0.10277019007161435,""spikes_per_m"":2.9074074074074074,""std_amp"":0.07800924295328561,""std_per_m_max"":0.301785423726492,""std_per_m_mean"":0.0404675350427088},""source_feature_schema_version"":""rf_all_crossings_extremum_energy_31_v2""}",,,,,NOT_PRESENT,,REVIEW,rule_engine,,,,
/global/u2/e/ebelova/src_nova/data/nstxu_204202/N4/egn04w.2078E+02,nstxu_204202/N4/egn04w.2078E+02,nstxu_204202,4,4,201,54,4.558584183879154,-0.0,0.7621949810235815,0.10637962906628265,3549b23bf524b8ecc46232e5c95160857453e80cc7e07a9338b80fd35705feb7,RULE_EVALUATED,tae_like,0.9919371250051141,1.0,,REVIEW,NO_GOOD_TEMPLATE,"[""NO_GOOD_TEMPLATE""]",tae-rules-axis-artifact-v1,"{""boundary_features"":{""axis_artifact"":{""axis_component_touches_boundary"":false,""axis_halfmax_outer_edge_r"":0.013238684047726795,""axis_halfmax_width_grid"":1.3654002780031258,""axis_halfmax_width_r"":0.006827001390015629,""axis_peak"":0.005301236523208444,""axis_peak_harmonic_index"":7,""axis_peak_is_local_max"":true,""axis_peak_r"":0.01,""r_ax"":0.03}},""crossing_features"":{""W_star_high_shear"":0.0,""W_star_high_shear_sum"":0.0,""W_star_sum"":0.0,""n_cross"":0.0,""r_star_high_shear"":null,""r_star_max"":null},""crossing_records"":[],""extremum_features"":{""ext_df_gap"":null,""ext_dr"":null,""ext_energy_frac"":null,""match_found"":false},""feature_schema_version"":""tae-rule-features-grouped-v3"",""numerical_structure_features"":{},""resolution_features"":{},""rf_standard_features"":{""S"":7.070855460003867,""W_star"":1.9068203095629156e-06,""W_star_max"":0.0,""delta2_eff"":0.0,""frac_spikes"":0.015386032798968122,""gamma_d"":-0.0,""max_abs_d1_abs"":0.23732985323677058,""max_abs_d2_abs"":0.3616444772385303,""max_per_m_mean"":0.14507686164635375,""max_to_mean"":72.13719774128239,""max_to_median"":2102793.227945739,""mean_abs_d1_mode"":0.0021577827122153093,""mean_abs_d2_mode"":0.000947236385658764,""mean_amp"":0.013862473609168029,""ntor"":4.0,""r_star"":0.01,""rad_loc"":0.7621949810235815,""rad_width"":0.10637962906628265,""spikes_per_m"":3.0925925925925926,""std_amp"":0.08163495466673633,""std_per_m_max"":0.3537817250414787,""std_per_m_mean"":0.03900538801258539},""source_feature_schema_version"":""rf_all_crossings_extremum_energy_31_v2""}",,,,,NOT_PRESENT,,REVIEW,rule_engine,,,,
/global/u2/e/ebelova/src_nova/data/nstxu_204202/N4/egn04w.2111E+02,nstxu_204202/N4/egn04w.2111E+02,nstxu_204202,4,4,201,54,4.594802175420614,-0.0,0.15310051559681026,0.2965892641034848,74ddc491de7316331ad63ff8ee59f04bb79582ac8cf828d91fbc3542859f0124,RULE_EVALUATED,tae_like,0.6213810155713898,1.0,,BAD,BAD_AXIS_SPIKE,"[""BAD_AXIS_SPIKE""]",tae-rules-axis-artifact-v1,"{""boundary_features"":{""axis_artifact"":{""axis_component_touches_boundary"":false,""axis_halfmax_outer_edge_r"":0.017955377253928907,""axis_halfmax_width_grid"":2.9136104278705037,""axis_halfmax_width_r"":0.014568052139352519,""axis_peak"":1.0,""axis_peak_harmonic_index"":8,""axis_peak_is_local_max"":true,""axis_peak_r"":0.015,""r_ax"":0.03}},""crossing_features"":{""W_star_high_shear"":0.0,""W_star_high_shear_sum"":0.0,""W_star_sum"":0.0,""n_cross"":0.0,""r_star_high_shear"":null,""r_star_max"":null},""crossing_records"":[],""extremum_features"":{""ext_df_gap"":null,""ext_dr"":null,""ext_energy_frac"":null,""match_found"":false},""feature_schema_version"":""tae-rule-features-grouped-v3"",""numerical_structure_features"":{},""resolution_features"":{},""rf_standard_features"":{""S"":0.4824871730569375,""W_star"":0.8119091962398156,""W_star_max"":0.0,""delta2_eff"":0.0,""frac_spikes"":0.005620047908605122,""gamma_d"":-0.0,""max_abs_d1_abs"":0.8459156937329998,""max_abs_d2_abs"":0.90116990102275,""max_per_m_mean"":0.020978911633779507,""max_to_mean"":395.7502213223295,""max_to_median"":1606756.1618691387,""mean_abs_d1_mode"":0.000860094035582073,""mean_abs_d2_mode"":0.001086617416923561,""mean_amp"":0.0025268463432892756,""ntor"":4.0,""r_star"":0.01,""rad_loc"":0.15310051559681026,""rad_width"":0.2965892641034848,""spikes_per_m"":1.1296296296296295,""std_amp"":0.0183588517473645,""std_per_m_max"":0.18222183451092783,""std_per_m_mean"":0.0052677552869657635},""source_feature_schema_version"":""rf_all_crossings_extremum_energy_31_v2""}",,,,,NOT_PRESENT,,BAD,rule_engine,,,,
/global/u2/e/ebelova/src_nova/data/nstxu_204202/N4/egn04w.2191E+02,nstxu_204202/N4/egn04w.2191E+02,nstxu_204202,4,4,201,54,4.680933448822217,-0.0,0.014665385845755786,0.03731262822322318,0b488ec61c0c5a61317a6c0f88cb51d38623f79fff154ff9fdfbf93f9bc8a7ea,RULE_EVALUATED,tae_like,0.8423423961237881,1.0,,BAD,BAD_AXIS_SPIKE,"[""BAD_AXIS_SPIKE""]",tae-rules-axis-artifact-v1,"{""boundary_features"":{""axis_artifact"":{""axis_component_touches_boundary"":false,""axis_halfmax_outer_edge_r"":0.016365749812741835,""axis_halfmax_width_grid"":2.4389784891384263,""axis_halfmax_width_r"":0.012194892445692131,""axis_peak"":1.0,""axis_peak_harmonic_index"":7,""axis_peak_is_local_max"":true,""axis_peak_r"":0.01,""r_ax"":0.03}},""crossing_features"":{""W_star_high_shear"":0.0,""W_star_high_shear_sum"":0.0,""W_star_sum"":0.0,""n_cross"":0.0,""r_star_high_shear"":null,""r_star_max"":null},""crossing_records"":[],""extremum_features"":{""ext_df_gap"":null,""ext_dr"":null,""ext_energy_frac"":null,""match_found"":false},""feature_schema_version"":""tae-rule-features-grouped-v3"",""numerical_structure_features"":{},""resolution_features"":{},""rf_standard_features"":{""S"":0.1250350368706281,""W_star"":0.9831175067135514,""W_star_max"":0.0,""delta2_eff"":0.0,""frac_spikes"":0.001105583195135434,""gamma_d"":-0.0,""max_abs_d1_abs"":0.5993971454766862,""max_abs_d2_abs"":0.9084766328501379,""max_per_m_mean"":0.018758986664412412,""max_to_mean"":885.1052071392438,""max_to_median"":16593404.767808286,""mean_abs_d1_mode"":0.0005814251511434586,""mean_abs_d2_mode"":0.0007299313451746527,""mean_amp"":0.0011298091922281232,""ntor"":4.0,""r_star"":0.01,""rad_loc"":0.014665385845755786,""rad_width"":0.03731262822322318,""spikes_per_m"":0.2222222222222222,""std_amp"":0.016130490261598275,""std_per_m_max"":0.20677568333461407,""std_per_m_mean"":0.0038230539193679163},""source_feature_schema_version"":""rf_all_crossings_extremum_energy_31_v2""}",,,,,NOT_PRESENT,,BAD,rule_engine,,,,
/global/u2/e/ebelova/src_nova/data/nstxu_204202/N4/egn04w.2635E+02,nstxu_204202/N4/egn04w.2635E+02,nstxu_204202,4,4,201,54,5.1327895312111265,-1.263811379424884e-07,0.8007459294876029,0.11550073616115555,e9d01950182c93563f316d2dfb648bdfe25f3144f6588bf78a447e1711c920ca,RULE_EVALUATED,tae_like,0.9829844222031743,0.9999392388713322,,REVIEW,NO_GOOD_TEMPLATE,"[""NO_GOOD_TEMPLATE""]",tae-rules-axis-artifact-v1,"{""boundary_features"":{""axis_artifact"":{""axis_component_touches_boundary"":false,""axis_halfmax_outer_edge_r"":0.012677024356542497,""axis_halfmax_width_grid"":1.138701827149102,""axis_halfmax_width_r"":0.0056935091357455106,""axis_peak"":0.05566087768937819,""axis_peak_harmonic_index"":7,""axis_peak_is_local_max"":true,""axis_peak_r"":0.01,""r_ax"":0.03}},""crossing_features"":{""W_star_high_shear"":0.0,""W_star_high_shear_sum"":0.0,""W_star_sum"":0.00012421809972197145,""n_cross"":1.0,""r_star_high_shear"":0.11764224061048796,""r_star_max"":0.11764224061048796},""crossing_records"":[{""W_peak"":0.00012421809972197145,""boundary"":""high"",""r_cross"":0.11764224061048796,""shear_weighted"":0.0}],""extremum_features"":{""ext_df_gap"":null,""ext_dr"":null,""ext_energy_frac"":null,""match_found"":false},""feature_schema_version"":""tae-rule-features-grouped-v3"",""numerical_structure_features"":{},""resolution_features"":{},""rf_standard_features"":{""S"":5.89386658568028,""W_star"":0.00038923830911299207,""W_star_max"":0.00012421809972197145,""delta2_eff"":0.00011799759929202791,""frac_spikes"":0.016491615994103558,""gamma_d"":-1.263811379424884e-07,""max_abs_d1_abs"":0.49650673182874244,""max_abs_d2_abs"":0.9162839196055386,""max_per_m_mean"":0.13121127487308298,""max_to_mean"":66.1162788923818,""max_to_median"":1515102.7836256109,""mean_abs_d1_mode"":0.0031244255380396134,""mean_abs_d2_mode"":0.001993923842362661,""mean_amp"":0.015124868136659577,""ntor"":4.0,""r_star"":0.12,""rad_loc"":0.8007459294876029,""rad_width"":0.11550073616115555,""spikes_per_m"":3.314814814814815,""std_amp"":0.08528761651930582,""std_per_m_max"":0.39399668519830877,""std_per_m_mean"":0.0354013046172145},""source_feature_schema_version"":""rf_all_crossings_extremum_energy_31_v2""}",,,,,NOT_PRESENT,,REVIEW,rule_engine,,,,
/global/u2/e/ebelova/src_nova/data/nstxu_204202/N4/egn04w.4189E+02,nstxu_204202/N4/egn04w.4189E+02,nstxu_204202,4,4,201,51,6.472600875136348,-2.163039230196858e-05,0.2809189481529426,0.18573831669716476,cb24962f5516e08b854b14c5d74403c41694ac44623be374b890c130919af2e5,RULE_EVALUATED,tae_like,-0.2832086004629157,0.5258917405396765,,BAD,BAD_AXIS_SPIKE,"[""BAD_AXIS_SPIKE""]",tae-rules-axis-artifact-v1,"{""boundary_features"":{""axis_artifact"":{""axis_component_touches_boundary"":false,""axis_halfmax_outer_edge_r"":0.013382662892084908,""axis_halfmax_width_grid"":1.7956353920507018,""axis_halfmax_width_r"":0.00897817696025351,""axis_peak"":1.0,""axis_peak_harmonic_index"":5,""axis_peak_is_local_max"":true,""axis_peak_r"":0.01,""r_ax"":0.03}},""crossing_features"":{""W_star_high_shear"":0.013565976131868692,""W_star_high_shear_sum"":0.01358222137893948,""W_star_sum"":0.5409025954744332,""n_cross"":2.0,""r_star_high_shear"":0.35837145117984354,""r_star_max"":0.35837145117984354},""crossing_records"":[{""W_peak"":0.5408754333283157,""boundary"":""high"",""r_cross"":0.35837145117984354,""shear_weighted"":0.013565976131868692},{""W_peak"":2.716214611754416e-05,""boundary"":""high"",""r_cross"":0.9733589569474684,""shear_weighted"":1.624524707078921e-05}],""extremum_features"":{""ext_df_gap"":null,""ext_dr"":null,""ext_energy_frac"":null,""match_found"":false},""feature_schema_version"":""tae-rule-features-grouped-v3"",""numerical_structure_features"":{},""resolution_features"":{},""rf_standard_features"":{""S"":0.42576595531211076,""W_star"":0.6608001118943385,""W_star_max"":0.5408754333283157,""delta2_eff"":4.3873731749371,""frac_spikes"":0.007609013754755633,""gamma_d"":-2.163039230196858e-05,""max_abs_d1_abs"":0.8104003827405408,""max_abs_d2_abs"":1.1714595790208062,""max_per_m_mean"":0.07584411726346853,""max_to_mean"":127.73255257657176,""max_to_median"":7381462.636349202,""mean_abs_d1_mode"":0.002119088715848299,""mean_abs_d2_mode"":0.0029207643222746538,""mean_amp"":0.00782885787295919,""ntor"":4.0,""r_star"":0.36,""rad_loc"":0.2809189481529426,""rad_width"":0.18573831669716476,""spikes_per_m"":1.5294117647058822,""std_amp"":0.03413327104139863,""std_per_m_max"":0.25353060676772504,""std_per_m_mean"":0.02144750571456459},""source_feature_schema_version"":""rf_all_crossings_extremum_energy_31_v2""}",,,,,NOT_PRESENT,,BAD,rule_engine,,,,
/global/u2/e/ebelova/src_nova/data/nstxu_204202/N4/egn04w.5390E+02,nstxu_204202/N4/egn04w.5390E+02,nstxu_204202,4,4,201,51,7.3419741693870995,-0.00022261388498970964,0.6424934957255682,0.07508046464933141,111f991d39eeea45fdf9197f9dc3a385e9378e409538026a35b196d70f30ecd1,RULE_EVALUATED,tae_like,0.7770557209541399,0.9242009538641488,,REVIEW,NO_GOOD_TEMPLATE,"[""NO_GOOD_TEMPLATE""]",tae-rules-axis-artifact-v1,"{""boundary_features"":{""axis_artifact"":{""axis_component_touches_boundary"":false,""axis_halfmax_outer_edge_r"":0.015838431845585192,""axis_halfmax_width_grid"":2.6676863691170385,""axis_halfmax_width_r"":0.013338431845585192,""axis_peak"":0.0009755828546610312,""axis_peak_harmonic_index"":6,""axis_peak_is_local_max"":true,""axis_peak_r"":0.005,""r_ax"":0.03}},""crossing_features"":{""W_star_high_shear"":0.053584578075212344,""W_star_high_shear_sum"":0.06264711799884903,""W_star_sum"":0.4627546550512167,""n_cross"":4.0,""r_star_high_shear"":0.5470334634291643,""r_star_max"":0.5470334634291643},""crossing_records"":[{""W_peak"":0.44493554936027535,""boundary"":""high"",""r_cross"":0.5470334634291643,""shear_weighted"":0.053584578075212344},{""W_peak"":0.006106144016222103,""boundary"":""high"",""r_cross"":0.9096115002363785,""shear_weighted"":0.0030747395457706396},{""W_peak"":0.005910291494451609,""boundary"":""high"",""r_cross"":0.9107869376429215,""shear_weighted"":0.00298598606624214},{""W_peak"":0.005802670180267624,""boundary"":""high"",""r_cross"":0.9192468504076422,""shear_weighted"":0.003001814311623911}],""extremum_features"":{""ext_df_gap"":null,""ext_dr"":null,""ext_energy_frac"":null,""match_found"":false},""feature_schema_version"":""tae-rule-features-grouped-v3"",""numerical_structure_features"":{},""resolution_features"":{},""rf_standard_features"":{""S"":1.2319249242307417,""W_star"":0.3828308035583938,""W_star_max"":0.44493554936027535,""delta2_eff"":0.22924541732240214,""frac_spikes"":0.011023314798556238,""gamma_d"":-0.00022261388498970964,""max_abs_d1_abs"":0.3441660991495265,""max_abs_d2_abs"":0.35718687789541964,""max_per_m_mean"":0.10751841013116563,""max_to_mean"":114.0865177689649,""max_to_median"":11549940.461444693,""mean_abs_d1_mode"":0.0019614248319416955,""mean_abs_d2_mode"":0.0013600040588191721,""mean_amp"":0.008765277610725224,""ntor"":4.0,""r_star"":0.55,""rad_loc"":0.6424934957255682,""rad_width"":0.07508046464933141,""spikes_per_m"":2.215686274509804,""std_amp"":0.05797474517591364,""std_per_m_max"":0.27509134993698475,""std_per_m_mean"":0.027746627465445525},""source_feature_schema_version"":""rf_all_crossings_extremum_energy_31_v2""}",,,,,NOT_PRESENT,,REVIEW,rule_engine,,,,
/global/u2/e/ebelova/src_nova/data/nstxu_204202/N4/egn04w.5498E+02,nstxu_204202/N4/egn04w.5498E+02,nstxu_204202,4,4,201,51,7.415129725681422,-7.257275362774044e-05,0.6587258281995492,0.07402414817824744,e8ca30cf30da2a21cd79616f3b4ceb9caf7fd4ea429b5b2feb521f363262db2a,RULE_EVALUATED,tae_like,0.7270036470704169,0.8894473499789537,,REVIEW,NO_GOOD_TEMPLATE,"[""NO_GOOD_TEMPLATE""]",tae-rules-axis-artifact-v1,"{""boundary_features"":{""axis_artifact"":{""axis_component_touches_boundary"":false,""axis_halfmax_outer_edge_r"":0.008106488515664912,""axis_halfmax_width_grid"":1.1212977031329823,""axis_halfmax_width_r"":0.0056064885156649116,""axis_peak"":0.0005946703932343053,""axis_peak_harmonic_index"":6,""axis_peak_is_local_max"":true,""axis_peak_r"":0.005,""r_ax"":0.03}},""crossing_features"":{""W_star_high_shear"":0.05091129436132393,""W_star_high_shear_sum"":0.062309831611998046,""W_star_sum"":0.4347193732628279,""n_cross"":4.0,""r_star_high_shear"":0.5514066230954068,""r_star_max"":0.5514066230954068},""crossing_records"":[{""W_peak"":0.41228188546752365,""boundary"":""high"",""r_cross"":0.5514066230954068,""shear_weighted"":0.05091129436132393},{""W_peak"":0.008196550547578415,""boundary"":""high"",""r_cross"":0.9087606294395619,""shear_weighted"":0.004117468561165697},{""W_peak"":0.00705706290473568,""boundary"":""high"",""r_cross"":0.9125104451504569,""shear_weighted"":0.0035826671307216057},{""W_peak"":0.0071838743429901465,""boundary"":""high"",""r_cross"":0.9175095206601598,""shear_weighted"":0.003698401558786808}],""extremum_features"":{""ext_df_gap"":null,""ext_dr"":null,""ext_energy_frac"":null,""match_found"":false},""feature_schema_version"":""tae-rule-features-grouped-v3"",""numerical_structure_features"":{},""resolution_features"":{},""rf_standard_features"":{""S"":1.401243117967123,""W_star"":0.2789724786939293,""W_star_max"":0.41228188546752365,""delta2_eff"":0.2785290504575295,""frac_spikes"":0.011218417715344844,""gamma_d"":-7.257275362774044e-05,""max_abs_d1_abs"":0.5645688070481357,""max_abs_d2_abs"":0.7797740482232526,""max_per_m_mean"":0.08703348712767775,""max_to_mean"":135.678589853503,""max_to_median"":11855110.046804946,""mean_abs_d1_mode"":0.0018619430516617747,""mean_abs_d2_mode"":0.0013044927826497382,""mean_amp"":0.007370359619333137,""ntor"":4.0,""r_star"":0.555,""rad_loc"":0.6587258281995492,""rad_width"":0.07402414817824744,""spikes_per_m"":2.2549019607843137,""std_amp"":0.0490353615226894,""std_per_m_max"":0.25492786995568756,""std_per_m_mean"":0.022890171892178842},""source_feature_schema_version"":""rf_all_crossings_extremum_energy_31_v2""}",,,,,NOT_PRESENT,,REVIEW,rule_engine,,,,
/global/u2/e/ebelova/src_nova/data/nstxu_204202/N4/egn04w.5557E+02,nstxu_204202/N4/egn04w.5557E+02,nstxu_204202,4,4,201,51,7.454410507862903,-0.0003299944037648352,0.8842353308351644,0.09186338935027312,766113115124aae5be3c84c74d41b13cd66ac71c5008d4a13c555368c84cdc06,RULE_EVALUATED,mixed,-0.0335846260112106,0.4377673973931447,,REVIEW,NO_GOOD_TEMPLATE,"[""NO_GOOD_TEMPLATE""]",tae-rules-axis-artifact-v1,"{""boundary_features"":{""axis_artifact"":{""axis_component_touches_boundary"":false,""axis_halfmax_outer_edge_r"":0.009309426808034243,""axis_halfmax_width_grid"":1.3618853616068485,""axis_halfmax_width_r"":0.006809426808034242,""axis_peak"":0.014194833290768486,""axis_peak_harmonic_index"":5,""axis_peak_is_local_max"":true,""axis_peak_r"":0.005,""r_ax"":0.03}},""crossing_features"":{""W_star_high_shear"":0.2958721071796577,""W_star_high_shear_sum"":0.7530463588932425,""W_star_sum"":1.4894776741404236,""n_cross"":4.0,""r_star_high_shear"":0.9083002744721737,""r_star_max"":0.9083002744721737},""crossing_records"":[{""W_peak"":0.0073559389929498025,""boundary"":""high"",""r_cross"":0.5536116064353658,""shear_weighted"":0.0009197952049290395},{""W_peak"":0.5897517042363826,""boundary"":""high"",""r_cross"":0.9083002744721737,""shear_weighted"":0.2958721071796577},{""W_peak"":0.43669319854471284,""boundary"":""high"",""r_cross"":0.9134429313109802,""shear_weighted"":0.22227719450466893},{""W_peak"":0.4556768323663784,""boundary"":""high"",""r_cross"":0.9165695561176731,""shear_weighted"":0.23397726200398683}],""extremum_features"":{""ext_df_gap"":null,""ext_dr"":null,""ext_energy_frac"":null,""match_found"":false},""feature_schema_version"":""tae-rule-features-grouped-v3"",""numerical_structure_features"":{},""resolution_features"":{},""rf_standard_features"":{""S"":3.58396672668165,""W_star"":0.028082159986199923,""W_star_max"":0.5897517042363826,""delta2_eff"":3.4528126499620946,""frac_spikes"":0.009852697297824602,""gamma_d"":-0.0003299944037648352,""max_abs_d1_abs"":0.8437933307742175,""max_abs_d2_abs"":1.4234402860239057,""max_per_m_mean"":0.026234009464149805,""max_to_mean"":197.64097411125303,""max_to_median"":6186484.96521927,""mean_abs_d1_mode"":0.003062374643176723,""mean_abs_d2_mode"":0.003906009018234337,""mean_amp"":0.005059679574537283,""ntor"":4.0,""r_star"":0.555,""rad_loc"":0.8842353308351644,""rad_width"":0.09186338935027312,""spikes_per_m"":1.9803921568627452,""std_amp"":0.034929314811753744,""std_per_m_max"":0.28634510773838423,""std_per_m_mean"":0.007175763708006224},""source_feature_schema_version"":""rf_all_crossings_extremum_energy_31_v2""}",,,,,NOT_PRESENT,,REVIEW,rule_engine,,,,
/global/u2/e/ebelova/src_nova/data/nstxu_204202/N4/egn04w.5610E+02,nstxu_204202/N4/egn04w.5610E+02,nstxu_204202,4,4,201,51,7.489876665680503,-0.0003223617503964529,0.6952905435028889,0.10807081995776535,9fb3df9a6276e4156958b9b2f25410e6e3b28604afe29980b26bfcff4906f4f5,RULE_EVALUATED,tae_like,0.5187385264040422,0.7458908696118335,,REVIEW,NO_GOOD_TEMPLATE,"[""NO_GOOD_TEMPLATE""]",tae-rules-axis-artifact-v1,"{""boundary_features"":{""axis_artifact"":{""axis_component_touches_boundary"":false,""axis_halfmax_outer_edge_r"":0.009236968533120154,""axis_halfmax_width_grid"":1.3473937066240307,""axis_halfmax_width_r"":0.006736968533120153,""axis_peak"":0.011626637970794142,""axis_peak_harmonic_index"":5,""axis_peak_is_local_max"":true,""axis_peak_r"":0.005,""r_ax"":0.03}},""crossing_features"":{""W_star_high_shear"":0.14473980686135585,""W_star_high_shear_sum"":0.5162760553103428,""W_star_sum"":1.5132070468498848,""n_cross"":6.0,""r_star_high_shear"":0.9078825359625197,""r_star_max"":0.5555583402199592},""crossing_records"":[{""W_peak"":0.6393484757745845,""boundary"":""high"",""r_cross"":0.5555583402199592,""shear_weighted"":0.0808275424901183},{""W_peak"":0.1902240258582736,""boundary"":""high"",""r_cross"":0.8996761464734752,""shear_weighted"":0.09312354601121485},{""W_peak"":0.20000328727127015,""boundary"":""high"",""r_cross"":0.9000784048965121,""shear_weighted"":0.09802356572426495},{""W_peak"":0.2888454911581209,""boundary"":""high"",""r_cross"":0.9078825359625197,""shear_weighted"":0.14473980686135585},{""W_peak"":0.10653029928792696,""boundary"":""high"",""r_cross"":0.9142890943950454,""shear_weighted"":0.05435270792126365},{""W_peak"":0.08825546749970871,""boundary"":""high"",""r_cross"":0.9157166069481797,""shear_weighted"":0.04520888630212522}],""extremum_features"":{""ext_df_gap"":null,""ext_dr"":null,""ext_energy_frac"":null,""match_found"":false},""feature_schema_version"":""tae-rule-features-grouped-v3"",""numerical_structure_features"":{},""resolution_features"":{},""rf_standard_features"":{""S"":1.251869316384469,""W_star"":0.36121751572479455,""W_star_max"":0.6393484757745845,""delta2_eff"":0.5515663201800192,""frac_spikes"":0.01141352063213345,""gamma_d"":-0.0003223617503964529,""max_abs_d1_abs"":0.6454687620030111,""max_abs_d2_abs"":1.2632561490680851,""max_per_m_mean"":0.06694777581510034,""max_to_mean"":147.50149038374383,""max_to_median"":6221090.342689748,""mean_abs_d1_mode"":0.003043182178195239,""mean_abs_d2_mode"":0.0031322192936560052,""mean_amp"":0.006779592512935779,""ntor"":4.0,""r_star"":0.56,""rad_loc"":0.6952905435028889,""rad_width"":0.10807081995776535,""spikes_per_m"":2.2941176470588234,""std_amp"":0.0435871697498918,""std_per_m_max"":0.2893866447838397,""std_per_m_mean"":0.017463013676861927},""source_feature_schema_version"":""rf_all_crossings_extremum_energy_31_v2""}",,,,,NOT_PRESENT,,REVIEW,rule_engine,,,,
/global/u2/e/ebelova/src_nova/data/nstxu_204202/N4/egn04w.5691E+02,nstxu_204202/N4/egn04w.5691E+02,nstxu_204202,4,4,201,51,7.543717159698284,-9.390424212914e-05,0.6637087132074443,0.05844899353947094,5fa0e957c9672038ba227c6e57619abf77e050888c673bf611f0c78e4fa82a57,RULE_EVALUATED,tae_like,0.6032688701535341,0.9916756856440542,,REVIEW,NO_GOOD_TEMPLATE,"[""NO_GOOD_TEMPLATE""]",tae-rules-axis-artifact-v1,"{""boundary_features"":{""axis_artifact"":{""axis_component_touches_boundary"":false,""axis_halfmax_outer_edge_r"":0.009195695769229864,""axis_halfmax_width_grid"":1.3391391538459727,""axis_halfmax_width_r"":0.006695695769229864,""axis_peak"":0.00846056606226133,""axis_peak_harmonic_index"":5,""axis_peak_is_local_max"":true,""axis_peak_r"":0.005,""r_ax"":0.03}},""crossing_features"":{""W_star_high_shear"":0.021931029941306964,""W_star_high_shear_sum"":0.025044329110131727,""W_star_sum"":0.17713644634967557,""n_cross"":4.0,""r_star_high_shear"":0.5583439172172225,""r_star_max"":0.5583439172172225},""crossing_records"":[{""W_peak"":0.17078862973218567,""boundary"":""high"",""r_cross"":0.5583439172172225,""shear_weighted"":0.021931029941306964},{""W_peak"":0.0025552679491875523,""boundary"":""high"",""r_cross"":0.8951770676000916,""shear_weighted"":0.0012348872939485292},{""W_peak"":0.0021733792189542827,""boundary"":""high"",""r_cross"":0.9011676313046741,""shear_weighted"":0.0010685115682502854},{""W_peak"":0.0016191694493480715,""boundary"":""high"",""r_cross"":0.9072445854146113,""shear_weighted"":0.0008099003066259474}],""extremum_features"":{""ext_df_gap"":null,""ext_dr"":null,""ext_energy_frac"":null,""match_found"":false},""feature_schema_version"":""tae-rule-features-grouped-v3"",""numerical_structure_features"":{},""resolution_features"":{},""rf_standard_features"":{""S"":1.7743455776639645,""W_star"":0.18413974568603445,""W_star_max"":0.17078862973218567,""delta2_eff"":0.048858894924641356,""frac_spikes"":0.008389425421910058,""gamma_d"":-9.390424212914e-05,""max_abs_d1_abs"":0.915849655240639,""max_abs_d2_abs"":1.184450371211911,""max_per_m_mean"":0.04606166571193706,""max_to_mean"":280.4238921808949,""max_to_median"":10119188.214575816,""mean_abs_d1_mode"":0.0013374852622528453,""mean_abs_d2_mode"":0.0011921990451156136,""mean_amp"":0.0035660299553737724,""ntor"":4.0,""r_star"":0.56,""rad_loc"":0.6637087132074443,""rad_width"":0.05844899353947094,""spikes_per_m"":1.6862745098039216,""std_amp"":0.02750526368113225,""std_per_m_max"":0.23996740592064775,""std_per_m_mean"":0.01125271106237408},""source_feature_schema_version"":""rf_all_crossings_extremum_energy_31_v2""}",,,,,NOT_PRESENT,,REVIEW,rule_engine,,,,
/global/u2/e/ebelova/src_nova/data/nstxu_204202/N5/egn05w.5249E+01,nstxu_204202/N5/egn05w.5249E+01,nstxu_204202,5,5,201,54,2.2911697963645175,-0.00014840750313461313,0.7252675893170901,0.10990998568618174,97bf613b0e921384f5eea3f710e0c9231ebcd490a9ed4d458d00f87875d170a2,RULE_EVALUATED,tae_like,0.9965247483782571,1.0,,BAD,BAD_AXIS_SPIKE,"[""BAD_AXIS_SPIKE""]",tae-rules-axis-artifact-v1,"{""boundary_features"":{""axis_artifact"":{""axis_component_touches_boundary"":false,""axis_halfmax_outer_edge_r"":0.012985011403961605,""axis_halfmax_width_grid"":1.7351131367781325,""axis_halfmax_width_r"":0.008675565683890663,""axis_peak"":0.13158182105684713,""axis_peak_harmonic_index"":8,""axis_peak_is_local_max"":true,""axis_peak_r"":0.01,""r_ax"":0.03}},""crossing_features"":{""W_star_high_shear"":0.0026147904589626297,""W_star_high_shear_sum"":0.0027298989671691656,""W_star_sum"":0.014931956711560267,""n_cross"":3.0,""r_star_high_shear"":0.6312083120969149,""r_star_max"":0.6312083120969149},""crossing_records"":[{""W_peak"":0.00023605549373309875,""boundary"":""low"",""r_cross"":0.5064701304254529,""shear_weighted"":2.2171262229051324e-05},{""W_peak"":0.0006333977057610905,""boundary"":""low"",""r_cross"":0.5830510493662845,""shear_weighted"":9.293724597748459e-05},{""W_peak"":0.014062503512066078,""boundary"":""low"",""r_cross"":0.6312083120969149,""shear_weighted"":0.0026147904589626297}],""extremum_features"":{""ext_df_gap"":1.411413705121532,""ext_dr"":0.525,""ext_energy_frac"":1.9675320673508808e-05,""match_found"":true},""feature_schema_version"":""tae-rule-features-grouped-v3"",""numerical_structure_features"":{},""resolution_features"":{},""rf_standard_features"":{""S"":1.9585808147566304,""W_star"":0.004188606353489035,""W_star_max"":0.014062503512066078,""delta2_eff"":0.05804599810501982,""frac_spikes"":0.006909894969596462,""gamma_d"":-0.00014840750313461313,""max_abs_d1_abs"":0.966899518285286,""max_abs_d2_abs"":1.407923096055117,""max_per_m_mean"":0.03166383303384026,""max_to_mean"":354.53767307526925,""max_to_median"":1326351.7569946605,""mean_abs_d1_mode"":0.001867034186781993,""mean_abs_d2_mode"":0.0028463002050020986,""mean_amp"":0.0028205747247434542,""ntor"":5.0,""r_star"":0.51,""rad_loc"":0.7252675893170901,""rad_width"":0.10990998568618174,""spikes_per_m"":1.3888888888888888,""std_amp"":0.02400293487793093,""std_per_m_max"":0.22328916096930276,""std_per_m_mean"":0.007226639054050704},""source_feature_schema_version"":""rf_all_crossings_extremum_energy_31_v2""}",,,,,NOT_PRESENT,,BAD,rule_engine,,,,
/global/u2/e/ebelova/src_nova/data/nstxu_204202/N5/egn05w.1086E+02,nstxu_204202/N5/egn05w.1086E+02,nstxu_204202,5,5,201,54,3.295811595773569,-0.0,0.022738511363701218,0.010429145713429755,7c4e939cd1a1acbe5c35a6fb4409ac6fd45214aece6c16535b2b4b424ca84308,RULE_EVALUATED,tae_like,0.9999433972804663,1.0,,BAD,BAD_AXIS_SPIKE,"[""BAD_AXIS_SPIKE""]",tae-rules-axis-artifact-v1,"{""boundary_features"":{""axis_artifact"":{""axis_component_touches_boundary"":false,""axis_halfmax_outer_edge_r"":0.019852838264049055,""axis_halfmax_width_grid"":2.0681421837074487,""axis_halfmax_width_r"":0.010340710918537244,""axis_peak"":0.9218893946647476,""axis_peak_harmonic_index"":9,""axis_peak_is_local_max"":true,""axis_peak_r"":0.015,""r_ax"":0.03}},""crossing_features"":{""W_star_high_shear"":0.0,""W_star_high_shear_sum"":0.0,""W_star_sum"":0.0,""n_cross"":0.0,""r_star_high_shear"":null,""r_star_max"":null},""crossing_records"":[],""extremum_features"":{""ext_df_gap"":0.6763574273477634,""ext_dr"":0.14500000000000002,""ext_energy_frac"":1.3271867212083491e-05,""match_found"":true},""feature_schema_version"":""tae-rule-features-grouped-v3"",""numerical_structure_features"":{},""resolution_features"":{},""rf_standard_features"":{""S"":1.2214338271327656,""W_star"":0.4884395872666848,""W_star_max"":0.0,""delta2_eff"":0.0,""frac_spikes"":0.0009213193292795283,""gamma_d"":-0.0,""max_abs_d1_abs"":0.7106692215202512,""max_abs_d2_abs"":1.253582435447761,""max_per_m_mean"":0.020909253310051702,""max_to_mean"":1845.0695152023827,""max_to_median"":43052906.416636914,""mean_abs_d1_mode"":0.0006332010888011454,""mean_abs_d2_mode"":0.0011432607763006493,""mean_amp"":0.0005419849983512638,""ntor"":5.0,""r_star"":0.01,""rad_loc"":0.022738511363701218,""rad_width"":0.010429145713429755,""spikes_per_m"":0.18518518518518517,""std_amp"":0.015802871893774453,""std_per_m_max"":0.17310502366065628,""std_per_m_mean"":0.0036111716567818826},""source_feature_schema_version"":""rf_all_crossings_extremum_energy_31_v2""}",,,,,NOT_PRESENT,,BAD,rule_engine,,,,
/global/u2/e/ebelova/src_nova/data/nstxu_204202/N5/egn05w.1124E+02,nstxu_204202/N5/egn05w.1124E+02,nstxu_204202,5,5,201,54,3.3521196130945894,-0.0,0.016923583757530985,0.007792161667981756,72bf3472ccd6cbd3d109b9f497b61b2946c8e1a9318e148ee602dc68730422d4,RULE_EVALUATED,tae_like,0.9999328631848936,1.0,,BAD,BAD_AXIS_SPIKE,"[""BAD_AXIS_SPIKE""]",tae-rules-axis-artifact-v1,"{""boundary_features"":{""axis_artifact"":{""axis_component_touches_boundary"":false,""axis_halfmax_outer_edge_r"":0.022611613893981964,""axis_halfmax_width_grid"":2.564610455077772,""axis_halfmax_width_r"":0.012823052275388859,""axis_peak"":1.0,""axis_peak_harmonic_index"":9,""axis_peak_is_local_max"":true,""axis_peak_r"":0.02,""r_ax"":0.03}},""crossing_features"":{""W_star_high_shear"":0.0,""W_star_high_shear_sum"":0.0,""W_star_sum"":0.0,""n_cross"":0.0,""r_star_high_shear"":null,""r_star_max"":null},""crossing_records"":[],""extremum_features"":{""ext_df_gap"":0.6481984193318835,""ext_dr"":0.15500000000000003,""ext_energy_frac"":1.5986614227001796e-05,""match_found"":true},""feature_schema_version"":""tae-rule-features-grouped-v3"",""numerical_structure_features"":{},""resolution_features"":{},""rf_standard_features"":{""S"":0.8885318415673651,""W_star"":0.5286417483145067,""W_star_max"":0.0,""delta2_eff"":0.0,""frac_spikes"":0.0003685277317118113,""gamma_d"":-0.0,""max_abs_d1_abs"":0.9572624826973237,""max_abs_d2_abs"":1.0598928480427445,""max_per_m_mean"":0.013988893918944412,""max_to_mean"":2565.188535816211,""max_to_median"":56123402.36196931,""mean_abs_d1_mode"":0.000289606249837336,""mean_abs_d2_mode"":0.0004462352078048667,""mean_amp"":0.00038983489262968505,""ntor"":5.0,""r_star"":0.01,""rad_loc"":0.016923583757530985,""rad_width"":0.007792161667981756,""spikes_per_m"":0.07407407407407407,""std_amp"":0.01417976559364463,""std_per_m_max"":0.17316169172235535,""std_per_m_mean"":0.0024156528344444375},""source_feature_schema_version"":""rf_all_crossings_extremum_energy_31_v2""}",,,,,NOT_PRESENT,,BAD,rule_engine,,,,
/global/u2/e/ebelova/src_nova/data/nstxu_204202/N5/egn05w.1266E+02,nstxu_204202/N5/egn05w.1266E+02,nstxu_204202,5,5,201,54,3.5580777463649707,-0.0,0.67370745355549,0.10308136931598842,54e6cea63eb979fbffb95f8857c1c303a6ab7f9b21152946e2b0e256537c2232,RULE_EVALUATED,tae_like,0.9949698185113177,1.0,,REVIEW,NO_GOOD_TEMPLATE,"[""NO_GOOD_TEMPLATE""]",tae-rules-axis-artifact-v1,"{""boundary_features"":{""axis_artifact"":{""axis_component_touches_boundary"":false,""axis_halfmax_outer_edge_r"":0.01753753800409792,""axis_halfmax_width_grid"":1.1010036203532838,""axis_halfmax_width_r"":0.005505018101766419,""axis_peak"":0.003167506095882178,""axis_peak_harmonic_index"":9,""axis_peak_is_local_max"":true,""axis_peak_r"":0.015,""r_ax"":0.03}},""crossing_features"":{""W_star_high_shear"":0.0,""W_star_high_shear_sum"":0.0,""W_star_sum"":0.0,""n_cross"":0.0,""r_star_high_shear"":null,""r_star_max"":null},""crossing_records"":[],""extremum_features"":{""ext_df_gap"":0.552793008347936,""ext_dr"":0.45499999999999996,""ext_energy_frac"":4.180331401423001e-07,""match_found"":true},""feature_schema_version"":""tae-rule-features-grouped-v3"",""numerical_structure_features"":{},""resolution_features"":{},""rf_standard_features"":{""S"":6.438675174313068,""W_star"":2.2842131947838975e-07,""W_star_max"":0.0,""delta2_eff"":0.0,""frac_spikes"":0.012529942878201585,""gamma_d"":-0.0,""max_abs_d1_abs"":0.2208666814633536,""max_abs_d2_abs"":0.3531291836064841,""max_per_m_mean"":0.1534843663993215,""max_to_mean"":94.85276268145896,""max_to_median"":1631648.8698677316,""mean_abs_d1_mode"":0.0019053675129050123,""mean_abs_d2_mode"":0.0011435374882164584,""mean_amp"":0.010542655497166863,""ntor"":5.0,""r_star"":0.01,""rad_loc"":0.67370745355549,""rad_width"":0.10308136931598842,""spikes_per_m"":2.5185185185185186,""std_amp"":0.06800901483926981,""std_per_m_max"":0.257883222556913,""std_per_m_mean"":0.035025176439322174},""source_feature_schema_version"":""rf_all_crossings_extremum_energy_31_v2""}",,,,,NOT_PRESENT,,REVIEW,rule_engine,,,,
/global/u2/e/ebelova/src_nova/data/nstxu_204202/N5/egn05w.1358E+02,nstxu_204202/N5/egn05w.1358E+02,nstxu_204202,5,5,201,54,3.6857021989050005,-0.0,0.6955868405070914,0.1129640416311501,f6b58313f6b330f8c33eafe9f764911bad6e3b8108a7bce664fe226fafbf08d0,RULE_EVALUATED,tae_like,0.9939827935324523,1.0,,REVIEW,NO_GOOD_TEMPLATE,"[""NO_GOOD_TEMPLATE""]",tae-rules-axis-artifact-v1,"{""boundary_features"":{""axis_artifact"":{""axis_component_touches_boundary"":false,""axis_halfmax_outer_edge_r"":0.013037101135654752,""axis_halfmax_width_grid"":1.1221063790224701,""axis_halfmax_width_r"":0.005610531895112351,""axis_peak"":0.003429004219978202,""axis_peak_harmonic_index"":9,""axis_peak_is_local_max"":true,""axis_peak_r"":0.01,""r_ax"":0.03}},""crossing_features"":{""W_star_high_shear"":0.0,""W_star_high_shear_sum"":0.0,""W_star_sum"":0.0,""n_cross"":0.0,""r_star_high_shear"":null,""r_star_max"":null},""crossing_records"":[],""extremum_features"":{""ext_df_gap"":0.4990245954638815,""ext_dr"":0.52,""ext_energy_frac"":4.658296402928742e-07,""match_found"":true},""feature_schema_version"":""tae-rule-features-grouped-v3"",""numerical_structure_features"":{},""resolution_features"":{},""rf_standard_features"":{""S"":6.069071454964391,""W_star"":2.468572417872862e-07,""W_star_max"":0.0,""delta2_eff"":0.0,""frac_spikes"":0.013819789939192924,""gamma_d"":-0.0,""max_abs_d1_abs"":0.31200990673721424,""max_abs_d2_abs"":0.4972701648641721,""max_per_m_mean"":0.1550169194439929,""max_to_mean"":87.44623062088753,""max_to_median"":1979584.9131766867,""mean_abs_d1_mode"":0.0023356190352882833,""mean_abs_d2_mode"":0.0014267994787298137,""mean_amp"":0.011435598685184406,""ntor"":5.0,""r_star"":0.01,""rad_loc"":0.6955868405070914,""rad_width"":0.1129640416311501,""spikes_per_m"":2.7777777777777777,""std_amp"":0.07213416884428611,""std_per_m_max"":0.29158525506003397,""std_per_m_mean"":0.03547655406416718},""source_feature_schema_version"":""rf_all_crossings_extremum_energy_31_v2""}",,,,,NOT_PRESENT,,REVIEW,rule_engine,,,,
/global/u2/e/ebelova/src_nova/data/nstxu_204202/N5/egn05w.1651E+02,nstxu_204202/N5/egn05w.1651E+02,nstxu_204202,5,5,201,54,4.063847828032923,-0.0,0.7365529906666988,0.1202615804158479,3af5dfa6cc0cf882191db7211d1a235acf35b8cf3014d79b0aa51f0e11ba527d,RULE_EVALUATED,tae_like,0.9895381630888798,1.0,,REVIEW,NO_GOOD_TEMPLATE,"[""NO_GOOD_TEMPLATE""]",tae-rules-axis-artifact-v1,"{""boundary_features"":{""axis_artifact"":{""axis_component_touches_boundary"":false,""axis_halfmax_outer_edge_r"":0.017576831888242852,""axis_halfmax_width_grid"":3.0153663776485704,""axis_halfmax_width_r"":0.015076831888242851,""axis_peak"":0.007197816183856043,""axis_peak_harmonic_index"":9,""axis_peak_is_local_max"":true,""axis_peak_r"":0.005,""r_ax"":0.03}},""crossing_features"":{""W_star_high_shear"":0.0,""W_star_high_shear_sum"":0.0,""W_star_sum"":0.0,""n_cross"":0.0,""r_star_high_shear"":null,""r_star_max"":null},""crossing_records"":[],""extremum_features"":{""ext_df_gap"":0.3595386642191827,""ext_dr"":0.7849999999999999,""ext_energy_frac"":1.6643595799371874e-06,""match_found"":true},""feature_schema_version"":""tae-rule-features-grouped-v3"",""numerical_structure_features"":{},""resolution_features"":{},""rf_standard_features"":{""S"":6.041438904663795,""W_star"":2.8363008584097503e-06,""W_star_max"":0.0,""delta2_eff"":0.0,""frac_spikes"":0.014833241201400406,""gamma_d"":-0.0,""max_abs_d1_abs"":0.573842852975465,""max_abs_d2_abs"":0.8327411031743375,""max_per_m_mean"":0.14078395977708308,""max_to_mean"":80.18421558910308,""max_to_median"":1065084.4219526858,""mean_abs_d1_mode"":0.0032477569944037036,""mean_abs_d2_mode"":0.0027781510017864616,""mean_amp"":0.012471282440976006,""ntor"":5.0,""r_star"":0.01,""rad_loc"":0.7365529906666988,""rad_width"":0.1202615804158479,""spikes_per_m"":2.9814814814814814,""std_amp"":0.0750318691822632,""std_per_m_max"":0.28420895421652936,""std_per_m_mean"":0.03372562340845874},""source_feature_schema_version"":""rf_all_crossings_extremum_energy_31_v2""}",,,,,NOT_PRESENT,,REVIEW,rule_engine,,,,
/global/u2/e/ebelova/src_nova/data/nstxu_204202/N5/egn05w.1894E+02,nstxu_204202/N5/egn05w.1894E+02,nstxu_204202,5,5,201,54,4.352521553462463,-0.0,0.9346086654462384,0.060168378709984684,8047f8d1ec1a482ba5403757e498893d59682c6f01d33831dc64ad3236336261,RULE_EVALUATED,tae_like,0.9765215954738896,1.0,,REVIEW,NO_GOOD_TEMPLATE,"[""NO_GOOD_TEMPLATE""]",tae-rules-axis-artifact-v1,"{""boundary_features"":{""axis_artifact"":{""axis_component_touches_boundary"":false,""axis_halfmax_outer_edge_r"":0.00857166911494265,""axis_halfmax_width_grid"":1.2143338229885299,""axis_halfmax_width_r"":0.006071669114942649,""axis_peak"":0.005914533308206218,""axis_peak_harmonic_index"":9,""axis_peak_is_local_max"":true,""axis_peak_r"":0.005,""r_ax"":0.03}},""crossing_features"":{""W_star_high_shear"":0.0,""W_star_high_shear_sum"":0.0,""W_star_sum"":0.0,""n_cross"":0.0,""r_star_high_shear"":null,""r_star_max"":null},""crossing_records"":[],""extremum_features"":{""ext_df_gap"":0.2693695320862368,""ext_dr"":0.7999999999999999,""ext_energy_frac"":6.083818843861877e-06,""match_found"":true},""feature_schema_version"":""tae-rule-features-grouped-v3"",""numerical_structure_features"":{},""resolution_features"":{},""rf_standard_features"":{""S"":15.36701977441577,""W_star"":2.5735319173515852e-06,""W_star_max"":0.0,""delta2_eff"":0.0,""frac_spikes"":0.010410908420858669,""gamma_d"":-0.0,""max_abs_d1_abs"":0.8388805648602293,""max_abs_d2_abs"":1.3643502833666121,""max_per_m_mean"":0.018074006575342905,""max_to_mean"":127.98386468104982,""max_to_median"":2352647.731263411,""mean_abs_d1_mode"":0.0034652707199840363,""mean_abs_d2_mode"":0.0035100615265936984,""mean_amp"":0.007813484944872766,""ntor"":5.0,""r_star"":0.01,""rad_loc"":0.9346086654462384,""rad_width"":0.060168378709984684,""spikes_per_m"":2.0925925925925926,""std_amp"":0.045775668455932145,""std_per_m_max"":0.31680888500470833,""std_per_m_mean"":0.005944002739813074},""source_feature_schema_version"":""rf_all_crossings_extremum_energy_31_v2""}",,,,,NOT_PRESENT,,REVIEW,rule_engine,,,,
/global/u2/e/ebelova/src_nova/data/nstxu_204202/N5/egn05w.2135E+02,nstxu_204202/N5/egn05w.2135E+02,nstxu_204202,5,5,201,54,4.620492001990755,-0.0,0.766352835319644,0.09683138645930012,07514d909fd3a67470d0f4d9bc701247c9bea4e4a6d1a57fba92503458ee9cef,RULE_EVALUATED,tae_like,0.9919910717590945,1.0,,REVIEW,NO_GOOD_TEMPLATE,"[""NO_GOOD_TEMPLATE""]",tae-rules-axis-artifact-v1,"{""boundary_features"":{""axis_artifact"":{""axis_component_touches_boundary"":false,""axis_halfmax_outer_edge_r"":0.008485534876324592,""axis_halfmax_width_grid"":1.1971069752649184,""axis_halfmax_width_r"":0.005985534876324592,""axis_peak"":0.006409512829662922,""axis_peak_harmonic_index"":9,""axis_peak_is_local_max"":true,""axis_peak_r"":0.005,""r_ax"":0.03}},""crossing_features"":{""W_star_high_shear"":0.0,""W_star_high_shear_sum"":0.0,""W_star_sum"":0.0,""n_cross"":0.0,""r_star_high_shear"":null,""r_star_max"":null},""crossing_records"":[],""extremum_features"":{""ext_df_gap"":0.19575106835667283,""ext_dr"":0.63,""ext_energy_frac"":3.3550411702260148e-06,""match_found"":true},""feature_schema_version"":""tae-rule-features-grouped-v3"",""numerical_structure_features"":{},""resolution_features"":{},""rf_standard_features"":{""S"":7.81102969779061,""W_star"":9.093291396458837e-07,""W_star_max"":0.0,""delta2_eff"":0.0,""frac_spikes"":0.013727658006264971,""gamma_d"":-0.0,""max_abs_d1_abs"":0.37167628621794213,""max_abs_d2_abs"":0.47985872940108765,""max_per_m_mean"":0.11742800876074297,""max_to_mean"":74.55904181847531,""max_to_median"":1165210.0721902992,""mean_abs_d1_mode"":0.0027082791620030313,""mean_abs_d2_mode"":0.0018537330874391297,""mean_amp"":0.013412189528401995,""ntor"":5.0,""r_star"":0.01,""rad_loc"":0.766352835319644,""rad_width"":0.09683138645930012,""spikes_per_m"":2.759259259259259,""std_amp"":0.07892209648404297,""std_per_m_max"":0.31149377208181633,""std_per_m_mean"":0.03263375108689212},""source_feature_schema_version"":""rf_all_crossings_extremum_energy_31_v2""}",,,,,NOT_PRESENT,,REVIEW,rule_engine,,,,
/global/u2/e/ebelova/src_nova/data/nstxu_204202/N5/egn05w.2391E+02,nstxu_204202/N5/egn05w.2391E+02,nstxu_204202,5,5,201,54,4.889717683198244,-0.0,0.7781736294287788,0.09751801385052782,dc99e2192657312dc44ae0763fd8385d4c0285aa64219e7ea8dae414943e891e,RULE_EVALUATED,tae_like,0.9910781298852301,1.0,,REVIEW,NO_GOOD_TEMPLATE,"[""NO_GOOD_TEMPLATE""]",tae-rules-axis-artifact-v1,"{""boundary_features"":{""axis_artifact"":{""axis_component_touches_boundary"":false,""axis_halfmax_outer_edge_r"":0.01771760974992424,""axis_halfmax_width_grid"":1.5135294963058863,""axis_halfmax_width_r"":0.007567647481529431,""axis_peak"":0.00037749082801171303,""axis_peak_harmonic_index"":9,""axis_peak_is_local_max"":true,""axis_peak_r"":0.015,""r_ax"":0.03}},""crossing_features"":{""W_star_high_shear"":0.0,""W_star_high_shear_sum"":0.0,""W_star_sum"":0.0,""n_cross"":0.0,""r_star_high_shear"":null,""r_star_max"":null},""crossing_records"":[],""extremum_features"":{""ext_df_gap"":0.12991354627659565,""ext_dr"":0.655,""ext_energy_frac"":6.808420750805899e-06,""match_found"":true},""feature_schema_version"":""tae-rule-features-grouped-v3"",""numerical_structure_features"":{},""resolution_features"":{},""rf_standard_features"":{""S"":7.877248511216923,""W_star"":1.2191123672322674e-07,""W_star_max"":0.0,""delta2_eff"":0.0,""frac_spikes"":0.013911921872120878,""gamma_d"":-0.0,""max_abs_d1_abs"":0.2523016259049445,""max_abs_d2_abs"":0.34472260515762543,""max_per_m_mean"":0.10781114801270265,""max_to_mean"":77.48544454789216,""max_to_median"":2429809.0308995745,""mean_abs_d1_mode"":0.0024575107398991207,""mean_abs_d2_mode"":0.0011373490593115847,""mean_amp"":0.012905649645004427,""ntor"":5.0,""r_star"":0.01,""rad_loc"":0.7781736294287788,""rad_width"":0.09751801385052782,""spikes_per_m"":2.7962962962962963,""std_amp"":0.0781927053245862,""std_per_m_max"":0.3600017491694424,""std_per_m_mean"":0.03084508228881744},""source_feature_schema_version"":""rf_all_crossings_extremum_energy_31_v2""}",,,,,NOT_PRESENT,,REVIEW,rule_engine,,,,
/global/u2/e/ebelova/src_nova/data/nstxu_204202/N5/egn05w.2841E+02,nstxu_204202/N5/egn05w.2841E+02,nstxu_204202,5,5,201,54,5.3304968000054584,-0.0,0.01387524687477342,0.022672547067354807,7594d7ab34b89d943422742184b21a089eb2c9790953bd09c21532314d43e76d,RULE_EVALUATED,tae_like,0.7419892349591705,1.0,,BAD,BAD_AXIS_SPIKE,"[""BAD_AXIS_SPIKE""]",tae-rules-axis-artifact-v1,"{""boundary_features"":{""axis_artifact"":{""axis_component_touches_boundary"":false,""axis_halfmax_outer_edge_r"":0.01777358782917506,""axis_halfmax_width_grid"":2.612875367757059,""axis_halfmax_width_r"":0.013064376838785294,""axis_peak"":1.0,""axis_peak_harmonic_index"":8,""axis_peak_is_local_max"":true,""axis_peak_r"":0.015,""r_ax"":0.03}},""crossing_features"":{""W_star_high_shear"":0.0,""W_star_high_shear_sum"":0.0,""W_star_sum"":0.0,""n_cross"":0.0,""r_star_high_shear"":null,""r_star_max"":null},""crossing_records"":[],""extremum_features"":{""ext_df_gap"":0.036480923824632895,""ext_dr"":0.165,""ext_energy_frac"":0.001627752927742371,""match_found"":true},""feature_schema_version"":""tae-rule-features-grouped-v3"",""numerical_structure_features"":{},""resolution_features"":{},""rf_standard_features"":{""S"":0.1709224315684537,""W_star"":0.9860448642649243,""W_star_max"":0.0,""delta2_eff"":0.0,""frac_spikes"":0.0012898470609913396,""gamma_d"":-0.0,""max_abs_d1_abs"":0.9013595941339154,""max_abs_d2_abs"":1.20850723348243,""max_per_m_mean"":0.01951742578497972,""max_to_mean"":936.2816869962213,""max_to_median"":9522213.714999404,""mean_abs_d1_mode"":0.0009343215165170146,""mean_abs_d2_mode"":0.0014336883346086251,""mean_amp"":0.001068054638846903,""ntor"":5.0,""r_star"":0.01,""rad_loc"":0.01387524687477342,""rad_width"":0.022672547067354807,""spikes_per_m"":0.25925925925925924,""std_amp"":0.018703979291528033,""std_per_m_max"":0.22918691061709265,""std_per_m_mean"":0.004378555347526566},""source_feature_schema_version"":""rf_all_crossings_extremum_energy_31_v2""}",,,,,NOT_PRESENT,,BAD,rule_engine,,,,
/global/u2/e/ebelova/src_nova/data/nstxu_204202/N5/egn05w.2900E+02,nstxu_204202/N5/egn05w.2900E+02,nstxu_204202,5,5,201,54,5.3851867591496845,-0.0,0.02824187988177621,0.05482998864241759,9a976659ce8d4e89a2717517b167842ceb6cdaaee9081b4a813a2a37a8b6086a,RULE_EVALUATED,tae_like,0.23018160015828432,1.0,,BAD,BAD_AXIS_SPIKE,"[""BAD_AXIS_SPIKE""]",tae-rules-axis-artifact-v1,"{""boundary_features"":{""axis_artifact"":{""axis_component_touches_boundary"":false,""axis_halfmax_outer_edge_r"":0.02744540009415474,""axis_halfmax_width_grid"":2.1872156172121278,""axis_halfmax_width_r"":0.01093607808606064,""axis_peak"":1.0,""axis_peak_harmonic_index"":8,""axis_peak_is_local_max"":true,""axis_peak_r"":0.02,""r_ax"":0.03}},""crossing_features"":{""W_star_high_shear"":0.0,""W_star_high_shear_sum"":0.0,""W_star_sum"":0.0,""n_cross"":0.0,""r_star_high_shear"":null,""r_star_max"":null},""crossing_records"":[],""extremum_features"":{""ext_df_gap"":0.02595480803460422,""ext_dr"":0.15500000000000003,""ext_energy_frac"":0.0033658155932288123,""match_found"":true},""feature_schema_version"":""tae-rule-features-grouped-v3"",""numerical_structure_features"":{},""resolution_features"":{},""rf_standard_features"":{""S"":0.33269895422395235,""W_star"":0.9700979357024184,""W_star_max"":0.0,""delta2_eff"":0.0,""frac_spikes"":0.0023032983231988206,""gamma_d"":-0.0,""max_abs_d1_abs"":0.7161932454946978,""max_abs_d2_abs"":0.8998565030241378,""max_per_m_mean"":0.023691701300473968,""max_to_mean"":807.3198116613999,""max_to_median"":5340885.38718498,""mean_abs_d1_mode"":0.0007498516192468004,""mean_abs_d2_mode"":0.0011408161105163673,""mean_amp"":0.0012386664921981289,""ntor"":5.0,""r_star"":0.01,""rad_loc"":0.02824187988177621,""rad_width"":0.05482998864241759,""spikes_per_m"":0.46296296296296297,""std_amp"":0.017813320174895536,""std_per_m_max"":0.20050169490795858,""std_per_m_mean"":0.005418481039010771},""source_feature_schema_version"":""rf_all_crossings_extremum_energy_31_v2""}",,,,,NOT_PRESENT,,BAD,rule_engine,,,,
/global/u2/e/ebelova/src_nova/data/nstxu_204202/N5/egn05w.2907E+02,nstxu_204202/N5/egn05w.2907E+02,nstxu_204202,5,5,201,54,5.391415607545897,-0.0,0.8099702865517963,0.10530907543524357,ef75a5559fb81aa49fbf95edfeb1e45e6847d15e8dd5e1406fa8f6ad91a7688f,RULE_EVALUATED,tae_like,0.9812975310360224,1.0,,REVIEW,NO_GOOD_TEMPLATE,"[""NO_GOOD_TEMPLATE""]",tae-rules-axis-artifact-v1,"{""boundary_features"":{""axis_artifact"":{""axis_component_touches_boundary"":false,""axis_halfmax_outer_edge_r"":0.028367705650418133,""axis_halfmax_width_grid"":4.811688895876066,""axis_halfmax_width_r"":0.024058444479380332,""axis_peak"":0.02640396518730751,""axis_peak_harmonic_index"":8,""axis_peak_is_local_max"":true,""axis_peak_r"":0.015,""r_ax"":0.03}},""crossing_features"":{""W_star_high_shear"":0.0,""W_star_high_shear_sum"":0.0,""W_star_sum"":0.0,""n_cross"":0.0,""r_star_high_shear"":null,""r_star_max"":null},""crossing_records"":[],""extremum_features"":{""ext_df_gap"":0.024769494672438438,""ext_dr"":0.695,""ext_energy_frac"":3.71916353349661e-05,""match_found"":true},""feature_schema_version"":""tae-rule-features-grouped-v3"",""numerical_structure_features"":{},""resolution_features"":{},""rf_standard_features"":{""S"":7.5964040443609795,""W_star"":6.239007577346082e-05,""W_star_max"":0.0,""delta2_eff"":0.0,""frac_spikes"":0.014833241201400406,""gamma_d"":-0.0,""max_abs_d1_abs"":0.5625968048530272,""max_abs_d2_abs"":0.9466335725435984,""max_per_m_mean"":0.0902110310350992,""max_to_mean"":75.45230869688392,""max_to_median"":930269.4690245943,""mean_abs_d1_mode"":0.003388144154393779,""mean_abs_d2_mode"":0.0022956778578623284,""mean_amp"":0.013253404928162873,""ntor"":5.0,""r_star"":0.01,""rad_loc"":0.8099702865517963,""rad_width"":0.10530907543524357,""spikes_per_m"":2.9814814814814814,""std_amp"":0.07734405537602371,""std_per_m_max"":0.3824137829126631,""std_per_m_mean"":0.026044790129415216},""source_feature_schema_version"":""rf_all_crossings_extremum_energy_31_v2""}",,,,,NOT_PRESENT,,REVIEW,rule_engine,,,,
/global/u2/e/ebelova/src_nova/data/nstxu_204202/N5/egn05w.3044E+02,nstxu_204202/N5/egn05w.3044E+02,nstxu_204202,5,5,201,54,5.517571549687513,-3.110110256557038e-05,0.15772949375749992,0.02508968073022199,ce4f6f165fd756a010211345cfc15a97652b75d9644f78deca701cbf7b08f15a,RULE_EVALUATED,tae_like,0.4322199835022511,0.8953379676102399,,REVIEW,NO_GOOD_TEMPLATE,"[""NO_GOOD_TEMPLATE""]",tae-rules-axis-artifact-v1,"{""boundary_features"":{""axis_artifact"":{""axis_component_touches_boundary"":false,""axis_halfmax_outer_edge_r"":0.01838757715935959,""axis_halfmax_width_grid"":2.8027199314976583,""axis_halfmax_width_r"":0.014013599657488291,""axis_peak"":0.01401830208441104,""axis_peak_harmonic_index"":8,""axis_peak_is_local_max"":true,""axis_peak_r"":0.01,""r_ax"":0.03}},""crossing_features"":{""W_star_high_shear"":7.9405918152668e-10,""W_star_high_shear_sum"":7.9405918152668e-10,""W_star_sum"":0.5188998456538803,""n_cross"":2.0,""r_star_high_shear"":0.9885996567996895,""r_star_max"":0.12137430174714804},""crossing_records"":[{""W_peak"":0.5188998443770307,""boundary"":""high"",""r_cross"":0.12137430174714804,""shear_weighted"":0.0},{""W_peak"":1.2768494810230507e-09,""boundary"":""high"",""r_cross"":0.9885996567996895,""shear_weighted"":7.9405918152668e-10}],""extremum_features"":{""ext_df_gap"":0.0013387589014251572,""ext_dr"":0.020000000000000018,""ext_energy_frac"":0.687246344340964,""match_found"":true},""feature_schema_version"":""tae-rule-features-grouped-v3"",""numerical_structure_features"":{},""resolution_features"":{},""rf_standard_features"":{""S"":1.304500208995119,""W_star"":0.3742298530813697,""W_star_max"":0.5188998443770307,""delta2_eff"":0.004839787135835947,""frac_spikes"":0.00423806891468583,""gamma_d"":-3.110110256557038e-05,""max_abs_d1_abs"":0.738720112376966,""max_abs_d2_abs"":1.3172751611898352,""max_per_m_mean"":0.06300619970223337,""max_to_mean"":365.6234197200957,""max_to_median"":2955235.224502471,""mean_abs_d1_mode"":0.0018827797984164343,""mean_abs_d2_mode"":0.002219356078565633,""mean_amp"":0.0027350545553124854,""ntor"":5.0,""r_star"":0.125,""rad_loc"":0.15772949375749992,""rad_width"":0.02508968073022199,""spikes_per_m"":0.8518518518518519,""std_amp"":0.03371417372305556,""std_per_m_max"":0.2328964243748831,""std_per_m_mean"":0.012841311976461824},""source_feature_schema_version"":""rf_all_crossings_extremum_energy_31_v2""}",,,,,NOT_PRESENT,,REVIEW,rule_engine,,,,
/global/u2/e/ebelova/src_nova/data/nstxu_204202/N5/egn05w.4909E+02,nstxu_204202/N5/egn05w.4909E+02,nstxu_204202,5,5,201,54,7.006622073316749,-0.00019037820956566585,0.5912416567462213,0.0811828800568596,8358ab61b71209eb22744d966fdd4b57b431332259b16acc5a5b118fffe55424,RULE_EVALUATED,tae_like,0.8152724497283619,0.9388097791902201,,REVIEW,NO_GOOD_TEMPLATE,"[""NO_GOOD_TEMPLATE""]",tae-rules-axis-artifact-v1,"{""boundary_features"":{""axis_artifact"":{""axis_component_touches_boundary"":false,""axis_halfmax_outer_edge_r"":0.012210392332058098,""axis_halfmax_width_grid"":1.9420784664116195,""axis_halfmax_width_r"":0.009710392332058098,""axis_peak"":0.008144310992104336,""axis_peak_harmonic_index"":10,""axis_peak_is_local_max"":true,""axis_peak_r"":0.005,""r_ax"":0.03}},""crossing_features"":{""W_star_high_shear"":0.031831104987711654,""W_star_high_shear_sum"":0.03195618660604442,""W_star_sum"":0.4134619820695498,""n_cross"":2.0,""r_star_high_shear"":0.4775388468578642,""r_star_max"":0.4775388468578642},""crossing_records"":[{""W_peak"":0.41324171570723234,""boundary"":""high"",""r_cross"":0.4775388468578642,""shear_weighted"":0.031831104987711654},{""W_peak"":0.00022026636231748883,""boundary"":""high"",""r_cross"":0.953568360964229,""shear_weighted"":0.00012508161833276542}],""extremum_features"":{""ext_df_gap"":-0.21146621154942097,""ext_dr"":0.42999999999999994,""ext_energy_frac"":4.863722261423591e-06,""match_found"":true},""feature_schema_version"":""tae-rule-features-grouped-v3"",""numerical_structure_features"":{},""resolution_features"":{},""rf_standard_features"":{""S"":1.3702600433359686,""W_star"":0.3161538944052096,""W_star_max"":0.41324171570723234,""delta2_eff"":0.3441192792828845,""frac_spikes"":0.011885019347705915,""gamma_d"":-0.00019037820956566585,""max_abs_d1_abs"":0.4847019322356649,""max_abs_d2_abs"":0.56417104440628,""max_per_m_mean"":0.11360631019130206,""max_to_mean"":109.12015308029386,""max_to_median"":1094007.2003294711,""mean_abs_d1_mode"":0.0017649430146352851,""mean_abs_d2_mode"":0.0010581733071417167,""mean_amp"":0.009164210016778935,""ntor"":5.0,""r_star"":0.48,""rad_loc"":0.5912416567462213,""rad_width"":0.0811828800568596,""spikes_per_m"":2.388888888888889,""std_amp"":0.0598356972484079,""std_per_m_max"":0.2702628551312487,""std_per_m_mean"":0.03055726315423398},""source_feature_schema_version"":""rf_all_crossings_extremum_energy_31_v2""}",,,,,NOT_PRESENT,,REVIEW,rule_engine,,,,
/global/u2/e/ebelova/src_nova/data/nstxu_204202/N5/egn05w.5039E+02,nstxu_204202/N5/egn05w.5039E+02,nstxu_204202,5,5,201,54,7.098811375440183,-8.024777669685656e-05,0.5999092963587094,0.08187000266156645,e920254a5ff5074bba026a189224b0c84041849619707b507bc4afd578b7dc7d,RULE_EVALUATED,tae_like,0.7573019871561064,0.8789977033987426,,REVIEW,NO_GOOD_TEMPLATE,"[""NO_GOOD_TEMPLATE""]",tae-rules-axis-artifact-v1,"{""boundary_features"":{""axis_artifact"":{""axis_component_touches_boundary"":false,""axis_halfmax_outer_edge_r"":0.012445171657500462,""axis_halfmax_width_grid"":1.9890343315000922,""axis_halfmax_width_r"":0.009945171657500461,""axis_peak"":0.006863024921870572,""axis_peak_harmonic_index"":10,""axis_peak_is_local_max"":true,""axis_peak_r"":0.005,""r_ax"":0.03}},""crossing_features"":{""W_star_high_shear"":0.03990450189644855,""W_star_high_shear_sum"":0.04013171612966793,""W_star_sum"":0.5033517863817946,""n_cross"":2.0,""r_star_high_shear"":0.4816791733550622,""r_star_max"":0.4816791733550622},""crossing_records"":[{""W_peak"":0.5029356475735873,""boundary"":""high"",""r_cross"":0.4816791733550622,""shear_weighted"":0.03990450189644855},{""W_peak"":0.00041613880820727956,""boundary"":""high"",""r_cross"":0.9389221020458287,""shear_weighted"":0.0002272142332193799}],""extremum_features"":{""ext_df_gap"":-0.22170657092979665,""ext_dr"":0.43499999999999994,""ext_energy_frac"":4.481671432585414e-06,""match_found"":true},""feature_schema_version"":""tae-rule-features-grouped-v3"",""numerical_structure_features"":{},""resolution_features"":{},""rf_standard_features"":{""S"":1.4035579897599022,""W_star"":0.2747666838036019,""W_star_max"":0.5029356475735873,""delta2_eff"":0.48310336989244346,""frac_spikes"":0.011977151280633867,""gamma_d"":-8.024777669685656e-05,""max_abs_d1_abs"":0.6552304815327669,""max_abs_d2_abs"":0.8641987040052431,""max_per_m_mean"":0.10336110230975282,""max_to_mean"":118.55611581087943,""max_to_median"":1243265.1478332542,""mean_abs_d1_mode"":0.0018086079350866568,""mean_abs_d2_mode"":0.0010825532594433674,""mean_amp"":0.00843482424370787,""ntor"":5.0,""r_star"":0.485,""rad_loc"":0.5999092963587094,""rad_width"":0.08187000266156645,""spikes_per_m"":2.4074074074074074,""std_amp"":0.05524932159445636,""std_per_m_max"":0.27571083589007395,""std_per_m_mean"":0.02789253291423354},""source_feature_schema_version"":""rf_all_crossings_extremum_energy_31_v2""}",,,,,NOT_PRESENT,,REVIEW,rule_engine,,,,
/global/u2/e/ebelova/src_nova/data/nstxu_204202/N6/egn06w.1001E+02,nstxu_204202/N6/egn06w.1001E+02,nstxu_204202,6,6,201,54,3.1645835950042045,-5.543369521207689e-06,0.2839188246423429,0.030413634835706586,654a1bc3f28b11ffcd16a0cbeb8a39bc18d703b95238d2180f4360346be7cbd0,RULE_EVALUATED,tae_like,0.9991840707117537,1.0,,REVIEW,NO_GOOD_TEMPLATE,"[""NO_GOOD_TEMPLATE""]",tae-rules-axis-artifact-v1,"{""boundary_features"":{""axis_artifact"":{""axis_component_touches_boundary"":false,""axis_halfmax_outer_edge_r"":0.013262747335937679,""axis_halfmax_width_grid"":1.346180634621141,""axis_halfmax_width_r"":0.006730903173105704,""axis_peak"":0.006872000603197014,""axis_peak_harmonic_index"":10,""axis_peak_is_local_max"":true,""axis_peak_r"":0.01,""r_ax"":0.03}},""crossing_features"":{""W_star_high_shear"":0.007060261068467574,""W_star_high_shear_sum"":0.007060261068467574,""W_star_sum"":0.27555035522845556,""n_cross"":1.0,""r_star_high_shear"":0.36006998068876245,""r_star_max"":0.36006998068876245},""crossing_records"":[{""W_peak"":0.27555035522845556,""boundary"":""low"",""r_cross"":0.36006998068876245,""shear_weighted"":0.007060261068467574}],""extremum_features"":{""ext_df_gap"":-0.017521221569271085,""ext_dr"":0.06,""ext_energy_frac"":0.1894549370672501,""match_found"":true},""feature_schema_version"":""tae-rule-features-grouped-v3"",""numerical_structure_features"":{},""resolution_features"":{},""rf_standard_features"":{""S"":2.6659482101691783,""W_star"":0.09444791461474059,""W_star_max"":0.27555035522845556,""delta2_eff"":0.11049031224295558,""frac_spikes"":0.004330200847613783,""gamma_d"":-5.543369521207689e-06,""max_abs_d1_abs"":0.30622529481763616,""max_abs_d2_abs"":0.6062007149595353,""max_per_m_mean"":0.05331731928015553,""max_to_mean"":534.1027887534225,""max_to_median"":3118555.5193635607,""mean_abs_d1_mode"":0.0006124477763671573,""mean_abs_d2_mode"":0.00036405999633866296,""mean_amp"":0.001872298779416342,""ntor"":6.0,""r_star"":0.365,""rad_loc"":0.2839188246423429,""rad_width"":0.030413634835706586,""spikes_per_m"":0.8703703703703703,""std_amp"":0.025697728725718978,""std_per_m_max"":0.18809142353180672,""std_per_m_mean"":0.01054514554752256},""source_feature_schema_version"":""rf_all_crossings_extremum_energy_31_v2""}",,,,,NOT_PRESENT,,REVIEW,rule_engine,,,,
/global/u2/e/ebelova/src_nova/data/nstxu_204202/N6/egn06w.1049E+02,nstxu_204202/N6/egn06w.1049E+02,nstxu_204202,6,6,201,54,3.2383580547285065,-7.038078723189956e-08,0.030383939180087745,0.011239319861852492,fa0f2b9ee0de3feea4535a2707d05d050af81ec7e5b749202efd5f4a12002ff4,RULE_EVALUATED,tae_like,0.9999901368994094,1.0,,BAD,BAD_AXIS_SPIKE,"[""BAD_AXIS_SPIKE""]",tae-rules-axis-artifact-v1,"{""boundary_features"":{""axis_artifact"":{""axis_component_touches_boundary"":false,""axis_halfmax_outer_edge_r"":0.03340334325553221,""axis_halfmax_width_grid"":3.322542707854058,""axis_halfmax_width_r"":0.01661271353927029,""axis_peak"":1.0,""axis_peak_harmonic_index"":10,""axis_peak_is_local_max"":true,""axis_peak_r"":0.02,""r_ax"":0.03}},""crossing_features"":{""W_star_high_shear"":1.0034558074380172e-07,""W_star_high_shear_sum"":1.0034558074380172e-07,""W_star_sum"":0.00011097628586329659,""n_cross"":2.0,""r_star_high_shear"":0.2301991771905696,""r_star_max"":0.2301991771905696},""crossing_records"":[{""W_peak"":9.470668956184904e-07,""boundary"":""low"",""r_cross"":0.1358677499109665,""shear_weighted"":0.0},{""W_peak"":0.0001100292189676781,""boundary"":""low"",""r_cross"":0.2301991771905696,""shear_weighted"":1.0034558074380172e-07}],""extremum_features"":{""ext_df_gap"":-0.022374094572966127,""ext_dr"":0.17,""ext_energy_frac"":1.7072591279721855e-05,""match_found"":true},""feature_schema_version"":""tae-rule-features-grouped-v3"",""numerical_structure_features"":{},""resolution_features"":{},""rf_standard_features"":{""S"":1.813627464012256,""W_star"":0.282481072141515,""W_star_max"":0.0001100292189676781,""delta2_eff"":7.4652115277389025e-06,""frac_spikes"":0.001013451262207481,""gamma_d"":-7.038078723189956e-08,""max_abs_d1_abs"":0.7789690122911439,""max_abs_d2_abs"":0.8206243427520216,""max_per_m_mean"":0.029248316733503886,""max_to_mean"":1488.0327314334447,""max_to_median"":20274232.778201804,""mean_abs_d1_mode"":0.001037583032330976,""mean_abs_d2_mode"":0.001972375724262044,""mean_amp"":0.0006720282271940698,""ntor"":6.0,""r_star"":0.01,""rad_loc"":0.030383939180087745,""rad_width"":0.011239319861852492,""spikes_per_m"":0.2037037037037037,""std_amp"":0.018601595934052098,""std_per_m_max"":0.1734022607121493,""std_per_m_mean"":0.0050718090401307685},""source_feature_schema_version"":""rf_all_crossings_extremum_energy_31_v2""}",,,,,NOT_PRESENT,,BAD,rule_engine,,,,
/global/u2/e/ebelova/src_nova/data/nstxu_204202/N6/egn06w.1097E+02,nstxu_204202/N6/egn06w.1097E+02,nstxu_204202,6,6,201,54,3.3120022745481075,-0.0,0.0496155172917975,0.0702904493819011,ea8fe2b77519e686929221d41f42b9829d9972dcb0fe083e02b95906a14bb593,RULE_EVALUATED,tae_like,0.9965707003403279,1.0,,BAD,BAD_AXIS_SPIKE,"[""BAD_AXIS_SPIKE""]",tae-rules-axis-artifact-v1,"{""boundary_features"":{""axis_artifact"":{""axis_component_touches_boundary"":false,""axis_halfmax_outer_edge_r"":0.01835803499999251,""axis_halfmax_width_grid"":1.8781493869787014,""axis_halfmax_width_r"":0.009390746934893507,""axis_peak"":1.0,""axis_peak_harmonic_index"":10,""axis_peak_is_local_max"":true,""axis_peak_r"":0.015,""r_ax"":0.03}},""crossing_features"":{""W_star_high_shear"":0.0,""W_star_high_shear_sum"":0.0,""W_star_sum"":0.0,""n_cross"":0.0,""r_star_high_shear"":null,""r_star_max"":null},""crossing_records"":[],""extremum_features"":{""ext_df_gap"":0.00035896425890619236,""ext_dr"":0.175,""ext_energy_frac"":0.20073617673162883,""match_found"":true},""feature_schema_version"":""tae-rule-features-grouped-v3"",""numerical_structure_features"":{},""resolution_features"":{},""rf_standard_features"":{""S"":0.5635974394756732,""W_star"":0.797915723563048,""W_star_max"":0.0,""delta2_eff"":0.0,""frac_spikes"":0.0018426386585590566,""gamma_d"":-0.0,""max_abs_d1_abs"":0.7444830086659535,""max_abs_d2_abs"":1.1496199639790894,""max_per_m_mean"":0.020038399040114403,""max_to_mean"":1587.815773851388,""max_to_median"":5461561.443618883,""mean_abs_d1_mode"":0.0009079384496224156,""mean_abs_d2_mode"":0.0016879740876000794,""mean_amp"":0.0006297959844463539,""ntor"":6.0,""r_star"":0.01,""rad_loc"":0.0496155172917975,""rad_width"":0.0702904493819011,""spikes_per_m"":0.37037037037037035,""std_amp"":0.013886431372849136,""std_per_m_max"":0.17561283923278173,""std_per_m_mean"":0.003531916118774812},""source_feature_schema_version"":""rf_all_crossings_extremum_energy_31_v2""}",,,,,NOT_PRESENT,,BAD,rule_engine,,,,
/global/u2/e/ebelova/src_nova/data/nstxu_204202/N6/egn06w.1175E+02,nstxu_204202/N6/egn06w.1175E+02,nstxu_204202,6,6,201,54,3.4272413460746263,-0.0,0.011111118526447002,0.00753098993626294,5ea9cf6b3eae2568824e54f2fe7f90dc931742212b18a50c93a59fb0adeea922,RULE_EVALUATED,tae_like,0.9999475875596205,1.0,,BAD,BAD_AXIS_SPIKE,"[""BAD_AXIS_SPIKE""]",tae-rules-axis-artifact-v1,"{""boundary_features"":{""axis_artifact"":{""axis_component_touches_boundary"":false,""axis_halfmax_outer_edge_r"":0.017582208337057773,""axis_halfmax_width_grid"":1.2685346627991527,""axis_halfmax_width_r"":0.0063426733139957635,""axis_peak"":1.0,""axis_peak_harmonic_index"":10,""axis_peak_is_local_max"":true,""axis_peak_r"":0.015,""r_ax"":0.03}},""crossing_features"":{""W_star_high_shear"":0.0,""W_star_high_shear_sum"":0.0,""W_star_sum"":0.0,""n_cross"":0.0,""r_star_high_shear"":null,""r_star_max"":null},""crossing_records"":[],""extremum_features"":{""ext_df_gap"":0.03397133443836623,""ext_dr"":0.175,""ext_energy_frac"":3.666233806844151e-05,""match_found"":true},""feature_schema_version"":""tae-rule-features-grouped-v3"",""numerical_structure_features"":{},""resolution_features"":{},""rf_standard_features"":{""S"":0.14753950485967865,""W_star"":0.993967355998482,""W_star_max"":0.0,""delta2_eff"":0.0,""frac_spikes"":0.0009213193292795283,""gamma_d"":-0.0,""max_abs_d1_abs"":0.9681635537001473,""max_abs_d2_abs"":1.6329749574313048,""max_per_m_mean"":0.011865327248961367,""max_to_mean"":2489.5985996154454,""max_to_median"":31779597.41048129,""mean_abs_d1_mode"":0.0005136380993950468,""mean_abs_d2_mode"":0.0007405938154607526,""mean_amp"":0.0004016711760943575,""ntor"":6.0,""r_star"":0.01,""rad_loc"":0.011111118526447002,""rad_width"":0.00753098993626294,""spikes_per_m"":0.18518518518518517,""std_amp"":0.013036590152291465,""std_per_m_max"":0.17401677599831034,""std_per_m_mean"":0.0020776783394304485},""source_feature_schema_version"":""rf_all_crossings_extremum_energy_31_v2""}",,,,,NOT_PRESENT,,BAD,rule_engine,,,,
/global/u2/e/ebelova/src_nova/data/nstxu_204202/N6/egn06w.1273E+02,nstxu_204202/N6/egn06w.1273E+02,nstxu_204202,6,6,201,54,3.567739467145496,-0.0,0.6746297032785279,0.11366991218963635,86988e3d023a62ef3ef40919443500645ba6c8a93bdd15d8bc0d5444a2273bd5,RULE_EVALUATED,tae_like,0.9943936764286161,1.0,,REVIEW,NO_GOOD_TEMPLATE,"[""NO_GOOD_TEMPLATE""]",tae-rules-axis-artifact-v1,"{""boundary_features"":{""axis_artifact"":{""axis_component_touches_boundary"":false,""axis_halfmax_outer_edge_r"":0.017212258154658308,""axis_halfmax_width_grid"":2.838630857351531,""axis_halfmax_width_r"":0.014193154286757654,""axis_peak"":0.008028638687624563,""axis_peak_harmonic_index"":10,""axis_peak_is_local_max"":true,""axis_peak_r"":0.01,""r_ax"":0.03}},""crossing_features"":{""W_star_high_shear"":0.0,""W_star_high_shear_sum"":0.0,""W_star_sum"":0.0,""n_cross"":0.0,""r_star_high_shear"":null,""r_star_max"":null},""crossing_records"":[],""extremum_features"":{""ext_df_gap"":0.097459050752083,""ext_dr"":0.325,""ext_energy_frac"":5.6021371924180904e-05,""match_found"":true},""feature_schema_version"":""tae-rule-features-grouped-v3"",""numerical_structure_features"":{},""resolution_features"":{},""rf_standard_features"":{""S"":5.847015190474275,""W_star"":3.6451049536086475e-06,""W_star_max"":0.0,""delta2_eff"":0.0,""frac_spikes"":0.012898470609913396,""gamma_d"":-0.0,""max_abs_d1_abs"":0.5280223672729404,""max_abs_d2_abs"":0.8718703671243249,""max_per_m_mean"":0.1483856374607295,""max_to_mean"":92.34772548780056,""max_to_median"":559339.8161421749,""mean_abs_d1_mode"":0.0026614019474869516,""mean_abs_d2_mode"":0.002310452527766776,""mean_amp"":0.010828637030586698,""ntor"":6.0,""r_star"":0.01,""rad_loc"":0.6746297032785279,""rad_width"":0.11366991218963635,""spikes_per_m"":2.5925925925925926,""std_amp"":0.07048307930561745,""std_per_m_max"":0.28425431588007133,""std_per_m_mean"":0.032891202631634704},""source_feature_schema_version"":""rf_all_crossings_extremum_energy_31_v2""}",,,,,NOT_PRESENT,,REVIEW,rule_engine,,,,
/global/u2/e/ebelova/src_nova/data/nstxu_204202/N6/egn06w.1439E+02,nstxu_204202/N6/egn06w.1439E+02,nstxu_204202,6,6,201,54,3.793688084771793,-0.0,0.6905181008309592,0.10389563498082971,2408b84cd0dee59deb55ab189595714f4fd814091ecc067afeec1568c5815500,RULE_EVALUATED,tae_like,0.9944630781021446,1.0,,REVIEW,NO_GOOD_TEMPLATE,"[""NO_GOOD_TEMPLATE""]",tae-rules-axis-artifact-v1,"{""boundary_features"":{""axis_artifact"":{""axis_component_touches_boundary"":false,""axis_halfmax_outer_edge_r"":0.01585732894932215,""axis_halfmax_width_grid"":2.3536467280515976,""axis_halfmax_width_r"":0.011768233640257988,""axis_peak"":0.00430747446563273,""axis_peak_harmonic_index"":10,""axis_peak_is_local_max"":true,""axis_peak_r"":0.01,""r_ax"":0.03}},""crossing_features"":{""W_star_high_shear"":0.0,""W_star_high_shear_sum"":0.0,""W_star_sum"":0.0,""n_cross"":0.0,""r_star_high_shear"":null,""r_star_max"":null},""crossing_records"":[],""extremum_features"":{""ext_df_gap"":0.15121357017403486,""ext_dr"":0.335,""ext_energy_frac"":8.530665096356941e-05,""match_found"":true},""feature_schema_version"":""tae-rule-features-grouped-v3"",""numerical_structure_features"":{},""resolution_features"":{},""rf_standard_features"":{""S"":6.550016282685746,""W_star"":1.3402637067780582e-06,""W_star_max"":0.0,""delta2_eff"":0.0,""frac_spikes"":0.012898470609913396,""gamma_d"":-0.0,""max_abs_d1_abs"":0.2508591956702296,""max_abs_d2_abs"":0.5007922211561582,""max_per_m_mean"":0.12757456180693433,""max_to_mean"":95.86736126719055,""max_to_median"":753991.9360730236,""mean_abs_d1_mode"":0.0022215406097226774,""mean_abs_d2_mode"":0.0012851383312194105,""mean_amp"":0.010431078801856734,""ntor"":6.0,""r_star"":0.01,""rad_loc"":0.6905181008309592,""rad_width"":0.10389563498082971,""spikes_per_m"":2.5925925925925926,""std_amp"":0.06786564378388639,""std_per_m_max"":0.28447487228440554,""std_per_m_mean"":0.031023441219582785},""source_feature_schema_version"":""rf_all_crossings_extremum_energy_31_v2""}",,,,,NOT_PRESENT,,REVIEW,rule_engine,,,,
/global/u2/e/ebelova/src_nova/data/nstxu_204202/N6/egn06w.1618E+02,nstxu_204202/N6/egn06w.1618E+02,nstxu_204202,6,6,201,54,4.022156077876968,-0.0,0.7133015962718361,0.10453564663416506,4589728cf2bc061b1279d98625e2d3983f15d977d3fb2534944c8038b973d863,RULE_EVALUATED,tae_like,0.9931207822198512,1.0,,REVIEW,NO_GOOD_TEMPLATE,"[""NO_GOOD_TEMPLATE""]",tae-rules-axis-artifact-v1,"{""boundary_features"":{""axis_artifact"":{""axis_component_touches_boundary"":false,""axis_halfmax_outer_edge_r"":0.010699406065951024,""axis_halfmax_width_grid"":1.6398812131902047,""axis_halfmax_width_r"":0.008199406065951024,""axis_peak"":0.004736918578167822,""axis_peak_harmonic_index"":9,""axis_peak_is_local_max"":true,""axis_peak_r"":0.005,""r_ax"":0.03}},""crossing_features"":{""W_star_high_shear"":0.0,""W_star_high_shear_sum"":0.0,""W_star_sum"":0.0,""n_cross"":0.0,""r_star_high_shear"":null,""r_star_max"":null},""crossing_records"":[],""extremum_features"":{""ext_df_gap"":0.1994266500353222,""ext_dr"":0.38999999999999996,""ext_energy_frac"":0.00010387745125006075,""match_found"":true},""feature_schema_version"":""tae-rule-features-grouped-v3"",""numerical_structure_features"":{},""resolution_features"":{},""rf_standard_features"":{""S"":6.727863833151536,""W_star"":1.6839465000687676e-06,""W_star_max"":0.0,""delta2_eff"":0.0,""frac_spikes"":0.013082734475769301,""gamma_d"":-0.0,""max_abs_d1_abs"":0.3528073719705586,""max_abs_d2_abs"":0.6152750075779359,""max_per_m_mean"":0.11626858871550652,""max_to_mean"":90.14392391863788,""max_to_median"":681403.7976508604,""mean_abs_d1_mode"":0.0025659734888611495,""mean_abs_d2_mode"":0.0017613987512373446,""mean_amp"":0.011093371094123174,""ntor"":6.0,""r_star"":0.01,""rad_loc"":0.7133015962718361,""rad_width"":0.10453564663416506,""spikes_per_m"":2.6296296296296298,""std_amp"":0.07102958341880307,""std_per_m_max"":0.291546313340777,""std_per_m_mean"":0.03079569233619034},""source_feature_schema_version"":""rf_all_crossings_extremum_energy_31_v2""}",,,,,NOT_PRESENT,,REVIEW,rule_engine,,,,
/global/u2/e/ebelova/src_nova/data/nstxu_204202/N6/egn06w.1899E+02,nstxu_204202/N6/egn06w.1899E+02,nstxu_204202,6,6,201,54,4.357360468785459,-0.0,0.7501828491047335,0.10810836599141488,226c5806eff4f7adcf57ba1fae8fdab85918f06fa48179b7a08cc2a118270772,RULE_EVALUATED,tae_like,0.9905013458413257,1.0,,REVIEW,NO_GOOD_TEMPLATE,"[""NO_GOOD_TEMPLATE""]",tae-rules-axis-artifact-v1,"{""boundary_features"":{""axis_artifact"":{""axis_component_touches_boundary"":false,""axis_halfmax_outer_edge_r"":0.010854588626337619,""axis_halfmax_width_grid"":1.6709177252675236,""axis_halfmax_width_r"":0.008354588626337619,""axis_peak"":0.0087033444272297,""axis_peak_harmonic_index"":9,""axis_peak_is_local_max"":true,""axis_peak_r"":0.005,""r_ax"":0.03}},""crossing_features"":{""W_star_high_shear"":0.0,""W_star_high_shear_sum"":0.0,""W_star_sum"":0.0,""n_cross"":0.0,""r_star_high_shear"":null,""r_star_max"":null},""crossing_records"":[],""extremum_features"":{""ext_df_gap"":0.2610134074484127,""ext_dr"":0.625,""ext_energy_frac"":0.0001222568528929571,""match_found"":true},""feature_schema_version"":""tae-rule-features-grouped-v3"",""numerical_structure_features"":{},""resolution_features"":{},""rf_standard_features"":{""S"":6.846675021955899,""W_star"":6.6729933235695084e-06,""W_star_max"":0.0,""delta2_eff"":0.0,""frac_spikes"":0.012990602542841349,""gamma_d"":-0.0,""max_abs_d1_abs"":0.6691280661933372,""max_abs_d2_abs"":1.2705818032445642,""max_per_m_mean"":0.0875686796260025,""max_to_mean"":104.48242241287062,""max_to_median"":619087.0593832391,""mean_abs_d1_mode"":0.002789657923104217,""mean_abs_d2_mode"":0.0026835746795942006,""mean_amp"":0.009570987892527394,""ntor"":6.0,""r_star"":0.01,""rad_loc"":0.7501828491047335,""rad_width"":0.10810836599141488,""spikes_per_m"":2.611111111111111,""std_amp"":0.06073458931731866,""std_per_m_max"":0.28593195865982424,""std_per_m_mean"":0.023752644916186793},""source_feature_schema_version"":""rf_all_crossings_extremum_energy_31_v2""}",,,,,NOT_PRESENT,,REVIEW,rule_engine,,,,
/global/u2/e/ebelova/src_nova/data/nstxu_204202/N6/egn06w.2315E+02,nstxu_204202/N6/egn06w.2315E+02,nstxu_204202,6,6,201,54,4.8112561405178855,-0.0,0.7636474535307891,0.08893046741739351,a9dc8ea0e5f2d000b73928acea07d3cb0a5fc393b2d4cb127f13516d3e8227ba,RULE_EVALUATED,tae_like,0.9924609856985418,1.0,,REVIEW,NO_GOOD_TEMPLATE,"[""NO_GOOD_TEMPLATE""]",tae-rules-axis-artifact-v1,"{""boundary_features"":{""axis_artifact"":{""axis_component_touches_boundary"":false,""axis_halfmax_outer_edge_r"":0.01305423016197257,""axis_halfmax_width_grid"":1.979074153944319,""axis_halfmax_width_r"":0.009895370769721596,""axis_peak"":0.0097392989985185,""axis_peak_harmonic_index"":11,""axis_peak_is_local_max"":true,""axis_peak_r"":0.01,""r_ax"":0.03}},""crossing_features"":{""W_star_high_shear"":0.0,""W_star_high_shear_sum"":0.0,""W_star_sum"":0.0,""n_cross"":0.0,""r_star_high_shear"":null,""r_star_max"":null},""crossing_records"":[],""extremum_features"":{""ext_df_gap"":0.3307296740596837,""ext_dr"":0.47000000000000003,""ext_energy_frac"":0.00019942339853300912,""match_found"":true},""feature_schema_version"":""tae-rule-features-grouped-v3"",""numerical_structure_features"":{},""resolution_features"":{},""rf_standard_features"":{""S"":8.474569800528359,""W_star"":4.449605299639952e-06,""W_star_max"":0.0,""delta2_eff"":0.0,""frac_spikes"":0.013819789939192924,""gamma_d"":-0.0,""max_abs_d1_abs"":0.3693632666842075,""max_abs_d2_abs"":0.7176837627983207,""max_per_m_mean"":0.09263771460171716,""max_to_mean"":86.80011765643472,""max_to_median"":691772.0993079395,""mean_abs_d1_mode"":0.0026897029283248744,""mean_abs_d2_mode"":0.0019075208177502464,""mean_amp"":0.01152072170997878,""ntor"":6.0,""r_star"":0.01,""rad_loc"":0.7636474535307891,""rad_width"":0.08893046741739351,""spikes_per_m"":2.7777777777777777,""std_amp"":0.07318653465829117,""std_per_m_max"":0.3272690686367056,""std_per_m_mean"":0.027238088743886578},""source_feature_schema_version"":""rf_all_crossings_extremum_energy_31_v2""}",,,,,NOT_PRESENT,,REVIEW,rule_engine,,,,
/global/u2/e/ebelova/src_nova/data/nstxu_204202/N6/egn06w.2617E+02,nstxu_204202/N6/egn06w.2617E+02,nstxu_204202,6,6,201,54,5.115888683603887,-0.00041759088218689864,0.11109791598145927,0.09194955169073038,9ccf766322612f02217bb96feb0d4d342a874e3ecce383372dfb3edefd7e23a7,RULE_EVALUATED,mixed,0.480078013674537,0.34196068076939284,,BAD,BAD_AXIS_SPIKE,"[""BAD_AXIS_SPIKE""]",tae-rules-axis-artifact-v1,"{""boundary_features"":{""axis_artifact"":{""axis_component_touches_boundary"":false,""axis_halfmax_outer_edge_r"":0.012970195418254544,""axis_halfmax_width_grid"":1.762246732473313,""axis_halfmax_width_r"":0.008811233662366566,""axis_peak"":1.0,""axis_peak_harmonic_index"":11,""axis_peak_is_local_max"":true,""axis_peak_r"":0.01,""r_ax"":0.03}},""crossing_features"":{""W_star_high_shear"":2.1376246133223235e-05,""W_star_high_shear_sum"":2.1376246133223235e-05,""W_star_sum"":0.5395573660297401,""n_cross"":2.0,""r_star_high_shear"":0.21552148634771165,""r_star_max"":0.17247061177783585},""crossing_records"":[{""W_peak"":0.45082852129601975,""boundary"":""high"",""r_cross"":0.17247061177783585,""shear_weighted"":0.0},{""W_peak"":0.08872884473372039,""boundary"":""high"",""r_cross"":0.21552148634771165,""shear_weighted"":2.1376246133223235e-05}],""extremum_features"":{""ext_df_gap"":-0.008848753069705112,""ext_dr"":0.185,""ext_energy_frac"":0.5576363438805158,""match_found"":true},""feature_schema_version"":""tae-rule-features-grouped-v3"",""numerical_structure_features"":{},""resolution_features"":{},""rf_standard_features"":{""S"":1.099493299547557,""W_star"":0.43247318480630065,""W_star_max"":0.45082852129601975,""delta2_eff"":0.11977253921632483,""frac_spikes"":0.0034088815183342547,""gamma_d"":-0.00041759088218689864,""max_abs_d1_abs"":0.8416954603846039,""max_abs_d2_abs"":1.2405838977546595,""max_per_m_mean"":0.03203168969015513,""max_to_mean"":653.8488783417926,""max_to_median"":973782.4611692295,""mean_abs_d1_mode"":0.0011787234051148345,""mean_abs_d2_mode"":0.0015203101085713838,""mean_amp"":0.0015294053908637458,""ntor"":6.0,""r_star"":0.01,""rad_loc"":0.11109791598145927,""rad_width"":0.09194955169073038,""spikes_per_m"":0.6851851851851852,""std_amp"":0.02175368388363335,""std_per_m_max"":0.21513160700952577,""std_per_m_mean"":0.00630581799468998},""source_feature_schema_version"":""rf_all_crossings_extremum_energy_31_v2""}",,,,,NOT_PRESENT,,BAD,rule_engine,,,,
/global/u2/e/ebelova/src_nova/data/nstxu_204202/N6/egn06w.2649E+02,nstxu_204202/N6/egn06w.2649E+02,nstxu_204202,6,6,201,54,5.146370119917943,-0.00019467658137908974,0.0765981740832047,0.08916070542571573,59b94d38630ec376847ffffabf9d76b969772138c589b605344c753cca9aa8c6,RULE_EVALUATED,tae_like,0.6069763693189608,0.5557374937604969,,BAD,BAD_AXIS_SPIKE,"[""BAD_AXIS_SPIKE""]",tae-rules-axis-artifact-v1,"{""boundary_features"":{""axis_artifact"":{""axis_component_touches_boundary"":false,""axis_halfmax_outer_edge_r"":0.012971273908184259,""axis_halfmax_width_grid"":1.7320307702940556,""axis_halfmax_width_r"":0.008660153851470278,""axis_peak"":1.0,""axis_peak_harmonic_index"":11,""axis_peak_is_local_max"":true,""axis_peak_r"":0.01,""r_ax"":0.03}},""crossing_features"":{""W_star_high_shear"":3.315285107339915e-05,""W_star_high_shear_sum"":3.315285107339915e-05,""W_star_sum"":0.12770822487299677,""n_cross"":2.0,""r_star_high_shear"":0.22275695126333422,""r_star_max"":0.22275695126333422},""crossing_records"":[{""W_peak"":0.06369160727526134,""boundary"":""high"",""r_cross"":0.16572309592570597,""shear_weighted"":0.0},{""W_peak"":0.06401661759773543,""boundary"":""high"",""r_cross"":0.22275695126333422,""shear_weighted"":3.315285107339915e-05}],""extremum_features"":{""ext_df_gap"":-0.014719242930893849,""ext_dr"":0.185,""ext_energy_frac"":0.3485072793721002,""match_found"":true},""feature_schema_version"":""tae-rule-features-grouped-v3"",""numerical_structure_features"":{},""resolution_features"":{},""rf_standard_features"":{""S"":0.746945347330658,""W_star"":0.622710348366306,""W_star_max"":0.06401661759773543,""delta2_eff"":0.18165013096434574,""frac_spikes"":0.0035010134512622076,""gamma_d"":-0.00019467658137908974,""max_abs_d1_abs"":0.8413899483025938,""max_abs_d2_abs"":1.261494244376049,""max_per_m_mean"":0.027692001086147524,""max_to_mean"":784.4823407387902,""max_to_median"":781020.4244376122,""mean_abs_d1_mode"":0.0008527061812852389,""mean_abs_d2_mode"":0.001054061372166644,""mean_amp"":0.0012747259527521838,""ntor"":6.0,""r_star"":0.01,""rad_loc"":0.0765981740832047,""rad_width"":0.08916070542571573,""spikes_per_m"":0.7037037037037037,""std_amp"":0.01793005185561293,""std_per_m_max"":0.20927546949032072,""std_per_m_mean"":0.005385058607892584},""source_feature_schema_version"":""rf_all_crossings_extremum_energy_31_v2""}",,,,,NOT_PRESENT,,BAD,rule_engine,,,,
/global/u2/e/ebelova/src_nova/data/nstxu_204202/N6/egn06w.2987E+02,nstxu_204202/N6/egn06w.2987E+02,nstxu_204202,6,6,201,54,5.465006237356197,-8.014693043091529e-08,0.8163038729616306,0.09726097000501592,8ceb9d61cbecaa1a187fd3dc703f0c9b04fd70fad6b8b1bcd72cd576d7288e90,RULE_EVALUATED,tae_like,0.9820799252743766,0.9991357831099963,,REVIEW,NO_GOOD_TEMPLATE,"[""NO_GOOD_TEMPLATE""]",tae-rules-axis-artifact-v1,"{""boundary_features"":{""axis_artifact"":{""axis_component_touches_boundary"":false,""axis_halfmax_outer_edge_r"":0.03336085592100359,""axis_halfmax_width_grid"":2.7793671936429765,""axis_halfmax_width_r"":0.013896835968214883,""axis_peak"":0.01800753727760557,""axis_peak_harmonic_index"":11,""axis_peak_is_local_max"":true,""axis_peak_r"":0.025,""r_ax"":0.03}},""crossing_features"":{""W_star_high_shear"":9.650854040580026e-05,""W_star_high_shear_sum"":9.650854040580026e-05,""W_star_sum"":0.004578733488704179,""n_cross"":2.0,""r_star_high_shear"":0.3451905518820271,""r_star_max"":0.3451905518820271},""crossing_records"":[{""W_peak"":5.93846980770283e-07,""boundary"":""high"",""r_cross"":0.08354737445436244,""shear_weighted"":0.0},{""W_peak"":0.004578139641723409,""boundary"":""high"",""r_cross"":0.3451905518820271,""shear_weighted"":9.650854040580026e-05}],""extremum_features"":{""ext_df_gap"":0.410790980742868,""ext_dr"":0.53,""ext_energy_frac"":0.0008124039174175112,""match_found"":true},""feature_schema_version"":""tae-rule-features-grouped-v3"",""numerical_structure_features"":{},""resolution_features"":{},""rf_standard_features"":{""S"":8.29010725383222,""W_star"":1.6464209805616914e-05,""W_star_max"":0.004578139641723409,""delta2_eff"":0.0009629699147938699,""frac_spikes"":0.014372581536760642,""gamma_d"":-8.014693043091529e-08,""max_abs_d1_abs"":0.5501858521283902,""max_abs_d2_abs"":0.9529278255831423,""max_per_m_mean"":0.06982977519382591,""max_to_mean"":79.3749804965019,""max_to_median"":732699.0039057725,""mean_abs_d1_mode"":0.0035533735900128843,""mean_abs_d2_mode"":0.002478237190791064,""mean_amp"":0.012598428291452562,""ntor"":6.0,""r_star"":0.01,""rad_loc"":0.8163038729616306,""rad_width"":0.09726097000501592,""spikes_per_m"":2.888888888888889,""std_amp"":0.07471790026028034,""std_per_m_max"":0.3525496308939859,""std_per_m_mean"":0.02118944908763602},""source_feature_schema_version"":""rf_all_crossings_extremum_energy_31_v2""}",,,,,NOT_PRESENT,,REVIEW,rule_engine,,,,
/global/u2/e/ebelova/src_nova/data/nstxu_204202/N6/egn06w.4500E+02,nstxu_204202/N6/egn06w.4500E+02,nstxu_204202,6,6,201,54,6.708351806801415,-0.0003072741409387125,0.5493761983383436,0.08564294089442855,1caff13356282a0e699dc8a0af3f94edf7187573945aa657bd12f244e021271c,RULE_EVALUATED,tae_like,0.8438010747274126,0.9715166072278575,,REVIEW,NO_GOOD_TEMPLATE,"[""NO_GOOD_TEMPLATE""]",tae-rules-axis-artifact-v1,"{""boundary_features"":{""axis_artifact"":{""axis_component_touches_boundary"":false,""axis_halfmax_outer_edge_r"":0.017882543849616392,""axis_halfmax_width_grid"":2.8635871141544302,""axis_halfmax_width_r"":0.01431793557077215,""axis_peak"":0.007102171751064443,""axis_peak_harmonic_index"":11,""axis_peak_is_local_max"":true,""axis_peak_r"":0.01,""r_ax"":0.03}},""crossing_features"":{""W_star_high_shear"":0.03384255202489822,""W_star_high_shear_sum"":0.03422607679409851,""W_star_sum"":0.678259639043263,""n_cross"":2.0,""r_star_high_shear"":0.4234813041636304,""r_star_max"":0.4234813041636304},""crossing_records"":[{""W_peak"":0.6776114111565129,""boundary"":""high"",""r_cross"":0.4234813041636304,""shear_weighted"":0.03384255202489822},{""W_peak"":0.0006482278867501181,""boundary"":""high"",""r_cross"":0.9691886254885193,""shear_weighted"":0.0003835247692002931}],""extremum_features"":{""ext_df_gap"":-0.24413334393559763,""ext_dr"":0.35000000000000003,""ext_energy_frac"":2.3060008396578178e-05,""match_found"":true},""feature_schema_version"":""tae-rule-features-grouped-v3"",""numerical_structure_features"":{},""resolution_features"":{},""rf_standard_features"":{""S"":1.4522644486275746,""W_star"":0.2957444922785361,""W_star_max"":0.6776114111565129,""delta2_eff"":0.22142074539954099,""frac_spikes"":0.011608623548922056,""gamma_d"":-0.0003072741409387125,""max_abs_d1_abs"":0.9414736755734237,""max_abs_d2_abs"":1.0765043909778955,""max_per_m_mean"":0.1273333396188324,""max_to_mean"":98.87377958632017,""max_to_median"":623195.9961378577,""mean_abs_d1_mode"":0.0019209560420603911,""mean_abs_d2_mode"":0.0010837668349872511,""mean_amp"":0.010113904860166615,""ntor"":6.0,""r_star"":0.425,""rad_loc"":0.5493761983383436,""rad_width"":0.08564294089442855,""spikes_per_m"":2.3333333333333335,""std_amp"":0.06367169676891515,""std_per_m_max"":0.2839022874940738,""std_per_m_mean"":0.03247079179612285},""source_feature_schema_version"":""rf_all_crossings_extremum_energy_31_v2""}",,,,,NOT_PRESENT,,REVIEW,rule_engine,,,,
/global/u2/e/ebelova/src_nova/data/nstxu_204202/N6/egn06w.4624E+02,nstxu_204202/N6/egn06w.4624E+02,nstxu_204202,6,6,201,54,6.799906122368626,-0.00018514043483480773,0.5555794930502445,0.08768704582086737,e83af9589141534e206ad042c8cfe5914f943649f11f1b1737130c741bfdd4b3,RULE_EVALUATED,tae_like,0.7798973504673132,0.9073016955535225,,REVIEW,NO_GOOD_TEMPLATE,"[""NO_GOOD_TEMPLATE""]",tae-rules-axis-artifact-v1,"{""boundary_features"":{""axis_artifact"":{""axis_component_touches_boundary"":false,""axis_halfmax_outer_edge_r"":0.018128344957761514,""axis_halfmax_width_grid"":3.069855694015933,""axis_halfmax_width_r"":0.015349278470079667,""axis_peak"":0.002045577264255656,""axis_peak_harmonic_index"":11,""axis_peak_is_local_max"":true,""axis_peak_r"":0.01,""r_ax"":0.03}},""crossing_features"":{""W_star_high_shear"":0.020238640759939443,""W_star_high_shear_sum"":0.020811928475695334,""W_star_sum"":0.3924422416365479,""n_cross"":2.0,""r_star_high_shear"":0.4273751431387339,""r_star_max"":0.4273751431387339},""crossing_records"":[{""W_peak"":0.39146719204518965,""boundary"":""high"",""r_cross"":0.4273751431387339,""shear_weighted"":0.020238640759939443},{""W_peak"":0.0009750495913582433,""boundary"":""high"",""r_cross"":0.9667838649407228,""shear_weighted"":0.0005732877157558897}],""extremum_features"":{""ext_df_gap"":-0.2543103747814216,""ext_dr"":0.35500000000000004,""ext_energy_frac"":2.1941422604487367e-05,""match_found"":true},""feature_schema_version"":""tae-rule-features-grouped-v3"",""numerical_structure_features"":{},""resolution_features"":{},""rf_standard_features"":{""S"":1.4321327839616576,""W_star"":0.26217735234324907,""W_star_max"":0.39146719204518965,""delta2_eff"":0.4722802109724994,""frac_spikes"":0.012622074811129537,""gamma_d"":-0.00018514043483480773,""max_abs_d1_abs"":0.585019217414343,""max_abs_d2_abs"":0.6502214287964421,""max_per_m_mean"":0.1166635545748062,""max_to_mean"":102.84694872473696,""max_to_median"":806641.7017833733,""mean_abs_d1_mode"":0.0019332305541067763,""mean_abs_d2_mode"":0.0011027342305037003,""mean_amp"":0.009723185882486282,""ntor"":6.0,""r_star"":0.43,""rad_loc"":0.5555794930502445,""rad_width"":0.08768704582086737,""spikes_per_m"":2.537037037037037,""std_amp"":0.0606041873887703,""std_per_m_max"":0.2710163058178387,""std_per_m_mean"":0.031239786706550143},""source_feature_schema_version"":""rf_all_crossings_extremum_energy_31_v2""}",,,,,NOT_PRESENT,,REVIEW,rule_engine,,,,
/global/u2/e/ebelova/src_nova/data/nstxu_204202/N6/egn06w.5134E+02,nstxu_204202/N6/egn06w.5134E+02,nstxu_204202,6,6,201,54,7.165270974739712,-0.00013640113065787818,0.5672901116925257,0.07666666328376644,4efad99dcb1e1dd8048520886ada347c32c2cc2f67898a33fb7ee790c7a4ddb0,RULE_EVALUATED,tae_like,0.719652509454013,0.9836694770993586,,REVIEW,NO_GOOD_TEMPLATE,"[""NO_GOOD_TEMPLATE""]",tae-rules-axis-artifact-v1,"{""boundary_features"":{""axis_artifact"":{""axis_component_touches_boundary"":false,""axis_halfmax_outer_edge_r"":0.021105347861609024,""axis_halfmax_width_grid"":1.911533041433603,""axis_halfmax_width_r"":0.009557665207168015,""axis_peak"":0.0033757192784268637,""axis_peak_harmonic_index"":11,""axis_peak_is_local_max"":true,""axis_peak_r"":0.015,""r_ax"":0.03}},""crossing_features"":{""W_star_high_shear"":0.01602558030121504,""W_star_high_shear_sum"":0.016510051271628464,""W_star_sum"":0.27260324874288167,""n_cross"":2.0,""r_star_high_shear"":0.44285834259464146,""r_star_max"":0.44285834259464146},""crossing_records"":[{""W_peak"":0.2717113066999929,""boundary"":""high"",""r_cross"":0.44285834259464146,""shear_weighted"":0.01602558030121504},{""W_peak"":0.0008919420428887623,""boundary"":""high"",""r_cross"":0.9369967315614387,""shear_weighted"":0.0004844709704134253}],""extremum_features"":{""ext_df_gap"":-0.2923338885875457,""ext_dr"":0.34500000000000003,""ext_energy_frac"":4.376235980950873e-06,""match_found"":true},""feature_schema_version"":""tae-rule-features-grouped-v3"",""numerical_structure_features"":{},""resolution_features"":{},""rf_standard_features"":{""S"":1.5950884837429007,""W_star"":0.23113388087800463,""W_star_max"":0.2717113066999929,""delta2_eff"":0.12477226347702673,""frac_spikes"":0.010963700018426387,""gamma_d"":-0.00013640113065787818,""max_abs_d1_abs"":0.5428376248997341,""max_abs_d2_abs"":0.7510241996886112,""max_per_m_mean"":0.10140806497887099,""max_to_mean"":139.4161312748293,""max_to_median"":803309.6213230295,""mean_abs_d1_mode"":0.0019455623643605266,""mean_abs_d2_mode"":0.0011490893850082942,""mean_amp"":0.007172771118496297,""ntor"":6.0,""r_star"":0.445,""rad_loc"":0.5672901116925257,""rad_width"":0.07666666328376644,""spikes_per_m"":2.2037037037037037,""std_amp"":0.048394802230258306,""std_per_m_max"":0.2311086705527945,""std_per_m_mean"":0.024140257482218447},""source_feature_schema_version"":""rf_all_crossings_extremum_energy_31_v2""}",,,,,NOT_PRESENT,,REVIEW,rule_engine,,,,
/global/u2/e/ebelova/src_nova/data/nstxu_204202/N7/egn07w.1060E+02,nstxu_204202/N7/egn07w.1060E+02,nstxu_204202,7,7,201,54,3.256073920004411,-3.023910517073401e-06,0.6372385731839783,0.11300561426041926,3b054fb31db209252862b578128614ba550ffdb06ab646b132abf436d0287eb7,RULE_EVALUATED,tae_like,0.9945902380080227,1.0,,BAD,BAD_AXIS_SPIKE,"[""BAD_AXIS_SPIKE""]",tae-rules-axis-artifact-v1,"{""boundary_features"":{""axis_artifact"":{""axis_component_touches_boundary"":false,""axis_halfmax_outer_edge_r"":0.013890141196787257,""axis_halfmax_width_grid"":1.4573221896151276,""axis_halfmax_width_r"":0.007286610948075638,""axis_peak"":0.16967530165874822,""axis_peak_harmonic_index"":11,""axis_peak_is_local_max"":true,""axis_peak_r"":0.01,""r_ax"":0.03}},""crossing_features"":{""W_star_high_shear"":3.922060840953753e-06,""W_star_high_shear_sum"":3.922060840953753e-06,""W_star_sum"":0.0003673842229683965,""n_cross"":1.0,""r_star_high_shear"":0.30332297733391633,""r_star_max"":0.30332297733391633},""crossing_records"":[{""W_peak"":0.0003673842229683965,""boundary"":""low"",""r_cross"":0.30332297733391633,""shear_weighted"":3.922060840953753e-06}],""extremum_features"":{""ext_df_gap"":-0.12929883748579188,""ext_dr"":0.44999999999999996,""ext_energy_frac"":1.2960161342416863e-07,""match_found"":true},""feature_schema_version"":""tae-rule-features-grouped-v3"",""numerical_structure_features"":{},""resolution_features"":{},""rf_standard_features"":{""S"":2.940018293386741,""W_star"":0.00047221454632256123,""W_star_max"":0.0003673842229683965,""delta2_eff"":0.0011037565632698594,""frac_spikes"":0.011608623548922056,""gamma_d"":-3.023910517073401e-06,""max_abs_d1_abs"":0.34025540182045955,""max_abs_d2_abs"":0.5770620182004971,""max_per_m_mean"":0.13574739829434482,""max_to_mean"":104.33649220489224,""max_to_median"":176773.4116401882,""mean_abs_d1_mode"":0.0024508277649260973,""mean_abs_d2_mode"":0.0020902002275826233,""mean_amp"":0.009584374352282226,""ntor"":7.0,""r_star"":0.305,""rad_loc"":0.6372385731839783,""rad_width"":0.11300561426041926,""spikes_per_m"":2.3333333333333335,""std_amp"":0.06508430715669794,""std_per_m_max"":0.2541917380460778,""std_per_m_mean"":0.029124739552872318},""source_feature_schema_version"":""rf_all_crossings_extremum_energy_31_v2""}",,,,,NOT_PRESENT,,BAD,rule_engine,,,,
/global/u2/e/ebelova/src_nova/data/nstxu_204202/N7/egn07w.1138E+02,nstxu_204202/N7/egn07w.1138E+02,nstxu_204202,7,7,201,54,3.373871719908941,-1.0883766620286257e-08,0.023621624392886037,0.0029181354248838933,873b87148232dcaff852a28ba68246ee99a1894f257531a4f8aea01e8fee4920,RULE_EVALUATED,tae_like,0.9999980258579101,1.0,,BAD,BAD_AXIS_SPIKE,"[""BAD_AXIS_SPIKE""]",tae-rules-axis-artifact-v1,"{""boundary_features"":{""axis_artifact"":{""axis_component_touches_boundary"":false,""axis_halfmax_outer_edge_r"":0.027692385328856716,""axis_halfmax_width_grid"":1.7054971528154292,""axis_halfmax_width_r"":0.008527485764077147,""axis_peak"":1.0,""axis_peak_harmonic_index"":11,""axis_peak_is_local_max"":true,""axis_peak_r"":0.025,""r_ax"":0.03}},""crossing_features"":{""W_star_high_shear"":7.305754071840269e-10,""W_star_high_shear_sum"":7.305754071840269e-10,""W_star_sum"":1.1323263391085193e-07,""n_cross"":1.0,""r_star_high_shear"":0.2803242574789802,""r_star_max"":0.2803242574789802},""crossing_records"":[{""W_peak"":1.1323263391085193e-07,""boundary"":""low"",""r_cross"":0.2803242574789802,""shear_weighted"":7.305754071840269e-10}],""extremum_features"":{""ext_df_gap"":-0.08986968026396362,""ext_dr"":0.135,""ext_energy_frac"":2.9710771170328987e-07,""match_found"":true},""feature_schema_version"":""tae-rule-features-grouped-v3"",""numerical_structure_features"":{},""resolution_features"":{},""rf_standard_features"":{""S"":89.57033771931384,""W_star"":2.9492756227858718e-08,""W_star_max"":1.1323263391085193e-07,""delta2_eff"":0.6220748832601216,""frac_spikes"":0.0008291873963515755,""gamma_d"":-1.0883766620286257e-08,""max_abs_d1_abs"":0.928544652656234,""max_abs_d2_abs"":1.3612365589089233,""max_per_m_mean"":0.009919077241670123,""max_to_mean"":4349.8080617197065,""max_to_median"":63168576.13738848,""mean_abs_d1_mode"":0.00023461325847833216,""mean_abs_d2_mode"":0.0003234023365017371,""mean_amp"":0.000229895200307951,""ntor"":7.0,""r_star"":0.28500000000000003,""rad_loc"":0.023621624392886037,""rad_width"":0.0029181354248838933,""spikes_per_m"":0.16666666666666666,""std_amp"":0.011273910417630269,""std_per_m_max"":0.17384644204101696,""std_per_m_mean"":0.0017235288122914875},""source_feature_schema_version"":""rf_all_crossings_extremum_energy_31_v2""}",,,,,NOT_PRESENT,,BAD,rule_engine,,,,
/global/u2/e/ebelova/src_nova/data/nstxu_204202/N7/egn07w.1162E+02,nstxu_204202/N7/egn07w.1162E+02,nstxu_204202,7,7,201,54,3.4083494103634675,-4.0480338643082015e-07,0.6570478463919287,0.11185786873932572,571f008ccdc2284806ae9a67730939343aad77d42262915f1c40bd44aa5cc00e,RULE_EVALUATED,tae_like,0.9949044465848069,1.0,,REVIEW,NO_GOOD_TEMPLATE,"[""NO_GOOD_TEMPLATE""]",tae-rules-axis-artifact-v1,"{""boundary_features"":{""axis_artifact"":{""axis_component_touches_boundary"":false,""axis_halfmax_outer_edge_r"":0.015356038486344727,""axis_halfmax_width_grid"":1.7839653214511253,""axis_halfmax_width_r"":0.008919826607255626,""axis_peak"":0.03260251092594352,""axis_peak_harmonic_index"":11,""axis_peak_is_local_max"":true,""axis_peak_r"":0.01,""r_ax"":0.03}},""crossing_features"":{""W_star_high_shear"":3.8846609033723816e-07,""W_star_high_shear_sum"":3.8846609033723816e-07,""W_star_sum"":7.800791929469343e-05,""n_cross"":1.0,""r_star_high_shear"":0.2705679027063166,""r_star_max"":0.2705679027063166},""crossing_records"":[{""W_peak"":7.800791929469343e-05,""boundary"":""low"",""r_cross"":0.2705679027063166,""shear_weighted"":3.8846609033723816e-07}],""extremum_features"":{""ext_df_gap"":-0.07884493340037625,""ext_dr"":0.45499999999999996,""ext_energy_frac"":7.224681775596518e-08,""match_found"":true},""feature_schema_version"":""tae-rule-features-grouped-v3"",""numerical_structure_features"":{},""resolution_features"":{},""rf_standard_features"":{""S"":3.4154758238675167,""W_star"":7.29010632860208e-05,""W_star_max"":7.800791929469343e-05,""delta2_eff"":1.952781540048487e-05,""frac_spikes"":0.012253547079417726,""gamma_d"":-4.0480338643082015e-07,""max_abs_d1_abs"":0.2656821833866059,""max_abs_d2_abs"":0.45242464893629264,""max_per_m_mean"":0.1172497813615369,""max_to_mean"":107.61679076077911,""max_to_median"":340837.26511487854,""mean_abs_d1_mode"":0.0022790968327957408,""mean_abs_d2_mode"":0.0015616422692991839,""mean_amp"":0.009292230262796804,""ntor"":7.0,""r_star"":0.275,""rad_loc"":0.6570478463919287,""rad_width"":0.11185786873932572,""spikes_per_m"":2.462962962962963,""std_amp"":0.06280363101508699,""std_per_m_max"":0.2570439455029075,""std_per_m_mean"":0.027543206708824257},""source_feature_schema_version"":""rf_all_crossings_extremum_energy_31_v2""}",,,,,NOT_PRESENT,,REVIEW,rule_engine,,,,
/global/u2/e/ebelova/src_nova/data/nstxu_204202/N7/egn07w.1277E+02,nstxu_204202/N7/egn07w.1277E+02,nstxu_204202,7,7,201,54,3.57369871019048,-9.066995493028806e-06,0.01240760106867416,0.014629277484200126,77cd19170130d5222ad43ce1c31e87f816439651ff4af28ccaffaf8cbd6b9385,RULE_EVALUATED,tae_like,0.99966993776965,1.0,,BAD,BAD_AXIS_SPIKE,"[""BAD_AXIS_SPIKE""]",tae-rules-axis-artifact-v1,"{""boundary_features"":{""axis_artifact"":{""axis_component_touches_boundary"":false,""axis_halfmax_outer_edge_r"":0.015405878513236992,""axis_halfmax_width_grid"":2.010706342925813,""axis_halfmax_width_r"":0.010053531714629065,""axis_peak"":1.0,""axis_peak_harmonic_index"":11,""axis_peak_is_local_max"":true,""axis_peak_r"":0.01,""r_ax"":0.03}},""crossing_features"":{""W_star_high_shear"":2.4189624436857027e-08,""W_star_high_shear_sum"":2.4189624436857027e-08,""W_star_sum"":0.007317356545413064,""n_cross"":2.0,""r_star_high_shear"":0.2069757872282863,""r_star_max"":0.11439807901682743},""crossing_records"":[{""W_peak"":0.006820257791337514,""boundary"":""low"",""r_cross"":0.11439807901682743,""shear_weighted"":0.0},{""W_peak"":0.0004970987540755501,""boundary"":""low"",""r_cross"":0.2069757872282863,""shear_weighted"":2.4189624436857027e-08}],""extremum_features"":{""ext_df_gap"":-0.028928510997166982,""ext_dr"":0.15,""ext_energy_frac"":0.0026284732114790522,""match_found"":true},""feature_schema_version"":""tae-rule-features-grouped-v3"",""numerical_structure_features"":{},""resolution_features"":{},""rf_standard_features"":{""S"":0.1645741610349409,""W_star"":0.9585142866856101,""W_star_max"":0.006820257791337514,""delta2_eff"":0.00228076969895679,""frac_spikes"":0.001105583195135434,""gamma_d"":-9.066995493028806e-06,""max_abs_d1_abs"":0.5379058831780297,""max_abs_d2_abs"":1.0000135391541822,""max_per_m_mean"":0.014652565116094163,""max_to_mean"":2696.5250385575714,""max_to_median"":10072451.220611341,""mean_abs_d1_mode"":0.0005962784522921686,""mean_abs_d2_mode"":0.0011066146755213644,""mean_amp"":0.00037084765874764367,""ntor"":7.0,""r_star"":0.01,""rad_loc"":0.01240760106867416,""rad_width"":0.014629277484200126,""spikes_per_m"":0.2222222222222222,""std_amp"":0.012094513658318467,""std_per_m_max"":0.17329331889719268,""std_per_m_mean"":0.0025509588929884647},""source_feature_schema_version"":""rf_all_crossings_extremum_energy_31_v2""}",,,,,NOT_PRESENT,,BAD,rule_engine,,,,
/global/u2/e/ebelova/src_nova/data/nstxu_204202/N7/egn07w.1282E+02,nstxu_204202/N7/egn07w.1282E+02,nstxu_204202,7,7,201,54,3.5802474456668416,-3.509736350427935e-05,0.10567864079503654,0.07754675763767506,2905367a36f5b96c2023d56fee3a52b7fbe256c9fbb45ccf3bce0e04eedb9c83,RULE_EVALUATED,tae_like,0.985170519900157,1.0,,BAD,BAD_AXIS_SPIKE,"[""BAD_AXIS_SPIKE""]",tae-rules-axis-artifact-v1,"{""boundary_features"":{""axis_artifact"":{""axis_component_touches_boundary"":false,""axis_halfmax_outer_edge_r"":0.015440581336276668,""axis_halfmax_width_grid"":2.0256653361931773,""axis_halfmax_width_r"":0.010128326680965886,""axis_peak"":1.0,""axis_peak_harmonic_index"":11,""axis_peak_is_local_max"":true,""axis_peak_r"":0.01,""r_ax"":0.03}},""crossing_features"":{""W_star_high_shear"":1.956650006097785e-06,""W_star_high_shear_sum"":1.956650006097785e-06,""W_star_sum"":0.14856276627900303,""n_cross"":2.0,""r_star_high_shear"":0.20460490175971274,""r_star_max"":0.20460490175971274},""crossing_records"":[{""W_peak"":0.05629024029890689,""boundary"":""low"",""r_cross"":0.11685338292019391,""shear_weighted"":0.0},{""W_peak"":0.09227252598009614,""boundary"":""low"",""r_cross"":0.20460490175971274,""shear_weighted"":1.956650006097785e-06}],""extremum_features"":{""ext_df_gap"":-0.02704646771807401,""ext_dr"":0.15,""ext_energy_frac"":0.4665743506565485,""match_found"":true},""feature_schema_version"":""tae-rule-features-grouped-v3"",""numerical_structure_features"":{},""resolution_features"":{},""rf_standard_features"":{""S"":1.2338187141343298,""W_star"":0.3861463198190984,""W_star_max"":0.09227252598009614,""delta2_eff"":0.28138389618742277,""frac_spikes"":0.003869541182974019,""gamma_d"":-3.509736350427935e-05,""max_abs_d1_abs"":0.533305420020793,""max_abs_d2_abs"":0.9924023872611143,""max_per_m_mean"":0.04087504766631679,""max_to_mean"":781.0143657531582,""max_to_median"":1386535.7903117742,""mean_abs_d1_mode"":0.0008750334271499827,""mean_abs_d2_mode"":0.0014550715487889625,""mean_amp"":0.0012803861786263716,""ntor"":7.0,""r_star"":0.01,""rad_loc"":0.10567864079503654,""rad_width"":0.07754675763767506,""spikes_per_m"":0.7777777777777778,""std_amp"":0.019334844699576224,""std_per_m_max"":0.18043703192197522,""std_per_m_mean"":0.00777221156742658},""source_feature_schema_version"":""rf_all_crossings_extremum_energy_31_v2""}",,,,,NOT_PRESENT,,BAD,rule_engine,,,,
/global/u2/e/ebelova/src_nova/data/nstxu_204202/N7/egn07w.1291E+02,nstxu_204202/N7/egn07w.1291E+02,nstxu_204202,7,7,201,54,3.5933287796623894,-8.563605003921243e-06,0.04134031347718925,0.061401562643710106,03e7f82f0240c91126c8ca4d1e28c8a04c83c7883ff6ee0388844274857f3a24,RULE_EVALUATED,tae_like,0.991427474188661,1.0,,BAD,BAD_AXIS_SPIKE,"[""BAD_AXIS_SPIKE""]",tae-rules-axis-artifact-v1,"{""boundary_features"":{""axis_artifact"":{""axis_component_touches_boundary"":false,""axis_halfmax_outer_edge_r"":0.015509616756536563,""axis_halfmax_width_grid"":2.0551552027965783,""axis_halfmax_width_r"":0.010275776013982892,""axis_peak"":1.0,""axis_peak_harmonic_index"":11,""axis_peak_is_local_max"":true,""axis_peak_r"":0.01,""r_ax"":0.03}},""crossing_features"":{""W_star_high_shear"":5.051719791221849e-11,""W_star_high_shear_sum"":5.051719791221849e-11,""W_star_sum"":0.04675320149826441,""n_cross"":2.0,""r_star_high_shear"":0.20004140763347503,""r_star_max"":0.20004140763347503},""crossing_records"":[{""W_peak"":0.017290102013815124,""boundary"":""low"",""r_cross"":0.12161353973067571,""shear_weighted"":0.0},{""W_peak"":0.029463099484449286,""boundary"":""low"",""r_cross"":0.20004140763347503,""shear_weighted"":5.051719791221849e-11}],""extremum_features"":{""ext_df_gap"":-0.02330755633617981,""ext_dr"":0.15,""ext_energy_frac"":0.16345908591314798,""match_found"":true},""feature_schema_version"":""tae-rule-features-grouped-v3"",""numerical_structure_features"":{},""resolution_features"":{},""rf_standard_features"":{""S"":0.5104155680619196,""W_star"":0.7954389988696798,""W_star_max"":0.029463099484449286,""delta2_eff"":0.08034031890487313,""frac_spikes"":0.0031324857195503962,""gamma_d"":-8.563605003921243e-06,""max_abs_d1_abs"":0.5245313605696593,""max_abs_d2_abs"":0.9774740143699839,""max_per_m_mean"":0.023626841549932918,""max_to_mean"":1432.1685741763074,""max_to_median"":2411807.608868067,""mean_abs_d1_mode"":0.0007151814836824464,""mean_abs_d2_mode"":0.0012478666676225072,""mean_amp"":0.0006982418247397784,""ntor"":7.0,""r_star"":0.01,""rad_loc"":0.04134031347718925,""rad_width"":0.061401562643710106,""spikes_per_m"":0.6296296296296297,""std_amp"":0.01353479258739596,""std_per_m_max"":0.17383182900285135,""std_per_m_mean"":0.004277804818805025},""source_feature_schema_version"":""rf_all_crossings_extremum_energy_31_v2""}",,,,,NOT_PRESENT,,BAD,rule_engine,,,,
/global/u2/e/ebelova/src_nova/data/nstxu_204202/N7/egn07w.1301E+02,nstxu_204202/N7/egn07w.1301E+02,nstxu_204202,7,7,201,54,3.6071268488394495,-8.134513602993813e-06,0.028403338479602514,0.04886683257497948,9ade1ea84ee1bb8357e631649a72bd8b49a865afdea3a911b295b93ba344e336,RULE_EVALUATED,tae_like,0.9945012757690501,1.0,,BAD,BAD_AXIS_SPIKE,"[""BAD_AXIS_SPIKE""]",tae-rules-axis-artifact-v1,"{""boundary_features"":{""axis_artifact"":{""axis_component_touches_boundary"":false,""axis_halfmax_outer_edge_r"":0.015581930042241619,""axis_halfmax_width_grid"":2.086551323404288,""axis_halfmax_width_r"":0.010432756617021439,""axis_peak"":1.0,""axis_peak_harmonic_index"":11,""axis_peak_is_local_max"":true,""axis_peak_r"":0.01,""r_ax"":0.03}},""crossing_features"":{""W_star_high_shear"":0.0,""W_star_high_shear_sum"":0.0,""W_star_sum"":0.035556150092877416,""n_cross"":2.0,""r_star_high_shear"":0.19539146543148408,""r_star_max"":0.19539146543148408},""crossing_records"":[{""W_peak"":0.013607476700770973,""boundary"":""low"",""r_cross"":0.12645876314697976,""shear_weighted"":0.0},{""W_peak"":0.021948673392106443,""boundary"":""low"",""r_cross"":0.19539146543148408,""shear_weighted"":0.0}],""extremum_features"":{""ext_df_gap"":-0.019393175433196668,""ext_dr"":0.15,""ext_energy_frac"":0.0917880297313708,""match_found"":true},""feature_schema_version"":""tae-rule-features-grouped-v3"",""numerical_structure_features"":{},""resolution_features"":{},""rf_standard_features"":{""S"":0.3766018280597277,""W_star"":0.8800979169573373,""W_star_max"":0.021948673392106443,""delta2_eff"":0.03733750341701338,""frac_spikes"":0.002671826054910632,""gamma_d"":-8.134513602993813e-06,""max_abs_d1_abs"":0.5153760831190868,""max_abs_d2_abs"":0.9617436329716086,""max_per_m_mean"":0.020321605051791976,""max_to_mean"":1691.8911087364925,""max_to_median"":2322865.837199618,""mean_abs_d1_mode"":0.0006928826345387217,""mean_abs_d2_mode"":0.0012175566683253962,""mean_amp"":0.0005910545856907486,""ntor"":7.0,""r_star"":0.01,""rad_loc"":0.028403338479602514,""rad_width"":0.04886683257497948,""spikes_per_m"":0.5370370370370371,""std_amp"":0.012927792190569736,""std_per_m_max"":0.17362401923880516,""std_per_m_mean"":0.0036192559319804096},""source_feature_schema_version"":""rf_all_crossings_extremum_energy_31_v2""}",,,,,NOT_PRESENT,,BAD,rule_engine,,,,
/global/u2/e/ebelova/src_nova/data/nstxu_204202/N7/egn07w.1306E+02,nstxu_204202/N7/egn07w.1306E+02,nstxu_204202,7,7,201,54,3.6138674622265086,-5.948254422395912e-05,0.018408204809921877,0.033204743071028824,2459db8911cd9307c711bce637ead5e81be662c8c2fa955895b1c0d656f3614f,RULE_EVALUATED,tae_like,0.9976773482739332,1.0,,BAD,BAD_AXIS_SPIKE,"[""BAD_AXIS_SPIKE""]",tae-rules-axis-artifact-v1,"{""boundary_features"":{""axis_artifact"":{""axis_component_touches_boundary"":false,""axis_halfmax_outer_edge_r"":0.015617432062491238,""axis_halfmax_width_grid"":2.1020396124863496,""axis_halfmax_width_r"":0.010510198062431749,""axis_peak"":1.0,""axis_peak_harmonic_index"":11,""axis_peak_is_local_max"":true,""axis_peak_r"":0.01,""r_ax"":0.03}},""crossing_features"":{""W_star_high_shear"":0.0,""W_star_high_shear_sum"":0.0,""W_star_sum"":0.02515444667097365,""n_cross"":2.0,""r_star_high_shear"":0.1931476069813399,""r_star_max"":0.12879398581653942},""crossing_records"":[{""W_peak"":0.02151622281117794,""boundary"":""low"",""r_cross"":0.12879398581653942,""shear_weighted"":0.0},{""W_peak"":0.0036382238597957098,""boundary"":""low"",""r_cross"":0.1931476069813399,""shear_weighted"":0.0}],""extremum_features"":{""ext_df_gap"":-0.01749179544158838,""ext_dr"":0.15,""ext_energy_frac"":0.04316696178704767,""match_found"":true},""feature_schema_version"":""tae-rule-features-grouped-v3"",""numerical_structure_features"":{},""resolution_features"":{},""rf_standard_features"":{""S"":0.2532230046678129,""W_star"":0.9451404572436631,""W_star_max"":0.02151622281117794,""delta2_eff"":0.008090583111721117,""frac_spikes"":0.001658374792703151,""gamma_d"":-5.948254422395912e-05,""max_abs_d1_abs"":0.5109584231149409,""max_abs_d2_abs"":0.954031053426214,""max_per_m_mean"":0.01645569739380098,""max_to_mean"":2153.6463257778546,""max_to_median"":4487821.752758363,""mean_abs_d1_mode"":0.0006511678366230731,""mean_abs_d2_mode"":0.0011708686861580623,""mean_amp"":0.00046432879246557506,""ntor"":7.0,""r_star"":0.01,""rad_loc"":0.018408204809921877,""rad_width"":0.033204743071028824,""spikes_per_m"":0.3333333333333333,""std_amp"":0.012506210790002956,""std_per_m_max"":0.1732902792099366,""std_per_m_mean"":0.002880555170457681},""source_feature_schema_version"":""rf_all_crossings_extremum_energy_31_v2""}",,,,,NOT_PRESENT,,BAD,rule_engine,,,,
/global/u2/e/ebelova/src_nova/data/nstxu_204202/N7/egn07w.1311E+02,nstxu_204202/N7/egn07w.1311E+02,nstxu_204202,7,7,201,54,3.6213691264946943,-5.66393328676636e-05,0.08398183638273062,0.07499597769475971,c7bea69af5c4d38cd0e6fdedec1e49c6ffdd5f3a3fe04788d61735497815c802,RULE_EVALUATED,tae_like,0.9846139316559912,1.0,,BAD,BAD_AXIS_SPIKE,"[""BAD_AXIS_SPIKE""]",tae-rules-axis-artifact-v1,"{""boundary_features"":{""axis_artifact"":{""axis_component_touches_boundary"":false,""axis_halfmax_outer_edge_r"":0.01565759807068562,""axis_halfmax_width_grid"":2.1195181335844517,""axis_halfmax_width_r"":0.01059759066792226,""axis_peak"":1.0,""axis_peak_harmonic_index"":11,""axis_peak_is_local_max"":true,""axis_peak_r"":0.01,""r_ax"":0.03}},""crossing_features"":{""W_star_high_shear"":0.0,""W_star_high_shear_sum"":0.0,""W_star_sum"":0.3210009275660675,""n_cross"":2.0,""r_star_high_shear"":0.1906532191254383,""r_star_max"":0.1906532191254383},""crossing_records"":[{""W_peak"":0.12360549731248224,""boundary"":""low"",""r_cross"":0.131410932842802,""shear_weighted"":0.0},{""W_peak"":0.19739543025358527,""boundary"":""low"",""r_cross"":0.1906532191254383,""shear_weighted"":0.0}],""extremum_features"":{""ext_df_gap"":-0.015384061714807372,""ext_dr"":0.15,""ext_energy_frac"":0.4197711952526003,""match_found"":true},""feature_schema_version"":""tae-rule-features-grouped-v3"",""numerical_structure_features"":{},""resolution_features"":{},""rf_standard_features"":{""S"":0.9864773905989567,""W_star"":0.5017949740665821,""W_star_max"":0.19739543025358527,""delta2_eff"":0.11675593295240541,""frac_spikes"":0.0030403537866224434,""gamma_d"":-5.66393328676636e-05,""max_abs_d1_abs"":0.5060736328630255,""max_abs_d2_abs"":0.9453464414172444,""max_per_m_mean"":0.03271118575945738,""max_to_mean"":967.8272182348729,""max_to_median"":1363248.1718339957,""mean_abs_d1_mode"":0.00095146257175977,""mean_abs_d2_mode"":0.0015268642271114106,""mean_amp"":0.001033242277331254,""ntor"":7.0,""r_star"":0.01,""rad_loc"":0.08398183638273062,""rad_width"":0.07499597769475971,""spikes_per_m"":0.6111111111111112,""std_amp"":0.017190771587419166,""std_per_m_max"":0.1803434251873966,""std_per_m_mean"":0.006056560601713575},""source_feature_schema_version"":""rf_all_crossings_extremum_energy_31_v2""}",,,,,NOT_PRESENT,,BAD,rule_engine,,,,
/global/u2/e/ebelova/src_nova/data/nstxu_204202/N7/egn07w.1316E+02,nstxu_204202/N7/egn07w.1316E+02,nstxu_204202,7,7,201,54,3.628224943657203,-7.086417256469279e-05,0.014030384904377847,0.023216684424804564,50e1c455e6b76bf1e6e3691729239de3f1a8d95687ca6bce57970ea5f29043ce,RULE_EVALUATED,tae_like,0.9988221954688153,1.0,,BAD,BAD_AXIS_SPIKE,"[""BAD_AXIS_SPIKE""]",tae-rules-axis-artifact-v1,"{""boundary_features"":{""axis_artifact"":{""axis_component_touches_boundary"":false,""axis_halfmax_outer_edge_r"":0.015694383529107736,""axis_halfmax_width_grid"":2.1355877961727185,""axis_halfmax_width_r"":0.010677938980863593,""axis_peak"":1.0,""axis_peak_harmonic_index"":11,""axis_peak_is_local_max"":true,""axis_peak_r"":0.01,""r_ax"":0.03}},""crossing_features"":{""W_star_high_shear"":0.0,""W_star_high_shear_sum"":0.0,""W_star_sum"":0.011032175959655985,""n_cross"":2.0,""r_star_high_shear"":0.18834038564289818,""r_star_max"":0.13381754457045342},""crossing_records"":[{""W_peak"":0.009378275396303098,""boundary"":""low"",""r_cross"":0.13381754457045342,""shear_weighted"":0.0},{""W_peak"":0.0016539005633528876,""boundary"":""low"",""r_cross"":0.18834038564289818,""shear_weighted"":0.0}],""extremum_features"":{""ext_df_gap"":-0.013465413454309724,""ext_dr"":0.15,""ext_energy_frac"":0.022956924426214328,""match_found"":true},""feature_schema_version"":""tae-rule-features-grouped-v3"",""numerical_structure_features"":{},""resolution_features"":{},""rf_standard_features"":{""S"":0.1735986427027545,""W_star"":0.9749056671897445,""W_star_max"":0.009378275396303098,""delta2_eff"":0.003021772929697396,""frac_spikes"":0.001013451262207481,""gamma_d"":-7.086417256469279e-05,""max_abs_d1_abs"":0.5016498811343967,""max_abs_d2_abs"":0.9373912706591534,""max_per_m_mean"":0.014936378557548095,""max_to_mean"":2377.043134159332,""max_to_median"":4314918.269238611,""mean_abs_d1_mode"":0.0006291531209804968,""mean_abs_d2_mode"":0.0011447585221112991,""mean_amp"":0.0004206907242247491,""ntor"":7.0,""r_star"":0.01,""rad_loc"":0.014030384904377847,""rad_width"":0.023216684424804564,""spikes_per_m"":0.2037037037037037,""std_amp"":0.01236652575832618,""std_per_m_max"":0.1731536339213148,""std_per_m_mean"":0.0025973792199687445},""source_feature_schema_version"":""rf_all_crossings_extremum_energy_31_v2""}",,,,,NOT_PRESENT,,BAD,rule_engine,,,,
/global/u2/e/ebelova/src_nova/data/nstxu_204202/N7/egn07w.1322E+02,nstxu_204202/N7/egn07w.1322E+02,nstxu_204202,7,7,201,54,3.6355344040402815,-4.0461889168257965e-06,0.014589010980223487,0.02517015073118463,05bc5803d66b0fed5fed7297a8cf38e7de0d03d1211e86031a5c41ec3527110b,RULE_EVALUATED,tae_like,0.9985170108187362,1.0,,BAD,BAD_AXIS_SPIKE,"[""BAD_AXIS_SPIKE""]",tae-rules-axis-artifact-v1,"{""boundary_features"":{""axis_artifact"":{""axis_component_touches_boundary"":false,""axis_halfmax_outer_edge_r"":0.015734114132025447,""axis_halfmax_width_grid"":2.152943525244202,""axis_halfmax_width_r"":0.010764717626221009,""axis_peak"":1.0,""axis_peak_harmonic_index"":11,""axis_peak_is_local_max"":true,""axis_peak_r"":0.01,""r_ax"":0.03}},""crossing_features"":{""W_star_high_shear"":0.0,""W_star_high_shear_sum"":0.0,""W_star_sum"":0.010139985903648993,""n_cross"":2.0,""r_star_high_shear"":0.18585742789971238,""r_star_max"":0.18585742789971238},""crossing_records"":[{""W_peak"":0.003772711586067022,""boundary"":""low"",""r_cross"":0.13646103220490233,""shear_weighted"":0.0},{""W_peak"":0.006367274317581972,""boundary"":""low"",""r_cross"":0.18585742789971238,""shear_weighted"":0.0}],""extremum_features"":{""ext_df_gap"":-0.011427780340170576,""ext_dr"":0.15,""ext_energy_frac"":0.02593348288747228,""match_found"":true},""feature_schema_version"":""tae-rule-features-grouped-v3"",""numerical_structure_features"":{},""resolution_features"":{},""rf_standard_features"":{""S"":0.18231956689697548,""W_star"":0.9728405431680011,""W_star_max"":0.006367274317581972,""delta2_eff"":0.004438969439902285,""frac_spikes"":0.0013819789939192924,""gamma_d"":-4.0461889168257965e-06,""max_abs_d1_abs"":0.5030791962524843,""max_abs_d2_abs"":0.92878007220433,""max_per_m_mean"":0.015565178653272954,""max_to_mean"":2246.78238092093,""max_to_median"":3468575.8056168603,""mean_abs_d1_mode"":0.0006407065637955465,""mean_abs_d2_mode"":0.0011585916313849125,""mean_amp"":0.0004450809327351629,""ntor"":7.0,""r_star"":0.01,""rad_loc"":0.014589010980223487,""rad_width"":0.02517015073118463,""spikes_per_m"":0.2777777777777778,""std_amp"":0.012420128030950637,""std_per_m_max"":0.17316302966999456,""std_per_m_mean"":0.0027103120653089964},""source_feature_schema_version"":""rf_all_crossings_extremum_energy_31_v2""}",,,,,NOT_PRESENT,,BAD,rule_engine,,,,
/global/u2/e/ebelova/src_nova/data/nstxu_204202/N7/egn07w.1327E+02,nstxu_204202/N7/egn07w.1327E+02,nstxu_204202,7,7,201,54,3.642215388449077,-0.005221114806079929,0.039194979354389606,0.059030323061577905,db463221d7e02590cbc8338d2901ac9b1cfe47eb7c5b03a088100e24a8a61ff7,RULE_EVALUATED,tae_like,0.9908314198617633,1.0,,BAD,BAD_AXIS_SPIKE,"[""BAD_AXIS_SPIKE""]",tae-rules-axis-artifact-v1,"{""boundary_features"":{""axis_artifact"":{""axis_component_touches_boundary"":false,""axis_halfmax_outer_edge_r"":0.0156491780629529,""axis_halfmax_width_grid"":2.13303654939149,""axis_halfmax_width_r"":0.01066518274695745,""axis_peak"":1.0,""axis_peak_harmonic_index"":11,""axis_peak_is_local_max"":true,""axis_peak_r"":0.01,""r_ax"":0.03}},""crossing_features"":{""W_star_high_shear"":0.0,""W_star_high_shear_sum"":0.0,""W_star_sum"":0.12435760692009164,""n_cross"":2.0,""r_star_high_shear"":0.18347436501143521,""r_star_max"":0.13893852136115972},""crossing_records"":[{""W_peak"":0.10403725543489446,""boundary"":""low"",""r_cross"":0.13893852136115972,""shear_weighted"":0.0},{""W_peak"":0.020320351485197178,""boundary"":""low"",""r_cross"":0.18347436501143521,""shear_weighted"":0.0}],""extremum_features"":{""ext_df_gap"":-0.009572499278950078,""ext_dr"":0.15,""ext_energy_frac"":0.19384047670319915,""match_found"":true},""feature_schema_version"":""tae-rule-features-grouped-v3"",""numerical_structure_features"":{},""resolution_features"":{},""rf_standard_features"":{""S"":0.49457597112318163,""W_star"":0.8053686552062274,""W_star_max"":0.10403725543489446,""delta2_eff"":0.02013524662916169,""frac_spikes"":0.0023032983231988206,""gamma_d"":-0.005221114806079929,""max_abs_d1_abs"":0.501605607849709,""max_abs_d2_abs"":0.9381825939649768,""max_per_m_mean"":0.019859031958582074,""max_to_mean"":1655.6084376891602,""max_to_median"":2803891.9889068473,""mean_abs_d1_mode"":0.0007732853697677225,""mean_abs_d2_mode"":0.0013258345613667017,""mean_amp"":0.0006040075512904224,""ntor"":7.0,""r_star"":0.01,""rad_loc"":0.039194979354389606,""rad_width"":0.059030323061577905,""spikes_per_m"":0.46296296296296297,""std_amp"":0.01358228390607615,""std_per_m_max"":0.17437770396384983,""std_per_m_mean"":0.0035341174354931383},""source_feature_schema_version"":""rf_all_crossings_extremum_energy_31_v2""}",,,,,NOT_PRESENT,,BAD,rule_engine,,,,
/global/u2/e/ebelova/src_nova/data/nstxu_204202/N7/egn07w.1340E+02,nstxu_204202/N7/egn07w.1340E+02,nstxu_204202,7,7,201,54,3.6608446445476424,-6.7498646996184e-07,0.010645871260175101,0.009439665326334057,305266a88f1c389a615d50e0d7f369449a016374f9930ab241c3e7ee3f604b1f,RULE_EVALUATED,tae_like,0.999901011270322,1.0,,BAD,BAD_AXIS_SPIKE,"[""BAD_AXIS_SPIKE""]",tae-rules-axis-artifact-v1,"{""boundary_features"":{""axis_artifact"":{""axis_component_touches_boundary"":false,""axis_halfmax_outer_edge_r"":0.015788025997824008,""axis_halfmax_width_grid"":2.192710120083627,""axis_halfmax_width_r"":0.010963550600418134,""axis_peak"":1.0,""axis_peak_harmonic_index"":11,""axis_peak_is_local_max"":true,""axis_peak_r"":0.01,""r_ax"":0.03}},""crossing_features"":{""W_star_high_shear"":0.0,""W_star_high_shear_sum"":0.0,""W_star_sum"":0.00018518308660286258,""n_cross"":2.0,""r_star_high_shear"":0.17601525185428676,""r_star_max"":0.17601525185428676},""crossing_records"":[{""W_peak"":6.783838603808234e-05,""boundary"":""low"",""r_cross"":0.14691054015134486,""shear_weighted"":0.0},{""W_peak"":0.00011734470056478023,""boundary"":""low"",""r_cross"":0.17601525185428676,""shear_weighted"":0.0}],""extremum_features"":{""ext_df_gap"":-0.00443500056887845,""ext_dr"":0.15,""ext_energy_frac"":0.0003733468840271902,""match_found"":true},""feature_schema_version"":""tae-rule-features-grouped-v3"",""numerical_structure_features"":{},""resolution_features"":{},""rf_standard_features"":{""S"":0.06842099139943922,""W_star"":0.9769583923170335,""W_star_max"":0.00011734470056478023,""delta2_eff"":2.3767964867965037e-05,""frac_spikes"":0.0007370554634236226,""gamma_d"":-6.7498646996184e-07,""max_abs_d1_abs"":0.518191055828423,""max_abs_d2_abs"":0.9068835796221283,""max_per_m_mean"":0.012642374128398902,""max_to_mean"":2811.504165713967,""max_to_median"":10441443.867846256,""mean_abs_d1_mode"":0.000584990040091107,""mean_abs_d2_mode"":0.0010916163199989404,""mean_amp"":0.0003556814922714337,""ntor"":7.0,""r_star"":0.01,""rad_loc"":0.010645871260175101,""rad_width"":0.009439665326334057,""spikes_per_m"":0.14814814814814814,""std_amp"":0.012324491080885902,""std_per_m_max"":0.1730829476175193,""std_per_m_mean"":0.0021830781974096886},""source_feature_schema_version"":""rf_all_crossings_extremum_energy_31_v2""}",,,,,NOT_PRESENT,,BAD,rule_engine,,,,
/global/u2/e/ebelova/src_nova/data/nstxu_204202/N7/egn07w.1344E+02,nstxu_204202/N7/egn07w.1344E+02,nstxu_204202,7,7,201,54,3.6658604856607604,-3.7847022285274283e-06,0.010643360814930173,0.009820933699887973,cd4a4a82c8082d8b8e2d2277e7c8292f123a6d01673368592b95d0d808257380,RULE_EVALUATED,tae_like,0.9998920811073115,1.0,,BAD,BAD_AXIS_SPIKE,"[""BAD_AXIS_SPIKE""]",tae-rules-axis-artifact-v1,"{""boundary_features"":{""axis_artifact"":{""axis_component_touches_boundary"":false,""axis_halfmax_outer_edge_r"":0.015826636849990715,""axis_halfmax_width_grid"":2.2088319840703554,""axis_halfmax_width_r"":0.011044159920351777,""axis_peak"":1.0,""axis_peak_harmonic_index"":11,""axis_peak_is_local_max"":true,""axis_peak_r"":0.01,""r_ax"":0.03}},""crossing_features"":{""W_star_high_shear"":0.0,""W_star_high_shear_sum"":0.0,""W_star_sum"":0.00024918365599799376,""n_cross"":2.0,""r_star_high_shear"":0.17341891160352127,""r_star_max"":0.14946303160090624},""crossing_records"":[{""W_peak"":0.0001912249357632494,""boundary"":""low"",""r_cross"":0.14946303160090624,""shear_weighted"":0.0},{""W_peak"":5.7958720234744366e-05,""boundary"":""low"",""r_cross"":0.17341891160352127,""shear_weighted"":0.0}],""extremum_features"":{""ext_df_gap"":-0.0030606748434410247,""ext_dr"":0.15,""ext_energy_frac"":0.00035056010107392574,""match_found"":true},""feature_schema_version"":""tae-rule-features-grouped-v3"",""numerical_structure_features"":{},""resolution_features"":{},""rf_standard_features"":{""S"":0.06550912922587025,""W_star"":0.9773160780399215,""W_star_max"":0.0001912249357632494,""delta2_eff"":1.3856947245648463e-05,""frac_spikes"":0.0007370554634236226,""gamma_d"":-3.7847022285274283e-06,""max_abs_d1_abs"":0.52274167482262,""max_abs_d2_abs"":0.8980622576224327,""max_per_m_mean"":0.012629342127404372,""max_to_mean"":2781.4197451959185,""max_to_median"":11736918.729174586,""mean_abs_d1_mode"":0.0005886216321239517,""mean_abs_d2_mode"":0.0010981077470611107,""mean_amp"":0.00035952861805406573,""ntor"":7.0,""r_star"":0.01,""rad_loc"":0.010643360814930173,""rad_width"":0.009820933699887973,""spikes_per_m"":0.14814814814814814,""std_amp"":0.012360897191024954,""std_per_m_max"":0.17306473263482175,""std_per_m_mean"":0.0021801512920722977},""source_feature_schema_version"":""rf_all_crossings_extremum_energy_31_v2""}",,,,,NOT_PRESENT,,BAD,rule_engine,,,,
/global/u2/e/ebelova/src_nova/data/nstxu_204202/N7/egn07w.1353E+02,nstxu_204202/N7/egn07w.1353E+02,nstxu_204202,7,7,201,54,3.678212965119925,-2.1681435027674185e-13,0.010597111857144795,0.010470694951009607,2967b4bb605484e5bf143b3cbf81a18a8a9fc745a8277e37a4eb09d21c9ca5d9,RULE_EVALUATED,tae_like,0.9998871441482359,1.0,,BAD,BAD_AXIS_SPIKE,"[""BAD_AXIS_SPIKE""]",tae-rules-axis-artifact-v1,"{""boundary_features"":{""axis_artifact"":{""axis_component_touches_boundary"":false,""axis_halfmax_outer_edge_r"":0.015923841801122145,""axis_halfmax_width_grid"":2.2486670334694208,""axis_halfmax_width_r"":0.011243335167347105,""axis_peak"":1.0,""axis_peak_harmonic_index"":11,""axis_peak_is_local_max"":true,""axis_peak_r"":0.01,""r_ax"":0.03}},""crossing_features"":{""W_star_high_shear"":0.0,""W_star_high_shear_sum"":0.0,""W_star_sum"":0.0,""n_cross"":0.0,""r_star_high_shear"":null,""r_star_max"":null},""crossing_records"":[],""extremum_features"":{""ext_df_gap"":0.0003078866019660785,""ext_dr"":0.15,""ext_energy_frac"":5.410496959508163e-06,""match_found"":true},""feature_schema_version"":""tae-rule-features-grouped-v3"",""numerical_structure_features"":{},""resolution_features"":{},""rf_standard_features"":{""S"":0.057026955696975,""W_star"":0.9870919898856665,""W_star_max"":0.0,""delta2_eff"":0.0,""frac_spikes"":0.0008291873963515755,""gamma_d"":-2.1681435027674185e-13,""max_abs_d1_abs"":0.5341302118791439,""max_abs_d2_abs"":0.8755427420752957,""max_per_m_mean"":0.012483110862035067,""max_to_mean"":2747.181714376381,""max_to_median"":15285545.339549566,""mean_abs_d1_mode"":0.0005881110122348625,""mean_abs_d2_mode"":0.0010978658202126929,""mean_amp"":0.0003640094108153386,""ntor"":7.0,""r_star"":0.01,""rad_loc"":0.010597111857144795,""rad_width"":0.010470694951009607,""spikes_per_m"":0.16666666666666666,""std_amp"":0.012454314270033679,""std_per_m_max"":0.1730368528699857,""std_per_m_mean"":0.002152660269586404},""source_feature_schema_version"":""rf_all_crossings_extremum_energy_31_v2""}",,,,,NOT_PRESENT,,BAD,rule_engine,,,,
/global/u2/e/ebelova/src_nova/data/nstxu_204202/N8/egn08w.1072E+02,nstxu_204202/N8/egn08w.1072E+02,nstxu_204202,8,8,201,54,3.2737998912267146,-1.0876537458616438e-06,0.637317524752895,0.11227426265289799,ce6b48f8ad1251a2fddc2a003131e67ce74eddc1be0c4fa57f036c3b2a026198,RULE_EVALUATED,tae_like,0.9953013947327626,1.0,,REVIEW,NO_GOOD_TEMPLATE,"[""NO_GOOD_TEMPLATE""]",tae-rules-axis-artifact-v1,"{""boundary_features"":{""axis_artifact"":{""axis_component_touches_boundary"":false,""axis_halfmax_outer_edge_r"":0.018001543977256902,""axis_halfmax_width_grid"":1.2236338782926761,""axis_halfmax_width_r"":0.0061181693914633805,""axis_peak"":0.024644827561646265,""axis_peak_harmonic_index"":13,""axis_peak_is_local_max"":true,""axis_peak_r"":0.015,""r_ax"":0.03}},""crossing_features"":{""W_star_high_shear"":2.897675225478535e-10,""W_star_high_shear_sum"":2.897675225478535e-10,""W_star_sum"":5.3626348199968185e-05,""n_cross"":1.0,""r_star_high_shear"":0.20232453313902443,""r_star_max"":0.20232453313902443},""crossing_records"":[{""W_peak"":5.3626348199968185e-05,""boundary"":""low"",""r_cross"":0.20232453313902443,""shear_weighted"":2.897675225478535e-10}],""extremum_features"":{""ext_df_gap"":-0.20702652882078973,""ext_dr"":0.49500000000000005,""ext_energy_frac"":1.1912574404520855e-08,""match_found"":true},""feature_schema_version"":""tae-rule-features-grouped-v3"",""numerical_structure_features"":{},""resolution_features"":{},""rf_standard_features"":{""S"":3.8505487770209412,""W_star"":3.457332628443351e-05,""W_star_max"":5.3626348199968185e-05,""delta2_eff"":9.159996291280467e-05,""frac_spikes"":0.011516491615994103,""gamma_d"":-1.0876537458616438e-06,""max_abs_d1_abs"":0.3329933620322996,""max_abs_d2_abs"":0.5422039926104141,""max_per_m_mean"":0.10618852138087505,""max_to_mean"":124.57117246823522,""max_to_median"":220478.6924793358,""mean_abs_d1_mode"":0.0022221668884203584,""mean_abs_d2_mode"":0.0017989515928429909,""mean_amp"":0.008027539438391509,""ntor"":8.0,""r_star"":0.20500000000000002,""rad_loc"":0.637317524752895,""rad_width"":0.11227426265289799,""spikes_per_m"":2.314814814814815,""std_amp"":0.05674092789402931,""std_per_m_max"":0.24018516156675274,""std_per_m_mean"":0.023282715388514615},""source_feature_schema_version"":""rf_all_crossings_extremum_energy_31_v2""}",,,,,NOT_PRESENT,,REVIEW,rule_engine,,,,
/global/u2/e/ebelova/src_nova/data/nstxu_204202/N8/egn08w.1192E+02,nstxu_204202/N8/egn08w.1192E+02,nstxu_204202,8,8,201,54,3.4522325591231153,-1.2355179926087868e-06,0.6434318375834673,0.12056619053870658,af37fd379b702a87f0437735d6f3e6bf7cf8aca6803bfc31b8cff2bdc657cb65,RULE_EVALUATED,tae_like,0.9928196493305064,1.0,,BAD,BAD_AXIS_SPIKE,"[""BAD_AXIS_SPIKE""]",tae-rules-axis-artifact-v1,"{""boundary_features"":{""axis_artifact"":{""axis_component_touches_boundary"":false,""axis_halfmax_outer_edge_r"":0.018091748258595636,""axis_halfmax_width_grid"":1.2388309603666794,""axis_halfmax_width_r"":0.006194154801833397,""axis_peak"":0.5669576368340579,""axis_peak_harmonic_index"":13,""axis_peak_is_local_max"":true,""axis_peak_r"":0.015,""r_ax"":0.03}},""crossing_features"":{""W_star_high_shear"":0.0,""W_star_high_shear_sum"":0.0,""W_star_sum"":1.1640180254617929e-05,""n_cross"":1.0,""r_star_high_shear"":0.17072546878816408,""r_star_max"":0.17072546878816408},""crossing_records"":[{""W_peak"":1.1640180254617929e-05,""boundary"":""low"",""r_cross"":0.17072546878816408,""shear_weighted"":0.0}],""extremum_features"":{""ext_df_gap"":-0.14463995431552776,""ext_dr"":0.49999999999999994,""ext_energy_frac"":2.0841786450175258e-06,""match_found"":true},""feature_schema_version"":""tae-rule-features-grouped-v3"",""numerical_structure_features"":{},""resolution_features"":{},""rf_standard_features"":{""S"":3.8852669681820666,""W_star"":8.952048714000051e-06,""W_star_max"":1.1640180254617929e-05,""delta2_eff"":0.031132061368052102,""frac_spikes"":0.01142435968306615,""gamma_d"":-1.2355179926087868e-06,""max_abs_d1_abs"":0.4584442113437036,""max_abs_d2_abs"":0.915313442481255,""max_per_m_mean"":0.11695011595130143,""max_to_mean"":110.95565982759314,""max_to_median"":62618.308786294794,""mean_abs_d1_mode"":0.002568121066282816,""mean_abs_d2_mode"":0.002172783843421777,""mean_amp"":0.009012609194004885,""ntor"":8.0,""r_star"":0.17500000000000002,""rad_loc"":0.6434318375834673,""rad_width"":0.12056619053870658,""spikes_per_m"":2.2962962962962963,""std_amp"":0.061274198599193135,""std_per_m_max"":0.23544133230582426,""std_per_m_mean"":0.025276677655449584},""source_feature_schema_version"":""rf_all_crossings_extremum_energy_31_v2""}",,,,,NOT_PRESENT,,BAD,rule_engine,,,,
/global/u2/e/ebelova/src_nova/data/nstxu_204202/N8/egn08w.1566E+02,nstxu_204202/N8/egn08w.1566E+02,nstxu_204202,8,8,201,54,3.956947977217781,-9.320582982760383e-16,0.054495746465343116,0.027142238598771545,6d7b53f4e564f3735d1f8a5db8f70573f05f09e3baff5a1a0830cebe72c9b8fe,RULE_EVALUATED,tae_like,0.9986104170092294,1.0,,BAD,BAD_AXIS_SPIKE,"[""BAD_AXIS_SPIKE""]",tae-rules-axis-artifact-v1,"{""boundary_features"":{""axis_artifact"":{""axis_component_touches_boundary"":false,""axis_halfmax_outer_edge_r"":0.023962578977475647,""axis_halfmax_width_grid"":2.6903230882973705,""axis_halfmax_width_r"":0.013451615441486854,""axis_peak"":0.9697350963435611,""axis_peak_harmonic_index"":12,""axis_peak_is_local_max"":true,""axis_peak_r"":0.015,""r_ax"":0.03}},""crossing_features"":{""W_star_high_shear"":0.0,""W_star_high_shear_sum"":0.0,""W_star_sum"":0.0,""n_cross"":0.0,""r_star_high_shear"":null,""r_star_max"":null},""crossing_records"":[],""extremum_features"":{""ext_df_gap"":0.0013608110310074815,""ext_dr"":0.0050000000000000044,""ext_energy_frac"":0.5974766271662232,""match_found"":true},""feature_schema_version"":""tae-rule-features-grouped-v3"",""numerical_structure_features"":{},""resolution_features"":{},""rf_standard_features"":{""S"":1.6393543333495577,""W_star"":0.3335039651711193,""W_star_max"":0.0,""delta2_eff"":0.0,""frac_spikes"":0.0036852773171181133,""gamma_d"":-9.320582982760383e-16,""max_abs_d1_abs"":0.6932776305883405,""max_abs_d2_abs"":0.9789668913023235,""max_per_m_mean"":0.05932528578138554,""max_to_mean"":550.8182484568897,""max_to_median"":9550095.504214065,""mean_abs_d1_mode"":0.003351323064439462,""mean_abs_d2_mode"":0.006385014468783474,""mean_amp"":0.0018154808818528962,""ntor"":8.0,""r_star"":0.01,""rad_loc"":0.054495746465343116,""rad_width"":0.027142238598771545,""spikes_per_m"":0.7407407407407407,""std_amp"":0.030307679437725304,""std_per_m_max"":0.19779180592377946,""std_per_m_mean"":0.010793733602106871},""source_feature_schema_version"":""rf_all_crossings_extremum_energy_31_v2""}",,,,,NOT_PRESENT,,BAD,rule_engine,,,,
/global/u2/e/ebelova/src_nova/data/nstxu_204202/N8/egn08w.1573E+02,nstxu_204202/N8/egn08w.1573E+02,nstxu_204202,8,8,201,54,3.9658421537533286,-1.991395489967251e-15,0.049715486646522845,0.02694225133467249,ac2692ea2d0466a59b6b68a4eb4a2654d3fffe329e3e453df8f240306608b188,RULE_EVALUATED,tae_like,0.9986323542054376,1.0,,BAD,BAD_AXIS_SPIKE,"[""BAD_AXIS_SPIKE""]",tae-rules-axis-artifact-v1,"{""boundary_features"":{""axis_artifact"":{""axis_component_touches_boundary"":false,""axis_halfmax_outer_edge_r"":0.021684520986250972,""axis_halfmax_width_grid"":2.277542709624429,""axis_halfmax_width_r"":0.011387713548122146,""axis_peak"":1.0,""axis_peak_harmonic_index"":12,""axis_peak_is_local_max"":true,""axis_peak_r"":0.015,""r_ax"":0.03}},""crossing_features"":{""W_star_high_shear"":0.0,""W_star_high_shear_sum"":0.0,""W_star_sum"":0.0,""n_cross"":0.0,""r_star_high_shear"":null,""r_star_max"":null},""crossing_records"":[],""extremum_features"":{""ext_df_gap"":0.0036004546924679544,""ext_dr"":0.065,""ext_energy_frac"":0.4815221187040527,""match_found"":true},""feature_schema_version"":""tae-rule-features-grouped-v3"",""numerical_structure_features"":{},""resolution_features"":{},""rf_standard_features"":{""S"":1.4740968062285924,""W_star"":0.35590445304852786,""W_star_max"":0.0,""delta2_eff"":0.0,""frac_spikes"":0.0036852773171181133,""gamma_d"":-1.991395489967251e-15,""max_abs_d1_abs"":0.6319039934675461,""max_abs_d2_abs"":0.8629617272849617,""max_per_m_mean"":0.051540021628957246,""max_to_mean"":632.7980786160749,""max_to_median"":6330778.632900885,""mean_abs_d1_mode"":0.0030261358423662884,""mean_abs_d2_mode"":0.005835729996948563,""mean_amp"":0.0015802829261969238,""ntor"":8.0,""r_star"":0.01,""rad_loc"":0.049715486646522845,""rad_width"":0.02694225133467249,""spikes_per_m"":0.7407407407407407,""std_amp"":0.027037602197137453,""std_per_m_max"":0.1852227505101294,""std_per_m_mean"":0.009356840771633528},""source_feature_schema_version"":""rf_all_crossings_extremum_energy_31_v2""}",,,,,NOT_PRESENT,,BAD,rule_engine,,,,
/global/u2/e/ebelova/src_nova/data/nstxu_204202/N8/egn08w.1583E+02,nstxu_204202/N8/egn08w.1583E+02,nstxu_204202,8,8,201,54,3.9788587330331553,-4.015550646834431e-15,0.04015151595084317,0.02176504012890652,24692786ded837c6a98abffece3785e301902453ef68c816da7ffa65c511f5a5,RULE_EVALUATED,tae_like,0.9992659473000889,1.0,,BAD,BAD_AXIS_SPIKE,"[""BAD_AXIS_SPIKE""]",tae-rules-axis-artifact-v1,"{""boundary_features"":{""axis_artifact"":{""axis_component_touches_boundary"":false,""axis_halfmax_outer_edge_r"":0.022420463864280534,""axis_halfmax_width_grid"":2.4764141818402226,""axis_halfmax_width_r"":0.012382070909201114,""axis_peak"":1.0,""axis_peak_harmonic_index"":12,""axis_peak_is_local_max"":true,""axis_peak_r"":0.015,""r_ax"":0.03}},""crossing_features"":{""W_star_high_shear"":0.0,""W_star_high_shear_sum"":0.0,""W_star_sum"":0.0,""n_cross"":0.0,""r_star_high_shear"":null,""r_star_max"":null},""crossing_records"":[],""extremum_features"":{""ext_df_gap"":0.006860111429763503,""ext_dr"":0.065,""ext_energy_frac"":0.4104553048171312,""match_found"":true},""feature_schema_version"":""tae-rule-features-grouped-v3"",""numerical_structure_features"":{},""resolution_features"":{},""rf_standard_features"":{""S"":1.3853186472839576,""W_star"":0.3720580158929709,""W_star_max"":0.0,""delta2_eff"":0.0,""frac_spikes"":0.0031324857195503962,""gamma_d"":-4.015550646834431e-15,""max_abs_d1_abs"":0.5791700273787344,""max_abs_d2_abs"":0.7747506560978513,""max_per_m_mean"":0.04516301437452111,""max_to_mean"":741.9503885770488,""max_to_median"":10555311.614112379,""mean_abs_d1_mode"":0.0025916791454413377,""mean_abs_d2_mode"":0.005018431765911179,""mean_amp"":0.0013477990100873212,""ntor"":8.0,""r_star"":0.01,""rad_loc"":0.04015151595084317,""rad_width"":0.02176504012890652,""spikes_per_m"":0.6296296296296297,""std_amp"":0.024364874224684197,""std_per_m_max"":0.18185832893446308,""std_per_m_mean"":0.008106179092274348},""source_feature_schema_version"":""rf_all_crossings_extremum_energy_31_v2""}",,,,,NOT_PRESENT,,BAD,rule_engine,,,,
/global/u2/e/ebelova/src_nova/data/nstxu_204202/N8/egn08w.1612E+02,nstxu_204202/N8/egn08w.1612E+02,nstxu_204202,8,8,201,54,4.015473642959524,-9.708012042411433e-15,0.021417416597931456,0.011139243693568283,793307a4d0f072e7e0415f1e754d1483818eb2cb322ac3332bdff9af5608259d,RULE_EVALUATED,tae_like,0.999824861244194,1.0,,BAD,BAD_AXIS_SPIKE,"[""BAD_AXIS_SPIKE""]",tae-rules-axis-artifact-v1,"{""boundary_features"":{""axis_artifact"":{""axis_component_touches_boundary"":false,""axis_halfmax_outer_edge_r"":0.03697306420324165,""axis_halfmax_width_grid"":6.638141282375321,""axis_halfmax_width_r"":0.03319070641187661,""axis_peak"":1.0,""axis_peak_harmonic_index"":12,""axis_peak_is_local_max"":true,""axis_peak_r"":0.015,""r_ax"":0.03}},""crossing_features"":{""W_star_high_shear"":0.0,""W_star_high_shear_sum"":0.0,""W_star_sum"":0.0,""n_cross"":0.0,""r_star_high_shear"":null,""r_star_max"":null},""crossing_records"":[],""extremum_features"":{""ext_df_gap"":0.015916011380206666,""ext_dr"":0.065,""ext_energy_frac"":0.015186264559783473,""match_found"":true},""feature_schema_version"":""tae-rule-features-grouped-v3"",""numerical_structure_features"":{},""resolution_features"":{},""rf_standard_features"":{""S"":1.024972333040781,""W_star"":0.5988884351415804,""W_star_max"":0.0,""delta2_eff"":0.0,""frac_spikes"":0.002026902524414962,""gamma_d"":-9.708012042411433e-15,""max_abs_d1_abs"":0.6609633826042031,""max_abs_d2_abs"":0.7818182647747981,""max_per_m_mean"":0.031565302787222735,""max_to_mean"":1099.6927661307082,""max_to_median"":8437988.440177273,""mean_abs_d1_mode"":0.0016892066218563494,""mean_abs_d2_mode"":0.0032358272281930744,""mean_amp"":0.0009093448913179887,""ntor"":8.0,""r_star"":0.01,""rad_loc"":0.021417416597931456,""rad_width"":0.011139243693568283,""spikes_per_m"":0.4074074074074074,""std_amp"":0.020283533904354147,""std_per_m_max"":0.18595717016925564,""std_per_m_mean"":0.005576023616089098},""source_feature_schema_version"":""rf_all_crossings_extremum_energy_31_v2""}",,,,,NOT_PRESENT,,BAD,rule_engine,,,,
/global/u2/e/ebelova/src_nova/data/nstxu_204202/N8/egn08w.1650E+02,nstxu_204202/N8/egn08w.1650E+02,nstxu_204202,8,8,201,54,4.062140039720768,-7.965981542512884e-12,0.7034237008268105,0.0955138074914988,961bd3a9f9e4cb5a0d1b07ca7928a91d6ed240c44eec433a985a9a65b996d564,RULE_EVALUATED,tae_like,0.9944116847939222,1.0,,REVIEW,NO_GOOD_TEMPLATE,"[""NO_GOOD_TEMPLATE""]",tae-rules-axis-artifact-v1,"{""boundary_features"":{""axis_artifact"":{""axis_component_touches_boundary"":false,""axis_halfmax_outer_edge_r"":0.020627635593718444,""axis_halfmax_width_grid"":1.9980758584118599,""axis_halfmax_width_r"":0.0099903792920593,""axis_peak"":0.07954982637500217,""axis_peak_harmonic_index"":13,""axis_peak_is_local_max"":true,""axis_peak_r"":0.015,""r_ax"":0.03}},""crossing_features"":{""W_star_high_shear"":0.0,""W_star_high_shear_sum"":0.0,""W_star_sum"":0.0,""n_cross"":0.0,""r_star_high_shear"":null,""r_star_max"":null},""crossing_records"":[],""extremum_features"":{""ext_df_gap"":0.10359596383075471,""ext_dr"":0.6050000000000001,""ext_energy_frac"":2.533790514979258e-08,""match_found"":true},""feature_schema_version"":""tae-rule-features-grouped-v3"",""numerical_structure_features"":{},""resolution_features"":{},""rf_standard_features"":{""S"":7.259931511800203,""W_star"":0.00026204398409866475,""W_star_max"":0.0,""delta2_eff"":0.0,""frac_spikes"":0.01271420674405749,""gamma_d"":-7.965981542512884e-12,""max_abs_d1_abs"":0.3161389027369302,""max_abs_d2_abs"":0.5907665964859472,""max_per_m_mean"":0.09240908231583712,""max_to_mean"":102.28913992580195,""max_to_median"":181255.86266664157,""mean_abs_d1_mode"":0.002652657296264415,""mean_abs_d2_mode"":0.0020122328720666616,""mean_amp"":0.00977620889786625,""ntor"":8.0,""r_star"":0.01,""rad_loc"":0.7034237008268105,""rad_width"":0.0955138074914988,""spikes_per_m"":2.5555555555555554,""std_amp"":0.0658256776266818,""std_per_m_max"":0.27162395729847477,""std_per_m_mean"":0.02471056058275773},""source_feature_schema_version"":""rf_all_crossings_extremum_energy_31_v2""}",,,,,NOT_PRESENT,,REVIEW,rule_engine,,,,
/global/u2/e/ebelova/src_nova/data/nstxu_204202/N8/egn08w.1790E+02,nstxu_204202/N8/egn08w.1790E+02,nstxu_204202,8,8,201,54,4.231396128822398,-5.892651629273474e-12,0.7260449393639867,0.0997552756011326,704e0a283c56c4da0dcb0ea58232bb08455ba2f4866edec8d521b542507280e7,RULE_EVALUATED,tae_like,0.9933476557051225,1.0,,REVIEW,NO_GOOD_TEMPLATE,"[""NO_GOOD_TEMPLATE""]",tae-rules-axis-artifact-v1,"{""boundary_features"":{""axis_artifact"":{""axis_component_touches_boundary"":false,""axis_halfmax_outer_edge_r"":0.02196748014876709,""axis_halfmax_width_grid"":2.264769743694403,""axis_halfmax_width_r"":0.011323848718472015,""axis_peak"":0.042032137795929105,""axis_peak_harmonic_index"":13,""axis_peak_is_local_max"":true,""axis_peak_r"":0.015,""r_ax"":0.03}},""crossing_features"":{""W_star_high_shear"":0.0,""W_star_high_shear_sum"":0.0,""W_star_sum"":0.0,""n_cross"":0.0,""r_star_high_shear"":null,""r_star_max"":null},""crossing_records"":[],""extremum_features"":{""ext_df_gap"":0.05945206165293586,""ext_dr"":0.61,""ext_energy_frac"":5.551602604831901e-09,""match_found"":true},""feature_schema_version"":""tae-rule-features-grouped-v3"",""numerical_structure_features"":{},""resolution_features"":{},""rf_standard_features"":{""S"":7.178015749461564,""W_star"":8.574740971566968e-05,""W_star_max"":0.0,""delta2_eff"":0.0,""frac_spikes"":0.012898470609913396,""gamma_d"":-5.892651629273474e-12,""max_abs_d1_abs"":0.3637275254285508,""max_abs_d2_abs"":0.6068741579322485,""max_per_m_mean"":0.08701016497197521,""max_to_mean"":99.87692156747696,""max_to_median"":481679.6901842283,""mean_abs_d1_mode"":0.0028821588774225544,""mean_abs_d2_mode"":0.002072975120328544,""mean_amp"":0.010012323009220123,""ntor"":8.0,""r_star"":0.01,""rad_loc"":0.7260449393639867,""rad_width"":0.0997552756011326,""spikes_per_m"":2.5925925925925926,""std_amp"":0.06685899059523089,""std_per_m_max"":0.29585409579815825,""std_per_m_mean"":0.023417892712640245},""source_feature_schema_version"":""rf_all_crossings_extremum_energy_31_v2""}",,,,,NOT_PRESENT,,REVIEW,rule_engine,,,,
/global/u2/e/ebelova/src_nova/data/nstxu_204202/N8/egn08w.2025E+02,nstxu_204202/N8/egn08w.2025E+02,nstxu_204202,8,8,201,54,4.499577945302789,-5.4142652758862233e-11,0.7429015418610897,0.09419857303632373,98a9098f244baab6bb45e1122197a99f5e1ae4830abf1b034ea1c750d6332373,RULE_EVALUATED,tae_like,0.9916332358629233,0.9999999993277852,,REVIEW,NO_GOOD_TEMPLATE,"[""NO_GOOD_TEMPLATE""]",tae-rules-axis-artifact-v1,"{""boundary_features"":{""axis_artifact"":{""axis_component_touches_boundary"":false,""axis_halfmax_outer_edge_r"":0.028130967723131225,""axis_halfmax_width_grid"":1.6524673018037221,""axis_halfmax_width_r"":0.00826233650901861,""axis_peak"":0.05658865763457352,""axis_peak_harmonic_index"":13,""axis_peak_is_local_max"":true,""axis_peak_r"":0.025,""r_ax"":0.03}},""crossing_features"":{""W_star_high_shear"":0.0,""W_star_high_shear_sum"":0.0,""W_star_sum"":1.190338990184067e-08,""n_cross"":2.0,""r_star_high_shear"":0.11022032569432365,""r_star_max"":0.0747359296527784},""crossing_records"":[{""W_peak"":9.718221350337721e-09,""boundary"":""high"",""r_cross"":0.0747359296527784,""shear_weighted"":0.0},{""W_peak"":2.185168551502949e-09,""boundary"":""high"",""r_cross"":0.11022032569432365,""shear_weighted"":0.0}],""extremum_features"":{""ext_df_gap"":-0.0036929225704366744,""ext_dr"":0.645,""ext_energy_frac"":1.20076419504948e-09,""match_found"":true},""feature_schema_version"":""tae-rule-features-grouped-v3"",""numerical_structure_features"":{},""resolution_features"":{},""rf_standard_features"":{""S"":7.780389004095598,""W_star"":8.992525736014981e-05,""W_star_max"":9.718221350337721e-09,""delta2_eff"":3.816000898688387e-11,""frac_spikes"":0.012529942878201585,""gamma_d"":-5.4142652758862233e-11,""max_abs_d1_abs"":0.4965869428004148,""max_abs_d2_abs"":0.9227367927964252,""max_per_m_mean"":0.07895674304835469,""max_to_mean"":98.25617221146729,""max_to_median"":476500.60193806724,""mean_abs_d1_mode"":0.0031044685263374697,""mean_abs_d2_mode"":0.0025220445776202856,""mean_amp"":0.010177477683025756,""ntor"":8.0,""r_star"":0.01,""rad_loc"":0.7429015418610897,""rad_width"":0.09419857303632373,""spikes_per_m"":2.5185185185185186,""std_amp"":0.06773959117457821,""std_per_m_max"":0.2878016506469881,""std_per_m_mean"":0.022408366622120358},""source_feature_schema_version"":""rf_all_crossings_extremum_energy_31_v2""}",,,,,NOT_PRESENT,,REVIEW,rule_engine,,,,
/global/u2/e/ebelova/src_nova/data/nstxu_204202/N8/egn08w.2323E+02,nstxu_204202/N8/egn08w.2323E+02,nstxu_204202,8,8,201,54,4.819629565948044,-3.574001242149889e-10,0.7648289237180514,0.0973546805133142,a473424bfaca2b3e1019fc7fa6dbec6948ea41f3eaa4a9c792994662d9f90f60,RULE_EVALUATED,tae_like,0.9888141727660269,0.9978186328902313,,BAD,BAD_AXIS_SPIKE,"[""BAD_AXIS_SPIKE""]",tae-rules-axis-artifact-v1,"{""boundary_features"":{""axis_artifact"":{""axis_component_touches_boundary"":false,""axis_halfmax_outer_edge_r"":0.01844943767735991,""axis_halfmax_width_grid"":1.193200070080307,""axis_halfmax_width_r"":0.005966000350401535,""axis_peak"":0.29459874204319725,""axis_peak_harmonic_index"":13,""axis_peak_is_local_max"":true,""axis_peak_r"":0.015,""r_ax"":0.03}},""crossing_features"":{""W_star_high_shear"":0.0,""W_star_high_shear_sum"":0.0,""W_star_sum"":1.0283416161409904e-07,""n_cross"":1.0,""r_star_high_shear"":0.1602457809712801,""r_star_max"":0.1602457809712801},""crossing_records"":[{""W_peak"":1.0283416161409904e-07,""boundary"":""high"",""r_cross"":0.1602457809712801,""shear_weighted"":0.0}],""extremum_features"":{""ext_df_gap"":-0.06985354558689577,""ext_dr"":0.8500000000000001,""ext_energy_frac"":4.145209213439061e-08,""match_found"":true},""feature_schema_version"":""tae-rule-features-grouped-v3"",""numerical_structure_features"":{},""resolution_features"":{},""rf_standard_features"":{""S"":6.161274635684903,""W_star"":1.2276318290004486e-06,""W_star_max"":1.0283416161409904e-07,""delta2_eff"":0.005262977378718184,""frac_spikes"":0.012990602542841349,""gamma_d"":-3.574001242149889e-10,""max_abs_d1_abs"":0.6901453455130868,""max_abs_d2_abs"":1.2169143457595806,""max_per_m_mean"":0.06749814388816945,""max_to_mean"":93.78764301913284,""max_to_median"":143289.2676502345,""mean_abs_d1_mode"":0.0036201471559369823,""mean_abs_d2_mode"":0.003387791123952595,""mean_amp"":0.010662385445620065,""ntor"":8.0,""r_star"":0.165,""rad_loc"":0.7648289237180514,""rad_width"":0.0973546805133142,""spikes_per_m"":2.611111111111111,""std_amp"":0.06931485630943937,""std_per_m_max"":0.29398108112928734,""std_per_m_mean"":0.020710550826599526},""source_feature_schema_version"":""rf_all_crossings_extremum_energy_31_v2""}",,,,,NOT_PRESENT,,BAD,rule_engine,,,,
/global/u2/e/ebelova/src_nova/data/nstxu_204202/N8/egn08w.2651E+02,nstxu_204202/N8/egn08w.2651E+02,nstxu_204202,8,8,201,54,5.149175769186142,-4.89062764417517e-09,0.7800914087732329,0.08060560370134943,99933374345b82c21694501b4e688122867dd611763a37811aa0b0db617f8292,RULE_EVALUATED,tae_like,0.9909901983610651,0.9997213251843798,,BAD,BAD_AXIS_SPIKE,"[""BAD_AXIS_SPIKE""]",tae-rules-axis-artifact-v1,"{""boundary_features"":{""axis_artifact"":{""axis_component_touches_boundary"":false,""axis_halfmax_outer_edge_r"":0.017536713433293726,""axis_halfmax_width_grid"":1.095682085719847,""axis_halfmax_width_r"":0.0054784104285992355,""axis_peak"":0.11353950634937646,""axis_peak_harmonic_index"":13,""axis_peak_is_local_max"":true,""axis_peak_r"":0.015,""r_ax"":0.03}},""crossing_features"":{""W_star_high_shear"":9.836797678208372e-10,""W_star_high_shear_sum"":9.836797678208372e-10,""W_star_sum"":8.407585011151344e-06,""n_cross"":1.0,""r_star_high_shear"":0.2108166116099012,""r_star_max"":0.2108166116099012},""crossing_records"":[{""W_peak"":8.407585011151344e-06,""boundary"":""high"",""r_cross"":0.2108166116099012,""shear_weighted"":9.836797678208372e-10}],""extremum_features"":{""ext_df_gap"":-0.12938272972186762,""ext_dr"":0.7200000000000001,""ext_energy_frac"":6.545782205669557e-09,""match_found"":true},""feature_schema_version"":""tae-rule-features-grouped-v3"",""numerical_structure_features"":{},""resolution_features"":{},""rf_standard_features"":{""S"":7.010572253263358,""W_star"":1.3585459329150729e-05,""W_star_max"":8.407585011151344e-06,""delta2_eff"":0.0015701002624215964,""frac_spikes"":0.012806338676985444,""gamma_d"":-4.89062764417517e-09,""max_abs_d1_abs"":0.4641575710833307,""max_abs_d2_abs"":0.7841836115982221,""max_per_m_mean"":0.05923683347643282,""max_to_mean"":96.6433106719109,""max_to_median"":210978.49449087816,""mean_abs_d1_mode"":0.0032283541532763848,""mean_abs_d2_mode"":0.002481211381001216,""mean_amp"":0.01034732764172579,""ntor"":8.0,""r_star"":0.215,""rad_loc"":0.7800914087732329,""rad_width"":0.08060560370134943,""spikes_per_m"":2.574074074074074,""std_amp"":0.06846405058884181,""std_per_m_max"":0.3195170769783426,""std_per_m_mean"":0.019226178848516563},""source_feature_schema_version"":""rf_all_crossings_extremum_energy_31_v2""}",,,,,NOT_PRESENT,,BAD,rule_engine,,,,
/global/u2/e/ebelova/src_nova/data/nstxu_204202/N8/egn08w.3013E+02,nstxu_204202/N8/egn08w.3013E+02,nstxu_204202,8,8,201,54,5.488711688847345,-5.920858417058206e-07,0.7991338901702387,0.09483024398457111,55ba68708481e4f0c1c091b98d4fc258cdc6e8527879b5b21bb7cda192cdc07f,RULE_EVALUATED,tae_like,0.9857690785108464,0.9969250062485573,,BAD,BAD_AXIS_SPIKE,"[""BAD_AXIS_SPIKE""]",tae-rules-axis-artifact-v1,"{""boundary_features"":{""axis_artifact"":{""axis_component_touches_boundary"":false,""axis_halfmax_outer_edge_r"":0.01750711076194479,""axis_halfmax_width_grid"":1.1738671543732533,""axis_halfmax_width_r"":0.005869335771866267,""axis_peak"":0.38572285865443906,""axis_peak_harmonic_index"":13,""axis_peak_is_local_max"":true,""axis_peak_r"":0.015,""r_ax"":0.03}},""crossing_features"":{""W_star_high_shear"":2.4922838961807283e-06,""W_star_high_shear_sum"":2.4922838961807283e-06,""W_star_sum"":0.00042759241761173075,""n_cross"":1.0,""r_star_high_shear"":0.2763455552437408,""r_star_max"":0.2763455552437408},""crossing_records"":[{""W_peak"":0.00042759241761173075,""boundary"":""high"",""r_cross"":0.2763455552437408,""shear_weighted"":2.4922838961807283e-06}],""extremum_features"":{""ext_df_gap"":-0.18323978257772464,""ext_dr"":0.74,""ext_energy_frac"":8.55782826510301e-08,""match_found"":true},""feature_schema_version"":""tae-rule-features-grouped-v3"",""numerical_structure_features"":{},""resolution_features"":{},""rf_standard_features"":{""S"":5.474349409553639,""W_star"":0.00019578035280397253,""W_star_max"":0.00042759241761173075,""delta2_eff"":0.028323410854809803,""frac_spikes"":0.01271420674405749,""gamma_d"":-5.920858417058206e-07,""max_abs_d1_abs"":0.3938696986938829,""max_abs_d2_abs"":0.6714351069244568,""max_per_m_mean"":0.05131981553062466,""max_to_mean"":92.62842516824624,""max_to_median"":120435.39693787797,""mean_abs_d1_mode"":0.003588733873271573,""mean_abs_d2_mode"":0.0026377570440230267,""mean_amp"":0.010795822104186864,""ntor"":8.0,""r_star"":0.28,""rad_loc"":0.7991338901702387,""rad_width"":0.09483024398457111,""spikes_per_m"":2.5555555555555554,""std_amp"":0.07005391926463672,""std_per_m_max"":0.3303302857809313,""std_per_m_mean"":0.016940072266724514},""source_feature_schema_version"":""rf_all_crossings_extremum_energy_31_v2""}",,,,,NOT_PRESENT,,BAD,rule_engine,,,,
/global/u2/e/ebelova/src_nova/data/nstxu_204202/N8/egn08w.3306E+02,nstxu_204202/N8/egn08w.3306E+02,nstxu_204202,8,8,201,54,5.749975865223951,-2.903468325392785e-06,0.820348384609545,0.08295597568940635,eac1f1cbedd3eb09f3debd8b19e1b6196486160b95992e8afe7013cecf52e738,RULE_EVALUATED,tae_like,0.9816797676783873,0.9994920961196164,,REVIEW,NO_GOOD_TEMPLATE,"[""NO_GOOD_TEMPLATE""]",tae-rules-axis-artifact-v1,"{""boundary_features"":{""axis_artifact"":{""axis_component_touches_boundary"":false,""axis_halfmax_outer_edge_r"":0.01753948922655703,""axis_halfmax_width_grid"":1.2817058308817404,""axis_halfmax_width_r"":0.0064085291544087025,""axis_peak"":0.023108055165875212,""axis_peak_harmonic_index"":13,""axis_peak_is_local_max"":true,""axis_peak_r"":0.015,""r_ax"":0.03}},""crossing_features"":{""W_star_high_shear"":3.370825269961954e-05,""W_star_high_shear_sum"":3.370825269961954e-05,""W_star_sum"":0.003500143620609055,""n_cross"":1.0,""r_star_high_shear"":0.2981352849844658,""r_star_max"":0.2981352849844658},""crossing_records"":[{""W_peak"":0.003500143620609055,""boundary"":""high"",""r_cross"":0.2981352849844658,""shear_weighted"":3.370825269961954e-05}],""extremum_features"":{""ext_df_gap"":-0.2203512749567796,""ext_dr"":0.76,""ext_energy_frac"":6.111129264210753e-09,""match_found"":true},""feature_schema_version"":""tae-rule-features-grouped-v3"",""numerical_structure_features"":{},""resolution_features"":{},""rf_standard_features"":{""S"":6.272584708683283,""W_star"":0.0009380038606086754,""W_star_max"":0.003500143620609055,""delta2_eff"":0.001166585152633885,""frac_spikes"":0.013082734475769301,""gamma_d"":-2.903468325392785e-06,""max_abs_d1_abs"":0.3915621002747497,""max_abs_d2_abs"":0.6725880102008941,""max_per_m_mean"":0.04633292470264431,""max_to_mean"":88.35594837463293,""max_to_median"":269551.1007934031,""mean_abs_d1_mode"":0.004063439699883642,""mean_abs_d2_mode"":0.0029780784434714175,""mean_amp"":0.011317857125720636,""ntor"":8.0,""r_star"":0.3,""rad_loc"":0.820348384609545,""rad_width"":0.08295597568940635,""spikes_per_m"":2.6296296296296298,""std_amp"":0.07163356921297702,""std_per_m_max"":0.325390099416826,""std_per_m_mean"":0.014677414572501272},""source_feature_schema_version"":""rf_all_crossings_extremum_energy_31_v2""}",,,,,NOT_PRESENT,,REVIEW,rule_engine,,,,
/global/u2/e/ebelova/src_nova/data/nstxu_204202/N8/egn08w.3721E+02,nstxu_204202/N8/egn08w.3721E+02,nstxu_204202,8,8,201,54,6.100104648854287,-1.2272426832976866e-06,0.8402805314892795,0.09363694920604991,5875047e05b80fd6fe8e1bd7bea34a92b78a519667c7e547d52e822318322d8b,RULE_EVALUATED,tae_like,0.9619050420672013,0.9996961611992796,,REVIEW,NO_GOOD_TEMPLATE,"[""NO_GOOD_TEMPLATE""]",tae-rules-axis-artifact-v1,"{""boundary_features"":{""axis_artifact"":{""axis_component_touches_boundary"":false,""axis_halfmax_outer_edge_r"":0.009156671044405807,""axis_halfmax_width_grid"":1.3313342088811613,""axis_halfmax_width_r"":0.006656671044405807,""axis_peak"":0.0018646209822195969,""axis_peak_harmonic_index"":13,""axis_peak_is_local_max"":true,""axis_peak_r"":0.005,""r_ax"":0.03}},""crossing_features"":{""W_star_high_shear"":8.758913799608174e-05,""W_star_high_shear_sum"":8.758913799608174e-05,""W_star_sum"":0.005738405455454835,""n_cross"":1.0,""r_star_high_shear"":0.32354623378183545,""r_star_max"":0.32354623378183545},""crossing_records"":[{""W_peak"":0.005738405455454835,""boundary"":""high"",""r_cross"":0.32354623378183545,""shear_weighted"":8.758913799608174e-05}],""extremum_features"":{""ext_df_gap"":-0.26510091049124457,""ext_dr"":0.8300000000000001,""ext_energy_frac"":2.1215573014029085e-08,""match_found"":true},""feature_schema_version"":""tae-rule-features-grouped-v3"",""numerical_structure_features"":{},""resolution_features"":{},""rf_standard_features"":{""S"":5.502961553669288,""W_star"":0.002855780859324566,""W_star_max"":0.005738405455454835,""delta2_eff"":0.0009541256285144059,""frac_spikes"":0.013174866408697255,""gamma_d"":-1.2272426832976866e-06,""max_abs_d1_abs"":0.7040858389393359,""max_abs_d2_abs"":1.2387107119264145,""max_per_m_mean"":0.03448271768941832,""max_to_mean"":94.48429335916212,""max_to_median"":390077.43726230226,""mean_abs_d1_mode"":0.0045313017539661184,""mean_abs_d2_mode"":0.003876400816401239,""mean_amp"":0.010583769686504681,""ntor"":8.0,""r_star"":0.325,""rad_loc"":0.8402805314892795,""rad_width"":0.09363694920604991,""spikes_per_m"":2.6481481481481484,""std_amp"":0.06356490801210131,""std_per_m_max"":0.2838208769631839,""std_per_m_mean"":0.010740212223860094},""source_feature_schema_version"":""rf_all_crossings_extremum_energy_31_v2""}",,,,,NOT_PRESENT,,REVIEW,rule_engine,,,,
/global/u2/e/ebelova/src_nova/data/nstxu_204202/N8/egn08w.4253E+02,nstxu_204202/N8/egn08w.4253E+02,nstxu_204202,8,8,201,54,6.521845407279091,-8.591705949820537e-07,0.3961650019829236,0.04439001439153461,ea056be04921c3b532092aa6cc0643e007817073be709d9a5e9bc0fdbb8e3e10,RULE_EVALUATED,mixed,-0.014864579708665027,0.040995511365593845,,REVIEW,NO_GOOD_TEMPLATE,"[""NO_GOOD_TEMPLATE""]",tae-rules-axis-artifact-v1,"{""boundary_features"":{""axis_artifact"":{""axis_component_touches_boundary"":false,""axis_halfmax_outer_edge_r"":0.01753578763481046,""axis_halfmax_width_grid"":2.8416654608000274,""axis_halfmax_width_r"":0.014208327304000137,""axis_peak"":0.055208775248951784,""axis_peak_harmonic_index"":13,""axis_peak_is_local_max"":true,""axis_peak_r"":0.015,""r_ax"":0.03}},""crossing_features"":{""W_star_high_shear"":0.0012137480529488224,""W_star_high_shear_sum"":0.0012137480529488224,""W_star_sum"":0.018581156239804116,""n_cross"":1.0,""r_star_high_shear"":0.4555806118936917,""r_star_max"":0.4555806118936917},""crossing_records"":[{""W_peak"":0.018581156239804116,""boundary"":""high"",""r_cross"":0.4555806118936917,""shear_weighted"":0.0012137480529488224}],""extremum_features"":{""ext_df_gap"":-0.3126237939728428,""ext_dr"":0.28,""ext_energy_frac"":1.4163357139341344e-07,""match_found"":true},""feature_schema_version"":""tae-rule-features-grouped-v3"",""numerical_structure_features"":{},""resolution_features"":{},""rf_standard_features"":{""S"":1.4380485992320848,""W_star"":0.18866876628703355,""W_star_max"":0.018581156239804116,""delta2_eff"":0.620595701295822,""frac_spikes"":0.005067256311037406,""gamma_d"":-8.591705949820537e-07,""max_abs_d1_abs"":0.8068667049935127,""max_abs_d2_abs"":1.1769069844831668,""max_per_m_mean"":0.03380922400878067,""max_to_mean"":448.1623220944654,""max_to_median"":442336.0814179336,""mean_abs_d1_mode"":0.001460936683471935,""mean_abs_d2_mode"":0.0021071671186078627,""mean_amp"":0.0022313343854485244,""ntor"":8.0,""r_star"":0.46,""rad_loc"":0.3961650019829236,""rad_width"":0.04439001439153461,""spikes_per_m"":1.0185185185185186,""std_amp"":0.0212627982954413,""std_per_m_max"":0.21111171295975695,""std_per_m_mean"":0.00798067928803794},""source_feature_schema_version"":""rf_all_crossings_extremum_energy_31_v2""}",,,,,NOT_PRESENT,,REVIEW,rule_engine,,,,
/global/u2/e/ebelova/src_nova/data/nstxu_204202/N9/egn09w.1029E+02,nstxu_204202/N9/egn09w.1029E+02,nstxu_204202,9,9,201,54,3.2079640918048336,-2.613177820481264e-07,0.6304758126841034,0.12151941403789741,cba6d1697a3cd6deecc0d892e8fb38b64174ee6277f173baeda120cf80682094,RULE_EVALUATED,tae_like,0.9948514970373049,1.0,,REVIEW,NO_GOOD_TEMPLATE,"[""NO_GOOD_TEMPLATE""]",tae-rules-axis-artifact-v1,"{""boundary_features"":{""axis_artifact"":{""axis_component_touches_boundary"":false,""axis_halfmax_outer_edge_r"":0.01797765879050745,""axis_halfmax_width_grid"":1.101282753272963,""axis_halfmax_width_r"":0.005506413766364815,""axis_peak"":0.056099843409687544,""axis_peak_harmonic_index"":13,""axis_peak_is_local_max"":true,""axis_peak_r"":0.015,""r_ax"":0.03}},""crossing_features"":{""W_star_high_shear"":0.0,""W_star_high_shear_sum"":0.0,""W_star_sum"":9.035434985025309e-08,""n_cross"":1.0,""r_star_high_shear"":0.15329332059661926,""r_star_max"":0.15329332059661926},""crossing_records"":[{""W_peak"":9.035434985025309e-08,""boundary"":""low"",""r_cross"":0.15329332059661926,""shear_weighted"":0.0}],""extremum_features"":{""ext_df_gap"":0.035343391309516484,""ext_dr"":0.14500000000000002,""ext_energy_frac"":0.00020010276410359186,""match_found"":true},""feature_schema_version"":""tae-rule-features-grouped-v3"",""numerical_structure_features"":{},""resolution_features"":{},""rf_standard_features"":{""S"":3.91275596944458,""W_star"":3.510881974299481e-06,""W_star_max"":9.035434985025309e-08,""delta2_eff"":0.0008964479705301684,""frac_spikes"":0.011516491615994103,""gamma_d"":-2.613177820481264e-07,""max_abs_d1_abs"":0.3299757994055234,""max_abs_d2_abs"":0.5417801080248412,""max_per_m_mean"":0.11089511689515365,""max_to_mean"":119.94726842039034,""max_to_median"":168878.3236918684,""mean_abs_d1_mode"":0.002726118024155362,""mean_abs_d2_mode"":0.002509997925966525,""mean_amp"":0.008336996857446221,""ntor"":9.0,""r_star"":0.155,""rad_loc"":0.6304758126841034,""rad_width"":0.12151941403789741,""spikes_per_m"":2.314814814814815,""std_amp"":0.05817278200569796,""std_per_m_max"":0.22852181695587917,""std_per_m_mean"":0.022237609621910518},""source_feature_schema_version"":""rf_all_crossings_extremum_energy_31_v2""}",,,,,NOT_PRESENT,,REVIEW,rule_engine,,,,
/global/u2/e/ebelova/src_nova/data/nstxu_204202/N9/egn09w.1091E+02,nstxu_204202/N9/egn09w.1091E+02,nstxu_204202,9,9,201,54,3.3028413212846788,-1.5950529412340473e-08,0.6337805164309334,0.11017062235372727,18ddda63eac78d11ca8c8af06e12ab1e4a090adf302e03d517bed85be1091b7a,RULE_EVALUATED,tae_like,0.9949219474166928,1.0,,REVIEW,NO_GOOD_TEMPLATE,"[""NO_GOOD_TEMPLATE""]",tae-rules-axis-artifact-v1,"{""boundary_features"":{""axis_artifact"":{""axis_component_touches_boundary"":false,""axis_halfmax_outer_edge_r"":0.01797764072402036,""axis_halfmax_width_grid"":1.1122519546419931,""axis_halfmax_width_r"":0.0055612597732099655,""axis_peak"":0.0254242314199136,""axis_peak_harmonic_index"":13,""axis_peak_is_local_max"":true,""axis_peak_r"":0.015,""r_ax"":0.03}},""crossing_features"":{""W_star_high_shear"":0.0,""W_star_high_shear_sum"":0.0,""W_star_sum"":3.7414812240514444e-08,""n_cross"":1.0,""r_star_high_shear"":0.1409899800641955,""r_star_max"":0.1409899800641955},""crossing_records"":[{""W_peak"":3.7414812240514444e-08,""boundary"":""low"",""r_cross"":0.1409899800641955,""shear_weighted"":0.0}],""extremum_features"":{""ext_df_gap"":0.06305406146559196,""ext_dr"":0.20999999999999996,""ext_energy_frac"":0.00014920390852782257,""match_found"":true},""feature_schema_version"":""tae-rule-features-grouped-v3"",""numerical_structure_features"":{},""resolution_features"":{},""rf_standard_features"":{""S"":4.4365776101106,""W_star"":6.72265142017592e-07,""W_star_max"":3.7414812240514444e-08,""delta2_eff"":0.00015297015775252705,""frac_spikes"":0.011240095817210244,""gamma_d"":-1.5950529412340473e-08,""max_abs_d1_abs"":0.3401995566742349,""max_abs_d2_abs"":0.576367635642248,""max_per_m_mean"":0.11717403675068357,""max_to_mean"":115.35910370118974,""max_to_median"":261671.7646866974,""mean_abs_d1_mode"":0.0023892163189698353,""mean_abs_d2_mode"":0.0017771919872007899,""mean_amp"":0.008668583300325413,""ntor"":9.0,""r_star"":0.145,""rad_loc"":0.6337805164309334,""rad_width"":0.11017062235372727,""spikes_per_m"":2.259259259259259,""std_amp"":0.061660939854772605,""std_per_m_max"":0.25383035282171695,""std_per_m_mean"":0.024238823290243502},""source_feature_schema_version"":""rf_all_crossings_extremum_energy_31_v2""}",,,,,NOT_PRESENT,,REVIEW,rule_engine,,,,
/global/u2/e/ebelova/src_nova/data/nstxu_204202/N9/egn09w.1197E+02,nstxu_204202/N9/egn09w.1197E+02,nstxu_204202,9,9,201,54,3.4599918327548487,-1.9843768414026235e-08,0.6561064285196884,0.1119432385132045,61374b92cc0a49426443066b568b5dd2715871184166525e97f239a2d7a830dc,RULE_EVALUATED,tae_like,0.9948840450711348,1.0,,REVIEW,NO_GOOD_TEMPLATE,"[""NO_GOOD_TEMPLATE""]",tae-rules-axis-artifact-v1,"{""boundary_features"":{""axis_artifact"":{""axis_component_touches_boundary"":false,""axis_halfmax_outer_edge_r"":0.017985352527709993,""axis_halfmax_width_grid"":1.1357396168732832,""axis_halfmax_width_r"":0.005678698084366416,""axis_peak"":0.03777829889879053,""axis_peak_harmonic_index"":13,""axis_peak_is_local_max"":true,""axis_peak_r"":0.015,""r_ax"":0.03}},""crossing_features"":{""W_star_high_shear"":0.0,""W_star_high_shear_sum"":0.0,""W_star_sum"":3.4572819306666684e-08,""n_cross"":1.0,""r_star_high_shear"":0.12177059940734841,""r_star_max"":0.12177059940734841},""crossing_records"":[{""W_peak"":3.4572819306666684e-08,""boundary"":""low"",""r_cross"":0.12177059940734841,""shear_weighted"":0.0}],""extremum_features"":{""ext_df_gap"":0.10560951840820178,""ext_dr"":0.21499999999999997,""ext_energy_frac"":0.00014555993572400465,""match_found"":true},""feature_schema_version"":""tae-rule-features-grouped-v3"",""numerical_structure_features"":{},""resolution_features"":{},""rf_standard_features"":{""S"":4.744426153548311,""W_star"":5.7301099014532446e-05,""W_star_max"":3.4572819306666684e-08,""delta2_eff"":0.000295886136860287,""frac_spikes"":0.011977151280633867,""gamma_d"":-1.9843768414026235e-08,""max_abs_d1_abs"":0.45991031113537584,""max_abs_d2_abs"":0.7356001827488747,""max_per_m_mean"":0.10642288237252884,""max_to_mean"":111.13470630341324,""max_to_median"":196582.18284210813,""mean_abs_d1_mode"":0.0028212726298196345,""mean_abs_d2_mode"":0.0025725307064077088,""mean_amp"":0.008998089194195789,""ntor"":9.0,""r_star"":0.125,""rad_loc"":0.6561064285196884,""rad_width"":0.1119432385132045,""spikes_per_m"":2.4074074074074074,""std_amp"":0.062059960011813416,""std_per_m_max"":0.2465287840917756,""std_per_m_mean"":0.023815529441012638},""source_feature_schema_version"":""rf_all_crossings_extremum_energy_31_v2""}",,,,,NOT_PRESENT,,REVIEW,rule_engine,,,,
/global/u2/e/ebelova/src_nova/data/nstxu_204202/N9/egn09w.1241E+02,nstxu_204202/N9/egn09w.1241E+02,nstxu_204202,9,9,201,54,3.522103679588342,-1.011075052423813e-05,0.013253517369659825,0.014728647290537888,ebf6a282615f5e72dc54e1b8b52c2bd22e9e49949ad853e4f1d61d2ef57d98e1,RULE_EVALUATED,tae_like,0.9986661419866405,1.0,,BAD,BAD_AXIS_SPIKE,"[""BAD_AXIS_SPIKE""]",tae-rules-axis-artifact-v1,"{""boundary_features"":{""axis_artifact"":{""axis_component_touches_boundary"":false,""axis_halfmax_outer_edge_r"":0.01799217125599073,""axis_halfmax_width_grid"":1.1452743249060422,""axis_halfmax_width_r"":0.0057263716245302115,""axis_peak"":1.0,""axis_peak_harmonic_index"":13,""axis_peak_is_local_max"":true,""axis_peak_r"":0.015,""r_ax"":0.03}},""crossing_features"":{""W_star_high_shear"":0.0,""W_star_high_shear_sum"":0.0,""W_star_sum"":1.7421522331189994e-05,""n_cross"":1.0,""r_star_high_shear"":0.11388706325740902,""r_star_max"":0.11388706325740902},""crossing_records"":[{""W_peak"":1.7421522331189994e-05,""boundary"":""low"",""r_cross"":0.11388706325740902,""shear_weighted"":0.0}],""extremum_features"":{""ext_df_gap"":0.12138197988453657,""ext_dr"":0.38,""ext_energy_frac"":8.135505816692268e-06,""match_found"":true},""feature_schema_version"":""tae-rule-features-grouped-v3"",""numerical_structure_features"":{},""resolution_features"":{},""rf_standard_features"":{""S"":6.908067021796158,""W_star"":2.5746087040050945e-05,""W_star_max"":1.7421522331189994e-05,""delta2_eff"":3.0882429503792097,""frac_spikes"":0.001013451262207481,""gamma_d"":-1.011075052423813e-05,""max_abs_d1_abs"":0.9143441090732557,""max_abs_d2_abs"":1.7498577832971707,""max_per_m_mean"":0.011403173654263594,""max_to_mean"":1749.3527793212793,""max_to_median"":2535482.1848208206,""mean_abs_d1_mode"":0.0007123595364063938,""mean_abs_d2_mode"":0.0012442197492560803,""mean_amp"":0.0005716399859830623,""ntor"":9.0,""r_star"":0.115,""rad_loc"":0.013253517369659825,""rad_width"":0.014728647290537888,""spikes_per_m"":0.2037037037037037,""std_amp"":0.015885245167950122,""std_per_m_max"":0.22223138997897487,""std_per_m_mean"":0.002288151793783644},""source_feature_schema_version"":""rf_all_crossings_extremum_energy_31_v2""}",,,,,NOT_PRESENT,,BAD,rule_engine,,,,
/global/u2/e/ebelova/src_nova/data/nstxu_204202/N9/egn09w.1439E+02,nstxu_204202/N9/egn09w.1439E+02,nstxu_204202,9,9,201,54,3.793660988073949,-3.1923987728613044e-08,0.697274680905258,0.11258351324915226,cc44996bb34195fac007dce8f34c56321e2063f6438d5569b35d056c87d492cc,RULE_EVALUATED,tae_like,0.994187182944002,1.0,,REVIEW,NO_GOOD_TEMPLATE,"[""NO_GOOD_TEMPLATE""]",tae-rules-axis-artifact-v1,"{""boundary_features"":{""axis_artifact"":{""axis_component_touches_boundary"":false,""axis_halfmax_outer_edge_r"":0.016626675147621357,""axis_halfmax_width_grid"":2.485584709458767,""axis_halfmax_width_r"":0.012427923547293836,""axis_peak"":0.008339848613492693,""axis_peak_harmonic_index"":14,""axis_peak_is_local_max"":true,""axis_peak_r"":0.01,""r_ax"":0.03}},""crossing_features"":{""W_star_high_shear"":0.0,""W_star_high_shear_sum"":0.0,""W_star_sum"":7.831409121363829e-09,""n_cross"":1.0,""r_star_high_shear"":0.0712679139508816,""r_star_max"":0.0712679139508816},""crossing_records"":[{""W_peak"":7.831409121363829e-09,""boundary"":""low"",""r_cross"":0.0712679139508816,""shear_weighted"":0.0}],""extremum_features"":{""ext_df_gap"":0.1842750917043788,""ext_dr"":0.27,""ext_energy_frac"":0.00014188537548274615,""match_found"":true},""feature_schema_version"":""tae-rule-features-grouped-v3"",""numerical_structure_features"":{},""resolution_features"":{},""rf_standard_features"":{""S"":5.527227414928948,""W_star"":3.281345567521796e-06,""W_star_max"":7.831409121363829e-09,""delta2_eff"":3.7105507482323777e-06,""frac_spikes"":0.012437810945273632,""gamma_d"":-3.1923987728613044e-08,""max_abs_d1_abs"":0.5135519860844282,""max_abs_d2_abs"":0.7210145154142895,""max_per_m_mean"":0.09559498927374904,""max_to_mean"":93.04932836004137,""max_to_median"":165819.77470941783,""mean_abs_d1_mode"":0.003772934646538655,""mean_abs_d2_mode"":0.0033278863191660898,""mean_amp"":0.010746987834641755,""ntor"":9.0,""r_star"":0.075,""rad_loc"":0.697274680905258,""rad_width"":0.11258351324915226,""spikes_per_m"":2.5,""std_amp"":0.06473961242394592,""std_per_m_max"":0.21215264669969058,""std_per_m_mean"":0.023128417588398526},""source_feature_schema_version"":""rf_all_crossings_extremum_energy_31_v2""}",,,,,NOT_PRESENT,,REVIEW,rule_engine,,,,
/global/u2/e/ebelova/src_nova/data/nstxu_204202/N9/egn09w.1562E+02,nstxu_204202/N9/egn09w.1562E+02,nstxu_204202,9,9,201,54,3.952191030193851,-2.2150175244497264e-08,0.7019479122119722,0.10632130296202304,bd5231de63bd3c284213c08e18fc0073409d2ed29433b2a3e0d14066075eb844,RULE_EVALUATED,tae_like,0.9935972442648245,1.0,,REVIEW,NO_GOOD_TEMPLATE,"[""NO_GOOD_TEMPLATE""]",tae-rules-axis-artifact-v1,"{""boundary_features"":{""axis_artifact"":{""axis_component_touches_boundary"":false,""axis_halfmax_outer_edge_r"":0.02380762899468757,""axis_halfmax_width_grid"":1.332151457402897,""axis_halfmax_width_r"":0.006660757287014485,""axis_peak"":0.01099462619249309,""axis_peak_harmonic_index"":14,""axis_peak_is_local_max"":true,""axis_peak_r"":0.02,""r_ax"":0.03}},""crossing_features"":{""W_star_high_shear"":0.0,""W_star_high_shear_sum"":0.0,""W_star_sum"":1.0749993754615393e-05,""n_cross"":1.0,""r_star_high_shear"":0.025211705821416366,""r_star_max"":0.025211705821416366},""crossing_records"":[{""W_peak"":1.0749993754615393e-05,""boundary"":""low"",""r_cross"":0.025211705821416366,""shear_weighted"":0.0}],""extremum_features"":{""ext_df_gap"":0.21699539876504617,""ext_dr"":0.275,""ext_energy_frac"":0.00013694098973665293,""match_found"":true},""feature_schema_version"":""tae-rule-features-grouped-v3"",""numerical_structure_features"":{},""resolution_features"":{},""rf_standard_features"":{""S"":6.319974393519854,""W_star"":4.6895314867653136e-06,""W_star_max"":1.0749993754615393e-05,""delta2_eff"":2.8466735269379653e-07,""frac_spikes"":0.01142435968306615,""gamma_d"":-2.2150175244497264e-08,""max_abs_d1_abs"":0.46675699684423944,""max_abs_d2_abs"":0.7915744071032835,""max_per_m_mean"":0.09107926149738045,""max_to_mean"":98.44810092932532,""max_to_median"":160501.35695654745,""mean_abs_d1_mode"":0.003318876380196444,""mean_abs_d2_mode"":0.002756367450960016,""mean_amp"":0.010157636261764354,""ntor"":9.0,""r_star"":0.03,""rad_loc"":0.7019479122119722,""rad_width"":0.10632130296202304,""spikes_per_m"":2.2962962962962963,""std_amp"":0.06408279739530859,""std_per_m_max"":0.2357394624099407,""std_per_m_mean"":0.02270757623749459},""source_feature_schema_version"":""rf_all_crossings_extremum_energy_31_v2""}",,,,,NOT_PRESENT,,REVIEW,rule_engine,,,,
/global/u2/e/ebelova/src_nova/data/nstxu_204202/N9/egn09w.1804E+02,nstxu_204202/N9/egn09w.1804E+02,nstxu_204202,9,9,201,54,4.246770372147525,-1.1333336434465004e-10,0.7135076907358734,0.09141023458829257,91c10ecdfdb1f4f7ae9aa60db30cbf036414866af5c8b275a4edd7d55b99cc6c,RULE_EVALUATED,tae_like,0.9937313487820677,1.0,,BAD,BAD_AXIS_SPIKE,"[""BAD_AXIS_SPIKE""]",tae-rules-axis-artifact-v1,"{""boundary_features"":{""axis_artifact"":{""axis_component_touches_boundary"":false,""axis_halfmax_outer_edge_r"":0.02347393576636311,""axis_halfmax_width_grid"":2.682899582252424,""axis_halfmax_width_r"":0.01341449791126212,""axis_peak"":0.12915610887047357,""axis_peak_harmonic_index"":14,""axis_peak_is_local_max"":true,""axis_peak_r"":0.015,""r_ax"":0.03}},""crossing_features"":{""W_star_high_shear"":0.0,""W_star_high_shear_sum"":0.0,""W_star_sum"":0.0,""n_cross"":0.0,""r_star_high_shear"":null,""r_star_max"":null},""crossing_records"":[],""extremum_features"":{""ext_df_gap"":0.2713089029025096,""ext_dr"":0.31499999999999995,""ext_energy_frac"":0.00013007613409634304,""match_found"":true},""feature_schema_version"":""tae-rule-features-grouped-v3"",""numerical_structure_features"":{},""resolution_features"":{},""rf_standard_features"":{""S"":7.6961589027393185,""W_star"":0.0008468041343405809,""W_star_max"":0.0,""delta2_eff"":0.0,""frac_spikes"":0.012161415146489774,""gamma_d"":-1.1333336434465004e-10,""max_abs_d1_abs"":0.30993305768928675,""max_abs_d2_abs"":0.5793074406437326,""max_per_m_mean"":0.07896220405430278,""max_to_mean"":105.88866997999668,""max_to_median"":260381.46997503078,""mean_abs_d1_mode"":0.00282599457955536,""mean_abs_d2_mode"":0.0022576396873126956,""mean_amp"":0.0094438810127941,""ntor"":9.0,""r_star"":0.01,""rad_loc"":0.7135076907358734,""rad_width"":0.09141023458829257,""spikes_per_m"":2.4444444444444446,""std_amp"":0.06427836329951377,""std_per_m_max"":0.265073344490689,""std_per_m_mean"":0.021700739067674},""source_feature_schema_version"":""rf_all_crossings_extremum_energy_31_v2""}",,,,,NOT_PRESENT,,BAD,rule_engine,,,,
/global/u2/e/ebelova/src_nova/data/nstxu_204202/N9/egn09w.1941E+02,nstxu_204202/N9/egn09w.1941E+02,nstxu_204202,9,9,201,54,4.4051597895401695,-7.150689869684657e-11,0.7384223890722634,0.09634378605142489,2b6b9de0a61d9fec7b446bd3655a38424abca7575637915dfdcf48e2c1414e5e,RULE_EVALUATED,tae_like,0.9927327498101541,1.0,,REVIEW,NO_GOOD_TEMPLATE,"[""NO_GOOD_TEMPLATE""]",tae-rules-axis-artifact-v1,"{""boundary_features"":{""axis_artifact"":{""axis_component_touches_boundary"":false,""axis_halfmax_outer_edge_r"":0.019430613207642743,""axis_halfmax_width_grid"":1.5304352396738785,""axis_halfmax_width_r"":0.007652176198369392,""axis_peak"":0.03490327879121766,""axis_peak_harmonic_index"":13,""axis_peak_is_local_max"":true,""axis_peak_r"":0.015,""r_ax"":0.03}},""crossing_features"":{""W_star_high_shear"":0.0,""W_star_high_shear_sum"":0.0,""W_star_sum"":0.0,""n_cross"":0.0,""r_star_high_shear"":null,""r_star_max"":null},""crossing_records"":[],""extremum_features"":{""ext_df_gap"":0.2975093051223179,""ext_dr"":0.32499999999999996,""ext_energy_frac"":0.00012132077528382668,""match_found"":true},""feature_schema_version"":""tae-rule-features-grouped-v3"",""numerical_structure_features"":{},""resolution_features"":{},""rf_standard_features"":{""S"":7.560657712536818,""W_star"":6.46846011267022e-05,""W_star_max"":0.0,""delta2_eff"":0.0,""frac_spikes"":0.01271420674405749,""gamma_d"":-7.150689869684657e-11,""max_abs_d1_abs"":0.42589433847520064,""max_abs_d2_abs"":0.6826905693808334,""max_per_m_mean"":0.07197278534817624,""max_to_mean"":102.10818033776883,""max_to_median"":252421.97758093447,""mean_abs_d1_mode"":0.003182749267436271,""mean_abs_d2_mode"":0.0024525526442400946,""mean_amp"":0.009793534627587535,""ntor"":9.0,""r_star"":0.01,""rad_loc"":0.7384223890722634,""rad_width"":0.09634378605142489,""spikes_per_m"":2.5555555555555554,""std_amp"":0.06599548548447554,""std_per_m_max"":0.2897097042936159,""std_per_m_mean"":0.02042749447805535},""source_feature_schema_version"":""rf_all_crossings_extremum_energy_31_v2""}",,,,,NOT_PRESENT,,REVIEW,rule_engine,,,,
/global/u2/e/ebelova/src_nova/data/nstxu_204202/N9/egn09w.2021E+02,nstxu_204202/N9/egn09w.2021E+02,nstxu_204202,9,9,201,54,4.495766809155324,-2.879493740586941e-13,0.02337378221993537,0.003015190570959712,86148c98cbc1163a3fce2f2c6e4d63dd11da466f185f6091e36304cf6ae7745d,RULE_EVALUATED,tae_like,0.9806462284195204,1.0,,BAD,BAD_AXIS_SPIKE,"[""BAD_AXIS_SPIKE""]",tae-rules-axis-artifact-v1,"{""boundary_features"":{""axis_artifact"":{""axis_component_touches_boundary"":false,""axis_halfmax_outer_edge_r"":0.027628754003492698,""axis_halfmax_width_grid"":1.935259577274826,""axis_halfmax_width_r"":0.00967629788637413,""axis_peak"":1.0,""axis_peak_harmonic_index"":13,""axis_peak_is_local_max"":true,""axis_peak_r"":0.025,""r_ax"":0.03}},""crossing_features"":{""W_star_high_shear"":0.0,""W_star_high_shear_sum"":0.0,""W_star_sum"":0.0,""n_cross"":0.0,""r_star_high_shear"":null,""r_star_max"":null},""crossing_records"":[],""extremum_features"":{""ext_df_gap"":0.2993112824636313,""ext_dr"":0.355,""ext_energy_frac"":4.272652814712585e-07,""match_found"":true},""feature_schema_version"":""tae-rule-features-grouped-v3"",""numerical_structure_features"":{},""resolution_features"":{},""rf_standard_features"":{""S"":4.435468306483567,""W_star"":0.00021828354218392574,""W_star_max"":0.0,""delta2_eff"":0.0,""frac_spikes"":0.0008291873963515755,""gamma_d"":-2.879493740586941e-13,""max_abs_d1_abs"":0.9510209006542156,""max_abs_d2_abs"":1.2173195951665665,""max_per_m_mean"":0.01032552513713843,""max_to_mean"":3429.092050770016,""max_to_median"":57070332.92575996,""mean_abs_d1_mode"":0.00031121278386378703,""mean_abs_d2_mode"":0.00048526740992839543,""mean_amp"":0.0002916223833496549,""ntor"":9.0,""r_star"":0.01,""rad_loc"":0.02337378221993537,""rad_width"":0.003015190570959712,""spikes_per_m"":0.16666666666666666,""std_amp"":0.012463638546997221,""std_per_m_max"":0.17669343231170132,""std_per_m_mean"":0.0018343159116455763},""source_feature_schema_version"":""rf_all_crossings_extremum_energy_31_v2""}",,,,,NOT_PRESENT,,BAD,rule_engine,,,,
/global/u2/e/ebelova/src_nova/data/nstxu_204202/N9/egn09w.2201E+02,nstxu_204202/N9/egn09w.2201E+02,nstxu_204202,9,9,201,54,4.691150442623747,-4.764749639496141e-06,0.8251948310321109,0.11539739130711492,52154eb8ae2638c7971b1912aa595bf4705db6ea73d1c1c4c1b6e966c6a28206,RULE_EVALUATED,tae_like,0.9836635355480885,0.9999567891561267,,REVIEW,NO_GOOD_TEMPLATE,"[""NO_GOOD_TEMPLATE""]",tae-rules-axis-artifact-v1,"{""boundary_features"":{""axis_artifact"":{""axis_component_touches_boundary"":false,""axis_halfmax_outer_edge_r"":0.03823892535011285,""axis_halfmax_width_grid"":4.2855433463506145,""axis_halfmax_width_r"":0.021427716731753074,""axis_peak"":0.012763311364437641,""axis_peak_harmonic_index"":13,""axis_peak_is_local_max"":true,""axis_peak_r"":0.02,""r_ax"":0.03}},""crossing_features"":{""W_star_high_shear"":0.0,""W_star_high_shear_sum"":0.0,""W_star_sum"":0.00044234625252330146,""n_cross"":1.0,""r_star_high_shear"":0.07302028090320924,""r_star_max"":0.07302028090320924},""crossing_records"":[{""W_peak"":0.00044234625252330146,""boundary"":""high"",""r_cross"":0.07302028090320924,""shear_weighted"":0.0}],""extremum_features"":{""ext_df_gap"":0.24519573821084983,""ext_dr"":0.555,""ext_energy_frac"":8.013260237740571e-05,""match_found"":true},""feature_schema_version"":""tae-rule-features-grouped-v3"",""numerical_structure_features"":{},""resolution_features"":{},""rf_standard_features"":{""S"":6.500968717993506,""W_star"":6.19994423956196e-05,""W_star_max"":0.00044234625252330146,""delta2_eff"":1.942812955940921e-05,""frac_spikes"":0.014372581536760642,""gamma_d"":-4.764749639496141e-06,""max_abs_d1_abs"":0.5636687383978738,""max_abs_d2_abs"":0.8275956971737278,""max_per_m_mean"":0.05328716521362946,""max_to_mean"":81.56391860008716,""max_to_median"":99984.81334884901,""mean_abs_d1_mode"":0.005054682833828684,""mean_abs_d2_mode"":0.004250554775487794,""mean_amp"":0.012260323156143301,""ntor"":9.0,""r_star"":0.075,""rad_loc"":0.8251948310321109,""rad_width"":0.11539739130711492,""spikes_per_m"":2.888888888888889,""std_amp"":0.0649100697146416,""std_per_m_max"":0.15525150629659615,""std_per_m_mean"":0.013531471384917244},""source_feature_schema_version"":""rf_all_crossings_extremum_energy_31_v2""}",,,,,NOT_PRESENT,,REVIEW,rule_engine,,,,
/global/u2/e/ebelova/src_nova/data/nstxu_204202/N9/egn09w.3150E+02,nstxu_204202/N9/egn09w.3150E+02,nstxu_204202,9,9,201,54,5.6125804047106636,-8.212512799565009e-08,0.8085565050877862,0.0739986983650507,57f82b8091cb1b496716cec4c059043d3e6c1f03fd2a3d7e3a4f1952e2931f7c,RULE_EVALUATED,tae_like,0.9873857045184139,0.9999982375792275,,REVIEW,NO_GOOD_TEMPLATE,"[""NO_GOOD_TEMPLATE""]",tae-rules-axis-artifact-v1,"{""boundary_features"":{""axis_artifact"":{""axis_component_touches_boundary"":false,""axis_halfmax_outer_edge_r"":0.01242476511117985,""axis_halfmax_width_grid"":1.9849530222359701,""axis_halfmax_width_r"":0.00992476511117985,""axis_peak"":0.005271247038910788,""axis_peak_harmonic_index"":13,""axis_peak_is_local_max"":true,""axis_peak_r"":0.005,""r_ax"":0.03}},""crossing_features"":{""W_star_high_shear"":9.805994839768402e-10,""W_star_high_shear_sum"":9.805994839768402e-10,""W_star_sum"":4.487007129777403e-06,""n_cross"":1.0,""r_star_high_shear"":0.2147831658896149,""r_star_max"":0.2147831658896149},""crossing_records"":[{""W_peak"":4.487007129777403e-06,""boundary"":""high"",""r_cross"":0.2147831658896149,""shear_weighted"":9.805994839768402e-10}],""extremum_features"":{""ext_df_gap"":0.04076915023940114,""ext_dr"":0.45999999999999996,""ext_energy_frac"":0.0002359953979327287,""match_found"":true},""feature_schema_version"":""tae-rule-features-grouped-v3"",""numerical_structure_features"":{},""resolution_features"":{},""rf_standard_features"":{""S"":8.021174942181139,""W_star"":7.46517303256101e-06,""W_star_max"":4.487007129777403e-06,""delta2_eff"":1.3887750257217447e-05,""frac_spikes"":0.01271420674405749,""gamma_d"":-8.212512799565009e-08,""max_abs_d1_abs"":0.3943797426127942,""max_abs_d2_abs"":0.6157703464817825,""max_per_m_mean"":0.04266696773051786,""max_to_mean"":99.16041740508109,""max_to_median"":233281.95729814318,""mean_abs_d1_mode"":0.003502493988923863,""mean_abs_d2_mode"":0.002391157560863159,""mean_amp"":0.010084669125743297,""ntor"":9.0,""r_star"":0.215,""rad_loc"":0.8085565050877862,""rad_width"":0.0739986983650507,""spikes_per_m"":2.5555555555555554,""std_amp"":0.06795084745766425,""std_per_m_max"":0.3299596832440221,""std_per_m_mean"":0.014213088633037775},""source_feature_schema_version"":""rf_all_crossings_extremum_energy_31_v2""}",,,,,NOT_PRESENT,,REVIEW,rule_engine,,,,
/global/u2/e/ebelova/src_nova/data/nstxu_204202/N9/egn09w.3222E+02,nstxu_204202/N9/egn09w.3222E+02,nstxu_204202,9,9,201,54,5.6764034680629285,6.776936993745036e-06,0.8106193028789314,0.08053091735485601,30a4ef8d1fcdc30e43cc803b2fe8ae8757c8df5dc395ec1dc74ac51e39a27e78,RULE_EVALUATED,tae_like,0.9834131147538901,0.9997216091662676,,REVIEW,NO_GOOD_TEMPLATE,"[""NO_GOOD_TEMPLATE""]",tae-rules-axis-artifact-v1,"{""boundary_features"":{""axis_artifact"":{""axis_component_touches_boundary"":false,""axis_halfmax_outer_edge_r"":0.015530646354105112,""axis_halfmax_width_grid"":2.606129270821022,""axis_halfmax_width_r"":0.013030646354105111,""axis_peak"":0.07856140192544875,""axis_peak_harmonic_index"":13,""axis_peak_is_local_max"":true,""axis_peak_r"":0.005,""r_ax"":0.03}},""crossing_features"":{""W_star_high_shear"":5.5543890639243916e-08,""W_star_high_shear_sum"":5.5543890639243916e-08,""W_star_sum"":5.4708941778582086e-05,""n_cross"":1.0,""r_star_high_shear"":0.23186317078615093,""r_star_max"":0.23186317078615093},""crossing_records"":[{""W_peak"":5.4708941778582086e-05,""boundary"":""high"",""r_cross"":0.23186317078615093,""shear_weighted"":5.5543890639243916e-08}],""extremum_features"":{""ext_df_gap"":0.029067185115790962,""ext_dr"":0.45999999999999996,""ext_energy_frac"":0.0003734303289817808,""match_found"":true},""feature_schema_version"":""tae-rule-features-grouped-v3"",""numerical_structure_features"":{},""resolution_features"":{},""rf_standard_features"":{""S"":7.147805113598072,""W_star"":6.02832344952619e-05,""W_star_max"":5.4708941778582086e-05,""delta2_eff"":0.003151300068351551,""frac_spikes"":0.012069283213561821,""gamma_d"":6.776936993745036e-06,""max_abs_d1_abs"":0.5612121074105463,""max_abs_d2_abs"":1.0069441515806035,""max_per_m_mean"":0.044515662847477384,""max_to_mean"":79.24456920301054,""max_to_median"":34890.37058679324,""mean_abs_d1_mode"":0.0052222437155728715,""mean_abs_d2_mode"":0.004393495505963974,""mean_amp"":0.012619161287367625,""ntor"":9.0,""r_star"":0.23500000000000001,""rad_loc"":0.8106193028789314,""rad_width"":0.08053091735485601,""spikes_per_m"":2.425925925925926,""std_amp"":0.06762686614336601,""std_per_m_max"":0.29680056284429684,""std_per_m_mean"":0.014453412551383467},""source_feature_schema_version"":""rf_all_crossings_extremum_energy_31_v2""}",,,,,NOT_PRESENT,,REVIEW,rule_engine,,,,
/global/u2/e/ebelova/src_nova/data/nstxu_204202/N9/egn09w.3282E+02,nstxu_204202/N9/egn09w.3282E+02,nstxu_204202,9,9,201,54,5.729272028536759,-1.4522976071210879e-05,0.4175931575297961,0.40715349499374925,fe10072cc26ecdbabddd0aad530d999303f7623d032001e392a316fb50e23035,RULE_EVALUATED,tae_like,0.45698893343026453,0.6089417559606296,,BAD,BAD_AXIS_SPIKE,"[""BAD_AXIS_SPIKE""]",tae-rules-axis-artifact-v1,"{""boundary_features"":{""axis_artifact"":{""axis_component_touches_boundary"":false,""axis_halfmax_outer_edge_r"":0.017362335425678905,""axis_halfmax_width_grid"":2.9724670851357806,""axis_halfmax_width_r"":0.014862335425678904,""axis_peak"":1.0,""axis_peak_harmonic_index"":13,""axis_peak_is_local_max"":true,""axis_peak_r"":0.005,""r_ax"":0.03}},""crossing_features"":{""W_star_high_shear"":1.7595402071802233e-06,""W_star_high_shear_sum"":1.7595402071802233e-06,""W_star_sum"":0.0008951429215980802,""n_cross"":1.0,""r_star_high_shear"":0.24433568335917719,""r_star_max"":0.24433568335917719},""crossing_records"":[{""W_peak"":0.0008951429215980802,""boundary"":""high"",""r_cross"":0.24433568335917719,""shear_weighted"":1.7595402071802233e-06}],""extremum_features"":{""ext_df_gap"":0.019571161810047644,""ext_dr"":0.37,""ext_energy_frac"":0.0014569390857128214,""match_found"":true},""feature_schema_version"":""tae-rule-features-grouped-v3"",""numerical_structure_features"":{},""resolution_features"":{},""rf_standard_features"":{""S"":0.42390194275999526,""W_star"":0.5189590693800891,""W_star_max"":0.0008951429215980802,""delta2_eff"":4.002923225006527,""frac_spikes"":0.010226644555002764,""gamma_d"":-1.4522976071210879e-05,""max_abs_d1_abs"":1.0,""max_abs_d2_abs"":1.2709463914384633,""max_per_m_mean"":0.018729780521384867,""max_to_mean"":195.92127537126945,""max_to_median"":12327.554431034187,""mean_abs_d1_mode"":0.0025307523245569267,""mean_abs_d2_mode"":0.002948203554155071,""mean_amp"":0.005104090905436817,""ntor"":9.0,""r_star"":0.245,""rad_loc"":0.4175931575297961,""rad_width"":0.40715349499374925,""spikes_per_m"":2.0555555555555554,""std_amp"":0.0262060842177219,""std_per_m_max"":0.19318444683541136,""std_per_m_mean"":0.0043207647506482375},""source_feature_schema_version"":""rf_all_crossings_extremum_energy_31_v2""}",,,,,NOT_PRESENT,,BAD,rule_engine,,,,
/global/u2/e/ebelova/src_nova/data/nstxu_204202/N9/egn09w.3285E+02,nstxu_204202/N9/egn09w.3285E+02,nstxu_204202,9,9,201,54,5.731361919931148,-4.0066445046644287e-07,0.7985478751533386,0.1956052657819371,389ebfcb193458d515051f2a66a38e8d8d842a1b0d8222f6437ff9a2d9957cba,RULE_EVALUATED,tae_like,0.9352340207559958,0.9670996281913253,,BAD,BAD_AXIS_SPIKE,"[""BAD_AXIS_SPIKE""]",tae-rules-axis-artifact-v1,"{""boundary_features"":{""axis_artifact"":{""axis_component_touches_boundary"":false,""axis_halfmax_outer_edge_r"":0.017379851877367125,""axis_halfmax_width_grid"":2.975970375473425,""axis_halfmax_width_r"":0.014879851877367125,""axis_peak"":0.957955698909575,""axis_peak_harmonic_index"":13,""axis_peak_is_local_max"":true,""axis_peak_r"":0.005,""r_ax"":0.03}},""crossing_features"":{""W_star_high_shear"":7.40390298228585e-07,""W_star_high_shear_sum"":7.40390298228585e-07,""W_star_sum"":0.0003688733884005699,""n_cross"":1.0,""r_star_high_shear"":0.244801411514317,""r_star_max"":0.244801411514317},""crossing_records"":[{""W_peak"":0.0003688733884005699,""boundary"":""high"",""r_cross"":0.244801411514317,""shear_weighted"":7.40390298228585e-07}],""extremum_features"":{""ext_df_gap"":0.019199384032478888,""ext_dr"":0.48,""ext_energy_frac"":0.00020570324897033307,""match_found"":true},""feature_schema_version"":""tae-rule-features-grouped-v3"",""numerical_structure_features"":{},""resolution_features"":{},""rf_standard_features"":{""S"":2.829923176851536,""W_star"":0.0010307004126071404,""W_star_max"":0.0003688733884005699,""delta2_eff"":0.4005959371948663,""frac_spikes"":0.015201768933112217,""gamma_d"":-4.0066445046644287e-07,""max_abs_d1_abs"":0.957955698909575,""max_abs_d2_abs"":1.220112738701677,""max_per_m_mean"":0.048296919469875604,""max_to_mean"":58.959214445260024,""max_to_median"":10916.35538666399,""mean_abs_d1_mode"":0.0067687342856362406,""mean_abs_d2_mode"":0.006342087110947626,""mean_amp"":0.016960877266597216,""ntor"":9.0,""r_star"":0.245,""rad_loc"":0.7985478751533386,""rad_width"":0.1956052657819371,""spikes_per_m"":3.0555555555555554,""std_amp"":0.07920024436821732,""std_per_m_max"":0.19579338831794801,""std_per_m_mean"":0.01396935368672839},""source_feature_schema_version"":""rf_all_crossings_extremum_energy_31_v2""}",,,,,NOT_PRESENT,,BAD,rule_engine,,,,
/global/u2/e/ebelova/src_nova/data/nstxu_204202/N9/egn09w.3289E+02,nstxu_204202/N9/egn09w.3289E+02,nstxu_204202,9,9,201,54,5.7353153807308095,-2.6213571367153763e-05,0.84477603241282,0.10156874376556682,2662261c5401c6c3e4f3d4902680e50905927b1caa6a53ae99dbbfd87e27f23c,RULE_EVALUATED,tae_like,0.9676825534342924,0.9962656026136918,,BAD,BAD_AXIS_SPIKE,"[""BAD_AXIS_SPIKE""]",tae-rules-axis-artifact-v1,"{""boundary_features"":{""axis_artifact"":{""axis_component_touches_boundary"":false,""axis_halfmax_outer_edge_r"":0.017384620210579613,""axis_halfmax_width_grid"":2.976924042115922,""axis_halfmax_width_r"":0.014884620210579612,""axis_peak"":0.3140080899895258,""axis_peak_harmonic_index"":13,""axis_peak_is_local_max"":true,""axis_peak_r"":0.005,""r_ax"":0.03}},""crossing_features"":{""W_star_high_shear"":8.659632200981468e-08,""W_star_high_shear_sum"":8.659632200981468e-08,""W_star_sum"":4.1608536760613996e-05,""n_cross"":1.0,""r_star_high_shear"":0.2456203383217231,""r_star_max"":0.2456203383217231},""crossing_records"":[{""W_peak"":4.1608536760613996e-05,""boundary"":""high"",""r_cross"":0.2456203383217231,""shear_weighted"":8.659632200981468e-08}],""extremum_features"":{""ext_df_gap"":0.01849683072122606,""ext_dr"":0.53,""ext_energy_frac"":0.0002035666026039393,""match_found"":true},""feature_schema_version"":""tae-rule-features-grouped-v3"",""numerical_structure_features"":{},""resolution_features"":{},""rf_standard_features"":{""S"":5.855896315699053,""W_star"":8.524906369209292e-05,""W_star_max"":4.1608536760613996e-05,""delta2_eff"":0.046339724985735846,""frac_spikes"":0.016030956329463792,""gamma_d"":-2.6213571367153763e-05,""max_abs_d1_abs"":0.5061610491757572,""max_abs_d2_abs"":0.7684030754424201,""max_per_m_mean"":0.04414120522106075,""max_to_mean"":64.84967630791846,""max_to_median"":20889.40382709682,""mean_abs_d1_mode"":0.005752765095168389,""mean_abs_d2_mode"":0.004739594349268693,""mean_amp"":0.015420277430329218,""ntor"":9.0,""r_star"":0.25,""rad_loc"":0.84477603241282,""rad_width"":0.10156874376556682,""spikes_per_m"":3.2222222222222223,""std_amp"":0.0767179059048732,""std_per_m_max"":0.16760133169690516,""std_per_m_mean"":0.012713304922905889},""source_feature_schema_version"":""rf_all_crossings_extremum_energy_31_v2""}",,,,,NOT_PRESENT,,BAD,rule_engine,,,,
/global/u2/e/ebelova/src_nova/data/nstxu_204202/N10/egn10w.1012E+02,nstxu_204202/N10/egn10w.1012E+02,nstxu_204202,10,10,201,54,3.1811230877642216,-1.687252128270969e-05,0.01773111978183783,0.03683808525325961,8e7b3621d68cbc837a52ce7a7d77c078c813e9a033d2a227577a379430c6dc92,RULE_EVALUATED,tae_like,0.9996537376492025,1.0,,BAD,BAD_AXIS_SPIKE,"[""BAD_AXIS_SPIKE""]",tae-rules-axis-artifact-v1,"{""boundary_features"":{""axis_artifact"":{""axis_component_touches_boundary"":false,""axis_halfmax_outer_edge_r"":0.01766818559923342,""axis_halfmax_width_grid"":1.0685442774935219,""axis_halfmax_width_r"":0.00534272138746761,""axis_peak"":1.0,""axis_peak_harmonic_index"":15,""axis_peak_is_local_max"":true,""axis_peak_r"":0.015,""r_ax"":0.03}},""crossing_features"":{""W_star_high_shear"":6.85545463409556e-05,""W_star_high_shear_sum"":0.00010353468519703061,""W_star_sum"":0.004905490325554664,""n_cross"":3.0,""r_star_high_shear"":0.3543905062768365,""r_star_max"":0.3543905062768365},""crossing_records"":[{""W_peak"":9.635249682643728e-06,""boundary"":""low"",""r_cross"":0.11673463674388489,""shear_weighted"":0.0},{""W_peak"":0.002019814038649154,""boundary"":""low"",""r_cross"":0.3315997521491622,""shear_weighted"":3.498013885607501e-05},{""W_peak"":0.0028760410372228665,""boundary"":""low"",""r_cross"":0.3543905062768365,""shear_weighted"":6.85545463409556e-05}],""extremum_features"":{""ext_df_gap"":0.033261816006093944,""ext_dr"":0.175,""ext_energy_frac"":5.6318623828362447e-05,""match_found"":true},""feature_schema_version"":""tae-rule-features-grouped-v3"",""numerical_structure_features"":{},""resolution_features"":{},""rf_standard_features"":{""S"":2.776172526674327,""W_star"":0.00010632940900134273,""W_star_max"":0.0028760410372228665,""delta2_eff"":1.9304962475709875,""frac_spikes"":0.0011977151280633867,""gamma_d"":-1.687252128270969e-05,""max_abs_d1_abs"":0.9369663042624397,""max_abs_d2_abs"":1.871707955878392,""max_per_m_mean"":0.007785729450133854,""max_to_mean"":2224.1276781692604,""max_to_median"":532343.1219007932,""mean_abs_d1_mode"":0.0006210932764550812,""mean_abs_d2_mode"":0.001075932517928631,""mean_amp"":0.00044961447474049657,""ntor"":10.0,""r_star"":0.12,""rad_loc"":0.01773111978183783,""rad_width"":0.03683808525325961,""spikes_per_m"":0.24074074074074073,""std_amp"":0.011010923754357353,""std_per_m_max"":0.18267889657917805,""std_per_m_mean"":0.0014882324723630442},""source_feature_schema_version"":""rf_all_crossings_extremum_energy_31_v2""}",,,,,NOT_PRESENT,,BAD,rule_engine,,,,
/global/u2/e/ebelova/src_nova/data/nstxu_204202/N10/egn10w.1018E+02,nstxu_204202/N10/egn10w.1018E+02,nstxu_204202,10,10,201,54,3.1905852103297603,-0.00023078455448258386,0.013732863154497038,0.007870709800482493,41bba4c76042e45c48550e8473fb7cd78c41d4c959267d50eca9a5d05acfc96e,RULE_EVALUATED,tae_like,0.9998957625581557,1.0,,BAD,BAD_AXIS_SPIKE,"[""BAD_AXIS_SPIKE""]",tae-rules-axis-artifact-v1,"{""boundary_features"":{""axis_artifact"":{""axis_component_touches_boundary"":false,""axis_halfmax_outer_edge_r"":0.017661957198472328,""axis_halfmax_width_grid"":1.0686335556770061,""axis_halfmax_width_r"":0.005343167778385031,""axis_peak"":1.0,""axis_peak_harmonic_index"":15,""axis_peak_is_local_max"":true,""axis_peak_r"":0.015,""r_ax"":0.03}},""crossing_features"":{""W_star_high_shear"":1.4138676441878864e-07,""W_star_high_shear_sum"":2.5384084103203006e-07,""W_star_sum"":2.7374222702632884e-05,""n_cross"":3.0,""r_star_high_shear"":0.3516307916433131,""r_star_max"":0.11455473635037988},""crossing_records"":[{""W_peak"":1.5012262678769222e-05,""boundary"":""low"",""r_cross"":0.11455473635037988,""shear_weighted"":0.0},{""W_peak"":6.21254292372834e-06,""boundary"":""low"",""r_cross"":0.33454045767618906,""shear_weighted"":1.124540766132414e-07},{""W_peak"":6.149417100135323e-06,""boundary"":""low"",""r_cross"":0.3516307916433131,""shear_weighted"":1.4138676441878864e-07}],""extremum_features"":{""ext_df_gap"":0.036128812053126715,""ext_dr"":0.175,""ext_energy_frac"":5.692886559861715e-05,""match_found"":true},""feature_schema_version"":""tae-rule-features-grouped-v3"",""numerical_structure_features"":{},""resolution_features"":{},""rf_standard_features"":{""S"":12.866328374402613,""W_star"":2.7644517662466327e-05,""W_star_max"":1.5012262678769222e-05,""delta2_eff"":1.8953562233650632,""frac_spikes"":0.001105583195135434,""gamma_d"":-0.00023078455448258386,""max_abs_d1_abs"":0.9391586015863542,""max_abs_d2_abs"":1.8715732424689802,""max_per_m_mean"":0.006559495237350368,""max_to_mean"":2481.218401247927,""max_to_median"":946355.4064099393,""mean_abs_d1_mode"":0.000572267535591232,""mean_abs_d2_mode"":0.001005065727980525,""mean_amp"":0.00040302780158966756,""ntor"":10.0,""r_star"":0.115,""rad_loc"":0.013732863154497038,""rad_width"":0.007870709800482493,""spikes_per_m"":0.2222222222222222,""std_amp"":0.010953897356390602,""std_per_m_max"":0.1827308950752958,""std_per_m_mean"":0.0012585741480987051},""source_feature_schema_version"":""rf_all_crossings_extremum_energy_31_v2""}",,,,,NOT_PRESENT,,BAD,rule_engine,,,,
/global/u2/e/ebelova/src_nova/data/nstxu_204202/N10/egn10w.1026E+02,nstxu_204202/N10/egn10w.1026E+02,nstxu_204202,10,10,201,54,3.2032381238047307,-1.371851267144715e-05,0.6222466332492107,0.11082508138114724,0dc19630b4530c339c06d8a07ee10334cbfe9e83ab64de2b31f8fa2c534996b7,RULE_EVALUATED,tae_like,0.9946980655111545,1.0,,BAD,BAD_AXIS_SPIKE,"[""BAD_AXIS_SPIKE""]",tae-rules-axis-artifact-v1,"{""boundary_features"":{""axis_artifact"":{""axis_component_touches_boundary"":false,""axis_halfmax_outer_edge_r"":0.01765327086967039,""axis_halfmax_width_grid"":1.0687120218219974,""axis_halfmax_width_r"":0.005343560109109987,""axis_peak"":0.2840649228523934,""axis_peak_harmonic_index"":15,""axis_peak_is_local_max"":true,""axis_peak_r"":0.015,""r_ax"":0.03}},""crossing_features"":{""W_star_high_shear"":3.716523077054012e-06,""W_star_high_shear_sum"":7.2121209441901975e-06,""W_star_sum"":0.0003445873443011558,""n_cross"":3.0,""r_star_high_shear"":0.34514811008186874,""r_star_max"":0.34514811008186874},""crossing_records"":[{""W_peak"":5.050155795718888e-07,""boundary"":""low"",""r_cross"":0.11170441844878526,""shear_weighted"":0.0},{""W_peak"":0.00016767604012016371,""boundary"":""low"",""r_cross"":0.34438604762721625,""shear_weighted"":3.4955978671361856e-06},{""W_peak"":0.0001764062886014202,""boundary"":""low"",""r_cross"":0.34514811008186874,""shear_weighted"":3.716523077054012e-06}],""extremum_features"":{""ext_df_gap"":-6.734339616030006e-05,""ext_dr"":0.23000000000000004,""ext_energy_frac"":0.00011429085363057586,""match_found"":true},""feature_schema_version"":""tae-rule-features-grouped-v3"",""numerical_structure_features"":{},""resolution_features"":{},""rf_standard_features"":{""S"":4.57700212734446,""W_star"":0.0030135469109626896,""W_star_max"":0.0001764062886014202,""delta2_eff"":0.005478976783365312,""frac_spikes"":0.010871568085498435,""gamma_d"":-1.371851267144715e-05,""max_abs_d1_abs"":0.2921092501388605,""max_abs_d2_abs"":0.5316278860644492,""max_per_m_mean"":0.09513334233287941,""max_to_mean"":128.7431479588613,""max_to_median"":126594.47115398044,""mean_abs_d1_mode"":0.0024656320778020167,""mean_abs_d2_mode"":0.0020367622523672258,""mean_amp"":0.007767403669442646,""ntor"":10.0,""r_star"":0.115,""rad_loc"":0.6222466332492107,""rad_width"":0.11082508138114724,""spikes_per_m"":2.185185185185185,""std_amp"":0.05624004192148044,""std_per_m_max"":0.2374133456163509,""std_per_m_mean"":0.020838995375226738},""source_feature_schema_version"":""rf_all_crossings_extremum_energy_31_v2""}",,,,,NOT_PRESENT,,BAD,rule_engine,,,,
/global/u2/e/ebelova/src_nova/data/nstxu_204202/N10/egn10w.1123E+02,nstxu_204202/N10/egn10w.1123E+02,nstxu_204202,10,10,201,54,3.3508045509967097,-3.2637021557940265e-06,0.5571510488351226,0.2433348945780931,dfabc426208d3b151861678667286d949ab4545e2c28f3751e7a31c19d6b7381,RULE_EVALUATED,tae_like,0.9713837050685223,1.0,,BAD,BAD_AXIS_SPIKE,"[""BAD_AXIS_SPIKE""]",tae-rules-axis-artifact-v1,"{""boundary_features"":{""axis_artifact"":{""axis_component_touches_boundary"":false,""axis_halfmax_outer_edge_r"":0.01751157384010981,""axis_halfmax_width_grid"":1.0666304316599233,""axis_halfmax_width_r"":0.005333152158299617,""axis_peak"":1.0,""axis_peak_harmonic_index"":15,""axis_peak_is_local_max"":true,""axis_peak_r"":0.015,""r_ax"":0.03}},""crossing_features"":{""W_star_high_shear"":0.0,""W_star_high_shear_sum"":0.0,""W_star_sum"":2.579161381555332e-05,""n_cross"":1.0,""r_star_high_shear"":0.07708234296521063,""r_star_max"":0.07708234296521063},""crossing_records"":[{""W_peak"":2.579161381555332e-05,""boundary"":""low"",""r_cross"":0.07708234296521063,""shear_weighted"":0.0}],""extremum_features"":{""ext_df_gap"":0.08221649155528726,""ext_dr"":0.175,""ext_energy_frac"":9.308196529698975e-06,""match_found"":true},""feature_schema_version"":""tae-rule-features-grouped-v3"",""numerical_structure_features"":{},""resolution_features"":{},""rf_standard_features"":{""S"":1.9608821400665586,""W_star"":0.14073138510360444,""W_star_max"":2.579161381555332e-05,""delta2_eff"":0.12654399334325916,""frac_spikes"":0.01105583195135434,""gamma_d"":-3.2637021557940265e-06,""max_abs_d1_abs"":0.995391797794284,""max_abs_d2_abs"":1.8814207213521752,""max_per_m_mean"":0.04314078238938992,""max_to_mean"":234.86584878236886,""max_to_median"":88458.56420569232,""mean_abs_d1_mode"":0.0018977334692535177,""mean_abs_d2_mode"":0.002217232126347476,""mean_amp"":0.0042577497109499,""ntor"":10.0,""r_star"":0.08,""rad_loc"":0.5571510488351226,""rad_width"":0.2433348945780931,""spikes_per_m"":2.2222222222222223,""std_amp"":0.029576299508258904,""std_per_m_max"":0.17580969435347504,""std_per_m_mean"":0.009944316355737457},""source_feature_schema_version"":""rf_all_crossings_extremum_energy_31_v2""}",,,,,NOT_PRESENT,,BAD,rule_engine,,,,
/global/u2/e/ebelova/src_nova/data/nstxu_204202/N10/egn10w.1245E+02,nstxu_204202/N10/egn10w.1245E+02,nstxu_204202,10,10,201,54,3.528682622243,-1.916746304700499e-13,0.031939230504386504,0.007120825289786654,cd2dd5e8cb4962f8c65b34d1122a6fb4d381b621680446e20a82ceabfcbf254d,RULE_EVALUATED,tae_like,0.9999635977386491,1.0,,BAD,BAD_AXIS_SPIKE,"[""BAD_AXIS_SPIKE""]",tae-rules-axis-artifact-v1,"{""boundary_features"":{""axis_artifact"":{""axis_component_touches_boundary"":false,""axis_halfmax_outer_edge_r"":0.048375250577764185,""axis_halfmax_width_grid"":6.409366787587126,""axis_halfmax_width_r"":0.03204683393793563,""axis_peak"":0.4772864808861115,""axis_peak_harmonic_index"":15,""axis_peak_is_local_max"":true,""axis_peak_r"":0.02,""r_ax"":0.03}},""crossing_features"":{""W_star_high_shear"":0.0,""W_star_high_shear_sum"":0.0,""W_star_sum"":0.0,""n_cross"":0.0,""r_star_high_shear"":null,""r_star_max"":null},""crossing_records"":[],""extremum_features"":{""ext_df_gap"":0.12848122482280544,""ext_dr"":0.16,""ext_energy_frac"":1.0441611282358672e-06,""match_found"":true},""feature_schema_version"":""tae-rule-features-grouped-v3"",""numerical_structure_features"":{},""resolution_features"":{},""rf_standard_features"":{""S"":3.080995475731271,""W_star"":0.012896397677867152,""W_star_max"":0.0,""delta2_eff"":0.0,""frac_spikes"":0.0009213193292795283,""gamma_d"":-1.916746304700499e-13,""max_abs_d1_abs"":0.6413050792482247,""max_abs_d2_abs"":0.9404946025055171,""max_per_m_mean"":0.01970927219741481,""max_to_mean"":2166.5048247275504,""max_to_median"":15742156.523315499,""mean_abs_d1_mode"":0.0007879934879681885,""mean_abs_d2_mode"":0.001508996671024048,""mean_amp"":0.0004615729383197891,""ntor"":10.0,""r_star"":0.01,""rad_loc"":0.031939230504386504,""rad_width"":0.007120825289786654,""spikes_per_m"":0.18518518518518517,""std_amp"":0.014625069426726516,""std_per_m_max"":0.17346312548008627,""std_per_m_mean"":0.003416251038257363},""source_feature_schema_version"":""rf_all_crossings_extremum_energy_31_v2""}",,,,,NOT_PRESENT,,BAD,rule_engine,,,,
/global/u2/e/ebelova/src_nova/data/nstxu_204202/N10/egn10w.1303E+02,nstxu_204202/N10/egn10w.1303E+02,nstxu_204202,10,10,201,54,3.6098402667770126,-1.3936892267618467e-11,0.660583308386656,0.13681009310815503,3fb81d444dbfb9e39d04c6e0900a1cfc92d228084161e3d696bb0a1892fd49f0,RULE_EVALUATED,tae_like,0.9919691613266395,1.0,,BAD,BAD_AXIS_SPIKE,"[""BAD_AXIS_SPIKE""]",tae-rules-axis-artifact-v1,"{""boundary_features"":{""axis_artifact"":{""axis_component_touches_boundary"":false,""axis_halfmax_outer_edge_r"":0.02365853888672052,""axis_halfmax_width_grid"":2.3428220293212916,""axis_halfmax_width_r"":0.011714110146606458,""axis_peak"":0.514609122786857,""axis_peak_harmonic_index"":15,""axis_peak_is_local_max"":true,""axis_peak_r"":0.02,""r_ax"":0.03}},""crossing_features"":{""W_star_high_shear"":0.0,""W_star_high_shear_sum"":0.0,""W_star_sum"":0.0,""n_cross"":0.0,""r_star_high_shear"":null,""r_star_max"":null},""crossing_records"":[],""extremum_features"":{""ext_df_gap"":0.1125773984457075,""ext_dr"":0.29,""ext_energy_frac"":7.541532348276142e-06,""match_found"":true},""feature_schema_version"":""tae-rule-features-grouped-v3"",""numerical_structure_features"":{},""resolution_features"":{},""rf_standard_features"":{""S"":4.7553750867458495,""W_star"":0.01657248919797954,""W_star_max"":0.0,""delta2_eff"":0.0,""frac_spikes"":0.012161415146489774,""gamma_d"":-1.3936892267618467e-11,""max_abs_d1_abs"":0.41635768510667037,""max_abs_d2_abs"":0.7548981752237292,""max_per_m_mean"":0.09594410216322159,""max_to_mean"":109.59047196184605,""max_to_median"":64495.013977075076,""mean_abs_d1_mode"":0.003373267275273112,""mean_abs_d2_mode"":0.003438795773572613,""mean_amp"":0.009124880858607487,""ntor"":10.0,""r_star"":0.01,""rad_loc"":0.660583308386656,""rad_width"":0.13681009310815503,""spikes_per_m"":2.4444444444444446,""std_amp"":0.06219569080085471,""std_per_m_max"":0.2224123142790512,""std_per_m_mean"":0.02143458708731372},""source_feature_schema_version"":""rf_all_crossings_extremum_energy_31_v2""}",,,,,NOT_PRESENT,,BAD,rule_engine,,,,
/global/u2/e/ebelova/src_nova/data/nstxu_204202/N10/egn10w.1334E+02,nstxu_204202/N10/egn10w.1334E+02,nstxu_204202,10,10,201,54,3.6518480304948264,-1.0226574750578426e-13,0.021000475697002023,0.003962711707428303,401dcf0c3eeb557556c84aab9962f634573c352983d48e663ebde5a37bc5cefb,RULE_EVALUATED,tae_like,0.9999901114468825,1.0,,BAD,BAD_AXIS_SPIKE,"[""BAD_AXIS_SPIKE""]",tae-rules-axis-artifact-v1,"{""boundary_features"":{""axis_artifact"":{""axis_component_touches_boundary"":false,""axis_halfmax_outer_edge_r"":0.023811246951303027,""axis_halfmax_width_grid"":1.4037408297320815,""axis_halfmax_width_r"":0.0070187041486604075,""axis_peak"":1.0,""axis_peak_harmonic_index"":15,""axis_peak_is_local_max"":true,""axis_peak_r"":0.02,""r_ax"":0.03}},""crossing_features"":{""W_star_high_shear"":0.0,""W_star_high_shear_sum"":0.0,""W_star_sum"":0.0,""n_cross"":0.0,""r_star_high_shear"":null,""r_star_max"":null},""crossing_records"":[],""extremum_features"":{""ext_df_gap"":0.1578748263219582,""ext_dr"":0.17,""ext_energy_frac"":7.422771925204786e-07,""match_found"":true},""feature_schema_version"":""tae-rule-features-grouped-v3"",""numerical_structure_features"":{},""resolution_features"":{},""rf_standard_features"":{""S"":2.7759969703587277,""W_star"":0.0019318070065939797,""W_star_max"":0.0,""delta2_eff"":0.0,""frac_spikes"":0.0008291873963515755,""gamma_d"":-1.0226574750578426e-13,""max_abs_d1_abs"":0.7794336280028142,""max_abs_d2_abs"":1.4353869241137565,""max_per_m_mean"":0.010655674976200655,""max_to_mean"":3775.1794319861656,""max_to_median"":23893985.924882624,""mean_abs_d1_mode"":0.00045808378515891664,""mean_abs_d2_mode"":0.0008521838987180831,""mean_amp"":0.00026488807068402283,""ntor"":10.0,""r_star"":0.01,""rad_loc"":0.021000475697002023,""rad_width"":0.003962711707428303,""spikes_per_m"":0.16666666666666666,""std_amp"":0.010796834677183766,""std_per_m_max"":0.1734148124090894,""std_per_m_mean"":0.0018445778977791206},""source_feature_schema_version"":""rf_all_crossings_extremum_energy_31_v2""}",,,,,NOT_PRESENT,,BAD,rule_engine,,,,
/global/u2/e/ebelova/src_nova/data/nstxu_204202/N10/egn10w.1425E+02,nstxu_204202/N10/egn10w.1425E+02,nstxu_204202,10,10,201,54,3.7752582747566317,-1.7707516763903118e-11,0.6744385286605533,0.09743665910431673,62b8003137dd68d2f20e0496bd4456287022d15e8656d4e11031224535c0edc9,RULE_EVALUATED,tae_like,0.9949341162095064,1.0,,REVIEW,NO_GOOD_TEMPLATE,"[""NO_GOOD_TEMPLATE""]",tae-rules-axis-artifact-v1,"{""boundary_features"":{""axis_artifact"":{""axis_component_touches_boundary"":false,""axis_halfmax_outer_edge_r"":0.01377266907068429,""axis_halfmax_width_grid"":2.212473327639345,""axis_halfmax_width_r"":0.011062366638196727,""axis_peak"":0.03911907647725108,""axis_peak_harmonic_index"":14,""axis_peak_is_local_max"":true,""axis_peak_r"":0.01,""r_ax"":0.03}},""crossing_features"":{""W_star_high_shear"":0.0,""W_star_high_shear_sum"":0.0,""W_star_sum"":0.0,""n_cross"":0.0,""r_star_high_shear"":null,""r_star_max"":null},""crossing_records"":[],""extremum_features"":{""ext_df_gap"":0.15146101071847717,""ext_dr"":0.295,""ext_energy_frac"":5.979980109938647e-06,""match_found"":true},""feature_schema_version"":""tae-rule-features-grouped-v3"",""numerical_structure_features"":{},""resolution_features"":{},""rf_standard_features"":{""S"":6.819184224516349,""W_star"":0.0001922614737370231,""W_star_max"":0.0,""delta2_eff"":0.0,""frac_spikes"":0.011792887414777962,""gamma_d"":-1.7707516763903118e-11,""max_abs_d1_abs"":0.2896398122078301,""max_abs_d2_abs"":0.48045822883288025,""max_per_m_mean"":0.08887396257822047,""max_to_mean"":117.00932866322223,""max_to_median"":171621.02944995664,""mean_abs_d1_mode"":0.0025812312835610182,""mean_abs_d2_mode"":0.002096800233096069,""mean_amp"":0.00854632712884973,""ntor"":10.0,""r_star"":0.01,""rad_loc"":0.6744385286605533,""rad_width"":0.09743665910431673,""spikes_per_m"":2.3703703703703702,""std_amp"":0.06049469168658446,""std_per_m_max"":0.24662702050502572,""std_per_m_mean"":0.021319796112021932},""source_feature_schema_version"":""rf_all_crossings_extremum_energy_31_v2""}",,,,,NOT_PRESENT,,REVIEW,rule_engine,,,,
/global/u2/e/ebelova/src_nova/data/nstxu_204202/N10/egn10w.1568E+02,nstxu_204202/N10/egn10w.1568E+02,nstxu_204202,10,10,201,54,3.9601485478933207,-4.790177586525463e-12,0.7071299553810896,0.10817085842166227,1cf55a19ddcc8acfc21b58cfdb9647e7b43d861a82ff5fc17b4d678ef7bc7693,RULE_EVALUATED,tae_like,0.9942135456869924,1.0,,REVIEW,NO_GOOD_TEMPLATE,"[""NO_GOOD_TEMPLATE""]",tae-rules-axis-artifact-v1,"{""boundary_features"":{""axis_artifact"":{""axis_component_touches_boundary"":false,""axis_halfmax_outer_edge_r"":0.013455898756146802,""axis_halfmax_width_grid"":2.1911797512293605,""axis_halfmax_width_r"":0.010955898756146802,""axis_peak"":0.036137505619006825,""axis_peak_harmonic_index"":14,""axis_peak_is_local_max"":true,""axis_peak_r"":0.005,""r_ax"":0.03}},""crossing_features"":{""W_star_high_shear"":0.0,""W_star_high_shear_sum"":0.0,""W_star_sum"":0.0,""n_cross"":0.0,""r_star_high_shear"":null,""r_star_max"":null},""crossing_records"":[],""extremum_features"":{""ext_df_gap"":0.19107735429701533,""ext_dr"":0.335,""ext_energy_frac"":5.8194570111356565e-06,""match_found"":true},""feature_schema_version"":""tae-rule-features-grouped-v3"",""numerical_structure_features"":{},""resolution_features"":{},""rf_standard_features"":{""S"":6.444711316398666,""W_star"":0.00010546097727313801,""W_star_max"":0.0,""delta2_eff"":0.0,""frac_spikes"":0.012253547079417726,""gamma_d"":-4.790177586525463e-12,""max_abs_d1_abs"":0.5327936484032769,""max_abs_d2_abs"":1.0477542640970665,""max_per_m_mean"":0.078756219896372,""max_to_mean"":109.2358809657635,""max_to_median"":212426.1570389316,""mean_abs_d1_mode"":0.003204351176367175,""mean_abs_d2_mode"":0.0028708622685096026,""mean_amp"":0.009154501168019894,""ntor"":10.0,""r_star"":0.01,""rad_loc"":0.7071299553810896,""rad_width"":0.10817085842166227,""spikes_per_m"":2.462962962962963,""std_amp"":0.06314828886058568,""std_per_m_max"":0.2728754174935201,""std_per_m_mean"":0.02020087945482525},""source_feature_schema_version"":""rf_all_crossings_extremum_energy_31_v2""}",,,,,NOT_PRESENT,,REVIEW,rule_engine,,,,
/global/u2/e/ebelova/src_nova/data/nstxu_204202/N10/egn10w.1657E+02,nstxu_204202/N10/egn10w.1657E+02,nstxu_204202,10,10,201,54,4.070905398655518,-1.256868939669689e-15,0.011699661929193077,0.004668502260451154,d789068a1e0e554357fe328f49e8e979e67137612f8a9edda5e8fd491346409e,RULE_EVALUATED,tae_like,0.9999950436401631,1.0,,BAD,BAD_AXIS_SPIKE,"[""BAD_AXIS_SPIKE""]",tae-rules-axis-artifact-v1,"{""boundary_features"":{""axis_artifact"":{""axis_component_touches_boundary"":false,""axis_halfmax_outer_edge_r"":0.017843456041273364,""axis_halfmax_width_grid"":1.333441149755315,""axis_halfmax_width_r"":0.006667205748776574,""axis_peak"":1.0,""axis_peak_harmonic_index"":15,""axis_peak_is_local_max"":true,""axis_peak_r"":0.015,""r_ax"":0.03}},""crossing_features"":{""W_star_high_shear"":0.0,""W_star_high_shear_sum"":0.0,""W_star_sum"":0.0,""n_cross"":0.0,""r_star_high_shear"":null,""r_star_max"":null},""crossing_records"":[],""extremum_features"":{""ext_df_gap"":0.24456285377156095,""ext_dr"":0.175,""ext_energy_frac"":6.713006754161539e-07,""match_found"":true},""feature_schema_version"":""tae-rule-features-grouped-v3"",""numerical_structure_features"":{},""resolution_features"":{},""rf_standard_features"":{""S"":0.3640700665880716,""W_star"":0.2214068190639491,""W_star_max"":0.0,""delta2_eff"":0.0,""frac_spikes"":0.0011977151280633867,""gamma_d"":-1.256868939669689e-15,""max_abs_d1_abs"":0.8792117633302479,""max_abs_d2_abs"":1.533020247471963,""max_per_m_mean"":0.009345162230469717,""max_to_mean"":2005.521073989406,""max_to_median"":42318210.4928847,""mean_abs_d1_mode"":0.0009180046844564093,""mean_abs_d2_mode"":0.0016699050977076841,""mean_amp"":0.0004986235302954295,""ntor"":10.0,""r_star"":0.01,""rad_loc"":0.011699661929193077,""rad_width"":0.004668502260451154,""spikes_per_m"":0.24074074074074073,""std_amp"":0.013691007036194594,""std_per_m_max"":0.20121490582321977,""std_per_m_mean"":0.0020354656641971653},""source_feature_schema_version"":""rf_all_crossings_extremum_energy_31_v2""}",,,,,NOT_PRESENT,,BAD,rule_engine,,,,
/global/u2/e/ebelova/src_nova/data/nstxu_204202/N10/egn10w.1690E+02,nstxu_204202/N10/egn10w.1690E+02,nstxu_204202,10,10,201,54,4.1113341462560635,-1.0150309689113361e-11,0.6465661091439474,0.21934339771300468,381dc4e4000cd5d0ad7aa1b3847e705397c46bea99971eb3a5b32466901cf656,RULE_EVALUATED,tae_like,0.9737875139622125,1.0,,BAD,BAD_AXIS_SPIKE,"[""BAD_AXIS_SPIKE""]",tae-rules-axis-artifact-v1,"{""boundary_features"":{""axis_artifact"":{""axis_component_touches_boundary"":false,""axis_halfmax_outer_edge_r"":0.017911265254146446,""axis_halfmax_width_grid"":1.2609113170899973,""axis_halfmax_width_r"":0.0063045565854499865,""axis_peak"":1.0,""axis_peak_harmonic_index"":15,""axis_peak_is_local_max"":true,""axis_peak_r"":0.015,""r_ax"":0.03}},""crossing_features"":{""W_star_high_shear"":0.0,""W_star_high_shear_sum"":0.0,""W_star_sum"":0.0,""n_cross"":0.0,""r_star_high_shear"":null,""r_star_max"":null},""crossing_records"":[],""extremum_features"":{""ext_df_gap"":0.2519914345257568,""ext_dr"":0.175,""ext_energy_frac"":1.954505169043927e-07,""match_found"":true},""feature_schema_version"":""tae-rule-features-grouped-v3"",""numerical_structure_features"":{},""resolution_features"":{},""rf_standard_features"":{""S"":2.9021439249060363,""W_star"":0.08971051566298843,""W_star_max"":0.0,""delta2_eff"":0.0,""frac_spikes"":0.011792887414777962,""gamma_d"":-1.0150309689113361e-11,""max_abs_d1_abs"":0.8587331561214873,""max_abs_d2_abs"":1.595480978784748,""max_per_m_mean"":0.04728730933109419,""max_to_mean"":166.09669939108989,""max_to_median"":116774.75900745718,""mean_abs_d1_mode"":0.002645824802580726,""mean_abs_d2_mode"":0.0029384175344172214,""mean_amp"":0.006020589232055187,""ntor"":10.0,""r_star"":0.01,""rad_loc"":0.6465661091439474,""rad_width"":0.21934339771300468,""spikes_per_m"":2.3703703703703702,""std_amp"":0.041088111640153045,""std_per_m_max"":0.20136535400514188,""std_per_m_mean"":0.012441960205809397},""source_feature_schema_version"":""rf_all_crossings_extremum_energy_31_v2""}",,,,,NOT_PRESENT,,BAD,rule_engine,,,,
/global/u2/e/ebelova/src_nova/data/nstxu_204202/N10/egn10w.1915E+02,nstxu_204202/N10/egn10w.1915E+02,nstxu_204202,10,10,201,54,4.376474727952613,-1.215109415112418e-10,0.722947506571139,0.08683808356158741,ab310c5ed06aef80db1433269c68efe486d87afd2be3cb6d8575c7de2d4ebfe3,RULE_EVALUATED,tae_like,0.9939170021429422,1.0,,REVIEW,NO_GOOD_TEMPLATE,"[""NO_GOOD_TEMPLATE""]",tae-rules-axis-artifact-v1,"{""boundary_features"":{""axis_artifact"":{""axis_component_touches_boundary"":false,""axis_halfmax_outer_edge_r"":0.018010674634798506,""axis_halfmax_width_grid"":1.1273303410308078,""axis_halfmax_width_r"":0.005636651705154039,""axis_peak"":0.019246602193553005,""axis_peak_harmonic_index"":15,""axis_peak_is_local_max"":true,""axis_peak_r"":0.015,""r_ax"":0.03}},""crossing_features"":{""W_star_high_shear"":0.0,""W_star_high_shear_sum"":0.0,""W_star_sum"":0.0,""n_cross"":0.0,""r_star_high_shear"":null,""r_star_max"":null},""crossing_records"":[],""extremum_features"":{""ext_df_gap"":0.268028712635266,""ext_dr"":0.37499999999999994,""ext_energy_frac"":8.457364321480557e-06,""match_found"":true},""feature_schema_version"":""tae-rule-features-grouped-v3"",""numerical_structure_features"":{},""resolution_features"":{},""rf_standard_features"":{""S"":8.210078773298715,""W_star"":1.0415528405051032e-05,""W_star_max"":0.0,""delta2_eff"":0.0,""frac_spikes"":0.011885019347705915,""gamma_d"":-1.215109415112418e-10,""max_abs_d1_abs"":0.36176255321126655,""max_abs_d2_abs"":0.644452643097011,""max_per_m_mean"":0.06804810249776563,""max_to_mean"":110.717422613247,""max_to_median"":273034.43470466224,""mean_abs_d1_mode"":0.0029190671278485417,""mean_abs_d2_mode"":0.0022385065510732967,""mean_amp"":0.009032002157261522,""ntor"":10.0,""r_star"":0.01,""rad_loc"":0.722947506571139,""rad_width"":0.08683808356158741,""spikes_per_m"":2.388888888888889,""std_amp"":0.06276634083048575,""std_per_m_max"":0.2696832884071906,""std_per_m_mean"":0.019203063599238006},""source_feature_schema_version"":""rf_all_crossings_extremum_energy_31_v2""}",,,,,NOT_PRESENT,,REVIEW,rule_engine,,,,
/global/u2/e/ebelova/src_nova/data/nstxu_204202/N10/egn10w.2074E+02,nstxu_204202/N10/egn10w.2074E+02,nstxu_204202,10,10,201,54,4.553665631396953,-6.499544467625442e-11,0.7461690050543652,0.0915955345835493,3d19c7a83e829b5e60ddcc62bd7aa871dc0f83176dc0787da07305a2eded5f88,RULE_EVALUATED,tae_like,0.9924197155662848,1.0,,REVIEW,NO_GOOD_TEMPLATE,"[""NO_GOOD_TEMPLATE""]",tae-rules-axis-artifact-v1,"{""boundary_features"":{""axis_artifact"":{""axis_component_touches_boundary"":false,""axis_halfmax_outer_edge_r"":0.018015101638208426,""axis_halfmax_width_grid"":1.1034988013737288,""axis_halfmax_width_r"":0.005517494006868644,""axis_peak"":0.021925520790167626,""axis_peak_harmonic_index"":15,""axis_peak_is_local_max"":true,""axis_peak_r"":0.015,""r_ax"":0.03}},""crossing_features"":{""W_star_high_shear"":0.0,""W_star_high_shear_sum"":0.0,""W_star_sum"":0.0,""n_cross"":0.0,""r_star_high_shear"":null,""r_star_max"":null},""crossing_records"":[],""extremum_features"":{""ext_df_gap"":0.1948707477483757,""ext_dr"":0.39499999999999996,""ext_energy_frac"":6.113668405883779e-06,""match_found"":true},""feature_schema_version"":""tae-rule-features-grouped-v3"",""numerical_structure_features"":{},""resolution_features"":{},""rf_standard_features"":{""S"":8.037171335845283,""W_star"":1.3712422729301301e-05,""W_star_max"":0.0,""delta2_eff"":0.0,""frac_spikes"":0.012437810945273632,""gamma_d"":-6.499544467625442e-11,""max_abs_d1_abs"":0.44233236803082293,""max_abs_d2_abs"":0.7543644222857124,""max_per_m_mean"":0.061205182099306484,""max_to_mean"":107.0182325254468,""max_to_median"":291371.20732611394,""mean_abs_d1_mode"":0.0032818128068702675,""mean_abs_d2_mode"":0.002635785769868997,""mean_amp"":0.009344202163450995,""ntor"":10.0,""r_star"":0.01,""rad_loc"":0.7461690050543652,""rad_width"":0.0915955345835493,""spikes_per_m"":2.5,""std_amp"":0.06463776250612767,""std_per_m_max"":0.28231122539057374,""std_per_m_mean"":0.018119004402037137},""source_feature_schema_version"":""rf_all_crossings_extremum_energy_31_v2""}",,,,,NOT_PRESENT,,REVIEW,rule_engine,,,,
/global/u2/e/ebelova/src_nova/data/nstxu_204202/N10/egn10w.2304E+02,nstxu_204202/N10/egn10w.2304E+02,nstxu_204202,10,10,201,54,4.799710127794729,-1.288711971915874e-11,0.7618324804425832,0.08745364704161314,35e58704d2eb0215495846b96744c658dbcec095a9e6dc90c0584e404fe12677,RULE_EVALUATED,tae_like,0.9903904615595132,1.0,,REVIEW,NO_GOOD_TEMPLATE,"[""NO_GOOD_TEMPLATE""]",tae-rules-axis-artifact-v1,"{""boundary_features"":{""axis_artifact"":{""axis_component_touches_boundary"":false,""axis_halfmax_outer_edge_r"":0.018045535925090225,""axis_halfmax_width_grid"":1.1124147358278706,""axis_halfmax_width_r"":0.005562073679139353,""axis_peak"":0.041996956446868905,""axis_peak_harmonic_index"":15,""axis_peak_is_local_max"":true,""axis_peak_r"":0.015,""r_ax"":0.03}},""crossing_features"":{""W_star_high_shear"":0.0,""W_star_high_shear_sum"":0.0,""W_star_sum"":0.0,""n_cross"":0.0,""r_star_high_shear"":null,""r_star_max"":null},""crossing_records"":[],""extremum_features"":{""ext_df_gap"":0.1336188463704773,""ext_dr"":0.42,""ext_energy_frac"":7.92767999921813e-06,""match_found"":true},""feature_schema_version"":""tae-rule-features-grouped-v3"",""numerical_structure_features"":{},""resolution_features"":{},""rf_standard_features"":{""S"":8.596925409825863,""W_star"":8.150191952611102e-05,""W_star_max"":0.0,""delta2_eff"":0.0,""frac_spikes"":0.012437810945273632,""gamma_d"":-1.288711971915874e-11,""max_abs_d1_abs"":0.612640432222888,""max_abs_d2_abs"":1.0368201757787543,""max_per_m_mean"":0.05580051699322678,""max_to_mean"":106.25310279845013,""max_to_median"":185714.57370162397,""mean_abs_d1_mode"":0.003514194248339415,""mean_abs_d2_mode"":0.003138111982083281,""mean_amp"":0.009411489862941992,""ntor"":10.0,""r_star"":0.01,""rad_loc"":0.7618324804425832,""rad_width"":0.08745364704161314,""spikes_per_m"":2.5,""std_amp"":0.06518214036115834,""std_per_m_max"":0.2816550194451616,""std_per_m_mean"":0.016986087052643248},""source_feature_schema_version"":""rf_all_crossings_extremum_energy_31_v2""}",,,,,NOT_PRESENT,,REVIEW,rule_engine,,,,
/global/u2/e/ebelova/src_nova/data/nstxu_204202/N10/egn10w.2573E+02,nstxu_204202/N10/egn10w.2573E+02,nstxu_204202,10,10,201,54,5.072665840911725,-7.945529022938908e-15,0.015988274902868093,0.0028726129759376173,7e4e08c6db30f34fad560f0e9714989c97060942c4434e7511bad20c982f2231,RULE_EVALUATED,tae_like,0.9921034310393714,1.0,,BAD,BAD_AXIS_SPIKE,"[""BAD_AXIS_SPIKE""]",tae-rules-axis-artifact-v1,"{""boundary_features"":{""axis_artifact"":{""axis_component_touches_boundary"":false,""axis_halfmax_outer_edge_r"":0.0199103176788361,""axis_halfmax_width_grid"":1.6570932520457828,""axis_halfmax_width_r"":0.008285466260228915,""axis_peak"":1.0,""axis_peak_harmonic_index"":14,""axis_peak_is_local_max"":true,""axis_peak_r"":0.015,""r_ax"":0.03}},""crossing_features"":{""W_star_high_shear"":0.0,""W_star_high_shear_sum"":0.0,""W_star_sum"":0.0,""n_cross"":0.0,""r_star_high_shear"":null,""r_star_max"":null},""crossing_records"":[],""extremum_features"":{""ext_df_gap"":0.06870023755077723,""ext_dr"":0.18,""ext_energy_frac"":2.1565464206211153e-07,""match_found"":true},""feature_schema_version"":""tae-rule-features-grouped-v3"",""numerical_structure_features"":{},""resolution_features"":{},""rf_standard_features"":{""S"":2.0846090130985777,""W_star"":0.04356043735633229,""W_star_max"":0.0,""delta2_eff"":0.0,""frac_spikes"":0.0007370554634236226,""gamma_d"":-7.945529022938908e-15,""max_abs_d1_abs"":0.740708131719739,""max_abs_d2_abs"":1.2498401601372118,""max_per_m_mean"":0.009648469855421355,""max_to_mean"":3522.3984382849353,""max_to_median"":38674175.64628058,""mean_abs_d1_mode"":0.00033581827494441174,""mean_abs_d2_mode"":0.00044126638448246247,""mean_amp"":0.0002838974675915721,""ntor"":10.0,""r_star"":0.01,""rad_loc"":0.015988274902868093,""rad_width"":0.0028726129759376173,""spikes_per_m"":0.14814814814814814,""std_amp"":0.011932191448822039,""std_per_m_max"":0.18201251579523794,""std_per_m_mean"":0.0017892281155380497},""source_feature_schema_version"":""rf_all_crossings_extremum_energy_31_v2""}",,,,,NOT_PRESENT,,BAD,rule_engine,,,,
