path,mode_key,shot,n,ntor,nr,nhar,omega,gamma_d,rad_loc,rad_width,input_fingerprint,processing_status,gap_region,signed_delta,fraction_below_upper2,preprocessing_primary_reason,rule_decision,rule_primary_reason,rule_triggered_rules,rule_version,rule_features,manual_decision,manual_reason,reviewer,adjudication_timestamp,override_status,override_message,final_decision,decision_source,duplicate_rank_score,duplicate_rank_source,selected_final,diagnostic_message
/global/u2/e/ebelova/src_nova/data/nstxu_204202/N1/egn01w.1226E+02,nstxu_204202/N1/egn01w.1226E+02,nstxu_204202,1,1,201,54,3.501463436414273,-0.0,0.09383769580498892,0.16762964367394823,61a59747f3e36325b9475c2ff5144bfad58b31b5152182f7cfdd451d645bf729,RULE_EVALUATED,tae_like,0.9563252622666907,1.0,,BAD,BAD_AXIS_SPIKE,"[""BAD_AXIS_SPIKE""]",tae-rules-axis-artifact-v1,"{""boundary_features"":{""axis_artifact"":{""axis_component_touches_boundary"":false,""axis_halfmax_outer_edge_r"":0.028074125104631708,""axis_halfmax_width_grid"":1.1309465750845855,""axis_halfmax_width_r"":0.005654732875422928,""axis_peak"":1.0,""axis_peak_harmonic_index"":4,""axis_peak_is_local_max"":true,""axis_peak_r"":0.025,""r_ax"":0.03}},""crossing_features"":{""W_star_high_shear"":0.0,""W_star_high_shear_sum"":0.0,""W_star_sum"":0.0,""n_cross"":0.0,""r_star_high_shear"":null,""r_star_max"":null},""crossing_records"":[],""extremum_features"":{""ext_df_gap"":0.49706311293654865,""ext_dr"":0.14500000000000002,""ext_energy_frac"":0.02052995993233896,""match_found"":true},""feature_schema_version"":""tae-rule-features-grouped-v3"",""numerical_structure_features"":{},""resolution_features"":{},""rf_standard_features"":{""S"":0.5001364553847001,""W_star"":0.8812362290555459,""W_star_max"":0.0,""delta2_eff"":0.0,""frac_spikes"":0.0030403537866224434,""gamma_d"":-0.0,""max_abs_d1_abs"":0.9687640362461957,""max_abs_d2_abs"":1.782003548272987,""max_per_m_mean"":0.0404676349052332,""max_to_mean"":626.5864049988784,""max_to_median"":29297026.884045843,""mean_abs_d1_mode"":0.0004210978858366699,""mean_abs_d2_mode"":0.0007389760588902715,""mean_amp"":0.001595949084428673,""ntor"":1.0,""r_star"":0.01,""rad_loc"":0.09383769580498892,""rad_width"":0.16762964367394823,""spikes_per_m"":0.6111111111111112,""std_amp"":0.013609315642801233,""std_per_m_max"":0.17451154678530517,""std_per_m_mean"":0.008200606317124725},""source_feature_schema_version"":""rf_all_crossings_extremum_energy_31_v2""}",,,,,NOT_PRESENT,,BAD,rule_engine,,,,
/global/u2/e/ebelova/src_nova/data/nstxu_204202/N1/egn01w.1468E+02,nstxu_204202/N1/egn01w.1468E+02,nstxu_204202,1,1,201,54,3.831194057074181,-0.0,0.015049118715866092,0.031936428499157885,c1b0f1d2a5172ceb7ac2e7c20c4568cdbfeb01b94697e653b3de1d0ddd18e550,RULE_EVALUATED,tae_like,0.9973032510790714,1.0,,BAD,BAD_AXIS_SPIKE,"[""BAD_AXIS_SPIKE""]",tae-rules-axis-artifact-v1,"{""boundary_features"":{""axis_artifact"":{""axis_component_touches_boundary"":false,""axis_halfmax_outer_edge_r"":0.015363357764129596,""axis_halfmax_width_grid"":1.6097331897837068,""axis_halfmax_width_r"":0.008048665948918534,""axis_peak"":1.0,""axis_peak_harmonic_index"":18,""axis_peak_is_local_max"":true,""axis_peak_r"":0.01,""r_ax"":0.03}},""crossing_features"":{""W_star_high_shear"":0.0,""W_star_high_shear_sum"":0.0,""W_star_sum"":0.0,""n_cross"":0.0,""r_star_high_shear"":null,""r_star_max"":null},""crossing_records"":[],""extremum_features"":{""ext_df_gap"":0.36821880433668686,""ext_dr"":0.16,""ext_energy_frac"":0.0010477096515516052,""match_found"":true},""feature_schema_version"":""tae-rule-features-grouped-v3"",""numerical_structure_features"":{},""resolution_features"":{},""rf_standard_features"":{""S"":0.15809904090687932,""W_star"":0.9752286696372039,""W_star_max"":0.0,""delta2_eff"":0.0,""frac_spikes"":0.0029482218536944905,""gamma_d"":-0.0,""max_abs_d1_abs"":0.9309918370492346,""max_abs_d2_abs"":1.4129548955045494,""max_per_m_mean"":0.020858772806380425,""max_to_mean"":824.3276741187406,""max_to_median"":27090828.849873558,""mean_abs_d1_mode"":0.0012711512912970948,""mean_abs_d2_mode"":0.0022874174773992537,""mean_amp"":0.0012131098234021281,""ntor"":1.0,""r_star"":0.01,""rad_loc"":0.015049118715866092,""rad_width"":0.031936428499157885,""spikes_per_m"":0.5925925925925926,""std_amp"":0.01680574025579391,""std_per_m_max"":0.19944224194051602,""std_per_m_mean"":0.004097098932885044},""source_feature_schema_version"":""rf_all_crossings_extremum_energy_31_v2""}",,,,,NOT_PRESENT,,BAD,rule_engine,,,,
/global/u2/e/ebelova/src_nova/data/nstxu_204202/N1/egn01w.2735E+02,nstxu_204202/N1/egn01w.2735E+02,nstxu_204202,1,1,201,54,5.22962937859845,-0.0,0.02261530534881162,0.050004292051712876,25ddd9afcfaec78a03f9784bf89a9858159e0d3717d302785589b32f48d4d0d6,RULE_EVALUATED,tae_like,0.3631156250370606,1.0,,BAD,BAD_AXIS_SPIKE,"[""BAD_AXIS_SPIKE""]",tae-rules-axis-artifact-v1,"{""boundary_features"":{""axis_artifact"":{""axis_component_touches_boundary"":false,""axis_halfmax_outer_edge_r"":0.008470239358674452,""axis_halfmax_width_grid"":1.1940478717348904,""axis_halfmax_width_r"":0.005970239358674452,""axis_peak"":1.0,""axis_peak_harmonic_index"":5,""axis_peak_is_local_max"":true,""axis_peak_r"":0.005,""r_ax"":0.03}},""crossing_features"":{""W_star_high_shear"":0.0,""W_star_high_shear_sum"":0.0,""W_star_sum"":0.0,""n_cross"":0.0,""r_star_high_shear"":null,""r_star_max"":null},""crossing_records"":[],""extremum_features"":{""ext_df_gap"":0.002348612581165065,""ext_dr"":0.165,""ext_energy_frac"":0.02506053369790296,""match_found"":true},""feature_schema_version"":""tae-rule-features-grouped-v3"",""numerical_structure_features"":{},""resolution_features"":{},""rf_standard_features"":{""S"":0.25228445061301896,""W_star"":0.8860056535168598,""W_star_max"":0.0,""delta2_eff"":0.0,""frac_spikes"":0.003961673115901972,""gamma_d"":-0.0,""max_abs_d1_abs"":1.0,""max_abs_d2_abs"":1.720411401522153,""max_per_m_mean"":0.02567335073164564,""max_to_mean"":1084.1026491832959,""max_to_median"":90653166.26746522,""mean_abs_d1_mode"":0.00037376784719695766,""mean_abs_d2_mode"":0.000526112263058012,""mean_amp"":0.0009224218755200377,""ntor"":1.0,""r_star"":0.01,""rad_loc"":0.02261530534881162,""rad_width"":0.050004292051712876,""spikes_per_m"":0.7962962962962963,""std_amp"":0.01238108809749805,""std_per_m_max"":0.18581589467073792,""std_per_m_mean"":0.004857227876881082},""source_feature_schema_version"":""rf_all_crossings_extremum_energy_31_v2""}",,,,,NOT_PRESENT,,BAD,rule_engine,,,,
/global/u2/e/ebelova/src_nova/data/nstxu_204202/N1/egn01w.3981E+02,nstxu_204202/N1/egn01w.3981E+02,nstxu_204202,1,1,201,54,6.30974975914468,-4.4169966481126457e-05,0.4419168005501364,0.33265931718592495,c435462f61575d34b31ee163d97ad554b1efda518b5ec60742234d5d1c18c2e1,RULE_EVALUATED,tae_like,0.17487409514634958,0.5150689187654883,,BAD,BAD_AXIS_SPIKE,"[""BAD_AXIS_SPIKE""]",tae-rules-axis-artifact-v1,"{""boundary_features"":{""axis_artifact"":{""axis_component_touches_boundary"":false,""axis_halfmax_outer_edge_r"":0.008746294012012419,""axis_halfmax_width_grid"":1.2492588024024835,""axis_halfmax_width_r"":0.006246294012012418,""axis_peak"":1.0,""axis_peak_harmonic_index"":4,""axis_peak_is_local_max"":true,""axis_peak_r"":0.005,""r_ax"":0.03}},""crossing_features"":{""W_star_high_shear"":0.044416642276627116,""W_star_high_shear_sum"":0.047198696467843776,""W_star_sum"":0.14430323546562257,""n_cross"":2.0,""r_star_high_shear"":0.9781068954736606,""r_star_max"":0.9781068954736606},""crossing_records"":[{""W_peak"":0.07094190541973158,""boundary"":""high"",""r_cross"":0.3980301735919023,""shear_weighted"":0.002782054191216656},{""W_peak"":0.07336133004589099,""boundary"":""high"",""r_cross"":0.9781068954736606,""shear_weighted"":0.044416642276627116}],""extremum_features"":{""ext_df_gap"":-0.16923618969915766,""ext_dr"":0.165,""ext_energy_frac"":0.046700246770715326,""match_found"":true},""feature_schema_version"":""tae-rule-features-grouped-v3"",""numerical_structure_features"":{},""resolution_features"":{},""rf_standard_features"":{""S"":0.12600519024868573,""W_star"":0.5497019007868316,""W_star_max"":0.07336133004589099,""delta2_eff"":3.6339060698856263,""frac_spikes"":0.011608623548922056,""gamma_d"":-4.4169966481126457e-05,""max_abs_d1_abs"":1.0,""max_abs_d2_abs"":1.6673261607294565,""max_per_m_mean"":0.12053180605810469,""max_to_mean"":84.9260555838563,""max_to_median"":68180.21289309858,""mean_abs_d1_mode"":0.000981340415256735,""mean_abs_d2_mode"":0.0009461213052803423,""mean_amp"":0.01177494931373176,""ntor"":1.0,""r_star"":0.4,""rad_loc"":0.4419168005501364,""rad_width"":0.33265931718592495,""spikes_per_m"":2.3333333333333335,""std_amp"":0.029416531560910866,""std_per_m_max"":0.18567178257205666,""std_per_m_mean"":0.026859199361749422},""source_feature_schema_version"":""rf_all_crossings_extremum_energy_31_v2""}",,,,,NOT_PRESENT,,BAD,rule_engine,,,,
/global/u2/e/ebelova/src_nova/data/nstxu_204202/N1/egn01w.4413E+02,nstxu_204202/N1/egn01w.4413E+02,nstxu_204202,1,1,201,54,6.643294161715176,-6.215488942154998e-06,0.29081965533606535,0.24532355721721472,843cd9160c0d7fca4263f72680b8dd51950fe55a0f6de4b6ee1c983f6ab5e3e3,RULE_EVALUATED,tae_like,-0.07886722326192833,0.6482837153739721,,BAD,BAD_AXIS_SPIKE,"[""BAD_AXIS_SPIKE""]",tae-rules-axis-artifact-v1,"{""boundary_features"":{""axis_artifact"":{""axis_component_touches_boundary"":false,""axis_halfmax_outer_edge_r"":0.009146280460049203,""axis_halfmax_width_grid"":1.3292560920098406,""axis_halfmax_width_r"":0.006646280460049203,""axis_peak"":1.0,""axis_peak_harmonic_index"":4,""axis_peak_is_local_max"":true,""axis_peak_r"":0.005,""r_ax"":0.03}},""crossing_features"":{""W_star_high_shear"":0.0035346755548150907,""W_star_high_shear_sum"":0.003572587193448642,""W_star_sum"":0.06260183323129488,""n_cross"":2.0,""r_star_high_shear"":0.4377402711387108,""r_star_max"":0.4377402711387108},""crossing_records"":[{""W_peak"":0.06253800876953695,""boundary"":""high"",""r_cross"":0.4377402711387108,""shear_weighted"":0.0035346755548150907},{""W_peak"":6.382446175792837e-05,""boundary"":""high"",""r_cross"":0.9707130231285073,""shear_weighted"":3.791163863355139e-05}],""extremum_features"":{""ext_df_gap"":-0.21094691513728017,""ext_dr"":0.165,""ext_energy_frac"":0.014760948592250077,""match_found"":true},""feature_schema_version"":""tae-rule-features-grouped-v3"",""numerical_structure_features"":{},""resolution_features"":{},""rf_standard_features"":{""S"":0.608096288654575,""W_star"":0.5624164934804864,""W_star_max"":0.06253800876953695,""delta2_eff"":3.2331401626668064,""frac_spikes"":0.012069283213561821,""gamma_d"":-6.215488942154998e-06,""max_abs_d1_abs"":1.0,""max_abs_d2_abs"":1.6029500474192073,""max_per_m_mean"":0.08169350974624122,""max_to_mean"":288.8595275133631,""max_to_median"":6993091.171993971,""mean_abs_d1_mode"":0.0006155353829953826,""mean_abs_d2_mode"":0.000686391089171524,""mean_amp"":0.0034618903115974905,""ntor"":1.0,""r_star"":0.44,""rad_loc"":0.29081965533606535,""rad_width"":0.24532355721721472,""spikes_per_m"":2.425925925925926,""std_amp"":0.020487526724922486,""std_per_m_max"":0.19740122567244772,""std_per_m_mean"":0.01617477531222173},""source_feature_schema_version"":""rf_all_crossings_extremum_energy_31_v2""}",,,,,NOT_PRESENT,,BAD,rule_engine,,,,
/global/u2/e/ebelova/src_nova/data/nstxu_204202/N1/egn01w.4648E+02,nstxu_204202/N1/egn01w.4648E+02,nstxu_204202,1,1,201,54,6.817834252754047,-1.9047969211080078e-05,0.525637197098281,0.34515210738016816,c5f1a82feb86c09d79f1a1485b67cf0932f4acfd4327c1559201f8f68ca62f62,RULE_EVALUATED,tae_like,0.06790123621088043,0.5909640569165084,,BAD,BAD_AXIS_SPIKE,"[""BAD_AXIS_SPIKE""]",tae-rules-axis-artifact-v1,"{""boundary_features"":{""axis_artifact"":{""axis_component_touches_boundary"":false,""axis_halfmax_outer_edge_r"":0.008586626625069276,""axis_halfmax_width_grid"":1.2173253250138552,""axis_halfmax_width_r"":0.006086626625069275,""axis_peak"":1.0,""axis_peak_harmonic_index"":4,""axis_peak_is_local_max"":true,""axis_peak_r"":0.005,""r_ax"":0.03}},""crossing_features"":{""W_star_high_shear"":0.04412041612153625,""W_star_high_shear_sum"":0.04800938055748635,""W_star_sum"":0.13276208652810456,""n_cross"":2.0,""r_star_high_shear"":0.9669338412640199,""r_star_max"":0.9669338412640199},""crossing_records"":[{""W_peak"":0.05775128664600042,""boundary"":""high"",""r_cross"":0.4594992778599832,""shear_weighted"":0.003888964435950104},{""W_peak"":0.07501079988210414,""boundary"":""high"",""r_cross"":0.9669338412640199,""shear_weighted"":0.04412041612153625}],""extremum_features"":{""ext_df_gap"":-0.23114708313209595,""ext_dr"":0.165,""ext_energy_frac"":0.02437403749385395,""match_found"":true},""feature_schema_version"":""tae-rule-features-grouped-v3"",""numerical_structure_features"":{},""resolution_features"":{},""rf_standard_features"":{""S"":0.19016890146289822,""W_star"":0.5043407688601987,""W_star_max"":0.07501079988210414,""delta2_eff"":4.274852722608336,""frac_spikes"":0.01501750506725631,""gamma_d"":-1.9047969211080078e-05,""max_abs_d1_abs"":1.0,""max_abs_d2_abs"":1.6970338040000783,""max_per_m_mean"":0.11227465438693285,""max_to_mean"":78.7088537109784,""max_to_median"":67911.77415354903,""mean_abs_d1_mode"":0.0010309368966429078,""mean_abs_d2_mode"":0.0008814061216352902,""mean_amp"":0.012705050992018322,""ntor"":1.0,""r_star"":0.46,""rad_loc"":0.525637197098281,""rad_width"":0.34515210738016816,""spikes_per_m"":3.0185185185185186,""std_amp"":0.03027936002611137,""std_per_m_max"":0.19515613718122998,""std_per_m_mean"":0.02616796555242112},""source_feature_schema_version"":""rf_all_crossings_extremum_energy_31_v2""}",,,,,NOT_PRESENT,,BAD,rule_engine,,,,
/global/u2/e/ebelova/src_nova/data/nstxu_204202/N2/egn02w.7267E+01,nstxu_204202/N2/egn02w.7267E+01,nstxu_204202,2,2,201,54,2.6956620435054637,-0.0010335151021772368,0.6350728449669054,0.26978556564987305,f465725946a46083e9589481fe2679294b2fb89f3534477ce63ad122223400ae,RULE_EVALUATED,tae_like,0.9766492268185841,1.0,,BAD,BAD_AXIS_SPIKE,"[""BAD_AXIS_SPIKE""]",tae-rules-axis-artifact-v1,"{""boundary_features"":{""axis_artifact"":{""axis_component_touches_boundary"":false,""axis_halfmax_outer_edge_r"":0.007622957304241637,""axis_halfmax_width_grid"":1.0245914608483273,""axis_halfmax_width_r"":0.005122957304241636,""axis_peak"":1.0,""axis_peak_harmonic_index"":5,""axis_peak_is_local_max"":true,""axis_peak_r"":0.005,""r_ax"":0.03}},""crossing_features"":{""W_star_high_shear"":0.015590866307016485,""W_star_high_shear_sum"":0.015590866307016485,""W_star_sum"":0.19617743880544597,""n_cross"":1.0,""r_star_high_shear"":0.48191007269955305,""r_star_max"":0.48191007269955305},""crossing_records"":[{""W_peak"":0.19617743880544597,""boundary"":""low"",""r_cross"":0.48191007269955305,""shear_weighted"":0.015590866307016485}],""extremum_features"":{""ext_df_gap"":0.7441752164042462,""ext_dr"":0.155,""ext_energy_frac"":0.0037648968675572693,""match_found"":true},""feature_schema_version"":""tae-rule-features-grouped-v3"",""numerical_structure_features"":{},""resolution_features"":{},""rf_standard_features"":{""S"":0.5562671398110061,""W_star"":0.5302492184926512,""W_star_max"":0.19617743880544597,""delta2_eff"":0.545578105828369,""frac_spikes"":0.014833241201400406,""gamma_d"":-0.0010335151021772368,""max_abs_d1_abs"":1.0,""max_abs_d2_abs"":1.953122643650051,""max_per_m_mean"":0.17337918932294719,""max_to_mean"":57.5692295854216,""max_to_median"":98073.5728022182,""mean_abs_d1_mode"":0.0019187615267275116,""mean_abs_d2_mode"":0.001668271031690746,""mean_amp"":0.017370390521878085,""ntor"":2.0,""r_star"":0.485,""rad_loc"":0.6350728449669054,""rad_width"":0.26978556564987305,""spikes_per_m"":2.9814814814814814,""std_amp"":0.04716479529335095,""std_per_m_max"":0.18781833649344118,""std_per_m_mean"":0.035311613483737375},""source_feature_schema_version"":""rf_all_crossings_extremum_energy_31_v2""}",,,,,NOT_PRESENT,,BAD,rule_engine,,,,
/global/u2/e/ebelova/src_nova/data/nstxu_204202/N2/egn02w.1421E+02,nstxu_204202/N2/egn02w.1421E+02,nstxu_204202,2,2,201,54,3.769365430461109,-0.0,0.025064551583576695,0.013842901868331163,22f51e729c0675b44d5d8e01ac99665090378e3dbed1e3a390a4475e5068fa30,RULE_EVALUATED,tae_like,0.9982579825424351,1.0,,BAD,BAD_AXIS_SPIKE,"[""BAD_AXIS_SPIKE""]",tae-rules-axis-artifact-v1,"{""boundary_features"":{""axis_artifact"":{""axis_component_touches_boundary"":false,""axis_halfmax_outer_edge_r"":0.028311402971308307,""axis_halfmax_width_grid"":2.305331883011919,""axis_halfmax_width_r"":0.011526659415059596,""axis_peak"":1.0,""axis_peak_harmonic_index"":5,""axis_peak_is_local_max"":true,""axis_peak_r"":0.025,""r_ax"":0.03}},""crossing_features"":{""W_star_high_shear"":0.0,""W_star_high_shear_sum"":0.0,""W_star_sum"":0.0,""n_cross"":0.0,""r_star_high_shear"":null,""r_star_max"":null},""crossing_records"":[],""extremum_features"":{""ext_df_gap"":0.24734707070009176,""ext_dr"":0.135,""ext_energy_frac"":4.937978810695762e-05,""match_found"":true},""feature_schema_version"":""tae-rule-features-grouped-v3"",""numerical_structure_features"":{},""resolution_features"":{},""rf_standard_features"":{""S"":1.0882509842067212,""W_star"":0.36956810082813446,""W_star_max"":0.0,""delta2_eff"":0.0,""frac_spikes"":0.0011977151280633867,""gamma_d"":-0.0,""max_abs_d1_abs"":0.7549670099535701,""max_abs_d2_abs"":0.9661491789267913,""max_per_m_mean"":0.01731555798710443,""max_to_mean"":1876.3904836088818,""max_to_median"":31655980.566160124,""mean_abs_d1_mode"":0.0005358266667245272,""mean_abs_d2_mode"":0.0009461752937216536,""mean_amp"":0.0005329381100890572,""ntor"":2.0,""r_star"":0.01,""rad_loc"":0.025064551583576695,""rad_width"":0.013842901868331163,""spikes_per_m"":0.24074074074074073,""std_amp"":0.014355596113655356,""std_per_m_max"":0.1776738002185846,""std_per_m_mean"":0.003094190141327225},""source_feature_schema_version"":""rf_all_crossings_extremum_energy_31_v2""}",,,,,NOT_PRESENT,,BAD,rule_engine,,,,
/global/u2/e/ebelova/src_nova/data/nstxu_204202/N2/egn02w.1429E+02,nstxu_204202/N2/egn02w.1429E+02,nstxu_204202,2,2,201,54,3.779653180665975,-0.0,0.02413227863317783,0.014264402617232623,3f765d94bf82bd5877a061d4cb8ba7c7f1bc9ecbce6330195d0b1cab1f85b14d,RULE_EVALUATED,tae_like,0.9987304226568583,1.0,,BAD,BAD_AXIS_SPIKE,"[""BAD_AXIS_SPIKE""]",tae-rules-axis-artifact-v1,"{""boundary_features"":{""axis_artifact"":{""axis_component_touches_boundary"":false,""axis_halfmax_outer_edge_r"":0.023180357714422454,""axis_halfmax_width_grid"":1.2443835943282127,""axis_halfmax_width_r"":0.006221917971641063,""axis_peak"":1.0,""axis_peak_harmonic_index"":5,""axis_peak_is_local_max"":true,""axis_peak_r"":0.02,""r_ax"":0.03}},""crossing_features"":{""W_star_high_shear"":0.0,""W_star_high_shear_sum"":0.0,""W_star_sum"":0.0,""n_cross"":0.0,""r_star_high_shear"":null,""r_star_max"":null},""crossing_records"":[],""extremum_features"":{""ext_df_gap"":0.2439519456796863,""ext_dr"":0.14,""ext_energy_frac"":0.00033538229631260516,""match_found"":true},""feature_schema_version"":""tae-rule-features-grouped-v3"",""numerical_structure_features"":{},""resolution_features"":{},""rf_standard_features"":{""S"":0.9907375030983828,""W_star"":0.7101168991232565,""W_star_max"":0.0,""delta2_eff"":0.0,""frac_spikes"":0.0018426386585590566,""gamma_d"":-0.0,""max_abs_d1_abs"":0.8219465631386689,""max_abs_d2_abs"":1.60802166049733,""max_per_m_mean"":0.015070346699784801,""max_to_mean"":1994.4507882759362,""max_to_median"":81880537.98933837,""mean_abs_d1_mode"":0.0003651141770005854,""mean_abs_d2_mode"":0.0006413697039756135,""mean_amp"":0.0005013911618596414,""ntor"":2.0,""r_star"":0.01,""rad_loc"":0.02413227863317783,""rad_width"":0.014264402617232623,""spikes_per_m"":0.37037037037037035,""std_amp"":0.011697437973429786,""std_per_m_max"":0.17447137566457893,""std_per_m_mean"":0.002773823070805827},""source_feature_schema_version"":""rf_all_crossings_extremum_energy_31_v2""}",,,,,NOT_PRESENT,,BAD,rule_engine,,,,
/global/u2/e/ebelova/src_nova/data/nstxu_204202/N2/egn02w.1705E+02,nstxu_204202/N2/egn02w.1705E+02,nstxu_204202,2,2,201,54,4.129191326581173,-0.0,0.16270022556605782,0.30064616039492215,be4bf8c5772813377ac358d04a3770462c11c9cc5f84553efaa0b536aa516602,RULE_EVALUATED,tae_like,0.7286996297453535,1.0,,BAD,BAD_AXIS_SPIKE,"[""BAD_AXIS_SPIKE""]",tae-rules-axis-artifact-v1,"{""boundary_features"":{""axis_artifact"":{""axis_component_touches_boundary"":false,""axis_halfmax_outer_edge_r"":0.02127340266209346,""axis_halfmax_width_grid"":1.8838065981100838,""axis_halfmax_width_r"":0.009419032990550419,""axis_peak"":1.0,""axis_peak_harmonic_index"":6,""axis_peak_is_local_max"":true,""axis_peak_r"":0.015,""r_ax"":0.03}},""crossing_features"":{""W_star_high_shear"":0.0,""W_star_high_shear_sum"":0.0,""W_star_sum"":0.0,""n_cross"":0.0,""r_star_high_shear"":null,""r_star_max"":null},""crossing_records"":[],""extremum_features"":{""ext_df_gap"":0.13865078079990653,""ext_dr"":0.155,""ext_energy_frac"":0.005436251769344542,""match_found"":true},""feature_schema_version"":""tae-rule-features-grouped-v3"",""numerical_structure_features"":{},""resolution_features"":{},""rf_standard_features"":{""S"":0.5079067877167175,""W_star"":0.8025601510670078,""W_star_max"":0.0,""delta2_eff"":0.0,""frac_spikes"":0.006080707573244887,""gamma_d"":-0.0,""max_abs_d1_abs"":0.9844439278153881,""max_abs_d2_abs"":1.587128374191634,""max_per_m_mean"":0.05925565269780859,""max_to_mean"":299.8239651872053,""max_to_median"":9071065.612601122,""mean_abs_d1_mode"":0.0013338907555828473,""mean_abs_d2_mode"":0.001835644450610542,""mean_amp"":0.0033352904230847325,""ntor"":2.0,""r_star"":0.01,""rad_loc"":0.16270022556605782,""rad_width"":0.30064616039492215,""spikes_per_m"":1.2222222222222223,""std_amp"":0.023717131435404697,""std_per_m_max"":0.24525609860129968,""std_per_m_mean"":0.011959811701598573},""source_feature_schema_version"":""rf_all_crossings_extremum_energy_31_v2""}",,,,,NOT_PRESENT,,BAD,rule_engine,,,,
/global/u2/e/ebelova/src_nova/data/nstxu_204202/N2/egn02w.2199E+02,nstxu_204202/N2/egn02w.2199E+02,nstxu_204202,2,2,201,54,4.689216242832004,-0.0,0.04761850906754711,0.029471774179792732,20c3410249976397f9e4c05c80d2c9a3eb0fe189d6dc9d01e0c2d473076a2ee2,RULE_EVALUATED,tae_like,0.8540665547211103,1.0,,BAD,BAD_AXIS_SPIKE,"[""BAD_AXIS_SPIKE""]",tae-rules-axis-artifact-v1,"{""boundary_features"":{""axis_artifact"":{""axis_component_touches_boundary"":false,""axis_halfmax_outer_edge_r"":0.05142550941428357,""axis_halfmax_width_grid"":6.052451056516552,""axis_halfmax_width_r"":0.03026225528258276,""axis_peak"":1.0,""axis_peak_harmonic_index"":6,""axis_peak_is_local_max"":true,""axis_peak_r"":0.025,""r_ax"":0.03}},""crossing_features"":{""W_star_high_shear"":0.0,""W_star_high_shear_sum"":0.0,""W_star_sum"":0.0,""n_cross"":0.0,""r_star_high_shear"":null,""r_star_max"":null},""crossing_records"":[],""extremum_features"":{""ext_df_gap"":0.002663704253550667,""ext_dr"":0.135,""ext_energy_frac"":0.017010850508238917,""match_found"":true},""feature_schema_version"":""tae-rule-features-grouped-v3"",""numerical_structure_features"":{},""resolution_features"":{},""rf_standard_features"":{""S"":1.2764249901203348,""W_star"":0.49173843891564045,""W_star_max"":0.0,""delta2_eff"":0.0,""frac_spikes"":0.002763957987838585,""gamma_d"":-0.0,""max_abs_d1_abs"":0.6515938469253462,""max_abs_d2_abs"":0.8811717937580484,""max_per_m_mean"":0.052030607710428556,""max_to_mean"":685.4865545274818,""max_to_median"":22641567.082241196,""mean_abs_d1_mode"":0.00036860075014671353,""mean_abs_d2_mode"":0.00048698613938154896,""mean_amp"":0.001458817817373284,""ntor"":2.0,""r_star"":0.01,""rad_loc"":0.04761850906754711,""rad_width"":0.029471774179792732,""spikes_per_m"":0.5555555555555556,""std_amp"":0.02136640093034111,""std_per_m_max"":0.17699772546900353,""std_per_m_mean"":0.009179207810187584},""source_feature_schema_version"":""rf_all_crossings_extremum_energy_31_v2""}",,,,,NOT_PRESENT,,BAD,rule_engine,,,,
/global/u2/e/ebelova/src_nova/data/nstxu_204202/N3/egn03w.2907E+02,nstxu_204202/N3/egn03w.2907E+02,nstxu_204202,3,3,201,54,5.391425140845612,-2.6983540693260234e-05,0.5597104810821534,0.3395148310962707,f317cd0e21241c20e020b3df95860d7eaa8b23d414b5e5aaff7e2f98e82ed67d,RULE_EVALUATED,tae_like,0.6001236308109842,0.6538835312943353,,BAD,BAD_AXIS_SPIKE,"[""BAD_AXIS_SPIKE""]",tae-rules-axis-artifact-v1,"{""boundary_features"":{""axis_artifact"":{""axis_component_touches_boundary"":false,""axis_halfmax_outer_edge_r"":0.0172896693576168,""axis_halfmax_width_grid"":1.9602330626673732,""axis_halfmax_width_r"":0.009801165313336866,""axis_peak"":1.0,""axis_peak_harmonic_index"":6,""axis_peak_is_local_max"":true,""axis_peak_r"":0.01,""r_ax"":0.03}},""crossing_features"":{""W_star_high_shear"":0.18687698100276592,""W_star_high_shear_sum"":0.1952638567258046,""W_star_sum"":1.2177162962518087,""n_cross"":2.0,""r_star_high_shear"":0.9899660817626236,""r_star_max"":0.29556924667228524},""crossing_records"":[{""W_peak"":0.9182562274047987,""boundary"":""high"",""r_cross"":0.29556924667228524,""shear_weighted"":0.008386875723038659},{""W_peak"":0.29946006884701,""boundary"":""high"",""r_cross"":0.9899660817626236,""shear_weighted"":0.18687698100276592}],""extremum_features"":{""ext_df_gap"":null,""ext_dr"":null,""ext_energy_frac"":null,""match_found"":false},""feature_schema_version"":""tae-rule-features-grouped-v3"",""numerical_structure_features"":{},""resolution_features"":{},""rf_standard_features"":{""S"":0.7649459089689858,""W_star"":0.5362937721412943,""W_star_max"":0.9182562274047987,""delta2_eff"":1.5567239738593293,""frac_spikes"":0.0048829924451815,""gamma_d"":-2.6983540693260234e-05,""max_abs_d1_abs"":0.9954226660433667,""max_abs_d2_abs"":1.30000156311301,""max_per_m_mean"":0.13241650275813036,""max_to_mean"":52.22437825201091,""max_to_median"":68075.5548204411,""mean_abs_d1_mode"":0.0021452354422260332,""mean_abs_d2_mode"":0.0022683933678431093,""mean_amp"":0.019148145625061043,""ntor"":3.0,""r_star"":0.3,""rad_loc"":0.5597104810821534,""rad_width"":0.3395148310962707,""spikes_per_m"":0.9814814814814815,""std_amp"":0.040681477725573414,""std_per_m_max"":0.19195711600940105,""std_per_m_mean"":0.03227488029065497},""source_feature_schema_version"":""rf_all_crossings_extremum_energy_31_v2""}",,,,,NOT_PRESENT,,BAD,rule_engine,,,,
/global/u2/e/ebelova/src_nova/data/nstxu_204202/N3/egn03w.5470E+02,nstxu_204202/N3/egn03w.5470E+02,nstxu_204202,3,3,201,51,7.3957655358889065,-1.8313295423469747e-05,0.5608098207888029,0.09772414826727106,ddc03e33aa6b46d1c10c8e85662db445d206ba7fe2fe5b5dd308536f039f4e79,RULE_EVALUATED,tae_like,0.09728848969813846,0.5648864053143263,,BAD,BAD_AXIS_SPIKE,"[""BAD_AXIS_SPIKE""]",tae-rules-axis-artifact-v1,"{""boundary_features"":{""axis_artifact"":{""axis_component_touches_boundary"":false,""axis_halfmax_outer_edge_r"":0.014128772470508331,""axis_halfmax_width_grid"":2.3221889720240223,""axis_halfmax_width_r"":0.011610944860120112,""axis_peak"":0.11008840757953803,""axis_peak_harmonic_index"":3,""axis_peak_is_local_max"":true,""axis_peak_r"":0.01,""r_ax"":0.03}},""crossing_features"":{""W_star_high_shear"":0.136292632333191,""W_star_high_shear_sum"":0.17795402309945624,""W_star_sum"":1.1032017159371263,""n_cross"":8.0,""r_star_high_shear"":0.6041658844945493,""r_star_max"":0.6041658844945493},""crossing_records"":[{""W_peak"":0.032881731789445014,""boundary"":""high"",""r_cross"":0.44764371679446135,""shear_weighted"":0.0020165514623425923},{""W_peak"":0.8343592313743904,""boundary"":""high"",""r_cross"":0.6041658844945493,""shear_weighted"":0.136292632333191},{""W_peak"":0.235438941264283,""boundary"":""high"",""r_cross"":0.608977515087352,""shear_weighted"":0.03938013130460657},{""W_peak"":0.00011002182260382458,""boundary"":""high"",""r_cross"":0.8997985130208537,""shear_weighted"":5.3879662391883027e-05},{""W_peak"":0.00010764975922627152,""boundary"":""high"",""r_cross"":0.900301313001755,""shear_weighted"":5.27938025752705e-05},{""W_peak"":0.0001009360833778497,""boundary"":""high"",""r_cross"":0.9134845787432649,""shear_weighted"":5.138254724327571e-05},{""W_peak"":9.054442674594025e-05,""boundary"":""high"",""r_cross"":0.9228993826927482,""shear_weighted"":4.731702501869327e-05},{""W_peak"":0.00011265941705407931,""boundary"":""high"",""r_cross"":0.9257241656593814,""shear_weighted"":5.933496208694318e-05}],""extremum_features"":{""ext_df_gap"":null,""ext_dr"":null,""ext_energy_frac"":null,""match_found"":false},""feature_schema_version"":""tae-rule-features-grouped-v3"",""numerical_structure_features"":{},""resolution_features"":{},""rf_standard_features"":{""S"":1.133904185939889,""W_star"":0.18653893877679978,""W_star_max"":0.8343592313743904,""delta2_eff"":0.8736771761219049,""frac_spikes"":0.007023705004389816,""gamma_d"":-1.8313295423469747e-05,""max_abs_d1_abs"":0.9488194309613353,""max_abs_d2_abs"":1.7616933212619292,""max_per_m_mean"":0.04125026556988035,""max_to_mean"":355.7468809655058,""max_to_median"":7452731.217450503,""mean_abs_d1_mode"":0.0010794165103721433,""mean_abs_d2_mode"":0.0013322218475402673,""mean_amp"":0.0028109873990468407,""ntor"":3.0,""r_star"":0.45,""rad_loc"":0.5608098207888029,""rad_width"":0.09772414826727106,""spikes_per_m"":1.411764705882353,""std_amp"":0.02107457416462709,""std_per_m_max"":0.22070227439208448,""std_per_m_mean"":0.010030359242721549},""source_feature_schema_version"":""rf_all_crossings_extremum_energy_31_v2""}",,,,,NOT_PRESENT,,BAD,rule_engine,,,,
/global/u2/e/ebelova/src_nova/data/nstxu_204202/N4/egn04w.1233E+02,nstxu_204202/N4/egn04w.1233E+02,nstxu_204202,4,4,201,54,3.511057705733903,-4.57789939365662e-08,0.01396095209195731,0.026368004226471634,27157c6e704a923b6426968482486a3d8b0dc15a4219510fda1de979e52bdd86,RULE_EVALUATED,tae_like,0.996950992734408,1.0,,BAD,BAD_AXIS_SPIKE,"[""BAD_AXIS_SPIKE""]",tae-rules-axis-artifact-v1,"{""boundary_features"":{""axis_artifact"":{""axis_component_touches_boundary"":false,""axis_halfmax_outer_edge_r"":0.015207379262023438,""axis_halfmax_width_grid"":1.7472974211637484,""axis_halfmax_width_r"":0.008736487105818742,""axis_peak"":1.0,""axis_peak_harmonic_index"":8,""axis_peak_is_local_max"":true,""axis_peak_r"":0.01,""r_ax"":0.03}},""crossing_features"":{""W_star_high_shear"":0.0,""W_star_high_shear_sum"":0.0,""W_star_sum"":0.007527839722068889,""n_cross"":1.0,""r_star_high_shear"":0.08188041815323834,""r_star_max"":0.08188041815323834},""crossing_records"":[{""W_peak"":0.007527839722068889,""boundary"":""low"",""r_cross"":0.08188041815323834,""shear_weighted"":0.0}],""extremum_features"":{""ext_df_gap"":null,""ext_dr"":null,""ext_energy_frac"":null,""match_found"":false},""feature_schema_version"":""tae-rule-features-grouped-v3"",""numerical_structure_features"":{},""resolution_features"":{},""rf_standard_features"":{""S"":2.6941382174852024,""W_star"":0.027960466141860832,""W_star_max"":0.007527839722068889,""delta2_eff"":0.7093716189386035,""frac_spikes"":0.0014741109268472453,""gamma_d"":-4.57789939365662e-08,""max_abs_d1_abs"":0.7083943338244456,""max_abs_d2_abs"":1.1875018569144196,""max_per_m_mean"":0.015150018500662383,""max_to_mean"":1883.8836120474393,""max_to_median"":51626088.07461999,""mean_abs_d1_mode"":0.0005019818959238206,""mean_abs_d2_mode"":0.0009027312960907673,""mean_amp"":0.0005308183540220396,""ntor"":4.0,""r_star"":0.085,""rad_loc"":0.01396095209195731,""rad_width"":0.026368004226471634,""spikes_per_m"":0.2962962962962963,""std_amp"":0.011527136255723741,""std_per_m_max"":0.17336329645417223,""std_per_m_mean"":0.002646678040375104},""source_feature_schema_version"":""rf_all_crossings_extremum_energy_31_v2""}",,,,,NOT_PRESENT,,BAD,rule_engine,,,,
/global/u2/e/ebelova/src_nova/data/nstxu_204202/N4/egn04w.1333E+02,nstxu_204202/N4/egn04w.1333E+02,nstxu_204202,4,4,201,54,3.651467998546323,-0.0,0.017533974146073324,0.007212877885247637,91d5ae3f64e3813ec71715542af84122dd7a37c17d7e0eb69121ec58b26f3c33,RULE_EVALUATED,tae_like,0.9999648625398528,1.0,,BAD,BAD_AXIS_SPIKE,"[""BAD_AXIS_SPIKE""]",tae-rules-axis-artifact-v1,"{""boundary_features"":{""axis_artifact"":{""axis_component_touches_boundary"":false,""axis_halfmax_outer_edge_r"":0.02729914129748647,""axis_halfmax_width_grid"":4.205891413910173,""axis_halfmax_width_r"":0.021029457069550866,""axis_peak"":1.0,""axis_peak_harmonic_index"":8,""axis_peak_is_local_max"":true,""axis_peak_r"":0.02,""r_ax"":0.03}},""crossing_features"":{""W_star_high_shear"":0.0,""W_star_high_shear_sum"":0.0,""W_star_sum"":0.0,""n_cross"":0.0,""r_star_high_shear"":null,""r_star_max"":null},""crossing_records"":[],""extremum_features"":{""ext_df_gap"":null,""ext_dr"":null,""ext_energy_frac"":null,""match_found"":false},""feature_schema_version"":""tae-rule-features-grouped-v3"",""numerical_structure_features"":{},""resolution_features"":{},""rf_standard_features"":{""S"":1.0445170797134806,""W_star"":0.45147623347778837,""W_star_max"":0.0,""delta2_eff"":0.0,""frac_spikes"":0.0008291873963515755,""gamma_d"":-0.0,""max_abs_d1_abs"":0.419422971398082,""max_abs_d2_abs"":0.6363910505376358,""max_per_m_mean"":0.021834794374511277,""max_to_mean"":1925.817357477987,""max_to_median"":218530655.34394896,""mean_abs_d1_mode"":0.0008333926765400534,""mean_abs_d2_mode"":0.0015398459857749358,""mean_amp"":0.0005192600399986857,""ntor"":4.0,""r_star"":0.01,""rad_loc"":0.017533974146073324,""rad_width"":0.007212877885247637,""spikes_per_m"":0.16666666666666666,""std_amp"":0.016159470409079314,""std_per_m_max"":0.17303091225220826,""std_per_m_mean"":0.0037796739872221867},""source_feature_schema_version"":""rf_all_crossings_extremum_energy_31_v2""}",,,,,NOT_PRESENT,,BAD,rule_engine,,,,
/global/u2/e/ebelova/src_nova/data/nstxu_204202/N4/egn04w.2111E+02,nstxu_204202/N4/egn04w.2111E+02,nstxu_204202,4,4,201,54,4.594802175420614,-0.0,0.15310051559681026,0.2965892641034848,74ddc491de7316331ad63ff8ee59f04bb79582ac8cf828d91fbc3542859f0124,RULE_EVALUATED,tae_like,0.6213810155713898,1.0,,BAD,BAD_AXIS_SPIKE,"[""BAD_AXIS_SPIKE""]",tae-rules-axis-artifact-v1,"{""boundary_features"":{""axis_artifact"":{""axis_component_touches_boundary"":false,""axis_halfmax_outer_edge_r"":0.017955377253928907,""axis_halfmax_width_grid"":2.9136104278705037,""axis_halfmax_width_r"":0.014568052139352519,""axis_peak"":1.0,""axis_peak_harmonic_index"":8,""axis_peak_is_local_max"":true,""axis_peak_r"":0.015,""r_ax"":0.03}},""crossing_features"":{""W_star_high_shear"":0.0,""W_star_high_shear_sum"":0.0,""W_star_sum"":0.0,""n_cross"":0.0,""r_star_high_shear"":null,""r_star_max"":null},""crossing_records"":[],""extremum_features"":{""ext_df_gap"":null,""ext_dr"":null,""ext_energy_frac"":null,""match_found"":false},""feature_schema_version"":""tae-rule-features-grouped-v3"",""numerical_structure_features"":{},""resolution_features"":{},""rf_standard_features"":{""S"":0.4824871730569375,""W_star"":0.8119091962398156,""W_star_max"":0.0,""delta2_eff"":0.0,""frac_spikes"":0.005620047908605122,""gamma_d"":-0.0,""max_abs_d1_abs"":0.8459156937329998,""max_abs_d2_abs"":0.90116990102275,""max_per_m_mean"":0.020978911633779507,""max_to_mean"":395.7502213223295,""max_to_median"":1606756.1618691387,""mean_abs_d1_mode"":0.000860094035582073,""mean_abs_d2_mode"":0.001086617416923561,""mean_amp"":0.0025268463432892756,""ntor"":4.0,""r_star"":0.01,""rad_loc"":0.15310051559681026,""rad_width"":0.2965892641034848,""spikes_per_m"":1.1296296296296295,""std_amp"":0.0183588517473645,""std_per_m_max"":0.18222183451092783,""std_per_m_mean"":0.0052677552869657635},""source_feature_schema_version"":""rf_all_crossings_extremum_energy_31_v2""}",,,,,NOT_PRESENT,,BAD,rule_engine,,,,
/global/u2/e/ebelova/src_nova/data/nstxu_204202/N4/egn04w.2191E+02,nstxu_204202/N4/egn04w.2191E+02,nstxu_204202,4,4,201,54,4.680933448822217,-0.0,0.014665385845755786,0.03731262822322318,0b488ec61c0c5a61317a6c0f88cb51d38623f79fff154ff9fdfbf93f9bc8a7ea,RULE_EVALUATED,tae_like,0.8423423961237881,1.0,,BAD,BAD_AXIS_SPIKE,"[""BAD_AXIS_SPIKE""]",tae-rules-axis-artifact-v1,"{""boundary_features"":{""axis_artifact"":{""axis_component_touches_boundary"":false,""axis_halfmax_outer_edge_r"":0.016365749812741835,""axis_halfmax_width_grid"":2.4389784891384263,""axis_halfmax_width_r"":0.012194892445692131,""axis_peak"":1.0,""axis_peak_harmonic_index"":7,""axis_peak_is_local_max"":true,""axis_peak_r"":0.01,""r_ax"":0.03}},""crossing_features"":{""W_star_high_shear"":0.0,""W_star_high_shear_sum"":0.0,""W_star_sum"":0.0,""n_cross"":0.0,""r_star_high_shear"":null,""r_star_max"":null},""crossing_records"":[],""extremum_features"":{""ext_df_gap"":null,""ext_dr"":null,""ext_energy_frac"":null,""match_found"":false},""feature_schema_version"":""tae-rule-features-grouped-v3"",""numerical_structure_features"":{},""resolution_features"":{},""rf_standard_features"":{""S"":0.1250350368706281,""W_star"":0.9831175067135514,""W_star_max"":0.0,""delta2_eff"":0.0,""frac_spikes"":0.001105583195135434,""gamma_d"":-0.0,""max_abs_d1_abs"":0.5993971454766862,""max_abs_d2_abs"":0.9084766328501379,""max_per_m_mean"":0.018758986664412412,""max_to_mean"":885.1052071392438,""max_to_median"":16593404.767808286,""mean_abs_d1_mode"":0.0005814251511434586,""mean_abs_d2_mode"":0.0007299313451746527,""mean_amp"":0.0011298091922281232,""ntor"":4.0,""r_star"":0.01,""rad_loc"":0.014665385845755786,""rad_width"":0.03731262822322318,""spikes_per_m"":0.2222222222222222,""std_amp"":0.016130490261598275,""std_per_m_max"":0.20677568333461407,""std_per_m_mean"":0.0038230539193679163},""source_feature_schema_version"":""rf_all_crossings_extremum_energy_31_v2""}",,,,,NOT_PRESENT,,BAD,rule_engine,,,,
/global/u2/e/ebelova/src_nova/data/nstxu_204202/N4/egn04w.4189E+02,nstxu_204202/N4/egn04w.4189E+02,nstxu_204202,4,4,201,51,6.472600875136348,-2.163039230196858e-05,0.2809189481529426,0.18573831669716476,cb24962f5516e08b854b14c5d74403c41694ac44623be374b890c130919af2e5,RULE_EVALUATED,tae_like,-0.2832086004629157,0.5258917405396765,,BAD,BAD_AXIS_SPIKE,"[""BAD_AXIS_SPIKE""]",tae-rules-axis-artifact-v1,"{""boundary_features"":{""axis_artifact"":{""axis_component_touches_boundary"":false,""axis_halfmax_outer_edge_r"":0.013382662892084908,""axis_halfmax_width_grid"":1.7956353920507018,""axis_halfmax_width_r"":0.00897817696025351,""axis_peak"":1.0,""axis_peak_harmonic_index"":5,""axis_peak_is_local_max"":true,""axis_peak_r"":0.01,""r_ax"":0.03}},""crossing_features"":{""W_star_high_shear"":0.013565976131868692,""W_star_high_shear_sum"":0.01358222137893948,""W_star_sum"":0.5409025954744332,""n_cross"":2.0,""r_star_high_shear"":0.35837145117984354,""r_star_max"":0.35837145117984354},""crossing_records"":[{""W_peak"":0.5408754333283157,""boundary"":""high"",""r_cross"":0.35837145117984354,""shear_weighted"":0.013565976131868692},{""W_peak"":2.716214611754416e-05,""boundary"":""high"",""r_cross"":0.9733589569474684,""shear_weighted"":1.624524707078921e-05}],""extremum_features"":{""ext_df_gap"":null,""ext_dr"":null,""ext_energy_frac"":null,""match_found"":false},""feature_schema_version"":""tae-rule-features-grouped-v3"",""numerical_structure_features"":{},""resolution_features"":{},""rf_standard_features"":{""S"":0.42576595531211076,""W_star"":0.6608001118943385,""W_star_max"":0.5408754333283157,""delta2_eff"":4.3873731749371,""frac_spikes"":0.007609013754755633,""gamma_d"":-2.163039230196858e-05,""max_abs_d1_abs"":0.8104003827405408,""max_abs_d2_abs"":1.1714595790208062,""max_per_m_mean"":0.07584411726346853,""max_to_mean"":127.73255257657176,""max_to_median"":7381462.636349202,""mean_abs_d1_mode"":0.002119088715848299,""mean_abs_d2_mode"":0.0029207643222746538,""mean_amp"":0.00782885787295919,""ntor"":4.0,""r_star"":0.36,""rad_loc"":0.2809189481529426,""rad_width"":0.18573831669716476,""spikes_per_m"":1.5294117647058822,""std_amp"":0.03413327104139863,""std_per_m_max"":0.25353060676772504,""std_per_m_mean"":0.02144750571456459},""source_feature_schema_version"":""rf_all_crossings_extremum_energy_31_v2""}",,,,,NOT_PRESENT,,BAD,rule_engine,,,,
/global/u2/e/ebelova/src_nova/data/nstxu_204202/N5/egn05w.5249E+01,nstxu_204202/N5/egn05w.5249E+01,nstxu_204202,5,5,201,54,2.2911697963645175,-0.00014840750313461313,0.7252675893170901,0.10990998568618174,97bf613b0e921384f5eea3f710e0c9231ebcd490a9ed4d458d00f87875d170a2,RULE_EVALUATED,tae_like,0.9965247483782571,1.0,,BAD,BAD_AXIS_SPIKE,"[""BAD_AXIS_SPIKE""]",tae-rules-axis-artifact-v1,"{""boundary_features"":{""axis_artifact"":{""axis_component_touches_boundary"":false,""axis_halfmax_outer_edge_r"":0.012985011403961605,""axis_halfmax_width_grid"":1.7351131367781325,""axis_halfmax_width_r"":0.008675565683890663,""axis_peak"":0.13158182105684713,""axis_peak_harmonic_index"":8,""axis_peak_is_local_max"":true,""axis_peak_r"":0.01,""r_ax"":0.03}},""crossing_features"":{""W_star_high_shear"":0.0026147904589626297,""W_star_high_shear_sum"":0.0027298989671691656,""W_star_sum"":0.014931956711560267,""n_cross"":3.0,""r_star_high_shear"":0.6312083120969149,""r_star_max"":0.6312083120969149},""crossing_records"":[{""W_peak"":0.00023605549373309875,""boundary"":""low"",""r_cross"":0.5064701304254529,""shear_weighted"":2.2171262229051324e-05},{""W_peak"":0.0006333977057610905,""boundary"":""low"",""r_cross"":0.5830510493662845,""shear_weighted"":9.293724597748459e-05},{""W_peak"":0.014062503512066078,""boundary"":""low"",""r_cross"":0.6312083120969149,""shear_weighted"":0.0026147904589626297}],""extremum_features"":{""ext_df_gap"":1.411413705121532,""ext_dr"":0.525,""ext_energy_frac"":1.9675320673508808e-05,""match_found"":true},""feature_schema_version"":""tae-rule-features-grouped-v3"",""numerical_structure_features"":{},""resolution_features"":{},""rf_standard_features"":{""S"":1.9585808147566304,""W_star"":0.004188606353489035,""W_star_max"":0.014062503512066078,""delta2_eff"":0.05804599810501982,""frac_spikes"":0.006909894969596462,""gamma_d"":-0.00014840750313461313,""max_abs_d1_abs"":0.966899518285286,""max_abs_d2_abs"":1.407923096055117,""max_per_m_mean"":0.03166383303384026,""max_to_mean"":354.53767307526925,""max_to_median"":1326351.7569946605,""mean_abs_d1_mode"":0.001867034186781993,""mean_abs_d2_mode"":0.0028463002050020986,""mean_amp"":0.0028205747247434542,""ntor"":5.0,""r_star"":0.51,""rad_loc"":0.7252675893170901,""rad_width"":0.10990998568618174,""spikes_per_m"":1.3888888888888888,""std_amp"":0.02400293487793093,""std_per_m_max"":0.22328916096930276,""std_per_m_mean"":0.007226639054050704},""source_feature_schema_version"":""rf_all_crossings_extremum_energy_31_v2""}",,,,,NOT_PRESENT,,BAD,rule_engine,,,,
/global/u2/e/ebelova/src_nova/data/nstxu_204202/N5/egn05w.1086E+02,nstxu_204202/N5/egn05w.1086E+02,nstxu_204202,5,5,201,54,3.295811595773569,-0.0,0.022738511363701218,0.010429145713429755,7c4e939cd1a1acbe5c35a6fb4409ac6fd45214aece6c16535b2b4b424ca84308,RULE_EVALUATED,tae_like,0.9999433972804663,1.0,,BAD,BAD_AXIS_SPIKE,"[""BAD_AXIS_SPIKE""]",tae-rules-axis-artifact-v1,"{""boundary_features"":{""axis_artifact"":{""axis_component_touches_boundary"":false,""axis_halfmax_outer_edge_r"":0.019852838264049055,""axis_halfmax_width_grid"":2.0681421837074487,""axis_halfmax_width_r"":0.010340710918537244,""axis_peak"":0.9218893946647476,""axis_peak_harmonic_index"":9,""axis_peak_is_local_max"":true,""axis_peak_r"":0.015,""r_ax"":0.03}},""crossing_features"":{""W_star_high_shear"":0.0,""W_star_high_shear_sum"":0.0,""W_star_sum"":0.0,""n_cross"":0.0,""r_star_high_shear"":null,""r_star_max"":null},""crossing_records"":[],""extremum_features"":{""ext_df_gap"":0.6763574273477634,""ext_dr"":0.14500000000000002,""ext_energy_frac"":1.3271867212083491e-05,""match_found"":true},""feature_schema_version"":""tae-rule-features-grouped-v3"",""numerical_structure_features"":{},""resolution_features"":{},""rf_standard_features"":{""S"":1.2214338271327656,""W_star"":0.4884395872666848,""W_star_max"":0.0,""delta2_eff"":0.0,""frac_spikes"":0.0009213193292795283,""gamma_d"":-0.0,""max_abs_d1_abs"":0.7106692215202512,""max_abs_d2_abs"":1.253582435447761,""max_per_m_mean"":0.020909253310051702,""max_to_mean"":1845.0695152023827,""max_to_median"":43052906.416636914,""mean_abs_d1_mode"":0.0006332010888011454,""mean_abs_d2_mode"":0.0011432607763006493,""mean_amp"":0.0005419849983512638,""ntor"":5.0,""r_star"":0.01,""rad_loc"":0.022738511363701218,""rad_width"":0.010429145713429755,""spikes_per_m"":0.18518518518518517,""std_amp"":0.015802871893774453,""std_per_m_max"":0.17310502366065628,""std_per_m_mean"":0.0036111716567818826},""source_feature_schema_version"":""rf_all_crossings_extremum_energy_31_v2""}",,,,,NOT_PRESENT,,BAD,rule_engine,,,,
/global/u2/e/ebelova/src_nova/data/nstxu_204202/N5/egn05w.1124E+02,nstxu_204202/N5/egn05w.1124E+02,nstxu_204202,5,5,201,54,3.3521196130945894,-0.0,0.016923583757530985,0.007792161667981756,72bf3472ccd6cbd3d109b9f497b61b2946c8e1a9318e148ee602dc68730422d4,RULE_EVALUATED,tae_like,0.9999328631848936,1.0,,BAD,BAD_AXIS_SPIKE,"[""BAD_AXIS_SPIKE""]",tae-rules-axis-artifact-v1,"{""boundary_features"":{""axis_artifact"":{""axis_component_touches_boundary"":false,""axis_halfmax_outer_edge_r"":0.022611613893981964,""axis_halfmax_width_grid"":2.564610455077772,""axis_halfmax_width_r"":0.012823052275388859,""axis_peak"":1.0,""axis_peak_harmonic_index"":9,""axis_peak_is_local_max"":true,""axis_peak_r"":0.02,""r_ax"":0.03}},""crossing_features"":{""W_star_high_shear"":0.0,""W_star_high_shear_sum"":0.0,""W_star_sum"":0.0,""n_cross"":0.0,""r_star_high_shear"":null,""r_star_max"":null},""crossing_records"":[],""extremum_features"":{""ext_df_gap"":0.6481984193318835,""ext_dr"":0.15500000000000003,""ext_energy_frac"":1.5986614227001796e-05,""match_found"":true},""feature_schema_version"":""tae-rule-features-grouped-v3"",""numerical_structure_features"":{},""resolution_features"":{},""rf_standard_features"":{""S"":0.8885318415673651,""W_star"":0.5286417483145067,""W_star_max"":0.0,""delta2_eff"":0.0,""frac_spikes"":0.0003685277317118113,""gamma_d"":-0.0,""max_abs_d1_abs"":0.9572624826973237,""max_abs_d2_abs"":1.0598928480427445,""max_per_m_mean"":0.013988893918944412,""max_to_mean"":2565.188535816211,""max_to_median"":56123402.36196931,""mean_abs_d1_mode"":0.000289606249837336,""mean_abs_d2_mode"":0.0004462352078048667,""mean_amp"":0.00038983489262968505,""ntor"":5.0,""r_star"":0.01,""rad_loc"":0.016923583757530985,""rad_width"":0.007792161667981756,""spikes_per_m"":0.07407407407407407,""std_amp"":0.01417976559364463,""std_per_m_max"":0.17316169172235535,""std_per_m_mean"":0.0024156528344444375},""source_feature_schema_version"":""rf_all_crossings_extremum_energy_31_v2""}",,,,,NOT_PRESENT,,BAD,rule_engine,,,,
/global/u2/e/ebelova/src_nova/data/nstxu_204202/N5/egn05w.2841E+02,nstxu_204202/N5/egn05w.2841E+02,nstxu_204202,5,5,201,54,5.3304968000054584,-0.0,0.01387524687477342,0.022672547067354807,7594d7ab34b89d943422742184b21a089eb2c9790953bd09c21532314d43e76d,RULE_EVALUATED,tae_like,0.7419892349591705,1.0,,BAD,BAD_AXIS_SPIKE,"[""BAD_AXIS_SPIKE""]",tae-rules-axis-artifact-v1,"{""boundary_features"":{""axis_artifact"":{""axis_component_touches_boundary"":false,""axis_halfmax_outer_edge_r"":0.01777358782917506,""axis_halfmax_width_grid"":2.612875367757059,""axis_halfmax_width_r"":0.013064376838785294,""axis_peak"":1.0,""axis_peak_harmonic_index"":8,""axis_peak_is_local_max"":true,""axis_peak_r"":0.015,""r_ax"":0.03}},""crossing_features"":{""W_star_high_shear"":0.0,""W_star_high_shear_sum"":0.0,""W_star_sum"":0.0,""n_cross"":0.0,""r_star_high_shear"":null,""r_star_max"":null},""crossing_records"":[],""extremum_features"":{""ext_df_gap"":0.036480923824632895,""ext_dr"":0.165,""ext_energy_frac"":0.001627752927742371,""match_found"":true},""feature_schema_version"":""tae-rule-features-grouped-v3"",""numerical_structure_features"":{},""resolution_features"":{},""rf_standard_features"":{""S"":0.1709224315684537,""W_star"":0.9860448642649243,""W_star_max"":0.0,""delta2_eff"":0.0,""frac_spikes"":0.0012898470609913396,""gamma_d"":-0.0,""max_abs_d1_abs"":0.9013595941339154,""max_abs_d2_abs"":1.20850723348243,""max_per_m_mean"":0.01951742578497972,""max_to_mean"":936.2816869962213,""max_to_median"":9522213.714999404,""mean_abs_d1_mode"":0.0009343215165170146,""mean_abs_d2_mode"":0.0014336883346086251,""mean_amp"":0.001068054638846903,""ntor"":5.0,""r_star"":0.01,""rad_loc"":0.01387524687477342,""rad_width"":0.022672547067354807,""spikes_per_m"":0.25925925925925924,""std_amp"":0.018703979291528033,""std_per_m_max"":0.22918691061709265,""std_per_m_mean"":0.004378555347526566},""source_feature_schema_version"":""rf_all_crossings_extremum_energy_31_v2""}",,,,,NOT_PRESENT,,BAD,rule_engine,,,,
/global/u2/e/ebelova/src_nova/data/nstxu_204202/N5/egn05w.2900E+02,nstxu_204202/N5/egn05w.2900E+02,nstxu_204202,5,5,201,54,5.3851867591496845,-0.0,0.02824187988177621,0.05482998864241759,9a976659ce8d4e89a2717517b167842ceb6cdaaee9081b4a813a2a37a8b6086a,RULE_EVALUATED,tae_like,0.23018160015828432,1.0,,BAD,BAD_AXIS_SPIKE,"[""BAD_AXIS_SPIKE""]",tae-rules-axis-artifact-v1,"{""boundary_features"":{""axis_artifact"":{""axis_component_touches_boundary"":false,""axis_halfmax_outer_edge_r"":0.02744540009415474,""axis_halfmax_width_grid"":2.1872156172121278,""axis_halfmax_width_r"":0.01093607808606064,""axis_peak"":1.0,""axis_peak_harmonic_index"":8,""axis_peak_is_local_max"":true,""axis_peak_r"":0.02,""r_ax"":0.03}},""crossing_features"":{""W_star_high_shear"":0.0,""W_star_high_shear_sum"":0.0,""W_star_sum"":0.0,""n_cross"":0.0,""r_star_high_shear"":null,""r_star_max"":null},""crossing_records"":[],""extremum_features"":{""ext_df_gap"":0.02595480803460422,""ext_dr"":0.15500000000000003,""ext_energy_frac"":0.0033658155932288123,""match_found"":true},""feature_schema_version"":""tae-rule-features-grouped-v3"",""numerical_structure_features"":{},""resolution_features"":{},""rf_standard_features"":{""S"":0.33269895422395235,""W_star"":0.9700979357024184,""W_star_max"":0.0,""delta2_eff"":0.0,""frac_spikes"":0.0023032983231988206,""gamma_d"":-0.0,""max_abs_d1_abs"":0.7161932454946978,""max_abs_d2_abs"":0.8998565030241378,""max_per_m_mean"":0.023691701300473968,""max_to_mean"":807.3198116613999,""max_to_median"":5340885.38718498,""mean_abs_d1_mode"":0.0007498516192468004,""mean_abs_d2_mode"":0.0011408161105163673,""mean_amp"":0.0012386664921981289,""ntor"":5.0,""r_star"":0.01,""rad_loc"":0.02824187988177621,""rad_width"":0.05482998864241759,""spikes_per_m"":0.46296296296296297,""std_amp"":0.017813320174895536,""std_per_m_max"":0.20050169490795858,""std_per_m_mean"":0.005418481039010771},""source_feature_schema_version"":""rf_all_crossings_extremum_energy_31_v2""}",,,,,NOT_PRESENT,,BAD,rule_engine,,,,
/global/u2/e/ebelova/src_nova/data/nstxu_204202/N6/egn06w.1049E+02,nstxu_204202/N6/egn06w.1049E+02,nstxu_204202,6,6,201,54,3.2383580547285065,-7.038078723189956e-08,0.030383939180087745,0.011239319861852492,fa0f2b9ee0de3feea4535a2707d05d050af81ec7e5b749202efd5f4a12002ff4,RULE_EVALUATED,tae_like,0.9999901368994094,1.0,,BAD,BAD_AXIS_SPIKE,"[""BAD_AXIS_SPIKE""]",tae-rules-axis-artifact-v1,"{""boundary_features"":{""axis_artifact"":{""axis_component_touches_boundary"":false,""axis_halfmax_outer_edge_r"":0.03340334325553221,""axis_halfmax_width_grid"":3.322542707854058,""axis_halfmax_width_r"":0.01661271353927029,""axis_peak"":1.0,""axis_peak_harmonic_index"":10,""axis_peak_is_local_max"":true,""axis_peak_r"":0.02,""r_ax"":0.03}},""crossing_features"":{""W_star_high_shear"":1.0034558074380172e-07,""W_star_high_shear_sum"":1.0034558074380172e-07,""W_star_sum"":0.00011097628586329659,""n_cross"":2.0,""r_star_high_shear"":0.2301991771905696,""r_star_max"":0.2301991771905696},""crossing_records"":[{""W_peak"":9.470668956184904e-07,""boundary"":""low"",""r_cross"":0.1358677499109665,""shear_weighted"":0.0},{""W_peak"":0.0001100292189676781,""boundary"":""low"",""r_cross"":0.2301991771905696,""shear_weighted"":1.0034558074380172e-07}],""extremum_features"":{""ext_df_gap"":-0.022374094572966127,""ext_dr"":0.17,""ext_energy_frac"":1.7072591279721855e-05,""match_found"":true},""feature_schema_version"":""tae-rule-features-grouped-v3"",""numerical_structure_features"":{},""resolution_features"":{},""rf_standard_features"":{""S"":1.813627464012256,""W_star"":0.282481072141515,""W_star_max"":0.0001100292189676781,""delta2_eff"":7.4652115277389025e-06,""frac_spikes"":0.001013451262207481,""gamma_d"":-7.038078723189956e-08,""max_abs_d1_abs"":0.7789690122911439,""max_abs_d2_abs"":0.8206243427520216,""max_per_m_mean"":0.029248316733503886,""max_to_mean"":1488.0327314334447,""max_to_median"":20274232.778201804,""mean_abs_d1_mode"":0.001037583032330976,""mean_abs_d2_mode"":0.001972375724262044,""mean_amp"":0.0006720282271940698,""ntor"":6.0,""r_star"":0.01,""rad_loc"":0.030383939180087745,""rad_width"":0.011239319861852492,""spikes_per_m"":0.2037037037037037,""std_amp"":0.018601595934052098,""std_per_m_max"":0.1734022607121493,""std_per_m_mean"":0.0050718090401307685},""source_feature_schema_version"":""rf_all_crossings_extremum_energy_31_v2""}",,,,,NOT_PRESENT,,BAD,rule_engine,,,,
/global/u2/e/ebelova/src_nova/data/nstxu_204202/N6/egn06w.1097E+02,nstxu_204202/N6/egn06w.1097E+02,nstxu_204202,6,6,201,54,3.3120022745481075,-0.0,0.0496155172917975,0.0702904493819011,ea8fe2b77519e686929221d41f42b9829d9972dcb0fe083e02b95906a14bb593,RULE_EVALUATED,tae_like,0.9965707003403279,1.0,,BAD,BAD_AXIS_SPIKE,"[""BAD_AXIS_SPIKE""]",tae-rules-axis-artifact-v1,"{""boundary_features"":{""axis_artifact"":{""axis_component_touches_boundary"":false,""axis_halfmax_outer_edge_r"":0.01835803499999251,""axis_halfmax_width_grid"":1.8781493869787014,""axis_halfmax_width_r"":0.009390746934893507,""axis_peak"":1.0,""axis_peak_harmonic_index"":10,""axis_peak_is_local_max"":true,""axis_peak_r"":0.015,""r_ax"":0.03}},""crossing_features"":{""W_star_high_shear"":0.0,""W_star_high_shear_sum"":0.0,""W_star_sum"":0.0,""n_cross"":0.0,""r_star_high_shear"":null,""r_star_max"":null},""crossing_records"":[],""extremum_features"":{""ext_df_gap"":0.00035896425890619236,""ext_dr"":0.175,""ext_energy_frac"":0.20073617673162883,""match_found"":true},""feature_schema_version"":""tae-rule-features-grouped-v3"",""numerical_structure_features"":{},""resolution_features"":{},""rf_standard_features"":{""S"":0.5635974394756732,""W_star"":0.797915723563048,""W_star_max"":0.0,""delta2_eff"":0.0,""frac_spikes"":0.0018426386585590566,""gamma_d"":-0.0,""max_abs_d1_abs"":0.7444830086659535,""max_abs_d2_abs"":1.1496199639790894,""max_per_m_mean"":0.020038399040114403,""max_to_mean"":1587.815773851388,""max_to_median"":5461561.443618883,""mean_abs_d1_mode"":0.0009079384496224156,""mean_abs_d2_mode"":0.0016879740876000794,""mean_amp"":0.0006297959844463539,""ntor"":6.0,""r_star"":0.01,""rad_loc"":0.0496155172917975,""rad_width"":0.0702904493819011,""spikes_per_m"":0.37037037037037035,""std_amp"":0.013886431372849136,""std_per_m_max"":0.17561283923278173,""std_per_m_mean"":0.003531916118774812},""source_feature_schema_version"":""rf_all_crossings_extremum_energy_31_v2""}",,,,,NOT_PRESENT,,BAD,rule_engine,,,,
/global/u2/e/ebelova/src_nova/data/nstxu_204202/N6/egn06w.1175E+02,nstxu_204202/N6/egn06w.1175E+02,nstxu_204202,6,6,201,54,3.4272413460746263,-0.0,0.011111118526447002,0.00753098993626294,5ea9cf6b3eae2568824e54f2fe7f90dc931742212b18a50c93a59fb0adeea922,RULE_EVALUATED,tae_like,0.9999475875596205,1.0,,BAD,BAD_AXIS_SPIKE,"[""BAD_AXIS_SPIKE""]",tae-rules-axis-artifact-v1,"{""boundary_features"":{""axis_artifact"":{""axis_component_touches_boundary"":false,""axis_halfmax_outer_edge_r"":0.017582208337057773,""axis_halfmax_width_grid"":1.2685346627991527,""axis_halfmax_width_r"":0.0063426733139957635,""axis_peak"":1.0,""axis_peak_harmonic_index"":10,""axis_peak_is_local_max"":true,""axis_peak_r"":0.015,""r_ax"":0.03}},""crossing_features"":{""W_star_high_shear"":0.0,""W_star_high_shear_sum"":0.0,""W_star_sum"":0.0,""n_cross"":0.0,""r_star_high_shear"":null,""r_star_max"":null},""crossing_records"":[],""extremum_features"":{""ext_df_gap"":0.03397133443836623,""ext_dr"":0.175,""ext_energy_frac"":3.666233806844151e-05,""match_found"":true},""feature_schema_version"":""tae-rule-features-grouped-v3"",""numerical_structure_features"":{},""resolution_features"":{},""rf_standard_features"":{""S"":0.14753950485967865,""W_star"":0.993967355998482,""W_star_max"":0.0,""delta2_eff"":0.0,""frac_spikes"":0.0009213193292795283,""gamma_d"":-0.0,""max_abs_d1_abs"":0.9681635537001473,""max_abs_d2_abs"":1.6329749574313048,""max_per_m_mean"":0.011865327248961367,""max_to_mean"":2489.5985996154454,""max_to_median"":31779597.41048129,""mean_abs_d1_mode"":0.0005136380993950468,""mean_abs_d2_mode"":0.0007405938154607526,""mean_amp"":0.0004016711760943575,""ntor"":6.0,""r_star"":0.01,""rad_loc"":0.011111118526447002,""rad_width"":0.00753098993626294,""spikes_per_m"":0.18518518518518517,""std_amp"":0.013036590152291465,""std_per_m_max"":0.17401677599831034,""std_per_m_mean"":0.0020776783394304485},""source_feature_schema_version"":""rf_all_crossings_extremum_energy_31_v2""}",,,,,NOT_PRESENT,,BAD,rule_engine,,,,
/global/u2/e/ebelova/src_nova/data/nstxu_204202/N6/egn06w.2617E+02,nstxu_204202/N6/egn06w.2617E+02,nstxu_204202,6,6,201,54,5.115888683603887,-0.00041759088218689864,0.11109791598145927,0.09194955169073038,9ccf766322612f02217bb96feb0d4d342a874e3ecce383372dfb3edefd7e23a7,RULE_EVALUATED,mixed,0.480078013674537,0.34196068076939284,,BAD,BAD_AXIS_SPIKE,"[""BAD_AXIS_SPIKE""]",tae-rules-axis-artifact-v1,"{""boundary_features"":{""axis_artifact"":{""axis_component_touches_boundary"":false,""axis_halfmax_outer_edge_r"":0.012970195418254544,""axis_halfmax_width_grid"":1.762246732473313,""axis_halfmax_width_r"":0.008811233662366566,""axis_peak"":1.0,""axis_peak_harmonic_index"":11,""axis_peak_is_local_max"":true,""axis_peak_r"":0.01,""r_ax"":0.03}},""crossing_features"":{""W_star_high_shear"":2.1376246133223235e-05,""W_star_high_shear_sum"":2.1376246133223235e-05,""W_star_sum"":0.5395573660297401,""n_cross"":2.0,""r_star_high_shear"":0.21552148634771165,""r_star_max"":0.17247061177783585},""crossing_records"":[{""W_peak"":0.45082852129601975,""boundary"":""high"",""r_cross"":0.17247061177783585,""shear_weighted"":0.0},{""W_peak"":0.08872884473372039,""boundary"":""high"",""r_cross"":0.21552148634771165,""shear_weighted"":2.1376246133223235e-05}],""extremum_features"":{""ext_df_gap"":-0.008848753069705112,""ext_dr"":0.185,""ext_energy_frac"":0.5576363438805158,""match_found"":true},""feature_schema_version"":""tae-rule-features-grouped-v3"",""numerical_structure_features"":{},""resolution_features"":{},""rf_standard_features"":{""S"":1.099493299547557,""W_star"":0.43247318480630065,""W_star_max"":0.45082852129601975,""delta2_eff"":0.11977253921632483,""frac_spikes"":0.0034088815183342547,""gamma_d"":-0.00041759088218689864,""max_abs_d1_abs"":0.8416954603846039,""max_abs_d2_abs"":1.2405838977546595,""max_per_m_mean"":0.03203168969015513,""max_to_mean"":653.8488783417926,""max_to_median"":973782.4611692295,""mean_abs_d1_mode"":0.0011787234051148345,""mean_abs_d2_mode"":0.0015203101085713838,""mean_amp"":0.0015294053908637458,""ntor"":6.0,""r_star"":0.01,""rad_loc"":0.11109791598145927,""rad_width"":0.09194955169073038,""spikes_per_m"":0.6851851851851852,""std_amp"":0.02175368388363335,""std_per_m_max"":0.21513160700952577,""std_per_m_mean"":0.00630581799468998},""source_feature_schema_version"":""rf_all_crossings_extremum_energy_31_v2""}",,,,,NOT_PRESENT,,BAD,rule_engine,,,,
/global/u2/e/ebelova/src_nova/data/nstxu_204202/N6/egn06w.2649E+02,nstxu_204202/N6/egn06w.2649E+02,nstxu_204202,6,6,201,54,5.146370119917943,-0.00019467658137908974,0.0765981740832047,0.08916070542571573,59b94d38630ec376847ffffabf9d76b969772138c589b605344c753cca9aa8c6,RULE_EVALUATED,tae_like,0.6069763693189608,0.5557374937604969,,BAD,BAD_AXIS_SPIKE,"[""BAD_AXIS_SPIKE""]",tae-rules-axis-artifact-v1,"{""boundary_features"":{""axis_artifact"":{""axis_component_touches_boundary"":false,""axis_halfmax_outer_edge_r"":0.012971273908184259,""axis_halfmax_width_grid"":1.7320307702940556,""axis_halfmax_width_r"":0.008660153851470278,""axis_peak"":1.0,""axis_peak_harmonic_index"":11,""axis_peak_is_local_max"":true,""axis_peak_r"":0.01,""r_ax"":0.03}},""crossing_features"":{""W_star_high_shear"":3.315285107339915e-05,""W_star_high_shear_sum"":3.315285107339915e-05,""W_star_sum"":0.12770822487299677,""n_cross"":2.0,""r_star_high_shear"":0.22275695126333422,""r_star_max"":0.22275695126333422},""crossing_records"":[{""W_peak"":0.06369160727526134,""boundary"":""high"",""r_cross"":0.16572309592570597,""shear_weighted"":0.0},{""W_peak"":0.06401661759773543,""boundary"":""high"",""r_cross"":0.22275695126333422,""shear_weighted"":3.315285107339915e-05}],""extremum_features"":{""ext_df_gap"":-0.014719242930893849,""ext_dr"":0.185,""ext_energy_frac"":0.3485072793721002,""match_found"":true},""feature_schema_version"":""tae-rule-features-grouped-v3"",""numerical_structure_features"":{},""resolution_features"":{},""rf_standard_features"":{""S"":0.746945347330658,""W_star"":0.622710348366306,""W_star_max"":0.06401661759773543,""delta2_eff"":0.18165013096434574,""frac_spikes"":0.0035010134512622076,""gamma_d"":-0.00019467658137908974,""max_abs_d1_abs"":0.8413899483025938,""max_abs_d2_abs"":1.261494244376049,""max_per_m_mean"":0.027692001086147524,""max_to_mean"":784.4823407387902,""max_to_median"":781020.4244376122,""mean_abs_d1_mode"":0.0008527061812852389,""mean_abs_d2_mode"":0.001054061372166644,""mean_amp"":0.0012747259527521838,""ntor"":6.0,""r_star"":0.01,""rad_loc"":0.0765981740832047,""rad_width"":0.08916070542571573,""spikes_per_m"":0.7037037037037037,""std_amp"":0.01793005185561293,""std_per_m_max"":0.20927546949032072,""std_per_m_mean"":0.005385058607892584},""source_feature_schema_version"":""rf_all_crossings_extremum_energy_31_v2""}",,,,,NOT_PRESENT,,BAD,rule_engine,,,,
/global/u2/e/ebelova/src_nova/data/nstxu_204202/N7/egn07w.1060E+02,nstxu_204202/N7/egn07w.1060E+02,nstxu_204202,7,7,201,54,3.256073920004411,-3.023910517073401e-06,0.6372385731839783,0.11300561426041926,3b054fb31db209252862b578128614ba550ffdb06ab646b132abf436d0287eb7,RULE_EVALUATED,tae_like,0.9945902380080227,1.0,,BAD,BAD_AXIS_SPIKE,"[""BAD_AXIS_SPIKE""]",tae-rules-axis-artifact-v1,"{""boundary_features"":{""axis_artifact"":{""axis_component_touches_boundary"":false,""axis_halfmax_outer_edge_r"":0.013890141196787257,""axis_halfmax_width_grid"":1.4573221896151276,""axis_halfmax_width_r"":0.007286610948075638,""axis_peak"":0.16967530165874822,""axis_peak_harmonic_index"":11,""axis_peak_is_local_max"":true,""axis_peak_r"":0.01,""r_ax"":0.03}},""crossing_features"":{""W_star_high_shear"":3.922060840953753e-06,""W_star_high_shear_sum"":3.922060840953753e-06,""W_star_sum"":0.0003673842229683965,""n_cross"":1.0,""r_star_high_shear"":0.30332297733391633,""r_star_max"":0.30332297733391633},""crossing_records"":[{""W_peak"":0.0003673842229683965,""boundary"":""low"",""r_cross"":0.30332297733391633,""shear_weighted"":3.922060840953753e-06}],""extremum_features"":{""ext_df_gap"":-0.12929883748579188,""ext_dr"":0.44999999999999996,""ext_energy_frac"":1.2960161342416863e-07,""match_found"":true},""feature_schema_version"":""tae-rule-features-grouped-v3"",""numerical_structure_features"":{},""resolution_features"":{},""rf_standard_features"":{""S"":2.940018293386741,""W_star"":0.00047221454632256123,""W_star_max"":0.0003673842229683965,""delta2_eff"":0.0011037565632698594,""frac_spikes"":0.011608623548922056,""gamma_d"":-3.023910517073401e-06,""max_abs_d1_abs"":0.34025540182045955,""max_abs_d2_abs"":0.5770620182004971,""max_per_m_mean"":0.13574739829434482,""max_to_mean"":104.33649220489224,""max_to_median"":176773.4116401882,""mean_abs_d1_mode"":0.0024508277649260973,""mean_abs_d2_mode"":0.0020902002275826233,""mean_amp"":0.009584374352282226,""ntor"":7.0,""r_star"":0.305,""rad_loc"":0.6372385731839783,""rad_width"":0.11300561426041926,""spikes_per_m"":2.3333333333333335,""std_amp"":0.06508430715669794,""std_per_m_max"":0.2541917380460778,""std_per_m_mean"":0.029124739552872318},""source_feature_schema_version"":""rf_all_crossings_extremum_energy_31_v2""}",,,,,NOT_PRESENT,,BAD,rule_engine,,,,
/global/u2/e/ebelova/src_nova/data/nstxu_204202/N7/egn07w.1138E+02,nstxu_204202/N7/egn07w.1138E+02,nstxu_204202,7,7,201,54,3.373871719908941,-1.0883766620286257e-08,0.023621624392886037,0.0029181354248838933,873b87148232dcaff852a28ba68246ee99a1894f257531a4f8aea01e8fee4920,RULE_EVALUATED,tae_like,0.9999980258579101,1.0,,BAD,BAD_AXIS_SPIKE,"[""BAD_AXIS_SPIKE""]",tae-rules-axis-artifact-v1,"{""boundary_features"":{""axis_artifact"":{""axis_component_touches_boundary"":false,""axis_halfmax_outer_edge_r"":0.027692385328856716,""axis_halfmax_width_grid"":1.7054971528154292,""axis_halfmax_width_r"":0.008527485764077147,""axis_peak"":1.0,""axis_peak_harmonic_index"":11,""axis_peak_is_local_max"":true,""axis_peak_r"":0.025,""r_ax"":0.03}},""crossing_features"":{""W_star_high_shear"":7.305754071840269e-10,""W_star_high_shear_sum"":7.305754071840269e-10,""W_star_sum"":1.1323263391085193e-07,""n_cross"":1.0,""r_star_high_shear"":0.2803242574789802,""r_star_max"":0.2803242574789802},""crossing_records"":[{""W_peak"":1.1323263391085193e-07,""boundary"":""low"",""r_cross"":0.2803242574789802,""shear_weighted"":7.305754071840269e-10}],""extremum_features"":{""ext_df_gap"":-0.08986968026396362,""ext_dr"":0.135,""ext_energy_frac"":2.9710771170328987e-07,""match_found"":true},""feature_schema_version"":""tae-rule-features-grouped-v3"",""numerical_structure_features"":{},""resolution_features"":{},""rf_standard_features"":{""S"":89.57033771931384,""W_star"":2.9492756227858718e-08,""W_star_max"":1.1323263391085193e-07,""delta2_eff"":0.6220748832601216,""frac_spikes"":0.0008291873963515755,""gamma_d"":-1.0883766620286257e-08,""max_abs_d1_abs"":0.928544652656234,""max_abs_d2_abs"":1.3612365589089233,""max_per_m_mean"":0.009919077241670123,""max_to_mean"":4349.8080617197065,""max_to_median"":63168576.13738848,""mean_abs_d1_mode"":0.00023461325847833216,""mean_abs_d2_mode"":0.0003234023365017371,""mean_amp"":0.000229895200307951,""ntor"":7.0,""r_star"":0.28500000000000003,""rad_loc"":0.023621624392886037,""rad_width"":0.0029181354248838933,""spikes_per_m"":0.16666666666666666,""std_amp"":0.011273910417630269,""std_per_m_max"":0.17384644204101696,""std_per_m_mean"":0.0017235288122914875},""source_feature_schema_version"":""rf_all_crossings_extremum_energy_31_v2""}",,,,,NOT_PRESENT,,BAD,rule_engine,,,,
/global/u2/e/ebelova/src_nova/data/nstxu_204202/N7/egn07w.1277E+02,nstxu_204202/N7/egn07w.1277E+02,nstxu_204202,7,7,201,54,3.57369871019048,-9.066995493028806e-06,0.01240760106867416,0.014629277484200126,77cd19170130d5222ad43ce1c31e87f816439651ff4af28ccaffaf8cbd6b9385,RULE_EVALUATED,tae_like,0.99966993776965,1.0,,BAD,BAD_AXIS_SPIKE,"[""BAD_AXIS_SPIKE""]",tae-rules-axis-artifact-v1,"{""boundary_features"":{""axis_artifact"":{""axis_component_touches_boundary"":false,""axis_halfmax_outer_edge_r"":0.015405878513236992,""axis_halfmax_width_grid"":2.010706342925813,""axis_halfmax_width_r"":0.010053531714629065,""axis_peak"":1.0,""axis_peak_harmonic_index"":11,""axis_peak_is_local_max"":true,""axis_peak_r"":0.01,""r_ax"":0.03}},""crossing_features"":{""W_star_high_shear"":2.4189624436857027e-08,""W_star_high_shear_sum"":2.4189624436857027e-08,""W_star_sum"":0.007317356545413064,""n_cross"":2.0,""r_star_high_shear"":0.2069757872282863,""r_star_max"":0.11439807901682743},""crossing_records"":[{""W_peak"":0.006820257791337514,""boundary"":""low"",""r_cross"":0.11439807901682743,""shear_weighted"":0.0},{""W_peak"":0.0004970987540755501,""boundary"":""low"",""r_cross"":0.2069757872282863,""shear_weighted"":2.4189624436857027e-08}],""extremum_features"":{""ext_df_gap"":-0.028928510997166982,""ext_dr"":0.15,""ext_energy_frac"":0.0026284732114790522,""match_found"":true},""feature_schema_version"":""tae-rule-features-grouped-v3"",""numerical_structure_features"":{},""resolution_features"":{},""rf_standard_features"":{""S"":0.1645741610349409,""W_star"":0.9585142866856101,""W_star_max"":0.006820257791337514,""delta2_eff"":0.00228076969895679,""frac_spikes"":0.001105583195135434,""gamma_d"":-9.066995493028806e-06,""max_abs_d1_abs"":0.5379058831780297,""max_abs_d2_abs"":1.0000135391541822,""max_per_m_mean"":0.014652565116094163,""max_to_mean"":2696.5250385575714,""max_to_median"":10072451.220611341,""mean_abs_d1_mode"":0.0005962784522921686,""mean_abs_d2_mode"":0.0011066146755213644,""mean_amp"":0.00037084765874764367,""ntor"":7.0,""r_star"":0.01,""rad_loc"":0.01240760106867416,""rad_width"":0.014629277484200126,""spikes_per_m"":0.2222222222222222,""std_amp"":0.012094513658318467,""std_per_m_max"":0.17329331889719268,""std_per_m_mean"":0.0025509588929884647},""source_feature_schema_version"":""rf_all_crossings_extremum_energy_31_v2""}",,,,,NOT_PRESENT,,BAD,rule_engine,,,,
/global/u2/e/ebelova/src_nova/data/nstxu_204202/N7/egn07w.1282E+02,nstxu_204202/N7/egn07w.1282E+02,nstxu_204202,7,7,201,54,3.5802474456668416,-3.509736350427935e-05,0.10567864079503654,0.07754675763767506,2905367a36f5b96c2023d56fee3a52b7fbe256c9fbb45ccf3bce0e04eedb9c83,RULE_EVALUATED,tae_like,0.985170519900157,1.0,,BAD,BAD_AXIS_SPIKE,"[""BAD_AXIS_SPIKE""]",tae-rules-axis-artifact-v1,"{""boundary_features"":{""axis_artifact"":{""axis_component_touches_boundary"":false,""axis_halfmax_outer_edge_r"":0.015440581336276668,""axis_halfmax_width_grid"":2.0256653361931773,""axis_halfmax_width_r"":0.010128326680965886,""axis_peak"":1.0,""axis_peak_harmonic_index"":11,""axis_peak_is_local_max"":true,""axis_peak_r"":0.01,""r_ax"":0.03}},""crossing_features"":{""W_star_high_shear"":1.956650006097785e-06,""W_star_high_shear_sum"":1.956650006097785e-06,""W_star_sum"":0.14856276627900303,""n_cross"":2.0,""r_star_high_shear"":0.20460490175971274,""r_star_max"":0.20460490175971274},""crossing_records"":[{""W_peak"":0.05629024029890689,""boundary"":""low"",""r_cross"":0.11685338292019391,""shear_weighted"":0.0},{""W_peak"":0.09227252598009614,""boundary"":""low"",""r_cross"":0.20460490175971274,""shear_weighted"":1.956650006097785e-06}],""extremum_features"":{""ext_df_gap"":-0.02704646771807401,""ext_dr"":0.15,""ext_energy_frac"":0.4665743506565485,""match_found"":true},""feature_schema_version"":""tae-rule-features-grouped-v3"",""numerical_structure_features"":{},""resolution_features"":{},""rf_standard_features"":{""S"":1.2338187141343298,""W_star"":0.3861463198190984,""W_star_max"":0.09227252598009614,""delta2_eff"":0.28138389618742277,""frac_spikes"":0.003869541182974019,""gamma_d"":-3.509736350427935e-05,""max_abs_d1_abs"":0.533305420020793,""max_abs_d2_abs"":0.9924023872611143,""max_per_m_mean"":0.04087504766631679,""max_to_mean"":781.0143657531582,""max_to_median"":1386535.7903117742,""mean_abs_d1_mode"":0.0008750334271499827,""mean_abs_d2_mode"":0.0014550715487889625,""mean_amp"":0.0012803861786263716,""ntor"":7.0,""r_star"":0.01,""rad_loc"":0.10567864079503654,""rad_width"":0.07754675763767506,""spikes_per_m"":0.7777777777777778,""std_amp"":0.019334844699576224,""std_per_m_max"":0.18043703192197522,""std_per_m_mean"":0.00777221156742658},""source_feature_schema_version"":""rf_all_crossings_extremum_energy_31_v2""}",,,,,NOT_PRESENT,,BAD,rule_engine,,,,
/global/u2/e/ebelova/src_nova/data/nstxu_204202/N7/egn07w.1291E+02,nstxu_204202/N7/egn07w.1291E+02,nstxu_204202,7,7,201,54,3.5933287796623894,-8.563605003921243e-06,0.04134031347718925,0.061401562643710106,03e7f82f0240c91126c8ca4d1e28c8a04c83c7883ff6ee0388844274857f3a24,RULE_EVALUATED,tae_like,0.991427474188661,1.0,,BAD,BAD_AXIS_SPIKE,"[""BAD_AXIS_SPIKE""]",tae-rules-axis-artifact-v1,"{""boundary_features"":{""axis_artifact"":{""axis_component_touches_boundary"":false,""axis_halfmax_outer_edge_r"":0.015509616756536563,""axis_halfmax_width_grid"":2.0551552027965783,""axis_halfmax_width_r"":0.010275776013982892,""axis_peak"":1.0,""axis_peak_harmonic_index"":11,""axis_peak_is_local_max"":true,""axis_peak_r"":0.01,""r_ax"":0.03}},""crossing_features"":{""W_star_high_shear"":5.051719791221849e-11,""W_star_high_shear_sum"":5.051719791221849e-11,""W_star_sum"":0.04675320149826441,""n_cross"":2.0,""r_star_high_shear"":0.20004140763347503,""r_star_max"":0.20004140763347503},""crossing_records"":[{""W_peak"":0.017290102013815124,""boundary"":""low"",""r_cross"":0.12161353973067571,""shear_weighted"":0.0},{""W_peak"":0.029463099484449286,""boundary"":""low"",""r_cross"":0.20004140763347503,""shear_weighted"":5.051719791221849e-11}],""extremum_features"":{""ext_df_gap"":-0.02330755633617981,""ext_dr"":0.15,""ext_energy_frac"":0.16345908591314798,""match_found"":true},""feature_schema_version"":""tae-rule-features-grouped-v3"",""numerical_structure_features"":{},""resolution_features"":{},""rf_standard_features"":{""S"":0.5104155680619196,""W_star"":0.7954389988696798,""W_star_max"":0.029463099484449286,""delta2_eff"":0.08034031890487313,""frac_spikes"":0.0031324857195503962,""gamma_d"":-8.563605003921243e-06,""max_abs_d1_abs"":0.5245313605696593,""max_abs_d2_abs"":0.9774740143699839,""max_per_m_mean"":0.023626841549932918,""max_to_mean"":1432.1685741763074,""max_to_median"":2411807.608868067,""mean_abs_d1_mode"":0.0007151814836824464,""mean_abs_d2_mode"":0.0012478666676225072,""mean_amp"":0.0006982418247397784,""ntor"":7.0,""r_star"":0.01,""rad_loc"":0.04134031347718925,""rad_width"":0.061401562643710106,""spikes_per_m"":0.6296296296296297,""std_amp"":0.01353479258739596,""std_per_m_max"":0.17383182900285135,""std_per_m_mean"":0.004277804818805025},""source_feature_schema_version"":""rf_all_crossings_extremum_energy_31_v2""}",,,,,NOT_PRESENT,,BAD,rule_engine,,,,
/global/u2/e/ebelova/src_nova/data/nstxu_204202/N7/egn07w.1301E+02,nstxu_204202/N7/egn07w.1301E+02,nstxu_204202,7,7,201,54,3.6071268488394495,-8.134513602993813e-06,0.028403338479602514,0.04886683257497948,9ade1ea84ee1bb8357e631649a72bd8b49a865afdea3a911b295b93ba344e336,RULE_EVALUATED,tae_like,0.9945012757690501,1.0,,BAD,BAD_AXIS_SPIKE,"[""BAD_AXIS_SPIKE""]",tae-rules-axis-artifact-v1,"{""boundary_features"":{""axis_artifact"":{""axis_component_touches_boundary"":false,""axis_halfmax_outer_edge_r"":0.015581930042241619,""axis_halfmax_width_grid"":2.086551323404288,""axis_halfmax_width_r"":0.010432756617021439,""axis_peak"":1.0,""axis_peak_harmonic_index"":11,""axis_peak_is_local_max"":true,""axis_peak_r"":0.01,""r_ax"":0.03}},""crossing_features"":{""W_star_high_shear"":0.0,""W_star_high_shear_sum"":0.0,""W_star_sum"":0.035556150092877416,""n_cross"":2.0,""r_star_high_shear"":0.19539146543148408,""r_star_max"":0.19539146543148408},""crossing_records"":[{""W_peak"":0.013607476700770973,""boundary"":""low"",""r_cross"":0.12645876314697976,""shear_weighted"":0.0},{""W_peak"":0.021948673392106443,""boundary"":""low"",""r_cross"":0.19539146543148408,""shear_weighted"":0.0}],""extremum_features"":{""ext_df_gap"":-0.019393175433196668,""ext_dr"":0.15,""ext_energy_frac"":0.0917880297313708,""match_found"":true},""feature_schema_version"":""tae-rule-features-grouped-v3"",""numerical_structure_features"":{},""resolution_features"":{},""rf_standard_features"":{""S"":0.3766018280597277,""W_star"":0.8800979169573373,""W_star_max"":0.021948673392106443,""delta2_eff"":0.03733750341701338,""frac_spikes"":0.002671826054910632,""gamma_d"":-8.134513602993813e-06,""max_abs_d1_abs"":0.5153760831190868,""max_abs_d2_abs"":0.9617436329716086,""max_per_m_mean"":0.020321605051791976,""max_to_mean"":1691.8911087364925,""max_to_median"":2322865.837199618,""mean_abs_d1_mode"":0.0006928826345387217,""mean_abs_d2_mode"":0.0012175566683253962,""mean_amp"":0.0005910545856907486,""ntor"":7.0,""r_star"":0.01,""rad_loc"":0.028403338479602514,""rad_width"":0.04886683257497948,""spikes_per_m"":0.5370370370370371,""std_amp"":0.012927792190569736,""std_per_m_max"":0.17362401923880516,""std_per_m_mean"":0.0036192559319804096},""source_feature_schema_version"":""rf_all_crossings_extremum_energy_31_v2""}",,,,,NOT_PRESENT,,BAD,rule_engine,,,,
/global/u2/e/ebelova/src_nova/data/nstxu_204202/N7/egn07w.1306E+02,nstxu_204202/N7/egn07w.1306E+02,nstxu_204202,7,7,201,54,3.6138674622265086,-5.948254422395912e-05,0.018408204809921877,0.033204743071028824,2459db8911cd9307c711bce637ead5e81be662c8c2fa955895b1c0d656f3614f,RULE_EVALUATED,tae_like,0.9976773482739332,1.0,,BAD,BAD_AXIS_SPIKE,"[""BAD_AXIS_SPIKE""]",tae-rules-axis-artifact-v1,"{""boundary_features"":{""axis_artifact"":{""axis_component_touches_boundary"":false,""axis_halfmax_outer_edge_r"":0.015617432062491238,""axis_halfmax_width_grid"":2.1020396124863496,""axis_halfmax_width_r"":0.010510198062431749,""axis_peak"":1.0,""axis_peak_harmonic_index"":11,""axis_peak_is_local_max"":true,""axis_peak_r"":0.01,""r_ax"":0.03}},""crossing_features"":{""W_star_high_shear"":0.0,""W_star_high_shear_sum"":0.0,""W_star_sum"":0.02515444667097365,""n_cross"":2.0,""r_star_high_shear"":0.1931476069813399,""r_star_max"":0.12879398581653942},""crossing_records"":[{""W_peak"":0.02151622281117794,""boundary"":""low"",""r_cross"":0.12879398581653942,""shear_weighted"":0.0},{""W_peak"":0.0036382238597957098,""boundary"":""low"",""r_cross"":0.1931476069813399,""shear_weighted"":0.0}],""extremum_features"":{""ext_df_gap"":-0.01749179544158838,""ext_dr"":0.15,""ext_energy_frac"":0.04316696178704767,""match_found"":true},""feature_schema_version"":""tae-rule-features-grouped-v3"",""numerical_structure_features"":{},""resolution_features"":{},""rf_standard_features"":{""S"":0.2532230046678129,""W_star"":0.9451404572436631,""W_star_max"":0.02151622281117794,""delta2_eff"":0.008090583111721117,""frac_spikes"":0.001658374792703151,""gamma_d"":-5.948254422395912e-05,""max_abs_d1_abs"":0.5109584231149409,""max_abs_d2_abs"":0.954031053426214,""max_per_m_mean"":0.01645569739380098,""max_to_mean"":2153.6463257778546,""max_to_median"":4487821.752758363,""mean_abs_d1_mode"":0.0006511678366230731,""mean_abs_d2_mode"":0.0011708686861580623,""mean_amp"":0.00046432879246557506,""ntor"":7.0,""r_star"":0.01,""rad_loc"":0.018408204809921877,""rad_width"":0.033204743071028824,""spikes_per_m"":0.3333333333333333,""std_amp"":0.012506210790002956,""std_per_m_max"":0.1732902792099366,""std_per_m_mean"":0.002880555170457681},""source_feature_schema_version"":""rf_all_crossings_extremum_energy_31_v2""}",,,,,NOT_PRESENT,,BAD,rule_engine,,,,
/global/u2/e/ebelova/src_nova/data/nstxu_204202/N7/egn07w.1311E+02,nstxu_204202/N7/egn07w.1311E+02,nstxu_204202,7,7,201,54,3.6213691264946943,-5.66393328676636e-05,0.08398183638273062,0.07499597769475971,c7bea69af5c4d38cd0e6fdedec1e49c6ffdd5f3a3fe04788d61735497815c802,RULE_EVALUATED,tae_like,0.9846139316559912,1.0,,BAD,BAD_AXIS_SPIKE,"[""BAD_AXIS_SPIKE""]",tae-rules-axis-artifact-v1,"{""boundary_features"":{""axis_artifact"":{""axis_component_touches_boundary"":false,""axis_halfmax_outer_edge_r"":0.01565759807068562,""axis_halfmax_width_grid"":2.1195181335844517,""axis_halfmax_width_r"":0.01059759066792226,""axis_peak"":1.0,""axis_peak_harmonic_index"":11,""axis_peak_is_local_max"":true,""axis_peak_r"":0.01,""r_ax"":0.03}},""crossing_features"":{""W_star_high_shear"":0.0,""W_star_high_shear_sum"":0.0,""W_star_sum"":0.3210009275660675,""n_cross"":2.0,""r_star_high_shear"":0.1906532191254383,""r_star_max"":0.1906532191254383},""crossing_records"":[{""W_peak"":0.12360549731248224,""boundary"":""low"",""r_cross"":0.131410932842802,""shear_weighted"":0.0},{""W_peak"":0.19739543025358527,""boundary"":""low"",""r_cross"":0.1906532191254383,""shear_weighted"":0.0}],""extremum_features"":{""ext_df_gap"":-0.015384061714807372,""ext_dr"":0.15,""ext_energy_frac"":0.4197711952526003,""match_found"":true},""feature_schema_version"":""tae-rule-features-grouped-v3"",""numerical_structure_features"":{},""resolution_features"":{},""rf_standard_features"":{""S"":0.9864773905989567,""W_star"":0.5017949740665821,""W_star_max"":0.19739543025358527,""delta2_eff"":0.11675593295240541,""frac_spikes"":0.0030403537866224434,""gamma_d"":-5.66393328676636e-05,""max_abs_d1_abs"":0.5060736328630255,""max_abs_d2_abs"":0.9453464414172444,""max_per_m_mean"":0.03271118575945738,""max_to_mean"":967.8272182348729,""max_to_median"":1363248.1718339957,""mean_abs_d1_mode"":0.00095146257175977,""mean_abs_d2_mode"":0.0015268642271114106,""mean_amp"":0.001033242277331254,""ntor"":7.0,""r_star"":0.01,""rad_loc"":0.08398183638273062,""rad_width"":0.07499597769475971,""spikes_per_m"":0.6111111111111112,""std_amp"":0.017190771587419166,""std_per_m_max"":0.1803434251873966,""std_per_m_mean"":0.006056560601713575},""source_feature_schema_version"":""rf_all_crossings_extremum_energy_31_v2""}",,,,,NOT_PRESENT,,BAD,rule_engine,,,,
/global/u2/e/ebelova/src_nova/data/nstxu_204202/N7/egn07w.1316E+02,nstxu_204202/N7/egn07w.1316E+02,nstxu_204202,7,7,201,54,3.628224943657203,-7.086417256469279e-05,0.014030384904377847,0.023216684424804564,50e1c455e6b76bf1e6e3691729239de3f1a8d95687ca6bce57970ea5f29043ce,RULE_EVALUATED,tae_like,0.9988221954688153,1.0,,BAD,BAD_AXIS_SPIKE,"[""BAD_AXIS_SPIKE""]",tae-rules-axis-artifact-v1,"{""boundary_features"":{""axis_artifact"":{""axis_component_touches_boundary"":false,""axis_halfmax_outer_edge_r"":0.015694383529107736,""axis_halfmax_width_grid"":2.1355877961727185,""axis_halfmax_width_r"":0.010677938980863593,""axis_peak"":1.0,""axis_peak_harmonic_index"":11,""axis_peak_is_local_max"":true,""axis_peak_r"":0.01,""r_ax"":0.03}},""crossing_features"":{""W_star_high_shear"":0.0,""W_star_high_shear_sum"":0.0,""W_star_sum"":0.011032175959655985,""n_cross"":2.0,""r_star_high_shear"":0.18834038564289818,""r_star_max"":0.13381754457045342},""crossing_records"":[{""W_peak"":0.009378275396303098,""boundary"":""low"",""r_cross"":0.13381754457045342,""shear_weighted"":0.0},{""W_peak"":0.0016539005633528876,""boundary"":""low"",""r_cross"":0.18834038564289818,""shear_weighted"":0.0}],""extremum_features"":{""ext_df_gap"":-0.013465413454309724,""ext_dr"":0.15,""ext_energy_frac"":0.022956924426214328,""match_found"":true},""feature_schema_version"":""tae-rule-features-grouped-v3"",""numerical_structure_features"":{},""resolution_features"":{},""rf_standard_features"":{""S"":0.1735986427027545,""W_star"":0.9749056671897445,""W_star_max"":0.009378275396303098,""delta2_eff"":0.003021772929697396,""frac_spikes"":0.001013451262207481,""gamma_d"":-7.086417256469279e-05,""max_abs_d1_abs"":0.5016498811343967,""max_abs_d2_abs"":0.9373912706591534,""max_per_m_mean"":0.014936378557548095,""max_to_mean"":2377.043134159332,""max_to_median"":4314918.269238611,""mean_abs_d1_mode"":0.0006291531209804968,""mean_abs_d2_mode"":0.0011447585221112991,""mean_amp"":0.0004206907242247491,""ntor"":7.0,""r_star"":0.01,""rad_loc"":0.014030384904377847,""rad_width"":0.023216684424804564,""spikes_per_m"":0.2037037037037037,""std_amp"":0.01236652575832618,""std_per_m_max"":0.1731536339213148,""std_per_m_mean"":0.0025973792199687445},""source_feature_schema_version"":""rf_all_crossings_extremum_energy_31_v2""}",,,,,NOT_PRESENT,,BAD,rule_engine,,,,
/global/u2/e/ebelova/src_nova/data/nstxu_204202/N7/egn07w.1322E+02,nstxu_204202/N7/egn07w.1322E+02,nstxu_204202,7,7,201,54,3.6355344040402815,-4.0461889168257965e-06,0.014589010980223487,0.02517015073118463,05bc5803d66b0fed5fed7297a8cf38e7de0d03d1211e86031a5c41ec3527110b,RULE_EVALUATED,tae_like,0.9985170108187362,1.0,,BAD,BAD_AXIS_SPIKE,"[""BAD_AXIS_SPIKE""]",tae-rules-axis-artifact-v1,"{""boundary_features"":{""axis_artifact"":{""axis_component_touches_boundary"":false,""axis_halfmax_outer_edge_r"":0.015734114132025447,""axis_halfmax_width_grid"":2.152943525244202,""axis_halfmax_width_r"":0.010764717626221009,""axis_peak"":1.0,""axis_peak_harmonic_index"":11,""axis_peak_is_local_max"":true,""axis_peak_r"":0.01,""r_ax"":0.03}},""crossing_features"":{""W_star_high_shear"":0.0,""W_star_high_shear_sum"":0.0,""W_star_sum"":0.010139985903648993,""n_cross"":2.0,""r_star_high_shear"":0.18585742789971238,""r_star_max"":0.18585742789971238},""crossing_records"":[{""W_peak"":0.003772711586067022,""boundary"":""low"",""r_cross"":0.13646103220490233,""shear_weighted"":0.0},{""W_peak"":0.006367274317581972,""boundary"":""low"",""r_cross"":0.18585742789971238,""shear_weighted"":0.0}],""extremum_features"":{""ext_df_gap"":-0.011427780340170576,""ext_dr"":0.15,""ext_energy_frac"":0.02593348288747228,""match_found"":true},""feature_schema_version"":""tae-rule-features-grouped-v3"",""numerical_structure_features"":{},""resolution_features"":{},""rf_standard_features"":{""S"":0.18231956689697548,""W_star"":0.9728405431680011,""W_star_max"":0.006367274317581972,""delta2_eff"":0.004438969439902285,""frac_spikes"":0.0013819789939192924,""gamma_d"":-4.0461889168257965e-06,""max_abs_d1_abs"":0.5030791962524843,""max_abs_d2_abs"":0.92878007220433,""max_per_m_mean"":0.015565178653272954,""max_to_mean"":2246.78238092093,""max_to_median"":3468575.8056168603,""mean_abs_d1_mode"":0.0006407065637955465,""mean_abs_d2_mode"":0.0011585916313849125,""mean_amp"":0.0004450809327351629,""ntor"":7.0,""r_star"":0.01,""rad_loc"":0.014589010980223487,""rad_width"":0.02517015073118463,""spikes_per_m"":0.2777777777777778,""std_amp"":0.012420128030950637,""std_per_m_max"":0.17316302966999456,""std_per_m_mean"":0.0027103120653089964},""source_feature_schema_version"":""rf_all_crossings_extremum_energy_31_v2""}",,,,,NOT_PRESENT,,BAD,rule_engine,,,,
/global/u2/e/ebelova/src_nova/data/nstxu_204202/N7/egn07w.1327E+02,nstxu_204202/N7/egn07w.1327E+02,nstxu_204202,7,7,201,54,3.642215388449077,-0.005221114806079929,0.039194979354389606,0.059030323061577905,db463221d7e02590cbc8338d2901ac9b1cfe47eb7c5b03a088100e24a8a61ff7,RULE_EVALUATED,tae_like,0.9908314198617633,1.0,,BAD,BAD_AXIS_SPIKE,"[""BAD_AXIS_SPIKE""]",tae-rules-axis-artifact-v1,"{""boundary_features"":{""axis_artifact"":{""axis_component_touches_boundary"":false,""axis_halfmax_outer_edge_r"":0.0156491780629529,""axis_halfmax_width_grid"":2.13303654939149,""axis_halfmax_width_r"":0.01066518274695745,""axis_peak"":1.0,""axis_peak_harmonic_index"":11,""axis_peak_is_local_max"":true,""axis_peak_r"":0.01,""r_ax"":0.03}},""crossing_features"":{""W_star_high_shear"":0.0,""W_star_high_shear_sum"":0.0,""W_star_sum"":0.12435760692009164,""n_cross"":2.0,""r_star_high_shear"":0.18347436501143521,""r_star_max"":0.13893852136115972},""crossing_records"":[{""W_peak"":0.10403725543489446,""boundary"":""low"",""r_cross"":0.13893852136115972,""shear_weighted"":0.0},{""W_peak"":0.020320351485197178,""boundary"":""low"",""r_cross"":0.18347436501143521,""shear_weighted"":0.0}],""extremum_features"":{""ext_df_gap"":-0.009572499278950078,""ext_dr"":0.15,""ext_energy_frac"":0.19384047670319915,""match_found"":true},""feature_schema_version"":""tae-rule-features-grouped-v3"",""numerical_structure_features"":{},""resolution_features"":{},""rf_standard_features"":{""S"":0.49457597112318163,""W_star"":0.8053686552062274,""W_star_max"":0.10403725543489446,""delta2_eff"":0.02013524662916169,""frac_spikes"":0.0023032983231988206,""gamma_d"":-0.005221114806079929,""max_abs_d1_abs"":0.501605607849709,""max_abs_d2_abs"":0.9381825939649768,""max_per_m_mean"":0.019859031958582074,""max_to_mean"":1655.6084376891602,""max_to_median"":2803891.9889068473,""mean_abs_d1_mode"":0.0007732853697677225,""mean_abs_d2_mode"":0.0013258345613667017,""mean_amp"":0.0006040075512904224,""ntor"":7.0,""r_star"":0.01,""rad_loc"":0.039194979354389606,""rad_width"":0.059030323061577905,""spikes_per_m"":0.46296296296296297,""std_amp"":0.01358228390607615,""std_per_m_max"":0.17437770396384983,""std_per_m_mean"":0.0035341174354931383},""source_feature_schema_version"":""rf_all_crossings_extremum_energy_31_v2""}",,,,,NOT_PRESENT,,BAD,rule_engine,,,,
/global/u2/e/ebelova/src_nova/data/nstxu_204202/N7/egn07w.1340E+02,nstxu_204202/N7/egn07w.1340E+02,nstxu_204202,7,7,201,54,3.6608446445476424,-6.7498646996184e-07,0.010645871260175101,0.009439665326334057,305266a88f1c389a615d50e0d7f369449a016374f9930ab241c3e7ee3f604b1f,RULE_EVALUATED,tae_like,0.999901011270322,1.0,,BAD,BAD_AXIS_SPIKE,"[""BAD_AXIS_SPIKE""]",tae-rules-axis-artifact-v1,"{""boundary_features"":{""axis_artifact"":{""axis_component_touches_boundary"":false,""axis_halfmax_outer_edge_r"":0.015788025997824008,""axis_halfmax_width_grid"":2.192710120083627,""axis_halfmax_width_r"":0.010963550600418134,""axis_peak"":1.0,""axis_peak_harmonic_index"":11,""axis_peak_is_local_max"":true,""axis_peak_r"":0.01,""r_ax"":0.03}},""crossing_features"":{""W_star_high_shear"":0.0,""W_star_high_shear_sum"":0.0,""W_star_sum"":0.00018518308660286258,""n_cross"":2.0,""r_star_high_shear"":0.17601525185428676,""r_star_max"":0.17601525185428676},""crossing_records"":[{""W_peak"":6.783838603808234e-05,""boundary"":""low"",""r_cross"":0.14691054015134486,""shear_weighted"":0.0},{""W_peak"":0.00011734470056478023,""boundary"":""low"",""r_cross"":0.17601525185428676,""shear_weighted"":0.0}],""extremum_features"":{""ext_df_gap"":-0.00443500056887845,""ext_dr"":0.15,""ext_energy_frac"":0.0003733468840271902,""match_found"":true},""feature_schema_version"":""tae-rule-features-grouped-v3"",""numerical_structure_features"":{},""resolution_features"":{},""rf_standard_features"":{""S"":0.06842099139943922,""W_star"":0.9769583923170335,""W_star_max"":0.00011734470056478023,""delta2_eff"":2.3767964867965037e-05,""frac_spikes"":0.0007370554634236226,""gamma_d"":-6.7498646996184e-07,""max_abs_d1_abs"":0.518191055828423,""max_abs_d2_abs"":0.9068835796221283,""max_per_m_mean"":0.012642374128398902,""max_to_mean"":2811.504165713967,""max_to_median"":10441443.867846256,""mean_abs_d1_mode"":0.000584990040091107,""mean_abs_d2_mode"":0.0010916163199989404,""mean_amp"":0.0003556814922714337,""ntor"":7.0,""r_star"":0.01,""rad_loc"":0.010645871260175101,""rad_width"":0.009439665326334057,""spikes_per_m"":0.14814814814814814,""std_amp"":0.012324491080885902,""std_per_m_max"":0.1730829476175193,""std_per_m_mean"":0.0021830781974096886},""source_feature_schema_version"":""rf_all_crossings_extremum_energy_31_v2""}",,,,,NOT_PRESENT,,BAD,rule_engine,,,,
/global/u2/e/ebelova/src_nova/data/nstxu_204202/N7/egn07w.1344E+02,nstxu_204202/N7/egn07w.1344E+02,nstxu_204202,7,7,201,54,3.6658604856607604,-3.7847022285274283e-06,0.010643360814930173,0.009820933699887973,cd4a4a82c8082d8b8e2d2277e7c8292f123a6d01673368592b95d0d808257380,RULE_EVALUATED,tae_like,0.9998920811073115,1.0,,BAD,BAD_AXIS_SPIKE,"[""BAD_AXIS_SPIKE""]",tae-rules-axis-artifact-v1,"{""boundary_features"":{""axis_artifact"":{""axis_component_touches_boundary"":false,""axis_halfmax_outer_edge_r"":0.015826636849990715,""axis_halfmax_width_grid"":2.2088319840703554,""axis_halfmax_width_r"":0.011044159920351777,""axis_peak"":1.0,""axis_peak_harmonic_index"":11,""axis_peak_is_local_max"":true,""axis_peak_r"":0.01,""r_ax"":0.03}},""crossing_features"":{""W_star_high_shear"":0.0,""W_star_high_shear_sum"":0.0,""W_star_sum"":0.00024918365599799376,""n_cross"":2.0,""r_star_high_shear"":0.17341891160352127,""r_star_max"":0.14946303160090624},""crossing_records"":[{""W_peak"":0.0001912249357632494,""boundary"":""low"",""r_cross"":0.14946303160090624,""shear_weighted"":0.0},{""W_peak"":5.7958720234744366e-05,""boundary"":""low"",""r_cross"":0.17341891160352127,""shear_weighted"":0.0}],""extremum_features"":{""ext_df_gap"":-0.0030606748434410247,""ext_dr"":0.15,""ext_energy_frac"":0.00035056010107392574,""match_found"":true},""feature_schema_version"":""tae-rule-features-grouped-v3"",""numerical_structure_features"":{},""resolution_features"":{},""rf_standard_features"":{""S"":0.06550912922587025,""W_star"":0.9773160780399215,""W_star_max"":0.0001912249357632494,""delta2_eff"":1.3856947245648463e-05,""frac_spikes"":0.0007370554634236226,""gamma_d"":-3.7847022285274283e-06,""max_abs_d1_abs"":0.52274167482262,""max_abs_d2_abs"":0.8980622576224327,""max_per_m_mean"":0.012629342127404372,""max_to_mean"":2781.4197451959185,""max_to_median"":11736918.729174586,""mean_abs_d1_mode"":0.0005886216321239517,""mean_abs_d2_mode"":0.0010981077470611107,""mean_amp"":0.00035952861805406573,""ntor"":7.0,""r_star"":0.01,""rad_loc"":0.010643360814930173,""rad_width"":0.009820933699887973,""spikes_per_m"":0.14814814814814814,""std_amp"":0.012360897191024954,""std_per_m_max"":0.17306473263482175,""std_per_m_mean"":0.0021801512920722977},""source_feature_schema_version"":""rf_all_crossings_extremum_energy_31_v2""}",,,,,NOT_PRESENT,,BAD,rule_engine,,,,
/global/u2/e/ebelova/src_nova/data/nstxu_204202/N7/egn07w.1353E+02,nstxu_204202/N7/egn07w.1353E+02,nstxu_204202,7,7,201,54,3.678212965119925,-2.1681435027674185e-13,0.010597111857144795,0.010470694951009607,2967b4bb605484e5bf143b3cbf81a18a8a9fc745a8277e37a4eb09d21c9ca5d9,RULE_EVALUATED,tae_like,0.9998871441482359,1.0,,BAD,BAD_AXIS_SPIKE,"[""BAD_AXIS_SPIKE""]",tae-rules-axis-artifact-v1,"{""boundary_features"":{""axis_artifact"":{""axis_component_touches_boundary"":false,""axis_halfmax_outer_edge_r"":0.015923841801122145,""axis_halfmax_width_grid"":2.2486670334694208,""axis_halfmax_width_r"":0.011243335167347105,""axis_peak"":1.0,""axis_peak_harmonic_index"":11,""axis_peak_is_local_max"":true,""axis_peak_r"":0.01,""r_ax"":0.03}},""crossing_features"":{""W_star_high_shear"":0.0,""W_star_high_shear_sum"":0.0,""W_star_sum"":0.0,""n_cross"":0.0,""r_star_high_shear"":null,""r_star_max"":null},""crossing_records"":[],""extremum_features"":{""ext_df_gap"":0.0003078866019660785,""ext_dr"":0.15,""ext_energy_frac"":5.410496959508163e-06,""match_found"":true},""feature_schema_version"":""tae-rule-features-grouped-v3"",""numerical_structure_features"":{},""resolution_features"":{},""rf_standard_features"":{""S"":0.057026955696975,""W_star"":0.9870919898856665,""W_star_max"":0.0,""delta2_eff"":0.0,""frac_spikes"":0.0008291873963515755,""gamma_d"":-2.1681435027674185e-13,""max_abs_d1_abs"":0.5341302118791439,""max_abs_d2_abs"":0.8755427420752957,""max_per_m_mean"":0.012483110862035067,""max_to_mean"":2747.181714376381,""max_to_median"":15285545.339549566,""mean_abs_d1_mode"":0.0005881110122348625,""mean_abs_d2_mode"":0.0010978658202126929,""mean_amp"":0.0003640094108153386,""ntor"":7.0,""r_star"":0.01,""rad_loc"":0.010597111857144795,""rad_width"":0.010470694951009607,""spikes_per_m"":0.16666666666666666,""std_amp"":0.012454314270033679,""std_per_m_max"":0.1730368528699857,""std_per_m_mean"":0.002152660269586404},""source_feature_schema_version"":""rf_all_crossings_extremum_energy_31_v2""}",,,,,NOT_PRESENT,,BAD,rule_engine,,,,
/global/u2/e/ebelova/src_nova/data/nstxu_204202/N8/egn08w.1192E+02,nstxu_204202/N8/egn08w.1192E+02,nstxu_204202,8,8,201,54,3.4522325591231153,-1.2355179926087868e-06,0.6434318375834673,0.12056619053870658,af37fd379b702a87f0437735d6f3e6bf7cf8aca6803bfc31b8cff2bdc657cb65,RULE_EVALUATED,tae_like,0.9928196493305064,1.0,,BAD,BAD_AXIS_SPIKE,"[""BAD_AXIS_SPIKE""]",tae-rules-axis-artifact-v1,"{""boundary_features"":{""axis_artifact"":{""axis_component_touches_boundary"":false,""axis_halfmax_outer_edge_r"":0.018091748258595636,""axis_halfmax_width_grid"":1.2388309603666794,""axis_halfmax_width_r"":0.006194154801833397,""axis_peak"":0.5669576368340579,""axis_peak_harmonic_index"":13,""axis_peak_is_local_max"":true,""axis_peak_r"":0.015,""r_ax"":0.03}},""crossing_features"":{""W_star_high_shear"":0.0,""W_star_high_shear_sum"":0.0,""W_star_sum"":1.1640180254617929e-05,""n_cross"":1.0,""r_star_high_shear"":0.17072546878816408,""r_star_max"":0.17072546878816408},""crossing_records"":[{""W_peak"":1.1640180254617929e-05,""boundary"":""low"",""r_cross"":0.17072546878816408,""shear_weighted"":0.0}],""extremum_features"":{""ext_df_gap"":-0.14463995431552776,""ext_dr"":0.49999999999999994,""ext_energy_frac"":2.0841786450175258e-06,""match_found"":true},""feature_schema_version"":""tae-rule-features-grouped-v3"",""numerical_structure_features"":{},""resolution_features"":{},""rf_standard_features"":{""S"":3.8852669681820666,""W_star"":8.952048714000051e-06,""W_star_max"":1.1640180254617929e-05,""delta2_eff"":0.031132061368052102,""frac_spikes"":0.01142435968306615,""gamma_d"":-1.2355179926087868e-06,""max_abs_d1_abs"":0.4584442113437036,""max_abs_d2_abs"":0.915313442481255,""max_per_m_mean"":0.11695011595130143,""max_to_mean"":110.95565982759314,""max_to_median"":62618.308786294794,""mean_abs_d1_mode"":0.002568121066282816,""mean_abs_d2_mode"":0.002172783843421777,""mean_amp"":0.009012609194004885,""ntor"":8.0,""r_star"":0.17500000000000002,""rad_loc"":0.6434318375834673,""rad_width"":0.12056619053870658,""spikes_per_m"":2.2962962962962963,""std_amp"":0.061274198599193135,""std_per_m_max"":0.23544133230582426,""std_per_m_mean"":0.025276677655449584},""source_feature_schema_version"":""rf_all_crossings_extremum_energy_31_v2""}",,,,,NOT_PRESENT,,BAD,rule_engine,,,,
/global/u2/e/ebelova/src_nova/data/nstxu_204202/N8/egn08w.1566E+02,nstxu_204202/N8/egn08w.1566E+02,nstxu_204202,8,8,201,54,3.956947977217781,-9.320582982760383e-16,0.054495746465343116,0.027142238598771545,6d7b53f4e564f3735d1f8a5db8f70573f05f09e3baff5a1a0830cebe72c9b8fe,RULE_EVALUATED,tae_like,0.9986104170092294,1.0,,BAD,BAD_AXIS_SPIKE,"[""BAD_AXIS_SPIKE""]",tae-rules-axis-artifact-v1,"{""boundary_features"":{""axis_artifact"":{""axis_component_touches_boundary"":false,""axis_halfmax_outer_edge_r"":0.023962578977475647,""axis_halfmax_width_grid"":2.6903230882973705,""axis_halfmax_width_r"":0.013451615441486854,""axis_peak"":0.9697350963435611,""axis_peak_harmonic_index"":12,""axis_peak_is_local_max"":true,""axis_peak_r"":0.015,""r_ax"":0.03}},""crossing_features"":{""W_star_high_shear"":0.0,""W_star_high_shear_sum"":0.0,""W_star_sum"":0.0,""n_cross"":0.0,""r_star_high_shear"":null,""r_star_max"":null},""crossing_records"":[],""extremum_features"":{""ext_df_gap"":0.0013608110310074815,""ext_dr"":0.0050000000000000044,""ext_energy_frac"":0.5974766271662232,""match_found"":true},""feature_schema_version"":""tae-rule-features-grouped-v3"",""numerical_structure_features"":{},""resolution_features"":{},""rf_standard_features"":{""S"":1.6393543333495577,""W_star"":0.3335039651711193,""W_star_max"":0.0,""delta2_eff"":0.0,""frac_spikes"":0.0036852773171181133,""gamma_d"":-9.320582982760383e-16,""max_abs_d1_abs"":0.6932776305883405,""max_abs_d2_abs"":0.9789668913023235,""max_per_m_mean"":0.05932528578138554,""max_to_mean"":550.8182484568897,""max_to_median"":9550095.504214065,""mean_abs_d1_mode"":0.003351323064439462,""mean_abs_d2_mode"":0.006385014468783474,""mean_amp"":0.0018154808818528962,""ntor"":8.0,""r_star"":0.01,""rad_loc"":0.054495746465343116,""rad_width"":0.027142238598771545,""spikes_per_m"":0.7407407407407407,""std_amp"":0.030307679437725304,""std_per_m_max"":0.19779180592377946,""std_per_m_mean"":0.010793733602106871},""source_feature_schema_version"":""rf_all_crossings_extremum_energy_31_v2""}",,,,,NOT_PRESENT,,BAD,rule_engine,,,,
/global/u2/e/ebelova/src_nova/data/nstxu_204202/N8/egn08w.1573E+02,nstxu_204202/N8/egn08w.1573E+02,nstxu_204202,8,8,201,54,3.9658421537533286,-1.991395489967251e-15,0.049715486646522845,0.02694225133467249,ac2692ea2d0466a59b6b68a4eb4a2654d3fffe329e3e453df8f240306608b188,RULE_EVALUATED,tae_like,0.9986323542054376,1.0,,BAD,BAD_AXIS_SPIKE,"[""BAD_AXIS_SPIKE""]",tae-rules-axis-artifact-v1,"{""boundary_features"":{""axis_artifact"":{""axis_component_touches_boundary"":false,""axis_halfmax_outer_edge_r"":0.021684520986250972,""axis_halfmax_width_grid"":2.277542709624429,""axis_halfmax_width_r"":0.011387713548122146,""axis_peak"":1.0,""axis_peak_harmonic_index"":12,""axis_peak_is_local_max"":true,""axis_peak_r"":0.015,""r_ax"":0.03}},""crossing_features"":{""W_star_high_shear"":0.0,""W_star_high_shear_sum"":0.0,""W_star_sum"":0.0,""n_cross"":0.0,""r_star_high_shear"":null,""r_star_max"":null},""crossing_records"":[],""extremum_features"":{""ext_df_gap"":0.0036004546924679544,""ext_dr"":0.065,""ext_energy_frac"":0.4815221187040527,""match_found"":true},""feature_schema_version"":""tae-rule-features-grouped-v3"",""numerical_structure_features"":{},""resolution_features"":{},""rf_standard_features"":{""S"":1.4740968062285924,""W_star"":0.35590445304852786,""W_star_max"":0.0,""delta2_eff"":0.0,""frac_spikes"":0.0036852773171181133,""gamma_d"":-1.991395489967251e-15,""max_abs_d1_abs"":0.6319039934675461,""max_abs_d2_abs"":0.8629617272849617,""max_per_m_mean"":0.051540021628957246,""max_to_mean"":632.7980786160749,""max_to_median"":6330778.632900885,""mean_abs_d1_mode"":0.0030261358423662884,""mean_abs_d2_mode"":0.005835729996948563,""mean_amp"":0.0015802829261969238,""ntor"":8.0,""r_star"":0.01,""rad_loc"":0.049715486646522845,""rad_width"":0.02694225133467249,""spikes_per_m"":0.7407407407407407,""std_amp"":0.027037602197137453,""std_per_m_max"":0.1852227505101294,""std_per_m_mean"":0.009356840771633528},""source_feature_schema_version"":""rf_all_crossings_extremum_energy_31_v2""}",,,,,NOT_PRESENT,,BAD,rule_engine,,,,
/global/u2/e/ebelova/src_nova/data/nstxu_204202/N8/egn08w.1583E+02,nstxu_204202/N8/egn08w.1583E+02,nstxu_204202,8,8,201,54,3.9788587330331553,-4.015550646834431e-15,0.04015151595084317,0.02176504012890652,24692786ded837c6a98abffece3785e301902453ef68c816da7ffa65c511f5a5,RULE_EVALUATED,tae_like,0.9992659473000889,1.0,,BAD,BAD_AXIS_SPIKE,"[""BAD_AXIS_SPIKE""]",tae-rules-axis-artifact-v1,"{""boundary_features"":{""axis_artifact"":{""axis_component_touches_boundary"":false,""axis_halfmax_outer_edge_r"":0.022420463864280534,""axis_halfmax_width_grid"":2.4764141818402226,""axis_halfmax_width_r"":0.012382070909201114,""axis_peak"":1.0,""axis_peak_harmonic_index"":12,""axis_peak_is_local_max"":true,""axis_peak_r"":0.015,""r_ax"":0.03}},""crossing_features"":{""W_star_high_shear"":0.0,""W_star_high_shear_sum"":0.0,""W_star_sum"":0.0,""n_cross"":0.0,""r_star_high_shear"":null,""r_star_max"":null},""crossing_records"":[],""extremum_features"":{""ext_df_gap"":0.006860111429763503,""ext_dr"":0.065,""ext_energy_frac"":0.4104553048171312,""match_found"":true},""feature_schema_version"":""tae-rule-features-grouped-v3"",""numerical_structure_features"":{},""resolution_features"":{},""rf_standard_features"":{""S"":1.3853186472839576,""W_star"":0.3720580158929709,""W_star_max"":0.0,""delta2_eff"":0.0,""frac_spikes"":0.0031324857195503962,""gamma_d"":-4.015550646834431e-15,""max_abs_d1_abs"":0.5791700273787344,""max_abs_d2_abs"":0.7747506560978513,""max_per_m_mean"":0.04516301437452111,""max_to_mean"":741.9503885770488,""max_to_median"":10555311.614112379,""mean_abs_d1_mode"":0.0025916791454413377,""mean_abs_d2_mode"":0.005018431765911179,""mean_amp"":0.0013477990100873212,""ntor"":8.0,""r_star"":0.01,""rad_loc"":0.04015151595084317,""rad_width"":0.02176504012890652,""spikes_per_m"":0.6296296296296297,""std_amp"":0.024364874224684197,""std_per_m_max"":0.18185832893446308,""std_per_m_mean"":0.008106179092274348},""source_feature_schema_version"":""rf_all_crossings_extremum_energy_31_v2""}",,,,,NOT_PRESENT,,BAD,rule_engine,,,,
/global/u2/e/ebelova/src_nova/data/nstxu_204202/N8/egn08w.1612E+02,nstxu_204202/N8/egn08w.1612E+02,nstxu_204202,8,8,201,54,4.015473642959524,-9.708012042411433e-15,0.021417416597931456,0.011139243693568283,793307a4d0f072e7e0415f1e754d1483818eb2cb322ac3332bdff9af5608259d,RULE_EVALUATED,tae_like,0.999824861244194,1.0,,BAD,BAD_AXIS_SPIKE,"[""BAD_AXIS_SPIKE""]",tae-rules-axis-artifact-v1,"{""boundary_features"":{""axis_artifact"":{""axis_component_touches_boundary"":false,""axis_halfmax_outer_edge_r"":0.03697306420324165,""axis_halfmax_width_grid"":6.638141282375321,""axis_halfmax_width_r"":0.03319070641187661,""axis_peak"":1.0,""axis_peak_harmonic_index"":12,""axis_peak_is_local_max"":true,""axis_peak_r"":0.015,""r_ax"":0.03}},""crossing_features"":{""W_star_high_shear"":0.0,""W_star_high_shear_sum"":0.0,""W_star_sum"":0.0,""n_cross"":0.0,""r_star_high_shear"":null,""r_star_max"":null},""crossing_records"":[],""extremum_features"":{""ext_df_gap"":0.015916011380206666,""ext_dr"":0.065,""ext_energy_frac"":0.015186264559783473,""match_found"":true},""feature_schema_version"":""tae-rule-features-grouped-v3"",""numerical_structure_features"":{},""resolution_features"":{},""rf_standard_features"":{""S"":1.024972333040781,""W_star"":0.5988884351415804,""W_star_max"":0.0,""delta2_eff"":0.0,""frac_spikes"":0.002026902524414962,""gamma_d"":-9.708012042411433e-15,""max_abs_d1_abs"":0.6609633826042031,""max_abs_d2_abs"":0.7818182647747981,""max_per_m_mean"":0.031565302787222735,""max_to_mean"":1099.6927661307082,""max_to_median"":8437988.440177273,""mean_abs_d1_mode"":0.0016892066218563494,""mean_abs_d2_mode"":0.0032358272281930744,""mean_amp"":0.0009093448913179887,""ntor"":8.0,""r_star"":0.01,""rad_loc"":0.021417416597931456,""rad_width"":0.011139243693568283,""spikes_per_m"":0.4074074074074074,""std_amp"":0.020283533904354147,""std_per_m_max"":0.18595717016925564,""std_per_m_mean"":0.005576023616089098},""source_feature_schema_version"":""rf_all_crossings_extremum_energy_31_v2""}",,,,,NOT_PRESENT,,BAD,rule_engine,,,,
/global/u2/e/ebelova/src_nova/data/nstxu_204202/N8/egn08w.2323E+02,nstxu_204202/N8/egn08w.2323E+02,nstxu_204202,8,8,201,54,4.819629565948044,-3.574001242149889e-10,0.7648289237180514,0.0973546805133142,a473424bfaca2b3e1019fc7fa6dbec6948ea41f3eaa4a9c792994662d9f90f60,RULE_EVALUATED,tae_like,0.9888141727660269,0.9978186328902313,,BAD,BAD_AXIS_SPIKE,"[""BAD_AXIS_SPIKE""]",tae-rules-axis-artifact-v1,"{""boundary_features"":{""axis_artifact"":{""axis_component_touches_boundary"":false,""axis_halfmax_outer_edge_r"":0.01844943767735991,""axis_halfmax_width_grid"":1.193200070080307,""axis_halfmax_width_r"":0.005966000350401535,""axis_peak"":0.29459874204319725,""axis_peak_harmonic_index"":13,""axis_peak_is_local_max"":true,""axis_peak_r"":0.015,""r_ax"":0.03}},""crossing_features"":{""W_star_high_shear"":0.0,""W_star_high_shear_sum"":0.0,""W_star_sum"":1.0283416161409904e-07,""n_cross"":1.0,""r_star_high_shear"":0.1602457809712801,""r_star_max"":0.1602457809712801},""crossing_records"":[{""W_peak"":1.0283416161409904e-07,""boundary"":""high"",""r_cross"":0.1602457809712801,""shear_weighted"":0.0}],""extremum_features"":{""ext_df_gap"":-0.06985354558689577,""ext_dr"":0.8500000000000001,""ext_energy_frac"":4.145209213439061e-08,""match_found"":true},""feature_schema_version"":""tae-rule-features-grouped-v3"",""numerical_structure_features"":{},""resolution_features"":{},""rf_standard_features"":{""S"":6.161274635684903,""W_star"":1.2276318290004486e-06,""W_star_max"":1.0283416161409904e-07,""delta2_eff"":0.005262977378718184,""frac_spikes"":0.012990602542841349,""gamma_d"":-3.574001242149889e-10,""max_abs_d1_abs"":0.6901453455130868,""max_abs_d2_abs"":1.2169143457595806,""max_per_m_mean"":0.06749814388816945,""max_to_mean"":93.78764301913284,""max_to_median"":143289.2676502345,""mean_abs_d1_mode"":0.0036201471559369823,""mean_abs_d2_mode"":0.003387791123952595,""mean_amp"":0.010662385445620065,""ntor"":8.0,""r_star"":0.165,""rad_loc"":0.7648289237180514,""rad_width"":0.0973546805133142,""spikes_per_m"":2.611111111111111,""std_amp"":0.06931485630943937,""std_per_m_max"":0.29398108112928734,""std_per_m_mean"":0.020710550826599526},""source_feature_schema_version"":""rf_all_crossings_extremum_energy_31_v2""}",,,,,NOT_PRESENT,,BAD,rule_engine,,,,
/global/u2/e/ebelova/src_nova/data/nstxu_204202/N8/egn08w.2651E+02,nstxu_204202/N8/egn08w.2651E+02,nstxu_204202,8,8,201,54,5.149175769186142,-4.89062764417517e-09,0.7800914087732329,0.08060560370134943,99933374345b82c21694501b4e688122867dd611763a37811aa0b0db617f8292,RULE_EVALUATED,tae_like,0.9909901983610651,0.9997213251843798,,BAD,BAD_AXIS_SPIKE,"[""BAD_AXIS_SPIKE""]",tae-rules-axis-artifact-v1,"{""boundary_features"":{""axis_artifact"":{""axis_component_touches_boundary"":false,""axis_halfmax_outer_edge_r"":0.017536713433293726,""axis_halfmax_width_grid"":1.095682085719847,""axis_halfmax_width_r"":0.0054784104285992355,""axis_peak"":0.11353950634937646,""axis_peak_harmonic_index"":13,""axis_peak_is_local_max"":true,""axis_peak_r"":0.015,""r_ax"":0.03}},""crossing_features"":{""W_star_high_shear"":9.836797678208372e-10,""W_star_high_shear_sum"":9.836797678208372e-10,""W_star_sum"":8.407585011151344e-06,""n_cross"":1.0,""r_star_high_shear"":0.2108166116099012,""r_star_max"":0.2108166116099012},""crossing_records"":[{""W_peak"":8.407585011151344e-06,""boundary"":""high"",""r_cross"":0.2108166116099012,""shear_weighted"":9.836797678208372e-10}],""extremum_features"":{""ext_df_gap"":-0.12938272972186762,""ext_dr"":0.7200000000000001,""ext_energy_frac"":6.545782205669557e-09,""match_found"":true},""feature_schema_version"":""tae-rule-features-grouped-v3"",""numerical_structure_features"":{},""resolution_features"":{},""rf_standard_features"":{""S"":7.010572253263358,""W_star"":1.3585459329150729e-05,""W_star_max"":8.407585011151344e-06,""delta2_eff"":0.0015701002624215964,""frac_spikes"":0.012806338676985444,""gamma_d"":-4.89062764417517e-09,""max_abs_d1_abs"":0.4641575710833307,""max_abs_d2_abs"":0.7841836115982221,""max_per_m_mean"":0.05923683347643282,""max_to_mean"":96.6433106719109,""max_to_median"":210978.49449087816,""mean_abs_d1_mode"":0.0032283541532763848,""mean_abs_d2_mode"":0.002481211381001216,""mean_amp"":0.01034732764172579,""ntor"":8.0,""r_star"":0.215,""rad_loc"":0.7800914087732329,""rad_width"":0.08060560370134943,""spikes_per_m"":2.574074074074074,""std_amp"":0.06846405058884181,""std_per_m_max"":0.3195170769783426,""std_per_m_mean"":0.019226178848516563},""source_feature_schema_version"":""rf_all_crossings_extremum_energy_31_v2""}",,,,,NOT_PRESENT,,BAD,rule_engine,,,,
/global/u2/e/ebelova/src_nova/data/nstxu_204202/N8/egn08w.3013E+02,nstxu_204202/N8/egn08w.3013E+02,nstxu_204202,8,8,201,54,5.488711688847345,-5.920858417058206e-07,0.7991338901702387,0.09483024398457111,55ba68708481e4f0c1c091b98d4fc258cdc6e8527879b5b21bb7cda192cdc07f,RULE_EVALUATED,tae_like,0.9857690785108464,0.9969250062485573,,BAD,BAD_AXIS_SPIKE,"[""BAD_AXIS_SPIKE""]",tae-rules-axis-artifact-v1,"{""boundary_features"":{""axis_artifact"":{""axis_component_touches_boundary"":false,""axis_halfmax_outer_edge_r"":0.01750711076194479,""axis_halfmax_width_grid"":1.1738671543732533,""axis_halfmax_width_r"":0.005869335771866267,""axis_peak"":0.38572285865443906,""axis_peak_harmonic_index"":13,""axis_peak_is_local_max"":true,""axis_peak_r"":0.015,""r_ax"":0.03}},""crossing_features"":{""W_star_high_shear"":2.4922838961807283e-06,""W_star_high_shear_sum"":2.4922838961807283e-06,""W_star_sum"":0.00042759241761173075,""n_cross"":1.0,""r_star_high_shear"":0.2763455552437408,""r_star_max"":0.2763455552437408},""crossing_records"":[{""W_peak"":0.00042759241761173075,""boundary"":""high"",""r_cross"":0.2763455552437408,""shear_weighted"":2.4922838961807283e-06}],""extremum_features"":{""ext_df_gap"":-0.18323978257772464,""ext_dr"":0.74,""ext_energy_frac"":8.55782826510301e-08,""match_found"":true},""feature_schema_version"":""tae-rule-features-grouped-v3"",""numerical_structure_features"":{},""resolution_features"":{},""rf_standard_features"":{""S"":5.474349409553639,""W_star"":0.00019578035280397253,""W_star_max"":0.00042759241761173075,""delta2_eff"":0.028323410854809803,""frac_spikes"":0.01271420674405749,""gamma_d"":-5.920858417058206e-07,""max_abs_d1_abs"":0.3938696986938829,""max_abs_d2_abs"":0.6714351069244568,""max_per_m_mean"":0.05131981553062466,""max_to_mean"":92.62842516824624,""max_to_median"":120435.39693787797,""mean_abs_d1_mode"":0.003588733873271573,""mean_abs_d2_mode"":0.0026377570440230267,""mean_amp"":0.010795822104186864,""ntor"":8.0,""r_star"":0.28,""rad_loc"":0.7991338901702387,""rad_width"":0.09483024398457111,""spikes_per_m"":2.5555555555555554,""std_amp"":0.07005391926463672,""std_per_m_max"":0.3303302857809313,""std_per_m_mean"":0.016940072266724514},""source_feature_schema_version"":""rf_all_crossings_extremum_energy_31_v2""}",,,,,NOT_PRESENT,,BAD,rule_engine,,,,
/global/u2/e/ebelova/src_nova/data/nstxu_204202/N9/egn09w.1241E+02,nstxu_204202/N9/egn09w.1241E+02,nstxu_204202,9,9,201,54,3.522103679588342,-1.011075052423813e-05,0.013253517369659825,0.014728647290537888,ebf6a282615f5e72dc54e1b8b52c2bd22e9e49949ad853e4f1d61d2ef57d98e1,RULE_EVALUATED,tae_like,0.9986661419866405,1.0,,BAD,BAD_AXIS_SPIKE,"[""BAD_AXIS_SPIKE""]",tae-rules-axis-artifact-v1,"{""boundary_features"":{""axis_artifact"":{""axis_component_touches_boundary"":false,""axis_halfmax_outer_edge_r"":0.01799217125599073,""axis_halfmax_width_grid"":1.1452743249060422,""axis_halfmax_width_r"":0.0057263716245302115,""axis_peak"":1.0,""axis_peak_harmonic_index"":13,""axis_peak_is_local_max"":true,""axis_peak_r"":0.015,""r_ax"":0.03}},""crossing_features"":{""W_star_high_shear"":0.0,""W_star_high_shear_sum"":0.0,""W_star_sum"":1.7421522331189994e-05,""n_cross"":1.0,""r_star_high_shear"":0.11388706325740902,""r_star_max"":0.11388706325740902},""crossing_records"":[{""W_peak"":1.7421522331189994e-05,""boundary"":""low"",""r_cross"":0.11388706325740902,""shear_weighted"":0.0}],""extremum_features"":{""ext_df_gap"":0.12138197988453657,""ext_dr"":0.38,""ext_energy_frac"":8.135505816692268e-06,""match_found"":true},""feature_schema_version"":""tae-rule-features-grouped-v3"",""numerical_structure_features"":{},""resolution_features"":{},""rf_standard_features"":{""S"":6.908067021796158,""W_star"":2.5746087040050945e-05,""W_star_max"":1.7421522331189994e-05,""delta2_eff"":3.0882429503792097,""frac_spikes"":0.001013451262207481,""gamma_d"":-1.011075052423813e-05,""max_abs_d1_abs"":0.9143441090732557,""max_abs_d2_abs"":1.7498577832971707,""max_per_m_mean"":0.011403173654263594,""max_to_mean"":1749.3527793212793,""max_to_median"":2535482.1848208206,""mean_abs_d1_mode"":0.0007123595364063938,""mean_abs_d2_mode"":0.0012442197492560803,""mean_amp"":0.0005716399859830623,""ntor"":9.0,""r_star"":0.115,""rad_loc"":0.013253517369659825,""rad_width"":0.014728647290537888,""spikes_per_m"":0.2037037037037037,""std_amp"":0.015885245167950122,""std_per_m_max"":0.22223138997897487,""std_per_m_mean"":0.002288151793783644},""source_feature_schema_version"":""rf_all_crossings_extremum_energy_31_v2""}",,,,,NOT_PRESENT,,BAD,rule_engine,,,,
/global/u2/e/ebelova/src_nova/data/nstxu_204202/N9/egn09w.1804E+02,nstxu_204202/N9/egn09w.1804E+02,nstxu_204202,9,9,201,54,4.246770372147525,-1.1333336434465004e-10,0.7135076907358734,0.09141023458829257,91c10ecdfdb1f4f7ae9aa60db30cbf036414866af5c8b275a4edd7d55b99cc6c,RULE_EVALUATED,tae_like,0.9937313487820677,1.0,,BAD,BAD_AXIS_SPIKE,"[""BAD_AXIS_SPIKE""]",tae-rules-axis-artifact-v1,"{""boundary_features"":{""axis_artifact"":{""axis_component_touches_boundary"":false,""axis_halfmax_outer_edge_r"":0.02347393576636311,""axis_halfmax_width_grid"":2.682899582252424,""axis_halfmax_width_r"":0.01341449791126212,""axis_peak"":0.12915610887047357,""axis_peak_harmonic_index"":14,""axis_peak_is_local_max"":true,""axis_peak_r"":0.015,""r_ax"":0.03}},""crossing_features"":{""W_star_high_shear"":0.0,""W_star_high_shear_sum"":0.0,""W_star_sum"":0.0,""n_cross"":0.0,""r_star_high_shear"":null,""r_star_max"":null},""crossing_records"":[],""extremum_features"":{""ext_df_gap"":0.2713089029025096,""ext_dr"":0.31499999999999995,""ext_energy_frac"":0.00013007613409634304,""match_found"":true},""feature_schema_version"":""tae-rule-features-grouped-v3"",""numerical_structure_features"":{},""resolution_features"":{},""rf_standard_features"":{""S"":7.6961589027393185,""W_star"":0.0008468041343405809,""W_star_max"":0.0,""delta2_eff"":0.0,""frac_spikes"":0.012161415146489774,""gamma_d"":-1.1333336434465004e-10,""max_abs_d1_abs"":0.30993305768928675,""max_abs_d2_abs"":0.5793074406437326,""max_per_m_mean"":0.07896220405430278,""max_to_mean"":105.88866997999668,""max_to_median"":260381.46997503078,""mean_abs_d1_mode"":0.00282599457955536,""mean_abs_d2_mode"":0.0022576396873126956,""mean_amp"":0.0094438810127941,""ntor"":9.0,""r_star"":0.01,""rad_loc"":0.7135076907358734,""rad_width"":0.09141023458829257,""spikes_per_m"":2.4444444444444446,""std_amp"":0.06427836329951377,""std_per_m_max"":0.265073344490689,""std_per_m_mean"":0.021700739067674},""source_feature_schema_version"":""rf_all_crossings_extremum_energy_31_v2""}",,,,,NOT_PRESENT,,BAD,rule_engine,,,,
/global/u2/e/ebelova/src_nova/data/nstxu_204202/N9/egn09w.2021E+02,nstxu_204202/N9/egn09w.2021E+02,nstxu_204202,9,9,201,54,4.495766809155324,-2.879493740586941e-13,0.02337378221993537,0.003015190570959712,86148c98cbc1163a3fce2f2c6e4d63dd11da466f185f6091e36304cf6ae7745d,RULE_EVALUATED,tae_like,0.9806462284195204,1.0,,BAD,BAD_AXIS_SPIKE,"[""BAD_AXIS_SPIKE""]",tae-rules-axis-artifact-v1,"{""boundary_features"":{""axis_artifact"":{""axis_component_touches_boundary"":false,""axis_halfmax_outer_edge_r"":0.027628754003492698,""axis_halfmax_width_grid"":1.935259577274826,""axis_halfmax_width_r"":0.00967629788637413,""axis_peak"":1.0,""axis_peak_harmonic_index"":13,""axis_peak_is_local_max"":true,""axis_peak_r"":0.025,""r_ax"":0.03}},""crossing_features"":{""W_star_high_shear"":0.0,""W_star_high_shear_sum"":0.0,""W_star_sum"":0.0,""n_cross"":0.0,""r_star_high_shear"":null,""r_star_max"":null},""crossing_records"":[],""extremum_features"":{""ext_df_gap"":0.2993112824636313,""ext_dr"":0.355,""ext_energy_frac"":4.272652814712585e-07,""match_found"":true},""feature_schema_version"":""tae-rule-features-grouped-v3"",""numerical_structure_features"":{},""resolution_features"":{},""rf_standard_features"":{""S"":4.435468306483567,""W_star"":0.00021828354218392574,""W_star_max"":0.0,""delta2_eff"":0.0,""frac_spikes"":0.0008291873963515755,""gamma_d"":-2.879493740586941e-13,""max_abs_d1_abs"":0.9510209006542156,""max_abs_d2_abs"":1.2173195951665665,""max_per_m_mean"":0.01032552513713843,""max_to_mean"":3429.092050770016,""max_to_median"":57070332.92575996,""mean_abs_d1_mode"":0.00031121278386378703,""mean_abs_d2_mode"":0.00048526740992839543,""mean_amp"":0.0002916223833496549,""ntor"":9.0,""r_star"":0.01,""rad_loc"":0.02337378221993537,""rad_width"":0.003015190570959712,""spikes_per_m"":0.16666666666666666,""std_amp"":0.012463638546997221,""std_per_m_max"":0.17669343231170132,""std_per_m_mean"":0.0018343159116455763},""source_feature_schema_version"":""rf_all_crossings_extremum_energy_31_v2""}",,,,,NOT_PRESENT,,BAD,rule_engine,,,,
/global/u2/e/ebelova/src_nova/data/nstxu_204202/N9/egn09w.3282E+02,nstxu_204202/N9/egn09w.3282E+02,nstxu_204202,9,9,201,54,5.729272028536759,-1.4522976071210879e-05,0.4175931575297961,0.40715349499374925,fe10072cc26ecdbabddd0aad530d999303f7623d032001e392a316fb50e23035,RULE_EVALUATED,tae_like,0.45698893343026453,0.6089417559606296,,BAD,BAD_AXIS_SPIKE,"[""BAD_AXIS_SPIKE""]",tae-rules-axis-artifact-v1,"{""boundary_features"":{""axis_artifact"":{""axis_component_touches_boundary"":false,""axis_halfmax_outer_edge_r"":0.017362335425678905,""axis_halfmax_width_grid"":2.9724670851357806,""axis_halfmax_width_r"":0.014862335425678904,""axis_peak"":1.0,""axis_peak_harmonic_index"":13,""axis_peak_is_local_max"":true,""axis_peak_r"":0.005,""r_ax"":0.03}},""crossing_features"":{""W_star_high_shear"":1.7595402071802233e-06,""W_star_high_shear_sum"":1.7595402071802233e-06,""W_star_sum"":0.0008951429215980802,""n_cross"":1.0,""r_star_high_shear"":0.24433568335917719,""r_star_max"":0.24433568335917719},""crossing_records"":[{""W_peak"":0.0008951429215980802,""boundary"":""high"",""r_cross"":0.24433568335917719,""shear_weighted"":1.7595402071802233e-06}],""extremum_features"":{""ext_df_gap"":0.019571161810047644,""ext_dr"":0.37,""ext_energy_frac"":0.0014569390857128214,""match_found"":true},""feature_schema_version"":""tae-rule-features-grouped-v3"",""numerical_structure_features"":{},""resolution_features"":{},""rf_standard_features"":{""S"":0.42390194275999526,""W_star"":0.5189590693800891,""W_star_max"":0.0008951429215980802,""delta2_eff"":4.002923225006527,""frac_spikes"":0.010226644555002764,""gamma_d"":-1.4522976071210879e-05,""max_abs_d1_abs"":1.0,""max_abs_d2_abs"":1.2709463914384633,""max_per_m_mean"":0.018729780521384867,""max_to_mean"":195.92127537126945,""max_to_median"":12327.554431034187,""mean_abs_d1_mode"":0.0025307523245569267,""mean_abs_d2_mode"":0.002948203554155071,""mean_amp"":0.005104090905436817,""ntor"":9.0,""r_star"":0.245,""rad_loc"":0.4175931575297961,""rad_width"":0.40715349499374925,""spikes_per_m"":2.0555555555555554,""std_amp"":0.0262060842177219,""std_per_m_max"":0.19318444683541136,""std_per_m_mean"":0.0043207647506482375},""source_feature_schema_version"":""rf_all_crossings_extremum_energy_31_v2""}",,,,,NOT_PRESENT,,BAD,rule_engine,,,,
/global/u2/e/ebelova/src_nova/data/nstxu_204202/N9/egn09w.3285E+02,nstxu_204202/N9/egn09w.3285E+02,nstxu_204202,9,9,201,54,5.731361919931148,-4.0066445046644287e-07,0.7985478751533386,0.1956052657819371,389ebfcb193458d515051f2a66a38e8d8d842a1b0d8222f6437ff9a2d9957cba,RULE_EVALUATED,tae_like,0.9352340207559958,0.9670996281913253,,BAD,BAD_AXIS_SPIKE,"[""BAD_AXIS_SPIKE""]",tae-rules-axis-artifact-v1,"{""boundary_features"":{""axis_artifact"":{""axis_component_touches_boundary"":false,""axis_halfmax_outer_edge_r"":0.017379851877367125,""axis_halfmax_width_grid"":2.975970375473425,""axis_halfmax_width_r"":0.014879851877367125,""axis_peak"":0.957955698909575,""axis_peak_harmonic_index"":13,""axis_peak_is_local_max"":true,""axis_peak_r"":0.005,""r_ax"":0.03}},""crossing_features"":{""W_star_high_shear"":7.40390298228585e-07,""W_star_high_shear_sum"":7.40390298228585e-07,""W_star_sum"":0.0003688733884005699,""n_cross"":1.0,""r_star_high_shear"":0.244801411514317,""r_star_max"":0.244801411514317},""crossing_records"":[{""W_peak"":0.0003688733884005699,""boundary"":""high"",""r_cross"":0.244801411514317,""shear_weighted"":7.40390298228585e-07}],""extremum_features"":{""ext_df_gap"":0.019199384032478888,""ext_dr"":0.48,""ext_energy_frac"":0.00020570324897033307,""match_found"":true},""feature_schema_version"":""tae-rule-features-grouped-v3"",""numerical_structure_features"":{},""resolution_features"":{},""rf_standard_features"":{""S"":2.829923176851536,""W_star"":0.0010307004126071404,""W_star_max"":0.0003688733884005699,""delta2_eff"":0.4005959371948663,""frac_spikes"":0.015201768933112217,""gamma_d"":-4.0066445046644287e-07,""max_abs_d1_abs"":0.957955698909575,""max_abs_d2_abs"":1.220112738701677,""max_per_m_mean"":0.048296919469875604,""max_to_mean"":58.959214445260024,""max_to_median"":10916.35538666399,""mean_abs_d1_mode"":0.0067687342856362406,""mean_abs_d2_mode"":0.006342087110947626,""mean_amp"":0.016960877266597216,""ntor"":9.0,""r_star"":0.245,""rad_loc"":0.7985478751533386,""rad_width"":0.1956052657819371,""spikes_per_m"":3.0555555555555554,""std_amp"":0.07920024436821732,""std_per_m_max"":0.19579338831794801,""std_per_m_mean"":0.01396935368672839},""source_feature_schema_version"":""rf_all_crossings_extremum_energy_31_v2""}",,,,,NOT_PRESENT,,BAD,rule_engine,,,,
/global/u2/e/ebelova/src_nova/data/nstxu_204202/N9/egn09w.3289E+02,nstxu_204202/N9/egn09w.3289E+02,nstxu_204202,9,9,201,54,5.7353153807308095,-2.6213571367153763e-05,0.84477603241282,0.10156874376556682,2662261c5401c6c3e4f3d4902680e50905927b1caa6a53ae99dbbfd87e27f23c,RULE_EVALUATED,tae_like,0.9676825534342924,0.9962656026136918,,BAD,BAD_AXIS_SPIKE,"[""BAD_AXIS_SPIKE""]",tae-rules-axis-artifact-v1,"{""boundary_features"":{""axis_artifact"":{""axis_component_touches_boundary"":false,""axis_halfmax_outer_edge_r"":0.017384620210579613,""axis_halfmax_width_grid"":2.976924042115922,""axis_halfmax_width_r"":0.014884620210579612,""axis_peak"":0.3140080899895258,""axis_peak_harmonic_index"":13,""axis_peak_is_local_max"":true,""axis_peak_r"":0.005,""r_ax"":0.03}},""crossing_features"":{""W_star_high_shear"":8.659632200981468e-08,""W_star_high_shear_sum"":8.659632200981468e-08,""W_star_sum"":4.1608536760613996e-05,""n_cross"":1.0,""r_star_high_shear"":0.2456203383217231,""r_star_max"":0.2456203383217231},""crossing_records"":[{""W_peak"":4.1608536760613996e-05,""boundary"":""high"",""r_cross"":0.2456203383217231,""shear_weighted"":8.659632200981468e-08}],""extremum_features"":{""ext_df_gap"":0.01849683072122606,""ext_dr"":0.53,""ext_energy_frac"":0.0002035666026039393,""match_found"":true},""feature_schema_version"":""tae-rule-features-grouped-v3"",""numerical_structure_features"":{},""resolution_features"":{},""rf_standard_features"":{""S"":5.855896315699053,""W_star"":8.524906369209292e-05,""W_star_max"":4.1608536760613996e-05,""delta2_eff"":0.046339724985735846,""frac_spikes"":0.016030956329463792,""gamma_d"":-2.6213571367153763e-05,""max_abs_d1_abs"":0.5061610491757572,""max_abs_d2_abs"":0.7684030754424201,""max_per_m_mean"":0.04414120522106075,""max_to_mean"":64.84967630791846,""max_to_median"":20889.40382709682,""mean_abs_d1_mode"":0.005752765095168389,""mean_abs_d2_mode"":0.004739594349268693,""mean_amp"":0.015420277430329218,""ntor"":9.0,""r_star"":0.25,""rad_loc"":0.84477603241282,""rad_width"":0.10156874376556682,""spikes_per_m"":3.2222222222222223,""std_amp"":0.0767179059048732,""std_per_m_max"":0.16760133169690516,""std_per_m_mean"":0.012713304922905889},""source_feature_schema_version"":""rf_all_crossings_extremum_energy_31_v2""}",,,,,NOT_PRESENT,,BAD,rule_engine,,,,
/global/u2/e/ebelova/src_nova/data/nstxu_204202/N10/egn10w.1012E+02,nstxu_204202/N10/egn10w.1012E+02,nstxu_204202,10,10,201,54,3.1811230877642216,-1.687252128270969e-05,0.01773111978183783,0.03683808525325961,8e7b3621d68cbc837a52ce7a7d77c078c813e9a033d2a227577a379430c6dc92,RULE_EVALUATED,tae_like,0.9996537376492025,1.0,,BAD,BAD_AXIS_SPIKE,"[""BAD_AXIS_SPIKE""]",tae-rules-axis-artifact-v1,"{""boundary_features"":{""axis_artifact"":{""axis_component_touches_boundary"":false,""axis_halfmax_outer_edge_r"":0.01766818559923342,""axis_halfmax_width_grid"":1.0685442774935219,""axis_halfmax_width_r"":0.00534272138746761,""axis_peak"":1.0,""axis_peak_harmonic_index"":15,""axis_peak_is_local_max"":true,""axis_peak_r"":0.015,""r_ax"":0.03}},""crossing_features"":{""W_star_high_shear"":6.85545463409556e-05,""W_star_high_shear_sum"":0.00010353468519703061,""W_star_sum"":0.004905490325554664,""n_cross"":3.0,""r_star_high_shear"":0.3543905062768365,""r_star_max"":0.3543905062768365},""crossing_records"":[{""W_peak"":9.635249682643728e-06,""boundary"":""low"",""r_cross"":0.11673463674388489,""shear_weighted"":0.0},{""W_peak"":0.002019814038649154,""boundary"":""low"",""r_cross"":0.3315997521491622,""shear_weighted"":3.498013885607501e-05},{""W_peak"":0.0028760410372228665,""boundary"":""low"",""r_cross"":0.3543905062768365,""shear_weighted"":6.85545463409556e-05}],""extremum_features"":{""ext_df_gap"":0.033261816006093944,""ext_dr"":0.175,""ext_energy_frac"":5.6318623828362447e-05,""match_found"":true},""feature_schema_version"":""tae-rule-features-grouped-v3"",""numerical_structure_features"":{},""resolution_features"":{},""rf_standard_features"":{""S"":2.776172526674327,""W_star"":0.00010632940900134273,""W_star_max"":0.0028760410372228665,""delta2_eff"":1.9304962475709875,""frac_spikes"":0.0011977151280633867,""gamma_d"":-1.687252128270969e-05,""max_abs_d1_abs"":0.9369663042624397,""max_abs_d2_abs"":1.871707955878392,""max_per_m_mean"":0.007785729450133854,""max_to_mean"":2224.1276781692604,""max_to_median"":532343.1219007932,""mean_abs_d1_mode"":0.0006210932764550812,""mean_abs_d2_mode"":0.001075932517928631,""mean_amp"":0.00044961447474049657,""ntor"":10.0,""r_star"":0.12,""rad_loc"":0.01773111978183783,""rad_width"":0.03683808525325961,""spikes_per_m"":0.24074074074074073,""std_amp"":0.011010923754357353,""std_per_m_max"":0.18267889657917805,""std_per_m_mean"":0.0014882324723630442},""source_feature_schema_version"":""rf_all_crossings_extremum_energy_31_v2""}",,,,,NOT_PRESENT,,BAD,rule_engine,,,,
/global/u2/e/ebelova/src_nova/data/nstxu_204202/N10/egn10w.1018E+02,nstxu_204202/N10/egn10w.1018E+02,nstxu_204202,10,10,201,54,3.1905852103297603,-0.00023078455448258386,0.013732863154497038,0.007870709800482493,41bba4c76042e45c48550e8473fb7cd78c41d4c959267d50eca9a5d05acfc96e,RULE_EVALUATED,tae_like,0.9998957625581557,1.0,,BAD,BAD_AXIS_SPIKE,"[""BAD_AXIS_SPIKE""]",tae-rules-axis-artifact-v1,"{""boundary_features"":{""axis_artifact"":{""axis_component_touches_boundary"":false,""axis_halfmax_outer_edge_r"":0.017661957198472328,""axis_halfmax_width_grid"":1.0686335556770061,""axis_halfmax_width_r"":0.005343167778385031,""axis_peak"":1.0,""axis_peak_harmonic_index"":15,""axis_peak_is_local_max"":true,""axis_peak_r"":0.015,""r_ax"":0.03}},""crossing_features"":{""W_star_high_shear"":1.4138676441878864e-07,""W_star_high_shear_sum"":2.5384084103203006e-07,""W_star_sum"":2.7374222702632884e-05,""n_cross"":3.0,""r_star_high_shear"":0.3516307916433131,""r_star_max"":0.11455473635037988},""crossing_records"":[{""W_peak"":1.5012262678769222e-05,""boundary"":""low"",""r_cross"":0.11455473635037988,""shear_weighted"":0.0},{""W_peak"":6.21254292372834e-06,""boundary"":""low"",""r_cross"":0.33454045767618906,""shear_weighted"":1.124540766132414e-07},{""W_peak"":6.149417100135323e-06,""boundary"":""low"",""r_cross"":0.3516307916433131,""shear_weighted"":1.4138676441878864e-07}],""extremum_features"":{""ext_df_gap"":0.036128812053126715,""ext_dr"":0.175,""ext_energy_frac"":5.692886559861715e-05,""match_found"":true},""feature_schema_version"":""tae-rule-features-grouped-v3"",""numerical_structure_features"":{},""resolution_features"":{},""rf_standard_features"":{""S"":12.866328374402613,""W_star"":2.7644517662466327e-05,""W_star_max"":1.5012262678769222e-05,""delta2_eff"":1.8953562233650632,""frac_spikes"":0.001105583195135434,""gamma_d"":-0.00023078455448258386,""max_abs_d1_abs"":0.9391586015863542,""max_abs_d2_abs"":1.8715732424689802,""max_per_m_mean"":0.006559495237350368,""max_to_mean"":2481.218401247927,""max_to_median"":946355.4064099393,""mean_abs_d1_mode"":0.000572267535591232,""mean_abs_d2_mode"":0.001005065727980525,""mean_amp"":0.00040302780158966756,""ntor"":10.0,""r_star"":0.115,""rad_loc"":0.013732863154497038,""rad_width"":0.007870709800482493,""spikes_per_m"":0.2222222222222222,""std_amp"":0.010953897356390602,""std_per_m_max"":0.1827308950752958,""std_per_m_mean"":0.0012585741480987051},""source_feature_schema_version"":""rf_all_crossings_extremum_energy_31_v2""}",,,,,NOT_PRESENT,,BAD,rule_engine,,,,
/global/u2/e/ebelova/src_nova/data/nstxu_204202/N10/egn10w.1026E+02,nstxu_204202/N10/egn10w.1026E+02,nstxu_204202,10,10,201,54,3.2032381238047307,-1.371851267144715e-05,0.6222466332492107,0.11082508138114724,0dc19630b4530c339c06d8a07ee10334cbfe9e83ab64de2b31f8fa2c534996b7,RULE_EVALUATED,tae_like,0.9946980655111545,1.0,,BAD,BAD_AXIS_SPIKE,"[""BAD_AXIS_SPIKE""]",tae-rules-axis-artifact-v1,"{""boundary_features"":{""axis_artifact"":{""axis_component_touches_boundary"":false,""axis_halfmax_outer_edge_r"":0.01765327086967039,""axis_halfmax_width_grid"":1.0687120218219974,""axis_halfmax_width_r"":0.005343560109109987,""axis_peak"":0.2840649228523934,""axis_peak_harmonic_index"":15,""axis_peak_is_local_max"":true,""axis_peak_r"":0.015,""r_ax"":0.03}},""crossing_features"":{""W_star_high_shear"":3.716523077054012e-06,""W_star_high_shear_sum"":7.2121209441901975e-06,""W_star_sum"":0.0003445873443011558,""n_cross"":3.0,""r_star_high_shear"":0.34514811008186874,""r_star_max"":0.34514811008186874},""crossing_records"":[{""W_peak"":5.050155795718888e-07,""boundary"":""low"",""r_cross"":0.11170441844878526,""shear_weighted"":0.0},{""W_peak"":0.00016767604012016371,""boundary"":""low"",""r_cross"":0.34438604762721625,""shear_weighted"":3.4955978671361856e-06},{""W_peak"":0.0001764062886014202,""boundary"":""low"",""r_cross"":0.34514811008186874,""shear_weighted"":3.716523077054012e-06}],""extremum_features"":{""ext_df_gap"":-6.734339616030006e-05,""ext_dr"":0.23000000000000004,""ext_energy_frac"":0.00011429085363057586,""match_found"":true},""feature_schema_version"":""tae-rule-features-grouped-v3"",""numerical_structure_features"":{},""resolution_features"":{},""rf_standard_features"":{""S"":4.57700212734446,""W_star"":0.0030135469109626896,""W_star_max"":0.0001764062886014202,""delta2_eff"":0.005478976783365312,""frac_spikes"":0.010871568085498435,""gamma_d"":-1.371851267144715e-05,""max_abs_d1_abs"":0.2921092501388605,""max_abs_d2_abs"":0.5316278860644492,""max_per_m_mean"":0.09513334233287941,""max_to_mean"":128.7431479588613,""max_to_median"":126594.47115398044,""mean_abs_d1_mode"":0.0024656320778020167,""mean_abs_d2_mode"":0.0020367622523672258,""mean_amp"":0.007767403669442646,""ntor"":10.0,""r_star"":0.115,""rad_loc"":0.6222466332492107,""rad_width"":0.11082508138114724,""spikes_per_m"":2.185185185185185,""std_amp"":0.05624004192148044,""std_per_m_max"":0.2374133456163509,""std_per_m_mean"":0.020838995375226738},""source_feature_schema_version"":""rf_all_crossings_extremum_energy_31_v2""}",,,,,NOT_PRESENT,,BAD,rule_engine,,,,
/global/u2/e/ebelova/src_nova/data/nstxu_204202/N10/egn10w.1123E+02,nstxu_204202/N10/egn10w.1123E+02,nstxu_204202,10,10,201,54,3.3508045509967097,-3.2637021557940265e-06,0.5571510488351226,0.2433348945780931,dfabc426208d3b151861678667286d949ab4545e2c28f3751e7a31c19d6b7381,RULE_EVALUATED,tae_like,0.9713837050685223,1.0,,BAD,BAD_AXIS_SPIKE,"[""BAD_AXIS_SPIKE""]",tae-rules-axis-artifact-v1,"{""boundary_features"":{""axis_artifact"":{""axis_component_touches_boundary"":false,""axis_halfmax_outer_edge_r"":0.01751157384010981,""axis_halfmax_width_grid"":1.0666304316599233,""axis_halfmax_width_r"":0.005333152158299617,""axis_peak"":1.0,""axis_peak_harmonic_index"":15,""axis_peak_is_local_max"":true,""axis_peak_r"":0.015,""r_ax"":0.03}},""crossing_features"":{""W_star_high_shear"":0.0,""W_star_high_shear_sum"":0.0,""W_star_sum"":2.579161381555332e-05,""n_cross"":1.0,""r_star_high_shear"":0.07708234296521063,""r_star_max"":0.07708234296521063},""crossing_records"":[{""W_peak"":2.579161381555332e-05,""boundary"":""low"",""r_cross"":0.07708234296521063,""shear_weighted"":0.0}],""extremum_features"":{""ext_df_gap"":0.08221649155528726,""ext_dr"":0.175,""ext_energy_frac"":9.308196529698975e-06,""match_found"":true},""feature_schema_version"":""tae-rule-features-grouped-v3"",""numerical_structure_features"":{},""resolution_features"":{},""rf_standard_features"":{""S"":1.9608821400665586,""W_star"":0.14073138510360444,""W_star_max"":2.579161381555332e-05,""delta2_eff"":0.12654399334325916,""frac_spikes"":0.01105583195135434,""gamma_d"":-3.2637021557940265e-06,""max_abs_d1_abs"":0.995391797794284,""max_abs_d2_abs"":1.8814207213521752,""max_per_m_mean"":0.04314078238938992,""max_to_mean"":234.86584878236886,""max_to_median"":88458.56420569232,""mean_abs_d1_mode"":0.0018977334692535177,""mean_abs_d2_mode"":0.002217232126347476,""mean_amp"":0.0042577497109499,""ntor"":10.0,""r_star"":0.08,""rad_loc"":0.5571510488351226,""rad_width"":0.2433348945780931,""spikes_per_m"":2.2222222222222223,""std_amp"":0.029576299508258904,""std_per_m_max"":0.17580969435347504,""std_per_m_mean"":0.009944316355737457},""source_feature_schema_version"":""rf_all_crossings_extremum_energy_31_v2""}",,,,,NOT_PRESENT,,BAD,rule_engine,,,,
/global/u2/e/ebelova/src_nova/data/nstxu_204202/N10/egn10w.1245E+02,nstxu_204202/N10/egn10w.1245E+02,nstxu_204202,10,10,201,54,3.528682622243,-1.916746304700499e-13,0.031939230504386504,0.007120825289786654,cd2dd5e8cb4962f8c65b34d1122a6fb4d381b621680446e20a82ceabfcbf254d,RULE_EVALUATED,tae_like,0.9999635977386491,1.0,,BAD,BAD_AXIS_SPIKE,"[""BAD_AXIS_SPIKE""]",tae-rules-axis-artifact-v1,"{""boundary_features"":{""axis_artifact"":{""axis_component_touches_boundary"":false,""axis_halfmax_outer_edge_r"":0.048375250577764185,""axis_halfmax_width_grid"":6.409366787587126,""axis_halfmax_width_r"":0.03204683393793563,""axis_peak"":0.4772864808861115,""axis_peak_harmonic_index"":15,""axis_peak_is_local_max"":true,""axis_peak_r"":0.02,""r_ax"":0.03}},""crossing_features"":{""W_star_high_shear"":0.0,""W_star_high_shear_sum"":0.0,""W_star_sum"":0.0,""n_cross"":0.0,""r_star_high_shear"":null,""r_star_max"":null},""crossing_records"":[],""extremum_features"":{""ext_df_gap"":0.12848122482280544,""ext_dr"":0.16,""ext_energy_frac"":1.0441611282358672e-06,""match_found"":true},""feature_schema_version"":""tae-rule-features-grouped-v3"",""numerical_structure_features"":{},""resolution_features"":{},""rf_standard_features"":{""S"":3.080995475731271,""W_star"":0.012896397677867152,""W_star_max"":0.0,""delta2_eff"":0.0,""frac_spikes"":0.0009213193292795283,""gamma_d"":-1.916746304700499e-13,""max_abs_d1_abs"":0.6413050792482247,""max_abs_d2_abs"":0.9404946025055171,""max_per_m_mean"":0.01970927219741481,""max_to_mean"":2166.5048247275504,""max_to_median"":15742156.523315499,""mean_abs_d1_mode"":0.0007879934879681885,""mean_abs_d2_mode"":0.001508996671024048,""mean_amp"":0.0004615729383197891,""ntor"":10.0,""r_star"":0.01,""rad_loc"":0.031939230504386504,""rad_width"":0.007120825289786654,""spikes_per_m"":0.18518518518518517,""std_amp"":0.014625069426726516,""std_per_m_max"":0.17346312548008627,""std_per_m_mean"":0.003416251038257363},""source_feature_schema_version"":""rf_all_crossings_extremum_energy_31_v2""}",,,,,NOT_PRESENT,,BAD,rule_engine,,,,
/global/u2/e/ebelova/src_nova/data/nstxu_204202/N10/egn10w.1303E+02,nstxu_204202/N10/egn10w.1303E+02,nstxu_204202,10,10,201,54,3.6098402667770126,-1.3936892267618467e-11,0.660583308386656,0.13681009310815503,3fb81d444dbfb9e39d04c6e0900a1cfc92d228084161e3d696bb0a1892fd49f0,RULE_EVALUATED,tae_like,0.9919691613266395,1.0,,BAD,BAD_AXIS_SPIKE,"[""BAD_AXIS_SPIKE""]",tae-rules-axis-artifact-v1,"{""boundary_features"":{""axis_artifact"":{""axis_component_touches_boundary"":false,""axis_halfmax_outer_edge_r"":0.02365853888672052,""axis_halfmax_width_grid"":2.3428220293212916,""axis_halfmax_width_r"":0.011714110146606458,""axis_peak"":0.514609122786857,""axis_peak_harmonic_index"":15,""axis_peak_is_local_max"":true,""axis_peak_r"":0.02,""r_ax"":0.03}},""crossing_features"":{""W_star_high_shear"":0.0,""W_star_high_shear_sum"":0.0,""W_star_sum"":0.0,""n_cross"":0.0,""r_star_high_shear"":null,""r_star_max"":null},""crossing_records"":[],""extremum_features"":{""ext_df_gap"":0.1125773984457075,""ext_dr"":0.29,""ext_energy_frac"":7.541532348276142e-06,""match_found"":true},""feature_schema_version"":""tae-rule-features-grouped-v3"",""numerical_structure_features"":{},""resolution_features"":{},""rf_standard_features"":{""S"":4.7553750867458495,""W_star"":0.01657248919797954,""W_star_max"":0.0,""delta2_eff"":0.0,""frac_spikes"":0.012161415146489774,""gamma_d"":-1.3936892267618467e-11,""max_abs_d1_abs"":0.41635768510667037,""max_abs_d2_abs"":0.7548981752237292,""max_per_m_mean"":0.09594410216322159,""max_to_mean"":109.59047196184605,""max_to_median"":64495.013977075076,""mean_abs_d1_mode"":0.003373267275273112,""mean_abs_d2_mode"":0.003438795773572613,""mean_amp"":0.009124880858607487,""ntor"":10.0,""r_star"":0.01,""rad_loc"":0.660583308386656,""rad_width"":0.13681009310815503,""spikes_per_m"":2.4444444444444446,""std_amp"":0.06219569080085471,""std_per_m_max"":0.2224123142790512,""std_per_m_mean"":0.02143458708731372},""source_feature_schema_version"":""rf_all_crossings_extremum_energy_31_v2""}",,,,,NOT_PRESENT,,BAD,rule_engine,,,,
/global/u2/e/ebelova/src_nova/data/nstxu_204202/N10/egn10w.1334E+02,nstxu_204202/N10/egn10w.1334E+02,nstxu_204202,10,10,201,54,3.6518480304948264,-1.0226574750578426e-13,0.021000475697002023,0.003962711707428303,401dcf0c3eeb557556c84aab9962f634573c352983d48e663ebde5a37bc5cefb,RULE_EVALUATED,tae_like,0.9999901114468825,1.0,,BAD,BAD_AXIS_SPIKE,"[""BAD_AXIS_SPIKE""]",tae-rules-axis-artifact-v1,"{""boundary_features"":{""axis_artifact"":{""axis_component_touches_boundary"":false,""axis_halfmax_outer_edge_r"":0.023811246951303027,""axis_halfmax_width_grid"":1.4037408297320815,""axis_halfmax_width_r"":0.0070187041486604075,""axis_peak"":1.0,""axis_peak_harmonic_index"":15,""axis_peak_is_local_max"":true,""axis_peak_r"":0.02,""r_ax"":0.03}},""crossing_features"":{""W_star_high_shear"":0.0,""W_star_high_shear_sum"":0.0,""W_star_sum"":0.0,""n_cross"":0.0,""r_star_high_shear"":null,""r_star_max"":null},""crossing_records"":[],""extremum_features"":{""ext_df_gap"":0.1578748263219582,""ext_dr"":0.17,""ext_energy_frac"":7.422771925204786e-07,""match_found"":true},""feature_schema_version"":""tae-rule-features-grouped-v3"",""numerical_structure_features"":{},""resolution_features"":{},""rf_standard_features"":{""S"":2.7759969703587277,""W_star"":0.0019318070065939797,""W_star_max"":0.0,""delta2_eff"":0.0,""frac_spikes"":0.0008291873963515755,""gamma_d"":-1.0226574750578426e-13,""max_abs_d1_abs"":0.7794336280028142,""max_abs_d2_abs"":1.4353869241137565,""max_per_m_mean"":0.010655674976200655,""max_to_mean"":3775.1794319861656,""max_to_median"":23893985.924882624,""mean_abs_d1_mode"":0.00045808378515891664,""mean_abs_d2_mode"":0.0008521838987180831,""mean_amp"":0.00026488807068402283,""ntor"":10.0,""r_star"":0.01,""rad_loc"":0.021000475697002023,""rad_width"":0.003962711707428303,""spikes_per_m"":0.16666666666666666,""std_amp"":0.010796834677183766,""std_per_m_max"":0.1734148124090894,""std_per_m_mean"":0.0018445778977791206},""source_feature_schema_version"":""rf_all_crossings_extremum_energy_31_v2""}",,,,,NOT_PRESENT,,BAD,rule_engine,,,,
/global/u2/e/ebelova/src_nova/data/nstxu_204202/N10/egn10w.1657E+02,nstxu_204202/N10/egn10w.1657E+02,nstxu_204202,10,10,201,54,4.070905398655518,-1.256868939669689e-15,0.011699661929193077,0.004668502260451154,d789068a1e0e554357fe328f49e8e979e67137612f8a9edda5e8fd491346409e,RULE_EVALUATED,tae_like,0.9999950436401631,1.0,,BAD,BAD_AXIS_SPIKE,"[""BAD_AXIS_SPIKE""]",tae-rules-axis-artifact-v1,"{""boundary_features"":{""axis_artifact"":{""axis_component_touches_boundary"":false,""axis_halfmax_outer_edge_r"":0.017843456041273364,""axis_halfmax_width_grid"":1.333441149755315,""axis_halfmax_width_r"":0.006667205748776574,""axis_peak"":1.0,""axis_peak_harmonic_index"":15,""axis_peak_is_local_max"":true,""axis_peak_r"":0.015,""r_ax"":0.03}},""crossing_features"":{""W_star_high_shear"":0.0,""W_star_high_shear_sum"":0.0,""W_star_sum"":0.0,""n_cross"":0.0,""r_star_high_shear"":null,""r_star_max"":null},""crossing_records"":[],""extremum_features"":{""ext_df_gap"":0.24456285377156095,""ext_dr"":0.175,""ext_energy_frac"":6.713006754161539e-07,""match_found"":true},""feature_schema_version"":""tae-rule-features-grouped-v3"",""numerical_structure_features"":{},""resolution_features"":{},""rf_standard_features"":{""S"":0.3640700665880716,""W_star"":0.2214068190639491,""W_star_max"":0.0,""delta2_eff"":0.0,""frac_spikes"":0.0011977151280633867,""gamma_d"":-1.256868939669689e-15,""max_abs_d1_abs"":0.8792117633302479,""max_abs_d2_abs"":1.533020247471963,""max_per_m_mean"":0.009345162230469717,""max_to_mean"":2005.521073989406,""max_to_median"":42318210.4928847,""mean_abs_d1_mode"":0.0009180046844564093,""mean_abs_d2_mode"":0.0016699050977076841,""mean_amp"":0.0004986235302954295,""ntor"":10.0,""r_star"":0.01,""rad_loc"":0.011699661929193077,""rad_width"":0.004668502260451154,""spikes_per_m"":0.24074074074074073,""std_amp"":0.013691007036194594,""std_per_m_max"":0.20121490582321977,""std_per_m_mean"":0.0020354656641971653},""source_feature_schema_version"":""rf_all_crossings_extremum_energy_31_v2""}",,,,,NOT_PRESENT,,BAD,rule_engine,,,,
/global/u2/e/ebelova/src_nova/data/nstxu_204202/N10/egn10w.1690E+02,nstxu_204202/N10/egn10w.1690E+02,nstxu_204202,10,10,201,54,4.1113341462560635,-1.0150309689113361e-11,0.6465661091439474,0.21934339771300468,381dc4e4000cd5d0ad7aa1b3847e705397c46bea99971eb3a5b32466901cf656,RULE_EVALUATED,tae_like,0.9737875139622125,1.0,,BAD,BAD_AXIS_SPIKE,"[""BAD_AXIS_SPIKE""]",tae-rules-axis-artifact-v1,"{""boundary_features"":{""axis_artifact"":{""axis_component_touches_boundary"":false,""axis_halfmax_outer_edge_r"":0.017911265254146446,""axis_halfmax_width_grid"":1.2609113170899973,""axis_halfmax_width_r"":0.0063045565854499865,""axis_peak"":1.0,""axis_peak_harmonic_index"":15,""axis_peak_is_local_max"":true,""axis_peak_r"":0.015,""r_ax"":0.03}},""crossing_features"":{""W_star_high_shear"":0.0,""W_star_high_shear_sum"":0.0,""W_star_sum"":0.0,""n_cross"":0.0,""r_star_high_shear"":null,""r_star_max"":null},""crossing_records"":[],""extremum_features"":{""ext_df_gap"":0.2519914345257568,""ext_dr"":0.175,""ext_energy_frac"":1.954505169043927e-07,""match_found"":true},""feature_schema_version"":""tae-rule-features-grouped-v3"",""numerical_structure_features"":{},""resolution_features"":{},""rf_standard_features"":{""S"":2.9021439249060363,""W_star"":0.08971051566298843,""W_star_max"":0.0,""delta2_eff"":0.0,""frac_spikes"":0.011792887414777962,""gamma_d"":-1.0150309689113361e-11,""max_abs_d1_abs"":0.8587331561214873,""max_abs_d2_abs"":1.595480978784748,""max_per_m_mean"":0.04728730933109419,""max_to_mean"":166.09669939108989,""max_to_median"":116774.75900745718,""mean_abs_d1_mode"":0.002645824802580726,""mean_abs_d2_mode"":0.0029384175344172214,""mean_amp"":0.006020589232055187,""ntor"":10.0,""r_star"":0.01,""rad_loc"":0.6465661091439474,""rad_width"":0.21934339771300468,""spikes_per_m"":2.3703703703703702,""std_amp"":0.041088111640153045,""std_per_m_max"":0.20136535400514188,""std_per_m_mean"":0.012441960205809397},""source_feature_schema_version"":""rf_all_crossings_extremum_energy_31_v2""}",,,,,NOT_PRESENT,,BAD,rule_engine,,,,
/global/u2/e/ebelova/src_nova/data/nstxu_204202/N10/egn10w.2573E+02,nstxu_204202/N10/egn10w.2573E+02,nstxu_204202,10,10,201,54,5.072665840911725,-7.945529022938908e-15,0.015988274902868093,0.0028726129759376173,7e4e08c6db30f34fad560f0e9714989c97060942c4434e7511bad20c982f2231,RULE_EVALUATED,tae_like,0.9921034310393714,1.0,,BAD,BAD_AXIS_SPIKE,"[""BAD_AXIS_SPIKE""]",tae-rules-axis-artifact-v1,"{""boundary_features"":{""axis_artifact"":{""axis_component_touches_boundary"":false,""axis_halfmax_outer_edge_r"":0.0199103176788361,""axis_halfmax_width_grid"":1.6570932520457828,""axis_halfmax_width_r"":0.008285466260228915,""axis_peak"":1.0,""axis_peak_harmonic_index"":14,""axis_peak_is_local_max"":true,""axis_peak_r"":0.015,""r_ax"":0.03}},""crossing_features"":{""W_star_high_shear"":0.0,""W_star_high_shear_sum"":0.0,""W_star_sum"":0.0,""n_cross"":0.0,""r_star_high_shear"":null,""r_star_max"":null},""crossing_records"":[],""extremum_features"":{""ext_df_gap"":0.06870023755077723,""ext_dr"":0.18,""ext_energy_frac"":2.1565464206211153e-07,""match_found"":true},""feature_schema_version"":""tae-rule-features-grouped-v3"",""numerical_structure_features"":{},""resolution_features"":{},""rf_standard_features"":{""S"":2.0846090130985777,""W_star"":0.04356043735633229,""W_star_max"":0.0,""delta2_eff"":0.0,""frac_spikes"":0.0007370554634236226,""gamma_d"":-7.945529022938908e-15,""max_abs_d1_abs"":0.740708131719739,""max_abs_d2_abs"":1.2498401601372118,""max_per_m_mean"":0.009648469855421355,""max_to_mean"":3522.3984382849353,""max_to_median"":38674175.64628058,""mean_abs_d1_mode"":0.00033581827494441174,""mean_abs_d2_mode"":0.00044126638448246247,""mean_amp"":0.0002838974675915721,""ntor"":10.0,""r_star"":0.01,""rad_loc"":0.015988274902868093,""rad_width"":0.0028726129759376173,""spikes_per_m"":0.14814814814814814,""std_amp"":0.011932191448822039,""std_per_m_max"":0.18201251579523794,""std_per_m_mean"":0.0017892281155380497},""source_feature_schema_version"":""rf_all_crossings_extremum_energy_31_v2""}",,,,,NOT_PRESENT,,BAD,rule_engine,,,,
