path,shot,n,ntor,nr,nhar,omega,gamma_d,status,gap_region,signed_delta,fraction_below_upper2,p_rf_good,p_cnn_good,p_avg,final_label,tier,model_disagreement,near_threshold,large_score_gap,selected_final,rejection_reason,error_message
/global/cfs/cdirs/m314/nova2/data/nstx_120113/N2/egn02w.1148E+02,nstx_120113,2,2,201,22,3.387998467282594,-0.0,scored,tae_like,0.9455557340380806,1.0,0.2733333333333333,0.999779999256134,0.6365566662947337,bad,flagged_borderline_or_disagreement,True,False,True,,,
/global/cfs/cdirs/m314/nova2/data/nstx_120113/N2/egn02w.1239E+02,nstx_120113,2,2,201,22,3.5202827332763977,-0.0,scored,tae_like,0.946139107827074,1.0,0.38,0.9999796152114868,0.6899898076057434,bad,flagged_borderline_or_disagreement,True,False,True,,,
/global/cfs/cdirs/m314/nova2/data/nstx_120113/N4/egn04w.8982E+01,nstx_120113,4,4,201,40,2.997020433055356,-0.0,scored,tae_like,0.876689541278874,1.0,0.43333333333333335,1.5595058577844156e-10,0.21666666674464197,bad,flagged_borderline_or_disagreement,False,True,True,,,
/global/cfs/cdirs/m314/nova2/data/nstx_120113/N6/egn06w.9087E+01,nstx_120113,6,6,201,58,3.014462381559193,-0.0,scored,tae_like,0.972098921970056,1.0,0.14,0.9348539113998413,0.5374269556999207,bad,flagged_borderline_or_disagreement,True,False,True,,,
/global/cfs/cdirs/m314/nova2/data/nstx_120113/N6/egn06w.1418E+02,nstx_120113,6,6,201,58,3.7651837615478594,-0.0,scored,tae_like,0.984338738862784,1.0,0.6333333333333333,6.3136894823401235e-06,0.3166698235114078,good,flagged_rf_only_good,True,False,True,True,,
/global/cfs/cdirs/m314/nova2/data/nstx_120113/N7/egn07w.2630E+02,nstx_120113,7,7,201,67,5.128090972577058,-2.9530325830603828e-05,scored,tae_like,0.9769364479914256,0.9936197658944537,0.7233333333333334,0.0025816848501563072,0.36295750909174485,good,flagged_rf_only_good,True,False,True,True,,
/global/cfs/cdirs/m314/nova2/data/nstx_120113/N8/egn08w.2765E+02,nstx_120113,8,8,201,76,5.25826905961358,-3.2237457733123115e-07,scored,tae_like,0.9749327209129669,0.9960637005281618,0.9,0.4074286222457886,0.6537143111228942,good,flagged_rf_only_good,True,True,True,True,,
/global/cfs/cdirs/m314/nova2/data/nstx_120113/N9/egn09w.9464E+01,nstx_120113,9,9,201,85,3.0763678861423833,-0.0002891664249294491,scored,tae_like,0.9214464573165491,1.0,0.17666666666666667,0.9830245971679688,0.5798456319173177,bad,flagged_borderline_or_disagreement,True,False,True,,,
