shot,ntor,file_kind,filename,training_relative_path,reference_relative_path,in_training_csv,training_label,status,training_exists,reference_exists,training_size,reference_size,training_mtime_utc,reference_mtime_utc,training_sha256,reference_sha256,mode_shape_training,mode_shape_reference,mode_structure_equal,mode_max_abs_delta,omega_training,omega_reference,omega_relative_change_signed,omega_relative_change_abs,gamma_training,gamma_reference,ntor_training,ntor_reference,comparison_error
nstx_120113,1,mode,egn01w.1388E+02,nstx_120113/N1/egn01w.1388E+02,nstx_120113/N1/egn01w.1388E+02,true,bad,training_only,true,false,62744,,2026-05-12T18:37:22.285065+00:00,,340cad4d343ee1bc0260730176c629517b71340f9aa1b336dfacca8631905a65,,,,,,,,,,,,,,
nstx_120113,1,mode,egn01w.1397E+02,nstx_120113/N1/egn01w.1397E+02,nstx_120113/N1/egn01w.1397E+02,true,bad,training_only,true,false,62744,,2026-05-12T18:37:22.282065+00:00,,ba5451173e65e5fea39cf63338cb7f843e1bb95b4161e24642380fef581d53c2,,,,,,,,,,,,,,
nstx_120113,1,mode,egn01w.1406E+02,nstx_120113/N1/egn01w.1406E+02,nstx_120113/N1/egn01w.1406E+02,true,bad,training_only,true,false,62744,,2026-05-12T18:37:22.235061+00:00,,a6335bb2f4ca50ae2ba64eb2b03d13ccfeefe25b99c0d9823a62354b0d748e00,,,,,,,,,,,,,,
nstx_120113,1,mode,egn01w.1415E+02,nstx_120113/N1/egn01w.1415E+02,nstx_120113/N1/egn01w.1415E+02,true,bad,training_only,true,false,62744,,2026-05-12T18:37:22.323068+00:00,,91aadd3bb02caaa7c6428c6f1131cc4b23b6723814f9773a4156e06e359dd440,,,,,,,,,,,,,,
nstx_120113,1,mode,egn01w.1425E+02,nstx_120113/N1/egn01w.1425E+02,nstx_120113/N1/egn01w.1425E+02,true,bad,training_only,true,false,62744,,2026-05-12T18:37:22.297066+00:00,,d626d45d8ab134d991ce4d33fb4788840c4aef899dc1b62b3c593969cc2234c3,,,,,,,,,,,,,,
nstx_120113,1,mode,egn01w.1435E+02,nstx_120113/N1/egn01w.1435E+02,nstx_120113/N1/egn01w.1435E+02,true,bad,training_only,true,false,62744,,2026-05-12T18:37:22.252062+00:00,,ef645e738e323bd63e4eafb4c5c00139868161d60c5b370100c15b33a610ba2c,,,,,,,,,,,,,,
nstx_120113,1,mode,egn01w.1445E+02,nstx_120113/N1/egn01w.1445E+02,nstx_120113/N1/egn01w.1445E+02,true,bad,training_only,true,false,62744,,2026-05-12T18:37:22.338069+00:00,,3a6a72bf4e13574d12da97db23c8bbe06a7450020b4138e3e82d048952f31649,,,,,,,,,,,,,,
nstx_120113,1,mode,egn01w.1455E+02,nstx_120113/N1/egn01w.1455E+02,nstx_120113/N1/egn01w.1455E+02,true,bad,training_only,true,false,62744,,2026-05-12T18:37:22.278064+00:00,,e4619b5c04b7ebf23990e86b2eed7c7336dec5d1fa3a204c674bf637adc7ddc2,,,,,,,,,,,,,,
nstx_120113,1,mode,egn01w.1602E+02,nstx_120113/N1/egn01w.1602E+02,nstx_120113/N1/egn01w.1602E+02,true,bad,training_only,true,false,62744,,2026-05-12T18:37:22.289065+00:00,,5fe60609ea1ba1e09f13405375806566d6c1a8f0cfd324cb5f9f6db3d53fc7f3,,,,,,,,,,,,,,
nstx_120113,1,mode,egn01w.1621E+02,nstx_120113/N1/egn01w.1621E+02,nstx_120113/N1/egn01w.1621E+02,true,bad,training_only,true,false,62744,,2026-05-12T18:37:22.269064+00:00,,d994f77f4d667d7b9767405330a1620f4d463ff5834235e5c957ab6a8d13150e,,,,,,,,,,,,,,
nstx_120113,1,mode,egn01w.1642E+02,nstx_120113/N1/egn01w.1642E+02,nstx_120113/N1/egn01w.1642E+02,true,bad,training_only,true,false,62744,,2026-05-12T18:37:22.310067+00:00,,b8096f9d312b536d405f31acd696f070fab4550bf092eb8650528fdd6c687e31,,,,,,,,,,,,,,
nstx_120113,1,mode,egn01w.1664E+02,nstx_120113/N1/egn01w.1664E+02,nstx_120113/N1/egn01w.1664E+02,false,,training_only,true,false,62744,,2026-05-12T18:37:22.272064+00:00,,e934b0f9ec0f5eef9556b6a2ff188f95aea0c16692ce0edb216f45ab495f3c7a,,,,,,,,,,,,,,
nstx_120113,1,mode,egn01w.1728E+02,nstx_120113/N1/egn01w.1728E+02,nstx_120113/N1/egn01w.1728E+02,true,bad,training_only,true,false,62744,,2026-05-12T18:37:22.302066+00:00,,3a9bbc56488609e4a708ab081e434492d37751eb179dec4d3521212dcaad3709,,,,,,,,,,,,,,
nstx_120113,1,mode,egn01w.1754E+02,nstx_120113/N1/egn01w.1754E+02,nstx_120113/N1/egn01w.1754E+02,true,bad,training_only,true,false,62744,,2026-05-12T18:37:22.264063+00:00,,dc0d494f570115e061c3c6763a663ee12806792255ba64320a06e12145e81bf2,,,,,,,,,,,,,,
nstx_120113,1,mode,egn01w.1780E+02,nstx_120113/N1/egn01w.1780E+02,nstx_120113/N1/egn01w.1780E+02,true,bad,training_only,true,false,62744,,2026-05-12T18:37:22.319067+00:00,,cfa4c9b296ae87223923cfd3fe301f10b93934dd9e87c1070701e50744504618,,,,,,,,,,,,,,
nstx_120113,1,mode,egn01w.1807E+02,nstx_120113/N1/egn01w.1807E+02,nstx_120113/N1/egn01w.1807E+02,true,bad,training_only,true,false,62744,,2026-05-12T18:37:22.286065+00:00,,ac0940eb8711cc70fde78836cbe7b510ecaba7975c0958b15aa8cff6167976dd,,,,,,,,,,,,,,
nstx_120113,1,mode,egn01w.1833E+02,nstx_120113/N1/egn01w.1833E+02,nstx_120113/N1/egn01w.1833E+02,true,bad,training_only,true,false,62744,,2026-05-12T18:37:22.328068+00:00,,0195287459e52f900435283601271b7ad925328a9badc7fff1aae3337cc74c64,,,,,,,,,,,,,,
nstx_120113,1,mode,egn01w.1861E+02,nstx_120113/N1/egn01w.1861E+02,nstx_120113/N1/egn01w.1861E+02,true,bad,training_only,true,false,62744,,2026-05-12T18:37:22.283065+00:00,,da5b60366866c652af09d68209e145bb14702c36f8eb3c4c212d22721be727ac,,,,,,,,,,,,,,
nstx_120113,1,mode,egn01w.1888E+02,nstx_120113/N1/egn01w.1888E+02,nstx_120113/N1/egn01w.1888E+02,true,bad,training_only,true,false,62744,,2026-05-12T18:37:22.373072+00:00,,08bae63766a0c92621c90f07d7a2a1baa721a897cf0624753e7e1b346744c9a2,,,,,,,,,,,,,,
nstx_120113,1,mode,egn01w.1916E+02,nstx_120113/N1/egn01w.1916E+02,nstx_120113/N1/egn01w.1916E+02,true,bad,training_only,true,false,62744,,2026-05-12T18:37:22.300066+00:00,,8f92277894e408eae86637b63bc3dec21ad1136ae0dec97179c997746f7103f1,,,,,,,,,,,,,,
nstx_120113,1,mode,egn01w.1945E+02,nstx_120113/N1/egn01w.1945E+02,nstx_120113/N1/egn01w.1945E+02,true,bad,training_only,true,false,62744,,2026-05-12T18:37:22.298066+00:00,,3755906cc5b3a05997da0ea463cfcb40bee455b14f05243e9676494d63d008bd,,,,,,,,,,,,,,
nstx_120113,1,mode,egn01w.1974E+02,nstx_120113/N1/egn01w.1974E+02,nstx_120113/N1/egn01w.1974E+02,true,bad,training_only,true,false,62744,,2026-05-12T18:37:22.341069+00:00,,c0673a5d6a8a9fc5f3369b2e18e6557dfa9e18b20997d1f8102be40aeed94c3a,,,,,,,,,,,,,,
nstx_120113,1,mode,egn01w.2003E+02,nstx_120113/N1/egn01w.2003E+02,nstx_120113/N1/egn01w.2003E+02,false,,training_only,true,false,62744,,2026-05-12T18:37:22.299066+00:00,,01f4960d8dfc147d9540b7cf3e73bfb5df0b1281f660bde193be65074180d56b,,,,,,,,,,,,,,
nstx_120113,1,mode,egn01w.2065E+02,nstx_120113/N1/egn01w.2065E+02,nstx_120113/N1/egn01w.2065E+02,true,bad,training_only,true,false,62744,,2026-05-12T18:37:22.315067+00:00,,7475c32f830a17e452fc2da59249d3157ea46557c637ab2c6e63a1e1c5876051,,,,,,,,,,,,,,
nstx_120113,1,mode,egn01w.2096E+02,nstx_120113/N1/egn01w.2096E+02,nstx_120113/N1/egn01w.2096E+02,true,bad,training_only,true,false,62744,,2026-05-12T18:37:22.319067+00:00,,d545e7b4d5a5a43a6661263fa9dc60d817baa8acdfdaddf2fd145c522e230191,,,,,,,,,,,,,,
nstx_120113,1,mode,egn01w.2125E+02,nstx_120113/N1/egn01w.2125E+02,nstx_120113/N1/egn01w.2125E+02,true,bad,training_only,true,false,62744,,2026-05-12T18:37:22.338069+00:00,,44144c491eae6e3242ab52b0d2bf7d70cf099016c894bfbd6a159b4abdfa2abc,,,,,,,,,,,,,,
nstx_120113,1,mode,egn01w.2163E+02,nstx_120113/N1/egn01w.2163E+02,nstx_120113/N1/egn01w.2163E+02,true,bad,training_only,true,false,62744,,2026-05-12T18:37:22.393073+00:00,,bcdc0b51c7c5c8899e63e07ef94bf2ce24738eaf2b942c6c8925b992775b530a,,,,,,,,,,,,,,
nstx_120113,1,mode,egn01w.2196E+02,nstx_120113/N1/egn01w.2196E+02,nstx_120113/N1/egn01w.2196E+02,true,bad,training_only,true,false,62744,,2026-05-12T18:37:22.327068+00:00,,5f7c8cc4ab03e82fd085497cb8ca92c4a3c990b7321890c2a28ac9bb66b810e3,,,,,,,,,,,,,,
nstx_120113,1,mode,egn01w.2231E+02,nstx_120113/N1/egn01w.2231E+02,nstx_120113/N1/egn01w.2231E+02,true,bad,training_only,true,false,62744,,2026-05-12T18:37:22.413075+00:00,,40cbc027306c3315d704de2a608e5eaf5c20355cdf13e779f232fbb0f3fdc417,,,,,,,,,,,,,,
nstx_120113,1,mode,egn01w.2266E+02,nstx_120113/N1/egn01w.2266E+02,nstx_120113/N1/egn01w.2266E+02,true,bad,training_only,true,false,62744,,2026-05-12T18:37:22.303066+00:00,,0819a046e6d38423524046751651763d9f27b43c87efb749f97eb805576c541d,,,,,,,,,,,,,,
nstx_120113,1,mode,egn01w.2340E+02,nstx_120113/N1/egn01w.2340E+02,nstx_120113/N1/egn01w.2340E+02,true,bad,training_only,true,false,62744,,2026-05-12T18:37:22.361071+00:00,,44466f8e727f62f33de84c65dfbf76e053e212f241aae392f331e5337f24a966,,,,,,,,,,,,,,
nstx_120113,1,mode,egn01w.2378E+02,nstx_120113/N1/egn01w.2378E+02,nstx_120113/N1/egn01w.2378E+02,true,bad,training_only,true,false,62744,,2026-05-12T18:37:22.419075+00:00,,c5eac562e2005843eaaf0e08160aa93336c8d00eb7889899727bf82426fd5a34,,,,,,,,,,,,,,
nstx_120113,1,mode,egn01w.2417E+02,nstx_120113/N1/egn01w.2417E+02,nstx_120113/N1/egn01w.2417E+02,true,bad,training_only,true,false,62744,,2026-05-12T18:37:22.313067+00:00,,d105c8f6082b93c6575e58369d569edd7b1d86f901e90878d557126dddf2043e,,,,,,,,,,,,,,
nstx_120113,1,mode,egn01w.2456E+02,nstx_120113/N1/egn01w.2456E+02,nstx_120113/N1/egn01w.2456E+02,true,bad,training_only,true,false,62744,,2026-05-12T18:37:22.322068+00:00,,5503a3f8e8d885c8ff987e9133b1596c5538f1066b714ed5596b2563564adab6,,,,,,,,,,,,,,
nstx_120113,1,mode,egn01w.2497E+02,nstx_120113/N1/egn01w.2497E+02,nstx_120113/N1/egn01w.2497E+02,true,bad,training_only,true,false,62744,,2026-05-12T18:37:22.352070+00:00,,1584c91319d5b9a7c7fcb493c919c3c7fa3a65fcabd117632931add131c7f948,,,,,,,,,,,,,,
nstx_120113,1,mode,egn01w.2538E+02,nstx_120113/N1/egn01w.2538E+02,nstx_120113/N1/egn01w.2538E+02,true,bad,training_only,true,false,62744,,2026-05-12T18:37:22.363071+00:00,,4bf11aaeaeca75fbf1eb6c004a8206208b120e66306f889c37ab1a24b926878f,,,,,,,,,,,,,,
nstx_120113,1,mode,egn01w.2580E+02,nstx_120113/N1/egn01w.2580E+02,nstx_120113/N1/egn01w.2580E+02,true,bad,training_only,true,false,62744,,2026-05-12T18:37:22.382072+00:00,,6173e9541fa89766eed53f5d49a00551a5ecfbb6cae03e814041503be49833d0,,,,,,,,,,,,,,
nstx_120113,1,mode,egn01w.2623E+02,nstx_120113/N1/egn01w.2623E+02,nstx_120113/N1/egn01w.2623E+02,true,bad,training_only,true,false,62744,,2026-05-12T18:37:22.346070+00:00,,dd63f9f1bdf456d4bb116b62e13554b1c7abdca1246b0bcd495d7bb6103b2046,,,,,,,,,,,,,,
nstx_120113,1,mode,egn01w.2666E+02,nstx_120113/N1/egn01w.2666E+02,nstx_120113/N1/egn01w.2666E+02,true,bad,training_only,true,false,62744,,2026-05-12T18:37:22.341069+00:00,,f80ab679a5c1a2554bed6a2a09ec5c96ab4bba7e48267217c338ef58923bd609,,,,,,,,,,,,,,
nstx_120113,1,mode,egn01w.5550E+02,nstx_120113/N1/egn01w.5550E+02,nstx_120113/N1/egn01w.5550E+02,false,,training_only,true,false,62744,,2026-05-12T18:37:22.345070+00:00,,3ea7594f3c4ab02b94e33529148590dbb63bba11d232d08b064fcbed72527ce2,,,,,,,,,,,,,,
nstx_120113,1,mode,egn01w.5716E+02,nstx_120113/N1/egn01w.5716E+02,nstx_120113/N1/egn01w.5716E+02,false,,training_only,true,false,62744,,2026-05-12T18:37:22.374072+00:00,,d463e2478cdc770b0cd746bc25903e153ac84b2237eee1b425b7b4f8b6de1165,,,,,,,,,,,,,,
nstx_120113,1,mode,egn01w.5763E+02,nstx_120113/N1/egn01w.5763E+02,nstx_120113/N1/egn01w.5763E+02,false,,training_only,true,false,62744,,2026-05-12T18:37:22.343069+00:00,,2ec559ad819f710af5aebcfe6029cd62ab692722fa10635e3ed157add0c4186b,,,,,,,,,,,,,,
nstx_120113,1,mode,egn01w.5896E+02,nstx_120113/N1/egn01w.5896E+02,nstx_120113/N1/egn01w.5896E+02,false,,training_only,true,false,62744,,2026-05-12T18:37:22.402074+00:00,,23e6b9c23e6f650275763d0f88bfb9277e38fc89c7b8ce7b5eb49c72f1ce1dae,,,,,,,,,,,,,,
nstx_120113,1,mode,egn01w.5953E+02,nstx_120113/N1/egn01w.5953E+02,nstx_120113/N1/egn01w.5953E+02,false,,training_only,true,false,62744,,2026-05-12T18:37:22.359071+00:00,,4063cb5bc228fbe511442efcacaea721074e0696b8ffd7ba02f76f8f5f63f2db,,,,,,,,,,,,,,
nstx_120113,1,mode,egn01w.5982E+02,nstx_120113/N1/egn01w.5982E+02,nstx_120113/N1/egn01w.5982E+02,false,,training_only,true,false,62744,,2026-05-12T18:37:22.364071+00:00,,b5a3352ac046fb77fbfeaaa2bf4061c3c79689b37ec0dc6e1889a8f9d8037019,,,,,,,,,,,,,,
nstx_120113,1,mode,egn01w.6001E+02,nstx_120113/N1/egn01w.6001E+02,nstx_120113/N1/egn01w.6001E+02,false,,training_only,true,false,62744,,2026-05-12T18:37:22.377072+00:00,,1b5a7390dc30894c7c678fb3b12c91ba193c8049772ea9c05ccd20da8418a1c7,,,,,,,,,,,,,,
nstx_120113,1,mode,egn01w.6007E+02,nstx_120113/N1/egn01w.6007E+02,nstx_120113/N1/egn01w.6007E+02,false,,training_only,true,false,62744,,2026-05-12T18:37:22.404074+00:00,,b0546d6e1724c6a7d14b8441048d639b805c112299b6daa2a0c780c0f87071a4,,,,,,,,,,,,,,
nstx_120113,1,datcon,datcon1,nstx_120113/N1/datcon1,nstx_120113/N1/datcon1,false,,different,true,true,10484,15606,2026-05-12T18:37:23.939193+00:00,2026-04-17T13:55:02.070519+00:00,95282c129418ff43e3a419906ad4bd4b9e514fbfe372af944912a4e586719c17,ea667dbfefb0ddaf0013f2f52e684c876720f2ece23c6f9005bfa9f3ee91dbb1,,,,,,,,,,,,,
nstx_120113,2,mode,egn02w.1062E+02,nstx_120113/N2/egn02w.1062E+02,nstx_120113/N2/egn02w.1062E+02,true,bad,training_only,true,false,106160,,2026-05-12T18:37:22.221060+00:00,,b58b33153144406ecacd071a8be2a59b753e9944087d64d1cfd8f46f5a4eeda4,,,,,,,,,,,,,,
nstx_120113,2,mode,egn02w.1088E+02,nstx_120113/N2/egn02w.1088E+02,nstx_120113/N2/egn02w.1088E+02,true,bad,training_only,true,false,106160,,2026-05-12T18:37:22.246062+00:00,,4f25118914defc664b55deb6497c3a8acfec0a4bc5831e6fba4f669b36b01eb8,,,,,,,,,,,,,,
nstx_120113,2,mode,egn02w.1609E+02,nstx_120113/N2/egn02w.1609E+02,nstx_120113/N2/egn02w.1609E+02,true,bad,training_only,true,false,106160,,2026-05-12T18:37:22.265063+00:00,,3a4f3a14d8ccc1cb7068b829262dcb8f4d222fa2d944f9ba8a4c4c13b7ec3b72,,,,,,,,,,,,,,
nstx_120113,2,mode,egn02w.2030E+02,nstx_120113/N2/egn02w.2030E+02,nstx_120113/N2/egn02w.2030E+02,true,bad,training_only,true,false,106160,,2026-05-12T18:37:22.250062+00:00,,5b6e92c6c6dd1728d0d6087e716c1c97f6614889af4167545bfed1443875711e,,,,,,,,,,,,,,
nstx_120113,2,datcon,datcon2,nstx_120113/N2/datcon2,nstx_120113/N2/datcon2,false,,different,true,true,10484,15606,2026-05-12T18:37:24.072204+00:00,2026-04-17T13:55:05.518528+00:00,585e216c089d156ca257c4294cfa93283b7a44467cb8a519e9b29643a2510fff,23d361a883096bcd51cf009d26e7fa3fe6e96afdedb03c971e478a59cf3b883d,,,,,,,,,,,,,
nstx_120113,2,datcon_gf,datcon_gf.txt,nstx_120113/N2/datcon_gf.txt,nstx_120113/N2/datcon_gf.txt,false,,different,true,true,15663,15663,2026-05-12T18:37:23.633170+00:00,2026-08-14T19:40:07.245081+00:00,bb733d6e25c81ac622fc5f29c39064e8f149f29866a0ec0727584929de15e41c,55c7b9413dc68066352d01e1280f24dc0b2ff506f972c80809537701f2686929,,,,,,,,,,,,,
nstx_120113,3,mode,egn03w.6981E+01,nstx_120113/N3/egn03w.6981E+01,nstx_120113/N3/egn03w.6981E+01,true,bad,training_only,true,false,149576,,2026-05-12T18:37:21.746023+00:00,,9d7442e09e84d8ef3cccfab79b4e52f1e05fce784268151d08cb553f8b6f95fa,,,,,,,,,,,,,,
nstx_120113,3,datcon,datcon3,nstx_120113/N3/datcon3,nstx_120113/N3/datcon3,false,,different,true,true,10484,15606,2026-05-12T18:37:24.076204+00:00,2026-04-17T13:55:08.668535+00:00,a1b9824a6a515296c90af6b2d4aa03a768fb97a353f840ca5ee84ef12bf69824,23e970ddd2a31fa2a6362d9665f8e4ad3faf9fde0587cdbae9ded6b16f5328e4,,,,,,,,,,,,,
nstx_120113,3,datcon_gf,datcon_gf.txt,nstx_120113/N3/datcon_gf.txt,nstx_120113/N3/datcon_gf.txt,false,,different,true,true,15663,15663,2026-05-12T18:37:23.661172+00:00,2026-08-14T19:48:03.398776+00:00,f527dcfd93075453594cf90f7ab30677ed5db1887b01006e8ad1aa37a2474d5a,baf2eed75a6b7acce09c815cc938c5e156aa0d5ae85ddea3a1b4b4a4cd9d93e9,,,,,,,,,,,,,
nstx_120113,4,mode,egn04w.1052E+02,nstx_120113/N4/egn04w.1052E+02,nstx_120113/N4/egn04w.1052E+02,true,bad,training_only,true,false,192992,,2026-05-12T18:37:21.615013+00:00,,803153f69d727613e2c8dadd88330b7bf96a37603f3872177894981a71215eb5,,,,,,,,,,,,,,
nstx_120113,4,mode,egn04w.2225E+02,nstx_120113/N4/egn04w.2225E+02,nstx_120113/N4/egn04w.2225E+02,true,bad,training_only,true,false,192992,,2026-05-12T18:37:21.573009+00:00,,7564a431d4d05c67ce4dc3132201745cf3062f7dd60638b8b24660d05d946e63,,,,,,,,,,,,,,
nstx_120113,4,mode,egn04w.2261E+02,nstx_120113/N4/egn04w.2261E+02,nstx_120113/N4/egn04w.2261E+02,true,bad,training_only,true,false,192992,,2026-05-12T18:37:21.570009+00:00,,82bc744a2653b9a1777ac014bd1e6b7fb05aa3400337e920ac5ad2ac52eee416,,,,,,,,,,,,,,
nstx_120113,4,mode,egn04w.2625E+02,nstx_120113/N4/egn04w.2625E+02,nstx_120113/N4/egn04w.2625E+02,true,bad,training_only,true,false,192992,,2026-05-12T18:37:21.618013+00:00,,b6acd751afddc4cd972f227eb13c504f5913916da25b58466b5a2c8016d162e5,,,,,,,,,,,,,,
nstx_120113,4,mode,egn04w.3413E+02,nstx_120113/N4/egn04w.3413E+02,nstx_120113/N4/egn04w.3413E+02,false,,training_only,true,false,192992,,2026-05-12T18:37:21.593011+00:00,,91066feddf86904ff498ba103c2cc9f0c85507f7b857573e0940c79a0fcce853,,,,,,,,,,,,,,
nstx_120113,4,mode,egn04w.4455E+02,nstx_120113/N4/egn04w.4455E+02,nstx_120113/N4/egn04w.4455E+02,true,bad,training_only,true,false,192992,,2026-05-12T18:37:21.579010+00:00,,03998b2ad8c470b5c560216efc2bfe342b16932ac3b682f8eefbbe834c34e75c,,,,,,,,,,,,,,
nstx_120113,4,mode,egn04w.4463E+02,nstx_120113/N4/egn04w.4463E+02,nstx_120113/N4/egn04w.4463E+02,true,bad,training_only,true,false,192992,,2026-05-12T18:37:21.638015+00:00,,aaf7c6a7ede68ce270d13b9ceb51912fb8a64cb4646743f5bdab4c3e61540430,,,,,,,,,,,,,,
nstx_120113,4,mode,egn04w.5581E+02,nstx_120113/N4/egn04w.5581E+02,nstx_120113/N4/egn04w.5581E+02,true,bad,training_only,true,false,192992,,2026-05-12T18:37:21.613013+00:00,,c506f04957d014df84493207c52cd1228c47ca734fee45be279476a39029a479,,,,,,,,,,,,,,
nstx_120113,4,mode,egn04w.5664E+02,nstx_120113/N4/egn04w.5664E+02,nstx_120113/N4/egn04w.5664E+02,true,bad,training_only,true,false,192992,,2026-05-12T18:37:21.642015+00:00,,15de5ee63d82f6208fc4881a27f09ab55fba536d5c2581f079e88c46badb5646,,,,,,,,,,,,,,
nstx_120113,4,mode,egn04w.5685E+02,nstx_120113/N4/egn04w.5685E+02,nstx_120113/N4/egn04w.5685E+02,false,,training_only,true,false,192992,,2026-05-12T18:37:21.601012+00:00,,dbe7f8ca04b00a8fe120708bdebe348281dcccc48f59d4be791419e2011277ef,,,,,,,,,,,,,,
nstx_120113,4,mode,egn04w.5849E+02,nstx_120113/N4/egn04w.5849E+02,nstx_120113/N4/egn04w.5849E+02,false,,training_only,true,false,192992,,2026-05-12T18:37:21.635014+00:00,,5ca1d767e344ec174345d0db5b5636e71a931b50162d7161e8723dc04083b045,,,,,,,,,,,,,,
nstx_120113,4,mode,egn04w.5912E+02,nstx_120113/N4/egn04w.5912E+02,nstx_120113/N4/egn04w.5912E+02,false,,training_only,true,false,192992,,2026-05-12T18:37:21.648015+00:00,,49f6ec2b40f5045c514e753d9ed012d6ee31235be5773fea336e38305b242a31,,,,,,,,,,,,,,
nstx_120113,4,mode,egn04w.5947E+02,nstx_120113/N4/egn04w.5947E+02,nstx_120113/N4/egn04w.5947E+02,false,,training_only,true,false,192992,,2026-05-12T18:37:21.581010+00:00,,5b5af363084968a6caaea7365ca033f4329406a53ab601ad5001313422076e44,,,,,,,,,,,,,,
nstx_120113,4,mode,egn04w.5969E+02,nstx_120113/N4/egn04w.5969E+02,nstx_120113/N4/egn04w.5969E+02,false,,training_only,true,false,192992,,2026-05-12T18:37:21.616013+00:00,,a18986e3697dfa643dbc16160dee45459592af965bdfb6bb740daa3f962c877f,,,,,,,,,,,,,,
nstx_120113,4,mode,egn04w.6761E+01,nstx_120113/N4/egn04w.6761E+01,nstx_120113/N4/egn04w.6761E+01,true,bad,training_only,true,false,192992,,2026-05-12T18:37:21.654016+00:00,,237423e61b8592f2ab1b0a9cc418380869808e182b53349d295f7ee7dec33dc7,,,,,,,,,,,,,,
nstx_120113,4,mode,egn04w.8865E+01,nstx_120113/N4/egn04w.8865E+01,nstx_120113/N4/egn04w.8865E+01,true,bad,training_only,true,false,192992,,2026-05-12T18:37:21.640015+00:00,,102126d894e78e67cfa81110c3bc341b8bf1d820b38e4f6beeecb4cddb7bacbe,,,,,,,,,,,,,,
nstx_120113,4,mode,egn04w.8937E+01,nstx_120113/N4/egn04w.8937E+01,nstx_120113/N4/egn04w.8937E+01,true,bad,training_only,true,false,192992,,2026-05-12T18:37:21.679018+00:00,,2ae663d41f64c50109b302a46e40a4f9d6de133cb99b6ecf212073fecde1fe60,,,,,,,,,,,,,,
nstx_120113,4,mode,egn04w.8982E+01,nstx_120113/N4/egn04w.8982E+01,nstx_120113/N4/egn04w.8982E+01,true,bad,training_only,true,false,192992,,2026-05-12T18:37:21.680018+00:00,,b186bac710c900f34a28b8637b95c85c0c253bc359c408e577dbbe7d91510b42,,,,,,,,,,,,,,
nstx_120113,4,mode,egn04w.9018E+01,nstx_120113/N4/egn04w.9018E+01,nstx_120113/N4/egn04w.9018E+01,true,bad,training_only,true,false,192992,,2026-05-12T18:37:21.709020+00:00,,457b84c9ce98cd76625c9674587a4b262eca62917cefb1f24e506e2a038cde65,,,,,,,,,,,,,,
nstx_120113,4,mode,egn04w.9059E+01,nstx_120113/N4/egn04w.9059E+01,nstx_120113/N4/egn04w.9059E+01,true,bad,training_only,true,false,192992,,2026-05-12T18:37:21.744023+00:00,,009ed35d38f361b9d356409037df2ee55735d3be7185a364d3995942502900df,,,,,,,,,,,,,,
nstx_120113,4,mode,egn04w.9198E+01,nstx_120113/N4/egn04w.9198E+01,nstx_120113/N4/egn04w.9198E+01,true,bad,training_only,true,false,192992,,2026-05-12T18:37:21.658016+00:00,,97e0c668373ca8b39617e08223a82a6b29939cd20bc09fa59cc61cfd12daaa6b,,,,,,,,,,,,,,
nstx_120113,4,mode,egn04w.9355E+01,nstx_120113/N4/egn04w.9355E+01,nstx_120113/N4/egn04w.9355E+01,true,bad,training_only,true,false,192992,,2026-05-12T18:37:21.698019+00:00,,37681fc62b2baf73785ef04ce5cf40468aa0a32d38ffc8aa0b65b6c48572ce53,,,,,,,,,,,,,,
nstx_120113,4,mode,egn04w.9419E+01,nstx_120113/N4/egn04w.9419E+01,nstx_120113/N4/egn04w.9419E+01,true,bad,training_only,true,false,192992,,2026-05-12T18:37:21.700019+00:00,,43762b546730c47f4e4bef8e762b6eedd9f9a4306fb237a64c2cad604827db95,,,,,,,,,,,,,,
nstx_120113,4,mode,egn04w.9542E+01,nstx_120113/N4/egn04w.9542E+01,nstx_120113/N4/egn04w.9542E+01,true,bad,training_only,true,false,192992,,2026-05-12T18:37:21.690019+00:00,,59119ee7c9d50a7172f5e693b860bd0e58aa31edd6cec65429089444fc6283d9,,,,,,,,,,,,,,
nstx_120113,4,datcon,datcon4,nstx_120113/N4/datcon4,nstx_120113/N4/datcon4,false,,different,true,true,10484,15606,2026-05-12T18:37:24.105206+00:00,2026-04-17T13:55:11.825542+00:00,839a21d2c5798dfed34f6313c1f2b10807671ad9fcdf3f38df1f4fe8e8a887ee,9a8fdd2708b472f5620efef1fe9765fa880a4748a9cae0bbfe02d7c9c464f6fa,,,,,,,,,,,,,
nstx_120113,4,datcon_gf,datcon_gf.txt,nstx_120113/N4/datcon_gf.txt,nstx_120113/N4/datcon_gf.txt,false,,different,true,true,15663,15663,2026-05-12T18:37:23.685174+00:00,2026-08-14T19:48:46.831114+00:00,41e76595bac2326f4fe680afa5b4d23468e7c00682b11a341e139447068d29de,4cdabc4e2e0cfbcde11c69952ff81d2f1a3c067e92338a0b9c20f270ff5dbb43,,,,,,,,,,,,,
nstx_120113,5,mode,egn05w.1161E+02,nstx_120113/N5/egn05w.1161E+02,nstx_120113/N5/egn05w.1161E+02,true,bad,training_only,true,false,236408,,2026-05-12T18:37:21.460001+00:00,,32eb9e5f9bcf9967bf7c983145680ce2572871d2b34f99542ecc12d497cfee01,,,,,,,,,,,,,,
nstx_120113,5,mode,egn05w.1185E+02,nstx_120113/N5/egn05w.1185E+02,nstx_120113/N5/egn05w.1185E+02,true,bad,training_only,true,false,236408,,2026-05-12T18:37:21.426998+00:00,,f9bd4216dda5645d5be55b8516860f6e55ccf20cc829a983346cc9edbebdf044,,,,,,,,,,,,,,
nstx_120113,5,mode,egn05w.1205E+02,nstx_120113/N5/egn05w.1205E+02,nstx_120113/N5/egn05w.1205E+02,true,bad,training_only,true,false,236408,,2026-05-12T18:37:21.432999+00:00,,8e46023d16195d4b34c35d072f4c7fd197afc374398e8a315353555b673033e3,,,,,,,,,,,,,,
nstx_120113,5,mode,egn05w.1259E+02,nstx_120113/N5/egn05w.1259E+02,nstx_120113/N5/egn05w.1259E+02,true,bad,training_only,true,false,236408,,2026-05-12T18:37:21.430999+00:00,,522b8a58ce7e988082c8fdbf15eb370c5487ee04c7cd685168c1ca5c6f90cb3d,,,,,,,,,,,,,,
nstx_120113,5,mode,egn05w.1279E+02,nstx_120113/N5/egn05w.1279E+02,nstx_120113/N5/egn05w.1279E+02,true,bad,training_only,true,false,236408,,2026-05-12T18:37:21.456001+00:00,,bc1e14c103ffed0556f19f95c9858ca17a293a8d4fc059072d2b12e530c31082,,,,,,,,,,,,,,
nstx_120113,5,mode,egn05w.1375E+02,nstx_120113/N5/egn05w.1375E+02,nstx_120113/N5/egn05w.1375E+02,false,,training_only,true,false,236408,,2026-05-12T18:37:21.449000+00:00,,f3fc4a2695f4f16f5586c6542c00530c3b4134d8ad8c6889ca034f0d6659aa12,,,,,,,,,,,,,,
nstx_120113,5,mode,egn05w.2606E+02,nstx_120113/N5/egn05w.2606E+02,nstx_120113/N5/egn05w.2606E+02,false,,training_only,true,false,236408,,2026-05-12T18:37:21.471002+00:00,,7180884f68ba2001a5bbe053409c65ae8bc0c0d33dfc50a7ad8dc3966de2b564,,,,,,,,,,,,,,
nstx_120113,5,mode,egn05w.2650E+02,nstx_120113/N5/egn05w.2650E+02,nstx_120113/N5/egn05w.2650E+02,false,,training_only,true,false,236408,,2026-05-12T18:37:21.522006+00:00,,7d6529927d398db4f47c99727a61fdbf76ae4c982aa45034ee7c24fa1d5bab38,,,,,,,,,,,,,,
nstx_120113,5,mode,egn05w.2695E+02,nstx_120113/N5/egn05w.2695E+02,nstx_120113/N5/egn05w.2695E+02,false,,training_only,true,false,236408,,2026-05-12T18:37:21.474002+00:00,,11e65434bd62e9148eab7200bda4dd8e4e858e92a5a513c6deb3bc040ad8b942,,,,,,,,,,,,,,
nstx_120113,5,mode,egn05w.2740E+02,nstx_120113/N5/egn05w.2740E+02,nstx_120113/N5/egn05w.2740E+02,false,,training_only,true,false,236408,,2026-05-12T18:37:21.526006+00:00,,1b71cd5ce8eb1b38cc9554498d8acee7a22ab34446f7e4b06af23ea0243b9ac6,,,,,,,,,,,,,,
nstx_120113,5,mode,egn05w.2787E+02,nstx_120113/N5/egn05w.2787E+02,nstx_120113/N5/egn05w.2787E+02,false,,training_only,true,false,236408,,2026-05-12T18:37:21.469002+00:00,,15a8ced54b1fee282757480c3d341eafc9209973079138173d0595cf2787a05c,,,,,,,,,,,,,,
nstx_120113,5,mode,egn05w.2829E+02,nstx_120113/N5/egn05w.2829E+02,nstx_120113/N5/egn05w.2829E+02,true,bad,training_only,true,false,236408,,2026-05-12T18:37:21.471002+00:00,,046ae31b55f8dfe603731f43b365fa2738e6bab95ede7344f346f407685af9fc,,,,,,,,,,,,,,
nstx_120113,5,mode,egn05w.3147E+02,nstx_120113/N5/egn05w.3147E+02,nstx_120113/N5/egn05w.3147E+02,true,bad,training_only,true,false,236408,,2026-05-12T18:37:21.476002+00:00,,3d31960e35d32a8b314def3f0115ede1f5f047d44ab802c90ef5f9b383f8d29c,,,,,,,,,,,,,,
nstx_120113,5,mode,egn05w.4734E+02,nstx_120113/N5/egn05w.4734E+02,nstx_120113/N5/egn05w.4734E+02,true,bad,training_only,true,false,236408,,2026-05-12T18:37:21.508004+00:00,,690c6805ad7d9778ffa6b0e81b319c3a745ff1aec636d54d01685b3d41a8bb99,,,,,,,,,,,,,,
nstx_120113,5,mode,egn05w.4776E+02,nstx_120113/N5/egn05w.4776E+02,nstx_120113/N5/egn05w.4776E+02,true,bad,training_only,true,false,236408,,2026-05-12T18:37:21.491003+00:00,,4221612b0d5018869c88edd0012fff8d8b356ec1b4db9eca420be546396e4dd9,,,,,,,,,,,,,,
nstx_120113,5,mode,egn05w.4796E+02,nstx_120113/N5/egn05w.4796E+02,nstx_120113/N5/egn05w.4796E+02,true,bad,training_only,true,false,236408,,2026-05-12T18:37:21.490003+00:00,,c14677fdf0190f84f78e898ab37a821ee871c3a38db6ba9a05137168fa3a93c4,,,,,,,,,,,,,,
nstx_120113,5,mode,egn05w.5462E+02,nstx_120113/N5/egn05w.5462E+02,nstx_120113/N5/egn05w.5462E+02,true,bad,training_only,true,false,236408,,2026-05-12T18:37:21.500004+00:00,,60e2437623351f746e2d898a5c46fe460e580d8f1a0a416b71a740822fbeef0b,,,,,,,,,,,,,,
nstx_120113,5,mode,egn05w.5472E+02,nstx_120113/N5/egn05w.5472E+02,nstx_120113/N5/egn05w.5472E+02,true,bad,training_only,true,false,236408,,2026-05-12T18:37:21.495003+00:00,,b459287294593fd75719a7ce8b7210302bd6743006fdb680ccc6f66208e6fa9b,,,,,,,,,,,,,,
nstx_120113,5,mode,egn05w.5637E+02,nstx_120113/N5/egn05w.5637E+02,nstx_120113/N5/egn05w.5637E+02,true,bad,training_only,true,false,236408,,2026-05-12T18:37:21.531006+00:00,,e422a2efd958e72c9bf2948b6b42f6d026ab3b6af2ea7a1aaffc3f06c3b8a8df,,,,,,,,,,,,,,
nstx_120113,5,mode,egn05w.5774E+02,nstx_120113/N5/egn05w.5774E+02,nstx_120113/N5/egn05w.5774E+02,true,bad,training_only,true,false,236408,,2026-05-12T18:37:21.516005+00:00,,cad7367fd23670fb041df913c3e1b26f9afc0ea108c2f7b7a6413b6e021c4320,,,,,,,,,,,,,,
nstx_120113,5,mode,egn05w.9885E+01,nstx_120113/N5/egn05w.9885E+01,nstx_120113/N5/egn05w.9885E+01,true,bad,training_only,true,false,236408,,2026-05-12T18:37:21.528006+00:00,,90cdc932fd8d4795c6e7dc8290fe3dfcd210b959cd4ed7d0e0cd8f86d42d5873,,,,,,,,,,,,,,
nstx_120113,5,datcon,datcon5,nstx_120113/N5/datcon5,nstx_120113/N5/datcon5,false,,different,true,true,10484,15606,2026-05-12T18:37:24.206214+00:00,2026-04-17T13:55:14.980549+00:00,b0045df9c1679ffac5ec9e50494002f3b07d6e65cab45b499c154920527b7498,c9f7f39d9b7047fe334ff106d2f71f7eb48b24a39ae3a213f21ae4e1f3777845,,,,,,,,,,,,,
nstx_120113,5,datcon_gf,datcon_gf.txt,nstx_120113/N5/datcon_gf.txt,nstx_120113/N5/datcon_gf.txt,false,,different,true,true,15663,15663,2026-05-12T18:37:23.668172+00:00,2026-08-14T19:48:54.871177+00:00,8146b6ed2bd20cd8cc8928b33ff9722e203c3f5a2e6b5ed48a96311a14c19d03,44568faecbce06d9d42d82bd1868cd978df816e7408d00cfcad1a12daec5d91e,,,,,,,,,,,,,
nstx_120113,6,mode,egn06w.1147E+02,nstx_120113/N6/egn06w.1147E+02,nstx_120113/N6/egn06w.1147E+02,true,bad,training_only,true,false,279824,,2026-05-12T18:37:21.362993+00:00,,fb12595adb49e68d9ee2f084a766f9120c4c30817d7433264d0180deeb043596,,,,,,,,,,,,,,
nstx_120113,6,mode,egn06w.1484E+02,nstx_120113/N6/egn06w.1484E+02,nstx_120113/N6/egn06w.1484E+02,true,bad,training_only,true,false,279824,,2026-05-12T18:37:24.283220+00:00,,7c0658da10e09ac16bf26f82f02c0645dbc462f7d2e648363bbef13ff1f4b60b,,,,,,,,,,,,,,
nstx_120113,6,mode,egn06w.1783E+02,nstx_120113/N6/egn06w.1783E+02,nstx_120113/N6/egn06w.1783E+02,false,,training_only,true,false,279824,,2026-05-12T18:37:24.620246+00:00,,43894025bef99bc2bd72bb9f82561fefa4b37eae968fb88410e9260f0c1be8c4,,,,,,,,,,,,,,
nstx_120113,6,mode,egn06w.1905E+02,nstx_120113/N6/egn06w.1905E+02,nstx_120113/N6/egn06w.1905E+02,false,,training_only,true,false,279824,,2026-05-12T18:37:24.863265+00:00,,58ece8c3293c6039a81b44a7e596e6c999985705482c33cf17775b25564277c7,,,,,,,,,,,,,,
nstx_120113,6,mode,egn06w.2287E+02,nstx_120113/N6/egn06w.2287E+02,nstx_120113/N6/egn06w.2287E+02,false,,training_only,true,false,279824,,2026-05-12T18:37:26.512393+00:00,,cbad5430d7f1c89c048c7396b6432f18b7c81aa82977a38d4353efaaf1029b5c,,,,,,,,,,,,,,
nstx_120113,6,mode,egn06w.2540E+02,nstx_120113/N6/egn06w.2540E+02,nstx_120113/N6/egn06w.2540E+02,true,bad,training_only,true,false,279824,,2026-05-12T18:37:26.903424+00:00,,671127d1a7ad28174c82c5d48f9c9a6cb5a65e35d1e32e5d7cd62884c0c83a47,,,,,,,,,,,,,,
nstx_120113,6,mode,egn06w.3039E+02,nstx_120113/N6/egn06w.3039E+02,nstx_120113/N6/egn06w.3039E+02,true,bad,training_only,true,false,279824,,2026-05-12T18:37:27.069437+00:00,,1ebeadb57e32992513a1f46d33f098ceecf564208fe2f02282185e109deb545d,,,,,,,,,,,,,,
nstx_120113,6,mode,egn06w.3581E+02,nstx_120113/N6/egn06w.3581E+02,nstx_120113/N6/egn06w.3581E+02,false,,training_only,true,false,279824,,2026-05-12T18:37:27.255451+00:00,,03fe6fa52d378a1b883a1a9cb5463fd5c9b8aef72161916b552da4421feb6d60,,,,,,,,,,,,,,
nstx_120113,6,mode,egn06w.5002E+02,nstx_120113/N6/egn06w.5002E+02,nstx_120113/N6/egn06w.5002E+02,true,bad,training_only,true,false,279824,,2026-05-12T18:37:27.526472+00:00,,832e0a95b5aff76ffbc5e9c812b96a9c3793c86aa7e233bbc424d03918211c9e,,,,,,,,,,,,,,
nstx_120113,6,mode,egn06w.5046E+02,nstx_120113/N6/egn06w.5046E+02,nstx_120113/N6/egn06w.5046E+02,true,bad,training_only,true,false,279824,,2026-05-12T18:37:27.803493+00:00,,4fa9e65d38a40fe10a98a8657c652049f66a4a4aa3fc7b35eead2833127d4e6f,,,,,,,,,,,,,,
nstx_120113,6,mode,egn06w.5483E+02,nstx_120113/N6/egn06w.5483E+02,nstx_120113/N6/egn06w.5483E+02,false,,training_only,true,false,279824,,2026-05-12T18:37:28.218526+00:00,,1d715f8f8250efba85c41ad9b82d6077905fe5eecb29de8ffea813c16bc4092d,,,,,,,,,,,,,,
nstx_120113,6,mode,egn06w.5589E+02,nstx_120113/N6/egn06w.5589E+02,nstx_120113/N6/egn06w.5589E+02,false,,training_only,true,false,279824,,2026-05-12T18:37:28.820573+00:00,,377aac123dc5fcbcb899757d392abd51aaa7ff0456944c58e198c26845e1422e,,,,,,,,,,,,,,
nstx_120113,6,mode,egn06w.5819E+02,nstx_120113/N6/egn06w.5819E+02,nstx_120113/N6/egn06w.5819E+02,false,,training_only,true,false,279824,,2026-05-12T18:37:28.990586+00:00,,395aa8a1f7a2f8d5e1d976bbb2e2bffd680c64db67164d86e0244265d841244b,,,,,,,,,,,,,,
nstx_120113,6,mode,egn06w.5825E+02,nstx_120113/N6/egn06w.5825E+02,nstx_120113/N6/egn06w.5825E+02,true,bad,training_only,true,false,279824,,2026-05-12T18:37:29.070592+00:00,,6eab27ed381408e9293c4c22c800e14d0f6fdd2ac5a0cd9d3023619388a034f8,,,,,,,,,,,,,,
nstx_120113,6,mode,egn06w.5841E+02,nstx_120113/N6/egn06w.5841E+02,nstx_120113/N6/egn06w.5841E+02,false,,training_only,true,false,279824,,2026-05-12T18:37:29.400618+00:00,,c00f766b55b1fb14f2653e66348abf6b571660e4924516a84411583da0d54085,,,,,,,,,,,,,,
nstx_120113,6,mode,egn06w.5887E+02,nstx_120113/N6/egn06w.5887E+02,nstx_120113/N6/egn06w.5887E+02,false,,training_only,true,false,279824,,2026-05-12T18:37:29.831651+00:00,,a04d7098c3f45a6e52295180383b37bab8bccb342f35ab868bf064175e2fceab,,,,,,,,,,,,,,
nstx_120113,6,mode,egn06w.5930E+02,nstx_120113/N6/egn06w.5930E+02,nstx_120113/N6/egn06w.5930E+02,false,,training_only,true,false,279824,,2026-05-12T18:37:38.507325+00:00,,0210cfecc5fb4d344ed2ff27e77f22a4c8e944a483e33dc49cfa81a48a580b8d,,,,,,,,,,,,,,
nstx_120113,6,mode,egn06w.5960E+02,nstx_120113/N6/egn06w.5960E+02,nstx_120113/N6/egn06w.5960E+02,false,,training_only,true,false,279824,,2026-05-12T18:37:38.643336+00:00,,f85954328f35f4afdcc43ecb9f54da9a507d683bde9ef5a7c77e5ac6fc44d629,,,,,,,,,,,,,,
nstx_120113,6,mode,egn06w.8903E+01,nstx_120113/N6/egn06w.8903E+01,nstx_120113/N6/egn06w.8903E+01,true,bad,training_only,true,false,279824,,2026-05-12T18:37:21.376994+00:00,,c2cb864a7fc1111cd85acb61b67031db146bedfa80f2a4d77e603b3eb18bbaec,,,,,,,,,,,,,,
nstx_120113,6,mode,egn06w.8975E+01,nstx_120113/N6/egn06w.8975E+01,nstx_120113/N6/egn06w.8975E+01,true,bad,training_only,true,false,279824,,2026-05-12T18:37:21.370994+00:00,,20274101530ca1260d6c79393305b0afb4cd3582be13d8aa68bcb6a946e6845c,,,,,,,,,,,,,,
nstx_120113,6,mode,egn06w.9044E+01,nstx_120113/N6/egn06w.9044E+01,nstx_120113/N6/egn06w.9044E+01,true,bad,training_only,true,false,279824,,2026-05-12T18:37:21.397996+00:00,,3882126917d89aabd6c628546153bc54b75d98e6d39085700e61c0b887c0ea26,,,,,,,,,,,,,,
nstx_120113,6,mode,egn06w.9087E+01,nstx_120113/N6/egn06w.9087E+01,nstx_120113/N6/egn06w.9087E+01,true,bad,training_only,true,false,279824,,2026-05-12T18:37:21.495003+00:00,,0d24004c45e23c315f1b12d48b7b26f2c5ad581824d7cad8f615f7de07700c0e,,,,,,,,,,,,,,
nstx_120113,6,mode,egn06w.9881E+01,nstx_120113/N6/egn06w.9881E+01,nstx_120113/N6/egn06w.9881E+01,true,bad,training_only,true,false,279824,,2026-05-12T18:37:21.420998+00:00,,ea6735b5ae8590f93716e20d19b2e4a97689249ccb9bc04f2786387c75014862,,,,,,,,,,,,,,
nstx_120113,6,datcon,datcon6,nstx_120113/N6/datcon6,nstx_120113/N6/datcon6,false,,different,true,true,10484,15606,2026-05-12T18:37:24.212214+00:00,2026-04-17T13:55:18.224557+00:00,044ffd9bf0fc0660b3e162034e41181f9f4014b34a0c31ac9dc58d4515bcca1e,79402526139a40099b7cd215441379aaada09ff481f72cc8e8c9fb32f4c4a314,,,,,,,,,,,,,
nstx_120113,6,datcon_gf,datcon_gf.txt,nstx_120113/N6/datcon_gf.txt,nstx_120113/N6/datcon_gf.txt,false,,different,true,true,15663,15663,2026-05-12T18:37:23.690174+00:00,2026-08-14T19:49:01.511228+00:00,94d7783edcb836ef78ebf6b93d62918a64f3f7a525fbf2e47d138ecc04ade3e6,4510a5b19061bd8e9899467eedac67f9462d0f79d3fb2208ebb43cd3e08dba50,,,,,,,,,,,,,
nstx_120113,7,mode,egn07w.1117E+02,nstx_120113/N7/egn07w.1117E+02,nstx_120113/N7/egn07w.1117E+02,true,bad,training_only,true,false,323240,,2026-05-12T18:37:21.225983+00:00,,0707d3ad61d7ebffaaa74d95c1361b0f1760d11c48496c2f6154372acd49f498,,,,,,,,,,,,,,
nstx_120113,7,mode,egn07w.1121E+02,nstx_120113/N7/egn07w.1121E+02,nstx_120113/N7/egn07w.1121E+02,true,bad,training_only,true,false,323240,,2026-05-12T18:37:21.267986+00:00,,abad5cdd111e21fd8747967339313548df1054c4f87ef60e48ac68376bfab1a9,,,,,,,,,,,,,,
nstx_120113,7,mode,egn07w.1130E+02,nstx_120113/N7/egn07w.1130E+02,nstx_120113/N7/egn07w.1130E+02,true,bad,training_only,true,false,323240,,2026-05-12T18:37:21.271986+00:00,,60d84c0d21db537bcf82b497ed12afa7af71a65b73405c498b0339d93a18fc98,,,,,,,,,,,,,,
nstx_120113,7,mode,egn07w.1146E+02,nstx_120113/N7/egn07w.1146E+02,nstx_120113/N7/egn07w.1146E+02,true,bad,training_only,true,false,323240,,2026-05-12T18:37:24.687252+00:00,,9c581d4444e40bf894c67a7f0d2e0a90c282e12b5aeca1910c9795cbad75b60c,,,,,,,,,,,,,,
nstx_120113,7,mode,egn07w.1162E+02,nstx_120113/N7/egn07w.1162E+02,nstx_120113/N7/egn07w.1162E+02,true,bad,training_only,true,false,323240,,2026-05-12T18:37:25.083282+00:00,,16ef616eecb322c9bb2cfc44a56657b145ce566662a5a9d6972890ed47481eea,,,,,,,,,,,,,,
nstx_120113,7,mode,egn07w.1216E+02,nstx_120113/N7/egn07w.1216E+02,nstx_120113/N7/egn07w.1216E+02,true,bad,training_only,true,false,323240,,2026-05-12T18:37:25.667328+00:00,,bcab1491cf212787db5d6e02f902ebb0ba1ed17512b77011250167b463e884fb,,,,,,,,,,,,,,
nstx_120113,7,mode,egn07w.1753E+02,nstx_120113/N7/egn07w.1753E+02,nstx_120113/N7/egn07w.1753E+02,false,,training_only,true,false,323240,,2026-05-12T18:37:26.846419+00:00,,655a6e6dbbd4708f589510edc9535e9bbf0dff651094aff0c06c9b06e063c34a,,,,,,,,,,,,,,
nstx_120113,7,mode,egn07w.2123E+02,nstx_120113/N7/egn07w.2123E+02,nstx_120113/N7/egn07w.2123E+02,false,,training_only,true,false,323240,,2026-05-12T18:37:27.499470+00:00,,423bf58ef539dbe5d66edd11c475c227073adc13c84dcd646b6600ede6104777,,,,,,,,,,,,,,
nstx_120113,7,mode,egn07w.2156E+02,nstx_120113/N7/egn07w.2156E+02,nstx_120113/N7/egn07w.2156E+02,false,,training_only,true,false,323240,,2026-05-12T18:37:27.694485+00:00,,268a234681296a817ae2df12fc543fff46ec8bc24c10ebb3c86a147caa2656c1,,,,,,,,,,,,,,
nstx_120113,7,mode,egn07w.2190E+02,nstx_120113/N7/egn07w.2190E+02,nstx_120113/N7/egn07w.2190E+02,false,,training_only,true,false,323240,,2026-05-12T18:37:27.937504+00:00,,7f32894f0f402931736c2d1b9791d763c20f2744c95047d3e77dde215ec1e2f0,,,,,,,,,,,,,,
nstx_120113,7,mode,egn07w.2630E+02,nstx_120113/N7/egn07w.2630E+02,nstx_120113/N7/egn07w.2630E+02,true,bad,training_only,true,false,323240,,2026-05-12T18:37:28.455544+00:00,,99f3fe82f39c75bf440ae0e0067331f302edf1f3f15a5d7b91a5cde2cdc697ae,,,,,,,,,,,,,,
nstx_120113,7,mode,egn07w.2914E+02,nstx_120113/N7/egn07w.2914E+02,nstx_120113/N7/egn07w.2914E+02,false,,training_only,true,false,323240,,2026-05-12T18:37:28.613556+00:00,,c6b8d050a26b612dece4c1768f45b018130e2b81d36c73a7e0ab7f39d25b39c4,,,,,,,,,,,,,,
nstx_120113,7,mode,egn07w.2965E+02,nstx_120113/N7/egn07w.2965E+02,nstx_120113/N7/egn07w.2965E+02,false,,training_only,true,false,323240,,2026-05-12T18:37:28.938582+00:00,,df967b4b23a53da6359e8f153a2836029f461c82f8611c2f3b07f19d82cedd02,,,,,,,,,,,,,,
nstx_120113,7,mode,egn07w.3017E+02,nstx_120113/N7/egn07w.3017E+02,nstx_120113/N7/egn07w.3017E+02,false,,training_only,true,false,323240,,2026-05-12T18:37:29.085593+00:00,,2dacf6f4bf230e572092f7e40e11f4adad900c5d4b9873c939e625070ff3a9be,,,,,,,,,,,,,,
nstx_120113,7,mode,egn07w.3069E+02,nstx_120113/N7/egn07w.3069E+02,nstx_120113/N7/egn07w.3069E+02,false,,training_only,true,false,323240,,2026-05-12T18:37:29.268607+00:00,,47e6db859692597fbdc257c00f933a189e356fb26f8906e91a681e77d756dbdb,,,,,,,,,,,,,,
nstx_120113,7,mode,egn07w.3192E+02,nstx_120113/N7/egn07w.3192E+02,nstx_120113/N7/egn07w.3192E+02,true,bad,training_only,true,false,323240,,2026-05-12T18:37:29.683640+00:00,,3e2111a08d3441c958c17a1586944d1993f449d40f8246c390fd1493ad6d25e8,,,,,,,,,,,,,,
nstx_120113,7,mode,egn07w.4149E+02,nstx_120113/N7/egn07w.4149E+02,nstx_120113/N7/egn07w.4149E+02,false,,training_only,true,false,323240,,2026-05-12T18:37:31.525783+00:00,,bd18ad807851c0396def9f0bbb729832f336d934e6f87ca97a6ea155de20047f,,,,,,,,,,,,,,
nstx_120113,7,mode,egn07w.4543E+02,nstx_120113/N7/egn07w.4543E+02,nstx_120113/N7/egn07w.4543E+02,true,bad,training_only,true,false,323240,,2026-05-12T18:37:31.605789+00:00,,ffbc9b0c40f8ab56ef7065961462f2842c80cf06696b2596b20ab243fe4147cf,,,,,,,,,,,,,,
nstx_120113,7,mode,egn07w.4562E+02,nstx_120113/N7/egn07w.4562E+02,nstx_120113/N7/egn07w.4562E+02,true,bad,training_only,true,false,323240,,2026-05-12T18:37:31.623790+00:00,,4366395ed352fa2733393b5c31b7e559b110540726e143ee79c767a2c4bad61e,,,,,,,,,,,,,,
nstx_120113,7,mode,egn07w.4985E+02,nstx_120113/N7/egn07w.4985E+02,nstx_120113/N7/egn07w.4985E+02,true,bad,training_only,true,false,323240,,2026-05-12T18:37:31.714797+00:00,,c3e2a2d0bcc54d7c179856023ac611896d53ec042d23085923f3a6659433acea,,,,,,,,,,,,,,
nstx_120113,7,mode,egn07w.5141E+02,nstx_120113/N7/egn07w.5141E+02,nstx_120113/N7/egn07w.5141E+02,true,bad,training_only,true,false,323240,,2026-05-12T18:37:21.235983+00:00,,671756f0afd4293fd92ed6a54144038638add286600225a5a5b28eef9f55e52e,,,,,,,,,,,,,,
nstx_120113,7,mode,egn07w.5154E+02,nstx_120113/N7/egn07w.5154E+02,nstx_120113/N7/egn07w.5154E+02,true,bad,training_only,true,false,323240,,2026-05-12T18:37:21.292988+00:00,,33a049a8882fb7e2ed1c9dfaa6a96328751c13e85403fe4c3a9f3c84f5c25e53,,,,,,,,,,,,,,
nstx_120113,7,mode,egn07w.5162E+02,nstx_120113/N7/egn07w.5162E+02,nstx_120113/N7/egn07w.5162E+02,true,bad,training_only,true,false,323240,,2026-05-12T18:37:21.317990+00:00,,30bdf6e3f974a6bcc82312b08ff77a7c543b732ad7c64a3179bbd81c0d0f509e,,,,,,,,,,,,,,
nstx_120113,7,mode,egn07w.5179E+02,nstx_120113/N7/egn07w.5179E+02,nstx_120113/N7/egn07w.5179E+02,false,,training_only,true,false,323240,,2026-05-12T18:37:21.339992+00:00,,5f39a9cd782ad338a5813770929a5a776d1d8db617e8e6f4da64f134f502929a,,,,,,,,,,,,,,
nstx_120113,7,mode,egn07w.5193E+02,nstx_120113/N7/egn07w.5193E+02,nstx_120113/N7/egn07w.5193E+02,true,bad,training_only,true,false,323240,,2026-05-12T18:37:21.273986+00:00,,da4f7eef3e5e9ac888dcc0e86e844a0d764a812237a16959f064390c92e3fcd7,,,,,,,,,,,,,,
nstx_120113,7,mode,egn07w.5204E+02,nstx_120113/N7/egn07w.5204E+02,nstx_120113/N7/egn07w.5204E+02,false,,training_only,true,false,323240,,2026-05-12T18:37:21.289988+00:00,,6b5c2fbda88035fc061835db3e50c094dfb4d08261a88831c3a44298152e8434,,,,,,,,,,,,,,
nstx_120113,7,mode,egn07w.5230E+02,nstx_120113/N7/egn07w.5230E+02,nstx_120113/N7/egn07w.5230E+02,true,bad,training_only,true,false,323240,,2026-05-12T18:37:21.317990+00:00,,0c529131a6efa8064c5d17122a097d09aeaa422488d056b118a38bbd118784ac,,,,,,,,,,,,,,
nstx_120113,7,mode,egn07w.6041E+01,nstx_120113/N7/egn07w.6041E+01,nstx_120113/N7/egn07w.6041E+01,true,bad,training_only,true,false,323240,,2026-05-12T18:37:21.371994+00:00,,d742116e299fd331b2baaf0419462b046b69b312658155f9e0dc99d1272f7dca,,,,,,,,,,,,,,
nstx_120113,7,datcon,datcon7,nstx_120113/N7/datcon7,nstx_120113/N7/datcon7,false,,different,true,true,10484,15606,2026-05-12T18:37:24.242217+00:00,2026-04-17T13:55:21.382564+00:00,ebc6751e5114c26d770d92680c56b0381dd76e28cc20181b28ce8ea9c41d977a,10c5afc860a1c584dd6f68aaf85f61c3be205db68ff2c46dc80e8aadb3eeb05d,,,,,,,,,,,,,
nstx_120113,7,datcon_gf,datcon_gf.txt,nstx_120113/N7/datcon_gf.txt,nstx_120113/N7/datcon_gf.txt,false,,different,true,true,15663,15663,2026-05-12T18:37:23.693174+00:00,2026-08-14T19:49:32.506469+00:00,a0120f8035c9bb0adb07fe78897d93c4e6cc416e20551d631808a8671270c003,66ffd21a308aa98e8a056060d341926bf9b0a23acb11112faf84188ed293eef0,,,,,,,,,,,,,
nstx_120113,8,mode,egn08w.2338E+02,nstx_120113/N8/egn08w.2338E+02,nstx_120113/N8/egn08w.2338E+02,false,,training_only,true,false,366656,,2026-05-12T18:37:21.119974+00:00,,ad709f7b1a421888cb79d19290376944afa8b06bcb65248e430fc0883fc5c763,,,,,,,,,,,,,,
nstx_120113,8,mode,egn08w.2371E+02,nstx_120113/N8/egn08w.2371E+02,nstx_120113/N8/egn08w.2371E+02,false,,training_only,true,false,366656,,2026-05-12T18:37:21.089972+00:00,,a723e4399b5716bf419aaa1d4aee780dfff0892662d541de446250f2197aeaae,,,,,,,,,,,,,,
nstx_120113,8,mode,egn08w.2405E+02,nstx_120113/N8/egn08w.2405E+02,nstx_120113/N8/egn08w.2405E+02,false,,training_only,true,false,366656,,2026-05-12T18:37:21.139976+00:00,,e7fd931edf081c69161c5cd99001af797c95f4fe3a9a516198eac15abe257ae2,,,,,,,,,,,,,,
nstx_120113,8,mode,egn08w.2438E+02,nstx_120113/N8/egn08w.2438E+02,nstx_120113/N8/egn08w.2438E+02,false,,training_only,true,false,366656,,2026-05-12T18:37:21.112974+00:00,,6b41cebd7fc9c9b42d087e23b0fe87dd26772c08662207d4d81edf7239e6c46c,,,,,,,,,,,,,,
nstx_120113,8,mode,egn08w.2473E+02,nstx_120113/N8/egn08w.2473E+02,nstx_120113/N8/egn08w.2473E+02,false,,training_only,true,false,366656,,2026-05-12T18:37:21.161978+00:00,,edd0624b4e68c2bc0778ef74f49577a55670b7cc8411d8f46c8701c768230a3d,,,,,,,,,,,,,,
nstx_120113,8,mode,egn08w.2507E+02,nstx_120113/N8/egn08w.2507E+02,nstx_120113/N8/egn08w.2507E+02,false,,training_only,true,false,366656,,2026-05-12T18:37:21.156977+00:00,,7c73e59c7c78b1bb8945c319d3521908efb6387ac26c41c98b6c5e4bd1db897b,,,,,,,,,,,,,,
nstx_120113,8,mode,egn08w.2543E+02,nstx_120113/N8/egn08w.2543E+02,nstx_120113/N8/egn08w.2543E+02,false,,training_only,true,false,366656,,2026-05-12T18:37:21.136976+00:00,,1328e66fbcb3798881a55dfe376dc49fdf64b4393c6124f8d17684cbb36018f9,,,,,,,,,,,,,,
nstx_120113,8,mode,egn08w.2765E+02,nstx_120113/N8/egn08w.2765E+02,nstx_120113/N8/egn08w.2765E+02,true,bad,training_only,true,false,366656,,2026-05-12T18:37:21.198981+00:00,,a6a9ae4b938445346f52da793d48afdba9c96331ee8af1ef51602bc4b8d9fa4b,,,,,,,,,,,,,,
nstx_120113,8,mode,egn08w.4617E+02,nstx_120113/N8/egn08w.4617E+02,nstx_120113/N8/egn08w.4617E+02,true,bad,training_only,true,false,366656,,2026-05-12T18:37:21.155977+00:00,,09d8307e477f381d3389ff4389943ee44b85afb6810da7e2dd6882fb2aa589a5,,,,,,,,,,,,,,
nstx_120113,8,mode,egn08w.4740E+02,nstx_120113/N8/egn08w.4740E+02,nstx_120113/N8/egn08w.4740E+02,true,bad,training_only,true,false,366656,,2026-05-12T18:37:21.214982+00:00,,a4b5dbbcfa8b3bea1e0ebd437ce05f60cc70286aa7897b971c91cd08a1fcb73d,,,,,,,,,,,,,,
nstx_120113,8,mode,egn08w.5127E+02,nstx_120113/N8/egn08w.5127E+02,nstx_120113/N8/egn08w.5127E+02,true,bad,training_only,true,false,366656,,2026-05-12T18:37:21.179979+00:00,,44a73717d9707ca49b06f3338a55575504b2e5d738a7d46cac60482f0e5c6dd3,,,,,,,,,,,,,,
nstx_120113,8,mode,egn08w.5319E+02,nstx_120113/N8/egn08w.5319E+02,nstx_120113/N8/egn08w.5319E+02,true,bad,training_only,true,false,366656,,2026-05-12T18:37:21.198981+00:00,,ebdaddd712db72515a57a165277e962c564726de59a4004bf360c44f539ddfe7,,,,,,,,,,,,,,
nstx_120113,8,datcon,datcon8,nstx_120113/N8/datcon8,nstx_120113/N8/datcon8,false,,different,true,true,10484,15606,2026-05-12T18:37:24.341225+00:00,2026-04-17T13:55:24.564571+00:00,b7dd90c52d81275a06178a0b1aa247464c755e2200c513cd091fb58ae420aaa0,68edf0883cc35e50286eaff1a1a47f7d897c4ac27cafd52c45019dffd54cbbe0,,,,,,,,,,,,,
nstx_120113,8,datcon_gf,datcon_gf.txt,nstx_120113/N8/datcon_gf.txt,nstx_120113/N8/datcon_gf.txt,false,,different,true,true,15663,15663,2026-05-12T18:37:23.769180+00:00,2026-08-14T19:49:33.418477+00:00,ca5e1d7cd2253bcb6e5c9b5660f77900c148c60c81fe8d81d802d417be3adc69,7e57dc9be13defcf48493f51b189dfcb999ea8e46c39d9b5bfe2add97bc0f6d2,,,,,,,,,,,,,
nstx_120113,9,mode,egn09w.1386E+02,nstx_120113/N9/egn09w.1386E+02,nstx_120113/N9/egn09w.1386E+02,false,,training_only,true,false,410072,,2026-05-12T18:37:21.053969+00:00,,fe9b51286cefb036d5a29f084bbe98cf8dc1ed805255125a78c819a0c998d142,,,,,,,,,,,,,,
nstx_120113,9,mode,egn09w.2352E+02,nstx_120113/N9/egn09w.2352E+02,nstx_120113/N9/egn09w.2352E+02,false,,training_only,true,false,410072,,2026-05-12T18:37:21.081971+00:00,,ecfb15c339e9d723f86e77acba0c880e718123ac99fcc307cf60a0b00d0471aa,,,,,,,,,,,,,,
nstx_120113,9,mode,egn09w.2391E+02,nstx_120113/N9/egn09w.2391E+02,nstx_120113/N9/egn09w.2391E+02,false,,training_only,true,false,410072,,2026-05-12T18:37:20.953962+00:00,,45120ad9669939996f3431dae89a0cbdb68e7a89abbc1a4fb739c342f7d3e121,,,,,,,,,,,,,,
nstx_120113,9,mode,egn09w.2431E+02,nstx_120113/N9/egn09w.2431E+02,nstx_120113/N9/egn09w.2431E+02,false,,training_only,true,false,410072,,2026-05-12T18:37:21.086972+00:00,,0759961c8411f1c819f9e5faeea90226ffe2d2a5ca170b27039fcfd70d7f498e,,,,,,,,,,,,,,
nstx_120113,9,mode,egn09w.3055E+02,nstx_120113/N9/egn09w.3055E+02,nstx_120113/N9/egn09w.3055E+02,false,,training_only,true,false,410072,,2026-05-12T18:37:21.120975+00:00,,28dd954f10e8c163f0d018c79469bfc43e7896a30300772da23eb4f53315fe5d,,,,,,,,,,,,,,
nstx_120113,9,mode,egn09w.4356E+02,nstx_120113/N9/egn09w.4356E+02,nstx_120113/N9/egn09w.4356E+02,true,bad,training_only,true,false,410072,,2026-05-12T18:37:21.033968+00:00,,39e9406b449f76dda26c15d6b452f48ac0baa9ceed8f9b3f8cf4762b0be42529,,,,,,,,,,,,,,
nstx_120113,9,mode,egn09w.4398E+02,nstx_120113/N9/egn09w.4398E+02,nstx_120113/N9/egn09w.4398E+02,true,bad,training_only,true,false,410072,,2026-05-12T18:37:21.026967+00:00,,50b2d0763e115b7394068e5a617f32b8b7529045cf429ea4eb0317c2d303ba29,,,,,,,,,,,,,,
nstx_120113,9,mode,egn09w.4423E+02,nstx_120113/N9/egn09w.4423E+02,nstx_120113/N9/egn09w.4423E+02,true,bad,training_only,true,false,410072,,2026-05-12T18:37:21.136976+00:00,,13ed2ec0950c8a811612e8165e92d098988552e1436da678b6d5c589593814ce,,,,,,,,,,,,,,
nstx_120113,9,mode,egn09w.4806E+02,nstx_120113/N9/egn09w.4806E+02,nstx_120113/N9/egn09w.4806E+02,true,bad,training_only,true,false,410072,,2026-05-12T18:37:21.034968+00:00,,d7e8821ee3ed5c3d73f9be01f29bb249fce5804cab095660486db216fc8c7552,,,,,,,,,,,,,,
nstx_120113,9,mode,egn09w.4885E+02,nstx_120113/N9/egn09w.4885E+02,nstx_120113/N9/egn09w.4885E+02,true,bad,training_only,true,false,410072,,2026-05-12T18:37:20.990964+00:00,,ebd1f60f5243059c765bb2b0e25e336380777539021fea41b4a7e290314d419e,,,,,,,,,,,,,,
nstx_120113,9,mode,egn09w.5240E+01,nstx_120113/N9/egn09w.5240E+01,nstx_120113/N9/egn09w.5240E+01,true,bad,training_only,true,false,410072,,2026-05-12T18:37:21.047969+00:00,,8b74f9a87de760bfc61c3aa37fa376b7b35a35a5bae477c673ecab3ba43d355b,,,,,,,,,,,,,,
nstx_120113,9,mode,egn09w.5398E+02,nstx_120113/N9/egn09w.5398E+02,nstx_120113/N9/egn09w.5398E+02,true,bad,training_only,true,false,410072,,2026-05-12T18:37:21.151977+00:00,,17a0defb05b22cf3ab1fb9b02071efb71dfc817b71a231bc544cc229902a7cdf,,,,,,,,,,,,,,
nstx_120113,9,datcon,datcon9,nstx_120113/N9/datcon9,nstx_120113/N9/datcon9,false,,different,true,true,10484,15606,2026-05-12T18:37:24.349225+00:00,2026-04-17T13:55:27.752578+00:00,81a6a4eb0fac9188260cb930f497f7e12ef303b2397c8b20d5981437cc62b916,00ebc8c16be80b7b42cf626f863347926d472a2764a249d15ceb24c29243a7df,,,,,,,,,,,,,
nstx_120113,9,datcon_gf,datcon_gf.txt,nstx_120113/N9/datcon_gf.txt,nstx_120113/N9/datcon_gf.txt,false,,different,true,true,15663,15663,2026-05-12T18:37:23.799182+00:00,2026-08-14T19:50:14.023793+00:00,edd34d424c2e6460cb070c24d6eb29fb3bc8b18e2dcc221eba9b2fd5176a5462,0dd367cefde16d55f3246d75149ef9c433a92fd0b394362f7018ee2c27e0ba4b,,,,,,,,,,,,,
nstx_120113,10,mode,egn10w.1727E+02,nstx_120113/N10/egn10w.1727E+02,nstx_120113/N10/egn10w.1727E+02,false,,training_only,true,false,439016,,2026-05-12T18:37:20.824951+00:00,,a487c3eebeea36c7e279fd749027d3878d5e605bbbc5e241e0148ef64ecd1302,,,,,,,,,,,,,,
nstx_120113,10,mode,egn10w.1738E+02,nstx_120113/N10/egn10w.1738E+02,nstx_120113/N10/egn10w.1738E+02,false,,training_only,true,false,439016,,2026-05-12T18:37:20.591933+00:00,,a845aff11a51fad67633c6886104a1590fe43d15178895964e0eaec2c3e0053b,,,,,,,,,,,,,,
nstx_120113,10,mode,egn10w.1743E+02,nstx_120113/N10/egn10w.1743E+02,nstx_120113/N10/egn10w.1743E+02,false,,training_only,true,false,439016,,2026-05-12T18:37:20.611935+00:00,,ae645faa5a6b4e904ad30284f4b6062ceb03bc8aa0af3ab25ada6d271bdb870a,,,,,,,,,,,,,,
nstx_120113,10,mode,egn10w.1748E+02,nstx_120113/N10/egn10w.1748E+02,nstx_120113/N10/egn10w.1748E+02,false,,training_only,true,false,439016,,2026-05-12T18:37:20.635937+00:00,,dbb14d754d6813f0878d1ba432901a66287c4f9ba8eb716cea2c22ecab2e3fe8,,,,,,,,,,,,,,
nstx_120113,10,mode,egn10w.1754E+02,nstx_120113/N10/egn10w.1754E+02,nstx_120113/N10/egn10w.1754E+02,false,,training_only,true,false,439016,,2026-05-12T18:37:20.653938+00:00,,7600c50de04ae6fd89906989ce4896a6cdf6ad4277bd779e3d1d7a3764380653,,,,,,,,,,,,,,
nstx_120113,10,mode,egn10w.1760E+02,nstx_120113/N10/egn10w.1760E+02,nstx_120113/N10/egn10w.1760E+02,false,,training_only,true,false,439016,,2026-05-12T18:37:20.884956+00:00,,e0e0880a88b82f7de958a73bbe5b84e51c47362be266d04f521efac69a0beb0e,,,,,,,,,,,,,,
nstx_120113,10,mode,egn10w.1768E+02,nstx_120113/N10/egn10w.1768E+02,nstx_120113/N10/egn10w.1768E+02,false,,training_only,true,false,439016,,2026-05-12T18:37:20.665939+00:00,,e913d419985d859af7e0494432d643e3f013cb44ecd2bf8d49d8fdc24b713134,,,,,,,,,,,,,,
nstx_120113,10,mode,egn10w.1776E+02,nstx_120113/N10/egn10w.1776E+02,nstx_120113/N10/egn10w.1776E+02,false,,training_only,true,false,439016,,2026-05-12T18:37:20.845953+00:00,,e9f8f831bb466d9dd014ea4fc27a89f986139d783ffc0e087fe97acdcf7b56cc,,,,,,,,,,,,,,
nstx_120113,10,mode,egn10w.1785E+02,nstx_120113/N10/egn10w.1785E+02,nstx_120113/N10/egn10w.1785E+02,false,,training_only,true,false,439016,,2026-05-12T18:37:20.687941+00:00,,afa8d033c62036b381cf309b33bbeb95a4d4dbdf43046f072b1ba05c2c8bbaf6,,,,,,,,,,,,,,
nstx_120113,10,mode,egn10w.1794E+02,nstx_120113/N10/egn10w.1794E+02,nstx_120113/N10/egn10w.1794E+02,false,,training_only,true,false,439016,,2026-05-12T18:37:20.707942+00:00,,72f023357767afcf2efb3db93fa203469f5b8fb086e9fe3ab91b24a9d44bd4eb,,,,,,,,,,,,,,
nstx_120113,10,mode,egn10w.1804E+02,nstx_120113/N10/egn10w.1804E+02,nstx_120113/N10/egn10w.1804E+02,false,,training_only,true,false,439016,,2026-05-12T18:37:20.711943+00:00,,274a7e2c8a77e4ca567ccbc714f161e18a716c5ab2370cc02d2b33f3bebfe789,,,,,,,,,,,,,,
nstx_120113,10,mode,egn10w.1816E+02,nstx_120113/N10/egn10w.1816E+02,nstx_120113/N10/egn10w.1816E+02,false,,training_only,true,false,439016,,2026-05-12T18:37:20.897957+00:00,,9a938a173b71da8c262658f2a67593720b9798c3760f1a3b7a684a3f52640b90,,,,,,,,,,,,,,
nstx_120113,10,mode,egn10w.1822E+02,nstx_120113/N10/egn10w.1822E+02,nstx_120113/N10/egn10w.1822E+02,false,,training_only,true,false,439016,,2026-05-12T18:37:20.872955+00:00,,f93bf5cbc66708657bf58b8836ae2b842c2b32ed2c00770c538d24309fc7fa02,,,,,,,,,,,,,,
nstx_120113,10,mode,egn10w.1838E+02,nstx_120113/N10/egn10w.1838E+02,nstx_120113/N10/egn10w.1838E+02,false,,training_only,true,false,439016,,2026-05-12T18:37:20.727944+00:00,,d451102611ab055393ebf72baf8c10e073f42da042f340abb6af219f593a846a,,,,,,,,,,,,,,
nstx_120113,10,mode,egn10w.1852E+02,nstx_120113/N10/egn10w.1852E+02,nstx_120113/N10/egn10w.1852E+02,false,,training_only,true,false,439016,,2026-05-12T18:37:20.935960+00:00,,e0d99e4c5858fa53b64efbfd94459afd9fe828a45a8375f377174d1c684562f5,,,,,,,,,,,,,,
nstx_120113,10,mode,egn10w.1929E+02,nstx_120113/N10/egn10w.1929E+02,nstx_120113/N10/egn10w.1929E+02,false,,training_only,true,false,439016,,2026-05-12T18:37:20.747946+00:00,,a8eefcca87fe484aa1a462326cfe920ef332368384929ba4ea959ad5c01afc73,,,,,,,,,,,,,,
nstx_120113,10,mode,egn10w.4548E+02,nstx_120113/N10/egn10w.4548E+02,nstx_120113/N10/egn10w.4548E+02,true,bad,training_only,true,false,439016,,2026-05-12T18:37:20.778948+00:00,,161bb0d98fdf03022471d1e8a0c55b1989caaa5a830a429ac322031e2126b02b,,,,,,,,,,,,,,
nstx_120113,10,mode,egn10w.4585E+02,nstx_120113/N10/egn10w.4585E+02,nstx_120113/N10/egn10w.4585E+02,true,bad,training_only,true,false,439016,,2026-05-12T18:37:21.248984+00:00,,109b191eca7536cb84cd40512a46219a633b2c18a92e54b6131d1f9a516873a1,,,,,,,,,,,,,,
nstx_120113,10,mode,egn10w.4695E+02,nstx_120113/N10/egn10w.4695E+02,nstx_120113/N10/egn10w.4695E+02,true,bad,training_only,true,false,439016,,2026-05-12T18:37:20.782948+00:00,,77d048337ceed78cadb03cd0af0a402fe7da848c3f8da4382f137c546a63b4a7,,,,,,,,,,,,,,
nstx_120113,10,mode,egn10w.5115E+02,nstx_120113/N10/egn10w.5115E+02,nstx_120113/N10/egn10w.5115E+02,false,,training_only,true,false,439016,,2026-05-12T18:37:20.930960+00:00,,152452fe907f164bab7d6e6360f361e7ebd67f65e37e0c643ac1819fc0c4ea68,,,,,,,,,,,,,,
nstx_120113,10,mode,egn10w.5180E+02,nstx_120113/N10/egn10w.5180E+02,nstx_120113/N10/egn10w.5180E+02,false,,training_only,true,false,439016,,2026-05-12T18:37:20.824951+00:00,,74771fb4af957725e2c980d8d6c83197087ebfe2b4d97cb1430d8352dc0e5b82,,,,,,,,,,,,,,
nstx_120113,10,mode,egn10w.5278E+02,nstx_120113/N10/egn10w.5278E+02,nstx_120113/N10/egn10w.5278E+02,false,,training_only,true,false,439016,,2026-05-12T18:37:20.919959+00:00,,709d19feec16bbcf09ed519a1a023d9604608c9f059e725b79243f73fc3f4733,,,,,,,,,,,,,,
nstx_120113,10,mode,egn10w.5297E+02,nstx_120113/N10/egn10w.5297E+02,nstx_120113/N10/egn10w.5297E+02,false,,training_only,true,false,439016,,2026-05-12T18:37:20.936960+00:00,,9aa42b7293969ccf9365232ebc2297d8bc13bbd8a13b4ded77c99d3492531b35,,,,,,,,,,,,,,
nstx_120113,10,mode,egn10w.5504E+02,nstx_120113/N10/egn10w.5504E+02,nstx_120113/N10/egn10w.5504E+02,false,,training_only,true,false,439016,,2026-05-12T18:37:20.941961+00:00,,dcdf543b70c1e8487f0aa5bae623def23eebae153931fc4f7d2227ddc5daba86,,,,,,,,,,,,,,
nstx_120113,10,mode,egn10w.5561E+02,nstx_120113/N10/egn10w.5561E+02,nstx_120113/N10/egn10w.5561E+02,true,bad,training_only,true,false,439016,,2026-05-12T18:37:20.965962+00:00,,e35db47fb9659a17831701a0a83b94209f74388f72aa890547f964dc5ed0edd1,,,,,,,,,,,,,,
nstx_120113,10,mode,egn10w.5673E+02,nstx_120113/N10/egn10w.5673E+02,nstx_120113/N10/egn10w.5673E+02,false,,training_only,true,false,439016,,2026-05-12T18:37:20.850954+00:00,,90543ed6e00de818aa55cad0399c9aa13237891f4443ac48bb9e41e1609871a2,,,,,,,,,,,,,,
nstx_120113,10,mode,egn10w.5889E+02,nstx_120113/N10/egn10w.5889E+02,nstx_120113/N10/egn10w.5889E+02,false,,training_only,true,false,439016,,2026-05-12T18:37:20.866955+00:00,,59de25c532cc0c9ff2887d4bc95087218778736fb49fd26ac62c2e437cf034e6,,,,,,,,,,,,,,
nstx_120113,10,mode,egn10w.6001E+02,nstx_120113/N10/egn10w.6001E+02,nstx_120113/N10/egn10w.6001E+02,false,,training_only,true,false,439016,,2026-05-12T18:37:20.948961+00:00,,4170292ef75f99134295e7244fb3fc8f03e0c96f7e0bf8054589e3400dc07d66,,,,,,,,,,,,,,
nstx_120113,10,datcon,datcon10,nstx_120113/N10/datcon10,nstx_120113/N10/datcon10,false,,different,true,true,10484,15606,2026-05-12T18:37:23.964195+00:00,2026-04-17T13:55:30.910587+00:00,ee4e94b3b82d332d65d486356ec1ee2bba5d0c228644ef03213547fb31a00512,5fd30df5fcd7c472d01752d7e3edcd582812e7ce5de0062eb3e2bf0c19ceb847,,,,,,,,,,,,,
nstx_120113,10,datcon_gf,datcon_gf.txt,nstx_120113/N10/datcon_gf.txt,nstx_120113/N10/datcon_gf.txt,false,,different,true,true,15663,15663,2026-05-12T18:37:23.556164+00:00,2026-08-14T19:50:14.891800+00:00,9245a2d8083e45812930b05b4b491c5efd74f166c2e9591129fb4565bd87b289,149ed58dc2c98e3bce56cb1023c710e565b6f5c46a746df8eb237a6e0e81180a,,,,,,,,,,,,,
nstx_135388,2,datcon,datcon2,nstx_135388/N2/datcon2,nstx_135388/N2/datcon2,false,,different,true,true,15606,15606,2026-06-20T19:24:26.796524+00:00,2026-08-16T15:30:49.919612+00:00,cc3582374e8ef34c1bb55e7bf365320369a31fd4edca133f4673ee65d151f460,cec61c2e1f9c0ac0c585397a2d859f323a471c3f181dfd8a3653f07c46c14337,,,,,,,,,,,,,
nstx_135388,2,datcon_gf,datcon_gf.txt,nstx_135388/N2/datcon_gf.txt,nstx_135388/N2/datcon_gf.txt,false,,different,true,true,15663,15663,2026-06-20T19:24:27.220525+00:00,2026-08-16T15:30:50.855621+00:00,88e86e330a9ee017c37e6b08066a4f6b4e2e56e0a946aeaa8c7ee0899f126bbe,c68d849888ca5214bdb6972430c45ba1b7ec1d8a321bf1a18b35e8fac3004921,,,,,,,,,,,,,
nstx_135388,3,datcon,datcon3,nstx_135388/N3/datcon3,nstx_135388/N3/datcon3,false,,different,true,true,15606,15606,2026-06-20T19:34:56.613228+00:00,2026-08-16T15:33:37.053251+00:00,11098e2b7fea8d7d4e26f089c23afa5222166e4e8c5cc08437e3c06115d34c62,405962698a5e92d6fbe4f124eaf83c52f0107cf3d17c59e06558c649ad5c234b,,,,,,,,,,,,,
nstx_135388,3,datcon_gf,datcon_gf.txt,nstx_135388/N3/datcon_gf.txt,nstx_135388/N3/datcon_gf.txt,false,,different,true,true,15663,15663,2026-06-20T19:34:56.634228+00:00,2026-08-16T15:33:37.832258+00:00,85d0a958796b3b7ed8a09cf3b5c67d210078634ab1ba59cbbbce9e12714c688e,8ccab480f305e61c4bfef4fabeef7a960e4f3110b4f94cfc97668d9c90211fa9,,,,,,,,,,,,,
nstx_135388,4,datcon,datcon4,nstx_135388/N4/datcon4,nstx_135388/N4/datcon4,false,,different,true,true,15606,15606,2026-06-20T19:35:25.602317+00:00,2026-08-16T15:33:43.694316+00:00,1c9f645d522068f3a0f86feb9ea4cefec96f7c1fb8479ef447d994edfbbe65b2,a33e710111adf2a3c2fff90d7718e0789b97737cd564f14202fe5504c2cc3851,,,,,,,,,,,,,
nstx_135388,4,datcon_gf,datcon_gf.txt,nstx_135388/N4/datcon_gf.txt,nstx_135388/N4/datcon_gf.txt,false,,different,true,true,15663,15663,2026-06-20T19:35:25.628317+00:00,2026-08-16T15:33:44.256322+00:00,11ae7b6d7ce12ecd246d444b5b90a827a4ac460f41efb9c6e6aa354c736508af,e7f30671622cdf2980114148812de76faecee87ba03046cb6e4cd6b9827952d6,,,,,,,,,,,,,
nstx_135388,5,datcon,datcon5,nstx_135388/N5/datcon5,nstx_135388/N5/datcon5,false,,different,true,true,15606,15606,2026-06-20T19:37:14.796650+00:00,2026-08-16T15:33:56.703444+00:00,b898ec50919791baa918cc66d02232465eae1b9caaeb9bf675ebe6e1ae222746,3e0c885cd7f8ac3380a6b5fb8a797e5d4861f05de49885aa6360f8f2e78221c8,,,,,,,,,,,,,
nstx_135388,5,datcon_gf,datcon_gf.txt,nstx_135388/N5/datcon_gf.txt,nstx_135388/N5/datcon_gf.txt,false,,different,true,true,15663,15663,2026-06-20T19:37:14.940650+00:00,2026-08-16T15:33:57.308450+00:00,214e19bb577bbd842422b4a5c8accfa9478ff38539947d3c4b55b8adbe5ae497,9fbb9494c4cfba721ba8b71e35c0ed4255e0f62edb31f4eb78e2df617ed6f7ea,,,,,,,,,,,,,
nstx_135388,6,datcon,datcon6,nstx_135388/N6/datcon6,nstx_135388/N6/datcon6,false,,different,true,true,15606,15606,2026-06-20T19:38:14.004840+00:00,2026-08-16T15:34:18.478647+00:00,d1ae1dd437ed605f0ab8755a491effef9b6347a58f60997e693e0933ab48c399,712c68a6059e368cdbb402a2bbcbe8b1d97b9327f6e576bea0aa98927b59616e,,,,,,,,,,,,,
nstx_135388,6,datcon_gf,datcon_gf.txt,nstx_135388/N6/datcon_gf.txt,nstx_135388/N6/datcon_gf.txt,false,,different,true,true,15663,15663,2026-06-20T19:38:14.038840+00:00,2026-08-16T15:34:19.264654+00:00,e9bd4388c870a1f83f106741c52ef6898ad273198a9e4e7f85c204ba993175c5,06e7ce53c0d8d3ea33a08f5775887ce9026ad43515cc129a68d4c6b09d437cc4,,,,,,,,,,,,,
nstx_135388,7,datcon,datcon7,nstx_135388/N7/datcon7,nstx_135388/N7/datcon7,false,,different,true,true,15606,15606,2026-06-20T19:39:34.704086+00:00,2026-08-16T15:34:41.465859+00:00,9c1b020f0f6ccf9f1a90e72aa7ea48fcf20dd096a0986c845314ff4dbc97eacd,0c8682a17d7dc98390d896276e9a9c2c3e21637ad1fcf7edf1728852fdaee68f,,,,,,,,,,,,,
nstx_135388,7,datcon_gf,datcon_gf.txt,nstx_135388/N7/datcon_gf.txt,nstx_135388/N7/datcon_gf.txt,false,,different,true,true,15663,15663,2026-06-20T19:39:35.366088+00:00,2026-08-16T15:34:42.266866+00:00,6f80607d7c5745f19e36aca842444f41e6b6c8aa6c8dae331ed26ea93999491f,f1b9891bb8a6af3f3f4353f05b31e6352e825138454712fbd41352811e5bbd07,,,,,,,,,,,,,
nstx_135388,8,datcon,datcon8,nstx_135388/N8/datcon8,nstx_135388/N8/datcon8,false,,different,true,true,15606,15606,2026-06-20T19:42:05.499539+00:00,2026-08-16T15:35:08.190120+00:00,e246446ec60d83ca5be4dc20c02c5a1d68e00fffb426d27e4f5e35bfd8d5f780,8aafc67690cf8e2d3ac54998eb2ec14c08fbc3f6123bdfa9c657c8235068e9e0,,,,,,,,,,,,,
nstx_135388,8,datcon_gf,datcon_gf.txt,nstx_135388/N8/datcon_gf.txt,nstx_135388/N8/datcon_gf.txt,false,,different,true,true,15663,15663,2026-06-20T19:42:05.599539+00:00,2026-08-16T15:35:12.796165+00:00,e55ec6c6ae9179fa32e6c3101c0269730dafe3b761ca8237c8a670e98466e69f,08009ef896ba035bf02e916a3960764817d2d343f096b34a5a349c6afddbce89,,,,,,,,,,,,,
nstx_135388,9,datcon,datcon9,nstx_135388/N9/datcon9,nstx_135388/N9/datcon9,false,,different,true,true,15606,15606,2026-06-20T19:42:47.868649+00:00,2026-08-16T15:35:21.609251+00:00,e97d9abebb53edbffa78f411492b137a04487305a79c8fb5dff1a5a0a7a8cad5,7c5b95348bf908da5e681ef16281095e912b5e36f5ea19034b6289b726c937fb,,,,,,,,,,,,,
nstx_135388,9,datcon_gf,datcon_gf.txt,nstx_135388/N9/datcon_gf.txt,nstx_135388/N9/datcon_gf.txt,false,,different,true,true,15663,15663,2026-06-20T19:42:48.159650+00:00,2026-08-16T15:35:22.100255+00:00,f2f857b86081ba498f0a037814a535c82d09ab2a2bf4ad27c927386047dc94f0,63ebfd0c6734a379f6b2c018d25d92816d2ad34338c8039ae8ae873904aff2f9,,,,,,,,,,,,,
nstx_135388,10,datcon,datcon10,nstx_135388/N10/datcon10,nstx_135388/N10/datcon10,false,,different,true,true,15606,15606,2026-06-20T19:43:36.607778+00:00,2026-08-16T15:35:33.647368+00:00,3ef5fdfcaaa43b07f215938912236c174ff40a2556017ba2474e5ddb54214a46,1841f648f0086d1b90c8f4828190db8b9679ac15445d43a1c0451761c5b07f3b,,,,,,,,,,,,,
nstx_135388,10,datcon_gf,datcon_gf.txt,nstx_135388/N10/datcon_gf.txt,nstx_135388/N10/datcon_gf.txt,false,,different,true,true,15663,15663,2026-06-20T19:43:36.857778+00:00,2026-08-16T15:35:34.159373+00:00,060e520ab3fcbc13be998e38d18808e59fba758b1a7ae50d2fb840abe48b0333,89ecab1bc9a67df1da6a17c50ca4e21ae8c4775b371a55ceb34fc9577adf2a1c,,,,,,,,,,,,,
nstx_141711,1,mode,egn01w.2320E+03,nstx_141711/N1/egn01w.2320E+03,nstx_141711/N1/egn01w.2320E+03,false,,different,true,true,101336,86864,2026-05-12T18:37:50.808280+00:00,2026-03-19T03:33:08.007026+00:00,21dbab23bb550e79484b0dc55ea4128406aa0a2c88e3612df31d9f759b4c5dd2,e93306d983d470714bc30f737067ed80695829518ad6091eb29471281852b320,21x201,18x201,false,,15.231480672351662,15.231782779197347,1.98343714694819e-05,1.98343714694819e-05,-5.78488690198764e-05,-4.496390897300267e-05,1,1,
nstx_141711,1,mode,egn01w.2634E+02,nstx_141711/N1/egn01w.2634E+02,nstx_141711/N1/egn01w.2634E+02,false,,training_only,true,false,101336,,2026-05-12T18:37:50.835283+00:00,,c3217293535682b702d02f0f80ab9add1dafe94ca3d2b2792ff5e4cdebbd57e1,,,,,,,,,,,,,,
nstx_141711,1,mode,egn01w.2684E+02,nstx_141711/N1/egn01w.2684E+02,nstx_141711/N1/egn01w.2684E+02,false,,training_only,true,false,101336,,2026-05-12T18:37:50.857284+00:00,,958d4e9fe2021a8edb67713749aada98e0ad0e8f04c6749e42599d15f383c200,,,,,,,,,,,,,,
nstx_141711,1,mode,egn01w.2708E+02,nstx_141711/N1/egn01w.2708E+02,nstx_141711/N1/egn01w.2708E+02,false,,training_only,true,false,101336,,2026-05-12T18:37:50.824282+00:00,,e82f800f68601f1d36428fad6d57da82560f33ff41c9f34f7fdc77f342bdcd9c,,,,,,,,,,,,,,
nstx_141711,1,mode,egn01w.2733E+02,nstx_141711/N1/egn01w.2733E+02,nstx_141711/N1/egn01w.2733E+02,false,,training_only,true,false,101336,,2026-05-12T18:37:50.859284+00:00,,e148e36d3261447b44a5d32064aac23607f2c32a7b24d6868b35756394c66403,,,,,,,,,,,,,,
nstx_141711,1,mode,egn01w.2756E+02,nstx_141711/N1/egn01w.2756E+02,nstx_141711/N1/egn01w.2756E+02,false,,training_only,true,false,101336,,2026-05-12T18:37:50.787279+00:00,,c3632fa944976bba8cbca0c7f82918e5b71049b1e1e388620c54971505c6c9ca,,,,,,,,,,,,,,
nstx_141711,1,mode,egn01w.2780E+02,nstx_141711/N1/egn01w.2780E+02,nstx_141711/N1/egn01w.2780E+02,false,,training_only,true,false,101336,,2026-05-12T18:37:50.846283+00:00,,5b661fc98f74634c893fc673a9517490ec3237c0c7a5d379e5d5380e9eac2ed0,,,,,,,,,,,,,,
nstx_141711,1,mode,egn01w.2803E+02,nstx_141711/N1/egn01w.2803E+02,nstx_141711/N1/egn01w.2803E+02,false,,training_only,true,false,101336,,2026-05-12T18:37:50.868285+00:00,,74d25deb83f1eb1c9d2348560d9ac28e75624e2a7cc9fda45a4c489e25bf737c,,,,,,,,,,,,,,
nstx_141711,1,mode,egn01w.2826E+02,nstx_141711/N1/egn01w.2826E+02,nstx_141711/N1/egn01w.2826E+02,false,,training_only,true,false,101336,,2026-05-12T18:37:50.841283+00:00,,5a2b7eaf8f34d81e490bfbd486a3c5d2ddf02f03a1ec857fed81cf4eb1f56840,,,,,,,,,,,,,,
nstx_141711,1,mode,egn01w.2849E+02,nstx_141711/N1/egn01w.2849E+02,nstx_141711/N1/egn01w.2849E+02,false,,training_only,true,false,101336,,2026-05-12T18:37:50.806280+00:00,,3beb0d68a9127c71636456f10b05eff6539580fc20bb9d9f31bfa0c6871b93a1,,,,,,,,,,,,,,
nstx_141711,1,mode,egn01w.2872E+02,nstx_141711/N1/egn01w.2872E+02,nstx_141711/N1/egn01w.2872E+02,false,,training_only,true,false,101336,,2026-05-12T18:37:50.883286+00:00,,abcc3030930e04d69edfcb38ba41fc472dd12fb96376ea8d6c19fc9ca3dac303,,,,,,,,,,,,,,
nstx_141711,1,mode,egn01w.2894E+02,nstx_141711/N1/egn01w.2894E+02,nstx_141711/N1/egn01w.2894E+02,false,,training_only,true,false,101336,,2026-05-12T18:37:50.843283+00:00,,d2740aefd10600d91d76043bd997f47af7afc9926b514f58059cbcc84ebdc0e6,,,,,,,,,,,,,,
nstx_141711,1,mode,egn01w.2916E+02,nstx_141711/N1/egn01w.2916E+02,nstx_141711/N1/egn01w.2916E+02,false,,training_only,true,false,101336,,2026-05-12T18:37:50.822282+00:00,,402d598323530684fad9764c29b9c92f241bce91d4165117f5a03cd7f9c4c18c,,,,,,,,,,,,,,
nstx_141711,1,mode,egn01w.2938E+02,nstx_141711/N1/egn01w.2938E+02,nstx_141711/N1/egn01w.2938E+02,false,,training_only,true,false,101336,,2026-05-12T18:37:50.846283+00:00,,5230c32d2aa1946d966ec04cf5a54efddeaf08b56c9723f201f65fea190725a4,,,,,,,,,,,,,,
nstx_141711,1,mode,egn01w.2961E+02,nstx_141711/N1/egn01w.2961E+02,nstx_141711/N1/egn01w.2961E+02,false,,training_only,true,false,101336,,2026-05-12T18:37:50.835283+00:00,,5e74c859881f7ba47d17a7f62c62410b9882c0090bc211a1bb1a040cad08ce69,,,,,,,,,,,,,,
nstx_141711,1,mode,egn01w.2982E+02,nstx_141711/N1/egn01w.2982E+02,nstx_141711/N1/egn01w.2982E+02,false,,training_only,true,false,101336,,2026-05-12T18:37:50.862285+00:00,,c293f3e8321aff7ef8811ccbaada2d0d8c07a1e6dc72eabf7bffb65f0453e21e,,,,,,,,,,,,,,
nstx_141711,1,mode,egn01w.3003E+02,nstx_141711/N1/egn01w.3003E+02,nstx_141711/N1/egn01w.3003E+02,false,,training_only,true,false,101336,,2026-05-12T18:37:50.844283+00:00,,15d30c55c0195fb998cc3ba0497f8a2ac2b6b62d266e441ede2fae55eb6b3611,,,,,,,,,,,,,,
nstx_141711,1,mode,egn01w.3024E+02,nstx_141711/N1/egn01w.3024E+02,nstx_141711/N1/egn01w.3024E+02,false,,training_only,true,false,101336,,2026-05-12T18:37:50.874285+00:00,,c1abd9b4895e0941e54c9ce888e42b2c1fa707e30bab62f7822fd76659d6ca49,,,,,,,,,,,,,,
nstx_141711,1,mode,egn01w.3045E+02,nstx_141711/N1/egn01w.3045E+02,nstx_141711/N1/egn01w.3045E+02,false,,training_only,true,false,101336,,2026-05-12T18:37:50.950291+00:00,,21f8a46365fe2746372e2c6f7614a1a3142a8af9c04cfda742132dc6f724da2f,,,,,,,,,,,,,,
nstx_141711,1,mode,egn01w.3066E+02,nstx_141711/N1/egn01w.3066E+02,nstx_141711/N1/egn01w.3066E+02,false,,training_only,true,false,101336,,2026-05-12T18:37:50.861284+00:00,,1f8232774be9af9f29f31f5f5eec727cdee14a446d6b71a56dd043246ac890cb,,,,,,,,,,,,,,
nstx_141711,1,mode,egn01w.3087E+02,nstx_141711/N1/egn01w.3087E+02,nstx_141711/N1/egn01w.3087E+02,false,,training_only,true,false,101336,,2026-05-12T18:37:50.886286+00:00,,b2e7b3885c0c4dd4d0a51be2e2c33e0c995c31724a22d2b3631a5bd17f5ccb37,,,,,,,,,,,,,,
nstx_141711,1,mode,egn01w.3108E+02,nstx_141711/N1/egn01w.3108E+02,nstx_141711/N1/egn01w.3108E+02,false,,training_only,true,false,101336,,2026-05-12T18:37:50.965293+00:00,,80ea5db767dfe1605e042f396e5b6b14d316af00c7cd3284c8e84c34affb83b4,,,,,,,,,,,,,,
nstx_141711,1,mode,egn01w.3129E+02,nstx_141711/N1/egn01w.3129E+02,nstx_141711/N1/egn01w.3129E+02,false,,training_only,true,false,101336,,2026-05-12T18:37:50.825282+00:00,,9ac47a010d97241034c27a7431f3085bdb0e384c5735c598ef5fddd95f227116,,,,,,,,,,,,,,
nstx_141711,1,mode,egn01w.3150E+02,nstx_141711/N1/egn01w.3150E+02,nstx_141711/N1/egn01w.3150E+02,false,,training_only,true,false,101336,,2026-05-12T18:37:50.878286+00:00,,52a8e8d76141e672fbfec2cc487c3750158fcae7bc221c32c6dedb6e65d987dc,,,,,,,,,,,,,,
nstx_141711,1,mode,egn01w.3170E+02,nstx_141711/N1/egn01w.3170E+02,nstx_141711/N1/egn01w.3170E+02,false,,training_only,true,false,101336,,2026-05-12T18:37:50.882286+00:00,,052dc2f20d2e34186c836ddde5b470a2e68ed8147a5a1462280e64647510e337,,,,,,,,,,,,,,
nstx_141711,1,mode,egn01w.3191E+02,nstx_141711/N1/egn01w.3191E+02,nstx_141711/N1/egn01w.3191E+02,false,,training_only,true,false,101336,,2026-05-12T18:37:50.910288+00:00,,0bfa759f9cc104f33ff21fbcc4b7331eb34698b57724ee6de1f69dfdd99671da,,,,,,,,,,,,,,
nstx_141711,1,mode,egn01w.3212E+02,nstx_141711/N1/egn01w.3212E+02,nstx_141711/N1/egn01w.3212E+02,false,,training_only,true,false,101336,,2026-05-12T18:37:50.847283+00:00,,249cbfe7e674f35989ccbd9b0c95060c167318d793a6d42fc063a9c303d03e5f,,,,,,,,,,,,,,
nstx_141711,1,mode,egn01w.4097E+02,nstx_141711/N1/egn01w.4097E+02,nstx_141711/N1/egn01w.4097E+02,false,,training_only,true,false,101336,,2026-05-12T18:37:50.897287+00:00,,18c839924cab21c01b12cef1cd25d339c4df4f5bbcd35173df3cc62a36b9f6aa,,,,,,,,,,,,,,
nstx_141711,1,mode,egn01w.4195E+02,nstx_141711/N1/egn01w.4195E+02,nstx_141711/N1/egn01w.4195E+02,false,,training_only,true,false,101336,,2026-05-12T18:37:50.923289+00:00,,e7133779c103dab2526f9ee0fab79a0989f4faaa24599a8724f09d2c9dada55b,,,,,,,,,,,,,,
nstx_141711,1,mode,egn01w.4407E+02,nstx_141711/N1/egn01w.4407E+02,nstx_141711/N1/egn01w.4407E+02,false,,training_only,true,false,101336,,2026-05-12T18:37:50.847283+00:00,,a012381503677a8a27bb7eee6b55074a8deea2c318dcff21b4e2fa61447c0860,,,,,,,,,,,,,,
nstx_141711,1,mode,egn01w.6439E+02,nstx_141711/N1/egn01w.6439E+02,nstx_141711/N1/egn01w.6439E+02,false,,training_only,true,false,101336,,2026-05-12T18:37:50.984294+00:00,,cc557bff96b856bc63882f97f32b5bd27678f6c2bf6a42bbcc8f6a8f245a189e,,,,,,,,,,,,,,
nstx_141711,1,mode,egn01w.6998E+02,nstx_141711/N1/egn01w.6998E+02,nstx_141711/N1/egn01w.6998E+02,false,,training_only,true,false,101336,,2026-05-12T18:37:50.898287+00:00,,531ca0083e4fc77283636655137461da0e519c3d3c5baf29832e3a21d4c96f73,,,,,,,,,,,,,,
nstx_141711,1,mode,egn01w.7059E+02,nstx_141711/N1/egn01w.7059E+02,nstx_141711/N1/egn01w.7059E+02,false,,training_only,true,false,101336,,2026-05-12T18:37:50.866285+00:00,,2385e5cfe3b531a4d8b558500ee7a66840ce4660c42ec725075ef2f4630f3b75,,,,,,,,,,,,,,
nstx_141711,1,mode,egn01w.7120E+02,nstx_141711/N1/egn01w.7120E+02,nstx_141711/N1/egn01w.7120E+02,false,,training_only,true,false,101336,,2026-05-12T18:37:50.915289+00:00,,dbb4bfa0bf1f9367e0128142d992c7003091a8b167a649001ee989551d970b60,,,,,,,,,,,,,,
nstx_141711,1,datcon,datcon1,nstx_141711/N1/datcon1,nstx_141711/N1/datcon1,false,,different,true,true,10484,15606,2026-05-12T18:37:52.894442+00:00,2026-04-17T14:34:09.955407+00:00,9a130976816af4bd8f9be4e6242d9298c0a0c244b18199db13519111bf85dd03,a6c124449ab22d93fa29125bb071722f459f63aeb95eb4dc4ff42197979fe0a1,,,,,,,,,,,,,
nstx_141711,1,datcon_gf,datcon_gf.txt,nstx_141711/N1/datcon_gf.txt,nstx_141711/N1/datcon_gf.txt,false,,different,true,true,15663,15663,2026-05-12T18:37:51.822359+00:00,2026-04-17T14:34:09.967407+00:00,2eb9a83a514969e1792b3a58c59939421f4472a4ebb98b65f791eb856e5e49b0,f02b9c973f5837249185eb70d3303da4c8ae085c1256488255fee77c4e851094,,,,,,,,,,,,,
nstx_141711,2,mode,egn02w.2289E+03,nstx_141711/N2/egn02w.2289E+03,nstx_141711/N2/egn02w.2289E+03,false,,training_only,true,false,183344,,2026-05-12T18:37:50.739275+00:00,,9acd9046a5706dee32984779d0a78afeb02b60ba2540ca0839fc66903841df7f,,,,,,,,,,,,,,
nstx_141711,2,mode,egn02w.2357E+02,nstx_141711/N2/egn02w.2357E+02,nstx_141711/N2/egn02w.2357E+02,true,bad,training_only,true,false,183344,,2026-05-12T18:37:50.750276+00:00,,ec4d3e8a662e770e257f543454f988d019c704d707103a5a26e3b35403fbf671,,,,,,,,,,,,,,
nstx_141711,2,mode,egn02w.4662E+02,nstx_141711/N2/egn02w.4662E+02,nstx_141711/N2/egn02w.4662E+02,true,bad,training_only,true,false,183344,,2026-05-12T18:37:50.768277+00:00,,93cb8a4af689189dd907bede6acba6099fab36f36ace64116f1daad8c5a1223a,,,,,,,,,,,,,,
nstx_141711,2,mode,egn02w.6447E+02,nstx_141711/N2/egn02w.6447E+02,nstx_141711/N2/egn02w.6447E+02,true,good,training_only,true,false,183344,,2026-05-12T18:37:50.762277+00:00,,5c049b5dfb2b61ebd58240ae861055fea35d0f8d168bbab07a8e9b52c1f69c10,,,,,,,,,,,,,,
nstx_141711,2,mode,egn02w.6783E+02,nstx_141711/N2/egn02w.6783E+02,nstx_141711/N2/egn02w.6783E+02,true,bad,training_only,true,false,183344,,2026-05-12T18:37:50.777278+00:00,,f71366fc39243cf54c86cb86bdc71598ca441981b2ba54fd6d6eb870f4f26b49,,,,,,,,,,,,,,
nstx_141711,2,datcon,datcon2,nstx_141711/N2/datcon2,nstx_141711/N2/datcon2,false,,different,true,true,10484,15606,2026-05-12T18:37:52.943446+00:00,2026-04-17T14:34:11.051409+00:00,d113f5a5d0289c4b8a03bea0c1c0a365ce20b67318a65dc8851008f5ba57263e,e28c058b199506b4a7b80e252dc95db70f22c31fd404ccdc2a0a3acfc29ac2a8,,,,,,,,,,,,,
nstx_141711,2,datcon_gf,datcon_gf.txt,nstx_141711/N2/datcon_gf.txt,nstx_141711/N2/datcon_gf.txt,false,,different,true,true,15663,15663,2026-05-12T18:37:51.934368+00:00,2026-04-17T14:34:11.067410+00:00,b2dfd5e9ec5c85b8c9eeec4b48823b355acc020631a3aa95e5f15f35477dbd70,3ef58409aba34510bfc49d9f2f62a9fa54ccb2e6254a3eff7a860c5db9938a83,,,,,,,,,,,,,
nstx_141711,3,mode,egn03w.1129E+03,nstx_141711/N3/egn03w.1129E+03,nstx_141711/N3/egn03w.1129E+03,true,bad,training_only,true,false,265352,,2026-05-12T18:37:48.587108+00:00,,da8f94c563cac0d4a6cfe93d89da6c814b649e69d604859bad748ebbddbc00f9,,,,,,,,,,,,,,
nstx_141711,3,mode,egn03w.1289E+03,nstx_141711/N3/egn03w.1289E+03,nstx_141711/N3/egn03w.1289E+03,false,,training_only,true,false,265352,,2026-05-12T18:37:48.800124+00:00,,5a0dd5c8e178c7eee4064a7b7294da54b2c5465f81e451379b421ba1c7766727,,,,,,,,,,,,,,
nstx_141711,3,mode,egn03w.1292E+03,nstx_141711/N3/egn03w.1292E+03,nstx_141711/N3/egn03w.1292E+03,true,bad,training_only,true,false,265352,,2026-05-12T18:37:48.609110+00:00,,64c9572db60063e6bb2b74442f6b96f87d3ab01eb42755c28a6d60c5f0e26012,,,,,,,,,,,,,,
nstx_141711,3,mode,egn03w.1493E+03,nstx_141711/N3/egn03w.1493E+03,nstx_141711/N3/egn03w.1493E+03,true,bad,different,true,true,265352,221936,2026-05-12T18:37:48.643112+00:00,2026-03-19T03:39:31.371655+00:00,978c53eb7fe1c36e5b04bd9a21590e81ba292564d10bfa36782a1a4e93dadf21,d8919fdfce0de0395447847b4ffe75795f9fe0e4100ca4fae0332fee4d717fb2,55x201,46x201,false,,12.216807710077129,12.21683218025066,2.002992443903763e-06,2.002992443903763e-06,-2.288359648297599e-06,-9.731464405618073e-07,3,3,
nstx_141711,3,mode,egn03w.2060E+02,nstx_141711/N3/egn03w.2060E+02,nstx_141711/N3/egn03w.2060E+02,true,bad,training_only,true,false,265352,,2026-05-12T18:37:48.602109+00:00,,ef252bd032879065a7f860293a76e107a09257d379c3464cefce7da3fed37f1e,,,,,,,,,,,,,,
nstx_141711,3,mode,egn03w.2477E+02,nstx_141711/N3/egn03w.2477E+02,nstx_141711/N3/egn03w.2477E+02,true,bad,training_only,true,false,265352,,2026-05-12T18:37:48.630111+00:00,,98e373606778f32ac32fa1e5796ea5037391d8b42b459a9d0460a601354eb4f8,,,,,,,,,,,,,,
nstx_141711,3,mode,egn03w.3049E+02,nstx_141711/N3/egn03w.3049E+02,nstx_141711/N3/egn03w.3049E+02,true,bad,training_only,true,false,265352,,2026-05-12T18:37:48.646112+00:00,,170c36b1c5e922e0028e905a932a002dcb554a941a64d535df73879858f82a84,,,,,,,,,,,,,,
nstx_141711,3,mode,egn03w.3060E+02,nstx_141711/N3/egn03w.3060E+02,nstx_141711/N3/egn03w.3060E+02,true,bad,training_only,true,false,265352,,2026-05-12T18:37:48.586108+00:00,,db78b3272d41cc499e70de73cd9cffbf5bb6af3728c016e2eb76f9248b8aac0a,,,,,,,,,,,,,,
nstx_141711,3,mode,egn03w.3072E+02,nstx_141711/N3/egn03w.3072E+02,nstx_141711/N3/egn03w.3072E+02,true,bad,training_only,true,false,265352,,2026-05-12T18:37:48.846128+00:00,,67b5817f6f5ef1769eeee54e9c88146b252d5cfaed0979c57e1ac16b3a872338,,,,,,,,,,,,,,
nstx_141711,3,mode,egn03w.3087E+02,nstx_141711/N3/egn03w.3087E+02,nstx_141711/N3/egn03w.3087E+02,true,bad,training_only,true,false,265352,,2026-05-12T18:37:48.650113+00:00,,daee59eb3f910781390173d70ce91e4c1e488dafd106420778e6c217223e844f,,,,,,,,,,,,,,
nstx_141711,3,mode,egn03w.3106E+02,nstx_141711/N3/egn03w.3106E+02,nstx_141711/N3/egn03w.3106E+02,true,bad,training_only,true,false,265352,,2026-05-12T18:37:48.589108+00:00,,f1357cf734a93bf7c457f183d9979113531aa718cf581e2db64d4f1c6ddb2fa3,,,,,,,,,,,,,,
nstx_141711,3,mode,egn03w.3126E+02,nstx_141711/N3/egn03w.3126E+02,nstx_141711/N3/egn03w.3126E+02,true,bad,training_only,true,false,265352,,2026-05-12T18:37:48.655113+00:00,,c9fffcd6cf34ab8cded8a65dfe5370d21da782b08d5b944b0d803f56a326f78b,,,,,,,,,,,,,,
nstx_141711,3,mode,egn03w.3264E+02,nstx_141711/N3/egn03w.3264E+02,nstx_141711/N3/egn03w.3264E+02,true,bad,training_only,true,false,265352,,2026-05-12T18:37:48.592108+00:00,,b1cdbcc691298dfff75653a93bbf2b8b43cfe2315e672b9ea85214b6a05e9971,,,,,,,,,,,,,,
nstx_141711,3,mode,egn03w.3350E+02,nstx_141711/N3/egn03w.3350E+02,nstx_141711/N3/egn03w.3350E+02,true,bad,training_only,true,false,265352,,2026-05-12T18:37:48.672115+00:00,,af1fcaf3fdda73d49939e737f5a51367cf0a973edb2f040576597c6ea5189af4,,,,,,,,,,,,,,
nstx_141711,3,mode,egn03w.4150E+02,nstx_141711/N3/egn03w.4150E+02,nstx_141711/N3/egn03w.4150E+02,true,bad,training_only,true,false,265352,,2026-05-12T18:37:48.618110+00:00,,c0ccdf4c2057db9a8e45965bb2db4899de53e051872460d74d3684ff2b83aee5,,,,,,,,,,,,,,
nstx_141711,3,mode,egn03w.4255E+02,nstx_141711/N3/egn03w.4255E+02,nstx_141711/N3/egn03w.4255E+02,true,bad,training_only,true,false,265352,,2026-05-12T18:37:48.646112+00:00,,7e5b1b8c2cd7457cda651d9736b4a760bf0b65802fac9a226c135d79815df2ee,,,,,,,,,,,,,,
nstx_141711,3,mode,egn03w.6735E+02,nstx_141711/N3/egn03w.6735E+02,nstx_141711/N3/egn03w.6735E+02,true,good,training_only,true,false,265352,,2026-05-12T18:37:48.653113+00:00,,38eb9a7f05d08db02ed7e7180a50d82fe89d4c77bc57b2222deca8cae904d1fc,,,,,,,,,,,,,,
nstx_141711,3,mode,egn03w.8627E+02,nstx_141711/N3/egn03w.8627E+02,nstx_141711/N3/egn03w.8627E+02,true,bad,training_only,true,false,265352,,2026-05-12T18:37:48.691116+00:00,,6e7398b56c3ff1ebcd7bd7b41fd3f288d2ffafba50c33c7b5e5190779da3cafc,,,,,,,,,,,,,,
nstx_141711,3,datcon,datcon3,nstx_141711/N3/datcon3,nstx_141711/N3/datcon3,false,,different,true,true,10484,15606,2026-05-12T18:37:53.030453+00:00,2026-04-17T14:34:13.314415+00:00,bf91324cc511ef5c874a09ea86b2a478781858ad00dbfb91cdfd32b7d397cbad,fe70fad36a413a9f071916686fb9eb4eebe1fd0edd53b47f768e26e240c43a2a,,,,,,,,,,,,,
nstx_141711,3,datcon_gf,datcon_gf.txt,nstx_141711/N3/datcon_gf.txt,nstx_141711/N3/datcon_gf.txt,false,,different,true,true,15663,15663,2026-05-12T18:37:51.934368+00:00,2026-04-17T14:34:13.336416+00:00,5e02be8adb38c28bbcf98cf3ca8e7300e92d24259b97cf0791b915d11402bf88,32ab347f17ebfaf9ca79cc029c412156705d00951441e2ffb882fe7d84c2f396,,,,,,,,,,,,,
nstx_141711,4,mode,egn04w.1003E+03,nstx_141711/N4/egn04w.1003E+03,nstx_141711/N4/egn04w.1003E+03,true,bad,training_only,true,false,347360,,2026-05-12T18:37:48.263083+00:00,,2293c110d5ce5ee6f4fd1ecc4e296925bce733ffb69dae6896591ad8d67145ce,,,,,,,,,,,,,,
nstx_141711,4,mode,egn04w.1226E+03,nstx_141711/N4/egn04w.1226E+03,nstx_141711/N4/egn04w.1226E+03,true,bad,training_only,true,false,347360,,2026-05-12T18:37:48.250082+00:00,,68b338f7ca14d078f6a60d3acd8009ea7073803aae099d0423c8e7b66cc174c4,,,,,,,,,,,,,,
nstx_141711,4,mode,egn04w.1521E+03,nstx_141711/N4/egn04w.1521E+03,nstx_141711/N4/egn04w.1521E+03,true,bad,training_only,true,false,347360,,2026-05-12T18:37:48.276084+00:00,,9e4b989d4f0ac5f6cf1410fdd2c821102bbaa920331a34f99c94c324d7619b27,,,,,,,,,,,,,,
nstx_141711,4,mode,egn04w.2108E+02,nstx_141711/N4/egn04w.2108E+02,nstx_141711/N4/egn04w.2108E+02,true,bad,training_only,true,false,347360,,2026-05-12T18:37:48.295085+00:00,,7cb6193fa64ac145d576a34dea63b1d6a887b96202aaa929f0623164de62df53,,,,,,,,,,,,,,
nstx_141711,4,mode,egn04w.2251E+02,nstx_141711/N4/egn04w.2251E+02,nstx_141711/N4/egn04w.2251E+02,true,bad,training_only,true,false,347360,,2026-05-12T18:37:48.445097+00:00,,48231acf389e72a65965a5271f860ba5d492a0b25b2c4fabff6adc8a3168cdf7,,,,,,,,,,,,,,
nstx_141711,4,mode,egn04w.2483E+02,nstx_141711/N4/egn04w.2483E+02,nstx_141711/N4/egn04w.2483E+02,true,bad,training_only,true,false,347360,,2026-05-12T18:37:48.456098+00:00,,d1787d4bf0392f38d80273bc4ac95796d74efbe54ac963fc8d7dd7a3f4be2597,,,,,,,,,,,,,,
nstx_141711,4,mode,egn04w.2511E+02,nstx_141711/N4/egn04w.2511E+02,nstx_141711/N4/egn04w.2511E+02,true,bad,training_only,true,false,347360,,2026-05-12T18:37:48.269083+00:00,,f28880a2af81b9579ba5bb8d7ea08a118f31de94f264b75bcd32bfe114ab07bb,,,,,,,,,,,,,,
nstx_141711,4,mode,egn04w.3127E+02,nstx_141711/N4/egn04w.3127E+02,nstx_141711/N4/egn04w.3127E+02,true,bad,training_only,true,false,347360,,2026-05-12T18:37:48.271083+00:00,,52573b121e1f28beaf331ef30caad2152845931614972d36c1adca99448b93c8,,,,,,,,,,,,,,
nstx_141711,4,mode,egn04w.3557E+02,nstx_141711/N4/egn04w.3557E+02,nstx_141711/N4/egn04w.3557E+02,true,bad,training_only,true,false,347360,,2026-05-12T18:37:48.319087+00:00,,d6fc8918e774cb22d5caeabfbdc7c3b53d0e0c619883779f89a5fe017565b356,,,,,,,,,,,,,,
nstx_141711,4,mode,egn04w.4674E+02,nstx_141711/N4/egn04w.4674E+02,nstx_141711/N4/egn04w.4674E+02,true,bad,training_only,true,false,347360,,2026-05-12T18:37:48.268083+00:00,,5b842f93b345f54257254b968e368c6556f4970accf0bfd412f3194d29dbc9ad,,,,,,,,,,,,,,
nstx_141711,4,mode,egn04w.4712E+02,nstx_141711/N4/egn04w.4712E+02,nstx_141711/N4/egn04w.4712E+02,true,bad,training_only,true,false,347360,,2026-05-12T18:37:48.288085+00:00,,e5697382d610a0ccb293dc6556323359a96c1b330d86e744cc260246d186491e,,,,,,,,,,,,,,
nstx_141711,4,mode,egn04w.4751E+02,nstx_141711/N4/egn04w.4751E+02,nstx_141711/N4/egn04w.4751E+02,true,bad,training_only,true,false,347360,,2026-05-12T18:37:48.286084+00:00,,7151b141e7183ece6be0d9f34237769f4e2518a056bcd643d453e4651f7ab374,,,,,,,,,,,,,,
nstx_141711,4,mode,egn04w.4804E+02,nstx_141711/N4/egn04w.4804E+02,nstx_141711/N4/egn04w.4804E+02,true,bad,training_only,true,false,347360,,2026-05-12T18:37:48.308086+00:00,,efd563398b8098ea8642b77793abebc1d2dfeb7c610f51164a107fe89a18065e,,,,,,,,,,,,,,
nstx_141711,4,mode,egn04w.4841E+02,nstx_141711/N4/egn04w.4841E+02,nstx_141711/N4/egn04w.4841E+02,true,bad,training_only,true,false,347360,,2026-05-12T18:37:48.338089+00:00,,c94b0b1e23a8b54d49b6bee2eb2b0ade78afdd7b2f06941ba6c6fa61f6d064cd,,,,,,,,,,,,,,
nstx_141711,4,mode,egn04w.8898E+02,nstx_141711/N4/egn04w.8898E+02,nstx_141711/N4/egn04w.8898E+02,true,bad,training_only,true,false,347360,,2026-05-12T18:37:48.365091+00:00,,f0ed185aefd5714b8e1f3603ca25f1f1830f498cbe8cf2b54cffb64fec5500ae,,,,,,,,,,,,,,
nstx_141711,4,datcon,datcon4,nstx_141711/N4/datcon4,nstx_141711/N4/datcon4,false,,different,true,true,10484,15606,2026-05-12T18:37:53.063456+00:00,2026-04-17T14:34:17.160425+00:00,62562bb44632a20a73511279e371c53ce76d48c18374a80ccc3629c9126ed70c,0329338e366d9b008ccf84763002bab7befc1954ae34be60d060912e1c7bb792,,,,,,,,,,,,,
nstx_141711,4,datcon_gf,datcon_gf.txt,nstx_141711/N4/datcon_gf.txt,nstx_141711/N4/datcon_gf.txt,false,,different,true,true,15663,15663,2026-05-12T18:37:51.940368+00:00,2026-04-17T14:34:17.183426+00:00,dfc69067bb45fd28779ecde59fcdc7bbb334a1d2125fa71d914e3e586ab15b2e,9aba56d80e96b30329c6ea5cb9ceddfffe9a2772fb141c397fca495446eea1e8,,,,,,,,,,,,,
nstx_141711,5,mode,egn05w.1019E+03,nstx_141711/N5/egn05w.1019E+03,nstx_141711/N5/egn05w.1019E+03,true,bad,training_only,true,false,429368,,2026-05-12T18:37:47.763044+00:00,,88583c0aeb30351783e0748b4fbf9d4101d6fa421cdcd13d6beabe124d8bc094,,,,,,,,,,,,,,
nstx_141711,5,mode,egn05w.1251E+03,nstx_141711/N5/egn05w.1251E+03,nstx_141711/N5/egn05w.1251E+03,true,bad,training_only,true,false,429368,,2026-05-12T18:37:47.781045+00:00,,e8c9ff7363b68d78dbdbdc57dbcb510611945ffd38f65ec49b617b1a95d377df,,,,,,,,,,,,,,
nstx_141711,5,mode,egn05w.1919E+03,nstx_141711/N5/egn05w.1919E+03,nstx_141711/N5/egn05w.1919E+03,false,,training_only,true,false,429368,,2026-05-12T18:37:47.764044+00:00,,9b699983116153966e9bf4a4f4aa9b4bddd16e89640e645a84d7b14d4a2dbb1b,,,,,,,,,,,,,,
nstx_141711,5,mode,egn05w.2234E+03,nstx_141711/N5/egn05w.2234E+03,nstx_141711/N5/egn05w.2234E+03,true,bad,different,true,true,429368,357008,2026-05-12T18:37:47.755043+00:00,2026-03-19T07:19:50.872540+00:00,bd48896a16640874d7b275b7825b63cd01acae97da25f8d7bb692fa71db5e54d,af29c5b89ac74816825fd5776d166fb9b0c394db95b29e24df54a3f07b0db1cc,89x201,74x201,false,,14.946336298571634,14.94576291400451,-3.836288409881934e-05,3.836288409881934e-05,-0.00014932052316071035,-0.00011497587986314093,5,5,
nstx_141711,5,mode,egn05w.2443E+02,nstx_141711/N5/egn05w.2443E+02,nstx_141711/N5/egn05w.2443E+02,true,bad,training_only,true,false,429368,,2026-05-12T18:37:47.803047+00:00,,765aad0932901ef458452342524f9e5526ccc80a16a0bbd9f93beda0f12e9a0e,,,,,,,,,,,,,,
nstx_141711,5,mode,egn05w.2455E+02,nstx_141711/N5/egn05w.2455E+02,nstx_141711/N5/egn05w.2455E+02,true,bad,training_only,true,false,429368,,2026-05-12T18:37:48.033065+00:00,,6c01c9608496c53ef7a5e4e948eb97ab45699bf9f9dbd605f6ad0e9d15358f9f,,,,,,,,,,,,,,
nstx_141711,5,mode,egn05w.2526E+02,nstx_141711/N5/egn05w.2526E+02,nstx_141711/N5/egn05w.2526E+02,true,bad,training_only,true,false,429368,,2026-05-12T18:37:47.808047+00:00,,3ba921c33bd7337cea0830f213246372a2cc57ac27544f5643565bfbd41721e7,,,,,,,,,,,,,,
nstx_141711,5,mode,egn05w.3326E+02,nstx_141711/N5/egn05w.3326E+02,nstx_141711/N5/egn05w.3326E+02,true,bad,training_only,true,false,429368,,2026-05-12T18:37:47.768044+00:00,,b7611262590f325341305b8d114f3f2e34586848e1a11c7b450a2f523d23f3f6,,,,,,,,,,,,,,
nstx_141711,5,mode,egn05w.3338E+02,nstx_141711/N5/egn05w.3338E+02,nstx_141711/N5/egn05w.3338E+02,true,bad,training_only,true,false,429368,,2026-05-12T18:37:47.854051+00:00,,a03fae17cc466eb7281bd4b1602718b14bc42402ee0571ce41391ee2bf4bafa9,,,,,,,,,,,,,,
nstx_141711,5,mode,egn05w.3366E+02,nstx_141711/N5/egn05w.3366E+02,nstx_141711/N5/egn05w.3366E+02,true,bad,training_only,true,false,429368,,2026-05-12T18:37:47.779045+00:00,,51d71fd90d0748596bf23031c8d0a641c9d51f6255a1a0cb9585ebd415e6d717,,,,,,,,,,,,,,
nstx_141711,5,mode,egn05w.3417E+02,nstx_141711/N5/egn05w.3417E+02,nstx_141711/N5/egn05w.3417E+02,true,bad,training_only,true,false,429368,,2026-05-12T18:37:47.818048+00:00,,194f3bfdab92be8a20997aaa29637fc17197ec2e970002b4ed8dac66541cd2ed,,,,,,,,,,,,,,
nstx_141711,5,mode,egn05w.3429E+02,nstx_141711/N5/egn05w.3429E+02,nstx_141711/N5/egn05w.3429E+02,true,bad,training_only,true,false,429368,,2026-05-12T18:37:47.782045+00:00,,53df5549c9de7264e31af312d89e5d8d88faa07c6fd9d8e0d4efdaec3e13cb78,,,,,,,,,,,,,,
nstx_141711,5,mode,egn05w.3646E+02,nstx_141711/N5/egn05w.3646E+02,nstx_141711/N5/egn05w.3646E+02,true,bad,training_only,true,false,429368,,2026-05-12T18:37:48.054066+00:00,,bf8899eb6b83ad15b29968b7d5ad2e13d5aa3c26ea6beaae20086a62612307b8,,,,,,,,,,,,,,
nstx_141711,5,mode,egn05w.3890E+02,nstx_141711/N5/egn05w.3890E+02,nstx_141711/N5/egn05w.3890E+02,true,bad,training_only,true,false,429368,,2026-05-12T18:37:47.842050+00:00,,79397685ba1e7d6c640e8cfd7269b848db3653776beb7887879456bd570de6c3,,,,,,,,,,,,,,
nstx_141711,5,mode,egn05w.8185E+02,nstx_141711/N5/egn05w.8185E+02,nstx_141711/N5/egn05w.8185E+02,false,,training_only,true,false,429368,,2026-05-12T18:37:47.861052+00:00,,3253b740d9be495eff6f717f1ee07dce61968a52cabde660ddab2ec1f91d9913,,,,,,,,,,,,,,
nstx_141711,5,mode,egn05w.9302E+02,nstx_141711/N5/egn05w.9302E+02,nstx_141711/N5/egn05w.9302E+02,true,bad,training_only,true,false,429368,,2026-05-12T18:37:47.858051+00:00,,41b8b3cf2db99737e122c625b08841f0ce521346fe0f9377770044e8c13c8d99,,,,,,,,,,,,,,
nstx_141711,5,datcon,datcon5,nstx_141711/N5/datcon5,nstx_141711/N5/datcon5,false,,different,true,true,10484,15606,2026-05-12T18:37:53.087457+00:00,2026-04-17T14:34:22.973441+00:00,2897cc0e95e8cd4050f3789941d4d13aee0591422a5b2023833d10afa2dc7d43,792ab2872644f563d53feff4026e44d33191950592e4c2b700d04e67c8a7f3ec,,,,,,,,,,,,,
nstx_141711,5,datcon_gf,datcon_gf.txt,nstx_141711/N5/datcon_gf.txt,nstx_141711/N5/datcon_gf.txt,false,,different,true,true,15663,15663,2026-05-12T18:37:51.950369+00:00,2026-04-17T14:34:23.078441+00:00,7cd4ca5d245a2c8b06608b17e9fd93758a2bfbdc31a54570393fbb1860eef388,715f942c3b17ef467c97ac90b96f0057ead4754c830ff558572bb03af9a72483,,,,,,,,,,,,,
nstx_141711,6,mode,egn06w.1028E+03,nstx_141711/N6/egn06w.1028E+03,nstx_141711/N6/egn06w.1028E+03,true,bad,different,true,true,487256,424544,2026-05-12T18:37:46.924979+00:00,2026-03-19T03:15:44.940881+00:00,3fda02fd335a24f52f454b5455d8b950147ea30e913ad827f35d57e014d4c261,b7bc4697be8d005a37f070834fb97a9ed3a92759526fbba7e25dacc4d9719fb0,101x201,88x201,false,,10.13910732736533,10.137953102685213,-0.00011383888569780523,0.00011383888569780523,-2.021393523975987e-06,-4.328673760245265e-06,6,6,
nstx_141711,6,mode,egn06w.1180E+03,nstx_141711/N6/egn06w.1180E+03,nstx_141711/N6/egn06w.1180E+03,true,bad,different,true,true,487256,424544,2026-05-12T18:37:46.416939+00:00,2026-03-19T04:05:23.343325+00:00,5aadfc86627738637501f84c12dd6ee704c6458accc9f214f591178b4b8ced06,4b7b135e8845f00247f6ba79b27682e7dcd4d4361b6d33d407aa27f8b6a43979,101x201,88x201,false,,10.863877214190154,10.863662574878516,-1.975715551696889e-05,1.975715551696889e-05,-1.708377740302483e-05,-2.5947588165717794e-05,6,6,
nstx_141711,6,mode,egn06w.1265E+03,nstx_141711/N6/egn06w.1265E+03,nstx_141711/N6/egn06w.1265E+03,true,bad,different,true,true,487256,487256,2026-05-12T18:37:46.357935+00:00,2026-03-19T04:33:50.171251+00:00,1bb84c9aaef9dcc1ed40f449f9d8aece096b6ca011dbc531f61029f9c2ca8cd9,a34a0f9e675bc60dabf45b64cd53a55cec765f9ef0b5dec5a1942351057ae1d3,101x201,101x201,false,0.2242048927270916,11.248396876518301,11.24834313195884,-4.777975035074212e-06,4.777975035074212e-06,-3.1723893867239008e-06,-3.1723893867239008e-06,6,6,
nstx_141711,6,mode,egn06w.1429E+03,nstx_141711/N6/egn06w.1429E+03,nstx_141711/N6/egn06w.1429E+03,true,bad,different,true,true,487256,424544,2026-05-12T18:37:54.388558+00:00,2026-03-19T05:24:32.688891+00:00,d43987251d986f9c2c661e1f8c68471c3acc1a651db40399dc4091e65be0a39d,6b6732dff8891a3b44152d0aa9b3831b01a280aa131ddc0a4c0b0b2ff6747968,101x201,88x201,false,,11.95477407832908,11.95456828187962,-1.72145829031976e-05,1.72145829031976e-05,-4.277777437099952e-07,-7.720861839084291e-07,6,6,
nstx_141711,6,mode,egn06w.1603E+03,nstx_141711/N6/egn06w.1603E+03,nstx_141711/N6/egn06w.1603E+03,false,,different,true,true,487256,424544,2026-05-12T18:37:46.370936+00:00,2026-03-19T06:42:49.690947+00:00,cf867f4197a2894eff4af74aee7260a43a76725425f1a8a66d4e853cc77e97c3,3366d5a735be66c82e3da2144b972a50a995ed2b4b523f5f463aba4c6e0ce490,101x201,88x201,false,,12.660752799827241,12.660759621115686,5.387743171486023e-07,5.387743171486023e-07,-2.2884233524650887e-08,-4.096444117192492e-05,6,6,
nstx_141711,6,mode,egn06w.1606E+03,nstx_141711/N6/egn06w.1606E+03,nstx_141711/N6/egn06w.1606E+03,true,bad,different,true,true,487256,424544,2026-05-12T18:37:46.957981+00:00,2026-03-19T06:44:52.899767+00:00,9015a9380ba2414ecb29170b459412705cf79e60104de3f7e8bd0f559a1f40ad,5062fb452fe3ab73ac4be5c4882a42106a585d83c3cf74dd59dc3f414e68188f,101x201,88x201,false,,12.67130705844683,12.67130828176114,9.654207767612889e-08,9.654207767612889e-08,-2.1111848755299318e-07,-8.206390857283989e-05,6,6,
nstx_141711,6,mode,egn06w.1611E+03,nstx_141711/N6/egn06w.1611E+03,nstx_141711/N6/egn06w.1611E+03,false,,different,true,true,487256,487256,2026-05-12T18:37:46.445942+00:00,2026-03-19T06:47:27.768056+00:00,0340b584a2fd79a0a48471de48c65a84955b1eb097cc023b53f7e8e38291160c,1f487a84c32376c1c1a391a492655119419aa59a82e218f9842948636a8de3f7,101x201,101x201,false,3.8183840765721753,12.690867437627913,12.690871799873172,3.437310554056596e-07,3.437310554056596e-07,-1.2574964446914362e-06,-1.2574964446914362e-06,6,6,
nstx_141711,6,mode,egn06w.1639E+03,nstx_141711/N6/egn06w.1639E+03,nstx_141711/N6/egn06w.1639E+03,false,,different,true,true,487256,424544,2026-05-12T18:37:46.372936+00:00,2026-03-19T06:57:11.539677+00:00,d49cf1ab42adc8c5f27d7d22088d86c4c808de63c5ca9e2af4eea6620e508fef,03b062eec86933d9dbb738072d941a8fe7a7ce59cbb895dc3e2c510c5d49f3f4,101x201,88x201,false,,12.801416276356127,12.801399496993774,-1.3107426546141827e-06,1.3107426546141827e-06,-3.413716752669458e-06,-1.1263884274683834e-05,6,6,
nstx_141711,6,mode,egn06w.2065E+03,nstx_141711/N6/egn06w.2065E+03,nstx_141711/N6/egn06w.2065E+03,true,bad,training_only,true,false,487256,,2026-05-12T18:37:46.415939+00:00,,772a0f65120a57f82a3878b78bae338c0449e2a152804f0f031c92f40bd41269,,,,,,,,,,,,,,
nstx_141711,6,mode,egn06w.2240E+02,nstx_141711/N6/egn06w.2240E+02,nstx_141711/N6/egn06w.2240E+02,true,bad,training_only,true,false,487256,,2026-05-12T18:37:46.463943+00:00,,12423441e98cb6837df036dd2a5eea77eb22ba800fdfda7617161f347afa084b,,,,,,,,,,,,,,
nstx_141711,6,mode,egn06w.2386E+03,nstx_141711/N6/egn06w.2386E+03,nstx_141711/N6/egn06w.2386E+03,true,bad,different,true,true,487256,424544,2026-05-12T18:37:46.391937+00:00,2026-03-19T10:34:21.028352+00:00,835dd7566656faab095bb2f4ba99a24784baad827773fc3e3a6282e8bc55f9f7,a23d43bc40518deae985661fb3e4bbc9f9f6a93faeee646662b1edd19326a8b1,101x201,88x201,false,,15.447118011496872,15.446197355825216,-5.960048152484593e-05,5.960048152484593e-05,-1.06824822655494e-05,-1.0959383806814389e-05,6,6,
nstx_141711,6,mode,egn06w.2395E+03,nstx_141711/N6/egn06w.2395E+03,nstx_141711/N6/egn06w.2395E+03,true,bad,different,true,true,487256,424544,2026-05-12T18:37:46.437941+00:00,2026-03-19T10:38:08.575715+00:00,c206ac817f9e29261f2cf5e400181fa9eee379e10abfc8286479a53da0bfaee5,d1b3f66771c4e0a6388e0499102f3cbcd17505d2b9601b433f0ead77a8a1c992,101x201,88x201,false,,15.475162110980005,15.474742835224319,-2.7093464525861224e-05,2.7093464525861224e-05,-3.906266421481645e-06,-5.38766321328156e-06,6,6,
nstx_141711,6,mode,egn06w.2400E+03,nstx_141711/N6/egn06w.2400E+03,nstx_141711/N6/egn06w.2400E+03,true,bad,different,true,true,487256,424544,2026-05-12T18:37:46.416939+00:00,2026-03-19T10:40:58.429184+00:00,86a3247794d3bef531f6cac89f4ecca2c2516912fbd38648b996afdc121da9db,5d1f4e8a84a30dd78551ea3294ed91d6216f64626444fcf9f81484cb6b5f116b,101x201,88x201,false,,15.492513312887617,15.492330640464306,-1.1791012834472413e-05,1.1791012834472413e-05,-3.2102007503837328e-06,-3.5274187276121996e-06,6,6,
nstx_141711,6,mode,egn06w.2719E+02,nstx_141711/N6/egn06w.2719E+02,nstx_141711/N6/egn06w.2719E+02,true,bad,training_only,true,false,487256,,2026-05-12T18:37:46.489945+00:00,,7d1beba716f995f9ece591f2312ed89e27e1138065d3b395d4aa32a4ce38b615,,,,,,,,,,,,,,
nstx_141711,6,mode,egn06w.2864E+02,nstx_141711/N6/egn06w.2864E+02,nstx_141711/N6/egn06w.2864E+02,true,bad,training_only,true,false,487256,,2026-05-12T18:37:46.455942+00:00,,5a7d2e64576cc4e24baec22246f31831ab25cc96df404bb9b5180f7359e697af,,,,,,,,,,,,,,
nstx_141711,6,mode,egn06w.3259E+02,nstx_141711/N6/egn06w.3259E+02,nstx_141711/N6/egn06w.3259E+02,true,bad,training_only,true,false,487256,,2026-05-12T18:37:47.005985+00:00,,481903a426c2c85006297a193c1881ab76a412859b32838fda351abe3db9916d,,,,,,,,,,,,,,
nstx_141711,6,mode,egn06w.3274E+02,nstx_141711/N6/egn06w.3274E+02,nstx_141711/N6/egn06w.3274E+02,true,bad,training_only,true,false,487256,,2026-05-12T18:37:46.436941+00:00,,bafa36164bbec1fcbdc1d56c1fc769c6f35d6237f9757982468c098390368bdd,,,,,,,,,,,,,,
nstx_141711,6,mode,egn06w.3279E+02,nstx_141711/N6/egn06w.3279E+02,nstx_141711/N6/egn06w.3279E+02,true,bad,training_only,true,false,487256,,2026-05-12T18:37:46.506946+00:00,,4b3032ce9478cb1d4cf71cb84eaa209e056fea315fc08e741c592b3a3283e7e4,,,,,,,,,,,,,,
nstx_141711,6,mode,egn06w.3297E+02,nstx_141711/N6/egn06w.3297E+02,nstx_141711/N6/egn06w.3297E+02,true,bad,training_only,true,false,487256,,2026-05-12T18:37:46.444942+00:00,,2734125e855121ecdb01a03cdad9078a7d9c4d4c03eb4167cef974dd97e61c24,,,,,,,,,,,,,,
nstx_141711,6,mode,egn06w.3306E+02,nstx_141711/N6/egn06w.3306E+02,nstx_141711/N6/egn06w.3306E+02,true,bad,training_only,true,false,487256,,2026-05-12T18:37:46.474944+00:00,,67d8a707929f7b2b3021e3f10b5e213f20a915a91a274d3383e3562931e3136d,,,,,,,,,,,,,,
nstx_141711,6,mode,egn06w.7398E+02,nstx_141711/N6/egn06w.7398E+02,nstx_141711/N6/egn06w.7398E+02,true,bad,training_only,true,false,487256,,2026-05-12T18:37:46.541949+00:00,,290b1a28e6c714adca80671788e5261db03a75e4b3d6d275a79f2c2d53cdf14f,,,,,,,,,,,,,,
nstx_141711,6,mode,egn06w.9630E+02,nstx_141711/N6/egn06w.9630E+02,nstx_141711/N6/egn06w.9630E+02,false,,training_only,true,false,487256,,2026-05-12T18:37:46.563951+00:00,,8a56fa995b4d8dc8bf2ae6612ee57abcd4898e0dceb9ce41c2aa560e395f4516,,,,,,,,,,,,,,
nstx_141711,6,datcon,datcon6,nstx_141711/N6/datcon6,nstx_141711/N6/datcon6,false,,different,true,true,10484,15606,2026-05-12T18:37:53.167464+00:00,2026-04-17T14:34:31.455463+00:00,7b65a3c2bb6f1868bb5373bb473ad02778cfcd4f56f5dae8856b15167a071705,7ae929687654d047341fd9f90a872907082fee00b15e2fd878fb98b22de9784a,,,,,,,,,,,,,
nstx_141711,6,datcon_gf,datcon_gf.txt,nstx_141711/N6/datcon_gf.txt,nstx_141711/N6/datcon_gf.txt,false,,different,true,true,15663,15663,2026-05-12T18:37:51.959370+00:00,2026-04-17T14:34:31.481463+00:00,6e7b604996df8c6a7220cc5306d8cbd241832752e6654d8f6c1ae29b8316fbcf,78561d3e1d433e307fc68de03df77b3396b4e566684e100c9265a2bc2eb0ce9e,,,,,,,,,,,,,
nstx_141711,7,mode,egn07w.1044E+03,nstx_141711/N7/egn07w.1044E+03,nstx_141711/N7/egn07w.1044E+03,true,bad,different,true,true,487256,487256,2026-05-12T18:37:46.468943+00:00,2026-03-19T03:25:54.456609+00:00,37ff6c479d07fd0c3e16cb812d978e934423d22849af2f374ac94675fe7130d1,51696093c35599ef3f573f133804e4513fcbcee5e8072fc0b9709041e1a44e87,101x201,101x201,false,0.0003253059591370455,10.21846117498727,10.218454131958449,-6.892455430300035e-07,6.892455430300035e-07,-7.206695228721351e-09,-6.885979705683642e-09,7,7,
nstx_141711,7,mode,egn07w.1168E+03,nstx_141711/N7/egn07w.1168E+03,nstx_141711/N7/egn07w.1168E+03,true,good,different,true,true,487256,487256,2026-05-12T18:37:46.518947+00:00,2026-03-19T04:22:03.408815+00:00,468dd95d611f683ea6c0b1786e8555fd135ad6dfed8fbf36b0e84762d3603d09,44c4d9cb3cf79b89efb5ccac4f84d8361edc4208e28581fc8357fde85e137203,101x201,101x201,false,1.448587713348548e-05,10.807820519188871,10.807822363209608,1.7061911175544699e-07,1.7061911175544699e-07,-1.860105623314732e-06,-1.8601884084393472e-06,7,7,
nstx_141711,7,mode,egn07w.1225E+03,nstx_141711/N7/egn07w.1225E+03,nstx_141711/N7/egn07w.1225E+03,true,bad,different,true,true,487256,487256,2026-05-12T18:37:46.521947+00:00,2026-03-19T04:48:32.415826+00:00,3c00e5d4e8d7c0b4c5d142fb5b2cb93c56dbfe4747dd9016ebd154af9330c8ab,ad86f9aabefb1ca7dcfe240323e58a4a33c19f9966f1f3f01635e55212175828,101x201,101x201,false,5.42579182949976e-05,11.068773723231997,11.068779925114246,5.603043664746253e-07,5.603043664746253e-07,-2.667582679823549e-08,-2.6674942289670945e-08,7,7,
nstx_141711,7,mode,egn07w.1348E+03,nstx_141711/N7/egn07w.1348E+03,nstx_141711/N7/egn07w.1348E+03,true,bad,different,true,true,487256,487256,2026-05-12T18:37:47.090992+00:00,2026-03-19T05:40:24.103762+00:00,8ecbc0e7b8933dce8f13fc99766335b400024a20379527438b1c59673a8dcb1b,321d96fa3e25219b4189003558c8ad86ea1321acd34d023c2652b9a2d0fdf687,101x201,101x201,false,0.0010478561160561783,11.611306525801098,11.611291840888573,-1.264708023379386e-06,1.264708023379386e-06,-8.149210182402353e-07,-8.151385425249655e-07,7,7,
nstx_141711,7,mode,egn07w.1500E+03,nstx_141711/N7/egn07w.1500E+03,nstx_141711/N7/egn07w.1500E+03,true,bad,different,true,true,487256,487256,2026-05-12T18:37:46.582952+00:00,2026-03-19T06:42:29.346138+00:00,9eb6a064cc4d22b5edcfaa39dfb41f12aeb951772d0349471d82a411f43df4fa,a5e0c90d93bf61a5c2cf0205338c82a78018da2adfbd634b9bc736ef256ba0c8,101x201,101x201,false,0.00033369245393799485,12.247641850690188,12.247632268053657,-7.824066582132399e-07,7.824066582132399e-07,-1.8007284724634193e-06,-1.7999840073010006e-06,7,7,
nstx_141711,7,mode,egn07w.1594E+03,nstx_141711/N7/egn07w.1594E+03,nstx_141711/N7/egn07w.1594E+03,true,bad,different,true,true,487256,487256,2026-05-12T18:37:46.493945+00:00,2026-03-19T07:19:54.409986+00:00,e9912cda6e568343e8afce5f21a78dfbe02870210ccfce380074c539170b238f,8abc2f268a98b5dd558c6e8e9cf416b96eafc8920ecfb761203a06a2f9504afb,101x201,101x201,false,0.004879568801256076,12.62362306847761,12.62362464725143,1.250650318411121e-07,1.250650318411121e-07,-2.1561753436289858e-05,-3.4263981324554935e-05,7,7,
nstx_141711,7,mode,egn07w.1825E+03,nstx_141711/N7/egn07w.1825E+03,nstx_141711/N7/egn07w.1825E+03,true,bad,different,true,true,487256,487256,2026-05-12T18:37:46.534949+00:00,2026-03-19T08:53:55.820190+00:00,d83414735d20c5f049e6dfc6eefbe28152f292ea4bf5d330e69a5f79f121444d,94d077ee5b9e0c5a00e7b07e52528f82e1f1c82cea1997315764814071c96b5d,101x201,101x201,false,0.0003162978327691207,13.508708289572981,13.508696650827627,-8.615735201811572e-07,8.615735201811572e-07,-6.56726524527009e-07,-6.566927323869269e-07,7,7,
nstx_141711,7,mode,egn07w.1840E+03,nstx_141711/N7/egn07w.1840E+03,nstx_141711/N7/egn07w.1840E+03,true,good,different,true,true,487256,487256,2026-05-12T18:37:46.541949+00:00,2026-03-19T09:01:15.104775+00:00,7d2895ead8ebbc1cc5e209a7db940eded0c36d68049818e9b0ab32890312f827,5620a4dd7ad17737287b89007b24a0cf7749b20049e41f9383354d208e54a36e,101x201,101x201,false,0.0003316312303919128,13.5654582667196,13.565466265484567,5.896420753846934e-07,5.896420753846934e-07,-5.880093042871933e-07,-5.873413482631336e-07,7,7,
nstx_141711,7,mode,egn07w.1973E+03,nstx_141711/N7/egn07w.1973E+03,nstx_141711/N7/egn07w.1973E+03,false,,different,true,true,487256,487256,2026-05-12T18:37:46.524948+00:00,2026-03-19T10:33:18.251478+00:00,a33274f03970ae16d9d29c2db8fb586292cd511f956c10239b1d0278019e36cd,9b88faf4af846412e938b6131718706138eae8a7cc11a5bd67ea28423a5bf3ee,101x201,101x201,false,0.006655466745406569,14.047196920362598,14.04718951118925,-5.274485286810927e-07,5.274485286810927e-07,-6.067027969508887e-07,-4.543118088695841e-07,7,7,
nstx_141711,7,mode,egn07w.1975E+03,nstx_141711/N7/egn07w.1975E+03,nstx_141711/N7/egn07w.1975E+03,false,,different,true,true,487256,487256,2026-05-12T18:37:46.587953+00:00,2026-03-19T10:35:57.527607+00:00,384fa27b9a2f131b2436f292d8a8caa0658e0d5a925c6f0059f2f86a51ecd2d8,d85afdb4ea77897c3b8fdd28b7cd9f6a0e021e91162f38374c86a2d70e8c36bd,101x201,101x201,false,9.536776495908117e-05,14.054610441160502,14.054610598719288,1.121046977670532e-08,1.121046977670532e-08,-2.5443300022759533e-07,-2.541039286730194e-07,7,7,
nstx_141711,7,mode,egn07w.2019E+03,nstx_141711/N7/egn07w.2019E+03,nstx_141711/N7/egn07w.2019E+03,false,,different,true,true,487256,487256,2026-05-12T18:37:46.549950+00:00,2026-03-19T10:55:16.986309+00:00,a2d13c24182bb9c101e04f3ed62eb017ab5625267c773933cbf2176498ff91e4,2b0882fa8f7658ee2e54530c110184f6cf6a3260f45d5e07dae5083fa57e2872,101x201,101x201,false,0.00020267533360403863,14.209339834829297,14.209333756947451,-4.2773850977326795e-07,4.2773850977326795e-07,-8.460967626151333e-07,-8.438703528585623e-07,7,7,
nstx_141711,7,mode,egn07w.2315E+02,nstx_141711/N7/egn07w.2315E+02,nstx_141711/N7/egn07w.2315E+02,true,bad,training_only,true,false,487256,,2026-05-12T18:37:46.565951+00:00,,68957c968cb1532acd4fba2ec01b34aaee064e00a0a0d0a083f04ddc9819cb06,,,,,,,,,,,,,,
nstx_141711,7,mode,egn07w.2354E+02,nstx_141711/N7/egn07w.2354E+02,nstx_141711/N7/egn07w.2354E+02,true,bad,training_only,true,false,487256,,2026-05-12T18:37:46.568951+00:00,,01553dfb098815375699f1c782899ee216e72109ce61c4238d89be50db7d9081,,,,,,,,,,,,,,
nstx_141711,7,mode,egn07w.2391E+03,nstx_141711/N7/egn07w.2391E+03,nstx_141711/N7/egn07w.2391E+03,true,bad,different,true,true,487256,487256,2026-05-12T18:37:47.153996+00:00,2026-03-19T13:30:36.558870+00:00,d365e8017986f9a9fd95fa07b79b921aac4cd863ccb1d21442f9c5f1c91688ac,1ad1b8d474df9c5931209c3aca9bc984e8fd1f1602c699e3a094b13920234ca5,101x201,101x201,false,8.516031153371628e-06,15.462311370447392,15.462312229734454,5.55730021373126e-08,5.55730021373126e-08,-0.00011441111141539625,-0.00011438814786892201,7,7,
nstx_141711,7,mode,egn07w.2446E+02,nstx_141711/N7/egn07w.2446E+02,nstx_141711/N7/egn07w.2446E+02,true,bad,training_only,true,false,487256,,2026-05-12T18:37:46.601954+00:00,,90e3589094c4647d217346952a788264fb8d76d5e3da4cd32e895274968b5f66,,,,,,,,,,,,,,
nstx_141711,7,mode,egn07w.3351E+02,nstx_141711/N7/egn07w.3351E+02,nstx_141711/N7/egn07w.3351E+02,true,bad,training_only,true,false,487256,,2026-05-12T18:37:46.695961+00:00,,43279f5d353b6de71f0ac393809ca371c805bd641cb99d60b47e0ee1b373e98f,,,,,,,,,,,,,,
nstx_141711,7,mode,egn07w.4771E+02,nstx_141711/N7/egn07w.4771E+02,nstx_141711/N7/egn07w.4771E+02,true,bad,training_only,true,false,487256,,2026-05-12T18:37:46.792969+00:00,,460e593709b45971b66975a46090f4b984abe3c08fe70dc0e6360b30fedf2671,,,,,,,,,,,,,,
nstx_141711,7,mode,egn07w.4884E+02,nstx_141711/N7/egn07w.4884E+02,nstx_141711/N7/egn07w.4884E+02,true,bad,training_only,true,false,487256,,2026-05-12T18:37:47.334011+00:00,,3d534580d7d39b248e7108fb366aba60833cdd4f51647463166e10f8a5b3e03f,,,,,,,,,,,,,,
nstx_141711,7,mode,egn07w.5159E+02,nstx_141711/N7/egn07w.5159E+02,nstx_141711/N7/egn07w.5159E+02,true,bad,training_only,true,false,487256,,2026-05-12T18:37:46.812970+00:00,,5848a979caaa352ebbf0a4f526876bbe7acf021e13c12cc9623e25bfc572eac1,,,,,,,,,,,,,,
nstx_141711,7,mode,egn07w.5256E+02,nstx_141711/N7/egn07w.5256E+02,nstx_141711/N7/egn07w.5256E+02,true,bad,training_only,true,false,487256,,2026-05-12T18:37:46.871975+00:00,,0c53c1623709bb99d4483d60d079d9faf4698aeef2139c5e6973542887a941d7,,,,,,,,,,,,,,
nstx_141711,7,datcon,datcon7,nstx_141711/N7/datcon7,nstx_141711/N7/datcon7,false,,different,true,true,10484,15606,2026-05-12T18:37:53.220468+00:00,2026-04-17T14:34:42.405491+00:00,691df7be52433167d538fda842e996f30fa5b4b097296ec83986c9ad261dd47c,0178b18494b16f3ce2c521a446f05905e475f9f437152664e48e5be8c5a39d6e,,,,,,,,,,,,,
nstx_141711,7,datcon_gf,datcon_gf.txt,nstx_141711/N7/datcon_gf.txt,nstx_141711/N7/datcon_gf.txt,false,,different,true,true,15663,15663,2026-05-12T18:37:51.986372+00:00,2026-04-17T14:34:42.433491+00:00,8f80238cd2016b2677b9c3ad72ea23e8817c615509f101d2878202efa2a8d2c2,c8e54dbd6280f2f47dd8b2102d3c867ec642592ba65ed4f2f41ce78a6546096e,,,,,,,,,,,,,
nstx_141711,8,mode,egn08w.1026E+03,nstx_141711/N8/egn08w.1026E+03,nstx_141711/N8/egn08w.1026E+03,true,good,different,true,true,487256,487256,2026-05-12T18:37:46.897977+00:00,2026-03-19T03:19:49.177949+00:00,680cf0a2cd379528f69ad3a4e2dcce3e7c836cdbd1159d0b0b384d6c56107a07,9e5b3c30e46a8c93bb15236b284fa900dbda13e972b3c9d8b5a5556981556ca3,101x201,101x201,false,0.00015114157192119837,10.128014168974314,10.12802455454917,1.0254305219117198e-06,1.0254305219117198e-06,-1.4003965384052567e-06,-1.4024271059477425e-06,8,8,
nstx_141711,8,mode,egn08w.1049E+03,nstx_141711/N8/egn08w.1049E+03,nstx_141711/N8/egn08w.1049E+03,true,good,different,true,true,487256,487256,2026-05-12T18:37:46.826971+00:00,2026-03-19T03:33:53.655226+00:00,a3cba39f536899e00677157aa560e19a17570b1c1eb71c4145308730b2f48a56,c91075e52bd351d25dfd5421fddc1ac1f4bf3c12efc07829783e4eae6c1eb4cb,101x201,101x201,false,0.00010068589074119227,10.240873943758142,10.2408822687724,8.129202941197823e-07,8.129202941197823e-07,-3.099422043068101e-07,-3.101876551166114e-07,8,8,
nstx_141711,8,mode,egn08w.1221E+03,nstx_141711/N8/egn08w.1221E+03,nstx_141711/N8/egn08w.1221E+03,false,,different,true,true,487256,487256,2026-05-12T18:37:46.861974+00:00,2026-03-19T05:25:28.350713+00:00,a416fca6cadc04698370b07be9a9492065fe4decc7bd6891a9feb4e65e064af7,8d0896fb785db921030daa90c72039242223fa0c82f5991ed88c43259e7d8208,101x201,101x201,false,0.016645504372413328,11.05180155939896,11.051812980369384,1.0334035009795886e-06,1.0334035009795886e-06,-1.4645564384907591e-06,-1.4191776795383124e-06,8,8,
nstx_141711,8,mode,egn08w.1223E+03,nstx_141711/N8/egn08w.1223E+03,nstx_141711/N8/egn08w.1223E+03,false,,different,true,true,487256,487256,2026-05-12T18:37:46.923979+00:00,2026-03-19T05:30:01.870842+00:00,2fdfc2405c5554d221fcd8f7729467a453c883ac7fc50dff3a25aff7b7f77f25,d54afd5b41683d666759bf21d812f9fec63ae224ba0d35dfd8456aefd7dc8af6,101x201,101x201,false,0.011422645825939617,11.060634258862976,11.060638463230125,3.801198964852898e-07,3.801198964852898e-07,-2.3650789323737755e-05,-2.376025259744418e-05,8,8,
nstx_141711,8,mode,egn08w.1234E+03,nstx_141711/N8/egn08w.1234E+03,nstx_141711/N8/egn08w.1234E+03,false,,different,true,true,487256,487256,2026-05-12T18:37:46.867974+00:00,2026-03-19T05:39:37.510389+00:00,698703392ae17a88a5750ee78d0b8f531168cb931290cda8e876870d36e6b64f,1baa5c0f8dc00a7b4939004df5e702bce4638eab314b21a6c1ac5ac59f7e440a,101x201,101x201,false,0.0021228922968493037,11.107232613006916,11.107230419958018,-1.9744332134251204e-07,1.9744332134251204e-07,-3.1950208453733137e-06,-3.1985277351324995e-06,8,8,
nstx_141711,8,mode,egn08w.1239E+03,nstx_141711/N8/egn08w.1239E+03,nstx_141711/N8/egn08w.1239E+03,false,,different,true,true,487256,487256,2026-05-12T18:37:46.867974+00:00,2026-03-19T05:43:17.103170+00:00,f4cc5106257fd6e5e516f5937e416f915e900ed6cbccecd19a724a06244035e1,38d12c5ec17af431e96015c105a7fe9623e7d906c821fe1323019171465290f3,101x201,101x201,false,0.0015390024396806637,11.12921073559227,11.129214118155645,3.0393560286086827e-07,3.0393560286086827e-07,-2.9556896316813826e-05,-2.9604759204522088e-05,8,8,
nstx_141711,8,mode,egn08w.1296E+03,nstx_141711/N8/egn08w.1296E+03,nstx_141711/N8/egn08w.1296E+03,true,bad,different,true,true,487256,487256,2026-05-12T18:37:46.880975+00:00,2026-03-19T06:09:41.735771+00:00,957f7f7acf9868178cf89952f2e40914d9ba58937ea79e8c173e321c133d86fe,71a3d604b630513bef9e9a6eff61b31f92f91d79f19ef8d030bed0acfc8f4054,101x201,101x201,false,1.981613432938678e-05,11.384361608632744,11.384360636058426,-8.543072957490575e-08,8.543072957490575e-08,-1.1102311984918261e-05,-1.1103871636462226e-05,8,8,
nstx_141711,8,mode,egn08w.1470E+03,nstx_141711/N8/egn08w.1470E+03,nstx_141711/N8/egn08w.1470E+03,true,good,different,true,true,487256,487256,2026-05-12T18:37:46.894976+00:00,2026-03-19T07:21:14.839646+00:00,ca777116b68beddf129dc5ec8d7c7ed3079efc197dcf53eba9d17d4d7a02348c,2e11c1691477d83dc0bfaa03215adbb7ae42c01ff644920ac1f8f52af4e88c46,101x201,101x201,false,3.932889286900501e-05,12.12388847998034,12.123883548431094,-4.067629997861114e-07,4.067629997861114e-07,-1.401484363356526e-06,-1.4013662394395653e-06,8,8,
nstx_141711,8,mode,egn08w.1677E+03,nstx_141711/N8/egn08w.1677E+03,nstx_141711/N8/egn08w.1677E+03,true,bad,different,true,true,487256,487256,2026-05-12T18:37:46.887976+00:00,2026-03-19T08:42:45.971815+00:00,b8a3921cb2e3917547a5a2c199cbab09f31c310fa14bd1163299ecb2c6c764b7,5b033db66f4272f235e0fe315c7dd40c5db4721f84d739cab973ac9249a2e20e,101x201,101x201,false,0.0001601532368567226,12.948631483352466,12.948640205182363,6.735715591059181e-07,6.735715591059181e-07,-0.00010997065384498376,-9.86707121206398e-05,8,8,
nstx_141711,8,mode,egn08w.1722E+03,nstx_141711/N8/egn08w.1722E+03,nstx_141711/N8/egn08w.1722E+03,false,,different,true,true,487256,487256,2026-05-12T18:37:46.969982+00:00,2026-03-19T09:02:41.094488+00:00,77b80be65244ca8800234da89e4adf3912f100b3537c9a5970c8b5353da995da,3ec796130ba7345a5154f7c8e041adfc193caf87056e077443423925659c6b3a,101x201,101x201,false,3.110243269079395e-05,13.122137584695059,13.122127965651712,-7.330393607479382e-07,7.330393607479382e-07,-5.942745593354942e-10,-8.817956077871608e-12,8,8,
nstx_141711,8,mode,egn08w.1878E+03,nstx_141711/N8/egn08w.1878E+03,nstx_141711/N8/egn08w.1878E+03,true,bad,different,true,true,487256,487256,2026-05-12T18:37:46.900977+00:00,2026-03-19T10:03:56.769532+00:00,9432a0aab02c2561652324b93f061730e017cd53c60f09ce98fb0d2110c89968,88e92047b8fd492626cb1d6d874883715147b92c32476735dacf9df46905cbba,101x201,101x201,false,1.1128068553800663e-05,13.703660867832202,13.703662645364524,1.2971222357049117e-07,1.2971222357049117e-07,-6.2110901662365465e-06,-6.211059310518131e-06,8,8,
nstx_141711,8,mode,egn08w.1953E+03,nstx_141711/N8/egn08w.1953E+03,nstx_141711/N8/egn08w.1953E+03,true,bad,different,true,true,487256,487256,2026-05-12T18:37:54.769588+00:00,2026-03-19T10:34:38.931052+00:00,6979c9265306523b9c11f739ccda7bcdcb9c8a7d65fc1f0a752a548b9988271d,dba1c63cbc94718d875e6ddecf93afba2265289a9e01c50c70f81eaea40e4c97,101x201,101x201,false,5.0345273693352954e-05,13.975252494737498,13.975249167213951,-2.3810113975561765e-07,2.3810113975561765e-07,-1.3847823022096048e-05,-1.3854074160290979e-05,8,8,
nstx_141711,8,mode,egn08w.2079E+02,nstx_141711/N8/egn08w.2079E+02,nstx_141711/N8/egn08w.2079E+02,true,bad,training_only,true,false,487256,,2026-05-12T18:37:46.921978+00:00,,1c510927ab39bb691357412f098e87c5a41de703914a79b1b49bf05402e1e23b,,,,,,,,,,,,,,
nstx_141711,8,mode,egn08w.2242E+03,nstx_141711/N8/egn08w.2242E+03,nstx_141711/N8/egn08w.2242E+03,true,bad,different,true,true,487256,487256,2026-05-12T18:37:46.917978+00:00,2026-03-19T12:28:50.214531+00:00,4baa3a0b6493f487c0072e775b0d3b2c0b48c887b51603cf984ffde6ca23ee7b,ed41287ca8efb4582d86038ea1ac136783490a41b05706cee68e03a9d5924e40,101x201,101x201,false,3.882649669584293e-05,14.972622585350013,14.972621697959381,-5.926754828879963e-08,5.926754828879963e-08,-2.5033741753137223e-05,-2.5031579439339556e-05,8,8,
nstx_141711,8,mode,egn08w.2243E+02,nstx_141711/N8/egn08w.2243E+02,nstx_141711/N8/egn08w.2243E+02,true,bad,training_only,true,false,487256,,2026-05-12T18:37:46.917978+00:00,,2874e0cbf933fa8e17a0d2b16eb271e8ffb101b143f695029f684455b21e58d4,,,,,,,,,,,,,,
nstx_141711,8,mode,egn08w.2285E+03,nstx_141711/N8/egn08w.2285E+03,nstx_141711/N8/egn08w.2285E+03,true,bad,different,true,true,487256,487256,2026-05-12T18:37:46.924979+00:00,2026-03-19T12:48:04.893736+00:00,0d48db974104d881284bde0cafd7c00f48cbc841e57ddef71018541280479f2e,ef0404b462d2b6f971e45801a125bc65216147d10715fc74012c502eb69c0dcd,101x201,101x201,false,0.00016207142508096323,15.117413731080681,15.117404063272398,-6.395146984587827e-07,6.395146984587827e-07,-7.77171881447868e-06,-7.7711548458413e-06,8,8,
nstx_141711,8,mode,egn08w.2294E+03,nstx_141711/N8/egn08w.2294E+03,nstx_141711/N8/egn08w.2294E+03,true,bad,different,true,true,487256,487256,2026-05-12T18:37:56.097691+00:00,2026-03-19T12:52:52.950834+00:00,154b0b3e240eebe18e9f5b451d2beda28306e61fd2424452254a77f14b4f4cae,e3cc6401afd0627f59ad6a60f8e1dc93ef5543553762bd6cf42fe8570f4d676a,101x201,101x201,false,0.0007495794903015218,15.144778734490204,15.144779611793494,5.792777200319361e-08,5.792777200319361e-08,-3.4778785110649258e-06,-3.4669952600181474e-06,8,8,
nstx_141711,8,mode,egn08w.2308E+02,nstx_141711/N8/egn08w.2308E+02,nstx_141711/N8/egn08w.2308E+02,true,bad,training_only,true,false,487256,,2026-05-12T18:37:46.940980+00:00,,14edfe8032ce07f2ce16f12f91fe20b8da9e271ddc38e789ecc8ecf1a493a310,,,,,,,,,,,,,,
nstx_141711,8,mode,egn08w.2322E+03,nstx_141711/N8/egn08w.2322E+03,nstx_141711/N8/egn08w.2322E+03,false,,different,true,true,487256,487256,2026-05-12T18:37:47.365013+00:00,2026-03-19T13:17:41.691311+00:00,99d81e3a8fa7c1e55995b33e83e13d39a71f53da6b26ad8b8eb3fbb0da5d46e9,52adc859885fccb40bd2b08cff1775868ee3ab6ac8bdf02c1a827c3c6517e664,101x201,101x201,false,0.0008967703454578604,15.23840349158081,15.23839680691174,-4.3867253368367653e-07,4.3867253368367653e-07,-1.4458084888622133e-10,-2.2123993340654724e-11,8,8,
nstx_141711,8,mode,egn08w.2343E+03,nstx_141711/N8/egn08w.2343E+03,nstx_141711/N8/egn08w.2343E+03,false,,different,true,true,487256,487256,2026-05-12T18:37:46.938980+00:00,2026-03-19T13:36:13.685111+00:00,558150674cbd3f7d006c081e05cf6a805f3c22f6c7042afa2f5bd1e477da9f9b,23dcbbf9cb70baeddc69c063b2db41fc50259006a46f139613dab2b55a706bf1,101x201,101x201,false,0.022256153369614506,15.307998204460889,15.307984027950903,-9.260851612423097e-07,9.260851612423097e-07,-7.376510838771759e-08,-4.4171536667496834e-08,8,8,
nstx_141711,8,mode,egn08w.2389E+02,nstx_141711/N8/egn08w.2389E+02,nstx_141711/N8/egn08w.2389E+02,true,bad,training_only,true,false,487256,,2026-05-12T18:37:46.959981+00:00,,129d04cc6c4d7ee3586a3dc40594bb9c1fab97b684a1aeecf3e616316aa30c8b,,,,,,,,,,,,,,
nstx_141711,8,mode,egn08w.2459E+02,nstx_141711/N8/egn08w.2459E+02,nstx_141711/N8/egn08w.2459E+02,true,bad,training_only,true,false,487256,,2026-05-12T18:37:46.955981+00:00,,31f5238874329395c30a5b2e7b89fb3a175af88c3cd5edadb8212859eabcde85,,,,,,,,,,,,,,
nstx_141711,8,mode,egn08w.2554E+02,nstx_141711/N8/egn08w.2554E+02,nstx_141711/N8/egn08w.2554E+02,true,bad,training_only,true,false,487256,,2026-05-12T18:37:46.995984+00:00,,79914869267444d578ed3aab166d164018709cc48e91c5419cf166871529f93d,,,,,,,,,,,,,,
nstx_141711,8,mode,egn08w.3005E+02,nstx_141711/N8/egn08w.3005E+02,nstx_141711/N8/egn08w.3005E+02,true,bad,training_only,true,false,487256,,2026-05-12T18:37:47.023987+00:00,,15a600690a011003fe37ca2cb0243067fe98731cdef9563bd365a6ba67785e0c,,,,,,,,,,,,,,
nstx_141711,8,mode,egn08w.3070E+02,nstx_141711/N8/egn08w.3070E+02,nstx_141711/N8/egn08w.3070E+02,true,bad,training_only,true,false,487256,,2026-05-12T18:37:47.041988+00:00,,3ed1663d04f365b3f938c27440d88c31ef59854871feedaff861cec7427b3707,,,,,,,,,,,,,,
nstx_141711,8,mode,egn08w.3134E+02,nstx_141711/N8/egn08w.3134E+02,nstx_141711/N8/egn08w.3134E+02,true,bad,training_only,true,false,487256,,2026-05-12T18:37:47.080991+00:00,,b6c0ce8d31fe2d980c6ba158ce367f27a34d8c57a45c085cc34238a2aeb022dd,,,,,,,,,,,,,,
nstx_141711,8,mode,egn08w.3255E+02,nstx_141711/N8/egn08w.3255E+02,nstx_141711/N8/egn08w.3255E+02,true,bad,training_only,true,false,487256,,2026-05-12T18:37:47.042988+00:00,,d28f4a6565e6ba777c773e05e20cebbd185ae5b45fec40dc006237ab0035162b,,,,,,,,,,,,,,
nstx_141711,8,mode,egn08w.7895E+02,nstx_141711/N8/egn08w.7895E+02,nstx_141711/N8/egn08w.7895E+02,true,bad,training_only,true,false,487256,,2026-05-12T18:37:47.138995+00:00,,866898101915bede39b0054c9a7f787c54fb21e16ea5b963ed97a745c15edd4c,,,,,,,,,,,,,,
nstx_141711,8,mode,egn08w.9250E+02,nstx_141711/N8/egn08w.9250E+02,nstx_141711/N8/egn08w.9250E+02,false,,training_only,true,false,487256,,2026-05-12T18:37:47.097992+00:00,,b7710d4faf2ec950f28d9ab539b955bc5ace53da7f230e9834211ce2af1910ec,,,,,,,,,,,,,,
nstx_141711,8,datcon,datcon8,nstx_141711/N8/datcon8,nstx_141711/N8/datcon8,false,,different,true,true,10484,15606,2026-05-12T18:37:53.229468+00:00,2026-04-17T14:34:53.364516+00:00,29caccabd32c92e0e57f15760b2ea3b8a9331e1cfc1623a58b799d543ab3aaad,aca59a80c948da2bb9ea74ed110f27fbf17277674b7e23c9abdbbfad8574e81d,,,,,,,,,,,,,
nstx_141711,8,datcon_gf,datcon_gf.txt,nstx_141711/N8/datcon_gf.txt,nstx_141711/N8/datcon_gf.txt,false,,different,true,true,15663,15663,2026-05-12T18:37:52.071378+00:00,2026-04-17T14:34:53.391516+00:00,25d95064889bd37dbfcf64b0198af2c7f0744eb9b7a66074d77202a4b64ea138,bbd67eb7e69b83a4c8a146017b94df6cfc30cb63bc9ac321301ba033fba7d6f6,,,,,,,,,,,,,
nstx_141711,9,mode,egn09w.1010E+03,nstx_141711/N9/egn09w.1010E+03,nstx_141711/N9/egn09w.1010E+03,true,good,different,true,true,487256,487256,2026-05-12T18:37:47.141996+00:00,2026-03-19T03:12:41.084826+00:00,4c50316a23976d6c8343a03c5c355da710c5838fe7ff4d824f24a7f409fa7d44,90538f6abfc21eb54ea4d3ed5187d8bcd006b0ebca7c88d91669873d4d294294,101x201,101x201,false,0.00043304953762312144,10.05114201119289,10.051146307354028,4.2743014995497054e-07,4.2743014995497054e-07,-2.405417915085361e-07,-2.404422523157784e-07,9,9,
nstx_141711,9,mode,egn09w.1110E+03,nstx_141711/N9/egn09w.1110E+03,nstx_141711/N9/egn09w.1110E+03,true,good,different,true,true,487256,487256,2026-05-12T18:37:47.138995+00:00,2026-03-19T03:58:17.355026+00:00,36a4f441ca4b091379bca52f25dd5d7756267783103aca236471144a4707d5ab,8af25cf8a6a6ba6a0a2d67b3a38db283599d01b44d1f86f10df965c94d5e29f1,101x201,101x201,false,9.123258886253676e-05,10.537361192574629,10.537365185425633,3.7892323623783123e-07,3.7892323623783123e-07,-1.2472854677218897e-05,-1.2473869781659117e-05,9,9,
nstx_141711,9,mode,egn09w.1148E+03,nstx_141711/N9/egn09w.1148E+03,nstx_141711/N9/egn09w.1148E+03,true,bad,different,true,true,487256,487256,2026-05-12T18:37:47.145996+00:00,2026-03-19T04:15:45.867742+00:00,b522e2444a5c700628ea11f747216a65a30a260238a0addbe54b06a553dcd35a,45005b6f95555ec0bca1b18df8a0af68591e77f8ecff64a7214d6e7d4909215a,101x201,101x201,false,1.2571998987447519e-05,10.71451062098602,10.714510414310453,-1.928931470953897e-08,1.928931470953897e-08,-1.674087515384629e-05,-1.6741587838201203e-05,9,9,
nstx_141711,9,mode,egn09w.1261E+03,nstx_141711/N9/egn09w.1261E+03,nstx_141711/N9/egn09w.1261E+03,true,good,different,true,true,487256,487256,2026-05-12T18:37:47.144996+00:00,2026-03-19T05:05:54.140127+00:00,a12b165c820e08a267ce96424b235bb1d825741eef1cd062cd797bd7d854190c,22abb6c63b5ef15395f35e3f19ef93a0dbd67d872fd84e07a4134602cb08af32,101x201,101x201,false,6.327600355549885e-05,11.227618554385334,11.227615201468417,-2.986311745730894e-07,2.986311745730894e-07,-3.1893472819212794e-07,-3.189330238329306e-07,9,9,
nstx_141711,9,mode,egn09w.1394E+03,nstx_141711/N9/egn09w.1394E+03,nstx_141711/N9/egn09w.1394E+03,true,good,different,true,true,487256,487256,2026-05-12T18:37:47.535026+00:00,2026-03-19T06:03:33.060903+00:00,efa75ed24aeea5856e3345db7a4445bb5bbaae5c9c1386316dc6ed7fa38ab0fa,d4eadf617853932db68cb0395736b3436f8d687c57fc22ee349757989d03f68d,101x201,101x201,false,0.00019779206292765725,11.806930271266769,11.806922206476836,-6.830556078057443e-07,6.830556078057443e-07,-8.803675800811572e-08,-8.803107847688001e-08,9,9,
nstx_141711,9,mode,egn09w.1547E+03,nstx_141711/N9/egn09w.1547E+03,nstx_141711/N9/egn09w.1547E+03,false,,different,true,true,487256,487256,2026-05-12T18:37:47.213001+00:00,2026-03-19T07:34:42.646199+00:00,98152714508ea21b628a265fa3db8a2fb82db8e00f94719c115bc352f2e2a247,c8cda43c02f626a652a32e08272905a1a5b9e45af8bec4bec8738fe70f1a4d32,101x201,101x201,false,0.0020526366624956443,12.436154659231823,12.43615198827636,-2.147734196864346e-07,2.147734196864346e-07,-8.58054712581158e-08,-8.608067892216067e-08,9,9,
nstx_141711,9,mode,egn09w.1554E+03,nstx_141711/N9/egn09w.1554E+03,nstx_141711/N9/egn09w.1554E+03,true,bad,different,true,true,487256,487256,2026-05-12T18:37:47.158997+00:00,2026-03-19T07:39:23.390371+00:00,f6ea668783d1614b9877b0e6aebe7fa890b2ed083318fb91bac640fb8be0be7b,1905a9203a5487656fbda6827c80c24cd55b9bd08daab85037c95226a36d3162,101x201,101x201,false,0.6474004889166487,12.467421086241801,12.467407764950618,-1.0684881091995188e-06,1.0684881091995188e-06,-1.1026564147489674e-06,-5.41037943607812e-07,9,9,
nstx_141711,9,mode,egn09w.1559E+03,nstx_141711/N9/egn09w.1559E+03,nstx_141711/N9/egn09w.1559E+03,false,,different,true,true,487256,487256,2026-05-12T18:37:47.159997+00:00,2026-03-19T07:42:58.094051+00:00,643c813a60a8c838385b05d6ba5ab24435b41a6c6c76d71185be8ea21add0026,16a6aac08048f7e153833cde2633c9ba50715ad32bbf7065480a5f021c948365,101x201,101x201,false,0.0018312225837224944,12.487161810012893,12.487150283146166,-9.230974101459569e-07,9.230974101459569e-07,-9.54870785704254e-07,-9.567054287736508e-07,9,9,
nstx_141711,9,mode,egn09w.1566E+03,nstx_141711/N9/egn09w.1566E+03,nstx_141711/N9/egn09w.1566E+03,true,bad,different,true,true,487256,487256,2026-05-12T18:37:47.162997+00:00,2026-03-19T07:47:14.233109+00:00,f755d122eb3aa0c1a75f868dc7bee14aef7ab6113db82046b7df201ccb299cde,2540f313fa77b5c27aeefeaba2a5dfd0673f01850a2cee537f9e719fb98e7bcf,101x201,101x201,false,2.0916692634240057e-05,12.513029667443986,12.513030198353148,4.2428506610818855e-08,4.2428506610818855e-08,-3.620529109123327e-06,-3.6206455939867386e-06,9,9,
nstx_141711,9,mode,egn09w.1601E+03,nstx_141711/N9/egn09w.1601E+03,nstx_141711/N9/egn09w.1601E+03,false,,different,true,true,487256,487256,2026-05-12T18:37:47.178998+00:00,2026-03-19T08:03:21.687997+00:00,46f2b9a270a37172bcf1c8691e62726c876f34fd8678a1b1177d115663fc091f,9c385d8127334efafcb26bc21d1dce1120fcdaffef771048589c64eaac2581b6,101x201,101x201,false,0.0006488269598106552,12.651390527988086,12.65138685226699,-2.9053890070454775e-07,2.9053890070454775e-07,-7.559814169772122e-09,-7.518400962004056e-09,9,9,
nstx_141711,9,mode,egn09w.1765E+03,nstx_141711/N9/egn09w.1765E+03,nstx_141711/N9/egn09w.1765E+03,true,bad,different,true,true,487256,487256,2026-05-12T18:37:47.236003+00:00,2026-03-19T09:07:46.450982+00:00,66d9058457c807224c06cf24f4f5c4b1c185a5c6e97d34943a66c30915e77080,24d3577f79a20480b5a430a008ff6a4ed2cbdfdaa6609671369f743b71e4b221,101x201,101x201,false,0.0003872374045091496,13.283858403988738,13.283849235451447,-6.902013716441616e-07,6.902013716441616e-07,-1.2112437374141264e-06,-1.300961949479639e-06,9,9,
nstx_141711,9,mode,egn09w.2105E+03,nstx_141711/N9/egn09w.2105E+03,nstx_141711/N9/egn09w.2105E+03,true,bad,different,true,true,487256,487256,2026-05-12T18:37:47.167998+00:00,2026-03-19T11:20:36.285552+00:00,dee951bd39d983bd04110b937b0feaa038aca8a3e7e4126ab8dbacd8f1a36904,62054bd7c3ff38f715a75c5bb24369c6ad38a46cb2bfeb3e0bd933415517601e,101x201,101x201,false,8.751343265596466e-05,14.508003358778675,14.508009311538004,4.1030865390707775e-07,4.1030865390707775e-07,-5.121163066476303e-06,-5.12254070583346e-06,9,9,
nstx_141711,9,mode,egn09w.2134E+02,nstx_141711/N9/egn09w.2134E+02,nstx_141711/N9/egn09w.2134E+02,true,bad,training_only,true,false,487256,,2026-05-12T18:37:47.164997+00:00,,f2c31fe318aa2f281c144032933263e997082819a59da44508b727a9fd786ec5,,,,,,,,,,,,,,
nstx_141711,9,mode,egn09w.2459E+02,nstx_141711/N9/egn09w.2459E+02,nstx_141711/N9/egn09w.2459E+02,true,bad,training_only,true,false,487256,,2026-05-12T18:37:47.240003+00:00,,f563278b1c22ab3f29292a88535089f2577c04c172bdf5abb7ddf3bcd3733965,,,,,,,,,,,,,,
nstx_141711,9,mode,egn09w.2558E+02,nstx_141711/N9/egn09w.2558E+02,nstx_141711/N9/egn09w.2558E+02,true,bad,training_only,true,false,487256,,2026-05-12T18:37:47.244004+00:00,,5c22e94332e16935d735b9a56cf30cd83a3b6923959d55615efc40c8ab2d677f,,,,,,,,,,,,,,
nstx_141711,9,mode,egn09w.3045E+02,nstx_141711/N9/egn09w.3045E+02,nstx_141711/N9/egn09w.3045E+02,true,bad,training_only,true,false,487256,,2026-05-12T18:37:47.284007+00:00,,ab62759bc6032b5441bdfd7a897618087751a87786aa6fe0d2bd5c2918ca0efd,,,,,,,,,,,,,,
nstx_141711,9,mode,egn09w.3582E+02,nstx_141711/N9/egn09w.3582E+02,nstx_141711/N9/egn09w.3582E+02,true,bad,training_only,true,false,487256,,2026-05-12T18:37:47.623033+00:00,,6763ff16f79600537da9ff9337b0c6137929d7ce11e0f36b11221c5c1bfb81d3,,,,,,,,,,,,,,
nstx_141711,9,mode,egn09w.3593E+02,nstx_141711/N9/egn09w.3593E+02,nstx_141711/N9/egn09w.3593E+02,true,bad,training_only,true,false,487256,,2026-05-12T18:37:47.293007+00:00,,f9a3883c2f3f24060367ee754b33f57b0404a619e84c58a4866c7941d93f2a5d,,,,,,,,,,,,,,
nstx_141711,9,mode,egn09w.3610E+02,nstx_141711/N9/egn09w.3610E+02,nstx_141711/N9/egn09w.3610E+02,true,bad,training_only,true,false,487256,,2026-05-12T18:37:47.298008+00:00,,bb7156ea440d29e132f40417535a4a4c89807193b9442450fd88ea8ce383b518,,,,,,,,,,,,,,
nstx_141711,9,mode,egn09w.3675E+02,nstx_141711/N9/egn09w.3675E+02,nstx_141711/N9/egn09w.3675E+02,true,bad,training_only,true,false,487256,,2026-05-12T18:37:47.329010+00:00,,c0381c9f187b5dc6a279239160135a1f49158e112f0d293b57e70835c224d796,,,,,,,,,,,,,,
nstx_141711,9,mode,egn09w.6899E+02,nstx_141711/N9/egn09w.6899E+02,nstx_141711/N9/egn09w.6899E+02,true,bad,training_only,true,false,487256,,2026-05-12T18:37:47.518025+00:00,,c3f7fe8ce5b104018672914195711ccaf8dfa3ea5885b185a512597d117e8b49,,,,,,,,,,,,,,
nstx_141711,9,mode,egn09w.7829E+02,nstx_141711/N9/egn09w.7829E+02,nstx_141711/N9/egn09w.7829E+02,false,,training_only,true,false,487256,,2026-05-12T18:37:47.492023+00:00,,0810e1fbecc362464beb33efcb0524c841d7af1e4e53f12a819e581fbab6e05b,,,,,,,,,,,,,,
nstx_141711,9,mode,egn09w.9525E+02,nstx_141711/N9/egn09w.9525E+02,nstx_141711/N9/egn09w.9525E+02,false,,training_only,true,false,487256,,2026-05-12T18:37:47.481022+00:00,,29e9d8bf914db59c3cdbcec455091aa53301380f4aa42ed3f5b816a5858ce180,,,,,,,,,,,,,,
nstx_141711,9,datcon,datcon9,nstx_141711/N9/datcon9,nstx_141711/N9/datcon9,false,,different,true,true,10484,15606,2026-05-12T18:37:53.303474+00:00,2026-04-17T14:35:04.435542+00:00,4e7808ec3667c48a568cc7ddaede3ca3a7a52c32d2f6a36762ca0773e2c06ce5,c4690eab4ee6a454880e2019149ae5c5b044068acfc97ba25f61afc9d3f05440,,,,,,,,,,,,,
nstx_141711,9,datcon_gf,datcon_gf.txt,nstx_141711/N9/datcon_gf.txt,nstx_141711/N9/datcon_gf.txt,false,,different,true,true,15663,15663,2026-05-12T18:37:52.092380+00:00,2026-04-17T14:35:04.463542+00:00,d7b1702476085b4402d443cafe947ddbf4960fff8c94179edee17778a79e0517,6e3323ce591b608821e6078fcf1a548ab039fa60d8b9b0c541b42348eb442e91,,,,,,,,,,,,,
nstx_141711,10,mode,egn10w.1146E+03,nstx_141711/N10/egn10w.1146E+03,nstx_141711/N10/egn10w.1146E+03,true,bad,different,true,true,487256,487256,2026-05-12T18:37:46.566951+00:00,2026-03-19T04:13:49.173758+00:00,0b193a912a8334d23ec0a257b43feb689fdf2200e1ac0948a0f81fe08db4ef98,784dd96a5f5361ab004143b93d31294329a2c21fafaab0e8a2a63d3fa8b20324,101x201,101x201,false,9.503170734226352e-06,10.70670991260984,10.706710119435966,1.9317430629174374e-08,1.9317430629174374e-08,-6.291141556894699e-06,-6.291158584780503e-06,10,10,
nstx_141711,10,mode,egn10w.1341E+03,nstx_141711/N10/egn10w.1341E+03,nstx_141711/N10/egn10w.1341E+03,true,good,different,true,true,487256,487256,2026-05-12T18:37:45.992906+00:00,2026-03-19T05:34:17.320830+00:00,6bfab1337a93af8b8b5f4c0eb0395f1ed0d2823a7872ccc0bbfddf161500ea62,4d0738a5bc434a7b677aefc3cdabbce947280bc689d688140b1278dea6c47f61,101x201,101x201,false,3.0135214549959974e-05,11.578196927726799,11.578193293816586,-3.13858041578056e-07,3.13858041578056e-07,-5.71217084007568e-07,-5.712257474169447e-07,10,10,
nstx_141711,10,mode,egn10w.1470E+03,nstx_141711/N10/egn10w.1470E+03,nstx_141711/N10/egn10w.1470E+03,true,good,different,true,true,487256,487256,2026-05-12T18:37:46.006907+00:00,2026-03-19T06:25:48.671469+00:00,3132d31a728b3d1f89e13634d40918c44153415f46567839420c77a07e06dbda,91f56844a28ae009dab5cc3a2e89a88bd450169ca8fc86573b8e88482315fe9d,101x201,101x201,false,5.928655384647777e-05,12.12349468032584,12.123489017992615,-4.6705453945633576e-07,4.6705453945633576e-07,-2.810474880285929e-07,-2.81050208979574e-07,10,10,
nstx_141711,10,mode,egn10w.1636E+03,nstx_141711/N10/egn10w.1636E+03,nstx_141711/N10/egn10w.1636E+03,true,bad,different,true,true,487256,487256,2026-05-12T18:37:46.029909+00:00,2026-03-19T07:42:23.052775+00:00,72de50eb70f4dbafcabd18fea21c40aa254007826202f51c8293398b8952ca10,0f7d78e3579185951440b6ee246cacd05c9329b72ab99456c43996efb4ef61ff,101x201,101x201,false,0.0004624490961923078,12.789544137150125,12.789537038261436,-5.550540827102024e-07,5.550540827102024e-07,-6.321042454708889e-06,-6.2633819993243895e-06,10,10,
nstx_141711,10,mode,egn10w.1644E+03,nstx_141711/N10/egn10w.1644E+03,nstx_141711/N10/egn10w.1644E+03,true,bad,training_only,true,false,487256,,2026-05-12T18:37:46.021909+00:00,,78b3ac61598529b7573539a1dfda74758f91e9dfe461e16974577d6b3c2d46a7,,,,,,,,,,,,,,
nstx_141711,10,mode,egn10w.1673E+03,nstx_141711/N10/egn10w.1673E+03,nstx_141711/N10/egn10w.1673E+03,true,bad,training_only,true,false,487256,,2026-05-12T18:37:46.065912+00:00,,3e1df5bc6e0a9fe79cb464d2db0b3dcef085533ae68b6796363c0543465c383d,,,,,,,,,,,,,,
nstx_141711,10,mode,egn10w.1679E+03,nstx_141711/N10/egn10w.1679E+03,nstx_141711/N10/egn10w.1679E+03,true,bad,training_only,true,false,487256,,2026-05-12T18:37:46.040910+00:00,,a47091b1a8f5d6566680015bc2dc079be1ad0befe888fadb868866ac20ca585c,,,,,,,,,,,,,,
nstx_141711,10,mode,egn10w.1696E+03,nstx_141711/N10/egn10w.1696E+03,nstx_141711/N10/egn10w.1696E+03,false,,training_only,true,false,487256,,2026-05-12T18:37:45.959904+00:00,,85774fcc05ac8d65ebf818268f42a64c7d0616e0cab7ddd043fdcd33dda06e03,,,,,,,,,,,,,,
nstx_141711,10,mode,egn10w.1700E+03,nstx_141711/N10/egn10w.1700E+03,nstx_141711/N10/egn10w.1700E+03,true,bad,training_only,true,false,487256,,2026-05-12T18:37:46.603954+00:00,,77dbf42e9b9adfa1df8efea4c20a3124e99390f4cf106226408795cf1320f64b,,,,,,,,,,,,,,
nstx_141711,10,mode,egn10w.1713E+03,nstx_141711/N10/egn10w.1713E+03,nstx_141711/N10/egn10w.1713E+03,true,bad,training_only,true,false,487256,,2026-05-12T18:37:46.063912+00:00,,b6b38dd7e76db376e901ecd7ef2a4f0bda91d37e01eb7aa18aa5d5ca974f4fa3,,,,,,,,,,,,,,
nstx_141711,10,mode,egn10w.1718E+03,nstx_141711/N10/egn10w.1718E+03,nstx_141711/N10/egn10w.1718E+03,false,,training_only,true,false,487256,,2026-05-12T18:37:46.043910+00:00,,8222af62df290ca2afd640c665bb2eca0af36a69dfa3a306100340fe409c4b65,,,,,,,,,,,,,,
nstx_141711,10,mode,egn10w.1723E+03,nstx_141711/N10/egn10w.1723E+03,nstx_141711/N10/egn10w.1723E+03,true,bad,training_only,true,false,487256,,2026-05-12T18:37:46.084913+00:00,,cab4100b21382e2cab4510bbecdb4e45cf8bcd81190174e130375c2597b1333a,,,,,,,,,,,,,,
nstx_141711,10,mode,egn10w.2033E+02,nstx_141711/N10/egn10w.2033E+02,nstx_141711/N10/egn10w.2033E+02,true,bad,training_only,true,false,487256,,2026-05-12T18:37:46.081913+00:00,,c86e0805cd8e5475a6c0d2d94e715b36a5277af595e2af21726e84da10b2a426,,,,,,,,,,,,,,
nstx_141711,10,mode,egn10w.2039E+03,nstx_141711/N10/egn10w.2039E+03,nstx_141711/N10/egn10w.2039E+03,true,bad,training_only,true,false,487256,,2026-05-12T18:37:46.107915+00:00,,67048e47152677cd219716aa07b4559d59e4d1264b39c230410f936f25f55734,,,,,,,,,,,,,,
nstx_141711,10,mode,egn10w.2160E+03,nstx_141711/N10/egn10w.2160E+03,nstx_141711/N10/egn10w.2160E+03,true,bad,training_only,true,false,487256,,2026-05-12T18:37:46.032909+00:00,,708454acd5a562553cfc6336e4c9f7065d81bf9e2b5eea90ce6177262402ed35,,,,,,,,,,,,,,
nstx_141711,10,mode,egn10w.2171E+02,nstx_141711/N10/egn10w.2171E+02,nstx_141711/N10/egn10w.2171E+02,true,bad,training_only,true,false,487256,,2026-05-12T18:37:46.109915+00:00,,5783b75d1039c9a64ddaf12471f8f8ae02d2c7227ef8615ec8e4c6814e529832,,,,,,,,,,,,,,
nstx_141711,10,mode,egn10w.2186E+03,nstx_141711/N10/egn10w.2186E+03,nstx_141711/N10/egn10w.2186E+03,true,bad,training_only,true,false,487256,,2026-05-12T18:37:46.055911+00:00,,cef2853698e8eb9b4dacd2e58e4f7339e7d268b4fb156a9bc351c1072272c1cd,,,,,,,,,,,,,,
nstx_141711,10,mode,egn10w.2189E+03,nstx_141711/N10/egn10w.2189E+03,nstx_141711/N10/egn10w.2189E+03,true,bad,training_only,true,false,487256,,2026-05-12T18:37:46.124917+00:00,,e745d389f8239b2ff0a732719a0b9cc1c1bef0eacdc566059ceb4eb58594db5d,,,,,,,,,,,,,,
nstx_141711,10,mode,egn10w.2475E+02,nstx_141711/N10/egn10w.2475E+02,nstx_141711/N10/egn10w.2475E+02,true,bad,training_only,true,false,487256,,2026-05-12T18:37:46.075913+00:00,,001f711afcd8d2c5d911a2f12a873b786c875cabdef8d948c32e4c6fbac34f5e,,,,,,,,,,,,,,
nstx_141711,10,mode,egn10w.2988E+02,nstx_141711/N10/egn10w.2988E+02,nstx_141711/N10/egn10w.2988E+02,true,bad,training_only,true,false,487256,,2026-05-12T18:37:46.186921+00:00,,a2e52d79b07f4c28b510086bcaa6fc510d60bdab489a26250e70f1be16b9d96b,,,,,,,,,,,,,,
nstx_141711,10,mode,egn10w.3008E+02,nstx_141711/N10/egn10w.3008E+02,nstx_141711/N10/egn10w.3008E+02,true,bad,training_only,true,false,487256,,2026-05-12T18:37:46.213923+00:00,,e95a41e1eab855d720c7d9fb92049e7bd02f3883581242f5fbef2f75b4aac890,,,,,,,,,,,,,,
nstx_141711,10,datcon,datcon10,nstx_141711/N10/datcon10,nstx_141711/N10/datcon10,false,,different,true,true,10484,15606,2026-05-12T18:37:52.925445+00:00,2026-04-17T14:35:15.400568+00:00,517fced6370dac70e7be848c4e0fea82f8a471f015d04de6b11af951a286f8a0,24399befc83e0718d9b29ff0661ab573fa0a936150c002013102a799d83a9236,,,,,,,,,,,,,
nstx_141711,10,datcon_gf,datcon_gf.txt,nstx_141711/N10/datcon_gf.txt,nstx_141711/N10/datcon_gf.txt,false,,different,true,true,15663,15663,2026-05-12T18:37:51.849361+00:00,2026-04-17T14:35:15.428568+00:00,947e7c9c04af36d02ffe1d291c59fe403d77609893293c91fd6b284ce5c00d70,383579aa0de136c99a084959deccad7c359203a5234449f2de0b80c5cb63ec4d,,,,,,,,,,,,,
nstxuG121123B12,1,datcon_gf,datcon_gf.txt,nstxuG121123B12/N1/datcon_gf.txt,nstxuG121123B12/N1/datcon_gf.txt,false,,reference_only,false,true,,15663,,2026-06-21T02:55:04.706646+00:00,,92576f456298d15356c4916f065b80da6945e037b3320d0fbd13e5587ab5bbbf,,,,,,,,,,,,,
nstxuG121123B12,2,datcon_gf,datcon_gf.txt,nstxuG121123B12/N2/datcon_gf.txt,nstxuG121123B12/N2/datcon_gf.txt,false,,reference_only,false,true,,15663,,2026-06-21T02:55:08.594657+00:00,,099e743bf33200bbf2915d87358e0e5d965e5697888bb2fd31af42e3f8f505f1,,,,,,,,,,,,,
nstxuG121123B12,3,datcon_gf,datcon_gf.txt,nstxuG121123B12/N3/datcon_gf.txt,nstxuG121123B12/N3/datcon_gf.txt,false,,reference_only,false,true,,15663,,2026-06-21T02:55:13.602670+00:00,,d4cb69299cc49d051ce8fbeafa72b871501247387983e626fd7bc8b37bd67df5,,,,,,,,,,,,,
nstxuG121123B12,4,datcon_gf,datcon_gf.txt,nstxuG121123B12/N4/datcon_gf.txt,nstxuG121123B12/N4/datcon_gf.txt,false,,reference_only,false,true,,15663,,2026-06-21T02:55:20.437689+00:00,,431b6975a5fc78e0298bb3a2ac2622f45c376f752ed134d953e1f185dd732248,,,,,,,,,,,,,
nstxuG121123B12,5,datcon_gf,datcon_gf.txt,nstxuG121123B12/N5/datcon_gf.txt,nstxuG121123B12/N5/datcon_gf.txt,false,,reference_only,false,true,,15663,,2026-06-21T02:55:29.608714+00:00,,c710f55149dbb4c55d6c592f28da6ba31f45cad5dda418e257917450e5cf42d0,,,,,,,,,,,,,
nstxuG121123B12,6,datcon_gf,datcon_gf.txt,nstxuG121123B12/N6/datcon_gf.txt,nstxuG121123B12/N6/datcon_gf.txt,false,,reference_only,false,true,,15663,,2026-06-21T02:55:41.898760+00:00,,877c16c3d4929cc0b6a408308067d72812b60329b16d5070ef7bf2fcc18a0a06,,,,,,,,,,,,,
nstxuG121123B12,7,datcon_gf,datcon_gf.txt,nstxuG121123B12/N7/datcon_gf.txt,nstxuG121123B12/N7/datcon_gf.txt,false,,reference_only,false,true,,15663,,2026-06-21T02:55:57.527807+00:00,,efa80788dffd7e76ca6daf11dad2fc1428b8046a289bfd9caf7f3dd0db7c8aa7,,,,,,,,,,,,,
nstxuG121123B12,8,datcon_gf,datcon_gf.txt,nstxuG121123B12/N8/datcon_gf.txt,nstxuG121123B12/N8/datcon_gf.txt,false,,reference_only,false,true,,15663,,2026-06-21T02:56:17.300864+00:00,,2b2332eac1a9f044d84ef982869ee23a5961e046353bc9619bfe818ff58faca5,,,,,,,,,,,,,
nstxuG121123B12,9,datcon_gf,datcon_gf.txt,nstxuG121123B12/N9/datcon_gf.txt,nstxuG121123B12/N9/datcon_gf.txt,false,,reference_only,false,true,,15663,,2026-06-21T02:56:41.667933+00:00,,4ae2e38f763ba105b1f65ff8678a74fccda64a16c1e3b19b5847234f992b3d4d,,,,,,,,,,,,,
nstxuG121123B12,10,datcon_gf,datcon_gf.txt,nstxuG121123B12/N10/datcon_gf.txt,nstxuG121123B12/N10/datcon_gf.txt,false,,reference_only,false,true,,15663,,2026-06-21T02:57:11.154020+00:00,,343ed89b5cd739525827914eb730d87bb41d453f937398b965c86509c55a6ad4,,,,,,,,,,,,,
nstxuG121123K51,1,mode,egn01w.2561E+02,nstxuG121123K51/N1/egn01w.2561E+02,nstxuG121123K51/N1/egn01w.2561E+02,true,bad,training_only,true,false,110984,,2026-03-13T15:22:29.368905+00:00,,f154fd502ecb0ae6019be5fd9f06df00523d83d0e1dbb1b832da99e2b03a720c,,,,,,,,,,,,,,
nstxuG121123K51,1,mode,egn01w.2581E+02,nstxuG121123K51/N1/egn01w.2581E+02,nstxuG121123K51/N1/egn01w.2581E+02,true,bad,training_only,true,false,110984,,2026-03-13T15:22:53.051052+00:00,,87b7735e75630e05c2afbe47ab6e957bd8360f521a42205a2434ed33a746a4bb,,,,,,,,,,,,,,
nstxuG121123K51,1,mode,egn01w.2933E+02,nstxuG121123K51/N1/egn01w.2933E+02,nstxuG121123K51/N1/egn01w.2933E+02,true,bad,training_only,true,false,110984,,2026-03-13T15:29:04.905360+00:00,,635bd3c7ff500bf5cdd4d8d62a117847d911e24bdbe06511ce888a07541afc25,,,,,,,,,,,,,,
nstxuG121123K51,1,mode,egn01w.3313E+02,nstxuG121123K51/N1/egn01w.3313E+02,nstxuG121123K51/N1/egn01w.3313E+02,true,bad,training_only,true,false,110984,,2026-03-13T15:38:26.109926+00:00,,03c9b0d278ad449d6a40f29654fa2f7b7f701d2ed3759a7d1c0b659bd6e2bdec,,,,,,,,,,,,,,
nstxuG121123K51,1,mode,egn01w.3366E+02,nstxuG121123K51/N1/egn01w.3366E+02,nstxuG121123K51/N1/egn01w.3366E+02,true,bad,training_only,true,false,110984,,2026-03-13T15:38:51.756086+00:00,,1ef41edbe62a7ee6aa649eb44d13670ee100e252eb6bfe14e1264a68441dba83,,,,,,,,,,,,,,
nstxuG121123K51,1,mode,egn01w.3413E+02,nstxuG121123K51/N1/egn01w.3413E+02,nstxuG121123K51/N1/egn01w.3413E+02,true,bad,training_only,true,false,110984,,2026-03-13T15:39:18.239249+00:00,,043b80854378d57dcf12123ee4ff40ff50ee45b476ac79f8c264b78204f6902d,,,,,,,,,,,,,,
nstxuG121123K51,1,mode,egn01w.3567E+02,nstxuG121123K51/N1/egn01w.3567E+02,nstxuG121123K51/N1/egn01w.3567E+02,true,bad,training_only,true,false,110984,,2026-03-13T15:40:10.234565+00:00,,b6fc5d55be0a5eea4b1e48cafe61bff3eba6eb63e7af861629906c6028823ffc,,,,,,,,,,,,,,
nstxuG121123K51,1,mode,egn01w.3586E+02,nstxuG121123K51/N1/egn01w.3586E+02,nstxuG121123K51/N1/egn01w.3586E+02,true,bad,training_only,true,false,110984,,2026-03-13T15:40:36.017721+00:00,,a477fa038071fb35bf3e1b9a408199a82a4279b1eda6b6f6843d15018a37fab0,,,,,,,,,,,,,,
nstxuG121123K51,1,mode,egn01w.3647E+02,nstxuG121123K51/N1/egn01w.3647E+02,nstxuG121123K51/N1/egn01w.3647E+02,true,bad,training_only,true,false,110984,,2026-03-13T15:41:01.351870+00:00,,99efc490d2cb47b0d0a21cdc92ee95d2db53366055ba67e4b33b95ffc10b55c3,,,,,,,,,,,,,,
nstxuG121123K51,1,mode,egn01w.4174E+02,nstxuG121123K51/N1/egn01w.4174E+02,nstxuG121123K51/N1/egn01w.4174E+02,true,bad,training_only,true,false,110984,,2026-03-13T15:41:36.539083+00:00,,8e70c2edddd6606dd4b8b695ac8125a7202afff8ce67dcb17a18d1e4ffc1fd4d,,,,,,,,,,,,,,
nstxuG121123K51,1,mode,egn01w.4555E+02,nstxuG121123K51/N1/egn01w.4555E+02,nstxuG121123K51/N1/egn01w.4555E+02,true,bad,training_only,true,false,110984,,2026-03-13T15:42:58.526568+00:00,,efd155fdaac7466f3401ca276c2c568e1ecf107106df61763447946a71d3b168,,,,,,,,,,,,,,
nstxuG121123K51,1,mode,egn01w.4712E+02,nstxuG121123K51/N1/egn01w.4712E+02,nstxuG121123K51/N1/egn01w.4712E+02,true,bad,training_only,true,false,110984,,2026-03-13T15:43:25.076726+00:00,,23f6235f162e9471e73cd0fa3889017f6754a38f5683f03358952510bc5385ac,,,,,,,,,,,,,,
nstxuG121123K51,1,mode,egn01w.4909E+02,nstxuG121123K51/N1/egn01w.4909E+02,nstxuG121123K51/N1/egn01w.4909E+02,true,bad,training_only,true,false,110984,,2026-03-13T15:44:43.530179+00:00,,96e82e6f285096e0386eb5ba36c336ca7d8421da2f73d1fd9a56b5929f8064d9,,,,,,,,,,,,,,
nstxuG121123K51,1,mode,egn01w.5393E+02,nstxuG121123K51/N1/egn01w.5393E+02,nstxuG121123K51/N1/egn01w.5393E+02,true,bad,training_only,true,false,110984,,2026-03-13T15:51:59.488656+00:00,,f28828cdaa0aaa0979f51e30fa339c881347bd83b0b89007693aa4015f0f182a,,,,,,,,,,,,,,
nstxuG121123K51,1,datcon,datcon1,nstxuG121123K51/N1/datcon1,nstxuG121123K51/N1/datcon1,false,,different,true,true,15606,15606,2026-05-31T16:35:57.657433+00:00,2026-06-21T03:01:33.270798+00:00,ce8d9aa650db87b845fcc5f35fba2de9a005c98657d4eb800787625df0a79fad,e820b82e6fe52454d0b2f23e7cdc79f6d8a40134c0f4c091d0c56755e2bc078e,,,,,,,,,,,,,
nstxuG121123K51,1,datcon_gf,datcon_gf.txt,nstxuG121123K51/N1/datcon_gf.txt,nstxuG121123K51/N1/datcon_gf.txt,false,,different,true,true,15663,15663,2026-04-17T14:48:51.827650+00:00,2026-06-21T03:01:33.897799+00:00,cbd183b2e06bb9b7efefa79ff434c88b10c1dce4c8ec089dc19b64f5da7d4294,a6c0a47336e63ec014175cf9dcb8a841edd166776338fc483bec140ebe8347b0,,,,,,,,,,,,,
nstxuG121123K51,2,mode,egn02w.1926E+02,nstxuG121123K51/N2/egn02w.1926E+02,nstxuG121123K51/N2/egn02w.1926E+02,true,bad,training_only,true,false,202640,,2026-03-13T15:44:19.031824+00:00,,755d3745f7982d99730cceb111fd6472a335ce46d3a8c260a77acc87e0e878e9,,,,,,,,,,,,,,
nstxuG121123K51,2,datcon,datcon2,nstxuG121123K51/N2/datcon2,nstxuG121123K51/N2/datcon2,false,,different,true,true,15606,15606,2026-05-31T16:36:14.576454+00:00,2026-06-21T03:01:38.762814+00:00,e86cfeb31a4604384c03509891aaf546f30688083d647a84bdd06c2e4f023321,7d1eaccfaf3af8bfc1f64ff08824873e510ddfb1569fd7bbe18c9ceb514cea1c,,,,,,,,,,,,,
nstxuG121123K51,2,datcon_gf,datcon_gf.txt,nstxuG121123K51/N2/datcon_gf.txt,nstxuG121123K51/N2/datcon_gf.txt,false,,different,true,true,15663,15663,2026-04-17T14:48:53.698654+00:00,2026-06-21T03:01:39.159815+00:00,9a866ec349d5b57fd7c256301cc4a1aeff158db59f467e0cdda9e7298357860f,e9eca08b778ee0c38af7c3c52a941871110534ca49b4e269a549e4d3c412ee35,,,,,,,,,,,,,
nstxuG121123K51,3,mode,egn03w.1010E+02,nstxuG121123K51/N3/egn03w.1010E+02,nstxuG121123K51/N3/egn03w.1010E+02,true,bad,different,true,true,294296,294296,2026-03-13T15:32:26.251038+00:00,2026-06-24T13:15:06.664177+00:00,02af1edb00c4b21b9c22530ad679fe449acade2f11cfcd706956cceee5f4824e,de8310f6c234c0e184a54cbde39a9e2e2c6bc788b028b9db0ed7283aa0985001,61x201,61x201,false,0.04783029115105008,3.177543938605858,3.17778083190534,7.455232848361574e-05,7.455232848361574e-05,-0.0042288898140876805,-0.0018158408437090319,3,3,
nstxuG121123K51,3,mode,egn03w.1067E+02,nstxuG121123K51/N3/egn03w.1067E+02,nstxuG121123K51/N3/egn03w.1067E+02,true,bad,training_only,true,false,294296,,2026-03-13T15:35:49.083749+00:00,,2de1052be4fc83504504080feba0fd35cd1aa26e6018cc4501a42a5cea9f10b8,,,,,,,,,,,,,,
nstxuG121123K51,3,mode,egn03w.1182E+02,nstxuG121123K51/N3/egn03w.1182E+02,nstxuG121123K51/N3/egn03w.1182E+02,true,bad,training_only,true,false,294296,,2026-03-13T15:43:19.224358+00:00,,4f632156ac97044ddd7507fc8357ddc8186b2419ecbe5c8ddc38c6274a2daed6,,,,,,,,,,,,,,
nstxuG121123K51,3,mode,egn03w.1521E+02,nstxuG121123K51/N3/egn03w.1521E+02,nstxuG121123K51/N3/egn03w.1521E+02,true,bad,training_only,true,false,294296,,2026-03-13T15:58:11.203234+00:00,,3a371a4be6526a0e5ba6b6c55e7dbff2f19a870cbe65b3aa707fe5ddf72ad559,,,,,,,,,,,,,,
nstxuG121123K51,3,mode,egn03w.2596E+02,nstxuG121123K51/N3/egn03w.2596E+02,nstxuG121123K51/N3/egn03w.2596E+02,true,bad,training_only,true,false,294296,,2026-03-13T16:36:37.004592+00:00,,0a1efafad8b9d5eb6f7b9712304030088ac417695a72793bf1dfecc0b97d5544,,,,,,,,,,,,,,
nstxuG121123K51,3,mode,egn03w.3531E+02,nstxuG121123K51/N3/egn03w.3531E+02,nstxuG121123K51/N3/egn03w.3531E+02,true,bad,training_only,true,false,294296,,2026-03-13T16:59:56.986651+00:00,,9714b8c8cb0b9f3fa16a84c8e8acc1f7ba416eb988ca22bbd9baa8882ad7b7c5,,,,,,,,,,,,,,
nstxuG121123K51,3,mode,egn03w.3607E+02,nstxuG121123K51/N3/egn03w.3607E+02,nstxuG121123K51/N3/egn03w.3607E+02,true,bad,training_only,true,false,294296,,2026-03-13T17:00:57.427063+00:00,,69f85a66d75bb19368dd8f075853941e66129c280c59a7ba8a456d3979b52a04,,,,,,,,,,,,,,
nstxuG121123K51,3,mode,egn03w.3834E+02,nstxuG121123K51/N3/egn03w.3834E+02,nstxuG121123K51/N3/egn03w.3834E+02,true,bad,training_only,true,false,294296,,2026-03-13T17:03:10.162093+00:00,,41f053187d9c2f1a5c678b3d1e3e4cc112763aee252cef75642f03bcef0b96d3,,,,,,,,,,,,,,
nstxuG121123K51,3,mode,egn03w.4634E+02,nstxuG121123K51/N3/egn03w.4634E+02,nstxuG121123K51/N3/egn03w.4634E+02,true,bad,training_only,true,false,294296,,2026-03-13T17:13:28.373825+00:00,,d1cfe53d79113d504318d598acc6ef9577a868894e89c6195af86f23936c0578,,,,,,,,,,,,,,
nstxuG121123K51,3,mode,egn03w.5507E+02,nstxuG121123K51/N3/egn03w.5507E+02,nstxuG121123K51/N3/egn03w.5507E+02,false,,training_only,true,false,294296,,2026-03-13T17:36:15.704865+00:00,,ab9c6dac9511968db11eb9830e6251d731efb2789c7006fe24cc491fb6784415,,,,,,,,,,,,,,
nstxuG121123K51,3,mode,egn03w.9328E+01,nstxuG121123K51/N3/egn03w.9328E+01,nstxuG121123K51/N3/egn03w.9328E+01,true,bad,training_only,true,false,294296,,2026-03-13T15:28:12.196961+00:00,,8cf18fd82bf3749dca1a7e30901f8a90da76f55c89b48933348570e07dddbeeb,,,,,,,,,,,,,,
nstxuG121123K51,3,datcon,datcon3,nstxuG121123K51/N3/datcon3,nstxuG121123K51/N3/datcon3,false,,different,true,true,15606,15606,2026-05-31T16:36:31.603477+00:00,2026-06-21T03:01:47.651839+00:00,2f3504860245a81be6063e341d5ff88b8c5a125df65eaa13d569795fb1fac893,e6bfd5be21dba4763eb7cdf8234c135da9fa19b959cd618af7f51d27dfb9025b,,,,,,,,,,,,,
nstxuG121123K51,3,datcon_gf,datcon_gf.txt,nstxuG121123K51/N3/datcon_gf.txt,nstxuG121123K51/N3/datcon_gf.txt,false,,different,true,true,15663,15663,2026-04-17T14:48:57.700663+00:00,2026-06-21T03:01:48.052840+00:00,203d1300a92b0c5b540fc8aa237548b76f5b83e5e0e9ed8a5b75e9a923a27120,3a122ffce7878aa39889e52e52b2aa4a94dacc09f85c5fc5ec09d664b67d2140,,,,,,,,,,,,,
nstxuG121123K51,4,mode,egn04w.1017E+02,nstxuG121123K51/N4/egn04w.1017E+02,nstxuG121123K51/N4/egn04w.1017E+02,true,bad,training_only,true,false,385952,,2026-03-13T16:23:08.297399+00:00,,e0d3373a3e9d6fde2a16d89d9f5eb4d4e4f9baabfbab0073b3deb8038ce3ffeb,,,,,,,,,,,,,,
nstxuG121123K51,4,mode,egn04w.1130E+02,nstxuG121123K51/N4/egn04w.1130E+02,nstxuG121123K51/N4/egn04w.1130E+02,true,bad,training_only,true,false,385952,,2026-03-13T16:35:22.910021+00:00,,ba015f3e8518046d416de5377c66a98b8a81121e89cc25b5225dd32a6022fb42,,,,,,,,,,,,,,
nstxuG121123K51,4,mode,egn04w.1185E+02,nstxuG121123K51/N4/egn04w.1185E+02,nstxuG121123K51/N4/egn04w.1185E+02,true,bad,training_only,true,false,385952,,2026-03-13T16:39:59.004192+00:00,,35854ae43444697941d51a616bab7d823f57389aaf49982cd82f1b0856899a5c,,,,,,,,,,,,,,
nstxuG121123K51,4,mode,egn04w.1214E+02,nstxuG121123K51/N4/egn04w.1214E+02,nstxuG121123K51/N4/egn04w.1214E+02,true,bad,training_only,true,false,385952,,2026-03-13T16:44:38.601440+00:00,,9f9b3cc12e031d1c5b2207ca393b470bbb013ba8629d20986d57fde82dd87810,,,,,,,,,,,,,,
nstxuG121123K51,4,mode,egn04w.1254E+02,nstxuG121123K51/N4/egn04w.1254E+02,nstxuG121123K51/N4/egn04w.1254E+02,true,bad,training_only,true,false,385952,,2026-03-13T16:47:46.110945+00:00,,cc7558e0d4e7c59c2c26cb9fa1277832160fe39f7f4d8a52edb724380f67d04e,,,,,,,,,,,,,,
nstxuG121123K51,4,mode,egn04w.1463E+02,nstxuG121123K51/N4/egn04w.1463E+02,nstxuG121123K51/N4/egn04w.1463E+02,true,bad,training_only,true,false,385952,,2026-03-13T16:58:51.505293+00:00,,c635dbc32030660eb71abd550fac73a4fdd3090b56b2018d5a1a50cccefbc822,,,,,,,,,,,,,,
nstxuG121123K51,4,mode,egn04w.1533E+02,nstxuG121123K51/N4/egn04w.1533E+02,nstxuG121123K51/N4/egn04w.1533E+02,true,bad,training_only,true,false,385952,,2026-03-13T17:07:48.620196+00:00,,5e7d8e7f54800380aefa4888cf73932f26ed44307b8b5630adaaaa2da5045b4b,,,,,,,,,,,,,,
nstxuG121123K51,4,mode,egn04w.1846E+02,nstxuG121123K51/N4/egn04w.1846E+02,nstxuG121123K51/N4/egn04w.1846E+02,true,bad,training_only,true,false,385952,,2026-03-13T17:23:54.053859+00:00,,22398bd27c474ec13301bfbcdd9edf7b454e3f5fac845ac9ad2ac6b67f4141ee,,,,,,,,,,,,,,
nstxuG121123K51,4,mode,egn04w.1926E+02,nstxuG121123K51/N4/egn04w.1926E+02,nstxuG121123K51/N4/egn04w.1926E+02,true,bad,training_only,true,false,385952,,2026-03-13T17:28:48.113288+00:00,,50276256400dbd1cb64cfe87f723547f119f3510e6a55cd714fd94bdba142080,,,,,,,,,,,,,,
nstxuG121123K51,4,mode,egn04w.2541E+02,nstxuG121123K51/N4/egn04w.2541E+02,nstxuG121123K51/N4/egn04w.2541E+02,true,bad,training_only,true,false,385952,,2026-03-13T18:07:45.288246+00:00,,cd471072ef12e15d8f2a6384bfab5997e3b9de6f74eef721056777c96667f48e,,,,,,,,,,,,,,
nstxuG121123K51,4,mode,egn04w.3670E+02,nstxuG121123K51/N4/egn04w.3670E+02,nstxuG121123K51/N4/egn04w.3670E+02,true,bad,training_only,true,false,385952,,2026-03-13T18:52:41.382121+00:00,,bc59cf39039989549ac528c5c47908e12156bc5c7fcf881213f466528fca9b8c,,,,,,,,,,,,,,
nstxuG121123K51,4,mode,egn04w.3848E+02,nstxuG121123K51/N4/egn04w.3848E+02,nstxuG121123K51/N4/egn04w.3848E+02,true,bad,training_only,true,false,385952,,2026-03-13T18:54:50.241141+00:00,,69d5e552489eae3a5fbcabe236dfbb82e278f1b3595592d2bef86503ad920a6f,,,,,,,,,,,,,,
nstxuG121123K51,4,mode,egn04w.5443E+02,nstxuG121123K51/N4/egn04w.5443E+02,nstxuG121123K51/N4/egn04w.5443E+02,true,bad,training_only,true,false,385952,,2026-03-13T19:53:19.425404+00:00,,7143b58e05fb73e4128b0ac860981781ff440aa598cf2f625459ea9da730ac1b,,,,,,,,,,,,,,
nstxuG121123K51,4,mode,egn04w.5480E+02,nstxuG121123K51/N4/egn04w.5480E+02,nstxuG121123K51/N4/egn04w.5480E+02,true,bad,training_only,true,false,385952,,2026-03-13T19:56:18.071765+00:00,,cefd14d8ca8208c0af0053df453cd16748144996259e5537a5048d3d73a0a44d,,,,,,,,,,,,,,
nstxuG121123K51,4,mode,egn04w.8769E+01,nstxuG121123K51/N4/egn04w.8769E+01,nstxuG121123K51/N4/egn04w.8769E+01,false,,reference_only,false,true,,385952,,2026-06-24T13:14:27.331994+00:00,,e9387a5dd8173e0f00a16e285e5c0a87c5cb4d9340e6e7ccf6ad7c7b23ebf5fe,,,,,,,,,,,,,
nstxuG121123K51,4,datcon,datcon4,nstxuG121123K51/N4/datcon4,nstxuG121123K51/N4/datcon4,false,,different,true,true,15606,15606,2026-05-31T16:36:48.647502+00:00,2026-06-21T03:01:58.279870+00:00,498380d3b02fa93ee1254a896634e3c856924be9431e90c7741000e4d1194524,2bed2012978dd8770a82873162fc48130e00068837dc26545dd0b5efe1e28845,,,,,,,,,,,,,
nstxuG121123K51,4,datcon_gf,datcon_gf.txt,nstxuG121123K51/N4/datcon_gf.txt,nstxuG121123K51/N4/datcon_gf.txt,false,,different,true,true,15663,15663,2026-04-17T14:49:04.671679+00:00,2026-06-21T03:01:58.662871+00:00,ed53345d0dbae7349883d0174ebd124a5f591128bf94d9c89c3ec0ba3a106369,34a68d6566ef74b54c7e4b7e59c15a44b4a4befc5462bc52697504f4a1fb2a8b,,,,,,,,,,,,,
nstxuG121123K51,5,mode,egn05w.1022E+02,nstxuG121123K51/N5/egn05w.1022E+02,nstxuG121123K51/N5/egn05w.1022E+02,false,,reference_only,false,true,,477608,,2026-06-24T13:16:16.177506+00:00,,284ac71705f8e4ad5c399de990d08ec58e07f60ade21e74208bcec53494efcb9,,,,,,,,,,,,,
nstxuG121123K51,5,mode,egn05w.1061E+02,nstxuG121123K51/N5/egn05w.1061E+02,nstxuG121123K51/N5/egn05w.1061E+02,true,bad,different,true,true,477608,477608,2026-03-13T16:50:38.993335+00:00,2026-06-24T13:20:55.310755+00:00,993a11243ea82d38ba0025d5b397cd0acc1f27ef2854233e49f0b2d8acd6d530,818c925efdf5cb2861700eb5c44dbc6ebb14537b80be58dfd846fdb60830577b,99x201,99x201,false,0.00022890310732281082,3.2572489437289884,3.2572497107919047,2.3549410239972578e-07,2.3549410239972578e-07,-1.1119225900995226e-05,-1.1090532055294523e-05,5,5,
nstxuG121123K51,5,mode,egn05w.1067E+02,nstxuG121123K51/N5/egn05w.1067E+02,nstxuG121123K51/N5/egn05w.1067E+02,true,bad,different,true,true,477608,477608,2026-03-13T16:52:56.722458+00:00,2026-06-24T13:23:04.242293+00:00,0a152baf81740f3547090a986f8b73f4a268e0f5a57886ff2ed8567205de0528,3379d443d61e64006d5042c977902a9b7057bb9b050cb0f531c1d831c76e9a90,99x201,99x201,false,0.01157623704358739,3.2662724471153224,3.266271026504923,-4.3493322205656447e-07,4.3493322205656447e-07,-5.337284452302001e-05,-5.698718321952759e-05,5,5,
nstxuG121123K51,5,mode,egn05w.1283E+02,nstxuG121123K51/N5/egn05w.1283E+02,nstxuG121123K51/N5/egn05w.1283E+02,true,bad,training_only,true,false,477608,,2026-03-13T17:19:04.886471+00:00,,cf916b50dfdc18282798d3384e22139d556e29ec9a7fd84c6c4ec7b8fec2cbe1,,,,,,,,,,,,,,
nstxuG121123K51,5,mode,egn05w.1292E+02,nstxuG121123K51/N5/egn05w.1292E+02,nstxuG121123K51/N5/egn05w.1292E+02,true,bad,training_only,true,false,477608,,2026-03-13T17:21:29.461667+00:00,,22b1d008a738fa2fd1479c99a404b3507e6737a88e90401c2a8bd2c8c558e5e7,,,,,,,,,,,,,,
nstxuG121123K51,5,mode,egn05w.1505E+02,nstxuG121123K51/N5/egn05w.1505E+02,nstxuG121123K51/N5/egn05w.1505E+02,true,bad,training_only,true,false,477608,,2026-03-13T17:43:48.632387+00:00,,2e59efad3449eddc06c598326acf1eb762bed23f4c73e6033642361ab6c57a9d,,,,,,,,,,,,,,
nstxuG121123K51,5,mode,egn05w.1593E+02,nstxuG121123K51/N5/egn05w.1593E+02,nstxuG121123K51/N5/egn05w.1593E+02,true,bad,training_only,true,false,477608,,2026-03-13T17:51:19.791030+00:00,,992511a08bd382720019e593151a20f484c7d6ef3563f8adcf83425e3ff226e0,,,,,,,,,,,,,,
nstxuG121123K51,5,mode,egn05w.1811E+02,nstxuG121123K51/N5/egn05w.1811E+02,nstxuG121123K51/N5/egn05w.1811E+02,true,bad,training_only,true,false,477608,,2026-03-13T18:10:57.999893+00:00,,80632ffac32a3fc6a1c20a1be7e08a1ebbe4e2199ef8fe34c03d05151b55fad4,,,,,,,,,,,,,,
nstxuG121123K51,5,mode,egn05w.1837E+02,nstxuG121123K51/N5/egn05w.1837E+02,nstxuG121123K51/N5/egn05w.1837E+02,true,bad,training_only,true,false,477608,,2026-03-13T18:15:33.458069+00:00,,53c8a103005a29c96df15dd89aeb26fac947bf0f6f6be3cb6577a8f86d44ad97,,,,,,,,,,,,,,
nstxuG121123K51,5,mode,egn05w.1970E+02,nstxuG121123K51/N5/egn05w.1970E+02,nstxuG121123K51/N5/egn05w.1970E+02,true,bad,training_only,true,false,477608,,2026-03-13T18:25:25.362681+00:00,,6e5a6225c8b247f5970b7966d0cd078835082d64bae2eadff1dde3ac03f64a90,,,,,,,,,,,,,,
nstxuG121123K51,5,mode,egn05w.2108E+02,nstxuG121123K51/N5/egn05w.2108E+02,nstxuG121123K51/N5/egn05w.2108E+02,true,bad,training_only,true,false,477608,,2026-03-13T18:35:26.302648+00:00,,6f83c9930334b1f11c32daa562485c326ce4561fb790e68fa503137bdfe6f87e,,,,,,,,,,,,,,
nstxuG121123K51,5,mode,egn05w.2288E+02,nstxuG121123K51/N5/egn05w.2288E+02,nstxuG121123K51/N5/egn05w.2288E+02,true,bad,training_only,true,false,477608,,2026-03-13T18:48:07.228939+00:00,,8a46062015e195521ce3f7ae3e7c654f91d0534eb95f1d1196d8995e5bc363fe,,,,,,,,,,,,,,
nstxuG121123K51,5,mode,egn05w.2575E+02,nstxuG121123K51/N5/egn05w.2575E+02,nstxuG121123K51/N5/egn05w.2575E+02,true,bad,training_only,true,false,477608,,2026-03-13T19:14:44.503704+00:00,,8f539e1d40d4cfc696b031ad0b5d60d4db2f3adb80dded8f281273fc7ea58fe5,,,,,,,,,,,,,,
nstxuG121123K51,5,mode,egn05w.3773E+02,nstxuG121123K51/N5/egn05w.3773E+02,nstxuG121123K51/N5/egn05w.3773E+02,true,bad,training_only,true,false,477608,,2026-03-13T20:06:47.119397+00:00,,444569227d9365d8014c55737cd5e2912b7c25423f7651f7a9e04843aafcfede,,,,,,,,,,,,,,
nstxuG121123K51,5,mode,egn05w.3783E+02,nstxuG121123K51/N5/egn05w.3783E+02,nstxuG121123K51/N5/egn05w.3783E+02,true,bad,training_only,true,false,477608,,2026-03-13T20:09:01.004219+00:00,,9f4ba76336c3b9c1a50189a529d7389b3ecab2d1eef859435b206c61e540fd94,,,,,,,,,,,,,,
nstxuG121123K51,5,mode,egn05w.3862E+02,nstxuG121123K51/N5/egn05w.3862E+02,nstxuG121123K51/N5/egn05w.3862E+02,true,bad,training_only,true,false,477608,,2026-03-13T20:13:52.011426+00:00,,925544a05469668de5161db810bf3de74e2f8c83df623cda63d7e0011964b70c,,,,,,,,,,,,,,
nstxuG121123K51,5,mode,egn05w.3916E+02,nstxuG121123K51/N5/egn05w.3916E+02,nstxuG121123K51/N5/egn05w.3916E+02,true,bad,training_only,true,false,477608,,2026-03-13T20:18:30.746745+00:00,,4516815f708c9ae60d94c284a2f3d5b3489b4e323c7a44befca1f5ac351948bf,,,,,,,,,,,,,,
nstxuG121123K51,5,mode,egn05w.4532E+02,nstxuG121123K51/N5/egn05w.4532E+02,nstxuG121123K51/N5/egn05w.4532E+02,false,,training_only,true,false,477608,,2026-03-13T20:37:43.103395+00:00,,a1bd96bfbe70fff176dc51e0c35ebefb5d7df1961e6d251892e1a549bacfb91e,,,,,,,,,,,,,,
nstxuG121123K51,5,mode,egn05w.5190E+02,nstxuG121123K51/N5/egn05w.5190E+02,nstxuG121123K51/N5/egn05w.5190E+02,true,bad,training_only,true,false,477608,,2026-03-13T21:12:13.541042+00:00,,c2c8764e7305d66477e755c22cae4c5b455d92b6f001a14136c5cf693184704a,,,,,,,,,,,,,,
nstxuG121123K51,5,mode,egn05w.5225E+02,nstxuG121123K51/N5/egn05w.5225E+02,nstxuG121123K51/N5/egn05w.5225E+02,true,bad,training_only,true,false,477608,,2026-03-13T21:16:49.667352+00:00,,19c7ac363f618202dd3425cfb19c581412c0e8e9c062f79a4dd6cb7b4ff017a9,,,,,,,,,,,,,,
nstxuG121123K51,5,mode,egn05w.5277E+02,nstxuG121123K51/N5/egn05w.5277E+02,nstxuG121123K51/N5/egn05w.5277E+02,false,,training_only,true,false,477608,,2026-03-13T21:21:27.867657+00:00,,cb31c74cc199fd997bb03bda064d4a61de70e09664e488e6c472b70f877ebfb2,,,,,,,,,,,,,,
nstxuG121123K51,5,mode,egn05w.9037E+01,nstxuG121123K51/N5/egn05w.9037E+01,nstxuG121123K51/N5/egn05w.9037E+01,true,bad,different,true,true,477608,477608,2026-03-13T16:44:57.893595+00:00,2026-06-24T13:06:09.721846+00:00,82a6f1c3f060e763304fb4ec9d23bf4115009e43ce51afc1d89cc1e906cde3af,0bbdd09a4e730e45748c2c6237cfa9915de358bef15b51f134509b58b884b0c2,99x201,99x201,false,0.0001221882029405299,3.006087844292672,3.006087488084758,-1.1849551068586827e-07,1.1849551068586827e-07,-0.004442647398486976,-0.004442099917624561,5,5,
nstxuG121123K51,5,datcon,datcon5,nstxuG121123K51/N5/datcon5,nstxuG121123K51/N5/datcon5,false,,different,true,true,15606,15606,2026-05-31T16:37:05.474523+00:00,2026-06-21T03:02:13.523917+00:00,55bbefc8c9aaab501a27be6c2bfc9338923d0444604c66a006a63eb28463506c,bfe3bd78ccede3fac10f98eda2e7751862d8ac0e56c0f97a3d08cab801997d22,,,,,,,,,,,,,
nstxuG121123K51,5,datcon_gf,datcon_gf.txt,nstxuG121123K51/N5/datcon_gf.txt,nstxuG121123K51/N5/datcon_gf.txt,false,,different,true,true,15663,15663,2026-04-17T14:49:15.184705+00:00,2026-06-21T03:02:13.703918+00:00,f538b60e02ff51fd4a53ac57a8f2ebad041dc98ad0d5bd30b8ca31e1210a4dca,0a0c25a80ce9a17b8d7f9844e348f85d7d533b68b6cc9d407c09514c2aca8305,,,,,,,,,,,,,
nstxuG121123K51,6,mode,egn06w.1042E+02,nstxuG121123K51/N6/egn06w.1042E+02,nstxuG121123K51/N6/egn06w.1042E+02,true,bad,different,true,true,487256,487256,2026-03-13T17:17:30.096719+00:00,2026-06-24T13:08:11.882342+00:00,46f171260c06597e4664d0b377563086b42f9dcb602b4a8062e0107c2a5f87c1,6655eb63f537289be79e590be524404017303824fd09194ea385e9671bf6e9d4,101x201,101x201,false,0.0004430513905124833,3.227250355452895,3.2272526780315545,7.196772496112498e-07,7.196772496112498e-07,-0.0015969759408600195,-0.0015969719060221152,6,6,
nstxuG121123K51,6,mode,egn06w.1091E+02,nstxuG121123K51/N6/egn06w.1091E+02,nstxuG121123K51/N6/egn06w.1091E+02,false,,reference_only,false,true,,487256,,2026-06-24T13:15:15.812218+00:00,,722ee6a4ea5e374942634e36c1a217d046457d32cc8847c131ac3ada5e9143d2,,,,,,,,,,,,,
nstxuG121123K51,6,mode,egn06w.1191E+02,nstxuG121123K51/N6/egn06w.1191E+02,nstxuG121123K51/N6/egn06w.1191E+02,true,bad,different,true,true,487256,487256,2026-03-13T17:25:48.899813+00:00,2026-06-24T13:29:25.228790+00:00,0ea0d63d89bcba3efb573516931a3783b7d820bc6411b8045694046836caec03,95c403c1c5e6e0498216971752b8f35e084cc4b1fd596059bcec12e7a78368cd,101x201,101x201,false,0.00023973047327219277,3.450790673411151,3.4507880875481867,-7.493537594511155e-07,7.493537594511155e-07,-0.0009376716401584102,-0.0009388238778382335,6,6,
nstxuG121123K51,6,mode,egn06w.1242E+02,nstxuG121123K51/N6/egn06w.1242E+02,nstxuG121123K51/N6/egn06w.1242E+02,true,bad,training_only,true,false,487256,,2026-03-13T17:33:21.721491+00:00,,4f276f4d227128c96911db46741fe10d65882852d02f27c48bbc93c077558886,,,,,,,,,,,,,,
nstxuG121123K51,6,mode,egn06w.1301E+02,nstxuG121123K51/N6/egn06w.1301E+02,nstxuG121123K51/N6/egn06w.1301E+02,true,bad,training_only,true,false,487256,,2026-03-13T17:43:22.885188+00:00,,d4e759bd1791d0486490fbad19508e49a1dc3315146013b03b55f11e8737520e,,,,,,,,,,,,,,
nstxuG121123K51,6,mode,egn06w.1347E+02,nstxuG121123K51/N6/egn06w.1347E+02,nstxuG121123K51/N6/egn06w.1347E+02,true,bad,training_only,true,false,487256,,2026-03-13T17:46:09.966499+00:00,,890a1a1474c9fad4a154af893219896e3896c34194b39d57e73170b52392773a,,,,,,,,,,,,,,
nstxuG121123K51,6,mode,egn06w.1548E+02,nstxuG121123K51/N6/egn06w.1548E+02,nstxuG121123K51/N6/egn06w.1548E+02,true,bad,training_only,true,false,487256,,2026-03-13T18:08:18.242512+00:00,,d957705b6f1e25d02c65c7f61524089172e4210143f284dcaf3aee65ffab1fd1,,,,,,,,,,,,,,
nstxuG121123K51,6,mode,egn06w.1702E+02,nstxuG121123K51/N6/egn06w.1702E+02,nstxuG121123K51/N6/egn06w.1702E+02,true,bad,training_only,true,false,487256,,2026-03-13T18:22:59.585559+00:00,,e5eee2186b3e96787f7fafa8239d1d0c19087da2d02d29a9f0a39457191331ce,,,,,,,,,,,,,,
nstxuG121123K51,6,mode,egn06w.1824E+02,nstxuG121123K51/N6/egn06w.1824E+02,nstxuG121123K51/N6/egn06w.1824E+02,true,bad,training_only,true,false,487256,,2026-03-13T18:30:53.525405+00:00,,735a37778e1273e131f37cb979426fc1bd116972a7341dbd48c4655816d78d76,,,,,,,,,,,,,,
nstxuG121123K51,6,mode,egn06w.1986E+02,nstxuG121123K51/N6/egn06w.1986E+02,nstxuG121123K51/N6/egn06w.1986E+02,true,bad,training_only,true,false,487256,,2026-03-13T18:41:11.734532+00:00,,b613a62ed2d281a933d5cd8cbe673a581928b9da58b36fa295c2dcd92deab7ae,,,,,,,,,,,,,,
nstxuG121123K51,6,mode,egn06w.2106E+02,nstxuG121123K51/N6/egn06w.2106E+02,nstxuG121123K51/N6/egn06w.2106E+02,true,bad,training_only,true,false,487256,,2026-03-13T19:00:23.305724+00:00,,b5e2463dacdf24c733d373331636e49084d790033c1dca6aa7d42443e3cc6eb6,,,,,,,,,,,,,,
nstxuG121123K51,6,mode,egn06w.2113E+02,nstxuG121123K51/N6/egn06w.2113E+02,nstxuG121123K51/N6/egn06w.2113E+02,true,bad,training_only,true,false,487256,,2026-03-13T19:02:50.348984+00:00,,0a129ac890ad4a7764d04e28206c39a53460d26036effb79bf4e64cf3090134d,,,,,,,,,,,,,,
nstxuG121123K51,6,mode,egn06w.3144E+02,nstxuG121123K51/N6/egn06w.3144E+02,nstxuG121123K51/N6/egn06w.3144E+02,true,bad,training_only,true,false,487256,,2026-03-13T20:24:27.017775+00:00,,61754d6f5ae71f2f144b2a657cd950e1ef058c30034654ae30f170a33d05861f,,,,,,,,,,,,,,
nstxuG121123K51,6,mode,egn06w.4294E+02,nstxuG121123K51/N6/egn06w.4294E+02,nstxuG121123K51/N6/egn06w.4294E+02,true,bad,training_only,true,false,487256,,2026-03-13T21:00:57.846223+00:00,,b87586fa5f1f2c0d61ec2e7214cb8106570c4f6b7b6431543f34a66b77fb336f,,,,,,,,,,,,,,
nstxuG121123K51,6,mode,egn06w.4408E+02,nstxuG121123K51/N6/egn06w.4408E+02,nstxuG121123K51/N6/egn06w.4408E+02,true,bad,training_only,true,false,487256,,2026-03-13T21:03:55.311784+00:00,,ec7a97a5dcd7a9d3a8456783e445ac5765a23b45e17807afa531b6f0d0a6d8b4,,,,,,,,,,,,,,
nstxuG121123K51,6,mode,egn06w.4492E+02,nstxuG121123K51/N6/egn06w.4492E+02,nstxuG121123K51/N6/egn06w.4492E+02,true,bad,training_only,true,false,487256,,2026-03-13T21:08:54.379353+00:00,,c429aafdf6cd44ab6be4cd361e87a76b34dbfe3f53aa5b6a438ffb52381afad9,,,,,,,,,,,,,,
nstxuG121123K51,6,mode,egn06w.4568E+02,nstxuG121123K51/N6/egn06w.4568E+02,nstxuG121123K51/N6/egn06w.4568E+02,true,bad,training_only,true,false,487256,,2026-03-13T21:11:39.017750+00:00,,0763baba84ec14f2307be57f12f591f0a6d4b01b16d811b7faddc7f356702d2f,,,,,,,,,,,,,,
nstxuG121123K51,6,mode,egn06w.4656E+02,nstxuG121123K51/N6/egn06w.4656E+02,nstxuG121123K51/N6/egn06w.4656E+02,true,bad,training_only,true,false,487256,,2026-03-13T21:16:38.372257+00:00,,49bfef0196842947ef1efafbdf9fe396b3c4aa6a97dde430164aaf54f687d0fb,,,,,,,,,,,,,,
nstxuG121123K51,6,mode,egn06w.5237E+02,nstxuG121123K51/N6/egn06w.5237E+02,nstxuG121123K51/N6/egn06w.5237E+02,true,bad,training_only,true,false,487256,,2026-03-13T22:08:01.238623+00:00,,2a2dd7b8bdba7ef1a1d87518e6135f03dff8826c9b75fce24ad3d9619b36f509,,,,,,,,,,,,,,
nstxuG121123K51,6,mode,egn06w.5479E+02,nstxuG121123K51/N6/egn06w.5479E+02,nstxuG121123K51/N6/egn06w.5479E+02,true,bad,training_only,true,false,487256,,2026-03-13T22:34:58.121132+00:00,,7d60cc01ffde1f3ede245099097a54e83ffa1b57859f793fd3a7e8fb0ab09097,,,,,,,,,,,,,,
nstxuG121123K51,6,datcon,datcon6,nstxuG121123K51/N6/datcon6,nstxuG121123K51/N6/datcon6,false,,different,true,true,15606,15606,2026-05-31T16:37:22.569546+00:00,2026-06-21T03:02:28.981967+00:00,542457c1dadda52ae1c4e73b63acb5b12d346c1218bb2213bb3554d178ac2d43,9c04c8187a96c282ac469c39a59d2f913a9af9d36baa9ed37b720a6873c342cc,,,,,,,,,,,,,
nstxuG121123K51,6,datcon_gf,datcon_gf.txt,nstxuG121123K51/N6/datcon_gf.txt,nstxuG121123K51/N6/datcon_gf.txt,false,,different,true,true,15663,15663,2026-04-17T14:49:26.196729+00:00,2026-06-21T03:02:29.545969+00:00,ccd2890b65400a1c6cefd273066bb760de07883fa816781e4ea4c8520b6672fc,519f6eb7fbe0528bdc001969a624bf741312102029795d1a2c3acfa15a5ec072,,,,,,,,,,,,,
nstxuG121123K51,7,mode,egn07w.1181E+02,nstxuG121123K51/N7/egn07w.1181E+02,nstxuG121123K51/N7/egn07w.1181E+02,true,bad,different,true,true,487256,487256,2026-03-13T17:26:20.052141+00:00,2026-06-24T13:16:33.083588+00:00,3a1d10b7b1d8494a157f2c94e77789d50716f58a1f345d7ed29b216876eaf8d1,3b86f5442372ea543aa4dc4b9e57e8cc3d0eaf3ca7bfbddee9c022b48a42dd45,101x201,101x201,false,2.6938500333264733e-05,3.4369905714691815,3.436990467619393,-3.0215325344912905e-08,3.0215325344912905e-08,-0.0004660626793600836,-0.0004661662300416315,7,7,
nstxuG121123K51,7,mode,egn07w.1211E+02,nstxuG121123K51/N7/egn07w.1211E+02,nstxuG121123K51/N7/egn07w.1211E+02,true,bad,different,true,true,487256,487256,2026-03-13T17:29:01.759137+00:00,2026-06-24T13:19:12.046312+00:00,2ab7a7cce23cb152760dd29b644dbfed4b4c9bbffb8f39cdb4c06d96b7d34bc7,9dde21ec48eb940dda01f689301296734a43910538e99feaa276808cdbcc5c7a,101x201,101x201,false,0.0009031857434242843,3.479407972545002,3.4794047924471143,-9.139767204026373e-07,9.139767204026373e-07,-0.00021442819212542645,-0.00021808296194411985,7,7,
nstxuG121123K51,7,mode,egn07w.1323E+02,nstxuG121123K51/N7/egn07w.1323E+02,nstxuG121123K51/N7/egn07w.1323E+02,true,bad,different,true,true,487256,487256,2026-03-13T17:49:01.316056+00:00,2026-06-24T13:37:35.150617+00:00,3d2917bfcddde2d0d6425614fa41b59df45c97e593db0eea199af30cc6c43d2b,d461ac08fcb8f8d69ce63947fd3a7cb804fe575c50f044d4b3d8ca5e77022cfa,101x201,101x201,false,0.0021960354832248783,3.6367106848132313,3.63670764226779,-8.366201507513235e-07,8.366201507513235e-07,-0.0005419167139464268,-0.0005435801361150689,7,7,
nstxuG121123K51,7,mode,egn07w.1360E+02,nstxuG121123K51/N7/egn07w.1360E+02,nstxuG121123K51/N7/egn07w.1360E+02,true,bad,different,true,true,487256,487256,2026-03-13T17:53:54.824949+00:00,2026-06-24T13:42:10.937575+00:00,b8e515752b588d83900293d27cb0d3de98afd4e92a565e725fe62d96e0c81a5c,96f94e744d38dfdaff5c92013d6a3fc7be97690af9dcb22f21a3d8aca6bd1ecf,101x201,101x201,false,0.0010645138238791207,3.688056837664954,3.688051224411285,-1.5220084494533132e-06,1.5220084494533132e-06,-0.0002982385032301918,-0.0003091591645143406,7,7,
nstxuG121123K51,7,mode,egn07w.1416E+02,nstxuG121123K51/N7/egn07w.1416E+02,nstxuG121123K51/N7/egn07w.1416E+02,true,bad,different,true,true,487256,487256,2026-03-13T18:03:38.739584+00:00,2026-06-24T13:55:23.323356+00:00,e36fb08285d0ace6c13cbbfdc5c028ed916c503a3c3c2a85c8736b82f196161d,f2b823da9fcd269050a9a7e8721c7c18cb9f6743f5475045382505f84b22b827,101x201,101x201,false,0.00012111991006791278,3.7623833442140695,3.7623842928964883,2.5214932452409176e-07,2.5214932452409176e-07,-0.0003865254848576492,-0.00037904951054731483,7,7,
nstxuG121123K51,7,mode,egn07w.1494E+02,nstxuG121123K51/N7/egn07w.1494E+02,nstxuG121123K51/N7/egn07w.1494E+02,true,bad,different,true,true,487256,487256,2026-03-13T18:13:18.936072+00:00,2026-06-24T14:04:35.186252+00:00,be651b34d97d3d35ef8f76335efc1623a9ea00ad301e0a3102a0664989308966,15ce64596089fd5a27171ea690c5edba550771f3be419faecfbdfee364adfb9a,101x201,101x201,false,4.0616713871788335e-05,3.8650936040034436,3.865093049919946,-1.4335577725111138e-07,1.4335577725111138e-07,-0.00016881362319331165,-0.0001696727585932233,7,7,
nstxuG121123K51,7,mode,egn07w.1599E+02,nstxuG121123K51/N7/egn07w.1599E+02,nstxuG121123K51/N7/egn07w.1599E+02,true,bad,training_only,true,false,487256,,2026-03-13T18:23:17.996460+00:00,,cddef3e694800efc616fc1fbb94d36d25b172ffe766992ef7dfbb5a7b5e66564,,,,,,,,,,,,,,
nstxuG121123K51,7,mode,egn07w.1729E+02,nstxuG121123K51/N7/egn07w.1729E+02,nstxuG121123K51/N7/egn07w.1729E+02,true,bad,different,true,true,487256,487256,2026-03-13T18:33:28.872142+00:00,2026-06-24T14:32:42.052622+00:00,9e49a344b0eeda3309cf3d72a6a601214143ac2107dc1b9928037ea4a9b697d8,81be9f3dca8cefd2e02e1bfd8dca4173afc8f8f508c658c996690f6df50578be,101x201,101x201,false,2.9846650108855677e-05,4.158394783906339,4.15839564224404,2.064108255890166e-07,2.064108255890166e-07,-0.001927151986922555,-0.001926089501363407,7,7,
nstxuG121123K51,7,mode,egn07w.1867E+02,nstxuG121123K51/N7/egn07w.1867E+02,nstxuG121123K51/N7/egn07w.1867E+02,false,,reference_only,false,true,,487256,,2026-06-24T14:44:53.570597+00:00,,8270754af7ab0df334ecd4318f7798b6190cc75c2bfdba7ff5d70b2a5982f899,,,,,,,,,,,,,
nstxuG121123K51,7,mode,egn07w.1931E+02,nstxuG121123K51/N7/egn07w.1931E+02,nstxuG121123K51/N7/egn07w.1931E+02,true,bad,different,true,true,487256,487256,2026-03-13T18:44:11.654120+00:00,2026-06-24T15:00:16.029903+00:00,5ccd1e50d444c77fb6f8321861bd336792e611db19732f0a378cbca6e1219a92,cc4aeda4dcb9a9dd63b879ed84ba7de4071ac05e7f0295dc803a1717834f4b62,101x201,101x201,false,0.15091307322776773,4.393955093403576,4.393956230654545,2.5882170975022173e-07,2.5882170975022173e-07,-0.00016519092002455817,-1.866346897626268e-05,7,7,
nstxuG121123K51,7,mode,egn07w.1936E+02,nstxuG121123K51/N7/egn07w.1936E+02,nstxuG121123K51/N7/egn07w.1936E+02,true,bad,different,true,true,487256,487256,2026-03-13T18:46:35.726006+00:00,2026-06-24T15:02:23.922364+00:00,e99942dfc0406a350fcdaaf08fa2273c9b65c84ae3953ac711a717be73bfba59,fd8133aea8763a7599a0be68c1896e2355c00dc42afce9a688524449de871bca,101x201,101x201,false,0.00032018530942764384,4.399772992684143,4.399771856936688,-2.581377396249284e-07,2.581377396249284e-07,-3.616987235946775e-05,-3.616320680622268e-05,7,7,
nstxuG121123K51,7,mode,egn07w.2051E+02,nstxuG121123K51/N7/egn07w.2051E+02,nstxuG121123K51/N7/egn07w.2051E+02,true,bad,different,true,true,487256,487256,2026-03-13T18:52:03.778847+00:00,2026-06-24T15:08:11.206755+00:00,c3fd7586bc4e315cc04228d770249b628749713df8744c7f5354b76015fd3d2f,a46550137aee2c5a6b013cf5a55ab498d81f0a812309ae2ca4ffb27e526925b5,101x201,101x201,false,5.124303481113257e-05,4.529188348039182,4.529185668607957,-5.915919187813532e-07,5.915919187813532e-07,-0.0007805247208958354,-0.000780830298370567,7,7,
nstxuG121123K51,7,mode,egn07w.2206E+02,nstxuG121123K51/N7/egn07w.2206E+02,nstxuG121123K51/N7/egn07w.2206E+02,true,bad,different,true,true,487256,487256,2026-03-13T19:02:18.590433+00:00,2026-06-24T15:18:38.463194+00:00,0d31e2170e39b440aa6c4ecc42d47555e1c380df7326f674065b00e69c7e8f81,6e4a5b934f223c88983a8c0301ddabb1376a3d17eac24f744761faeadcedb21a,101x201,101x201,false,8.901971400188113e-05,4.696465384666963,4.696461280672427,-8.738475002088644e-07,8.738475002088644e-07,-0.0005809908006772239,-0.0005810469056182681,7,7,
nstxuG121123K51,7,mode,egn07w.2424E+02,nstxuG121123K51/N7/egn07w.2424E+02,nstxuG121123K51/N7/egn07w.2424E+02,false,,reference_only,false,true,,487256,,2026-06-24T15:48:36.941417+00:00,,10203f3767716fe046605b4e8a6574df7316361a1e79295fab0bd952ba24ec21,,,,,,,,,,,,,
nstxuG121123K51,7,mode,egn07w.2429E+02,nstxuG121123K51/N7/egn07w.2429E+02,nstxuG121123K51/N7/egn07w.2429E+02,false,,reference_only,false,true,,487256,,2026-06-24T15:50:45.058924+00:00,,777c1ea9564c52768f761411b724c649a835c5e1d13e027573cdb528a26eca1b,,,,,,,,,,,,,
nstxuG121123K51,7,mode,egn07w.2619E+02,nstxuG121123K51/N7/egn07w.2619E+02,nstxuG121123K51/N7/egn07w.2619E+02,true,good,different,true,true,487256,487256,2026-03-13T19:35:05.609825+00:00,2026-06-24T16:03:38.236902+00:00,485050fbd35dd43f51c1a9741629b1c20c0dd0e8679a3c1005d73b9b7eb3cf13,ccd0ac2e5c237218c88416b8668e3f79a70856936e4daf521e81e4411fa65d0f,101x201,101x201,false,2.6714028300466227e-05,5.1176676248465744,5.11766664841919,-1.9079538880952065e-07,1.9079538880952065e-07,-0.031501378004916675,-0.03150011163857546,7,7,
nstxuG121123K51,7,mode,egn07w.2775E+02,nstxuG121123K51/N7/egn07w.2775E+02,nstxuG121123K51/N7/egn07w.2775E+02,true,bad,different,true,true,487256,487256,2026-03-13T19:42:50.306531+00:00,2026-06-24T16:11:48.027837+00:00,2877fe80c09a9f4e16d0a5475a63300ddbe459635170cb4c48d0fdddb66efac1,bf1fe9ddaa0fbd8f559c3faddcd30b5c0803043c9efb78feb1ae8837921815d6,101x201,101x201,false,0.0002671454394656573,5.268219254604285,5.26822006762446,1.5432542486317496e-07,1.5432542486317496e-07,-2.5241834556162276e-05,-2.4954556495260648e-05,7,7,
nstxuG121123K51,7,mode,egn07w.3309E+02,nstxuG121123K51/N7/egn07w.3309E+02,nstxuG121123K51/N7/egn07w.3309E+02,true,bad,different,true,true,487256,487256,2026-03-13T20:30:26.514218+00:00,2026-06-24T16:59:17.505187+00:00,f7da525bae65b94f9751ebc132351510c020b953504fa09d5307054c68bb00c5,ce67a56073f5744acf35f7d240cacdbd5aa1367bb87b531c29377c17ee961937,101x201,101x201,false,0.005890167660196299,5.752510208414818,5.752504996395279,-9.060426404808414e-07,9.060426404808414e-07,-4.0738394851672346e-07,-6.75057525634885e-08,7,7,
nstxuG121123K51,7,mode,egn07w.3313E+02,nstxuG121123K51/N7/egn07w.3313E+02,nstxuG121123K51/N7/egn07w.3313E+02,true,bad,different,true,true,487256,487256,2026-03-13T20:32:44.839005+00:00,2026-06-24T17:01:30.005708+00:00,e6ac82260858b499c6e8e0674c8acf443817e68287e87735108f48acc0eb39a7,dca4faa867dad60ffcb9f6213e2aca10a3b37c8d33f3227f972241a38ca5d7c0,101x201,101x201,false,0.012215139612045584,5.755668816419648,5.755676010012798,1.249827496863564e-06,1.249827496863564e-06,-4.081862085095023e-07,-3.824232751473202e-07,7,7,
nstxuG121123K51,7,mode,egn07w.3517E+02,nstxuG121123K51/N7/egn07w.3517E+02,nstxuG121123K51/N7/egn07w.3517E+02,true,bad,training_only,true,false,487256,,2026-03-13T20:40:39.148654+00:00,,efebfde039b15f8caedb45a655432cf468ac540fa2115ec17a1cc97b6562b5c0,,,,,,,,,,,,,,
nstxuG121123K51,7,mode,egn07w.3672E+02,nstxuG121123K51/N7/egn07w.3672E+02,nstxuG121123K51/N7/egn07w.3672E+02,true,bad,training_only,true,false,487256,,2026-03-13T20:48:11.409168+00:00,,f21783ea750196b8a293fbba8de8e2a21031d3ea99ec93ecf34156b45961d4d6,,,,,,,,,,,,,,
nstxuG121123K51,7,mode,egn07w.3778E+02,nstxuG121123K51/N7/egn07w.3778E+02,nstxuG121123K51/N7/egn07w.3778E+02,true,bad,training_only,true,false,487256,,2026-03-13T20:51:08.640225+00:00,,635f24c648fb18fd888b8a0c2fbf3fbe6e815b816424973236b25c6a6dbc049c,,,,,,,,,,,,,,
nstxuG121123K51,7,mode,egn07w.3900E+02,nstxuG121123K51/N7/egn07w.3900E+02,nstxuG121123K51/N7/egn07w.3900E+02,true,bad,training_only,true,false,487256,,2026-03-13T20:54:10.180344+00:00,,3c275f4b47f149c8802d5b461761ea34576dfdf46f815ae69d3db28c5fe668d3,,,,,,,,,,,,,,
nstxuG121123K51,7,mode,egn07w.3916E+02,nstxuG121123K51/N7/egn07w.3916E+02,nstxuG121123K51/N7/egn07w.3916E+02,false,,training_only,true,false,487256,,2026-03-13T20:56:32.169224+00:00,,95a2751a8aa335f7af44481d8999368d9ef35f674eb559645234f5e55f9c2583,,,,,,,,,,,,,,
nstxuG121123K51,7,mode,egn07w.3973E+02,nstxuG121123K51/N7/egn07w.3973E+02,nstxuG121123K51/N7/egn07w.3973E+02,true,bad,training_only,true,false,487256,,2026-03-13T20:59:04.001179+00:00,,60de15774bd1a61989346f773b12555797486f56b8872a1117419e03a1a63ed7,,,,,,,,,,,,,,
nstxuG121123K51,7,mode,egn07w.4330E+02,nstxuG121123K51/N7/egn07w.4330E+02,nstxuG121123K51/N7/egn07w.4330E+02,false,,training_only,true,false,487256,,2026-03-13T21:03:55.941125+00:00,,0daffe368f69f3a20a399e487db1d8e12dba9b369cb9cd16ece5fd700dee09ca,,,,,,,,,,,,,,
nstxuG121123K51,7,mode,egn07w.4705E+02,nstxuG121123K51/N7/egn07w.4705E+02,nstxuG121123K51/N7/egn07w.4705E+02,true,good,training_only,true,false,487256,,2026-03-13T21:08:47.213031+00:00,,64196c261b0f7986fa51146a5613b91bc1fe483ce7b3959ac7102a84100a8bbd,,,,,,,,,,,,,,
nstxuG121123K51,7,mode,egn07w.4722E+02,nstxuG121123K51/N7/egn07w.4722E+02,nstxuG121123K51/N7/egn07w.4722E+02,true,bad,training_only,true,false,487256,,2026-03-13T21:11:11.524973+00:00,,3f1bda7e86a5ac585e94f11c0342e8139fe035bda0c62d907527d9300cf4f28e,,,,,,,,,,,,,,
nstxuG121123K51,7,mode,egn07w.4741E+02,nstxuG121123K51/N7/egn07w.4741E+02,nstxuG121123K51/N7/egn07w.4741E+02,true,good,training_only,true,false,487256,,2026-03-13T21:13:24.704843+00:00,,61381a1e932e4ed4224e47f5c981b1ab30a5c292f9ab5f26f15948ebc8deaff9,,,,,,,,,,,,,,
nstxuG121123K51,7,mode,egn07w.5009E+02,nstxuG121123K51/N7/egn07w.5009E+02,nstxuG121123K51/N7/egn07w.5009E+02,true,bad,training_only,true,false,487256,,2026-03-13T21:34:50.784357+00:00,,2fd20b42cbcc2d5fb0c263d6b85fd433fd0ef7434b681b54519e4ec382b7ec88,,,,,,,,,,,,,,
nstxuG121123K51,7,mode,egn07w.5153E+02,nstxuG121123K51/N7/egn07w.5153E+02,nstxuG121123K51/N7/egn07w.5153E+02,true,bad,training_only,true,false,487256,,2026-03-13T21:44:39.331549+00:00,,82a6a4884b328e602cae4ac4b1865eed8b972e1c9f4982f4fe9364b1ab4fe977,,,,,,,,,,,,,,
nstxuG121123K51,7,mode,egn07w.5245E+02,nstxuG121123K51/N7/egn07w.5245E+02,nstxuG121123K51/N7/egn07w.5245E+02,true,bad,training_only,true,false,487256,,2026-03-13T21:51:48.198464+00:00,,f6ff1d36f2f12af87f36ef443d8a02ad5ade8134366cf271ed7f537d96908d13,,,,,,,,,,,,,,
nstxuG121123K51,7,mode,egn07w.5276E+02,nstxuG121123K51/N7/egn07w.5276E+02,nstxuG121123K51/N7/egn07w.5276E+02,true,bad,training_only,true,false,487256,,2026-03-13T21:54:02.487324+00:00,,ed4bb4d643ac93d11613e02ce67f11fe1c1450868fb7f46404196b2d67b1d5f9,,,,,,,,,,,,,,
nstxuG121123K51,7,datcon,datcon7,nstxuG121123K51/N7/datcon7,nstxuG121123K51/N7/datcon7,false,,different,true,true,15606,15606,2026-05-31T16:37:39.395566+00:00,2026-06-21T03:02:44.466014+00:00,4eb9be68c2588814205369499453f875f8d710aea8a7c0906be665e112682d09,78bd239c636ab7b1ddcf3bad79af86e972b4ee6c66c10373cf653c8b67bcd0d2,,,,,,,,,,,,,
nstxuG121123K51,7,datcon_gf,datcon_gf.txt,nstxuG121123K51/N7/datcon_gf.txt,nstxuG121123K51/N7/datcon_gf.txt,false,,different,true,true,15663,15663,2026-04-17T14:49:37.241753+00:00,2026-06-21T03:02:44.616014+00:00,623789666c4be4060dc30f12603497801922875796512ce8cd38b2208bfe6779,3efd020e640b38b0e3c6c1db66f2fcf54ab50b9b721e908e4d0f6c2cc2a7e7e3,,,,,,,,,,,,,
nstxuG121123K51,8,mode,egn08w.1159E+02,nstxuG121123K51/N8/egn08w.1159E+02,nstxuG121123K51/N8/egn08w.1159E+02,false,,reference_only,false,true,,487256,,2026-06-24T13:29:14.203748+00:00,,21e0e8d8ec1c4852995e194cb99846d54c79f7aca80d27504fc4dc3087a7bede,,,,,,,,,,,,,
nstxuG121123K51,8,mode,egn08w.1204E+02,nstxuG121123K51/N8/egn08w.1204E+02,nstxuG121123K51/N8/egn08w.1204E+02,true,bad,different,true,true,487256,487256,2026-03-13T17:28:29.547940+00:00,2026-06-24T13:36:13.616330+00:00,4993d9ff1bb121fdf33061c9de6ea6309c930b1094d5d2fdc96d90c1ab2bc35d,9188c2bb2b5c464879a5e9bfec872b9dc536b7b2eecbfd812b5628af34e50164,101x201,101x201,false,0.0009108504466519696,3.4701061694502866,3.4701044208513143,-5.039035945581173e-07,5.039035945581173e-07,-0.0007325733080111106,-0.0007326350265040756,8,8,
nstxuG121123K51,8,mode,egn08w.1235E+02,nstxuG121123K51/N8/egn08w.1235E+02,nstxuG121123K51/N8/egn08w.1235E+02,true,bad,different,true,true,487256,487256,2026-03-13T17:31:07.563887+00:00,2026-06-24T13:38:53.744891+00:00,d475c5ba62da22b1658c9cf97abeb899803c3971ab1b13d88fa3f435bc427f1a,18c0fdde3424c498e72f71853a6c909f820e9dbebdfde1273445c58a0d82b340,101x201,101x201,false,5.797938819699505e-05,3.514671552810012,3.514671654364518,2.889445133403953e-08,2.889445133403953e-08,-0.00029303886110548734,-0.00029303854913823805,8,8,
nstxuG121123K51,8,mode,egn08w.1270E+02,nstxuG121123K51/N8/egn08w.1270E+02,nstxuG121123K51/N8/egn08w.1270E+02,true,bad,different,true,true,487256,487256,2026-03-13T17:35:58.730589+00:00,2026-06-24T13:43:40.616891+00:00,68c38f70b5127b154eab9167b6301d2be35f45486e2b60340011e32d0622839c,7ec62b45d001720916e1e27a801170d1c0783ae8f45b43a845d533ce0c05019c,101x201,101x201,false,0.0003764755319830399,3.5639841419975085,3.5639846427442845,1.405019652426475e-07,1.405019652426475e-07,-8.070365982391047e-06,-8.071740775731615e-06,8,8,
nstxuG121123K51,8,mode,egn08w.1288E+02,nstxuG121123K51/N8/egn08w.1288E+02,nstxuG121123K51/N8/egn08w.1288E+02,true,bad,different,true,true,487256,487256,2026-03-13T17:40:46.985221+00:00,2026-06-24T13:48:07.488813+00:00,72e449c891d2783befd7e24addf0ff69026c2387e425052c43712ed90cb3b475,caf8e8f7e568c02408bab8cfdea5109240cab2cdca96f5ed93e9e4d035075ebb,101x201,101x201,false,7.263766651333103e-06,3.5888549845077873,3.5888560785161925,3.048349431567477e-07,3.048349431567477e-07,-4.946688559735967e-06,-4.946776129698144e-06,8,8,
nstxuG121123K51,8,mode,egn08w.1314E+02,nstxuG121123K51/N8/egn08w.1314E+02,nstxuG121123K51/N8/egn08w.1314E+02,true,bad,different,true,true,487256,487256,2026-03-13T17:43:22.291094+00:00,2026-06-24T13:50:39.609341+00:00,315f862fad9a9d79c2c8bb876380913d3e2e5422f7ef350164495b24feee1f27,ed9e238781a203ed44a52fda44a3691a5ab4e3bc809a6b607ade49b0cc27f2c3,101x201,101x201,false,0.001235110874332923,3.624258709526182,3.6242633382614167,1.2771536486871252e-06,1.2771536486871252e-06,-0.0002765518289075577,-0.00027595947346929794,8,8,
nstxuG121123K51,8,mode,egn08w.1351E+02,nstxuG121123K51/N8/egn08w.1351E+02,nstxuG121123K51/N8/egn08w.1351E+02,true,bad,different,true,true,487256,487256,2026-03-13T17:48:12.493748+00:00,2026-06-24T13:55:18.399338+00:00,140895df2a8387fc951b44b83947b109c2e17dc9128a2715f0e916bd8f30c0b9,eb66660e740d1e22298d78eed6f4ab9d3ecf8b7b866ba476d94fcc483681b1dc,101x201,101x201,false,0.0008662689791909539,3.675773270522098,3.6757737560399586,1.3208591086830044e-07,1.3208591086830044e-07,-0.00017399206919586335,-0.00017179965551001187,8,8,
nstxuG121123K51,8,mode,egn08w.1405E+02,nstxuG121123K51/N8/egn08w.1405E+02,nstxuG121123K51/N8/egn08w.1405E+02,false,,reference_only,false,true,,487256,,2026-06-24T14:02:14.021763+00:00,,1c54da0d3f0079e118cca6d7753421ca421dfb4364657c784be58a8683d4a67b,,,,,,,,,,,,,
nstxuG121123K51,8,mode,egn08w.1409E+02,nstxuG121123K51/N8/egn08w.1409E+02,nstxuG121123K51/N8/egn08w.1409E+02,false,,reference_only,false,true,,487256,,2026-06-24T14:04:22.944210+00:00,,dc09458b59aa0beaa61c6153eb268de0087902c24cb7561dfe00721c5302cf83,,,,,,,,,,,,,
nstxuG121123K51,8,mode,egn08w.1453E+02,nstxuG121123K51/N8/egn08w.1453E+02,nstxuG121123K51/N8/egn08w.1453E+02,true,bad,different,true,true,487256,487256,2026-03-13T18:00:17.450325+00:00,2026-06-24T14:11:20.539958+00:00,b38c8a90b58310c2d63258b6420cbe18bf7f2b0f07bd3db45d9effed7dea8e86,ae5a6be259a001dd38692de7c9224753fa7140f7ceb866c8178b57804f3b62ae,101x201,101x201,false,0.0001993777401675667,3.8115727754523387,3.8115770830716995,1.1301422311829953e-06,1.1301422311829953e-06,-0.00017953453367796355,-0.00017938252073538,8,8,
nstxuG121123K51,8,mode,egn08w.1525E+02,nstxuG121123K51/N8/egn08w.1525E+02,nstxuG121123K51/N8/egn08w.1525E+02,true,bad,different,true,true,487256,487256,2026-03-13T18:07:45.417043+00:00,2026-06-24T14:18:35.792453+00:00,fc660f591be48c5911fae92c1d0f6912881568432b2baec124700f0a1e0f3d5e,9ebd51c0f5f3f5d4e5aa65439333c0078d5525bc5b91eeabd97991728d313c0c,101x201,101x201,false,0.00022072000106970746,3.9045739459834508,3.9045726661943565,-3.277666429064739e-07,3.277666429064739e-07,-0.0004042350433748194,-0.0004043271007644676,8,8,
nstxuG121123K51,8,mode,egn08w.1736E+02,nstxuG121123K51/N8/egn08w.1736E+02,nstxuG121123K51/N8/egn08w.1736E+02,true,bad,different,true,true,487256,487256,2026-03-13T18:34:44.971618+00:00,2026-06-24T14:40:24.472167+00:00,6107d99ea54d5a8dc8ca6751252405510c9da18ee8d2c8b1119af3d2c537f899,7ca4e0c4654635c3c0d84722a4966dd120965d9c0a6146750b6c7ebf92f691aa,101x201,101x201,false,0.0013184338883549553,4.1670227712410775,4.167020201558588,-6.166710935088626e-07,6.166710935088626e-07,-9.83410641357947e-05,-9.90315947152664e-05,8,8,
nstxuG121123K51,8,mode,egn08w.1824E+02,nstxuG121123K51/N8/egn08w.1824E+02,nstxuG121123K51/N8/egn08w.1824E+02,false,,reference_only,false,true,,487256,,2026-06-24T14:56:13.802024+00:00,,081fe90fcdc7257f2e07fa6cc15da5d2924f9e79cbddd46305940dcd87d5c76e,,,,,,,,,,,,,
nstxuG121123K51,8,mode,egn08w.1890E+02,nstxuG121123K51/N8/egn08w.1890E+02,nstxuG121123K51/N8/egn08w.1890E+02,true,bad,different,true,true,487256,487256,2026-03-13T18:44:58.204407+00:00,2026-06-24T15:03:23.942595+00:00,d9a2fa8f99b85a7ebdc43bde354f7a5fdfa38bd36fd28b4419068a85079bd812,b17a260b167b3ccfe084961f9e5c0264c9020861178fa890ebb8bebaeeb11377,101x201,101x201,false,0.9640727714416805,4.346994316998113,4.346997437168559,7.177765184226264e-07,7.177765184226264e-07,-0.002559303075042155,-0.00020189726247725435,8,8,
nstxuG121123K51,8,mode,egn08w.2186E+02,nstxuG121123K51/N8/egn08w.2186E+02,nstxuG121123K51/N8/egn08w.2186E+02,true,bad,different,true,true,487256,487256,2026-03-13T19:07:33.163209+00:00,2026-06-24T15:34:52.696180+00:00,2071c4b44b3dbba3913ee6b46a8b7e6030d27fc77488237900586407a2091100,70dad9bb99df6c9b7aa1bbb8adc81af3ebe1f2303cdcd7c079c1636e6d507870,101x201,101x201,false,0.16219619554164583,4.675190434512624,4.675192724883398,4.898989262597233e-07,4.898989262597233e-07,-0.0009937036130124655,-0.0009839607286743308,8,8,
nstxuG121123K51,8,mode,egn08w.2347E+02,nstxuG121123K51/N8/egn08w.2347E+02,nstxuG121123K51/N8/egn08w.2347E+02,true,bad,different,true,true,487256,487256,2026-03-13T19:20:11.281903+00:00,2026-06-24T15:47:41.911199+00:00,95d4cdc01737c82cb7349c6c7053768b33b7df698699ada247095e0925e186a6,0d94cf55b7866b5cd6748966eb672bcba366c013a9784d094815d9c40c0885bf,101x201,101x201,false,0.00010520063587959871,4.845058626988773,4.845055532888796,-6.386093988385763e-07,6.386093988385763e-07,-0.03082743950903817,-0.030750362957732348,8,8,
nstxuG121123K51,8,mode,egn08w.2418E+02,nstxuG121123K51/N8/egn08w.2418E+02,nstxuG121123K51/N8/egn08w.2418E+02,true,bad,different,true,true,487256,487256,2026-03-13T19:25:25.614769+00:00,2026-06-24T15:52:52.946405+00:00,be65e5dfc07e1f0ae1abfdd3d4d02dc1f81ddcc549613e1c5e808fb06e59b201,a91f5837a8611df4a44600230ff9f6cda029289327f1df3613c7a19df93cd9da,101x201,101x201,false,0.0005048436467380082,4.917260844216976,4.917258956946548,-3.838052297257265e-07,3.838052297257265e-07,-7.647637984895831e-05,-7.464917300350556e-05,8,8,
nstxuG121123K51,8,mode,egn08w.2571E+02,nstxuG121123K51/N8/egn08w.2571E+02,nstxuG121123K51/N8/egn08w.2571E+02,false,,reference_only,false,true,,487256,,2026-06-24T16:09:33.732307+00:00,,6003a6f62d18bfae74651a12618b804603eeb0d2606a589664611847cd2cc690,,,,,,,,,,,,,
nstxuG121123K51,8,mode,egn08w.2789E+02,nstxuG121123K51/N8/egn08w.2789E+02,nstxuG121123K51/N8/egn08w.2789E+02,false,,reference_only,false,true,,487256,,2026-06-24T16:42:53.785333+00:00,,d5d79e41cb2ab0d7a3ad8c4badb917d537819b5a86f3b0b09b70115584be6601,,,,,,,,,,,,,
nstxuG121123K51,8,mode,egn08w.2954E+02,nstxuG121123K51/N8/egn08w.2954E+02,nstxuG121123K51/N8/egn08w.2954E+02,true,bad,training_only,true,false,487256,,2026-03-13T20:07:19.395209+00:00,,174c1ec87874eab883a22ee55d05c1c6e7725b755f64356115b2998910a1b978,,,,,,,,,,,,,,
nstxuG121123K51,8,mode,egn08w.3077E+02,nstxuG121123K51/N8/egn08w.3077E+02,nstxuG121123K51/N8/egn08w.3077E+02,true,bad,different,true,true,487256,487256,2026-03-13T20:16:56.672340+00:00,2026-06-24T17:09:13.308532+00:00,5f60b6b45fdf991a8bd155d5190732dfb449f40f4a560f14f7b29ea6cc216a46,e7b98efe277d518c4d721d5efe71993acafdfaab9b3685fdb537bedaf95a18f0,101x201,101x201,false,0.0018967255935006828,5.547186513161925,5.547180078711878,-1.1599483868401051e-06,1.1599483868401051e-06,-1.0460744012484075e-06,-1.076998960436055e-06,8,8,
nstxuG121123K51,8,mode,egn08w.3108E+02,nstxuG121123K51/N8/egn08w.3108E+02,nstxuG121123K51/N8/egn08w.3108E+02,true,bad,different,true,true,487256,487256,2026-03-13T20:19:11.915162+00:00,2026-06-24T17:11:40.820125+00:00,4bd11a52d2bf9f33538f515e19f3c3723ded9365f7b5aacdd33a68b419e07a81,2c9be22be06a1e17a78ed43be9719bc3eed0d40e54702f78bf5caf67197795d2,101x201,101x201,false,6.408847960234776e-05,5.574621039997547,5.574621808331134,1.3782705254096308e-07,1.3782705254096308e-07,-1.6397039782038136e-05,-1.6404268639508114e-05,8,8,
nstxuG121123K51,8,mode,egn08w.3128E+02,nstxuG121123K51/N8/egn08w.3128E+02,nstxuG121123K51/N8/egn08w.3128E+02,true,bad,different,true,true,487256,487256,2026-03-13T20:21:33.208042+00:00,2026-06-24T17:14:04.483693+00:00,04fe8dcc23534c1fcb518104801f9116a48c35ef73019f88b0d65f778402e82f,a3713c8744ba86ae165bac6613b425aa6f139f5ad2dd09cc331235044b2ba8bb,101x201,101x201,false,1.2112558948146335e-05,5.59281979385424,5.592820049132074,4.5643851194205964e-08,4.5643851194205964e-08,-1.478065557111147e-07,-1.4813673346922884e-07,8,8,
nstxuG121123K51,8,mode,egn08w.3247E+02,nstxuG121123K51/N8/egn08w.3247E+02,nstxuG121123K51/N8/egn08w.3247E+02,true,bad,different,true,true,487256,487256,2026-03-13T20:28:55.523691+00:00,2026-06-24T17:21:47.852351+00:00,ef477bd5b0fc6a0a11f938381863f557cc38af43a744f2fa0d1b9562261d324f,d092eb2c06777138d917fe43224a3d61eaca85a87d4edbdcc962d8bf06c88be5,101x201,101x201,false,0.00011810687756791394,5.697936662061199,5.697930898984761,-1.011432169238494e-06,1.011432169238494e-06,-4.3391039869729416e-07,-4.3517654985588247e-07,8,8,
nstxuG121123K51,8,mode,egn08w.3640E+02,nstxuG121123K51/N8/egn08w.3640E+02,nstxuG121123K51/N8/egn08w.3640E+02,true,bad,different,true,true,487256,487256,2026-03-13T20:51:05.065204+00:00,2026-06-24T17:45:30.762729+00:00,dd264b44536cdcb41c364daad7bccf9fcda2650e033cecee3a8550c0c1c5e5d1,de860b4fe3154c1e7e59b87e6793704a08297fded384042af7df6dcd09729bee,101x201,101x201,false,0.00024653201388546986,6.032878845968888,6.032875769427223,-5.09962448033762e-07,5.09962448033762e-07,-1.956544768417652e-07,-1.9519788666702538e-07,8,8,
nstxuG121123K51,8,mode,egn08w.3665E+02,nstxuG121123K51/N8/egn08w.3665E+02,nstxuG121123K51/N8/egn08w.3665E+02,true,bad,different,true,true,487256,487256,2026-03-13T20:53:23.683058+00:00,2026-06-24T17:47:52.747288+00:00,9ed3c6da7e1e4854f0789477ce6562acaf9311a5918f70052e12fed99f45c744,e8cb0e2bc8ec40358aa9cf5dfe806515a964c5ab5211a1256613105ec8f95bd8,101x201,101x201,false,0.00039454390347631874,6.054011274961513,6.054010095806878,-1.947724544458089e-07,1.947724544458089e-07,-8.187423590340354e-09,-8.217786577343134e-09,8,8,
nstxuG121123K51,8,mode,egn08w.3712E+02,nstxuG121123K51/N8/egn08w.3712E+02,nstxuG121123K51/N8/egn08w.3712E+02,false,,different,true,true,487256,487256,2026-03-13T20:55:58.543015+00:00,2026-06-24T17:50:37.256932+00:00,9b7a4aa7404a27f51e2b612d67738166787a52544e4759644bed9f13c0857f95,cf74f1ae77bf299aabefa1a211bef8aa18150c564159a28db61d632d319b5028,101x201,101x201,false,6.970422391732508e-05,6.0924687043262225,6.092466126560694,-4.2310689693227765e-07,4.2310689693227765e-07,-0.0037801263630193446,-0.0037794474490392216,8,8,
nstxuG121123K51,8,mode,egn08w.3943E+02,nstxuG121123K51/N8/egn08w.3943E+02,nstxuG121123K51/N8/egn08w.3943E+02,true,good,different,true,true,487256,487256,2026-03-13T20:59:40.640435+00:00,2026-06-24T17:55:55.744093+00:00,d1d2d7338e7274fdff2638cd9dde0200924e47ce1bdc7a02d0857d07a67af177,2707dcbb26740a2b41e512ff92310cabe8163c276e33602f3bef7d5ab25f8184,101x201,101x201,false,0.0002628688920211097,6.279194833767836,6.2792023370912,1.1949499200215521e-06,1.1949499200215521e-06,-5.379238205679294e-08,-5.2239687071641424e-08,8,8,
nstxuG121123K51,8,mode,egn08w.4092E+02,nstxuG121123K51/N8/egn08w.4092E+02,nstxuG121123K51/N8/egn08w.4092E+02,false,,different,true,true,487256,487256,2026-03-13T21:02:56.499734+00:00,2026-06-24T17:59:58.620042+00:00,cba2686ec3e9a7d8660552cd5e4e934abd2acac90ecc8adf23f8c0cf43402844,08e9d1ffd231c16e869981e3ec20816d8eb9ef7acb4d0fe6c8b4f7875e309ca9,101x201,101x201,false,2.262876803806632e-05,6.396928346816586,6.3969267844945845,-2.442300299212403e-07,2.442300299212403e-07,-0.000986876743028221,-0.0009868032729767346,8,8,
nstxuG121123K51,8,mode,egn08w.4144E+02,nstxuG121123K51/N8/egn08w.4144E+02,nstxuG121123K51/N8/egn08w.4144E+02,true,bad,different,true,true,487256,487256,2026-03-13T21:05:34.787769+00:00,2026-06-24T18:02:47.081698+00:00,2bafc0a846020f91bc8408478d5abd603cb8bbc9f4479a75816b1f9cb009ae8d,7621e38f15dba450c44704fd23b122bf6815a12105323ebea5ad521a371cc584,101x201,101x201,false,0.00017795578978427177,6.437138440493831,6.437135113573021,-5.168322602828434e-07,5.168322602828434e-07,-1.9175243539103178e-07,-1.904310058031023e-07,8,8,
nstxuG121123K51,8,mode,egn08w.4503E+02,nstxuG121123K51/N8/egn08w.4503E+02,nstxuG121123K51/N8/egn08w.4503E+02,false,,different,true,true,487256,487256,2026-03-13T21:10:16.295611+00:00,2026-06-24T18:09:49.983346+00:00,de4a148a976bcfa27f5584a3791f2bec52f687cc01f75011f1cdd6d738dcd92d,7381e6fdb887f2cc7048cc572d6fb773a14f49d4a5afd9ddce65e269d99c46d2,101x201,101x201,false,8.408169853503511e-05,6.710307195371164,6.710312940041582,8.560964872719148e-07,8.560964872719148e-07,-0.0009162542983739407,-0.0009165138311892983,8,8,
nstxuG121123K51,8,mode,egn08w.4603E+02,nstxuG121123K51/N8/egn08w.4603E+02,nstxuG121123K51/N8/egn08w.4603E+02,true,good,different,true,true,487256,487256,2026-03-13T21:13:10.085747+00:00,2026-06-24T18:13:16.997450+00:00,b1d06c897b53413b2307af1490a13c1ef5e5e8e2cd80cc20fa381305e83cd9b7,7f2a4d36190fb298f69372f88e26837e93e619c9a2cf51e3665aef2d5110e77e,101x201,101x201,false,0.0001678188098538343,6.784402269124788,6.784408371939064,8.995360289774825e-07,8.995360289774825e-07,-2.7820761626442718e-05,-2.7750421981767156e-05,8,8,
nstxuG121123K51,8,mode,egn08w.4689E+02,nstxuG121123K51/N8/egn08w.4689E+02,nstxuG121123K51/N8/egn08w.4689E+02,true,good,different,true,true,487256,487256,2026-03-13T21:15:57.839836+00:00,2026-06-24T18:16:35.527228+00:00,c1638c6ab46a9e721ffd842a38eb9ad68019dbae0b4db61fab9ad820f86098ef,f3375625237a1e0c4b37586dc935c9bd668c35707713ce68d9064beb176e7526,101x201,101x201,false,0.0015568989667240534,6.8476816775927105,6.84767521417421,-9.438841939757618e-07,9.438841939757618e-07,-4.143059822046012e-10,-2.4010296443901056e-10,8,8,
nstxuG121123K51,8,mode,egn08w.4746E+02,nstxuG121123K51/N8/egn08w.4746E+02,nstxuG121123K51/N8/egn08w.4746E+02,true,good,different,true,true,487256,487256,2026-03-13T21:18:35.224844+00:00,2026-06-24T18:19:24.910882+00:00,13094497df0662eb5b44b1db0dfe6015e4d48c30d03a3e15bb6d80066a929a85,ee9dd3f6ea56e9cf26118d5ea38c8bd47a4d248b845d6d94e49eb72949048733,101x201,101x201,false,0.00017527901804613525,6.889371815370157,6.889371193663393,-9.024142998134602e-08,9.024142998134602e-08,-4.309369654985939e-10,-4.684719593069399e-10,8,8,
nstxuG121123K51,8,mode,egn08w.4784E+02,nstxuG121123K51/N8/egn08w.4784E+02,nstxuG121123K51/N8/egn08w.4784E+02,true,good,different,true,true,487256,487256,2026-03-13T21:20:55.070737+00:00,2026-06-24T18:21:54.723460+00:00,3326c80fc54fa498eb64cf35e645432daa641375e96cae78e4b5731bf2237f80,fdf32e50da60700e323347db92f3eb602aaa3160d31496c0be0f95b9cf1f1ea5,101x201,101x201,false,7.964472144040505e-06,6.916377221604371,6.916377428030783,2.984603143378075e-08,2.984603143378075e-08,-1.7770359347539566e-05,-1.7768530409168216e-05,8,8,
nstxuG121123K51,8,mode,egn08w.4850E+02,nstxuG121123K51/N8/egn08w.4850E+02,nstxuG121123K51/N8/egn08w.4850E+02,true,good,different,true,true,487256,487256,2026-03-13T21:27:56.334492+00:00,2026-06-24T18:28:57.056165+00:00,90bbd156ab92e2a7e624a87827926e7085dae0875f1915451d25c40a2ad5efad,5da6c271035a327c6df429a601174d6d31d64a16acb54192abbf999cd2ec2b5f,101x201,101x201,false,0.0005673040671140273,6.964101432874246,6.9641077882370706,9.125890663294933e-07,9.125890663294933e-07,-0.0021760028292086087,-0.0019727549925374925,8,8,
nstxuG121123K51,8,mode,egn08w.5456E+02,nstxuG121123K51/N8/egn08w.5456E+02,nstxuG121123K51/N8/egn08w.5456E+02,true,bad,different,true,true,487256,487256,2026-03-13T22:23:34.411279+00:00,2026-06-24T19:33:08.617442+00:00,3b360a770bffeea6941a697aac8d0f6103e6cfe0f51fc65c2d236fce7a85c43c,154f8da90ac9ef694fcf6f99a715f63847211f8f9d649e81417a45305ea4e16b,101x201,101x201,false,0.0016942736704172179,7.386633068609662,7.386628043206469,-6.803374617988542e-07,6.803374617988542e-07,-0.00028427169339212736,-0.0002851900761370718,8,8,
nstxuG121123K51,8,mode,egn08w.5507E+02,nstxuG121123K51/N8/egn08w.5507E+02,nstxuG121123K51/N8/egn08w.5507E+02,true,bad,different,true,true,487256,487256,2026-03-13T22:27:55.710980+00:00,2026-06-24T19:41:38.102027+00:00,e1bf755c570b720a05ba2cd17a280918fade093332248974d87b63bdc9fa69b7,38a14ea2ce386d1526b958d1bfe104b3747734b2b3b49e568999104bc48f793a,101x201,101x201,false,0.002405044402785411,7.4210441786441965,7.421033020107535,-1.5036343125261267e-06,1.5036343125261267e-06,-0.00020836519091176948,-0.0002075111178092512,8,8,
nstxuG121123K51,8,datcon,datcon8,nstxuG121123K51/N8/datcon8,nstxuG121123K51/N8/datcon8,false,,different,true,true,15606,15606,2026-05-31T16:37:56.215585+00:00,2026-06-21T03:02:59.491060+00:00,08177e44da19d6ffb4caf04b9ac348f7d580e59b1c2e12f87d7e2a9bad133f71,40b7a7959d6824764ec81c9af77d449278ebc2a72313f638ff60098797c580b2,,,,,,,,,,,,,
nstxuG121123K51,8,datcon_gf,datcon_gf.txt,nstxuG121123K51/N8/datcon_gf.txt,nstxuG121123K51/N8/datcon_gf.txt,false,,different,true,true,15663,15663,2026-04-17T14:49:48.238777+00:00,2026-06-21T03:02:59.838060+00:00,fccb854313237ccdf7fc6e5f3bd191484b195e5320893fa0ac245db208e3a481,c19b490389dca328cd8b7a6bca91586821c07851766d52c925f74e7c4aeef89e,,,,,,,,,,,,,
nstxuG121123K51,9,mode,egn09w.1126E+02,nstxuG121123K51/N9/egn09w.1126E+02,nstxuG121123K51/N9/egn09w.1126E+02,false,,reference_only,false,true,,487256,,2026-06-24T13:15:52.587398+00:00,,5bba712882bd870658dbf3f67c709d65fb75e3db5022fd573e3036a2e6cb314e,,,,,,,,,,,,,
nstxuG121123K51,9,mode,egn09w.1254E+02,nstxuG121123K51/N9/egn09w.1254E+02,nstxuG121123K51/N9/egn09w.1254E+02,true,bad,different,true,true,487256,487256,2026-03-13T17:24:26.366431+00:00,2026-06-24T13:32:31.239496+00:00,60a6733400ebff8a7e03552c7c8b2f72095a150d6d4857b5e0de07e075df3ba1,23a964fc1393085cccf30572cbe247e337180cf46007a8cd90d0f26a37021a32,101x201,101x201,false,0.003036205832092397,3.5407317240216116,3.540733437741135,4.840015162829374e-07,4.840015162829374e-07,-0.0020930229847776634,-0.0020937532183525863,9,9,
nstxuG121123K51,9,mode,egn09w.1296E+02,nstxuG121123K51/N9/egn09w.1296E+02,nstxuG121123K51/N9/egn09w.1296E+02,true,bad,different,true,true,487256,487256,2026-03-13T17:29:35.995338+00:00,2026-06-24T13:37:15.022542+00:00,2c4d447cf76a1712d37c69d3211ea72f3455493d170cb59f9c53c0fe0e607781,cc6d0b2bbe80d9a7cc5acbc45aa8b24091c5acfd56e952ccf65426ee49299753,101x201,101x201,false,0.0036882181236617866,3.5995420564973335,3.599545527097099,9.641781401301654e-07,9.641781401301654e-07,-0.0004982064105223097,-0.0004981699273771839,9,9,
nstxuG121123K51,9,mode,egn09w.1425E+02,nstxuG121123K51/N9/egn09w.1425E+02,nstxuG121123K51/N9/egn09w.1425E+02,true,bad,different,true,true,487256,487256,2026-03-13T17:46:57.431309+00:00,2026-06-24T13:57:36.777813+00:00,bd8d1e4c74f0ff9d3bd324f96ca3d988e6aed0fbf81806ac2ef7916109a90dfb,c3260037d00df3e7fa3bfa0f9c469c54b6329e0ea9dde40711b555363ff36453,101x201,101x201,false,0.02054909456002944,3.7743688823523125,3.7743664236095373,-6.514314980324085e-07,6.514314980324085e-07,-5.350971822206937e-05,-5.3537591417401745e-05,9,9,
nstxuG121123K51,9,mode,egn09w.1457E+02,nstxuG121123K51/N9/egn09w.1457E+02,nstxuG121123K51/N9/egn09w.1457E+02,true,bad,different,true,true,487256,487256,2026-03-13T17:51:45.387125+00:00,2026-06-24T14:02:08.013742+00:00,a580b71cfa7f6ce23140c81ed69db9dfd993a0fee016cdced5543d23c8c4794f,91099c78a67aebec1eb14bdd72001672258398cecca3c5a95a66fe4bc89700ca,101x201,101x201,false,0.020663044740036274,3.816480304993434,3.8164823625107007,5.391138175382918e-07,5.391138175382918e-07,-0.00010976915450330689,-0.0001097097717783475,9,9,
nstxuG121123K51,9,mode,egn09w.1474E+02,nstxuG121123K51/N9/egn09w.1474E+02,nstxuG121123K51/N9/egn09w.1474E+02,true,bad,different,true,true,487256,487256,2026-03-13T17:54:06.460020+00:00,2026-06-24T14:04:28.055228+00:00,e8c74912c417e94cfef555add75b6d50055aa8890d1292b5f3ea89c47100dd39,5406b6f4f9a68babce3d2ed54b0c3cd1032eb818a1521c527b2ab4cfbbe4b3b0,101x201,101x201,false,0.017192801095256647,3.8390236015869537,3.839027506507824,1.0171651116180276e-06,1.0171651116180276e-06,-0.0002488681334149835,-0.0002488828900631589,9,9,
nstxuG121123K51,9,mode,egn09w.1537E+02,nstxuG121123K51/N9/egn09w.1537E+02,nstxuG121123K51/N9/egn09w.1537E+02,true,bad,different,true,true,487256,487256,2026-03-13T18:01:33.031795+00:00,2026-06-24T14:11:35.656011+00:00,dd2ae091beab76b780259c2701bec1891882ce4a412eebc4f5f3c7fdbe158bf6,c2faa9876b746e980362f10d47be7a4dd784c7dc62e9c5051c50b57adb10ad4b,101x201,101x201,false,0.10961587498235666,3.9199738087719838,3.9199765404020765,6.968490673780952e-07,6.968490673780952e-07,-4.232753710086063e-05,-4.2673157375477656e-05,9,9,
nstxuG121123K51,9,mode,egn09w.1613E+02,nstxuG121123K51/N9/egn09w.1613E+02,nstxuG121123K51/N9/egn09w.1613E+02,true,bad,different,true,true,487256,487256,2026-03-13T18:11:20.703401+00:00,2026-06-24T14:20:53.069916+00:00,16e7110eab44764f28c3a52b741856d44f45cb7b46e5cdf6b05147a6ead58730,dce97f9a9bca1f182235c28f92250ba33f70bc5a8d219b677f70fddee7df63f0,101x201,101x201,false,0.007146752129929932,4.015727679188765,4.0157296346187525,4.869428765909393e-07,4.869428765909393e-07,-0.00012950781864230277,-0.00012923935318284233,9,9,
nstxuG121123K51,9,mode,egn09w.1721E+02,nstxuG121123K51/N9/egn09w.1721E+02,nstxuG121123K51/N9/egn09w.1721E+02,true,bad,different,true,true,487256,487256,2026-03-13T18:21:17.013777+00:00,2026-06-24T14:34:45.012030+00:00,84c4d2e1701e7cc3d5dff0e4bb4d8562ca6f508dec7df4ed1ec7169981f2e858,67d3fe1deae0bdfce5b2d7ff1a1c01bf3218de89351934349c37757dae6088aa,101x201,101x201,false,0.006768658795589902,4.148225466698916,4.148223229549135,-5.393028414055141e-07,5.393028414055141e-07,-7.005768187902637e-05,-7.00747539303312e-05,9,9,
nstxuG121123K51,9,mode,egn09w.1834E+02,nstxuG121123K51/N9/egn09w.1834E+02,nstxuG121123K51/N9/egn09w.1834E+02,true,bad,different,true,true,487256,487256,2026-03-13T18:29:10.249568+00:00,2026-06-24T14:46:34.510941+00:00,18e0375be70e98f98600ee700088dfe30791e7891b70788fe68a58e0912ae308,f3c965ad8459b5582db7d6b9b941c092567896e0e2d93418ecc37c3d4f002f1b,101x201,101x201,false,0.0069123532274534254,4.282255432425963,4.282258933171101,8.17500308764929e-07,8.17500308764929e-07,-7.418386956403179e-05,-7.35230285921221e-05,9,9,
nstxuG121123K51,9,mode,egn09w.2065E+02,nstxuG121123K51/N9/egn09w.2065E+02,nstxuG121123K51/N9/egn09w.2065E+02,true,bad,different,true,true,487256,487256,2026-03-13T18:53:53.539456+00:00,2026-06-24T15:18:42.955211+00:00,73f042dbed97124894a3700bb916c1369a3b9775a11cd69850ab2e014d4252ca,f21941a80f670f2cd0a7805f51b0ed17b2efbb5517d99a3f413c4b3012b99796,101x201,101x201,false,0.07966965434557603,4.544011603160007,4.544010503464107,-2.4200992332653164e-07,2.4200992332653164e-07,-0.00011257303783539997,-3.959049934410547e-05,9,9,
nstxuG121123K51,9,mode,egn09w.2153E+02,nstxuG121123K51/N9/egn09w.2153E+02,nstxuG121123K51/N9/egn09w.2153E+02,true,bad,different,true,true,487256,487256,2026-03-13T19:01:26.659158+00:00,2026-06-24T15:26:11.418093+00:00,ed10c1e59bc03589215617a5da0c0663daf0121147f25dc86e6a8c07fcb894ef,f792e3a4c279ed6162021d1ec6a0f244fe4d0ebab27611b4a05227dded96857e,101x201,101x201,false,0.0015371616410850939,4.6398837324169255,4.639884809389981,2.321120781756791e-07,2.321120781756791e-07,-6.97529177425922e-05,-6.895614969689076e-05,9,9,
nstxuG121123K51,9,mode,egn09w.2242E+02,nstxuG121123K51/N9/egn09w.2242E+02,nstxuG121123K51/N9/egn09w.2242E+02,true,bad,different,true,true,487256,487256,2026-03-13T19:06:42.492911+00:00,2026-06-24T15:31:36.197402+00:00,382b4b6c291794d2b47ccc37398a67dedb19605beee8bee201d9313ba60fe523,3ccdb130305cf0bf1c9b4ce71b812e02c6891d1a987cd6fe2d6f50ecb5a82001,101x201,101x201,false,0.25287628577511234,4.734994917243254,4.734995671057601,1.5920066655152642e-07,1.5920066655152642e-07,-0.006271168672295703,-0.004783328126037852,9,9,
nstxuG121123K51,9,mode,egn09w.2306E+02,nstxuG121123K51/N9/egn09w.2306E+02,nstxuG121123K51/N9/egn09w.2306E+02,true,good,different,true,true,487256,487256,2026-03-13T19:13:57.898581+00:00,2026-06-24T15:42:47.640032+00:00,a4fd6f949bb119c041b30470c33b7bb3aff5e5b6666c3f98bc666ca6d01927cd,a10103d92558b41f3d858a24e794f60ef40c9fee576c42da6bd85ea2882c615d,101x201,101x201,false,0.0026749549226594057,4.802115532249244,4.802118951327362,7.119941397818706e-07,7.119941397818706e-07,-0.00017409506290289218,-0.00017364079561891347,9,9,
nstxuG121123K51,9,mode,egn09w.2398E+02,nstxuG121123K51/N9/egn09w.2398E+02,nstxuG121123K51/N9/egn09w.2398E+02,false,,reference_only,false,true,,487256,,2026-06-24T16:04:44.112162+00:00,,899987ae05e65916c54b84dba89ffd6ee0f69e3b1c32d77fbbf8fe12cff5eb68,,,,,,,,,,,,,
nstxuG121123K51,9,mode,egn09w.2422E+02,nstxuG121123K51/N9/egn09w.2422E+02,nstxuG121123K51/N9/egn09w.2422E+02,true,bad,different,true,true,487256,487256,2026-03-13T19:30:52.878646+00:00,2026-06-24T16:11:22.897738+00:00,3683e1783e2d6d1350980aebda09f6d8413d995b368dc80f5288b426e3298f81,899636128beceef949c1b380714e62ddf3f652f35e595c817862fc6e358a58c7,101x201,101x201,false,0.04566418274137385,4.921391069683844,4.9213912147366266,2.9473939415934328e-08,2.9473939415934328e-08,-0.0012537244775892111,-0.0013749156456774436,9,9,
nstxuG121123K51,9,mode,egn09w.2469E+02,nstxuG121123K51/N9/egn09w.2469E+02,nstxuG121123K51/N9/egn09w.2469E+02,true,good,different,true,true,487256,487256,2026-03-13T19:35:43.623994+00:00,2026-06-24T16:16:08.474865+00:00,afe01a4b3ba4d61b8e1505cbadabdd1cc4beacd7ab05bca5199aa675c59c5999,f44047bc83d29e40f039304f8535deefefb5c2f378ee46c53bba880d0a413b12,101x201,101x201,false,0.0053426047203577265,4.96887938772835,4.968874646731816,-9.541379784210281e-07,9.541379784210281e-07,-0.011903266182678745,-0.011899937951982645,9,9,
nstxuG121123K51,9,mode,egn09w.2485E+02,nstxuG121123K51/N9/egn09w.2485E+02,nstxuG121123K51/N9/egn09w.2485E+02,true,bad,different,true,true,487256,487256,2026-03-13T19:38:03.740829+00:00,2026-06-24T16:18:25.170406+00:00,57022da08b0c296da3d0c2f00827ce9208ba7469cf2199b2c59e572bb66c4191,5a4123196687afa5face8926d441cde878efa142a72e5e0e09bc1fd0151477ad,101x201,101x201,false,0.00317358635255208,4.985415469598687,4.985418190207319,5.457135216093387e-07,5.457135216093387e-07,-0.00014591455753315097,-0.00013979678624211026,9,9,
nstxuG121123K51,9,mode,egn09w.2702E+02,nstxuG121123K51/N9/egn09w.2702E+02,nstxuG121123K51/N9/egn09w.2702E+02,true,good,different,true,true,487256,487256,2026-03-13T19:48:46.744732+00:00,2026-06-24T16:37:27.727046+00:00,07135c7af16960fee9f7ea780c7629f0f1f3e7d20b0f0ad6fd162f16dcbc02d6,6866f184705010d2149d14d1d40f53eca2edacafcdca95210f1d027a30798bef,101x201,101x201,false,0.00984176070461543,5.1980612246097735,5.1980542206599845,-1.3474157933867786e-06,1.3474157933867786e-06,-0.005436093358227583,-0.005437800951667954,9,9,
nstxuG121123K51,9,mode,egn09w.2937E+02,nstxuG121123K51/N9/egn09w.2937E+02,nstxuG121123K51/N9/egn09w.2937E+02,true,good,different,true,true,487256,487256,2026-03-13T20:03:46.934023+00:00,2026-06-24T16:56:51.962635+00:00,d4cc67ef5731b7ae098007f29cb1a1d0f4b49e4c7a278be79b7d0fce5a875207,e6e6d20d9120544d16a3cd4973c554a9e924efbbdd0cb74eb25098a589c3c661,101x201,101x201,false,0.013376522360644945,5.419481440125163,5.419484864879494,6.319339532077167e-07,6.319339532077167e-07,-0.06900565829807331,-0.06900491371227878,9,9,
nstxuG121123K51,9,mode,egn09w.3093E+02,nstxuG121123K51/N9/egn09w.3093E+02,nstxuG121123K51/N9/egn09w.3093E+02,true,bad,different,true,true,487256,487256,2026-03-13T20:13:39.595155+00:00,2026-06-24T17:11:00.014961+00:00,57dfce15a76b60c7eeb2b632f3a01fb3207fe4696c6dc943d88b6dbccc0ba840,b57f2128453a0a2d5769572a49871dae694b8ef832076f1631fc56afc17a44ee,101x201,101x201,false,0.07289376973359303,5.561515791518132,5.561513994514824,-3.2311394506434655e-07,3.2311394506434655e-07,-9.00194536446502e-07,-7.154955889965596e-07,9,9,
nstxuG121123K51,9,mode,egn09w.3219E+02,nstxuG121123K51/N9/egn09w.3219E+02,nstxuG121123K51/N9/egn09w.3219E+02,false,,reference_only,false,true,,487256,,2026-06-24T17:20:52.273133+00:00,,792eed3987cffc743c3c236c3e9fa70474820bc27aa8028513fac2b6852be658,,,,,,,,,,,,,
nstxuG121123K51,9,mode,egn09w.3869E+02,nstxuG121123K51/N9/egn09w.3869E+02,nstxuG121123K51/N9/egn09w.3869E+02,false,,different,true,true,487256,487256,2026-03-13T20:51:41.280426+00:00,2026-06-24T17:59:58.812043+00:00,a8c1ebffd2072bb4ecd723ddc0eeb8341978c75311d0adea8511a09f2bc3943f,0ff862cc80f62c5169e7dc661190eef3f21cead5a75840359ccd8ddc7bd0d736,101x201,101x201,false,0.004846266781227392,6.220225083291245,6.22021934505994,-9.225118429627452e-07,9.225118429627452e-07,-0.005982596348590518,-0.005981709299362043,9,9,
nstxuG121123K51,9,mode,egn09w.3938E+02,nstxuG121123K51/N9/egn09w.3938E+02,nstxuG121123K51/N9/egn09w.3938E+02,true,bad,different,true,true,487256,487256,2026-03-13T20:54:24.258431+00:00,2026-06-24T18:02:59.876748+00:00,1a36cbc459eb29730778b91fc94dcc03a85987294ed80972af96ff9e2f4649e8,a726be918cc1e37677534b07ed659eea40c38f1d74cd9405d8142ba208b25bd8,101x201,101x201,false,0.00022383728592623858,6.275072106989423,6.27507551983283,5.438731776787024e-07,5.438731776787024e-07,-8.214013489650777e-09,-6.946769172984679e-09,9,9,
nstxuG121123K51,9,mode,egn09w.4043E+02,nstxuG121123K51/N9/egn09w.4043E+02,nstxuG121123K51/N9/egn09w.4043E+02,true,bad,different,true,true,487256,487256,2026-03-13T20:57:18.397514+00:00,2026-06-24T18:06:29.026560+00:00,17753f650e5db4f742b1a7908671c73981f145c75ba9e5b899080f609edab4a3,569715cd1196122b7546b071939fe0d7725dea57a1d6f3cc42575d00cb5b35db,101x201,101x201,false,0.001285764327158212,6.358136567237204,6.358137689989769,1.7658516026263372e-07,1.7658516026263372e-07,-2.764121553300794e-10,-1.0222789572650655e-09,9,9,
nstxuG121123K51,9,mode,egn09w.4156E+02,nstxuG121123K51/N9/egn09w.4156E+02,nstxuG121123K51/N9/egn09w.4156E+02,true,good,different,true,true,487256,487256,2026-03-13T21:00:22.104713+00:00,2026-06-24T18:10:01.621402+00:00,6a2e2d535e7571392b108e27a5abcf900d2892b033ed5a1252ff262a0d5d287d,60d445f608297e51754607d486171102b4bf4fcbffac15e1737e0d281c97520a,101x201,101x201,false,1.0028606680895225e-05,6.446916151508669,6.446916815883472,1.0305311680167874e-07,1.0305311680167874e-07,-6.219157390569499e-07,-6.199014266515315e-07,9,9,
nstxuG121123K51,9,mode,egn09w.4216E+02,nstxuG121123K51/N9/egn09w.4216E+02,nstxuG121123K51/N9/egn09w.4216E+02,false,,different,true,true,487256,487256,2026-03-13T21:03:03.872782+00:00,2026-06-24T18:12:57.394378+00:00,85f337188d5326858480e77e41181e8a40c239cf0a5c0f18ab5fe2a468b880e7,5ec7da6e01f43052be612b568ebd483841427b0eaffe14cf9793e63bf49d4732,101x201,101x201,false,0.004853959906965393,6.4928437836825825,6.492850160540966,9.8213642527285e-07,9.8213642527285e-07,-1.8332816646627854e-05,-1.8200485331029643e-05,9,9,
nstxuG121123K51,9,mode,egn09w.4526E+02,nstxuG121123K51/N9/egn09w.4526E+02,nstxuG121123K51/N9/egn09w.4526E+02,true,good,different,true,true,487256,487256,2026-03-13T21:07:34.992559+00:00,2026-06-24T18:19:21.065867+00:00,bfa82f4dd4b7fa69edd34b585416353acdd12a7a82c23d91f58a3ec9e01624dc,ab81b0e67e977b9ff6769bf24817a9b54fa8b9de98d42eb8fec1a52540f5e5ea,101x201,101x201,false,0.0009181559182379825,6.727756398918919,6.727761704262578,7.885754692832315e-07,7.885754692832315e-07,-6.849602196408701e-06,-6.842025246421609e-06,9,9,
nstxuG121123K51,9,mode,egn09w.4552E+02,nstxuG121123K51/N9/egn09w.4552E+02,nstxuG121123K51/N9/egn09w.4552E+02,true,good,different,true,true,487256,487256,2026-03-13T21:09:55.631476+00:00,2026-06-24T18:21:37.181392+00:00,6c2cb5d9e0e8941447e27585ecaed474242a775d6a7e0302f4f15d6d175bba7b,043810ae84862d1526656efdd6ab49b27ae29384b96f2c6c16e4d87115249363,101x201,101x201,false,0.0001107720999399299,6.746776976154781,6.74677295545804,-5.959433304363076e-07,5.959433304363076e-07,-1.208217861477102e-07,-1.244713089865671e-07,9,9,
nstxuG121123K51,9,mode,egn09w.4621E+02,nstxuG121123K51/N9/egn09w.4621E+02,nstxuG121123K51/N9/egn09w.4621E+02,false,,different,true,true,487256,487256,2026-03-13T21:12:46.479594+00:00,2026-06-24T18:24:41.645102+00:00,7fc9d29e6e32daf747b901d294fb506cee7cac35da8acbf48514c83782051e15,17c8f64c48456906b1c8460b1c64b74db948ea5fc29ade383b2f4d5b52753108,101x201,101x201,false,0.0010572019012126998,6.797983227021167,6.797985957300728,4.0163081760696155e-07,4.0163081760696155e-07,-0.006765773569595304,-0.006766281011931514,9,9,
nstxuG121123K51,9,mode,egn09w.4698E+02,nstxuG121123K51/N9/egn09w.4698E+02,nstxuG121123K51/N9/egn09w.4698E+02,true,good,different,true,true,487256,487256,2026-03-13T21:15:20.535596+00:00,2026-06-24T18:27:38.730789+00:00,d1b32651a9d0dda383a07236328198572e3ed0a4bc1daa7d185db5f836035355,2463df906ce6ad1d5d45ba6f42ac59223af6b64bab459b20469536c1fff21ec1,101x201,101x201,false,0.0006420034466985691,6.854096219242835,6.854097260753487,1.5195448365906246e-07,1.5195448365906246e-07,-4.5354417074229376e-08,-4.211669086394061e-08,9,9,
nstxuG121123K51,9,mode,egn09w.4729E+02,nstxuG121123K51/N9/egn09w.4729E+02,nstxuG121123K51/N9/egn09w.4729E+02,true,bad,different,true,true,487256,487256,2026-03-13T21:17:48.020547+00:00,2026-06-24T18:30:11.148442+00:00,918f0ccd24259f391a888d4acbc7dcb4d4f9de7f46a1af4e6e224fdf74a306f0,886fe81a8e02ad3c7c72b83af70168ddc24c8c8165f0a85a6774ed46f06edb4f,101x201,101x201,false,9.438096214144792e-06,6.8768629104834815,6.876863533321064,9.057001579143258e-08,9.057001579143258e-08,-8.709581745894247e-08,-8.652632669132584e-08,9,9,
nstxuG121123K51,9,mode,egn09w.4947E+02,nstxuG121123K51/N9/egn09w.4947E+02,nstxuG121123K51/N9/egn09w.4947E+02,true,bad,different,true,true,487256,487256,2026-03-13T21:32:24.120321+00:00,2026-06-24T18:45:16.860934+00:00,f19cfa3b3ad819244b7243b0a091fc16d793602a956269bad5458d65588785ae,56b0ad92920a322fc301cf2887277ba239b254acd1c6608e91b8c8c608cea402,101x201,101x201,false,3.6283608000318296e-05,7.0334340743673875,7.033433871376507,-2.88608491895404e-08,2.88608491895404e-08,-0.00014185044114684868,-0.00014184979107285906,9,9,
nstxuG121123K51,9,mode,egn09w.5024E+02,nstxuG121123K51/N9/egn09w.5024E+02,nstxuG121123K51/N9/egn09w.5024E+02,true,bad,different,true,true,487256,487256,2026-03-13T21:41:41.518299+00:00,2026-06-24T18:54:21.136041+00:00,f0f7ec4df979adae917e5402f429daa9495463b0ed934e63f04f2d52bd9925d0,46ba3b0a1359ac405aa784844328f3026bd66d6972706d61255e643850c02613,101x201,101x201,false,0.004073096815515501,7.087744490443032,7.0877394545551615,-7.105064068060248e-07,7.105064068060248e-07,-0.008234260335689608,-0.008233529510658009,9,9,
nstxuG121123K51,9,mode,egn09w.5276E+02,nstxuG121123K51/N9/egn09w.5276E+02,nstxuG121123K51/N9/egn09w.5276E+02,true,bad,different,true,true,487256,487256,2026-03-13T22:00:33.145915+00:00,2026-06-24T19:13:31.738299+00:00,7cb80c6482791089b9ab1d90f6e1b2dcfe61a97c392a11327f1d51a4eeee0e1f,a5cd70a21d3e4a27cfbb5597e01b66de0e565b5976622ff9f17cbcb7cb5c45c2,101x201,101x201,false,0.19438784110684643,7.263928640081376,7.263937091713311,1.163507015764475e-06,1.163507015764475e-06,-0.000803945321328142,-0.0008760487607426972,9,9,
nstxuG121123K51,9,mode,egn09w.5296E+02,nstxuG121123K51/N9/egn09w.5296E+02,nstxuG121123K51/N9/egn09w.5296E+02,true,bad,different,true,true,487256,487256,2026-03-13T22:02:54.264853+00:00,2026-06-24T19:15:43.452780+00:00,9858fef41ce6ade258f7c1586fcb3c6825b07685d9755ef157c80eab89ee0bf7,e3524224ec9d0d9532f56fed85feaa9a58fd9fbaa0bcec0754aa82611085ae02,101x201,101x201,false,0.0067231936840065,7.277211117543972,7.277213275644088,2.965559306502127e-07,2.965559306502127e-07,-0.00013997311403555243,-0.00014176479057056694,9,9,
nstxuG121123K51,9,datcon,datcon9,nstxuG121123K51/N9/datcon9,nstxuG121123K51/N9/datcon9,false,,different,true,true,15606,15606,2026-05-31T16:38:13.145588+00:00,2026-06-21T03:03:14.713108+00:00,f190b01c1ddde13d716d7ab6df1ed19dc0f4f8b2a78824d823e708073a0811cd,a49ab445abb47a69f3f0007f8361f5bf74ff76d5523e54a82c4b7cb5043eee15,,,,,,,,,,,,,
nstxuG121123K51,9,datcon_gf,datcon_gf.txt,nstxuG121123K51/N9/datcon_gf.txt,nstxuG121123K51/N9/datcon_gf.txt,false,,different,true,true,15663,15663,2026-04-17T14:49:59.256801+00:00,2026-06-21T03:03:15.001109+00:00,4d8d5d8c3b3eb15d584c357ee36ccf709b1be2ff149562e45524053dabe34e28,3d038a0bc6631756002074f32ebedbdef6f5e0e6bf0545c2dca1a3ffd1ba9dd4,,,,,,,,,,,,,
nstxuG121123K51,10,mode,egn10w.1318E+02,nstxuG121123K51/N10/egn10w.1318E+02,nstxuG121123K51/N10/egn10w.1318E+02,true,bad,different,true,true,487256,487256,2026-03-13T17:32:08.330247+00:00,2026-06-24T13:50:27.063297+00:00,b04b537b3c6eaab704791c07380c0f174b7ce8c59f1962cf5f72f180667cadd4,32721cfafea60656133a7b00fc8e5439ffbc0c0bdab61e9d39a7390d0564b94e,101x201,101x201,false,0.0018200743400744387,3.6309177779991493,3.630915517025467,-6.227003254536677e-07,6.227003254536677e-07,-0.00023595020626153787,-0.00023662807930038395,10,10,
nstxuG121123K51,10,mode,egn10w.1595E+02,nstxuG121123K51/N10/egn10w.1595E+02,nstxuG121123K51/N10/egn10w.1595E+02,true,bad,different,true,true,487256,487256,2026-03-13T18:06:16.643558+00:00,2026-06-24T14:27:11.362684+00:00,7560fb19804ba84fbaf0ce111311401db64d23aab99733a188bd3fe4b5e29386,d6590fdefc1a0b18cde11d485e47af5c7dd7fdf3aaeea8fd69f2116342468928,101x201,101x201,false,0.001963304770134476,3.99403920553457,3.994034022311474,-1.2977396638668216e-06,1.2977396638668216e-06,-3.2625649257774666e-05,-3.245226034013839e-05,10,10,
nstxuG121123K51,10,mode,egn10w.1682E+02,nstxuG121123K51/N10/egn10w.1682E+02,nstxuG121123K51/N10/egn10w.1682E+02,true,bad,different,true,true,487256,487256,2026-03-13T18:13:46.416229+00:00,2026-06-24T14:34:33.178991+00:00,6eace1392088486d16d32731496f76a4e3eca0adcbe38a6332f68c5fd49432d4,660ddc8d7adb1260343c439908aa2886fc07fbc116702861764ecbb4ba51e1f6,101x201,101x201,false,5.8770962706393426e-05,4.101182687440769,4.101182861503113,4.24419874361663e-08,4.24419874361663e-08,-4.768573254037925e-05,-4.768446837991619e-05,10,10,
nstxuG121123K51,10,mode,egn10w.1794E+02,nstxuG121123K51/N10/egn10w.1794E+02,nstxuG121123K51/N10/egn10w.1794E+02,true,bad,different,true,true,487256,487256,2026-03-13T18:26:01.986388+00:00,2026-06-24T14:50:31.339788+00:00,a0becc99c2394b650f1a59852fefc38951d107495474b17c3a800441b5c24dd8,af598c2220e8eebc2490de6f5429006217cc6f725f4a9a8a1d2bd40ff41ce122,101x201,101x201,false,0.0027576770849007323,4.235375548046018,4.2353784133506105,6.765172439135552e-07,6.765172439135552e-07,-0.00010875196995600686,-0.00010876302156211336,10,10,
nstxuG121123K51,10,mode,egn10w.1906E+02,nstxuG121123K51/N10/egn10w.1906E+02,nstxuG121123K51/N10/egn10w.1906E+02,false,,reference_only,false,true,,487256,,2026-06-24T15:08:42.944879+00:00,,624e678ccd5e3d606cf1971bd63599de7e078fb13d7417cdbf0e16873008c1a2,,,,,,,,,,,,,
nstxuG121123K51,10,mode,egn10w.1915E+02,nstxuG121123K51/N10/egn10w.1915E+02,nstxuG121123K51/N10/egn10w.1915E+02,true,bad,different,true,true,487256,487256,2026-03-13T18:38:36.441049+00:00,2026-06-24T15:10:57.043402+00:00,d57706de9a6723e1d6276202e830d12733dce7a28a845fb931b93aef7a4eec3f,2e6b97ce4be2185d6202562d0f811518cabe0759aada7ad7e49c7c41aff45a80,101x201,101x201,false,0.0019817879230390927,4.376095472969216,4.376093026056162,-5.591544036261386e-07,5.591544036261386e-07,-4.422429110731967e-05,-4.426072373870352e-05,10,10,
nstxuG121123K51,10,mode,egn10w.1994E+02,nstxuG121123K51/N10/egn10w.1994E+02,nstxuG121123K51/N10/egn10w.1994E+02,true,bad,different,true,true,487256,487256,2026-03-13T18:43:42.711941+00:00,2026-06-24T15:16:06.185604+00:00,b4421a96a124c81b4365ff7d753910dc8a70bc33a2259291597c67a415d80d84,2729c8ee22ea87de03ea1eff52912244b92585d13b39c1cdbda213a146c05664,101x201,101x201,false,0.020534136517319376,4.465244229937048,4.465246947737195,6.086565497337635e-07,6.086565497337635e-07,-2.2527941551951683e-05,-1.4921710757893179e-05,10,10,
nstxuG121123K51,10,mode,egn10w.2227E+02,nstxuG121123K51/N10/egn10w.2227E+02,nstxuG121123K51/N10/egn10w.2227E+02,true,good,different,true,true,487256,487256,2026-03-13T19:12:55.427199+00:00,2026-06-24T15:48:29.351387+00:00,d7422269074730894da6262347de233a43326d54873459c4b962dda75cdf66f8,1547af882ef57382b413f771245389fa03c7cf18ce7509d4fe77920266e0b1b2,101x201,101x201,false,1.632665214078982e-05,4.718782767546273,4.718783221388807,9.617788242801905e-08,9.617788242801905e-08,-0.003645981344664198,-0.0036436928652196113,10,10,
nstxuG121123K51,10,mode,egn10w.2237E+02,nstxuG121123K51/N10/egn10w.2237E+02,nstxuG121123K51/N10/egn10w.2237E+02,false,,reference_only,false,true,,487256,,2026-06-24T15:52:46.650392+00:00,,21ca9ec8db67a3218d2ab2f201453ff970bec7dc6ceab3a620489d28495187c1,,,,,,,,,,,,,
nstxuG121123K51,10,mode,egn10w.2327E+02,nstxuG121123K51/N10/egn10w.2327E+02,nstxuG121123K51/N10/egn10w.2327E+02,true,bad,different,true,true,487256,487256,2026-03-13T19:18:13.020167+00:00,2026-06-24T15:58:10.745609+00:00,efd6ffc53b04f5738b78b55b3791db1113b2c02ba04c76008e9751d2fe693a58,88816c41e664064742bb893ac94707315ee38dd2956a3c2481c7f15757b522f3,101x201,101x201,false,0.001133546114672361,4.824051005012109,4.824047897438034,-6.44183502886604e-07,6.44183502886604e-07,-0.0003076954377697898,-0.0002117755234993381,10,10,
nstxuG121123K51,10,mode,egn10w.2386E+02,nstxuG121123K51/N10/egn10w.2386E+02,nstxuG121123K51/N10/egn10w.2386E+02,true,good,different,true,true,487256,487256,2026-03-13T19:23:08.187963+00:00,2026-06-24T16:03:03.706769+00:00,ffc71972e1e00973b642e5c930c92cce0f617998af09882846fcdf8237ebd72d,c172e2c7a4282302313d82474a9b8d9fb30801bd5c2f118953e4942468017b57,101x201,101x201,false,1.226776656780863e-05,4.884432092507731,4.884432823259445,1.4960832711169217e-07,1.4960832711169217e-07,-0.005495670301812654,-0.005493728256269902,10,10,
nstxuG121123K51,10,mode,egn10w.2554E+02,nstxuG121123K51/N10/egn10w.2554E+02,nstxuG121123K51/N10/egn10w.2554E+02,true,good,training_only,true,false,487256,,2026-03-13T19:35:49.055024+00:00,,6ce7627f43a2a295cb486ce299b267667a5cb7b17af360799da8e7120d4901e2,,,,,,,,,,,,,,
nstxuG121123K51,10,mode,egn10w.2691E+02,nstxuG121123K51/N10/egn10w.2691E+02,nstxuG121123K51/N10/egn10w.2691E+02,true,good,different,true,true,487256,487256,2026-03-13T19:57:19.462813+00:00,2026-06-24T16:39:45.746590+00:00,00ffa209f848b0342e6ab552c31f7514f010dff9b2c62316f1a0156a94c09417,c834723431c3614d34b1f04441c4e389134472525044800595039fba5ee24e4b,101x201,101x201,false,0.006013216459705095,5.187587327745539,5.187592144077009,9.284338106033198e-07,9.284338106033198e-07,-7.669639783920705e-07,-1.7092534940318223e-05,10,10,
nstxuG121123K51,10,mode,egn10w.2700E+02,nstxuG121123K51/N10/egn10w.2700E+02,nstxuG121123K51/N10/egn10w.2700E+02,true,bad,different,true,true,487256,487256,2026-03-13T19:59:40.006633+00:00,2026-06-24T16:41:53.268095+00:00,ba445b24c6a8a75630319905a76f74e2919f13cd8d7faf5e987e5772f05973b3,90819652c96ffca09e561e9471fea9aee8f099c0111590e0b60d2170b9477744,101x201,101x201,false,0.06886781680648557,5.196417097485696,5.19642245513554,1.0310276760435248e-06,1.0310276760435248e-06,-0.0003874184594225172,-0.0026252266364399806,10,10,
nstxuG121123K51,10,mode,egn10w.2767E+02,nstxuG121123K51/N10/egn10w.2767E+02,nstxuG121123K51/N10/egn10w.2767E+02,true,bad,different,true,true,487256,487256,2026-03-13T20:02:22.522551+00:00,2026-06-24T16:48:49.510737+00:00,5232a81715ca457daf9c753fbe2022ed8bc3e8a8d5af9a7ae8a38e5788ec0a3e,90556a08cc63172c245fdd52a2de8b666ff2d8217d51f849be9d5062586a5191,101x201,101x201,false,0.00010482171585812772,5.260417698019701,5.260419055062861,2.5797251045920057e-07,2.5797251045920057e-07,-0.0002471782898548183,-0.00024767588808723774,10,10,
nstxuG121123K51,10,mode,egn10w.2782E+02,nstxuG121123K51/N10/egn10w.2782E+02,nstxuG121123K51/N10/egn10w.2782E+02,true,good,different,true,true,487256,487256,2026-03-13T20:04:39.110311+00:00,2026-06-24T16:51:01.433258+00:00,9eff361739c9bb34495f887ee204571c695d645d061e23b5a8cccad7b3c508e0,ce3bb969c24b074f71ab2137aa74a73d3de7b5f97bec600d493b862fad36b803,101x201,101x201,false,0.0010009015813174163,5.274291726080912,5.274294703722058,5.645575369620914e-07,5.645575369620914e-07,-0.007427381474302633,-0.007429600708925782,10,10,
nstxuG121123K51,10,mode,egn10w.3021E+02,nstxuG121123K51/N10/egn10w.3021E+02,nstxuG121123K51/N10/egn10w.3021E+02,true,good,different,true,true,487256,487256,2026-03-13T20:21:45.361117+00:00,2026-06-24T17:08:29.830354+00:00,f2b724b8ca3e8473397b95ac3a38a9fa62d36fe7b34c147c33a0e534739e4e4c,44e9dfd58ab10d70c58047e952fcfe1f664b294a8d7f1ea1cbfe0c8ef1f0a85f,101x201,101x201,false,2.4666432399321654e-05,5.4966461128203745,5.496646892053469,1.4176519245670302e-07,1.4176519245670302e-07,-0.13452973441570418,-0.13453307084719895,10,10,
nstxuG121123K51,10,mode,egn10w.3351E+02,nstxuG121123K51/N10/egn10w.3351E+02,nstxuG121123K51/N10/egn10w.3351E+02,true,bad,different,true,true,487256,487256,2026-03-13T20:37:03.803462+00:00,2026-06-24T17:33:07.115008+00:00,e8602cceaf46bc2d834416104429ebea496e8d35aef28f3a7368a15ed21f2394,2365e2d3b3c6183706770c454f3a862fe123903bdbba6cb6dfd046074e90c92d,101x201,101x201,false,0.0016652636467959679,5.788594246507045,5.788595973015892,2.9826047110515203e-07,2.9826047110515203e-07,-2.0668002737699765e-07,-2.728043154944007e-09,10,10,
nstxuG121123K51,10,mode,egn10w.3437E+02,nstxuG121123K51/N10/egn10w.3437E+02,nstxuG121123K51/N10/egn10w.3437E+02,true,good,different,true,true,487256,487256,2026-03-13T20:39:52.174393+00:00,2026-06-24T17:36:23.256626+00:00,322b986b8adf071be005406fa4bd4f27b998da36ba438d14e65e54cc61ecc0e0,3f2403f365ddbfd20435f9b9ba1369ede69fb29d2228b3c3a98a799432c90015,101x201,101x201,false,1.4215046226227502e-05,5.862548677540151,5.862548921072957,4.1540432134965216e-08,4.1540432134965216e-08,-1.0631896692527115e-05,-1.0608705083506313e-05,10,10,
nstxuG121123K51,10,mode,egn10w.3951E+02,nstxuG121123K51/N10/egn10w.3951E+02,nstxuG121123K51/N10/egn10w.3951E+02,false,,reference_only,false,true,,487256,,2026-06-24T17:51:39.465176+00:00,,5932c4532ba7d446a99817bfeb5b731025f013867cf7b6c6b123b9bcd62f26af,,,,,,,,,,,,,
nstxuG121123K51,10,mode,egn10w.4354E+02,nstxuG121123K51/N10/egn10w.4354E+02,nstxuG121123K51/N10/egn10w.4354E+02,true,bad,different,true,true,487256,487256,2026-03-13T20:59:23.462326+00:00,2026-06-24T18:09:24.390244+00:00,487c92aa6ee4f644fe30537f555d0493f08b89e7b303269f8cb0ecf98c2ecd49,71d934ef7ef478b86daae7babac8e2fd7f1e427f24ea104ecc2b5defdd78d3a4,101x201,101x201,false,9.077990433884287e-05,6.598488456699341,6.598486076615567,-3.6070136215740674e-07,3.6070136215740674e-07,-2.2211899530985059e-10,-1.3368629249075438e-10,10,10,
nstxuG121123K51,10,mode,egn10w.4437E+02,nstxuG121123K51/N10/egn10w.4437E+02,nstxuG121123K51/N10/egn10w.4437E+02,true,bad,different,true,true,487256,487256,2026-03-13T21:02:12.634440+00:00,2026-06-24T18:12:36.306302+00:00,251b0428de353c01c76a23acdfa82af30ed083af665b9ef2298e78b17442bbe0,930979569cfbc21d435553144f48aa77efcc4b961614a08b0f395084f72451e4,101x201,101x201,false,6.848559823785906e-06,6.660895125396269,6.660895339740273,3.2179459343546866e-08,3.2179459343546866e-08,-2.3533008824839268e-07,-2.356129184369834e-07,10,10,
nstxuG121123K51,10,mode,egn10w.4478E+02,nstxuG121123K51/N10/egn10w.4478E+02,nstxuG121123K51/N10/egn10w.4478E+02,true,good,different,true,true,487256,487256,2026-03-13T21:04:39.297408+00:00,2026-06-24T18:15:04.677879+00:00,4b00d489edff094cab487ebf0db3035cf61c165447d9018c99d22d6bdd6a1c4d,cdf5c7b4185922881674ad6e0c0eba13438324a031b2e9e7a30795262f1652d7,101x201,101x201,false,0.00018705491961552856,6.691507269012717,6.691513029822888,8.609136834978207e-07,8.609136834978207e-07,-1.4778903196480307e-05,-1.4765221626763847e-05,10,10,
nstxuG121123K51,10,mode,egn10w.4557E+02,nstxuG121123K51/N10/egn10w.4557E+02,nstxuG121123K51/N10/egn10w.4557E+02,true,good,different,true,true,487256,487256,2026-03-13T21:07:26.728505+00:00,2026-06-24T18:18:12.246601+00:00,0230ebc2f9dc84530030f2d976ce2d6cd2219223ce30e7b9cd8215f05b0ea5ef,6672ad9e8bd533ed3a4b3ea35b66ff53c1a630bf505453c10b1105cacc2732ed,101x201,101x201,false,3.7185027260662976e-05,6.750603593126157,6.750603804621753,3.132987935519897e-08,3.132987935519897e-08,-2.1814389496369695e-07,-2.2438079564851672e-07,10,10,
nstxuG121123K51,10,mode,egn10w.4608E+02,nstxuG121123K51/N10/egn10w.4608E+02,nstxuG121123K51/N10/egn10w.4608E+02,true,bad,different,true,true,487256,487256,2026-03-13T21:09:55.702476+00:00,2026-06-24T18:20:53.296223+00:00,b5d1ecedb003dbd58fc298eefd5111235ac3b7aa072ab5b94e6a5667709e7e2b,d07a6e9e144c1b44c406bd1ad5b470f4d3339cb835da0996b05c55b119b411fc,101x201,101x201,false,0.0018899250752674986,6.7880638130369055,6.788058975480789,-7.126562521828623e-07,7.126562521828623e-07,-1.8630079635501448e-10,-2.2779212451677406e-09,10,10,
nstxuG121123K51,10,mode,egn10w.4656E+02,nstxuG121123K51/N10/egn10w.4656E+02,nstxuG121123K51/N10/egn10w.4656E+02,true,good,different,true,true,487256,487256,2026-03-13T21:12:35.519522+00:00,2026-06-24T18:23:36.401852+00:00,ad1c61c77e4e99f9f6847450cd8018451bd74fcdd5836a396b2e82aaa72c8f2c,b04900ce535ac8e5bc89ebf93e53c29a5e6a4cd15b5e1265dec89ffafd8a1375,101x201,101x201,false,6.88277167942169e-06,6.823553564421386,6.8235537736559015,3.0663570522320065e-08,3.0663570522320065e-08,-1.1736637951341234e-06,-1.1712546485768584e-06,10,10,
nstxuG121123K51,10,mode,egn10w.4691E+02,nstxuG121123K51/N10/egn10w.4691E+02,nstxuG121123K51/N10/egn10w.4691E+02,false,,different,true,true,487256,487256,2026-03-13T21:14:57.314445+00:00,2026-06-24T18:26:05.341424+00:00,de17f6f640a14941c3b0d739c763f2e20b1ef9e813979a40ef48bad641008124,5f2e2dc8b429698841ee3940a2f5acc21655a1b4324a750453130b1ac413c7b0,101x201,101x201,false,0.0005619888341633905,6.848949223694831,6.848943595308006,-8.217883709196731e-07,8.217883709196731e-07,-0.00019987310493474187,-0.0001997805319669857,10,10,
nstxuG121123K51,10,mode,egn10w.4703E+02,nstxuG121123K51/N10/egn10w.4703E+02,nstxuG121123K51/N10/egn10w.4703E+02,true,good,different,true,true,487256,487256,2026-03-13T21:17:19.076360+00:00,2026-06-24T18:28:17.247977+00:00,f3c7bc82ea09f48175567ad839558eb327ad5d27fedba769af051260bb581def,37d1d445f70d561930115a751f1c1de09a2d31e57ed8e24737b676a6ad4e73f2,101x201,101x201,false,0.00020323323140316457,6.857657260875532,6.857658301845349,1.5179671094838004e-07,1.5179671094838004e-07,-3.2748063467499807e-06,-3.2395543873212043e-06,10,10,
nstxuG121123K51,10,mode,egn10w.4750E+02,nstxuG121123K51/N10/egn10w.4750E+02,nstxuG121123K51/N10/egn10w.4750E+02,false,,reference_only,false,true,,487256,,2026-06-24T18:33:01.347096+00:00,,ad7409428f38359c7e72e038982c0dcdbe3b0cbd878a2412fab491316b80cc75,,,,,,,,,,,,,
nstxuG121123K51,10,mode,egn10w.4938E+02,nstxuG121123K51/N10/egn10w.4938E+02,nstxuG121123K51/N10/egn10w.4938E+02,false,,reference_only,false,true,,487256,,2026-06-24T18:47:44.521520+00:00,,14af5386f87443b153442e0a9f8fdb693433319794c3134ca20b38b3a9ca7efc,,,,,,,,,,,,,
nstxuG121123K51,10,mode,egn10w.4964E+02,nstxuG121123K51/N10/egn10w.4964E+02,nstxuG121123K51/N10/egn10w.4964E+02,true,bad,different,true,true,487256,487256,2026-03-13T21:30:12.947415+00:00,2026-06-24T18:50:07.138076+00:00,7db0c26d636927b39ec4781c60619934fe6178ef3d91326a492e7658aa011587,c0c9eb9fe339552234261e4832cd042ec3df625c2e25a915cffdb0681e96770d,101x201,101x201,false,0.00044141228564464896,7.045264582554331,7.045262353403845,-3.164040839489892e-07,3.164040839489892e-07,-2.2290522499721388e-05,-2.2327562096528585e-05,10,10,
nstxuG121123K51,10,mode,egn10w.5411E+02,nstxuG121123K51/N10/egn10w.5411E+02,nstxuG121123K51/N10/egn10w.5411E+02,true,bad,different,true,true,487256,487256,2026-03-13T22:11:01.933212+00:00,2026-06-24T19:41:30.633002+00:00,8d6ec1a06531268e682824cd7e3866f1184aa7feea82fa674db0f413fb612fbb,f513ef91f2fbc999399f82533db73276232edf2b29b6b2c2abcd8d1822df4c69,101x201,101x201,false,0.0002478313501535212,7.355804969782181,7.3558082693917894,4.4857219872038085e-07,4.4857219872038085e-07,-0.00047250737173474644,-0.0004726196376869826,10,10,
nstxuG121123K51,10,mode,egn10w.5459E+02,nstxuG121123K51/N10/egn10w.5459E+02,nstxuG121123K51/N10/egn10w.5459E+02,true,bad,different,true,true,487256,487256,2026-03-13T22:13:26.290205+00:00,2026-06-24T19:44:06.652518+00:00,1d8f42555fc90ad21ebb772c30611b2ba37914d0e8b978764eeba0612d69f400,5b30f7c2abcf31ac4a8975be21c1231a80b3f23f39ec3197a5843123ddd4b1b2,101x201,101x201,false,0.0023704403999397217,7.388322183520424,7.38831174852693,-1.4123630825757121e-06,1.4123630825757121e-06,-0.0008728603792048454,-0.0008775690103646673,10,10,
nstxuG121123K51,10,mode,egn10w.5479E+02,nstxuG121123K51/N10/egn10w.5479E+02,nstxuG121123K51/N10/egn10w.5479E+02,true,bad,different,true,true,487256,487256,2026-03-13T22:15:43.617148+00:00,2026-06-24T19:46:18.804954+00:00,1f561da7ef2fb44fd586d2df2e5fe8f6bfe50f08cbdd7d96b148f05337d4774a,291e7520de07934e41e74898913c8e86469e7e4c6577f0ee4f782cd06d0850cd,101x201,101x201,false,5.281053987774703e-05,7.401850545171497,7.4018509309460825,5.2118667251551826e-08,5.2118667251551826e-08,-0.00032917202946647757,-0.00032905956257868555,10,10,
nstxuG121123K51,10,datcon,datcon10,nstxuG121123K51/N10/datcon10,nstxuG121123K51/N10/datcon10,false,,different,true,true,15606,15606,2026-05-31T16:38:29.984606+00:00,2026-06-21T03:03:30.323160+00:00,085b38658a3a432224e5087e6977c7f4a87bb5ac2d519da601269e5b0c9f3ff4,85436f04dc292c09de9e9e04b71d70fd07259f21d85061ba5a770d3eac4d9c61,,,,,,,,,,,,,
nstxuG121123K51,10,datcon_gf,datcon_gf.txt,nstxuG121123K51/N10/datcon_gf.txt,nstxuG121123K51/N10/datcon_gf.txt,false,,different,true,true,15663,15663,2026-04-17T14:50:10.356825+00:00,2026-06-21T03:03:31.001163+00:00,4946e310f224ce33ceeab40a65bb5ab2505be9164c581403112e58c904f6a1e1,32bf40ea4b1cf8a6f5c3f3c74c5ad33e3173aeca68f6b5627f5c0fdbf97059a9,,,,,,,,,,,,,
nstxuG121123Q62,1,datcon_backup,datcon1_old,nstxuG121123Q62/N1/datcon1_old,nstxuG121123Q62/N1/datcon1,false,,different,true,true,15606,15606,2026-05-31T16:50:24.975367+00:00,2026-06-21T03:09:17.594233+00:00,493199422b8fcf8613a46252af196b3143f9e60ff7dbdbbf36f224cedde77941,6851fff9f2e177c30e6655bfa38ad34110342fd2ffa3cebcb124c151ef0da74f,,,,,,,,,,,,,
nstxuG121123Q62,1,datcon_gf,datcon_gf.txt,nstxuG121123Q62/N1/datcon_gf.txt,nstxuG121123Q62/N1/datcon_gf.txt,false,,different,true,true,15663,15663,2026-04-17T15:17:20.383538+00:00,2026-06-21T03:09:17.759234+00:00,76dfc20bba61699713d9006bfa49f418f4ff6b2d188e3e918fa620b2c32c84e2,b70689127bb2189cea3a8a1081371e4d35b9dcdf12acd73345a4d85a26067a3e,,,,,,,,,,,,,
nstxuG121123Q62,2,datcon_backup,datcon2_old,nstxuG121123Q62/N2/datcon2_old,nstxuG121123Q62/N2/datcon2,false,,different,true,true,15606,15606,2026-05-31T16:50:42.319385+00:00,2026-06-21T03:09:21.901247+00:00,b7fc225b92f01cdbb59adf92e8bef026ed421137e35a3493ebd79dec9230c91b,e426ccf65bacb41d0e0b17d18f65c62b832c44b93f40ae2fc798dd2003e5a51c,,,,,,,,,,,,,
nstxuG121123Q62,2,datcon_gf,datcon_gf.txt,nstxuG121123Q62/N2/datcon_gf.txt,nstxuG121123Q62/N2/datcon_gf.txt,false,,different,true,true,15663,15663,2026-04-17T15:17:50.394619+00:00,2026-06-21T03:09:22.118248+00:00,49a63043df2a432016c43d2af4d78c59a347b65aa768dfe28868374c7cf2be16,38b5eed30ca6ca908cef3d06305a2f4eb92b8459e7b10ebe25aa5925656bbe57,,,,,,,,,,,,,
nstxuG121123Q62,3,datcon_backup,datcon3_old,nstxuG121123Q62/N3/datcon3_old,nstxuG121123Q62/N3/datcon3,false,,different,true,true,15606,15606,2026-05-31T16:50:59.357403+00:00,2026-06-21T03:09:28.289272+00:00,169c58b2f8431c11db6b39445985d2ee341b76768e715e903bfe7d20c8606bcd,65f9caca3f368aeb45d9f5bc5bcc5f325946b01984a4d043bf91e45130a0bb22,,,,,,,,,,,,,
nstxuG121123Q62,3,datcon_gf,datcon_gf.txt,nstxuG121123Q62/N3/datcon_gf.txt,nstxuG121123Q62/N3/datcon_gf.txt,false,,different,true,true,15663,15663,2026-04-17T15:17:53.990629+00:00,2026-06-21T03:09:28.455273+00:00,0a84a57988ad8faeae8d009a625784eba4a120dbf2e9752150d5cb0fa32a6c50,fc099ed2514d1ec0f90a0170a404b96a061bddfbe9813ff464eca2385cdf5271,,,,,,,,,,,,,
nstxuG121123Q62,4,datcon_backup,datcon4_old,nstxuG121123Q62/N4/datcon4_old,nstxuG121123Q62/N4/datcon4,false,,different,true,true,15606,15606,2026-05-31T16:51:16.354421+00:00,2026-06-21T03:09:37.379300+00:00,70a0ae886d0b0a3c9c6248b339e00ee8dc01c4ff7a2d71befb9c5936e9e2f4ea,b82708f196f8767409e2a74fcec2e4a1074f97fe0ac27feb75b64ff119058af6,,,,,,,,,,,,,
nstxuG121123Q62,4,datcon_gf,datcon_gf.txt,nstxuG121123Q62/N4/datcon_gf.txt,nstxuG121123Q62/N4/datcon_gf.txt,false,,different,true,true,15663,15663,2026-04-17T15:17:59.522643+00:00,2026-06-21T03:09:37.549300+00:00,8835476df051b95efd9fe2ef4556a537ec05f6252978e864420a4ce5c759c0a5,4092ef794d107ee7274dfefb6fbf48f1a4529ff379b686cb0c39b201af1b9d9c,,,,,,,,,,,,,
nstxuG121123Q62,5,datcon_backup,datcon5_old,nstxuG121123Q62/N5/datcon5_old,nstxuG121123Q62/N5/datcon5,false,,different,true,true,15606,15606,2026-05-31T16:51:33.254439+00:00,2026-06-21T03:09:50.173339+00:00,7519e6ac109709f4654eda4b0a58b0c8a39148127d4499dec90b943e6dd0a715,66f3fdcfe44b174916c3ccdb6829b01ce6acee9e3e274ea8c1ba47a3d4c9d78d,,,,,,,,,,,,,
nstxuG121123Q62,5,datcon_gf,datcon_gf.txt,nstxuG121123Q62/N5/datcon_gf.txt,nstxuG121123Q62/N5/datcon_gf.txt,false,,different,true,true,15663,15663,2026-04-17T15:18:08.076666+00:00,2026-06-21T03:09:50.483340+00:00,42d90e771e2ee998708fb7a00335f304e6662baf9aceb1d901f6b1bbae12ceb8,85cf2d8d8e587ede48050c9bedd23eec71d6eb33fcc32be815efa18aa6d7bf6d,,,,,,,,,,,,,
nstxuG121123Q62,6,datcon_backup,datcon6_old,nstxuG121123Q62/N6/datcon6_old,nstxuG121123Q62/N6/datcon6,false,,different,true,true,15606,15606,2026-05-31T16:51:50.224457+00:00,2026-06-21T03:10:05.588385+00:00,dc1830fc18eec69e663c1381cc6f2c14bbf7ff9c39a060289ea383390e7d8703,63bb5ba6d15c52df399f2fec04e9e31e8c75c544295cb307fb41d461beac9a04,,,,,,,,,,,,,
nstxuG121123Q62,6,datcon_gf,datcon_gf.txt,nstxuG121123Q62/N6/datcon_gf.txt,nstxuG121123Q62/N6/datcon_gf.txt,false,,different,true,true,15663,15663,2026-04-17T15:18:19.288695+00:00,2026-06-21T03:10:05.791385+00:00,2b84a359c0b802c95da0ffbd83cea47e07d0ba1c17221e7a0c9a9494ca633eb6,5b6f7777825c0ec66c90b871f8264d920d316c6f4bd47959bc12bf443b222fbc,,,,,,,,,,,,,
nstxuG121123Q62,7,datcon_backup,datcon7_old,nstxuG121123Q62/N7/datcon7_old,nstxuG121123Q62/N7/datcon7,false,,different,true,true,15606,15606,2026-05-31T16:52:07.028474+00:00,2026-06-21T03:10:20.669426+00:00,9f9cb6b0d38f9d8e0ad361951659d9da04c8e9480b24eec6349c3251a8dc4498,104d2ac5cdb9e04a2c5f5548075a03c16084af09a3b61e90610f9bb77f3d2140,,,,,,,,,,,,,
nstxuG121123Q62,7,datcon_gf,datcon_gf.txt,nstxuG121123Q62/N7/datcon_gf.txt,nstxuG121123Q62/N7/datcon_gf.txt,false,,different,true,true,15663,15663,2026-04-17T15:18:31.090726+00:00,2026-06-21T03:10:20.928427+00:00,442179e11ec874b29383576b18dc8c8a6f22034e284b6005c1766d76f582e078,580fa719f04c6136aa5086a9a5034fb9ecf5d29eb730fc081dbcfabaf633a6c8,,,,,,,,,,,,,
nstxuG121123Q62,8,datcon_backup,datcon8_old,nstxuG121123Q62/N8/datcon8_old,nstxuG121123Q62/N8/datcon8,false,,different,true,true,15606,15606,2026-05-31T16:52:24.044492+00:00,2026-06-21T03:10:35.855469+00:00,710bc8805dbbaac4e96d88136511db5526fd6b9f949a008ad6f50b8731092d49,bf199b2d1dd84f1926ffed53b134cf9a7cd518207b08b2ddfe2abab163cc08a6,,,,,,,,,,,,,
nstxuG121123Q62,8,datcon_gf,datcon_gf.txt,nstxuG121123Q62/N8/datcon_gf.txt,nstxuG121123Q62/N8/datcon_gf.txt,false,,different,true,true,15663,15663,2026-04-17T15:18:42.430756+00:00,2026-06-21T03:10:36.049470+00:00,3804201e3d2215993a59dda35b771404d07ff9e6a40988795d1f04092cb03dbb,062ca35886de300da9de05743332acd2da091f153a932ee151e2e38b913bbd96,,,,,,,,,,,,,
nstxuG121123Q62,9,datcon_backup,datcon9_old,nstxuG121123Q62/N9/datcon9_old,nstxuG121123Q62/N9/datcon9,false,,different,true,true,15606,15606,2026-05-31T16:52:41.039510+00:00,2026-06-21T03:10:50.808514+00:00,28a1149379f3d5feaf45d9360962d882c1234d8e1f856fe505ce984aa44b9adc,1afdd39f6e948fd782cd85f41b69d284d54db5e48d255651bcfd02f41e591301,,,,,,,,,,,,,
nstxuG121123Q62,9,datcon_gf,datcon_gf.txt,nstxuG121123Q62/N9/datcon_gf.txt,nstxuG121123Q62/N9/datcon_gf.txt,false,,different,true,true,15663,15663,2026-04-17T15:18:53.444785+00:00,2026-06-21T03:10:51.113515+00:00,38a26d9614454f471b5e6848f1292a9a76d469bfbe7351e9502d5ef27e636b33,21e8a6b2960d6b8ecea18fd13c219c3825884720b3443a37c882babd8e68c239,,,,,,,,,,,,,
nstxuG121123Q62,10,datcon_backup,datcon10_old,nstxuG121123Q62/N10/datcon10_old,nstxuG121123Q62/N10/datcon10,false,,different,true,true,15606,15606,2026-05-31T16:52:57.979528+00:00,2026-06-21T03:11:05.906559+00:00,900a32c7c7e4bf4247d2ce216afd04c92fa6b7ca8862d1e95a657dd1097532d9,caccf7c52ba3c169e80a80cf046cb2b48e20a2849449cc5d261d237f4bfb4fe9,,,,,,,,,,,,,
nstxuG121123Q62,10,datcon_gf,datcon_gf.txt,nstxuG121123Q62/N10/datcon_gf.txt,nstxuG121123Q62/N10/datcon_gf.txt,false,,different,true,true,15663,15663,2026-04-17T15:19:04.449814+00:00,2026-06-21T03:11:06.228560+00:00,0fd48e663b2eb5325bde310a47492aa5ca461def91a7553a23dc9ad733f5d855,6d97144dd8d6b04e9ff2b38bec1432b3c0871a5c058c06142ef9575a7a315525,,,,,,,,,,,,,
nstxuG133964S31,1,datcon,datcon1,nstxuG133964S31/N1/datcon1,nstxuG133964S31/N1/datcon1,false,,different,true,true,15606,15606,2026-05-31T16:59:54.841010+00:00,2026-06-21T03:16:10.213357+00:00,23821df0f6aff920591ae4e2036cf80ee5b59e081b44523446a64db50da31841,0bdfc4bcd3d4f3300101f51104c5f4c78142d54e3efd925e1fc6a66f9a5feb81,,,,,,,,,,,,,
nstxuG133964S31,1,datcon_gf,datcon_gf.txt,nstxuG133964S31/N1/datcon_gf.txt,nstxuG133964S31/N1/datcon_gf.txt,false,,reference_only,false,true,,15663,,2026-06-21T03:16:10.222357+00:00,,667b4e5a40d6450d11b3a58e4d6d3041895e9ac4a8454d484b30bb75fcd237a1,,,,,,,,,,,,,
nstxuG133964S31,2,datcon,datcon2,nstxuG133964S31/N2/datcon2,nstxuG133964S31/N2/datcon2,false,,different,true,true,15606,15606,2026-05-31T17:00:12.031028+00:00,2026-06-21T03:16:15.245370+00:00,2682e13f2db81cf41e49ae4c2141d4a1d7805573e04de4a198243803bf95f58c,faf2f2fb3cc7345ff466687eafdd75e00950494819d375d4aba064c621aaaf94,,,,,,,,,,,,,
nstxuG133964S31,2,datcon_gf,datcon_gf.txt,nstxuG133964S31/N2/datcon_gf.txt,nstxuG133964S31/N2/datcon_gf.txt,false,,reference_only,false,true,,15663,,2026-06-21T03:16:15.258370+00:00,,2e263277c6b02899fe51f9faf856768fefbb60cfa4b245c38c848927c8b32a93,,,,,,,,,,,,,
nstxuG133964S31,3,datcon,datcon3,nstxuG133964S31/N3/datcon3,nstxuG133964S31/N3/datcon3,false,,different,true,true,15606,15606,2026-05-31T17:00:28.984046+00:00,2026-06-21T03:16:23.044389+00:00,0f562c57e887063ba9813365537a7571b450c828896996c0e626aad4a0384ec8,fc862fdaa0fe06a34b409ab83c362ae9809cb81de131f0dec9d9dd3998d63a70,,,,,,,,,,,,,
nstxuG133964S31,3,datcon_gf,datcon_gf.txt,nstxuG133964S31/N3/datcon_gf.txt,nstxuG133964S31/N3/datcon_gf.txt,false,,reference_only,false,true,,15663,,2026-06-21T03:16:23.061389+00:00,,e32563a0b53eab111be1263195c5512f22be68582b8ccebbf2a1b645befdae13,,,,,,,,,,,,,
nstxuG133964S31,4,datcon,datcon4,nstxuG133964S31/N4/datcon4,nstxuG133964S31/N4/datcon4,false,,different,true,true,15606,15606,2026-05-31T17:00:45.898063+00:00,2026-06-21T03:16:34.726416+00:00,8f485d3316189943fb425bcc34024d4960e44351ca7e28a5933b269a364ae24c,9e5e6b93e110a9f9c5807825a0a1a6423db9d6df38d92c05871a7add8b469ace,,,,,,,,,,,,,
nstxuG133964S31,4,datcon_gf,datcon_gf.txt,nstxuG133964S31/N4/datcon_gf.txt,nstxuG133964S31/N4/datcon_gf.txt,false,,reference_only,false,true,,15663,,2026-06-21T03:16:34.747416+00:00,,bf24933f1a003eac9a23d333a82e2e99443a17de2fcefaaf0e501659d8cfea9d,,,,,,,,,,,,,
nstxuG133964S31,5,datcon,datcon5,nstxuG133964S31/N5/datcon5,nstxuG133964S31/N5/datcon5,false,,different,true,true,15606,15606,2026-05-31T17:01:03.015081+00:00,2026-06-21T03:16:49.716454+00:00,05d6be155658fca67c538f24de1ac2f8952bf643c5a1d33afed5ed404854bceb,d2dc9a0825702706f809a06bfae982d9927946025cc1e5096b7c162ae84f53d1,,,,,,,,,,,,,
nstxuG133964S31,5,datcon_gf,datcon_gf.txt,nstxuG133964S31/N5/datcon_gf.txt,nstxuG133964S31/N5/datcon_gf.txt,false,,reference_only,false,true,,15663,,2026-06-21T03:16:49.740454+00:00,,d84996b9a3e24688e3167dbb6f70de4d27eb346e14aaf523bdfc1e145a9792a4,,,,,,,,,,,,,
nstxuG133964S31,6,datcon,datcon6,nstxuG133964S31/N6/datcon6,nstxuG133964S31/N6/datcon6,false,,different,true,true,15606,15606,2026-05-31T17:01:19.889098+00:00,2026-06-21T03:17:04.621492+00:00,692072d45425ff0858db295494d561d727383bb244372cf6db53ff5d7315a1a0,98c544874b9626663bab493abc135accbdb762bead73b25b19d730cbd8323af5,,,,,,,,,,,,,
nstxuG133964S31,6,datcon_gf,datcon_gf.txt,nstxuG133964S31/N6/datcon_gf.txt,nstxuG133964S31/N6/datcon_gf.txt,false,,reference_only,false,true,,15663,,2026-06-21T03:17:04.645492+00:00,,2a7f6647176408b2a25f3f3711471fad77d8a8956cd8d808ba3e902369ecde90,,,,,,,,,,,,,
nstxuG133964S31,7,datcon,datcon7,nstxuG133964S31/N7/datcon7,nstxuG133964S31/N7/datcon7,false,,different,true,true,15606,15606,2026-05-31T17:01:36.655115+00:00,2026-06-21T03:17:19.598529+00:00,739bc3a16afd70d68673f7d5d15022ed23f6ca0fb653505f5a4df49cff0c60b8,38ed087e07a185955fff9bf1d7568d1f164d2cbe6de95ecdb33f32eef2c4fb50,,,,,,,,,,,,,
nstxuG133964S31,7,datcon_gf,datcon_gf.txt,nstxuG133964S31/N7/datcon_gf.txt,nstxuG133964S31/N7/datcon_gf.txt,false,,reference_only,false,true,,15663,,2026-06-21T03:17:19.622530+00:00,,11ba2bffe9b482e035e7cc9c2347346c89a6aef09f61a54027f4ca8ceafcac59,,,,,,,,,,,,,
nstxuG133964S31,8,datcon,datcon8,nstxuG133964S31/N8/datcon8,nstxuG133964S31/N8/datcon8,false,,different,true,true,15606,15606,2026-05-31T17:01:53.607121+00:00,2026-06-21T03:17:35.085563+00:00,a98f36c61e435ccc51f18295bf0398bcdee07ae19a6db70c2447b7240bd1bc5f,0935f566820a0b37a04bf9a305443fe3e524aa0ca3afd8879720d75f82f1fb01,,,,,,,,,,,,,
nstxuG133964S31,8,datcon_gf,datcon_gf.txt,nstxuG133964S31/N8/datcon_gf.txt,nstxuG133964S31/N8/datcon_gf.txt,false,,reference_only,false,true,,15663,,2026-06-21T03:17:35.109563+00:00,,5a10be79cb3518ec99575b59dd894fcdc09465be9254118552ae7fbe73ab6511,,,,,,,,,,,,,
nstxuG133964S31,9,datcon,datcon9,nstxuG133964S31/N9/datcon9,nstxuG133964S31/N9/datcon9,false,,different,true,true,15606,15606,2026-05-31T17:02:10.495134+00:00,2026-06-21T03:17:50.276601+00:00,0d24d65e68fd665b58dcaa401b3da144997460a50baa3462f67e18792a80e316,088037b1873caa1e0a1c5f097f54816a4df93f34b2d35a21176b8972eded9ce3,,,,,,,,,,,,,
nstxuG133964S31,9,datcon_gf,datcon_gf.txt,nstxuG133964S31/N9/datcon_gf.txt,nstxuG133964S31/N9/datcon_gf.txt,false,,reference_only,false,true,,15663,,2026-06-21T03:17:50.301601+00:00,,80e2b702c4d7a5015386f50a7fe806f11a4bb8a0e6a81aa0ffe8396136631ebf,,,,,,,,,,,,,
nstxuG133964S31,10,datcon,datcon10,nstxuG133964S31/N10/datcon10,nstxuG133964S31/N10/datcon10,false,,different,true,true,15606,15606,2026-05-31T17:02:27.680152+00:00,2026-06-21T03:18:05.398637+00:00,5e9edd0add30b566e19ab260526d24037b73de16e09234d97d305740b8b8a0c4,74b91cafeab892f327f019cea85910d0c94ad37d8a71b735587c8a3f2e5a87de,,,,,,,,,,,,,
nstxuG133964S31,10,datcon_gf,datcon_gf.txt,nstxuG133964S31/N10/datcon_gf.txt,nstxuG133964S31/N10/datcon_gf.txt,false,,reference_only,false,true,,15663,,2026-06-21T03:18:05.423637+00:00,,5bb920ab3ee1f2e21163f7561cc6c50cbc50dcd9cda79e508b995d967d202a44,,,,,,,,,,,,,
nstxuG142301H47,1,datcon,datcon1,nstxuG142301H47/N1/datcon1,nstxuG142301H47/N1/datcon1,false,,different,true,true,15606,15606,2026-05-31T17:40:21.483535+00:00,2026-06-21T03:41:47.868944+00:00,756bb437985b7fad0e8b7172c4216f4eaf3eb1a3beae86cd45d819294d04d7c4,72176009824e80d82f1a7fbdbc17122ee26fbaa86cec68567d6263cb22d56e5a,,,,,,,,,,,,,
nstxuG142301H47,1,datcon_gf,datcon_gf.txt,nstxuG142301H47/N1/datcon_gf.txt,nstxuG142301H47/N1/datcon_gf.txt,false,,reference_only,false,true,,15663,,2026-06-21T03:41:47.875944+00:00,,67d72145348fa132c4aeeaa1652503d0fdae007711712a6e575a8d86179c9599,,,,,,,,,,,,,
nstxuG142301H47,2,datcon,datcon2,nstxuG142301H47/N2/datcon2,nstxuG142301H47/N2/datcon2,false,,different,true,true,15606,15606,2026-05-31T17:40:38.451553+00:00,2026-06-21T03:41:51.500952+00:00,fc3e29c34e2bf5d869988344092b23cbcccfb5b73370c2027f2720f7aec3c804,ca083c1b581a27a05c64442e9c030eb2983c2800afc9ea53a9f721bc897b8a87,,,,,,,,,,,,,
nstxuG142301H47,2,datcon_gf,datcon_gf.txt,nstxuG142301H47/N2/datcon_gf.txt,nstxuG142301H47/N2/datcon_gf.txt,false,,reference_only,false,true,,15663,,2026-06-21T03:41:51.509952+00:00,,0d5f3fa8e214249bd401807f52d8a3ab5f70e005c5a0230153f81e97e94e9bb0,,,,,,,,,,,,,
nstxuG142301H47,3,datcon,datcon3,nstxuG142301H47/N3/datcon3,nstxuG142301H47/N3/datcon3,false,,different,true,true,15606,15606,2026-05-31T17:40:55.369571+00:00,2026-06-21T03:41:55.378960+00:00,055e7e8878a2d8ee4349f8dec13035c61472c49e2fc7191919e9085f2fcaf902,307d038b5cea97801f85132398cdd4615a67b36b5902e55965638a0f6ae89911,,,,,,,,,,,,,
nstxuG142301H47,3,datcon_gf,datcon_gf.txt,nstxuG142301H47/N3/datcon_gf.txt,nstxuG142301H47/N3/datcon_gf.txt,false,,reference_only,false,true,,15663,,2026-06-21T03:41:55.389961+00:00,,902bf3c6ec8b63385ec642bbe0032e010433e465d56d39649319466b10ece85d,,,,,,,,,,,,,
nstxuG142301H47,4,datcon,datcon4,nstxuG142301H47/N4/datcon4,nstxuG142301H47/N4/datcon4,false,,different,true,true,15606,15606,2026-05-31T17:41:12.359590+00:00,2026-06-21T03:42:00.352972+00:00,cb2da50a8c426af0dc9eea56349e707c3826ed729ff7dd3e63420318c3325a08,c15caa84cf55b1abc5d176845e5de4dbc0f291c8d5a3aa1a513d85310cf351fa,,,,,,,,,,,,,
nstxuG142301H47,4,datcon_gf,datcon_gf.txt,nstxuG142301H47/N4/datcon_gf.txt,nstxuG142301H47/N4/datcon_gf.txt,false,,reference_only,false,true,,15663,,2026-06-21T03:42:00.364972+00:00,,659915328746e7583e8754dce1c89384ff2f44e3dcc29d51b4705fcfbdc00f5a,,,,,,,,,,,,,
nstxuG142301H47,5,datcon,datcon5,nstxuG142301H47/N5/datcon5,nstxuG142301H47/N5/datcon5,false,,different,true,true,15606,15606,2026-05-31T17:41:29.317608+00:00,2026-06-21T03:42:06.300985+00:00,97f66ce9e53a48035c2f2118d53eb103b6477fb5572ad433516fd79dee9dc23d,0a3996787a81058efcfa051ae5f2ed3663d1a9815e43affcceb603098e2af096,,,,,,,,,,,,,
nstxuG142301H47,5,datcon_gf,datcon_gf.txt,nstxuG142301H47/N5/datcon_gf.txt,nstxuG142301H47/N5/datcon_gf.txt,false,,reference_only,false,true,,15663,,2026-06-21T03:42:06.314985+00:00,,018467cf7a0a353e3984a5f3d794022c3089807ea1e3aae01c872501d713ecec,,,,,,,,,,,,,
nstxuG142301H47,6,datcon,datcon6,nstxuG142301H47/N6/datcon6,nstxuG142301H47/N6/datcon6,false,,different,true,true,15606,15606,2026-05-31T17:41:46.434626+00:00,2026-06-21T03:42:13.958002+00:00,79f426e0390e82d27980e9eb9251a496ab1e129bce4b879f90c4139b2c4184cf,503ae8e25bbc2a752c8dea1cbad1c84eb87a38e0ca37efcb665002a3b73f8edb,,,,,,,,,,,,,
nstxuG142301H47,6,datcon_gf,datcon_gf.txt,nstxuG142301H47/N6/datcon_gf.txt,nstxuG142301H47/N6/datcon_gf.txt,false,,reference_only,false,true,,15663,,2026-06-21T03:42:13.974002+00:00,,ae8c06667988fd52805886d2f710dbf711585c17e98ccccf9acaa0fabe46d7b4,,,,,,,,,,,,,
nstxuG142301H47,7,datcon,datcon7,nstxuG142301H47/N7/datcon7,nstxuG142301H47/N7/datcon7,false,,different,true,true,15606,15606,2026-05-31T17:42:03.335644+00:00,2026-06-21T03:42:23.471023+00:00,89d3b058a3a05666bacc3187749b01b6a528765b2590ddbcc6f15063c29a3857,39682be4a0ecf7f574e11d4f118fae4d7a1f2dd1c9399658282e2ac44054bbb5,,,,,,,,,,,,,
nstxuG142301H47,7,datcon_gf,datcon_gf.txt,nstxuG142301H47/N7/datcon_gf.txt,nstxuG142301H47/N7/datcon_gf.txt,false,,reference_only,false,true,,15663,,2026-06-21T03:42:23.490023+00:00,,b574cb0edfaf28c28dcf84c62c8da6027327067bdad4079c83264f0983fb7b1e,,,,,,,,,,,,,
nstxuG142301H47,8,datcon,datcon8,nstxuG142301H47/N8/datcon8,nstxuG142301H47/N8/datcon8,false,,different,true,true,15606,15606,2026-05-31T17:42:20.337662+00:00,2026-06-21T03:42:34.406047+00:00,8216ea5112f81fb2e240b75c96af9835b2d1c371dcb3667700a8e31ce60e767d,9bb91d610fa2c9cf4919134192f26c10e95a61112b670909a8869f3789f1deca,,,,,,,,,,,,,
nstxuG142301H47,8,datcon_gf,datcon_gf.txt,nstxuG142301H47/N8/datcon_gf.txt,nstxuG142301H47/N8/datcon_gf.txt,false,,reference_only,false,true,,15663,,2026-06-21T03:42:34.428047+00:00,,68c448e05221046b2fd1d0824771220a564a2677b7904f58461274135e479d51,,,,,,,,,,,,,
nstxuG142301H47,9,datcon,datcon9,nstxuG142301H47/N9/datcon9,nstxuG142301H47/N9/datcon9,false,,different,true,true,15606,15606,2026-05-31T17:42:37.376680+00:00,2026-06-21T03:42:47.418076+00:00,7e2eb122c883e03c2ca02100dc54cfd6d8170c373d2e642cb3423aefa7151c51,0be476343a3f89159cb621e764f1cc15540c6ea3d60f0b311f6f8e2fe3a135a6,,,,,,,,,,,,,
nstxuG142301H47,9,datcon_gf,datcon_gf.txt,nstxuG142301H47/N9/datcon_gf.txt,nstxuG142301H47/N9/datcon_gf.txt,false,,reference_only,false,true,,15663,,2026-06-21T03:42:47.442076+00:00,,de63e9839acc5eef3afe0c1a6772a2a86510c4f6deb039fa2e140f033501c60d,,,,,,,,,,,,,
nstxuG142301H47,10,datcon,datcon10,nstxuG142301H47/N10/datcon10,nstxuG142301H47/N10/datcon10,false,,different,true,true,15606,15606,2026-05-31T17:42:54.435701+00:00,2026-06-21T03:43:02.129109+00:00,fb2101baeefe75d15e64c120ec4abbd42de5e774f6fbe49c156ef79a718255a0,e809784101edbae23e5c4aebb2dc4c8535d0534fee7c7918474b0f62cb93064b,,,,,,,,,,,,,
nstxuG142301H47,10,datcon_gf,datcon_gf.txt,nstxuG142301H47/N10/datcon_gf.txt,nstxuG142301H47/N10/datcon_gf.txt,false,,reference_only,false,true,,15663,,2026-06-21T03:43:02.153109+00:00,,59a0ffd714759fa304797194d769e06279a21a81381a0aa2072ffe72db1e1a7a,,,,,,,,,,,,,
nstxuG142301W29,1,datcon_gf,datcon_gf.txt,nstxuG142301W29/N1/datcon_gf.txt,nstxuG142301W29/N1/datcon_gf.txt,false,,reference_only,false,true,,15663,,2026-06-21T04:03:34.062132+00:00,,ab05cd4403ef6ebe4a37fde90e43e073d73bf90f2a0a8964bc150a25a89abee8,,,,,,,,,,,,,
nstxuG142301W29,2,datcon_gf,datcon_gf.txt,nstxuG142301W29/N2/datcon_gf.txt,nstxuG142301W29/N2/datcon_gf.txt,false,,reference_only,false,true,,15663,,2026-06-21T04:03:37.753143+00:00,,99e29ea0a63920efbefb7b03ce306dde63341c991e91ced584832246ea5bdaee,,,,,,,,,,,,,
nstxuG142301W29,3,datcon_gf,datcon_gf.txt,nstxuG142301W29/N3/datcon_gf.txt,nstxuG142301W29/N3/datcon_gf.txt,false,,reference_only,false,true,,15663,,2026-06-21T04:03:41.450154+00:00,,71ba073b1a20f5297c7a8d1928d9381535142a9831c063f99e6f8b4b61448008,,,,,,,,,,,,,
nstxuG142301W29,4,datcon_gf,datcon_gf.txt,nstxuG142301W29/N4/datcon_gf.txt,nstxuG142301W29/N4/datcon_gf.txt,false,,reference_only,false,true,,15663,,2026-06-21T04:03:46.694170+00:00,,e3ac03c31649f74c16c0a151c64e93bd8126b658248683bd69db8869427b5bd5,,,,,,,,,,,,,
nstxuG142301W29,5,datcon_gf,datcon_gf.txt,nstxuG142301W29/N5/datcon_gf.txt,nstxuG142301W29/N5/datcon_gf.txt,false,,reference_only,false,true,,15663,,2026-06-21T04:03:52.670187+00:00,,99096b5c485cf8d6a42f1dd1f4caffe3659b2f3bd5ed2ce49a70dcd4b49e889b,,,,,,,,,,,,,
nstxuG142301W29,6,datcon_gf,datcon_gf.txt,nstxuG142301W29/N6/datcon_gf.txt,nstxuG142301W29/N6/datcon_gf.txt,false,,reference_only,false,true,,15663,,2026-06-21T04:04:00.261210+00:00,,feb3c315bda0976ff47c646120b931ba0644bca326987bad197edd4c667375ac,,,,,,,,,,,,,
nstxuG142301W29,7,datcon_gf,datcon_gf.txt,nstxuG142301W29/N7/datcon_gf.txt,nstxuG142301W29/N7/datcon_gf.txt,false,,reference_only,false,true,,15663,,2026-06-21T04:04:09.523238+00:00,,6efefc1bc7d584a03cc24630e3fa7958e4a7e8f795feabb2565356c05d5eac22,,,,,,,,,,,,,
nstxuG142301W29,8,datcon_gf,datcon_gf.txt,nstxuG142301W29/N8/datcon_gf.txt,nstxuG142301W29/N8/datcon_gf.txt,false,,reference_only,false,true,,15663,,2026-06-21T04:04:21.012273+00:00,,67a904b05e8caec4fcc2196a532fe6a94f90d8f1119ae0e7748affe6b4c66a79,,,,,,,,,,,,,
nstxuG142301W29,9,datcon_gf,datcon_gf.txt,nstxuG142301W29/N9/datcon_gf.txt,nstxuG142301W29/N9/datcon_gf.txt,false,,reference_only,false,true,,15663,,2026-06-21T04:04:34.434313+00:00,,59450449db6d6fe403e3ede45af9190c61a85e263d95f76c3b20a6727a09495e,,,,,,,,,,,,,
nstxuG142301W29,10,datcon_gf,datcon_gf.txt,nstxuG142301W29/N10/datcon_gf.txt,nstxuG142301W29/N10/datcon_gf.txt,false,,reference_only,false,true,,15663,,2026-06-21T04:04:49.362358+00:00,,e5becca07dcd293c5da77b7d6ea611f285f3eec9a237c436069dad898fadb5a3,,,,,,,,,,,,,
nstxuG142301Y93,1,datcon,datcon1,nstxuG142301Y93/N1/datcon1,nstxuG142301Y93/N1/datcon1,false,,different,true,true,15606,15606,2026-05-31T18:21:08.645139+00:00,2026-06-21T04:04:52.496367+00:00,1693e470c65a213881fb82ee1dfc49822712c3f7f4da2b64d1e9b72b7f91d3b0,d6103d12a3fc3be66e75d5b661fd57a559513bcf2708637bc09fc25b0171e8f6,,,,,,,,,,,,,
nstxuG142301Y93,1,datcon_gf,datcon_gf.txt,nstxuG142301Y93/N1/datcon_gf.txt,nstxuG142301Y93/N1/datcon_gf.txt,false,,reference_only,false,true,,15663,,2026-06-21T04:04:52.503367+00:00,,b23d0bee1024c9c992c1c2d464305be6a9745daabdcbcc4c34cc88a74341e6a6,,,,,,,,,,,,,
nstxuG142301Y93,2,datcon,datcon2,nstxuG142301Y93/N2/datcon2,nstxuG142301Y93/N2/datcon2,false,,different,true,true,15606,15606,2026-05-31T18:21:25.949155+00:00,2026-06-21T04:04:55.720379+00:00,4872204ad9c9a046abebdef45d261581103d0b017567c88fb2d3fe2dd94fc672,e11513a548fa4ccc9afc215f5ad1cd576ae514098b301017cdaf47bf6ca24e5c,,,,,,,,,,,,,
nstxuG142301Y93,2,datcon_gf,datcon_gf.txt,nstxuG142301Y93/N2/datcon_gf.txt,nstxuG142301Y93/N2/datcon_gf.txt,false,,reference_only,false,true,,15663,,2026-06-21T04:04:55.730379+00:00,,7a6517a7d4c3950b67c448ba4cd1c78b15fc9149e459d828c55b64915d072167,,,,,,,,,,,,,
nstxuG142301Y93,3,datcon,datcon3,nstxuG142301Y93/N3/datcon3,nstxuG142301Y93/N3/datcon3,false,,different,true,true,15606,15606,2026-05-31T18:21:42.826173+00:00,2026-06-21T04:05:00.469397+00:00,e898506b87c0599c25705a333f9b56263a783571a23d2c63b886294b12555599,514e7c2a7a3dd8e3ff21a4928ea7d4da67ca7d3ae0f1eb640fe27e4d3e38f580,,,,,,,,,,,,,
nstxuG142301Y93,3,datcon_gf,datcon_gf.txt,nstxuG142301Y93/N3/datcon_gf.txt,nstxuG142301Y93/N3/datcon_gf.txt,false,,reference_only,false,true,,15663,,2026-06-21T04:05:00.482397+00:00,,65835e8d17653c58519ff1a1821a0407e31bd2b140c52338ca29b75a93fa0d8b,,,,,,,,,,,,,
nstxuG142301Y93,4,datcon,datcon4,nstxuG142301Y93/N4/datcon4,nstxuG142301Y93/N4/datcon4,false,,different,true,true,15606,15606,2026-05-31T18:21:59.786190+00:00,2026-06-21T04:05:06.569419+00:00,1ffbd32a8a8a63d622cddb0a50bc52539e8afc479f68d9479a26120cd54b4491,988f8d2c399ccdffe23d4d5dadb9b102d7dda6c74a6167ab8f3e2364d5dc8b68,,,,,,,,,,,,,
nstxuG142301Y93,4,datcon_gf,datcon_gf.txt,nstxuG142301Y93/N4/datcon_gf.txt,nstxuG142301Y93/N4/datcon_gf.txt,false,,reference_only,false,true,,15663,,2026-06-21T04:05:06.584419+00:00,,c5da54de9f3a9f5097c027d6748eeff07c927ab4c792707c607a231a47548ca3,,,,,,,,,,,,,
nstxuG142301Y93,5,datcon,datcon5,nstxuG142301Y93/N5/datcon5,nstxuG142301Y93/N5/datcon5,false,,different,true,true,15606,15606,2026-05-31T18:22:16.751207+00:00,2026-06-21T04:05:13.864440+00:00,12e4c307139bd2aaaf95a21b476cd204a3a9260248d19111d175838d22fdc140,9f0c5e61e36a6e919eaa62bf944a63267d5484e78afc742f96a078e68b5909b8,,,,,,,,,,,,,
nstxuG142301Y93,5,datcon_gf,datcon_gf.txt,nstxuG142301Y93/N5/datcon_gf.txt,nstxuG142301Y93/N5/datcon_gf.txt,false,,reference_only,false,true,,15663,,2026-06-21T04:05:13.881441+00:00,,4ccaf72f9e887ea2683287f80713346b7cb87d4d6b034118d971d029b7b462e4,,,,,,,,,,,,,
nstxuG142301Y93,6,datcon,datcon6,nstxuG142301Y93/N6/datcon6,nstxuG142301Y93/N6/datcon6,false,,different,true,true,15606,15606,2026-05-31T18:22:33.701225+00:00,2026-06-21T04:05:23.103468+00:00,3ae38a8f95bfa7965e4b285c0003573af1feefa2f3e87b438e69a5a858555595,81d23af7bf800a07ce3da0ba570236a6da45ca4121ac9f1ee92ab8335a64da23,,,,,,,,,,,,,
nstxuG142301Y93,6,datcon_gf,datcon_gf.txt,nstxuG142301Y93/N6/datcon_gf.txt,nstxuG142301Y93/N6/datcon_gf.txt,false,,reference_only,false,true,,15663,,2026-06-21T04:05:23.122468+00:00,,f49e99673a80a06a354dd3e6837b88741ca35a7780881fd3fa0b670b84bad83c,,,,,,,,,,,,,
nstxuG142301Y93,7,datcon,datcon7,nstxuG142301Y93/N7/datcon7,nstxuG142301Y93/N7/datcon7,false,,different,true,true,15606,15606,2026-05-31T18:22:50.666242+00:00,2026-06-21T04:05:35.153505+00:00,483c59901d9af6aecea50013f740c6516e5a3c664d1569d092cb0e2b8ec9860f,551453c005c141a270f63734392635d3ba5cc0b3afcae349b5194b450e122ccd,,,,,,,,,,,,,
nstxuG142301Y93,7,datcon_gf,datcon_gf.txt,nstxuG142301Y93/N7/datcon_gf.txt,nstxuG142301Y93/N7/datcon_gf.txt,false,,reference_only,false,true,,15663,,2026-06-21T04:05:35.174505+00:00,,1764f9df90183083e60ea27b3f6188f7f336f9d0ecbe18ac518557f72012dbdd,,,,,,,,,,,,,
nstxuG142301Y93,8,datcon,datcon8,nstxuG142301Y93/N8/datcon8,nstxuG142301Y93/N8/datcon8,false,,different,true,true,15606,15606,2026-05-31T18:23:07.703259+00:00,2026-06-21T04:05:50.208550+00:00,ea61abbd78138c71809ec7c69b0a27e27304c626c39d6662ae663f70169d6ddd,7664c08357d82d2565d21dc1aec750e0bd1abb0a293f47a5c7c9807d6de193d1,,,,,,,,,,,,,
nstxuG142301Y93,8,datcon_gf,datcon_gf.txt,nstxuG142301Y93/N8/datcon_gf.txt,nstxuG142301Y93/N8/datcon_gf.txt,false,,reference_only,false,true,,15663,,2026-06-21T04:05:50.231550+00:00,,6615f71524d8701ea9e72a22d45d10f759440bd2feef47437dd4a4ea7bc790ef,,,,,,,,,,,,,
nstxuG142301Y93,9,datcon,datcon9,nstxuG142301Y93/N9/datcon9,nstxuG142301Y93/N9/datcon9,false,,different,true,true,15606,15606,2026-05-31T18:23:24.672276+00:00,2026-06-21T04:06:05.551597+00:00,f3924531bccea53254be3bb0fa10baa55edca0bd0dfc4cd6029af0ab9174d2ec,f6cdb4bcd2e1d328820d4c1fcb092c5efebe0024cb8d68feef59dc77be8af8bc,,,,,,,,,,,,,
nstxuG142301Y93,9,datcon_gf,datcon_gf.txt,nstxuG142301Y93/N9/datcon_gf.txt,nstxuG142301Y93/N9/datcon_gf.txt,false,,reference_only,false,true,,15663,,2026-06-21T04:06:05.575598+00:00,,80b22d78912d82e68e231f3b432a54bc744c050046927e3580fd92c47116773d,,,,,,,,,,,,,
nstxuG142301Y93,10,datcon,datcon10,nstxuG142301Y93/N10/datcon10,nstxuG142301Y93/N10/datcon10,false,,different,true,true,15606,15606,2026-05-31T18:23:41.490294+00:00,2026-06-21T04:06:20.572644+00:00,40771eeea808f56e1681cbdf0fc0ee7900ece13ead76a8b1a300ad53a87223a0,13c9a7221314d03e1bd53fe42ba1dc9aad2f849c7521e9aa8721806dd2ed9f3d,,,,,,,,,,,,,
nstxuG142301Y93,10,datcon_gf,datcon_gf.txt,nstxuG142301Y93/N10/datcon_gf.txt,nstxuG142301Y93/N10/datcon_gf.txt,false,,reference_only,false,true,,15663,,2026-06-21T04:06:20.597644+00:00,,cc1bd872026ee32a7bc5cdaf792a346bbcbb96c93af6cad9639dc25c600869af,,,,,,,,,,,,,
nstxu_204202,1,mode,egn01w.1139E+02,nstxu_204202/N1/egn01w.1139E+02,nstxu_204202/N1/egn01w.1139E+02,true,bad,training_only,true,false,260528,,2026-05-12T18:37:48.863129+00:00,,50e917e4102d018af2dd8754495ad44e089d972995f86b614deffdccd1facae7,,,,,,,,,,,,,,
nstxu_204202,1,mode,egn01w.1226E+02,nstxu_204202/N1/egn01w.1226E+02,nstxu_204202/N1/egn01w.1226E+02,true,bad,training_only,true,false,260528,,2026-05-12T18:37:48.654113+00:00,,199cd5e4a33c7cae95a5ea577c2263a66d995fb62fd317cf0f57290a220d20ce,,,,,,,,,,,,,,
nstxu_204202,1,mode,egn01w.1468E+02,nstxu_204202/N1/egn01w.1468E+02,nstxu_204202/N1/egn01w.1468E+02,true,bad,training_only,true,false,260528,,2026-05-12T18:37:48.717118+00:00,,6a5d4b074f3d9a080369a54248f071cde91162c10c3ac8bee396d242c869086b,,,,,,,,,,,,,,
nstxu_204202,1,mode,egn01w.2735E+02,nstxu_204202/N1/egn01w.2735E+02,nstxu_204202/N1/egn01w.2735E+02,true,bad,training_only,true,false,260528,,2026-05-12T18:37:48.736120+00:00,,a0b6b4b950af1ad809e01e98277be0b51805c5d2fb234ba06bf2ef1ba1a08d46,,,,,,,,,,,,,,
nstxu_204202,1,mode,egn01w.3216E+02,nstxu_204202/N1/egn01w.3216E+02,nstxu_204202/N1/egn01w.3216E+02,false,,training_only,true,false,260528,,2026-05-12T18:37:48.687116+00:00,,ee4f98751bcd6e396f94303101a34459b408ca090f7159998c1bebb7ab1246a4,,,,,,,,,,,,,,
nstxu_204202,1,mode,egn01w.3866E+02,nstxu_204202/N1/egn01w.3866E+02,nstxu_204202/N1/egn01w.3866E+02,false,,training_only,true,false,260528,,2026-05-12T18:37:48.713118+00:00,,580333d21b4e4ee1c4aaf521fdb1906baeb6e446fbdc75432bccc0814de04239,,,,,,,,,,,,,,
nstxu_204202,1,mode,egn01w.3981E+02,nstxu_204202/N1/egn01w.3981E+02,nstxu_204202/N1/egn01w.3981E+02,true,bad,training_only,true,false,260528,,2026-05-12T18:37:48.896132+00:00,,81066f3accda67b7f88b0541558953889765528c77eb1ddf127291689b3160a5,,,,,,,,,,,,,,
nstxu_204202,1,mode,egn01w.4413E+02,nstxu_204202/N1/egn01w.4413E+02,nstxu_204202/N1/egn01w.4413E+02,true,bad,training_only,true,false,260528,,2026-05-12T18:37:48.658113+00:00,,6763ce7a9209642d065387c852d025712eb3b54c7ff854d7db118b31bd9a951b,,,,,,,,,,,,,,
nstxu_204202,1,mode,egn01w.4648E+02,nstxu_204202/N1/egn01w.4648E+02,nstxu_204202/N1/egn01w.4648E+02,true,bad,training_only,true,false,260528,,2026-05-12T18:37:48.728119+00:00,,f2bb4af3ab7d545e9b55e7ecc351e759ad10b8bd3faaf9711a103a66411b417e,,,,,,,,,,,,,,
nstxu_204202,1,mode,egn01w.6355E+01,nstxu_204202/N1/egn01w.6355E+01,nstxu_204202/N1/egn01w.6355E+01,true,bad,training_only,true,false,260528,,2026-05-12T18:37:48.678115+00:00,,deed5ab67f9b0d79afe0d87486112d919a78b2cdacb5c33d7894a44276f06b87,,,,,,,,,,,,,,
nstxu_204202,1,mode,egn01w.9345E+01,nstxu_204202/N1/egn01w.9345E+01,nstxu_204202/N1/egn01w.9345E+01,true,bad,training_only,true,false,260528,,2026-05-12T18:37:48.753121+00:00,,773b2de044a2d8d2f3aa7369e17cdcdd2a8682e67b6167bf0b8ad8cfc10c40bb,,,,,,,,,,,,,,
nstxu_204202,1,mode,egn01w.9409E+01,nstxu_204202/N1/egn01w.9409E+01,nstxu_204202/N1/egn01w.9409E+01,true,bad,training_only,true,false,260528,,2026-05-12T18:37:48.920134+00:00,,f4d640150be28672cdc436bc92ca62b18b209c540d74c4a90c8d26b852b98031,,,,,,,,,,,,,,
nstxu_204202,1,mode,egn01w.9473E+01,nstxu_204202/N1/egn01w.9473E+01,nstxu_204202/N1/egn01w.9473E+01,true,bad,training_only,true,false,260528,,2026-05-12T18:37:48.750121+00:00,,993756ee90672ad78bb9f7e5d1b9ac85858fdb67cc3e19d8dd0ab76f2ac3fdce,,,,,,,,,,,,,,
nstxu_204202,1,mode,egn01w.9537E+01,nstxu_204202/N1/egn01w.9537E+01,nstxu_204202/N1/egn01w.9537E+01,true,bad,training_only,true,false,260528,,2026-05-12T18:37:48.707117+00:00,,8b9cb9887959be3f0f34ba525438f6e9e8c2ae6659d039bb2833da3992f58e7d,,,,,,,,,,,,,,
nstxu_204202,1,mode,egn01w.9599E+01,nstxu_204202/N1/egn01w.9599E+01,nstxu_204202/N1/egn01w.9599E+01,true,bad,training_only,true,false,260528,,2026-05-12T18:37:48.684115+00:00,,b0ca9a1e56d0a597a62242b4273d443c6f6ce89549ad656487a1dafce7b1b9dc,,,,,,,,,,,,,,
nstxu_204202,1,mode,egn01w.9659E+01,nstxu_204202/N1/egn01w.9659E+01,nstxu_204202/N1/egn01w.9659E+01,true,bad,training_only,true,false,260528,,2026-05-12T18:37:48.753121+00:00,,6e3d9e9b2cd2a983149543d72f19f04c6b32eaeb34ed136c1bf141ffa0035b3d,,,,,,,,,,,,,,
nstxu_204202,2,mode,egn02w.1421E+02,nstxu_204202/N2/egn02w.1421E+02,nstxu_204202/N2/egn02w.1421E+02,true,bad,training_only,true,false,260528,,2026-05-12T18:37:49.079146+00:00,,ccd07958a0c437add586fa205eae352784b6e2529d67616457de9e655ca4816a,,,,,,,,,,,,,,
nstxu_204202,2,mode,egn02w.1429E+02,nstxu_204202/N2/egn02w.1429E+02,nstxu_204202/N2/egn02w.1429E+02,true,bad,training_only,true,false,260528,,2026-05-12T18:37:49.051144+00:00,,cabd9b175169e1de82d95bc431736e8692620ae3a3bb7c997c24526b6a4678f7,,,,,,,,,,,,,,
nstxu_204202,2,mode,egn02w.1705E+02,nstxu_204202/N2/egn02w.1705E+02,nstxu_204202/N2/egn02w.1705E+02,true,bad,training_only,true,false,260528,,2026-05-12T18:37:49.085147+00:00,,bd8f45984547eb5c16f31edc6542f0e91be13abfb707b1a2249bba04f2ffecec,,,,,,,,,,,,,,
nstxu_204202,2,mode,egn02w.2199E+02,nstxu_204202/N2/egn02w.2199E+02,nstxu_204202/N2/egn02w.2199E+02,true,bad,training_only,true,false,260528,,2026-05-12T18:37:49.107148+00:00,,cb167b340a4287d8b2c6a4ea219ae9ee6b44a11332fd9b4a096870630f52635b,,,,,,,,,,,,,,
nstxu_204202,2,mode,egn02w.2278E+02,nstxu_204202/N2/egn02w.2278E+02,nstxu_204202/N2/egn02w.2278E+02,false,,training_only,true,false,260528,,2026-05-12T18:37:49.079146+00:00,,33ba76bfef597837814ad19cc9f8d2b7aaf3e0db72c254432021e7af33226a7a,,,,,,,,,,,,,,
nstxu_204202,2,mode,egn02w.2310E+02,nstxu_204202/N2/egn02w.2310E+02,nstxu_204202/N2/egn02w.2310E+02,false,,training_only,true,false,260528,,2026-05-12T18:37:49.084146+00:00,,e181dfa21ebb1c72f1b85ab215c9c1337480b2d59f863548c697eba7f6b13e5e,,,,,,,,,,,,,,
nstxu_204202,2,mode,egn02w.3044E+02,nstxu_204202/N2/egn02w.3044E+02,nstxu_204202/N2/egn02w.3044E+02,false,,training_only,true,false,260528,,2026-05-12T18:37:49.277162+00:00,,3a21e22f0f6a7ea39a970c5255cf9fc3e745debd34610c9b9b14224061927bc2,,,,,,,,,,,,,,
nstxu_204202,2,mode,egn02w.3054E+02,nstxu_204202/N2/egn02w.3054E+02,nstxu_204202/N2/egn02w.3054E+02,false,,training_only,true,false,260528,,2026-05-12T18:37:49.089147+00:00,,93d04767d9d20d1aa336797b1aa71c7e14fbccf9b471c1a65e57e5fbe2913d93,,,,,,,,,,,,,,
nstxu_204202,2,mode,egn02w.7267E+01,nstxu_204202/N2/egn02w.7267E+01,nstxu_204202/N2/egn02w.7267E+01,true,bad,training_only,true,false,260528,,2026-05-12T18:37:49.103148+00:00,,3bc7129d89071640ffd5c41f5088f42280ba33189dcc7f0d4730b7c629ce642c,,,,,,,,,,,,,,
nstxu_204202,3,mode,egn03w.2337E+02,nstxu_204202/N3/egn03w.2337E+02,nstxu_204202/N3/egn03w.2337E+02,false,,training_only,true,false,260528,,2026-05-12T18:37:49.131150+00:00,,aa1daf031a41959406fe244adc571ea171dd57d3700b916fcaa9374c6f576d05,,,,,,,,,,,,,,
nstxu_204202,3,mode,egn03w.2603E+02,nstxu_204202/N3/egn03w.2603E+02,nstxu_204202/N3/egn03w.2603E+02,false,,training_only,true,false,260528,,2026-05-12T18:37:49.148151+00:00,,c70c3a0591815b55dff705d9a8f1bc8e04d1c06f2176eb157c3e32b67f914c26,,,,,,,,,,,,,,
nstxu_204202,3,mode,egn03w.2774E+02,nstxu_204202/N3/egn03w.2774E+02,nstxu_204202/N3/egn03w.2774E+02,true,bad,training_only,true,false,260528,,2026-05-12T18:37:49.094147+00:00,,5d616f042b38c8a6fe68ed3f68a83091b27042fc81b1e353e39be84ab5dcd1ef,,,,,,,,,,,,,,
nstxu_204202,3,mode,egn03w.2907E+02,nstxu_204202/N3/egn03w.2907E+02,nstxu_204202/N3/egn03w.2907E+02,true,bad,training_only,true,false,260528,,2026-05-12T18:37:49.119149+00:00,,f94b1e1a7f003de5d03543e95e48c151a98d301525129ee5a44e771e92168888,,,,,,,,,,,,,,
nstxu_204202,3,mode,egn03w.5199E+01,nstxu_204202/N3/egn03w.5199E+01,nstxu_204202/N3/egn03w.5199E+01,true,bad,training_only,true,false,260528,,2026-05-12T18:37:49.123150+00:00,,5cd4910d83bee2694a4a3edff395c1c272e58b297833cf0823956a6aa43a391f,,,,,,,,,,,,,,
nstxu_204202,3,mode,egn03w.5865E+01,nstxu_204202/N3/egn03w.5865E+01,nstxu_204202/N3/egn03w.5865E+01,true,bad,training_only,true,false,260528,,2026-05-12T18:37:49.151152+00:00,,86d7388b643cef504bde097d1ddbe831f298c960fa6331eb53740cb8db4c63ad,,,,,,,,,,,,,,
nstxu_204202,3,mode,egn03w.6740E+01,nstxu_204202/N3/egn03w.6740E+01,nstxu_204202/N3/egn03w.6740E+01,true,bad,training_only,true,false,260528,,2026-05-12T18:37:49.136151+00:00,,932679d38ac751cecf68179be66fef116347a33774faac0ec805d6df726620bb,,,,,,,,,,,,,,
nstxu_204202,4,mode,egn04w.1233E+02,nstxu_204202/N4/egn04w.1233E+02,nstxu_204202/N4/egn04w.1233E+02,true,bad,training_only,true,false,260528,,2026-05-12T18:37:49.139151+00:00,,e24758d91c5f47229ddf13dac1e955e8e9fb96675d1ec3779fb7518446011536,,,,,,,,,,,,,,
nstxu_204202,4,mode,egn04w.1333E+02,nstxu_204202/N4/egn04w.1333E+02,nstxu_204202/N4/egn04w.1333E+02,true,bad,training_only,true,false,260528,,2026-05-12T18:37:49.183154+00:00,,f3dd8e176f6c973cb95dae77d20ea9ff86a7b25fc8a2e9203cb478fe577a488a,,,,,,,,,,,,,,
nstxu_204202,4,mode,egn04w.2111E+02,nstxu_204202/N4/egn04w.2111E+02,nstxu_204202/N4/egn04w.2111E+02,true,bad,training_only,true,false,260528,,2026-05-12T18:37:49.176154+00:00,,23d8396d40e8d1795ac3022b76d3c4a28b3884795702d703d39a1a777ac5eb6d,,,,,,,,,,,,,,
nstxu_204202,4,mode,egn04w.2191E+02,nstxu_204202/N4/egn04w.2191E+02,nstxu_204202/N4/egn04w.2191E+02,true,bad,training_only,true,false,260528,,2026-05-12T18:37:49.144151+00:00,,ff000685725ede6a9ca9c07f1f845d03bbb94ed5de3573245b4675ebcbb1bac6,,,,,,,,,,,,,,
nstxu_204202,4,mode,egn04w.2648E+02,nstxu_204202/N4/egn04w.2648E+02,nstxu_204202/N4/egn04w.2648E+02,false,,training_only,true,false,260528,,2026-05-12T18:37:49.332166+00:00,,7029765c831a1600cbee6310216215541aa25b3cd365be5cf0173a37794cffc0,,,,,,,,,,,,,,
nstxu_204202,4,mode,egn04w.2841E+02,nstxu_204202/N4/egn04w.2841E+02,nstxu_204202/N4/egn04w.2841E+02,false,,training_only,true,false,260528,,2026-05-12T18:37:49.363168+00:00,,341ed5411d8c1311723877b205d14f6168c257eae35be19c0a44794afdcbda43,,,,,,,,,,,,,,
nstxu_204202,4,mode,egn04w.2856E+02,nstxu_204202/N4/egn04w.2856E+02,nstxu_204202/N4/egn04w.2856E+02,false,,training_only,true,false,260528,,2026-05-12T18:37:49.180154+00:00,,5d773d9f7a2516c08d7382b9c81f13d1e81e8f0a17f4829314f67e375efb5e42,,,,,,,,,,,,,,
nstxu_204202,4,mode,egn04w.2877E+02,nstxu_204202/N4/egn04w.2877E+02,nstxu_204202/N4/egn04w.2877E+02,false,,training_only,true,false,260528,,2026-05-12T18:37:49.192155+00:00,,d7edef1f9aae541ab2fbc793926729ef7394594b93297bb47e458ed346618c7e,,,,,,,,,,,,,,
nstxu_204202,4,mode,egn04w.2919E+02,nstxu_204202/N4/egn04w.2919E+02,nstxu_204202/N4/egn04w.2919E+02,false,,training_only,true,false,260528,,2026-05-12T18:37:49.183154+00:00,,d7fa4bba30a081da92f46f1ab49071a8a468690c43de377258e0b9c3510ec26d,,,,,,,,,,,,,,
nstxu_204202,4,mode,egn04w.2939E+02,nstxu_204202/N4/egn04w.2939E+02,nstxu_204202/N4/egn04w.2939E+02,false,,training_only,true,false,260528,,2026-05-12T18:37:49.177154+00:00,,bbed630f49c77fabcc1f883ad54978942c48332d93846d00b3773bfd21533f01,,,,,,,,,,,,,,
nstxu_204202,4,mode,egn04w.2958E+02,nstxu_204202/N4/egn04w.2958E+02,nstxu_204202/N4/egn04w.2958E+02,false,,training_only,true,false,260528,,2026-05-12T18:37:49.384170+00:00,,b499ad6714fb62cc34cab67c90d3ccc67d09f6a129125cb26c95ec364ff22942,,,,,,,,,,,,,,
nstxu_204202,4,mode,egn04w.2978E+02,nstxu_204202/N4/egn04w.2978E+02,nstxu_204202/N4/egn04w.2978E+02,false,,training_only,true,false,260528,,2026-05-12T18:37:49.193155+00:00,,cb6a18ee67e2075f69ea6c6ab9761b3ee891c3cb0995c141f69655d2672a3ea0,,,,,,,,,,,,,,
nstxu_204202,4,mode,egn04w.2997E+02,nstxu_204202/N4/egn04w.2997E+02,nstxu_204202/N4/egn04w.2997E+02,false,,training_only,true,false,260528,,2026-05-12T18:37:49.212157+00:00,,0e5b50d41d9b3c0bbdac38400920910aa49405fb67160edc8718a21c506e1587,,,,,,,,,,,,,,
nstxu_204202,4,mode,egn04w.3017E+02,nstxu_204202/N4/egn04w.3017E+02,nstxu_204202/N4/egn04w.3017E+02,false,,training_only,true,false,260528,,2026-05-12T18:37:49.197155+00:00,,0ba187fbdc74ccbf70762ecf554949d995be9af2ecbe0114836a8b4227a45399,,,,,,,,,,,,,,
nstxu_204202,4,mode,egn04w.3037E+02,nstxu_204202/N4/egn04w.3037E+02,nstxu_204202/N4/egn04w.3037E+02,false,,training_only,true,false,260528,,2026-05-12T18:37:49.199155+00:00,,06ba2999ed1af3244ea776123864a7e6a61b73197c5162fa87f736dee5eee812,,,,,,,,,,,,,,
nstxu_204202,4,mode,egn04w.3057E+02,nstxu_204202/N4/egn04w.3057E+02,nstxu_204202/N4/egn04w.3057E+02,false,,training_only,true,false,260528,,2026-05-12T18:37:49.213156+00:00,,484f6e744cd56f477c2c136eef41ead723cfed2a7291196e614d8b51672563f7,,,,,,,,,,,,,,
nstxu_204202,4,mode,egn04w.3077E+02,nstxu_204202/N4/egn04w.3077E+02,nstxu_204202/N4/egn04w.3077E+02,false,,training_only,true,false,260528,,2026-05-12T18:37:49.232158+00:00,,35fdf2d040a1d2665edbb3fe8050b2df23634d3cd93e86629d90ec50325965ed,,,,,,,,,,,,,,
nstxu_204202,4,mode,egn04w.3099E+02,nstxu_204202/N4/egn04w.3099E+02,nstxu_204202/N4/egn04w.3099E+02,false,,training_only,true,false,260528,,2026-05-12T18:37:49.405171+00:00,,b8a9bcea0b3fe8ac46d6225c8cda9553c5c3e6a4947075e5e76ad6c502767a00,,,,,,,,,,,,,,
nstxu_204202,4,mode,egn04w.3121E+02,nstxu_204202/N4/egn04w.3121E+02,nstxu_204202/N4/egn04w.3121E+02,false,,training_only,true,false,260528,,2026-05-12T18:37:49.197155+00:00,,e749b092fa3ed114b098d9125c52e73932ae1b2e00165e00e83448a3f334c08c,,,,,,,,,,,,,,
nstxu_204202,4,mode,egn04w.3144E+02,nstxu_204202/N4/egn04w.3144E+02,nstxu_204202/N4/egn04w.3144E+02,false,,training_only,true,false,260528,,2026-05-12T18:37:49.223157+00:00,,ba16904e11baf20ae2d03af6f629c1507975b4fd1cfc4e4c1d1093f011261772,,,,,,,,,,,,,,
nstxu_204202,4,mode,egn04w.3192E+02,nstxu_204202/N4/egn04w.3192E+02,nstxu_204202/N4/egn04w.3192E+02,false,,training_only,true,false,260528,,2026-05-12T18:37:49.213156+00:00,,4afa0642ae76d6156f27bb80be272d332cffe69b3ba6ee9150448833e9bc56a5,,,,,,,,,,,,,,
nstxu_204202,4,mode,egn04w.3223E+02,nstxu_204202/N4/egn04w.3223E+02,nstxu_204202/N4/egn04w.3223E+02,false,,training_only,true,false,260528,,2026-05-12T18:37:49.247159+00:00,,69e2a520114ecd6061496e1edeb802fc82b9ec698718717d0bebabded59893ad,,,,,,,,,,,,,,
nstxu_204202,4,mode,egn04w.3256E+02,nstxu_204202/N4/egn04w.3256E+02,nstxu_204202/N4/egn04w.3256E+02,false,,training_only,true,false,260528,,2026-05-12T18:37:49.234158+00:00,,b4092e1306eecdd486bae4ba71487c8f80d71518d66a4f2866029c85040c120d,,,,,,,,,,,,,,
nstxu_204202,4,mode,egn04w.3289E+02,nstxu_204202/N4/egn04w.3289E+02,nstxu_204202/N4/egn04w.3289E+02,false,,training_only,true,false,260528,,2026-05-12T18:37:49.268161+00:00,,baa77791a5314448862d8665940155520b8616a309329e3dd347df1c936a5ff5,,,,,,,,,,,,,,
nstxu_204202,4,mode,egn04w.3325E+02,nstxu_204202/N4/egn04w.3325E+02,nstxu_204202/N4/egn04w.3325E+02,false,,training_only,true,false,260528,,2026-05-12T18:37:49.226157+00:00,,e919c1e3ec2429e205e0531ba0268a85de069f2f42d4c5fc694ebb3dab06a254,,,,,,,,,,,,,,
nstxu_204202,4,mode,egn04w.5638E+01,nstxu_204202/N4/egn04w.5638E+01,nstxu_204202/N4/egn04w.5638E+01,true,bad,training_only,true,false,260528,,2026-05-12T18:37:49.246159+00:00,,f6ca54c9f01144e367eb06352480e5f59cd3153c87bca0b62090f41d7fdb0fae,,,,,,,,,,,,,,
nstxu_204202,4,mode,egn04w.8247E+01,nstxu_204202/N4/egn04w.8247E+01,nstxu_204202/N4/egn04w.8247E+01,true,bad,training_only,true,false,260528,,2026-05-12T18:37:49.434174+00:00,,ed2598392c653de769f57157f5ed7d8a888fa373380115478fc752d5c7ee223d,,,,,,,,,,,,,,
nstxu_204202,5,mode,egn05w.1086E+02,nstxu_204202/N5/egn05w.1086E+02,nstxu_204202/N5/egn05w.1086E+02,true,bad,training_only,true,false,260528,,2026-05-12T18:37:49.299163+00:00,,8b61ab4408196197158ab5e28ce2caba506a8bfb37500e601127d56741611857,,,,,,,,,,,,,,
nstxu_204202,5,mode,egn05w.1124E+02,nstxu_204202/N5/egn05w.1124E+02,nstxu_204202/N5/egn05w.1124E+02,true,bad,training_only,true,false,260528,,2026-05-12T18:37:49.263160+00:00,,5722289c97540787794e4e7d07730b373639b5800fe4b1194fe7ee552150f317,,,,,,,,,,,,,,
nstxu_204202,5,mode,egn05w.1894E+02,nstxu_204202/N5/egn05w.1894E+02,nstxu_204202/N5/egn05w.1894E+02,true,bad,training_only,true,false,260528,,2026-05-12T18:37:49.320165+00:00,,8ea0d605b73b4ce1ea9d68d5839684b42491ab1844b274401606dc0a4250bec4,,,,,,,,,,,,,,
nstxu_204202,5,mode,egn05w.2841E+02,nstxu_204202/N5/egn05w.2841E+02,nstxu_204202/N5/egn05w.2841E+02,true,bad,training_only,true,false,260528,,2026-05-12T18:37:49.330166+00:00,,062694125a76529b837a58bf6214999793c06ce1796e2904e284b5683e5e304a,,,,,,,,,,,,,,
nstxu_204202,5,mode,egn05w.2900E+02,nstxu_204202/N5/egn05w.2900E+02,nstxu_204202/N5/egn05w.2900E+02,true,bad,training_only,true,false,260528,,2026-05-12T18:37:49.347167+00:00,,c95dfe15d123ca412f2ff39c860d1c02dbac9247f6baa1680fd5d3abc5a0535b,,,,,,,,,,,,,,
nstxu_204202,5,mode,egn05w.2907E+02,nstxu_204202/N5/egn05w.2907E+02,nstxu_204202/N5/egn05w.2907E+02,true,good,training_only,true,false,260528,,2026-05-12T18:37:49.524181+00:00,,d5b1b4b41f3f29355f6dec822cf438455369a370ef23dfbaf7779240182e3eb9,,,,,,,,,,,,,,
nstxu_204202,5,mode,egn05w.3044E+02,nstxu_204202/N5/egn05w.3044E+02,nstxu_204202/N5/egn05w.3044E+02,true,bad,training_only,true,false,260528,,2026-05-12T18:37:49.342167+00:00,,ff18196ae387b14de8bc8740603c9437a62988efd1afdb6096f5024ec6db6b4d,,,,,,,,,,,,,,
nstxu_204202,5,mode,egn05w.3189E+02,nstxu_204202/N5/egn05w.3189E+02,nstxu_204202/N5/egn05w.3189E+02,false,,training_only,true,false,260528,,2026-05-12T18:37:49.546182+00:00,,59c213a49b91f84345cfa700edf604224ec6dde9ed942d0ce81c426184fbd2f7,,,,,,,,,,,,,,
nstxu_204202,5,mode,egn05w.3335E+02,nstxu_204202/N5/egn05w.3335E+02,nstxu_204202/N5/egn05w.3335E+02,false,,training_only,true,false,260528,,2026-05-12T18:37:49.355168+00:00,,fbfc31ef2fd062d5ac263eed4dec80ddf7940582f847f53e9dc9bdc5dfc751b9,,,,,,,,,,,,,,
nstxu_204202,5,mode,egn05w.5249E+01,nstxu_204202/N5/egn05w.5249E+01,nstxu_204202/N5/egn05w.5249E+01,true,bad,training_only,true,false,260528,,2026-05-12T18:37:49.365168+00:00,,ea38714509239c916d0cb50e052d6ef1101d2abc4cf0076f1737dde451e033da,,,,,,,,,,,,,,
nstxu_204202,5,mode,egn05w.6250E+01,nstxu_204202/N5/egn05w.6250E+01,nstxu_204202/N5/egn05w.6250E+01,true,bad,training_only,true,false,260528,,2026-05-12T18:37:49.392170+00:00,,36df930e3e0738fc3c7cd5a87dbf19fed464dc63293ce2f95595036cfc5fc303,,,,,,,,,,,,,,
nstxu_204202,5,mode,egn05w.6678E+01,nstxu_204202/N5/egn05w.6678E+01,nstxu_204202/N5/egn05w.6678E+01,true,bad,training_only,true,false,260528,,2026-05-12T18:37:49.400171+00:00,,2f02288ed3a0dcb2e0329dac197290df569f3119ca1c4aa24d2f248c76290244,,,,,,,,,,,,,,
nstxu_204202,5,mode,egn05w.6749E+01,nstxu_204202/N5/egn05w.6749E+01,nstxu_204202/N5/egn05w.6749E+01,true,bad,training_only,true,false,260528,,2026-05-12T18:37:49.470176+00:00,,ebd81fba39e7ba3c8968824d6ccdc9b151b3c66dbb7de7d144126a0c2cbde70b,,,,,,,,,,,,,,
nstxu_204202,5,mode,egn05w.7010E+01,nstxu_204202/N5/egn05w.7010E+01,nstxu_204202/N5/egn05w.7010E+01,true,bad,training_only,true,false,260528,,2026-05-12T18:37:49.417172+00:00,,49b17a5c02638739a9e3bef5832836397c95884b59e606a5fed8b82221d68412,,,,,,,,,,,,,,
nstxu_204202,5,mode,egn05w.7252E+02good,nstxu_204202/N5/egn05w.7252E+02good,nstxu_204202/N5/egn05w.7252E+02good,false,,reference_only,false,true,,260528,,2026-05-12T16:49:53.225420+00:00,,93547f174f63b9fac23407237f97c4dc7c5e11bad35be8c0fad06ce99941fccc,,,,,,,,,,,,,
nstxu_204202,5,mode,egn05w.7562E+01,nstxu_204202/N5/egn05w.7562E+01,nstxu_204202/N5/egn05w.7562E+01,true,bad,training_only,true,false,260528,,2026-05-12T18:37:49.435174+00:00,,88422b50f7b0087a3a504363bf47a271db1e6a219a1b66f548311fb90a49711d,,,,,,,,,,,,,,
nstxu_204202,5,mode,egn05w.7666E+01,nstxu_204202/N5/egn05w.7666E+01,nstxu_204202/N5/egn05w.7666E+01,true,bad,training_only,true,false,260528,,2026-05-12T18:37:49.655191+00:00,,52e259bf97bb4db639faefb943d4950049c1566ff335831ecf3377f5336d46dd,,,,,,,,,,,,,,
nstxu_204202,5,mode,egn05w.7891E+01,nstxu_204202/N5/egn05w.7891E+01,nstxu_204202/N5/egn05w.7891E+01,true,bad,training_only,true,false,260528,,2026-05-12T18:37:49.522181+00:00,,f7678c775bc8d40b0b3ab9925dd48b63c7d86100fee3a08e604f1f2581f3cd67,,,,,,,,,,,,,,
nstxu_204202,5,mode,egn05w.9219E+01,nstxu_204202/N5/egn05w.9219E+01,nstxu_204202/N5/egn05w.9219E+01,true,bad,training_only,true,false,260528,,2026-05-12T18:37:49.454175+00:00,,28a401227025826297e1c98cc69f0f8e2e181545ec99f771e26a1aa92a015292,,,,,,,,,,,,,,
nstxu_204202,6,mode,egn06w.1049E+02,nstxu_204202/N6/egn06w.1049E+02,nstxu_204202/N6/egn06w.1049E+02,true,bad,training_only,true,false,260528,,2026-05-12T18:37:49.476177+00:00,,e2f8dc15924b8a5d0ce2b8b7dd27915691f1105b0102e9f6e697a2700328fe99,,,,,,,,,,,,,,
nstxu_204202,6,mode,egn06w.1097E+02,nstxu_204202/N6/egn06w.1097E+02,nstxu_204202/N6/egn06w.1097E+02,true,bad,training_only,true,false,260528,,2026-05-12T18:37:49.497179+00:00,,0b5cef43fe57682ad1ba3d2c1648d573d9c0bef08191017628502f7b679c559f,,,,,,,,,,,,,,
nstxu_204202,6,mode,egn06w.1175E+02,nstxu_204202/N6/egn06w.1175E+02,nstxu_204202/N6/egn06w.1175E+02,true,bad,training_only,true,false,260528,,2026-05-12T18:37:49.562184+00:00,,517f23ec705f23e50dc20ca20947c169adfe2c8e19245564302e75cf3dab8621,,,,,,,,,,,,,,
nstxu_204202,6,mode,egn06w.2617E+02,nstxu_204202/N6/egn06w.2617E+02,nstxu_204202/N6/egn06w.2617E+02,true,bad,training_only,true,false,260528,,2026-05-12T18:37:49.565184+00:00,,0633cb2674fdac2215ea04c9889547545b1f9e2426d97482dfae52efe571d8d5,,,,,,,,,,,,,,
nstxu_204202,6,mode,egn06w.2649E+02,nstxu_204202/N6/egn06w.2649E+02,nstxu_204202/N6/egn06w.2649E+02,true,bad,training_only,true,false,260528,,2026-05-12T18:37:49.555183+00:00,,16226840b189bfa7002d3734de0da0cf655fd9c01cedcae03bfb6a9c99f0a92b,,,,,,,,,,,,,,
nstxu_204202,6,mode,egn06w.2868E+02,nstxu_204202/N6/egn06w.2868E+02,nstxu_204202/N6/egn06w.2868E+02,false,,training_only,true,false,260528,,2026-05-12T18:37:49.754199+00:00,,583a8c57ac3af9d4fb214eb5a88c31d2cc1b27b8ce7a2d6e52a4642c5e84b093,,,,,,,,,,,,,,
nstxu_204202,6,mode,egn06w.2910E+02,nstxu_204202/N6/egn06w.2910E+02,nstxu_204202/N6/egn06w.2910E+02,false,,training_only,true,false,260528,,2026-05-12T18:37:49.573184+00:00,,afd8673a42ba6b9050e9d8a2514330bc059139a54b9c0d9c4a36c4aa77b314fb,,,,,,,,,,,,,,
nstxu_204202,6,mode,egn06w.2927E+02,nstxu_204202/N6/egn06w.2927E+02,nstxu_204202/N6/egn06w.2927E+02,false,,training_only,true,false,260528,,2026-05-12T18:37:49.529181+00:00,,357d76ff1f1a7e4784a9122dcc41e0771ddcef5f9b6560e561b57b41f5fc3c4f,,,,,,,,,,,,,,
nstxu_204202,6,mode,egn06w.3002E+02,nstxu_204202/N6/egn06w.3002E+02,nstxu_204202/N6/egn06w.3002E+02,false,,training_only,true,false,260528,,2026-05-12T18:37:49.564184+00:00,,8bc7545eb6dcfe89d54d09e1a9d4e9c623acffb76953a7b4ad542ec4c2383b46,,,,,,,,,,,,,,
nstxu_204202,6,mode,egn06w.3117E+02,nstxu_204202/N6/egn06w.3117E+02,nstxu_204202/N6/egn06w.3117E+02,false,,training_only,true,false,260528,,2026-05-12T18:37:49.639190+00:00,,f16eb150005b5ec19aa8024131ae2f2666071d207b68109acb2446817b0611c1,,,,,,,,,,,,,,
nstxu_204202,6,mode,egn06w.3165E+02,nstxu_204202/N6/egn06w.3165E+02,nstxu_204202/N6/egn06w.3165E+02,false,,training_only,true,false,260528,,2026-05-12T18:37:49.578185+00:00,,ad1867071b3acbdfa823e91a7fbe0364b99a7710ce939454b7dd7fd66925efaf,,,,,,,,,,,,,,
nstxu_204202,6,mode,egn06w.3346E+02,nstxu_204202/N6/egn06w.3346E+02,nstxu_204202/N6/egn06w.3346E+02,false,,training_only,true,false,260528,,2026-05-12T18:37:49.581185+00:00,,b1522e05caa11f9db2809488b7de0944e130fd55be66c8f4ca1d187a64318a4c,,,,,,,,,,,,,,
nstxu_204202,6,mode,egn06w.6043E+01,nstxu_204202/N6/egn06w.6043E+01,nstxu_204202/N6/egn06w.6043E+01,true,bad,training_only,true,false,260528,,2026-05-12T18:37:49.607187+00:00,,77e2ce75b7a5ba690891e93e144be86f075afed3619e05d4ea450f82e4fe13a2,,,,,,,,,,,,,,
nstxu_204202,6,mode,egn06w.7662E+01,nstxu_204202/N6/egn06w.7662E+01,nstxu_204202/N6/egn06w.7662E+01,true,bad,training_only,true,false,260528,,2026-05-12T18:37:49.599186+00:00,,0a4b8a20569d0fe859cba34993c60321e154e60add86e321e304b4437378b9fd,,,,,,,,,,,,,,
nstxu_204202,6,mode,egn06w.7722E+01,nstxu_204202/N6/egn06w.7722E+01,nstxu_204202/N6/egn06w.7722E+01,true,bad,training_only,true,false,260528,,2026-05-12T18:37:49.611187+00:00,,6bacc5572fb8271945b391b131a711fa2e8846959d5037705d78ab85ca9aabf7,,,,,,,,,,,,,,
nstxu_204202,6,mode,egn06w.8580E+01,nstxu_204202/N6/egn06w.8580E+01,nstxu_204202/N6/egn06w.8580E+01,true,bad,training_only,true,false,260528,,2026-05-12T18:37:49.711195+00:00,,f098ac3a667d5bb4a3831e2006c738ed6d239c4bd9ecf2314cb8360a07a40c17,,,,,,,,,,,,,,
nstxu_204202,6,mode,egn06w.9214E+01,nstxu_204202/N6/egn06w.9214E+01,nstxu_204202/N6/egn06w.9214E+01,true,bad,training_only,true,false,260528,,2026-05-12T18:37:49.733197+00:00,,623ebab2a1381907ccf283cdb388f88573ce272e00a4c7c25e2e1529ab92856a,,,,,,,,,,,,,,
nstxu_204202,6,mode,egn06w.9396E+01,nstxu_204202/N6/egn06w.9396E+01,nstxu_204202/N6/egn06w.9396E+01,true,bad,training_only,true,false,260528,,2026-05-12T18:37:49.627189+00:00,,46e82ace3ab18c613a4b5cdc8dcc4a79fb33d31f34a0e29c33efc9c1155530ab,,,,,,,,,,,,,,
nstxu_204202,6,mode,egn06w.9561E+01,nstxu_204202/N6/egn06w.9561E+01,nstxu_204202/N6/egn06w.9561E+01,true,bad,training_only,true,false,260528,,2026-05-12T18:37:49.657191+00:00,,d95840796b002d71eda4f8524edf016b73016ac634f22a57cc69143dfe4f9504,,,,,,,,,,,,,,
nstxu_204202,6,mode,egn06w.9707E+01,nstxu_204202/N6/egn06w.9707E+01,nstxu_204202/N6/egn06w.9707E+01,true,bad,training_only,true,false,260528,,2026-05-12T18:37:49.719196+00:00,,21d8208e9020e7929dc0c34382256a1accf3cf651a39b4b3470a12b308218d81,,,,,,,,,,,,,,
nstxu_204202,6,mode,egn06w.9833E+01,nstxu_204202/N6/egn06w.9833E+01,nstxu_204202/N6/egn06w.9833E+01,true,bad,training_only,true,false,260528,,2026-05-12T18:37:49.756199+00:00,,d3a23d00447f1670df7a3a30883e5454a95812e58257e028acd96c795352786e,,,,,,,,,,,,,,
nstxu_204202,6,mode,egn06w.9938E+01,nstxu_204202/N6/egn06w.9938E+01,nstxu_204202/N6/egn06w.9938E+01,true,bad,training_only,true,false,260528,,2026-05-12T18:37:49.677193+00:00,,66a5b9cd034fe9908989be91cbb36ab7a9bbb0483969d3e2ee2ebd5cac9edd70,,,,,,,,,,,,,,
nstxu_204202,7,mode,egn07w.1138E+02,nstxu_204202/N7/egn07w.1138E+02,nstxu_204202/N7/egn07w.1138E+02,true,bad,training_only,true,false,260528,,2026-05-12T18:37:49.731197+00:00,,b05fd0ddac19989f4a67a69b94a24451c5694240a53dc0acbe0185ce31d1f254,,,,,,,,,,,,,,
nstxu_204202,7,mode,egn07w.1277E+02,nstxu_204202/N7/egn07w.1277E+02,nstxu_204202/N7/egn07w.1277E+02,true,bad,training_only,true,false,260528,,2026-05-12T18:37:49.747198+00:00,,8230fd657ab0cba8ca8a21f29c6024d15b40a68cb8eb83ed7a40de36c4fa6715,,,,,,,,,,,,,,
nstxu_204202,7,mode,egn07w.1282E+02,nstxu_204202/N7/egn07w.1282E+02,nstxu_204202/N7/egn07w.1282E+02,true,bad,training_only,true,false,260528,,2026-05-12T18:37:49.954214+00:00,,1378334c851ef30162aa1b82e0188b76a70995b4a213b886101973600bc9a7a3,,,,,,,,,,,,,,
nstxu_204202,7,mode,egn07w.1291E+02,nstxu_204202/N7/egn07w.1291E+02,nstxu_204202/N7/egn07w.1291E+02,true,bad,training_only,true,false,260528,,2026-05-12T18:37:49.793202+00:00,,2e17ac83aad65fde33d3a505d5dd9de29b1675aa11383ebfe4df7e0aa903b0e3,,,,,,,,,,,,,,
nstxu_204202,7,mode,egn07w.1301E+02,nstxu_204202/N7/egn07w.1301E+02,nstxu_204202/N7/egn07w.1301E+02,true,bad,training_only,true,false,260528,,2026-05-12T18:37:49.728197+00:00,,866e9e3e04ae6c3a6f4b28920fd22a66b8dc2e2451a264d418e2ea750df39d73,,,,,,,,,,,,,,
nstxu_204202,7,mode,egn07w.1306E+02,nstxu_204202/N7/egn07w.1306E+02,nstxu_204202/N7/egn07w.1306E+02,true,bad,training_only,true,false,260528,,2026-05-12T18:37:49.767200+00:00,,0d3cd2deeaf283b6a6ef4b066849775295ad1de08191eda7455714731761c264,,,,,,,,,,,,,,
nstxu_204202,7,mode,egn07w.1311E+02,nstxu_204202/N7/egn07w.1311E+02,nstxu_204202/N7/egn07w.1311E+02,true,bad,training_only,true,false,260528,,2026-05-12T18:37:49.801202+00:00,,c5a125c36096895ab01d9f0b0bb888c233fab1db108f3f253b1d1144ba522a4b,,,,,,,,,,,,,,
nstxu_204202,7,mode,egn07w.1316E+02,nstxu_204202/N7/egn07w.1316E+02,nstxu_204202/N7/egn07w.1316E+02,true,bad,training_only,true,false,260528,,2026-05-12T18:37:49.732197+00:00,,13c7f46631c0cda144e04ae2dab490a1e7cee1b58801e0179b3d4eb9f5d36cd3,,,,,,,,,,,,,,
nstxu_204202,7,mode,egn07w.1322E+02,nstxu_204202/N7/egn07w.1322E+02,nstxu_204202/N7/egn07w.1322E+02,true,bad,training_only,true,false,260528,,2026-05-12T18:37:49.820204+00:00,,80526443719391f505a63d83e53b853354cb9d7abeae095abb90b2eb3bf8e215,,,,,,,,,,,,,,
nstxu_204202,7,mode,egn07w.1327E+02,nstxu_204202/N7/egn07w.1327E+02,nstxu_204202/N7/egn07w.1327E+02,true,bad,training_only,true,false,260528,,2026-05-12T18:37:49.751198+00:00,,169fd4e00fdda3d567cda24434fb475ddb7707121600eced5138025821bf31f6,,,,,,,,,,,,,,
nstxu_204202,7,mode,egn07w.1340E+02,nstxu_204202/N7/egn07w.1340E+02,nstxu_204202/N7/egn07w.1340E+02,true,bad,training_only,true,false,260528,,2026-05-12T18:37:49.825204+00:00,,6f1f75594d4c0ab48fb3830301d4d2753a6360aaa0123b7c30c14b24e72e939a,,,,,,,,,,,,,,
nstxu_204202,7,mode,egn07w.1344E+02,nstxu_204202/N7/egn07w.1344E+02,nstxu_204202/N7/egn07w.1344E+02,true,bad,training_only,true,false,260528,,2026-05-12T18:37:49.766200+00:00,,3760a87fe333d354fd040b9e36566ad18c977ad44ddd0e320d70f9e998e26f3d,,,,,,,,,,,,,,
nstxu_204202,7,mode,egn07w.1353E+02,nstxu_204202/N7/egn07w.1353E+02,nstxu_204202/N7/egn07w.1353E+02,true,bad,training_only,true,false,260528,,2026-05-12T18:37:49.787201+00:00,,7d75309e81e7b26f43d6f5a2f332f57257502d0b7e2509c919526c779b442a2f,,,,,,,,,,,,,,
nstxu_204202,7,mode,egn07w.1602E+02,nstxu_204202/N7/egn07w.1602E+02,nstxu_204202/N7/egn07w.1602E+02,true,bad,training_only,true,false,260528,,2026-05-12T18:37:49.867207+00:00,,9fa27910c8a6549d3d072e54cc83e175b1a6788e5a884db2d9f8ac042e8528ef,,,,,,,,,,,,,,
nstxu_204202,7,mode,egn07w.2109E+02,nstxu_204202/N7/egn07w.2109E+02,nstxu_204202/N7/egn07w.2109E+02,true,bad,training_only,true,false,260528,,2026-05-12T18:37:49.803202+00:00,,da0c88c7b935eeb7261ff70c1acaea9c6d82ed26b0a77edd522c1043f72d3224,,,,,,,,,,,,,,
nstxu_204202,7,mode,egn07w.2172E+02,nstxu_204202/N7/egn07w.2172E+02,nstxu_204202/N7/egn07w.2172E+02,true,bad,training_only,true,false,260528,,2026-05-12T18:37:49.876208+00:00,,0bdace94302f5cddc143840d7c2ec6387a7db6ebf3edc1036346e193b205c788,,,,,,,,,,,,,,
nstxu_204202,7,mode,egn07w.2176E+02,nstxu_204202/N7/egn07w.2176E+02,nstxu_204202/N7/egn07w.2176E+02,true,bad,training_only,true,false,260528,,2026-05-12T18:37:49.832205+00:00,,3db2e280182e3a0fd653130dd51a7dc0c2674af7f0d9bc4fb5e0b9c383345ac4,,,,,,,,,,,,,,
nstxu_204202,7,mode,egn07w.3210E+02,nstxu_204202/N7/egn07w.3210E+02,nstxu_204202/N7/egn07w.3210E+02,false,,training_only,true,false,260528,,2026-05-12T18:37:49.804202+00:00,,e20adb98b7a2f75f916fdef66b1d38ff9eee0574587985b5c455ec8461647f6f,,,,,,,,,,,,,,
nstxu_204202,7,mode,egn07w.5229E+01,nstxu_204202/N7/egn07w.5229E+01,nstxu_204202/N7/egn07w.5229E+01,true,bad,training_only,true,false,260528,,2026-05-12T18:37:49.827204+00:00,,f2dd33197127147d258671c0fb1d98dd3e9380d6e7b24816e942e569987742b2,,,,,,,,,,,,,,
nstxu_204202,7,mode,egn07w.5281E+01,nstxu_204202/N7/egn07w.5281E+01,nstxu_204202/N7/egn07w.5281E+01,true,bad,training_only,true,false,260528,,2026-05-12T18:37:49.849206+00:00,,678234aeb08af0e67ddec97954e4aeb5d09bda1281b40494e80f96cba9b40a5f,,,,,,,,,,,,,,
nstxu_204202,7,mode,egn07w.5606E+01,nstxu_204202/N7/egn07w.5606E+01,nstxu_204202/N7/egn07w.5606E+01,true,bad,training_only,true,false,260528,,2026-05-12T18:37:49.840205+00:00,,6f36ff360b2b62fdec94295a91118b24f681697038e13208b5712ae169d7f2ec,,,,,,,,,,,,,,
nstxu_204202,7,mode,egn07w.5735E+01,nstxu_204202/N7/egn07w.5735E+01,nstxu_204202/N7/egn07w.5735E+01,true,bad,training_only,true,false,260528,,2026-05-12T18:37:50.069223+00:00,,0dba0ce0672ef8917b1842e6179a27612ca3fc52aff480bf1d6c7a0c193acfa8,,,,,,,,,,,,,,
nstxu_204202,7,mode,egn07w.6822E+01,nstxu_204202/N7/egn07w.6822E+01,nstxu_204202/N7/egn07w.6822E+01,true,bad,training_only,true,false,260528,,2026-05-12T18:37:49.944213+00:00,,2ae55eca88839b747b35dd28f073d456be578a27256d8253a469e47c11c71e2a,,,,,,,,,,,,,,
nstxu_204202,7,mode,egn07w.8196E+01,nstxu_204202/N7/egn07w.8196E+01,nstxu_204202/N7/egn07w.8196E+01,true,bad,training_only,true,false,260528,,2026-05-12T18:37:49.901210+00:00,,8c6171b24641bfc6f6207a5e27551f457f733d836560019fdf3062195359f0c9,,,,,,,,,,,,,,
nstxu_204202,8,mode,egn08w.1566E+02,nstxu_204202/N8/egn08w.1566E+02,nstxu_204202/N8/egn08w.1566E+02,true,bad,training_only,true,false,260528,,2026-05-12T18:37:50.092225+00:00,,f3947f660d9b05c157cc075b9a3674ec885f6fc238ccbafdee0fb3669814b7dc,,,,,,,,,,,,,,
nstxu_204202,8,mode,egn08w.1573E+02,nstxu_204202/N8/egn08w.1573E+02,nstxu_204202/N8/egn08w.1573E+02,true,bad,training_only,true,false,260528,,2026-05-12T18:37:49.996217+00:00,,4e1f3eb6e5a92d9fa3651e8db041d2fb701491a7e2a08b4bce30073031deb497,,,,,,,,,,,,,,
nstxu_204202,8,mode,egn08w.1583E+02,nstxu_204202/N8/egn08w.1583E+02,nstxu_204202/N8/egn08w.1583E+02,true,bad,training_only,true,false,260528,,2026-05-12T18:37:50.226235+00:00,,6ac2606d924869b20b2245eb7c774434e9be2978930e58a5dbb8ddbb35fe0b46,,,,,,,,,,,,,,
nstxu_204202,8,mode,egn08w.1612E+02,nstxu_204202/N8/egn08w.1612E+02,nstxu_204202/N8/egn08w.1612E+02,true,bad,training_only,true,false,260528,,2026-05-12T18:37:50.055222+00:00,,3e755bfb1f79dd305fd7709559421a8e93e8b1f68deec7f5908ffcf11d08760a,,,,,,,,,,,,,,
nstxu_204202,8,mode,egn08w.1650E+02,nstxu_204202/N8/egn08w.1650E+02,nstxu_204202/N8/egn08w.1650E+02,true,good,training_only,true,false,260528,,2026-05-12T18:37:50.023219+00:00,,9c0acbbd508ab0508eb80af52254fe61435d8f5a5b959d64b59c6ac908beb72c,,,,,,,,,,,,,,
nstxu_204202,8,mode,egn08w.2400E+02,nstxu_204202/N8/egn08w.2400E+02,nstxu_204202/N8/egn08w.2400E+02,false,,training_only,true,false,260528,,2026-05-12T18:37:50.006218+00:00,,edd7828ccd56dc90cfc5722f97817b59d9f50540063c88c03e10c9c6c9518bd9,,,,,,,,,,,,,,
nstxu_204202,8,mode,egn08w.5135E+01,nstxu_204202/N8/egn08w.5135E+01,nstxu_204202/N8/egn08w.5135E+01,true,bad,training_only,true,false,260528,,2026-05-12T18:37:50.061222+00:00,,e6484f5817db7fdc3184dd0584fb628e64c09a1d5d1a499a96d618b115cb4c8d,,,,,,,,,,,,,,
nstxu_204202,8,mode,egn08w.6173E+01,nstxu_204202/N8/egn08w.6173E+01,nstxu_204202/N8/egn08w.6173E+01,true,bad,training_only,true,false,260528,,2026-05-12T18:37:50.092225+00:00,,5ec675a630eb9d045919fbd9ad88c595ed842a43cbb4399ef90db34cec183bc7,,,,,,,,,,,,,,
nstxu_204202,8,mode,egn08w.6595E+01,nstxu_204202/N8/egn08w.6595E+01,nstxu_204202/N8/egn08w.6595E+01,true,bad,training_only,true,false,260528,,2026-05-12T18:37:50.064223+00:00,,b1a35fcc47365b794cbd79dcc87e2c8501362be6af9fd7762bfac666a1ad45d1,,,,,,,,,,,,,,
nstxu_204202,9,mode,egn09w.1241E+02,nstxu_204202/N9/egn09w.1241E+02,nstxu_204202/N9/egn09w.1241E+02,true,bad,training_only,true,false,260528,,2026-05-12T18:37:50.515258+00:00,,67c463a568b10549eefbc7bfb51194997ee717e6ccc883c7bacf4ebf8e0d6b34,,,,,,,,,,,,,,
nstxu_204202,9,mode,egn09w.2021E+02,nstxu_204202/N9/egn09w.2021E+02,nstxu_204202/N9/egn09w.2021E+02,true,bad,training_only,true,false,260528,,2026-05-12T18:37:50.273239+00:00,,873bf7b2a2a9f61cb7c70756e9c1204ab8250bb96362461b1c0dbafab0772859,,,,,,,,,,,,,,
nstxu_204202,9,mode,egn09w.3069E+02,nstxu_204202/N9/egn09w.3069E+02,nstxu_204202/N9/egn09w.3069E+02,false,,training_only,true,false,260528,,2026-05-12T18:37:50.258238+00:00,,f804eeeae2e5644fc7dcaddb62f1c735d5f527e1be9471bf2bd42119c6209a9d,,,,,,,,,,,,,,
nstxu_204202,9,mode,egn09w.3222E+02,nstxu_204202/N9/egn09w.3222E+02,nstxu_204202/N9/egn09w.3222E+02,true,bad,training_only,true,false,260528,,2026-05-12T18:37:50.275239+00:00,,3aaf515fd6e5ffb39bc4644e753b1e49a673c87cece24eb2bd5a29a7496ffea6,,,,,,,,,,,,,,
nstxu_204202,9,mode,egn09w.3282E+02,nstxu_204202/N9/egn09w.3282E+02,nstxu_204202/N9/egn09w.3282E+02,true,bad,training_only,true,false,260528,,2026-05-12T18:37:50.388248+00:00,,ec91df303cc0d38b1cf456b2888c2a6b02226866044e74a02b8f9ef7e1f94d7c,,,,,,,,,,,,,,
nstxu_204202,9,mode,egn09w.3285E+02,nstxu_204202/N9/egn09w.3285E+02,nstxu_204202/N9/egn09w.3285E+02,true,bad,training_only,true,false,260528,,2026-05-12T18:37:50.277239+00:00,,63254a3898b838c6ce17a9d7ce6f7d9b55c102bd8322c67d706583b8f679fa07,,,,,,,,,,,,,,
nstxu_204202,9,mode,egn09w.3289E+02,nstxu_204202/N9/egn09w.3289E+02,nstxu_204202/N9/egn09w.3289E+02,true,bad,training_only,true,false,260528,,2026-05-12T18:37:50.277239+00:00,,009d4a3f2daa831eb6000a22e3e839301609fd6e67359d91841d07209775a434,,,,,,,,,,,,,,
nstxu_204202,9,mode,egn09w.3315E+02,nstxu_204202/N9/egn09w.3315E+02,nstxu_204202/N9/egn09w.3315E+02,true,bad,training_only,true,false,260528,,2026-05-12T18:37:50.293240+00:00,,93063abf4426c45face6b6950a7031022f6280e5e31b7cd4c370b3ff5cb04e58,,,,,,,,,,,,,,
nstxu_204202,9,mode,egn09w.3433E+02,nstxu_204202/N9/egn09w.3433E+02,nstxu_204202/N9/egn09w.3433E+02,false,,training_only,true,false,260528,,2026-05-12T18:37:50.281240+00:00,,5453995acfb978b0eb25e506a01bd7a0b80ac90c162d11abb41fd83353e3741d,,,,,,,,,,,,,,
nstxu_204202,9,mode,egn09w.3457E+02,nstxu_204202/N9/egn09w.3457E+02,nstxu_204202/N9/egn09w.3457E+02,false,,training_only,true,false,260528,,2026-05-12T18:37:50.392248+00:00,,5296ec7175b14d3ae267d137d01aa15d6e37c0c4f5d82e81d40ea50acff5b1a7,,,,,,,,,,,,,,
nstxu_204202,9,mode,egn09w.3472E+02,nstxu_204202/N9/egn09w.3472E+02,nstxu_204202/N9/egn09w.3472E+02,false,,training_only,true,false,260528,,2026-05-12T18:37:50.284240+00:00,,66d4f8f32b2d81d727042cfb480864f279bae10e7995fce814f8795393c4696f,,,,,,,,,,,,,,
nstxu_204202,9,mode,egn09w.3491E+02,nstxu_204202/N9/egn09w.3491E+02,nstxu_204202/N9/egn09w.3491E+02,false,,training_only,true,false,260528,,2026-05-12T18:37:50.309242+00:00,,66da9e816ac57ae568a40561e9ca1b2d54fce198f076cbca72d0fceb2608a4d2,,,,,,,,,,,,,,
nstxu_204202,9,mode,egn09w.5255E+01,nstxu_204202/N9/egn09w.5255E+01,nstxu_204202/N9/egn09w.5255E+01,true,bad,training_only,true,false,260528,,2026-05-12T18:37:50.408249+00:00,,39aea74332e63e19ad6ca2148caac046ca2a21f385cd363be235c0d260bd914b,,,,,,,,,,,,,,
nstxu_204202,9,mode,egn09w.5840E+01,nstxu_204202/N9/egn09w.5840E+01,nstxu_204202/N9/egn09w.5840E+01,true,bad,training_only,true,false,260528,,2026-05-12T18:37:50.431251+00:00,,3554269c146d05d73cba64ac450bf13bcb4932a45903fb9d548c476ac238a263,,,,,,,,,,,,,,
nstxu_204202,9,mode,egn09w.5962E+01,nstxu_204202/N9/egn09w.5962E+01,nstxu_204202/N9/egn09w.5962E+01,true,bad,training_only,true,false,260528,,2026-05-12T18:37:50.435251+00:00,,6c46b414aa2aa9bd8d1ce174eba9d1c350f3765b3423f6470c8e522b6e218bcf,,,,,,,,,,,,,,
nstxu_204202,9,mode,egn09w.6129E+01,nstxu_204202/N9/egn09w.6129E+01,nstxu_204202/N9/egn09w.6129E+01,true,bad,training_only,true,false,260528,,2026-05-12T18:37:50.363246+00:00,,52f5826391dda70ecdad87d5f5b1b308410768171201f56d8245ea46f8896a14,,,,,,,,,,,,,,
nstxu_204202,9,mode,egn09w.6742E+01,nstxu_204202/N9/egn09w.6742E+01,nstxu_204202/N9/egn09w.6742E+01,true,bad,training_only,true,false,260528,,2026-05-12T18:37:50.334244+00:00,,2ceda5afe6455aeb4b68d01dcb6e99133a79a2685303edb5e95e20c7daf6e272,,,,,,,,,,,,,,
nstxu_204202,9,mode,egn09w.6922E+01,nstxu_204202/N9/egn09w.6922E+01,nstxu_204202/N9/egn09w.6922E+01,true,bad,training_only,true,false,260528,,2026-05-12T18:37:50.347245+00:00,,690a14f2aec3dd6b9e657a14b9ecf59332bba531b81678d62589fbf5b14f08d3,,,,,,,,,,,,,,
nstxu_204202,9,mode,egn09w.9649E+01,nstxu_204202/N9/egn09w.9649E+01,nstxu_204202/N9/egn09w.9649E+01,true,bad,training_only,true,false,260528,,2026-05-12T18:37:50.455253+00:00,,42e1376cb0a2648ab6d452af3281574b720b7a035daf7fa7fc5bbf1f0cd3c05d,,,,,,,,,,,,,,
nstxu_204202,10,mode,egn10w.1012E+02,nstxu_204202/N10/egn10w.1012E+02,nstxu_204202/N10/egn10w.1012E+02,true,bad,training_only,true,false,260528,,2026-05-12T18:37:48.729119+00:00,,5661a000406a556dd84af4ab9a773194515a05db348d77a455042cb5ac3d92f8,,,,,,,,,,,,,,
nstxu_204202,10,mode,egn10w.1018E+02,nstxu_204202/N10/egn10w.1018E+02,nstxu_204202/N10/egn10w.1018E+02,true,bad,training_only,true,false,260528,,2026-05-12T18:37:48.709117+00:00,,c8bc5fdfbe081bf3aa1941868bbf04d987ce5ef2ef9903b2512dcd096f663336,,,,,,,,,,,,,,
nstxu_204202,10,mode,egn10w.1123E+02,nstxu_204202/N10/egn10w.1123E+02,nstxu_204202/N10/egn10w.1123E+02,true,bad,training_only,true,false,260528,,2026-05-12T18:37:48.977138+00:00,,0cfeed1a4133cb36669af26c1a4f64c043d0ef1f07a8640fc9dde4a5a972053b,,,,,,,,,,,,,,
nstxu_204202,10,mode,egn10w.1245E+02,nstxu_204202/N10/egn10w.1245E+02,nstxu_204202/N10/egn10w.1245E+02,true,bad,training_only,true,false,260528,,2026-05-12T18:37:48.788124+00:00,,3a11d5c63861ffa011a76798908fadbfc6f8cffd35003068cdd58262e923b1eb,,,,,,,,,,,,,,
nstxu_204202,10,mode,egn10w.1334E+02,nstxu_204202/N10/egn10w.1334E+02,nstxu_204202/N10/egn10w.1334E+02,true,bad,training_only,true,false,260528,,2026-05-12T18:37:49.102148+00:00,,feb7c64462727ae577281d6d2c31da2e449f3733a94670c0a03ec2b6d950ab07,,,,,,,,,,,,,,
nstxu_204202,10,mode,egn10w.1657E+02,nstxu_204202/N10/egn10w.1657E+02,nstxu_204202/N10/egn10w.1657E+02,true,bad,training_only,true,false,260528,,2026-05-12T18:37:49.188155+00:00,,b6e6e345353b4e6ba72460e1cb7c35f54038254b16c6ebe5f135e386e78371b2,,,,,,,,,,,,,,
nstxu_204202,10,mode,egn10w.1690E+02,nstxu_204202/N10/egn10w.1690E+02,nstxu_204202/N10/egn10w.1690E+02,true,bad,training_only,true,false,260528,,2026-05-12T18:37:49.192155+00:00,,c2be7ec51696a443498d074a0d881aff2cbe39bef7dc1107ffd217d58b26d21b,,,,,,,,,,,,,,
nstxu_204202,10,mode,egn10w.2573E+02,nstxu_204202/N10/egn10w.2573E+02,nstxu_204202/N10/egn10w.2573E+02,true,bad,training_only,true,false,260528,,2026-05-12T18:37:49.258160+00:00,,d2bdc119d00085685f6730c13d83198ff09a242c8dfe8b89fb018fc40148a66e,,,,,,,,,,,,,,
nstxu_204202,10,mode,egn10w.2918E+02,nstxu_204202/N10/egn10w.2918E+02,nstxu_204202/N10/egn10w.2918E+02,true,bad,training_only,true,false,260528,,2026-05-12T18:37:49.287162+00:00,,03df535f9f35c8a4eb29e977b8765695028565d9e56c30598f589a39370a8256,,,,,,,,,,,,,,
nstxu_204202,10,mode,egn10w.2984E+02,nstxu_204202/N10/egn10w.2984E+02,nstxu_204202/N10/egn10w.2984E+02,false,,training_only,true,false,260528,,2026-05-12T18:37:49.295163+00:00,,b081e52d965c7a427bbe0029eccd8063d890e5db5ca13a2ee6f399a96b2a1d26,,,,,,,,,,,,,,
nstxu_204202,10,mode,egn10w.3007E+02,nstxu_204202/N10/egn10w.3007E+02,nstxu_204202/N10/egn10w.3007E+02,false,,training_only,true,false,260528,,2026-05-12T18:37:49.305164+00:00,,e5c408b0fd7dc464aeb2993623f565868601bd8b859f9dcbd2ce50fa8a885bc0,,,,,,,,,,,,,,
nstxu_204202,10,mode,egn10w.3048E+02,nstxu_204202/N10/egn10w.3048E+02,nstxu_204202/N10/egn10w.3048E+02,true,bad,training_only,true,false,260528,,2026-05-12T18:37:49.327165+00:00,,85d422a1036b9e57c04da51509aab9a249e09a01fea92b08336d679a018d3835,,,,,,,,,,,,,,
nstxu_204202,10,mode,egn10w.3100E+02,nstxu_204202/N10/egn10w.3100E+02,nstxu_204202/N10/egn10w.3100E+02,false,,training_only,true,false,260528,,2026-05-12T18:37:49.340166+00:00,,a78e75449ab0509355ee1f7a28bc9e360a2b311f0c478f1d87cd18e6b780d452,,,,,,,,,,,,,,
nstxu_204202,10,mode,egn10w.3122E+02,nstxu_204202/N10/egn10w.3122E+02,nstxu_204202/N10/egn10w.3122E+02,false,,training_only,true,false,260528,,2026-05-12T18:37:48.842128+00:00,,99d28b6a3bc1499a591a659ddf7358539fc1fee1733f3e7b4be265e55e77dfe8,,,,,,,,,,,,,,
nstxu_204202,10,mode,egn10w.3143E+02,nstxu_204202/N10/egn10w.3143E+02,nstxu_204202/N10/egn10w.3143E+02,false,,training_only,true,false,260528,,2026-05-12T18:37:48.818126+00:00,,907323531f7b7a69814c1e28b27ad72ea6b1f9a99f4087ecb8a8c191069198c0,,,,,,,,,,,,,,
nstxu_204202,10,mode,egn10w.3164E+02,nstxu_204202/N10/egn10w.3164E+02,nstxu_204202/N10/egn10w.3164E+02,false,,training_only,true,false,260528,,2026-05-12T18:37:48.845128+00:00,,82540e64335efdd55d865df5de064840fc57f43e912bec2c63c7cc17017df9fb,,,,,,,,,,,,,,
nstxu_204202,10,mode,egn10w.3184E+02,nstxu_204202/N10/egn10w.3184E+02,nstxu_204202/N10/egn10w.3184E+02,false,,training_only,true,false,260528,,2026-05-12T18:37:48.799124+00:00,,f55a312eed356f007fb8992de1b8224f3851645d84151a12d03afebfdd914a89,,,,,,,,,,,,,,
nstxu_204202,10,mode,egn10w.3225E+02,nstxu_204202/N10/egn10w.3225E+02,nstxu_204202/N10/egn10w.3225E+02,false,,training_only,true,false,260528,,2026-05-12T18:37:48.812125+00:00,,468e0559fa0ca4d9f17529303cbef2a88c3a2ff114dbeb5f44300114a840c245,,,,,,,,,,,,,,
nstxu_204202,10,mode,egn10w.3231E+02,nstxu_204202/N10/egn10w.3231E+02,nstxu_204202/N10/egn10w.3231E+02,true,bad,training_only,true,false,260528,,2026-05-12T18:37:49.015141+00:00,,f9bbf50b0bf2bd70c9af441c6c0fa5f764e8afc1433800309e202fac77481631,,,,,,,,,,,,,,
nstxu_204202,10,mode,egn10w.3235E+02,nstxu_204202/N10/egn10w.3235E+02,nstxu_204202/N10/egn10w.3235E+02,true,bad,training_only,true,false,260528,,2026-05-12T18:37:48.815126+00:00,,dfd4a8083ca69032a3746b1fc2fcaf6cb5ad2a7d173a908e24a8a2e68712c4bf,,,,,,,,,,,,,,
nstxu_204202,10,mode,egn10w.3254E+02,nstxu_204202/N10/egn10w.3254E+02,nstxu_204202/N10/egn10w.3254E+02,false,,training_only,true,false,260528,,2026-05-12T18:37:48.863129+00:00,,fdd0e4a204ebdd51164e303fb19a38361aec096f8dc61b185e6d604e4a196da3,,,,,,,,,,,,,,
nstxu_204202,10,mode,egn10w.3282E+02,nstxu_204202/N10/egn10w.3282E+02,nstxu_204202/N10/egn10w.3282E+02,false,,training_only,true,false,260528,,2026-05-12T18:37:48.817126+00:00,,57e77ba201b51029557919460461ed3c8a3b3585fd1ca459600201c2bfd3405d,,,,,,,,,,,,,,
nstxu_204202,10,mode,egn10w.3318E+02,nstxu_204202/N10/egn10w.3318E+02,nstxu_204202/N10/egn10w.3318E+02,false,,training_only,true,false,260528,,2026-05-12T18:37:49.079146+00:00,,67322cacaebf856265caef6e21d1312000e3d8d557b01fe46f7725c38006e338,,,,,,,,,,,,,,
nstxu_204202,10,mode,egn10w.3356E+02,nstxu_204202/N10/egn10w.3356E+02,nstxu_204202/N10/egn10w.3356E+02,false,,training_only,true,false,260528,,2026-05-12T18:37:48.818126+00:00,,571948f8a1ae72b290bac93fe6f82ab2e8920c64585a56c1b5cb1a9a8d15a928,,,,,,,,,,,,,,
nstxu_204202,10,mode,egn10w.3405E+02,nstxu_204202/N10/egn10w.3405E+02,nstxu_204202/N10/egn10w.3405E+02,false,,training_only,true,false,260528,,2026-05-12T18:37:48.879131+00:00,,9273079faddf31a819b444d80ca0957b4c71145034d07f640e00fed5a9cd6c02,,,,,,,,,,,,,,
nstxu_204202,10,mode,egn10w.5402E+01,nstxu_204202/N10/egn10w.5402E+01,nstxu_204202/N10/egn10w.5402E+01,true,bad,training_only,true,false,260528,,2026-05-12T18:37:48.833127+00:00,,b8277fda232d6cd6638ec13dd68598e1a0a7703bcc4059ac764c4a3672cde93d,,,,,,,,,,,,,,
nstxu_204202,10,mode,egn10w.5558E+01,nstxu_204202/N10/egn10w.5558E+01,nstxu_204202/N10/egn10w.5558E+01,true,bad,training_only,true,false,260528,,2026-05-12T18:37:48.908133+00:00,,3dd4be39a4f3eaf2c9a21aa090e6d8da4c09c8fa7c8343a5ed32962ed4cf62c9,,,,,,,,,,,,,,
nstxu_204202,10,mode,egn10w.5883E+01,nstxu_204202/N10/egn10w.5883E+01,nstxu_204202/N10/egn10w.5883E+01,true,bad,training_only,true,false,260528,,2026-05-12T18:37:48.980139+00:00,,86bf12d71fd87ab62f6fd387662d069aa191365a0415a3ab0b6d558d2a4b5aa1,,,,,,,,,,,,,,
nstxu_204202,10,mode,egn10w.6022E+01,nstxu_204202/N10/egn10w.6022E+01,nstxu_204202/N10/egn10w.6022E+01,true,bad,training_only,true,false,260528,,2026-05-12T18:37:49.116149+00:00,,e9a40d940101e31e09a7b92151394d8160b0219ed7930ef0e159bae1c2e67526,,,,,,,,,,,,,,
nstxu_204202,10,mode,egn10w.6112E+01,nstxu_204202/N10/egn10w.6112E+01,nstxu_204202/N10/egn10w.6112E+01,true,bad,training_only,true,false,260528,,2026-05-12T18:37:48.882131+00:00,,cc2ccc77853675c28a7ada45eb4859a9054278500fc903c1e056bf7f32e47a0f,,,,,,,,,,,,,,
nstxu_204202,10,mode,egn10w.6610E+01,nstxu_204202/N10/egn10w.6610E+01,nstxu_204202/N10/egn10w.6610E+01,true,bad,training_only,true,false,260528,,2026-05-12T18:37:49.000140+00:00,,a68a6b1a47b8cffab7d1af23cb76cf4db66f9f16efe2cb03f8a1e54424ad17b8,,,,,,,,,,,,,,
nstxu_204202,10,mode,egn10w.6723E+01,nstxu_204202/N10/egn10w.6723E+01,nstxu_204202/N10/egn10w.6723E+01,true,bad,training_only,true,false,260528,,2026-05-12T18:37:48.931135+00:00,,f5714d4bb45add199eecafc1af661dd1ab40e17a493b362ebe713faee88c195e,,,,,,,,,,,,,,
nstxu_204202,10,mode,egn10w.6943E+01,nstxu_204202/N10/egn10w.6943E+01,nstxu_204202/N10/egn10w.6943E+01,true,bad,training_only,true,false,260528,,2026-05-12T18:37:48.956136+00:00,,7262758e97dfdec75546a68a9e818f600dc9c4701eb48f382207108950a5081f,,,,,,,,,,,,,,
nstxu_204202,10,mode,egn10w.7180E+01,nstxu_204202/N10/egn10w.7180E+01,nstxu_204202/N10/egn10w.7180E+01,true,bad,training_only,true,false,260528,,2026-05-12T18:37:48.909133+00:00,,ad7a959c14626ab547293e2b4ba6280af1931c6c4a8e545d77ec3fb8f4de5599,,,,,,,,,,,,,,
nstxu_204202,10,mode,egn10w.7437E+01,nstxu_204202/N10/egn10w.7437E+01,nstxu_204202/N10/egn10w.7437E+01,true,bad,training_only,true,false,260528,,2026-05-12T18:37:49.004140+00:00,,6fd55a3d423f3f3779ca7ef9dccb861828050b330290095439bcdf37c6e2aab6,,,,,,,,,,,,,,
nstxu_204202,10,mode,egn10w.8050E+01,nstxu_204202/N10/egn10w.8050E+01,nstxu_204202/N10/egn10w.8050E+01,true,bad,training_only,true,false,260528,,2026-05-12T18:37:48.960137+00:00,,19aa34ec1157d0f07c2538f28280d28aa7b0f77a9c7e1eca986e1858b03e8ae6,,,,,,,,,,,,,,
nstxu_204202,10,mode,egn10w.8334E+01,nstxu_204202/N10/egn10w.8334E+01,nstxu_204202/N10/egn10w.8334E+01,true,bad,training_only,true,false,260528,,2026-05-12T18:37:49.233158+00:00,,979e84b2339f2e8c5db37b49df16336e3c6d1223de081f9a9a7448c072685974,,,,,,,,,,,,,,
nstxu_204202,10,mode,egn10w.8645E+01,nstxu_204202/N10/egn10w.8645E+01,nstxu_204202/N10/egn10w.8645E+01,true,bad,training_only,true,false,260528,,2026-05-12T18:37:49.255160+00:00,,b6ad76390267a044cb5b198f73f8b77c00d86f84b51acf3e7492ee16a4965d55,,,,,,,,,,,,,,
nstxu_204202,10,mode,egn10w.9186E+01,nstxu_204202/N10/egn10w.9186E+01,nstxu_204202/N10/egn10w.9186E+01,true,bad,training_only,true,false,260528,,2026-05-12T18:37:49.026142+00:00,,0fe8d075e6ec5c1441b8515e7b549fb0fd25c400edd9de142be80c395628b927,,,,,,,,,,,,,,
nstxu_204202,10,mode,egn10w.9591E+01,nstxu_204202/N10/egn10w.9591E+01,nstxu_204202/N10/egn10w.9591E+01,true,bad,training_only,true,false,260528,,2026-05-12T18:37:49.091147+00:00,,e1bfafe238e329d0decab978802d645a9e4fbb878c292316716346955f383952,,,,,,,,,,,,,,
nstxu_204202,10,mode,egn10w.9791E+01,nstxu_204202/N10/egn10w.9791E+01,nstxu_204202/N10/egn10w.9791E+01,true,bad,training_only,true,false,260528,,2026-05-12T18:37:49.030142+00:00,,f07c1b8d03bb97be72effb94e61a0201de65e57426b20fba557d4324164c15ca,,,,,,,,,,,,,,
nstxu_204202,10,mode,egn10w.9884E+01,nstxu_204202/N10/egn10w.9884E+01,nstxu_204202/N10/egn10w.9884E+01,true,bad,training_only,true,false,260528,,2026-05-12T18:37:49.034143+00:00,,191d80862a859adad1d26ef9c007e9436a69e8f31ec8f85d5be5786d8c9c5122,,,,,,,,,,,,,,
