shot,ntor,path,in_training_list,status,error,mode_matches_log_directory_copy,omega,nr,gap_region,n_all_crossings,n_interior_crossings,log_match_count,log,log_line,logged_omega2,singularities,median_interior_offset_grid,fraction_interior_abs_gt_2,log_grid_radius_max_error
nstxuE205059A01t025,1,nstxuE205059A01t025/N1/egn01w.1036E+03,False,MATCHED,,True,10.176479347391943,201,eae_like,0,0,2,/p/nstxdigtwin/energetic_particles/nova/DiTw/nstxuE205059A01t025/N1/out_go,21339,103.56073190789473,"[0.29, 0.59]",,,0.0
nstxuE205059A01t025,1,nstxuE205059A01t025/N1/egn01w.1037E+03,False,MATCHED,,True,10.180963353368462,201,eae_like,0,0,2,/p/nstxdigtwin/energetic_particles/nova/DiTw/nstxuE205059A01t025/N1/out_go,21371,103.65201480263158,"[0.29, 0.595]",,,0.0
nstxuE205059A01t025,1,nstxuE205059A01t025/N1/egn01w.1039E+03,False,MATCHED,,True,10.194443871799146,201,eae_like,0,0,2,/p/nstxdigtwin/energetic_particles/nova/DiTw/nstxuE205059A01t025/N1/out_go,21409,103.92668585526317,"[0.29, 0.595]",,,0.0
nstxuE205059A01t025,1,nstxuE205059A01t025/N1/egn01w.1043E+03,False,MATCHED,,True,10.212819681912688,201,eae_like,0,0,2,/p/nstxdigtwin/energetic_particles/nova/DiTw/nstxuE205059A01t025/N1/out_go,21468,104.30168585526317,"[0.295, 0.595]",,,0.0
nstxuE205059A01t025,1,nstxuE205059A01t025/N1/egn01w.1044E+03,False,MATCHED,,True,10.219802677954002,201,eae_like,0,0,2,/p/nstxdigtwin/energetic_particles/nova/DiTw/nstxuE205059A01t025/N1/out_go,21530,104.44436677631577,"[0.295, 0.6]",,,0.0
nstxuE205059A01t025,1,nstxuE205059A01t025/N1/egn01w.1047E+03,False,MATCHED,,True,10.23303112410209,201,eae_like,0,0,2,/p/nstxdigtwin/energetic_particles/nova/DiTw/nstxuE205059A01t025/N1/out_go,21568,104.7149259868421,"[0.295, 0.6]",,,0.0
nstxuE205059A01t025,1,nstxuE205059A01t025/N1/egn01w.1051E+03,False,MATCHED,,True,10.254004753599547,201,eae_like,0,0,2,/p/nstxdigtwin/energetic_particles/nova/DiTw/nstxuE205059A01t025/N1/out_go,21629,105.1446134868421,"[0.3, 0.6]",,,0.0
nstxuE205059A01t025,1,nstxuE205059A01t025/N1/egn01w.1052E+03,False,MATCHED,,True,10.258514996538754,201,eae_like,0,0,2,/p/nstxdigtwin/energetic_particles/nova/DiTw/nstxuE205059A01t025/N1/out_go,21687,105.23712993421051,"[0.3, 0.605]",,,0.0
nstxuE205059A01t025,1,nstxuE205059A01t025/N1/egn01w.1055E+03,False,MATCHED,,True,10.271453399310662,201,eae_like,0,0,2,/p/nstxdigtwin/energetic_particles/nova/DiTw/nstxuE205059A01t025/N1/out_go,21725,105.50275493421054,"[0.3, 0.605]",,,0.0
nstxuE205059A01t025,1,nstxuE205059A01t025/N1/egn01w.1059E+03,False,MATCHED,,True,10.292668331466771,201,eae_like,0,0,2,/p/nstxdigtwin/energetic_particles/nova/DiTw/nstxuE205059A01t025/N1/out_go,21769,105.93902138157895,"[0.3, 0.61]",,,0.0
nstxuE205059A01t025,1,nstxuE205059A01t025/N1/egn01w.1060E+03,False,MATCHED,,True,10.297041843349197,201,eae_like,0,0,2,/p/nstxdigtwin/energetic_particles/nova/DiTw/nstxuE205059A01t025/N1/out_go,21801,106.02907072368424,"[0.305, 0.61]",,,0.0
nstxuE205059A01t025,1,nstxuE205059A01t025/N1/egn01w.1063E+03,False,MATCHED,,True,10.309672658670952,201,eae_like,0,0,2,/p/nstxdigtwin/energetic_particles/nova/DiTw/nstxuE205059A01t025/N1/out_go,21882,106.28935032894736,"[0.305, 0.61]",,,0.0
nstxuE205059A01t025,1,nstxuE205059A01t025/N1/egn01w.1064E+03,False,MATCHED,,True,10.316410741731122,201,eae_like,0,0,2,/p/nstxdigtwin/energetic_particles/nova/DiTw/nstxuE205059A01t025/N1/out_go,21916,106.42833059210528,"[0.305, 0.61]",,,0.0
nstxuE205059A01t025,1,nstxuE205059A01t025/N1/egn01w.1067E+03,False,MATCHED,,True,10.330809105598448,201,eae_like,0,0,2,/p/nstxdigtwin/energetic_particles/nova/DiTw/nstxuE205059A01t025/N1/out_go,21954,106.7256167763158,"[0.305, 0.615]",,,0.0
nstxuE205059A01t025,1,nstxuE205059A01t025/N1/egn01w.1071E+03,False,MATCHED,,True,10.34761167778394,201,eae_like,0,0,2,/p/nstxdigtwin/energetic_particles/nova/DiTw/nstxuE205059A01t025/N1/out_go,22048,107.07306743421054,"[0.31, 0.615]",,,0.0
nstxuE205059A01t025,1,nstxuE205059A01t025/N1/egn01w.1076E+03,False,MATCHED,,True,10.37342846372911,201,eae_like,0,0,2,/p/nstxdigtwin/energetic_particles/nova/DiTw/nstxuE205059A01t025/N1/out_go,22136,107.60801809210528,"[0.31, 0.62]",,,0.0
nstxuE205059A01t025,1,nstxuE205059A01t025/N1/egn01w.1083E+03,False,MATCHED,,True,10.406671300939099,201,eae_like,0,0,2,/p/nstxdigtwin/energetic_particles/nova/DiTw/nstxuE205059A01t025/N1/out_go,22259,108.29880756578947,"[0.315, 0.625]",,,0.0
nstxuE205059A01t025,1,nstxuE205059A01t025/N1/egn01w.1086E+03,False,MATCHED,,True,10.422602037096315,201,eae_like,0,0,2,/p/nstxdigtwin/energetic_particles/nova/DiTw/nstxuE205059A01t025/N1/out_go,22327,108.63063322368424,"[0.315, 0.625]",,,0.0
nstxuE205059A01t025,1,nstxuE205059A01t025/N1/egn01w.1091E+03,False,MATCHED,,True,10.444041442120808,201,eae_like,0,0,2,/p/nstxdigtwin/energetic_particles/nova/DiTw/nstxuE205059A01t025/N1/out_go,22397,109.07800164473687,"[0.32, 0.63]",,,0.0
nstxuE205059A01t025,1,nstxuE205059A01t025/N1/egn01w.1092E+03,False,MATCHED,,True,10.448587713053302,201,eae_like,0,0,2,/p/nstxdigtwin/energetic_particles/nova/DiTw/nstxuE205059A01t025/N1/out_go,22446,109.1729851973684,"[0.32, 0.63]",,,0.0
nstxuE205059A01t025,1,nstxuE205059A01t025/N1/egn01w.1094E+03,False,MATCHED,,True,10.459561462453486,201,eae_like,0,0,2,/p/nstxdigtwin/energetic_particles/nova/DiTw/nstxuE205059A01t025/N1/out_go,22482,109.4024259868421,"[0.32, 0.63]",,,0.0
nstxuE205059A01t025,1,nstxuE205059A01t025/N1/egn01w.1099E+03,False,MATCHED,,True,10.485612401486646,201,eae_like,0,0,2,/p/nstxdigtwin/energetic_particles/nova/DiTw/nstxuE205059A01t025/N1/out_go,22584,109.94806743421054,"[0.325, 0.635]",,,0.0
nstxuE205059A01t025,1,nstxuE205059A01t025/N1/egn01w.1102E+03,False,MATCHED,,True,10.49611652808088,201,eae_like,0,0,2,/p/nstxdigtwin/energetic_particles/nova/DiTw/nstxuE205059A01t025/N1/out_go,22637,110.16846217105262,"[0.325, 0.635]",,,0.0
nstxuE205059A01t025,1,nstxuE205059A01t025/N1/egn01w.1106E+03,False,MATCHED,,True,10.516917370923958,201,eae_like,0,0,2,/p/nstxdigtwin/energetic_particles/nova/DiTw/nstxuE205059A01t025/N1/out_go,22681,110.6055509868421,"[0.325, 0.635]",,,0.0
nstxuE205059A01t025,1,nstxuE205059A01t025/N1/egn01w.1109E+03,False,MATCHED,,True,10.53219336318289,201,eae_like,0,0,2,/p/nstxdigtwin/energetic_particles/nova/DiTw/nstxuE205059A01t025/N1/out_go,22773,110.9270970394737,"[0.33, 0.64]",,,0.0
nstxuE205059A01t025,1,nstxuE205059A01t025/N1/egn01w.1113E+03,False,MATCHED,,True,10.551033171535483,201,eae_like,0,0,2,/p/nstxdigtwin/energetic_particles/nova/DiTw/nstxuE205059A01t025/N1/out_go,22862,111.3243009868421,"[0.33, 0.64]",,,0.0
nstxuE205059A01t025,1,nstxuE205059A01t025/N1/egn01w.1114E+03,False,MATCHED,,True,10.553624424189167,201,eae_like,0,0,2,/p/nstxdigtwin/energetic_particles/nova/DiTw/nstxuE205059A01t025/N1/out_go,22892,111.3789884868421,"[0.33, 0.645]",,,0.0
nstxuE205059A01t025,1,nstxuE205059A01t025/N1/egn01w.1115E+03,False,MATCHED,,True,10.558298759618825,201,eae_like,0,0,2,/p/nstxdigtwin/energetic_particles/nova/DiTw/nstxuE205059A01t025/N1/out_go,22924,111.47767269736843,"[0.33, 0.645]",,,0.0
nstxuE205059A01t025,1,nstxuE205059A01t025/N1/egn01w.1117E+03,False,MATCHED,,True,10.567796865577295,201,eae_like,0,0,2,/p/nstxdigtwin/energetic_particles/nova/DiTw/nstxuE205059A01t025/N1/out_go,22958,111.67833059210528,"[0.33, 0.645]",,,0.0
nstxuE205059A01t025,1,nstxuE205059A01t025/N1/egn01w.1122E+03,False,MATCHED,,True,10.59022366010523,201,eae_like,0,0,2,/p/nstxdigtwin/energetic_particles/nova/DiTw/nstxuE205059A01t025/N1/out_go,23049,112.15283717105262,"[0.335, 0.65]",,,0.0
nstxuE205059A01t025,1,nstxuE205059A01t025/N1/egn01w.1124E+03,False,MATCHED,,True,10.602854242707728,201,eae_like,0,0,2,/p/nstxdigtwin/energetic_particles/nova/DiTw/nstxuE205059A01t025/N1/out_go,23113,112.42051809210528,"[0.335, 0.65]",,,0.0
nstxuE205059A01t025,1,nstxuE205059A01t025/N1/egn01w.1125E+03,False,MATCHED,,True,10.608359647367482,201,eae_like,0,0,2,/p/nstxdigtwin/energetic_particles/nova/DiTw/nstxuE205059A01t025/N1/out_go,23145,112.53729440789473,"[0.335, 0.65]",,,0.0
nstxuE205059A01t025,1,nstxuE205059A01t025/N1/egn01w.1127E+03,False,MATCHED,,True,10.615431062596414,201,eae_like,0,0,2,/p/nstxdigtwin/energetic_particles/nova/DiTw/nstxuE205059A01t025/N1/out_go,23179,112.68737664473684,"[0.335, 0.65]",,,0.0
nstxuE205059A01t025,1,nstxuE205059A01t025/N1/egn01w.1128E+03,False,MATCHED,,True,10.619129570211834,201,eae_like,0,0,2,/p/nstxdigtwin/energetic_particles/nova/DiTw/nstxuE205059A01t025/N1/out_go,23209,112.76591282894739,"[0.335, 0.65]",,,0.0
nstxuE205059A01t025,1,nstxuE205059A01t025/N1/egn01w.1129E+03,False,MATCHED,,True,10.625187691840654,201,eae_like,0,0,2,/p/nstxdigtwin/energetic_particles/nova/DiTw/nstxuE205059A01t025/N1/out_go,23243,112.89461348684213,"[0.335, 0.655]",,,0.0
nstxuE205059A01t025,1,nstxuE205059A01t025/N1/egn01w.1130E+03,False,MATCHED,,True,10.62882477597693,201,eae_like,0,0,2,/p/nstxdigtwin/energetic_particles/nova/DiTw/nstxuE205059A01t025/N1/out_go,23273,112.97191611842106,"[0.335, 0.655]",,,0.0
nstxuE205059A01t025,1,nstxuE205059A01t025/N1/egn01w.1132E+03,False,MATCHED,,True,10.637293584489974,201,eae_like,0,0,2,/p/nstxdigtwin/energetic_particles/nova/DiTw/nstxuE205059A01t025/N1/out_go,23324,113.15201480263158,"[0.34, 0.655]",,,0.0
nstxuE205059A01t025,1,nstxuE205059A01t025/N1/egn01w.1136E+03,False,MATCHED,,True,10.65951630370475,201,eae_like,0,0,2,/p/nstxdigtwin/energetic_particles/nova/DiTw/nstxuE205059A01t025/N1/out_go,23393,113.62528782894736,"[0.34, 0.66]",,,0.0
nstxuE205059A01t025,1,nstxuE205059A01t025/N1/egn01w.1140E+03,False,MATCHED,,True,10.679036353258216,201,eae_like,0,0,2,/p/nstxdigtwin/energetic_particles/nova/DiTw/nstxuE205059A01t025/N1/out_go,23512,114.04181743421054,"[0.34500000000000003, 0.66]",,,5.551115123125783e-17
nstxuE205059A01t025,1,nstxuE205059A01t025/N1/egn01w.1141E+03,False,MATCHED,,True,10.68375203595579,201,eae_like,0,0,2,/p/nstxdigtwin/energetic_particles/nova/DiTw/nstxuE205059A01t025/N1/out_go,23561,114.14255756578947,"[0.34500000000000003, 0.66]",,,5.551115123125783e-17
nstxuE205059A01t025,1,nstxuE205059A01t025/N1/egn01w.1142E+03,False,MATCHED,,True,10.688581047203206,201,eae_like,0,0,2,/p/nstxdigtwin/energetic_particles/nova/DiTw/nstxuE205059A01t025/N1/out_go,23593,114.24576480263158,"[0.34500000000000003, 0.66]",,,5.551115123125783e-17
nstxuE205059A01t025,1,nstxuE205059A01t025/N1/egn01w.1146E+03,False,MATCHED,,True,10.704245883489904,201,eae_like,0,0,2,/p/nstxdigtwin/energetic_particles/nova/DiTw/nstxuE205059A01t025/N1/out_go,23681,114.58087993421054,"[0.34500000000000003, 0.665]",,,5.551115123125783e-17
nstxuE205059A01t025,1,nstxuE205059A01t025/N1/egn01w.1150E+03,False,MATCHED,,True,10.726023215206926,201,eae_like,0,0,2,/p/nstxdigtwin/energetic_particles/nova/DiTw/nstxuE205059A01t025/N1/out_go,23773,115.04757401315791,"[0.34500000000000003, 0.67]",,,5.551115123125783e-17
nstxuE205059A01t025,1,nstxuE205059A01t025/N1/egn01w.1151E+03,False,MATCHED,,True,10.729568634950114,201,eae_like,0,0,2,/p/nstxdigtwin/energetic_particles/nova/DiTw/nstxuE205059A01t025/N1/out_go,23820,115.12364309210525,"[0.35000000000000003, 0.67]",,,5.551115123125783e-17
nstxuE205059A01t025,1,nstxuE205059A01t025/N1/egn01w.1153E+03,False,MATCHED,,True,10.736598516167419,201,eae_like,0,0,2,/p/nstxdigtwin/energetic_particles/nova/DiTw/nstxuE205059A01t025/N1/out_go,23854,115.27454769736843,"[0.35000000000000003, 0.67]",,,5.551115123125783e-17
nstxuE205059A01t025,1,nstxuE205059A01t025/N1/egn01w.1154E+03,False,MATCHED,,True,10.744121327130724,201,eae_like,0,0,2,/p/nstxdigtwin/energetic_particles/nova/DiTw/nstxuE205059A01t025/N1/out_go,23888,115.43614309210525,"[0.35000000000000003, 0.67]",,,5.551115123125783e-17
nstxuE205059A01t025,1,nstxuE205059A01t025/N1/egn01w.1158E+03,False,MATCHED,,True,10.761596789534828,201,eae_like,0,0,2,/p/nstxdigtwin/energetic_particles/nova/DiTw/nstxuE205059A01t025/N1/out_go,23930,115.81196546052632,"[0.35000000000000003, 0.675]",,,5.551115123125783e-17
nstxuE205059A01t025,1,nstxuE205059A01t025/N1/egn01w.1160E+03,False,MATCHED,,True,10.76818573452176,201,eae_like,0,0,2,/p/nstxdigtwin/energetic_particles/nova/DiTw/nstxuE205059A01t025/N1/out_go,23964,115.95382401315791,"[0.35000000000000003, 0.675]",,,5.551115123125783e-17
nstxuE205059A01t025,1,nstxuE205059A01t025/N1/egn01w.1163E+03,False,MATCHED,,True,10.786365586507323,201,eae_like,0,0,2,/p/nstxdigtwin/energetic_particles/nova/DiTw/nstxuE205059A01t025/N1/out_go,24074,116.34568256578947,"[0.355, 0.675]",,,0.0
nstxuE205059A01t025,1,nstxuE205059A01t025/N1/egn01w.1164E+03,False,MATCHED,,True,10.790176986866097,201,eae_like,0,0,2,/p/nstxdigtwin/energetic_particles/nova/DiTw/nstxuE205059A01t025/N1/out_go,24134,116.42791940789473,"[0.355, 0.68]",,,0.0
nstxuE205059A01t025,1,nstxuE205059A01t025/N1/egn01w.1165E+03,False,MATCHED,,True,10.792748921211677,201,eae_like,0,0,2,/p/nstxdigtwin/energetic_particles/nova/DiTw/nstxuE205059A01t025/N1/out_go,24164,116.4834292763158,"[0.355, 0.68]",,,0.0
nstxuE205059A01t025,1,nstxuE205059A01t025/N1/egn01w.1166E+03,False,MATCHED,,True,10.798976178932794,201,eae_like,0,0,2,/p/nstxdigtwin/energetic_particles/nova/DiTw/nstxuE205059A01t025/N1/out_go,24198,116.61788651315791,"[0.355, 0.68, 0.965, 0.97]",,,0.0
nstxuE205059A01t025,1,nstxuE205059A01t025/N1/egn01w.1171E+03,False,MATCHED,,True,10.823165564147459,201,eae_like,0,0,2,/p/nstxdigtwin/energetic_particles/nova/DiTw/nstxuE205059A01t025/N1/out_go,24356,117.14091282894736,"[0.355, 0.685, 0.9500000000000001, 0.9550000000000001, 0.965, 0.97]",,,1.1102230246251565e-16
nstxuE205059A01t025,1,nstxuE205059A01t025/N1/egn01w.1173E+03,False,MATCHED,,True,10.828919689642953,201,eae_like,0,0,2,/p/nstxdigtwin/energetic_particles/nova/DiTw/nstxuE205059A01t025/N1/out_go,24421,117.26550164473684,"[0.355, 0.685, 0.9500000000000001, 0.9550000000000001, 0.965, 0.97]",,,1.1102230246251565e-16
nstxuE205059A01t025,1,nstxuE205059A01t025/N1/egn01w.1176E+03,False,MATCHED,,True,10.844590347386644,201,eae_like,0,0,2,/p/nstxdigtwin/energetic_particles/nova/DiTw/nstxuE205059A01t025/N1/out_go,24495,117.60513980263158,"[0.36, 0.685, 0.9500000000000001, 0.9550000000000001, 0.965, 0.97]",,,1.1102230246251565e-16
nstxuE205059A01t025,1,nstxuE205059A01t025/N1/egn01w.1179E+03,False,MATCHED,,True,10.858099011555238,201,eae_like,0,0,2,/p/nstxdigtwin/energetic_particles/nova/DiTw/nstxuE205059A01t025/N1/out_go,24594,117.89831414473684,"[0.36, 0.6900000000000001, 0.9500000000000001, 0.9550000000000001, 0.965, 0.97, 0.985]",,,1.1102230246251565e-16
nstxuE205059A01t025,1,nstxuE205059A01t025/N1/egn01w.1182E+03,False,MATCHED,,True,10.873481820828816,201,eae_like,0,0,2,/p/nstxdigtwin/energetic_particles/nova/DiTw/nstxuE205059A01t025/N1/out_go,24658,118.23260690789473,"[0.36, 0.6900000000000001, 0.93, 0.935, 0.9500000000000001, 0.9550000000000001, 0.965, 0.97, 0.98]",,,1.1102230246251565e-16
nstxuE205059A01t025,1,nstxuE205059A01t025/N1/egn01w.1183E+03,False,MATCHED,,True,10.878056512394211,201,eae_like,0,0,2,/p/nstxdigtwin/energetic_particles/nova/DiTw/nstxuE205059A01t025/N1/out_go,24732,118.3321134868421,"[0.36, 0.6950000000000001, 0.93, 0.935, 0.9500000000000001, 0.9550000000000001, 0.965, 0.97, 0.98]",,,1.1102230246251565e-16
nstxuE205059A01t025,1,nstxuE205059A01t025/N1/egn01w.1184E+03,False,MATCHED,,True,10.881363458854052,201,eae_like,0,0,2,/p/nstxdigtwin/energetic_particles/nova/DiTw/nstxuE205059A01t025/N1/out_go,24769,118.40407072368421,"[0.36, 0.6950000000000001, 0.93, 0.935, 0.9500000000000001, 0.9550000000000001, 0.965, 0.97, 0.98]",,,1.1102230246251565e-16
nstxuE205059A01t025,1,nstxuE205059A01t025/N1/egn01w.1189E+03,False,MATCHED,,True,10.905954508891003,201,eae_like,0,0,2,/p/nstxdigtwin/energetic_particles/nova/DiTw/nstxuE205059A01t025/N1/out_go,24890,118.93984375000002,"[0.365, 0.7000000000000001, 0.93, 0.935, 0.9500000000000001, 0.9550000000000001, 0.965, 0.97, 0.975]",,,1.1102230246251565e-16
nstxuE205059A01t025,1,nstxuE205059A01t025/N1/egn01w.1190E+03,False,MATCHED,,True,10.909196461436128,201,eae_like,0,0,2,/p/nstxdigtwin/energetic_particles/nova/DiTw/nstxuE205059A01t025/N1/out_go,24929,119.01056743421054,"[0.365, 0.7000000000000001, 0.93, 0.935, 0.9500000000000001, 0.9550000000000001, 0.965, 0.97, 0.975]",,,1.1102230246251565e-16
nstxuE205059A01t025,1,nstxuE205059A01t025/N1/egn01w.1293E+02,False,NO_LOGGED_SINGULARITIES,,True,3.5954594046647363,201,tae_like,0,0,2,/p/nstxdigtwin/energetic_particles/nova/DiTw/nstxuE205059A01t025/N1/out_go,2388,12.9273283305921,[],,,
nstxuE205059A01t025,1,nstxuE205059A01t025/N1/egn01w.1308E+02,False,NO_LOGGED_SINGULARITIES,,True,3.616689515425237,201,tae_like,0,0,2,/p/nstxdigtwin/energetic_particles/nova/DiTw/nstxuE205059A01t025/N1/out_go,2423,13.080443050986837,[],,,
nstxuE205059A01t025,1,nstxuE205059A01t025/N1/egn01w.1347E+02,False,NO_LOGGED_SINGULARITIES,,True,3.669959256684423,201,tae_like,0,0,2,/p/nstxdigtwin/energetic_particles/nova/DiTw/nstxuE205059A01t025/N1/out_go,2485,13.468600945723683,[],,,
nstxuE205059A01t025,1,nstxuE205059A01t025/N1/egn01w.1439E+02,False,NO_LOGGED_SINGULARITIES,,True,3.7935458249488487,201,tae_like,0,0,2,/p/nstxdigtwin/energetic_particles/nova/DiTw/nstxuE205059A01t025/N1/out_go,2565,14.39098992598684,[],,,
nstxuE205059A01t025,1,nstxuE205059A01t025/N1/egn01w.1637E+02,False,NO_LOGGED_SINGULARITIES,,True,4.046045243628258,201,tae_like,0,0,2,/p/nstxdigtwin/energetic_particles/nova/DiTw/nstxuE205059A01t025/N1/out_go,2704,16.37048211348685,[],,,
nstxuE205059A01t025,1,nstxuE205059A01t025/N1/egn01w.1814E+02,False,NO_LOGGED_SINGULARITIES,,True,4.2591456598295325,201,tae_like,0,0,2,/p/nstxdigtwin/energetic_particles/nova/DiTw/nstxuE205059A01t025/N1/out_go,2833,18.14032175164474,[],,,
nstxuE205059A01t025,1,nstxuE205059A01t025/N1/egn01w.1825E+02,False,NO_LOGGED_SINGULARITIES,,True,4.271858095392572,201,tae_like,0,0,2,/p/nstxdigtwin/energetic_particles/nova/DiTw/nstxuE205059A01t025/N1/out_go,2866,18.248771587171056,[],,,
nstxuE205059A01t025,1,nstxuE205059A01t025/N1/egn01w.1891E+02,False,NO_LOGGED_SINGULARITIES,,True,4.348551988843076,201,tae_like,0,0,2,/p/nstxdigtwin/energetic_particles/nova/DiTw/nstxuE205059A01t025/N1/out_go,2921,18.909904399671078,[],,,
nstxuE205059A01t025,1,nstxuE205059A01t025/N1/egn01w.1898E+02,False,NO_LOGGED_SINGULARITIES,,True,4.356222037024202,201,tae_like,0,0,2,/p/nstxdigtwin/energetic_particles/nova/DiTw/nstxuE205059A01t025/N1/out_go,2952,18.97667043585529,[],,,
nstxuE205059A01t025,1,nstxuE205059A01t025/N1/egn01w.1961E+02,False,MATCHED,,True,4.428758648438459,201,tae_like,0,0,2,/p/nstxdigtwin/energetic_particles/nova/DiTw/nstxuE205059A01t025/N1/out_go,3024,19.61390316611844,"[0.98, 0.985]",,,0.0
nstxuE205059A01t025,1,nstxuE205059A01t025/N1/egn01w.1963E+02,False,MATCHED,,True,4.43048173226504,201,tae_like,0,0,2,/p/nstxdigtwin/energetic_particles/nova/DiTw/nstxuE205059A01t025/N1/out_go,3057,19.629168379934228,"[0.98, 0.985]",,,0.0
nstxuE205059A01t025,1,nstxuE205059A01t025/N1/egn01w.2111E+02,False,MATCHED,,True,4.594763023820248,201,tae_like,0,0,2,/p/nstxdigtwin/energetic_particles/nova/DiTw/nstxuE205059A01t025/N1/out_go,3177,21.11184724506579,[0.97],,,0.0
nstxuE205059A01t025,1,nstxuE205059A01t025/N1/egn01w.2172E+02,False,MATCHED,,True,4.660983663228353,201,tae_like,0,0,2,/p/nstxdigtwin/energetic_particles/nova/DiTw/nstxuE205059A01t025/N1/out_go,3321,21.724768708881598,"[0.005, 0.11, 0.97]",,,0.0
nstxuE205059A01t025,1,nstxuE205059A01t025/N1/egn01w.2178E+02,False,MATCHED,,True,4.666532601555635,201,tae_like,0,0,2,/p/nstxdigtwin/energetic_particles/nova/DiTw/nstxuE205059A01t025/N1/out_go,3355,21.776526521381598,"[0.005, 0.115, 0.97]",,,0.0
nstxuE205059A01t025,1,nstxuE205059A01t025/N1/egn01w.2183E+02,False,MATCHED,,True,4.672393970911262,201,tae_like,0,0,2,/p/nstxdigtwin/energetic_particles/nova/DiTw/nstxuE205059A01t025/N1/out_go,3389,21.831265419407913,"[0.005, 0.12, 0.97]",,,0.0
nstxuE205059A01t025,1,nstxuE205059A01t025/N1/egn01w.2189E+02,False,MATCHED,,True,4.678539132339171,201,tae_like,0,0,2,/p/nstxdigtwin/energetic_particles/nova/DiTw/nstxuE205059A01t025/N1/out_go,3423,21.888728412828968,"[0.005, 0.125, 0.97]",,,0.0
nstxuE205059A01t025,1,nstxuE205059A01t025/N1/egn01w.2195E+02,False,MATCHED,,True,4.684955998255708,201,tae_like,2,0,2,/p/nstxdigtwin/energetic_particles/nova/DiTw/nstxuE205059A01t025/N1/out_go,3459,21.948812705592132,"[0.005, 0.13, 0.97]",,,0.0
nstxuE205059A01t025,1,nstxuE205059A01t025/N1/egn01w.2201E+02,False,MATCHED,,True,4.691643453812043,201,tae_like,2,0,2,/p/nstxdigtwin/energetic_particles/nova/DiTw/nstxuE205059A01t025/N1/out_go,3493,22.0115182976974,"[0.005, 0.135, 0.97]",,,0.0
nstxuE205059A01t025,1,nstxuE205059A01t025/N1/egn01w.2208E+02,False,MATCHED,,True,4.698616752111595,201,tae_like,2,0,2,/p/nstxdigtwin/energetic_particles/nova/DiTw/nstxuE205059A01t025/N1/out_go,3527,22.076999383223715,"[0.005, 0.14, 0.97]",,,0.0
nstxuE205059A01t025,1,nstxuE205059A01t025/N1/egn01w.2215E+02,False,MATCHED,,True,4.705885544530773,201,tae_like,2,0,2,/p/nstxdigtwin/energetic_particles/nova/DiTw/nstxuE205059A01t025/N1/out_go,3578,22.145358758223686,"[0.005, 0.145, 0.97]",,,0.0
nstxuE205059A01t025,1,nstxuE205059A01t025/N1/egn01w.2222E+02,False,MATCHED,,True,4.713475725282666,201,tae_like,2,0,2,/p/nstxdigtwin/energetic_particles/nova/DiTw/nstxuE205059A01t025/N1/out_go,3614,22.216853412828954,"[0.005, 0.15, 0.97]",,,0.0
nstxuE205059A01t025,1,nstxuE205059A01t025/N1/egn01w.2229E+02,False,MATCHED,,True,4.721412959821568,201,tae_like,2,0,2,/p/nstxdigtwin/energetic_particles/nova/DiTw/nstxuE205059A01t025/N1/out_go,3648,22.291740337171056,"[0.005, 0.155, 0.97]",,,0.0
nstxuE205059A01t025,1,nstxuE205059A01t025/N1/egn01w.2237E+02,False,MATCHED,,True,4.729733535563523,201,tae_like,3,0,2,/p/nstxdigtwin/energetic_particles/nova/DiTw/nstxuE205059A01t025/N1/out_go,3684,22.37037931743422,"[0.005, 0.16, 0.97]",,,0.0
nstxuE205059A01t025,1,nstxuE205059A01t025/N1/egn01w.2245E+02,False,MATCHED,,True,4.738457127137872,201,tae_like,3,1,2,/p/nstxdigtwin/energetic_particles/nova/DiTw/nstxuE205059A01t025/N1/out_go,3718,22.452975945723693,"[0.005, 0.165, 0.965]",6.491273620498666,1.0,0.0
nstxuE205059A01t025,1,nstxuE205059A01t025/N1/egn01w.2254E+02,False,MATCHED,,True,4.747630230365075,201,tae_like,3,1,2,/p/nstxdigtwin/energetic_particles/nova/DiTw/nstxuE205059A01t025/N1/out_go,3754,22.53999280427633,"[0.005, 0.17, 0.965]",8.998532389890451,1.0,0.0
nstxuE205059A01t025,1,nstxuE205059A01t025/N1/egn01w.2263E+02,False,MATCHED,,True,4.757277255239987,201,tae_like,3,1,2,/p/nstxdigtwin/energetic_particles/nova/DiTw/nstxuE205059A01t025/N1/out_go,3790,22.6316868832237,"[0.005, 0.17500000000000002, 0.965]",11.05926740478055,1.0,2.7755575615628914e-17
nstxuE205059A01t025,1,nstxuE205059A01t025/N1/egn01w.2273E+02,False,MATCHED,,True,4.76744383971145,201,tae_like,3,1,2,/p/nstxdigtwin/energetic_particles/nova/DiTw/nstxuE205059A01t025/N1/out_go,3824,22.728520764802653,"[0.005, 0.18, 0.965]",12.92147563045406,1.0,0.0
nstxuE205059A01t025,1,nstxuE205059A01t025/N1/egn01w.2283E+02,False,MATCHED,,True,4.778164316471064,201,tae_like,3,1,2,/p/nstxdigtwin/energetic_particles/nova/DiTw/nstxuE205059A01t025/N1/out_go,3860,22.830854235197386,"[0.005, 0.185, 0.96]",14.63923950258835,1.0,0.0
nstxuE205059A01t025,1,nstxuE205059A01t025/N1/egn01w.2294E+02,False,MATCHED,,True,4.789477892069077,201,tae_like,2,1,2,/p/nstxdigtwin/energetic_particles/nova/DiTw/nstxuE205059A01t025/N1/out_go,3896,22.939098478618448,"[0.005, 0.19, 0.96]",16.274526129228438,1.0,0.0
nstxuE205059A01t025,1,nstxuE205059A01t025/N1/egn01w.2305E+02,False,MATCHED,,True,4.801433897840204,201,tae_like,2,1,2,/p/nstxdigtwin/energetic_particles/nova/DiTw/nstxuE205059A01t025/N1/out_go,3934,23.053767475328975,"[0.005, 0.195, 0.96]",17.850225194135742,1.0,0.0
nstxuE205059A01t025,1,nstxuE205059A01t025/N1/egn01w.2318E+02,False,MATCHED,,True,4.8140755922155805,201,tae_like,2,1,2,/p/nstxdigtwin/energetic_particles/nova/DiTw/nstxuE205059A01t025/N1/out_go,3987,23.17532380756579,"[0.005, 0.2, 0.96]",19.380182113796092,1.0,0.0
nstxuE205059A01t025,1,nstxuE205059A01t025/N1/egn01w.2330E+02,False,MATCHED,,True,4.827440176691937,201,tae_like,2,1,2,/p/nstxdigtwin/energetic_particles/nova/DiTw/nstxuE205059A01t025/N1/out_go,4023,23.30417865953948,"[0.005, 0.20500000000000002, 0.96]",-19.111677761453794,1.0,2.7755575615628914e-17
nstxuE205059A01t025,1,nstxuE205059A01t025/N1/egn01w.2344E+02,False,MATCHED,,True,4.841574745009434,201,mixed,2,1,2,/p/nstxdigtwin/energetic_particles/nova/DiTw/nstxuE205059A01t025/N1/out_go,4088,23.440846011513166,"[0.005, 0.21, 0.96]",-18.627215378607318,1.0,0.0
nstxuE205059A01t025,1,nstxuE205059A01t025/N1/egn01w.2359E+02,False,MATCHED,,True,4.8564937409196896,201,mixed,2,1,2,/p/nstxdigtwin/energetic_particles/nova/DiTw/nstxuE205059A01t025/N1/out_go,4126,23.58553145559212,"[0.005, 0.21, 0.96]",-17.149622166492705,1.0,0.0
nstxuE205059A01t025,1,nstxuE205059A01t025/N1/egn01w.2374E+02,False,MATCHED,,True,4.872195233136974,201,mixed,2,1,2,/p/nstxdigtwin/energetic_particles/nova/DiTw/nstxuE205059A01t025/N1/out_go,4164,23.738286389802653,"[0.005, 0.215, 0.9550000000000001]",-16.6857885815073,1.0,1.1102230246251565e-16
nstxuE205059A01t025,1,nstxuE205059A01t025/N1/egn01w.2390E+02,False,MATCHED,,True,4.888661168263979,201,mixed,2,1,2,/p/nstxdigtwin/energetic_particles/nova/DiTw/nstxuE205059A01t025/N1/out_go,4232,23.899008018092125,"[0.005, 0.22, 0.9550000000000001]",-16.22847564549572,1.0,1.1102230246251565e-16
nstxuE205059A01t025,1,nstxuE205059A01t025/N1/egn01w.2407E+02,False,MATCHED,,True,4.90597290115915,201,mixed,2,1,2,/p/nstxdigtwin/energetic_particles/nova/DiTw/nstxuE205059A01t025/N1/out_go,4270,24.068570106907927,"[0.005, 0.225, 0.9550000000000001]",-15.77294544408952,1.0,1.1102230246251565e-16
nstxuE205059A01t025,1,nstxuE205059A01t025/N1/egn01w.2424E+02,False,MATCHED,,True,4.923824018864809,201,mixed,2,1,2,/p/nstxdigtwin/energetic_particles/nova/DiTw/nstxuE205059A01t025/N1/out_go,4325,24.24404296875,"[0.005, 0.23, 0.9550000000000001]",-15.344029422108573,1.0,1.1102230246251565e-16
nstxuE205059A01t025,1,nstxuE205059A01t025/N1/egn01w.2443E+02,False,MATCHED,,True,4.942265875275014,201,mixed,2,1,2,/p/nstxdigtwin/energetic_particles/nova/DiTw/nstxuE205059A01t025/N1/out_go,4395,24.425991981907906,"[0.005, 0.23500000000000001, 0.9550000000000001]",-14.93145643974017,1.0,1.1102230246251565e-16
nstxuE205059A01t025,1,nstxuE205059A01t025/N1/egn01w.2461E+02,False,MATCHED,,True,4.961343681569012,201,mixed,2,1,2,/p/nstxdigtwin/energetic_particles/nova/DiTw/nstxuE205059A01t025/N1/out_go,4432,24.614931126644755,"[0.24, 0.9500000000000001]",-14.541176235744324,1.0,1.1102230246251565e-16
nstxuE205059A01t025,1,nstxuE205059A01t025/N1/egn01w.2481E+02,False,MATCHED,,True,4.980931463928738,201,mixed,4,1,2,/p/nstxdigtwin/energetic_particles/nova/DiTw/nstxuE205059A01t025/N1/out_go,4471,24.809678248355283,"[0.245, 0.9450000000000001]",-14.170920208718169,1.0,1.1102230246251565e-16
nstxuE205059A01t025,1,nstxuE205059A01t025/N1/egn01w.2501E+02,False,MATCHED,,True,5.000951286972417,201,mixed,4,1,2,/p/nstxdigtwin/energetic_particles/nova/DiTw/nstxuE205059A01t025/N1/out_go,4510,25.009513774671078,"[0.25, 0.9450000000000001]",-13.832339680573941,1.0,1.1102230246251565e-16
nstxuE205059A01t025,1,nstxuE205059A01t025/N1/egn01w.2521E+02,False,MATCHED,,True,5.0213416859742415,201,mixed,2,1,2,/p/nstxdigtwin/energetic_particles/nova/DiTw/nstxuE205059A01t025/N1/out_go,4592,25.21387232730264,"[0.255, 0.9450000000000001]",-13.528510918693442,1.0,1.1102230246251565e-16
nstxuE205059A01t025,1,nstxuE205059A01t025/N1/egn01w.2534E+02,False,MATCHED,,True,5.034094794792857,201,eae_like,2,1,2,/p/nstxdigtwin/energetic_particles/nova/DiTw/nstxuE205059A01t025/N1/out_go,4627,25.342110402960536,"[0.26, 0.9400000000000001]",-13.738540425765638,1.0,1.1102230246251565e-16
nstxuE205059A01t025,1,nstxuE205059A01t025/N1/egn01w.2542E+02,False,MATCHED,,True,5.041914673742768,201,eae_like,2,1,2,/p/nstxdigtwin/energetic_particles/nova/DiTw/nstxuE205059A01t025/N1/out_go,4662,25.42090357730264,"[0.26, 0.9400000000000001]",-13.264797150632852,1.0,1.1102230246251565e-16
nstxuE205059A01t025,1,nstxuE205059A01t025/N1/egn01w.2584E+02,False,MATCHED,,True,5.083627332776533,201,eae_like,2,1,2,/p/nstxdigtwin/energetic_particles/nova/DiTw/nstxuE205059A01t025/N1/out_go,4708,25.843266858552653,"[0.27, 0.9400000000000001]",-12.8573172025164,1.0,1.1102230246251565e-16
nstxuE205059A01t025,1,nstxuE205059A01t025/N1/egn01w.2606E+02,False,MATCHED,,True,5.1044628225932716,201,eae_like,2,1,2,/p/nstxdigtwin/energetic_particles/nova/DiTw/nstxuE205059A01t025/N1/out_go,4746,26.055540707236872,"[0.275, 0.9400000000000001]",-12.727144343157237,1.0,1.1102230246251565e-16
nstxuE205059A01t025,1,nstxuE205059A01t025/N1/egn01w.2786E+02,False,MATCHED,,True,5.277967291822928,201,eae_like,2,1,2,/p/nstxdigtwin/energetic_particles/nova/DiTw/nstxuE205059A01t025/N1/out_go,5099,27.856938733552653,"[0.32, 0.93]",-13.464737130832049,1.0,0.0
nstxuE205059A01t025,1,nstxuE205059A01t025/N1/egn01w.2971E+02,False,MATCHED,,True,5.45094658456338,201,eae_like,2,1,2,/p/nstxdigtwin/energetic_particles/nova/DiTw/nstxuE205059A01t025/N1/out_go,5551,29.712818667763173,"[0.365, 0.915]",-14.765706231833942,1.0,0.0
nstxuE205059A01t025,1,nstxuE205059A01t025/N1/egn01w.3008E+02,False,MATCHED,,True,5.484196231529383,201,mixed,2,1,2,/p/nstxdigtwin/energetic_particles/nova/DiTw/nstxuE205059A01t025/N1/out_go,5645,30.076408305921085,"[0.375, 0.91]",-15.179294947450096,1.0,0.0
nstxuE205059A01t025,1,nstxuE205059A01t025/N1/egn01w.3014E+02,False,MATCHED,,True,5.4903033916384665,201,eae_like,2,1,2,/p/nstxdigtwin/energetic_particles/nova/DiTw/nstxuE205059A01t025/N1/out_go,5694,30.143431332236844,"[0.375, 0.91]",-14.882494468554574,1.0,0.0
nstxuE205059A01t025,1,nstxuE205059A01t025/N1/egn01w.3036E+02,False,MATCHED,,True,5.510412728416993,201,eae_like,2,1,2,/p/nstxdigtwin/energetic_particles/nova/DiTw/nstxuE205059A01t025/N1/out_go,5734,30.36464843750001,"[0.38, 0.91]",-14.891285139774835,1.0,0.0
nstxuE205059A01t025,1,nstxuE205059A01t025/N1/egn01w.3059E+02,False,MATCHED,,True,5.530727748166792,201,eae_like,2,1,2,/p/nstxdigtwin/energetic_particles/nova/DiTw/nstxuE205059A01t025/N1/out_go,5772,30.58894942434212,"[0.385, 0.91]",-14.870147381888287,1.0,0.0
nstxuE205059A01t025,1,nstxuE205059A01t025/N1/egn01w.3082E+02,False,MATCHED,,True,5.5511906395337745,201,eae_like,2,1,2,/p/nstxdigtwin/energetic_particles/nova/DiTw/nstxuE205059A01t025/N1/out_go,5810,30.815717516447393,"[0.39, 0.91]",-14.822049206426758,1.0,0.0
nstxuE205059A01t025,1,nstxuE205059A01t025/N1/egn01w.3129E+02,False,MATCHED,,True,5.59360114474096,201,eae_like,2,1,2,/p/nstxdigtwin/energetic_particles/nova/DiTw/nstxuE205059A01t025/N1/out_go,5928,31.28837376644738,"[0.4, 0.905]",-14.5934018763628,1.0,0.0
nstxuE205059A01t025,1,nstxuE205059A01t025/N1/egn01w.3143E+02,False,MATCHED,,True,5.605872999704488,201,eae_like,2,1,2,/p/nstxdigtwin/energetic_particles/nova/DiTw/nstxuE205059A01t025/N1/out_go,5964,31.425812088815796,"[0.405, 0.905]",-14.937154125356244,1.0,0.0
nstxuE205059A01t025,1,nstxuE205059A01t025/N1/egn01w.3382E+02,False,MATCHED,,True,5.815534896711432,201,mixed,2,1,2,/p/nstxdigtwin/energetic_particles/nova/DiTw/nstxuE205059A01t025/N1/out_go,6417,33.82044613486845,"[0.445, 0.88]",-11.72545752049301,1.0,0.0
nstxuE205059A01t025,1,nstxuE205059A01t025/N1/egn01w.4241E+02,False,MATCHED,,True,6.512610332179855,201,tae_like,2,1,2,/p/nstxdigtwin/energetic_particles/nova/DiTw/nstxuE205059A01t025/N1/out_go,7944,42.4140933388158,"[0.55, 0.805]",-6.136731675601448,1.0,0.0
nstxuE205059A01t025,1,nstxuE205059A01t025/N1/egn01w.4268E+02,False,MATCHED,,True,6.533191917301181,201,tae_like,2,1,2,/p/nstxdigtwin/energetic_particles/nova/DiTw/nstxuE205059A01t025/N1/out_go,7986,42.68259662828949,"[0.555, 0.805]",-6.544874818915192,1.0,0.0
nstxuE205059A01t025,1,nstxuE205059A01t025/N1/egn01w.4306E+02,False,MATCHED,,True,6.562243885979778,201,tae_like,2,1,2,/p/nstxdigtwin/energetic_particles/nova/DiTw/nstxuE205059A01t025/N1/out_go,8058,43.06304481907898,"[0.56, 0.805]",-6.715260460530281,1.0,0.0
nstxuE205059A01t025,1,nstxuE205059A01t025/N1/egn01w.4793E+02,False,MATCHED,,True,6.923166350672139,201,eae_like,4,2,2,/p/nstxdigtwin/energetic_particles/nova/DiTw/nstxuE205059A01t025/N1/out_go,9330,47.93023231907898,"[0.62, 0.655]",-0.869673261533233,1.0,0.0
nstxuE205059A01t025,1,nstxuE205059A01t025/N1/egn01w.4902E+02,False,NO_LOGGED_SINGULARITIES,,True,7.001419175922387,201,eae_like,4,2,2,/p/nstxdigtwin/energetic_particles/nova/DiTw/nstxuE205059A01t025/N1/out_go,9529,49.01987047697372,[],,,
nstxuE205059A01t025,1,nstxuE205059A01t025/N1/egn01w.5318E+02,False,NO_LOGGED_SINGULARITIES,,True,7.292396736634239,201,eae_like,0,0,2,/p/nstxdigtwin/energetic_particles/nova/DiTw/nstxuE205059A01t025/N1/out_go,9843,53.17905016447369,[],,,
nstxuE205059A01t025,1,nstxuE205059A01t025/N1/egn01w.5392E+02,False,NO_LOGGED_SINGULARITIES,,True,7.342898186880625,201,eae_like,0,0,2,/p/nstxdigtwin/energetic_particles/nova/DiTw/nstxuE205059A01t025/N1/out_go,9920,53.91815378289476,[],,,
nstxuE205059A01t025,1,nstxuE205059A01t025/N1/egn01w.5426E+02,False,NO_LOGGED_SINGULARITIES,,True,7.366212148348274,201,eae_like,0,0,2,/p/nstxdigtwin/energetic_particles/nova/DiTw/nstxuE205059A01t025/N1/out_go,10000,54.26108141447369,[],,,
nstxuE205059A01t025,1,nstxuE205059A01t025/N1/egn01w.5529E+02,False,NO_LOGGED_SINGULARITIES,,True,7.435895171839027,201,eae_like,0,0,2,/p/nstxdigtwin/energetic_particles/nova/DiTw/nstxuE205059A01t025/N1/out_go,10104,55.292537006578954,[],,,
nstxuE205059A01t025,1,nstxuE205059A01t025/N1/egn01w.5712E+02,False,NO_LOGGED_SINGULARITIES,,True,7.557753240616727,201,eae_like,0,0,2,/p/nstxdigtwin/energetic_particles/nova/DiTw/nstxuE205059A01t025/N1/out_go,10257,57.11963404605264,[],,,
nstxuE205059A01t025,1,nstxuE205059A01t025/N1/egn01w.5731E+02,False,NO_LOGGED_SINGULARITIES,,True,7.570364820782209,201,eae_like,0,0,2,/p/nstxdigtwin/energetic_particles/nova/DiTw/nstxuE205059A01t025/N1/out_go,10290,57.310423519736844,[],,,
nstxuE205059A01t025,1,nstxuE205059A01t025/N1/egn01w.5743E+02,False,NO_LOGGED_SINGULARITIES,,True,7.578507688383957,201,eae_like,0,0,2,/p/nstxdigtwin/energetic_particles/nova/DiTw/nstxuE205059A01t025/N1/out_go,10323,57.43377878289475,[],,,
nstxuE205059A01t025,1,nstxuE205059A01t025/N1/egn01w.6520E+02,False,MATCHED,,True,8.074538391156683,201,eae_like,0,0,2,/p/nstxdigtwin/energetic_particles/nova/DiTw/nstxuE205059A01t025/N1/out_go,12623,65.19817023026314,[0.23500000000000001],,,2.7755575615628914e-17
nstxuE205059A01t025,1,nstxuE205059A01t025/N1/egn01w.6541E+02,False,MATCHED,,True,8.087411788748579,201,eae_like,0,0,2,/p/nstxdigtwin/energetic_particles/nova/DiTw/nstxuE205059A01t025/N1/out_go,12659,65.40622944078947,[0.24],,,0.0
nstxuE205059A01t025,1,nstxuE205059A01t025/N1/egn01w.6546E+02,False,MATCHED,,True,8.090817518953198,201,eae_like,0,0,2,/p/nstxdigtwin/energetic_particles/nova/DiTw/nstxuE205059A01t025/N1/out_go,12689,65.461328125,[0.24],,,0.0
nstxuE205059A01t025,1,nstxuE205059A01t025/N1/egn01w.6551E+02,False,MATCHED,,True,8.093701102270503,201,eae_like,0,0,2,/p/nstxdigtwin/energetic_particles/nova/DiTw/nstxuE205059A01t025/N1/out_go,12719,65.50799753289473,[0.24],,,0.0
nstxuE205059A01t025,1,nstxuE205059A01t025/N1/egn01w.6560E+02,False,MATCHED,,True,8.09951595572879,201,eae_like,0,0,2,/p/nstxdigtwin/energetic_particles/nova/DiTw/nstxuE205059A01t025/N1/out_go,12751,65.60215871710525,[0.24],,,0.0
nstxuE205059A01t025,1,nstxuE205059A01t025/N1/egn01w.6565E+02,False,MATCHED,,True,8.10243450459896,201,eae_like,0,0,2,/p/nstxdigtwin/energetic_particles/nova/DiTw/nstxuE205059A01t025/N1/out_go,12781,65.6494449013158,[0.24],,,0.0
nstxuE205059A01t025,1,nstxuE205059A01t025/N1/egn01w.6570E+02,False,MATCHED,,True,8.10560564841589,201,eae_like,0,0,2,/p/nstxdigtwin/energetic_particles/nova/DiTw/nstxuE205059A01t025/N1/out_go,12811,65.70084292763158,[0.245],,,0.0
nstxuE205059A01t025,1,nstxuE205059A01t025/N1/egn01w.6579E+02,False,MATCHED,,True,8.1112218703635,201,eae_like,0,0,2,/p/nstxdigtwin/energetic_particles/nova/DiTw/nstxuE205059A01t025/N1/out_go,12843,65.79192023026317,[0.245],,,0.0
nstxuE205059A01t025,1,nstxuE205059A01t025/N1/egn01w.6645E+02,False,MATCHED,,True,8.151688203017246,201,eae_like,0,0,2,/p/nstxdigtwin/energetic_particles/nova/DiTw/nstxuE205059A01t025/N1/out_go,12938,66.45002055921054,[0.255],,,0.0
nstxuE205059A01t025,1,nstxuE205059A01t025/N1/egn01w.6651E+02,False,MATCHED,,True,8.155432631962187,201,eae_like,0,0,2,/p/nstxdigtwin/energetic_particles/nova/DiTw/nstxuE205059A01t025/N1/out_go,12968,66.5110814144737,[0.255],,,0.0
nstxuE205059A01t025,1,nstxuE205059A01t025/N1/egn01w.6661E+02,False,MATCHED,,True,8.161316862347128,201,eae_like,0,0,2,/p/nstxdigtwin/energetic_particles/nova/DiTw/nstxuE205059A01t025/N1/out_go,13000,66.60709292763158,[0.255],,,0.0
nstxuE205059A01t025,1,nstxuE205059A01t025/N1/egn01w.6677E+02,False,MATCHED,,True,8.171236106402688,201,eae_like,0,0,2,/p/nstxdigtwin/energetic_particles/nova/DiTw/nstxuE205059A01t025/N1/out_go,13034,66.76909950657895,[0.26],,,0.0
nstxuE205059A01t025,1,nstxuE205059A01t025/N1/egn01w.6695E+02,False,MATCHED,,True,8.182374601045966,201,eae_like,0,0,2,/p/nstxdigtwin/energetic_particles/nova/DiTw/nstxuE205059A01t025/N1/out_go,13070,66.95125411184213,[0.265],,,0.0
nstxuE205059A01t025,1,nstxuE205059A01t025/N1/egn01w.6709E+02,False,MATCHED,,True,8.191151505949641,201,eae_like,0,0,2,/p/nstxdigtwin/energetic_particles/nova/DiTw/nstxuE205059A01t025/N1/out_go,13102,67.09496299342106,[0.265],,,0.0
nstxuE205059A01t025,1,nstxuE205059A01t025/N1/egn01w.6734E+02,False,MATCHED,,True,8.20623484285288,201,eae_like,0,0,2,/p/nstxdigtwin/energetic_particles/nova/DiTw/nstxuE205059A01t025/N1/out_go,13157,67.34229029605262,[0.27],,,0.0
nstxuE205059A01t025,1,nstxuE205059A01t025/N1/egn01w.6743E+02,False,MATCHED,,True,8.211369134268082,201,eae_like,0,0,2,/p/nstxdigtwin/energetic_particles/nova/DiTw/nstxuE205059A01t025/N1/out_go,13189,67.42658305921054,[0.27],,,0.0
nstxuE205059A01t025,1,nstxuE205059A01t025/N1/egn01w.6757E+02,False,MATCHED,,True,8.219877474195675,201,eae_like,0,0,2,/p/nstxdigtwin/energetic_particles/nova/DiTw/nstxuE205059A01t025/N1/out_go,13221,67.56638569078947,[0.27],,,0.0
nstxuE205059A01t025,1,nstxuE205059A01t025/N1/egn01w.6763E+02,False,MATCHED,,True,8.224028348062575,201,eae_like,0,0,2,/p/nstxdigtwin/energetic_particles/nova/DiTw/nstxuE205059A01t025/N1/out_go,13253,67.63464226973684,[0.275],,,0.0
nstxuE205059A01t025,1,nstxuE205059A01t025/N1/egn01w.6776E+02,False,MATCHED,,True,8.23189925205919,201,eae_like,0,0,2,/p/nstxdigtwin/energetic_particles/nova/DiTw/nstxuE205059A01t025/N1/out_go,13285,67.76416529605265,[0.275],,,0.0
nstxuE205059A01t025,1,nstxuE205059A01t025/N1/egn01w.6791E+02,False,MATCHED,,True,8.24052361447921,201,eae_like,0,0,2,/p/nstxdigtwin/energetic_particles/nova/DiTw/nstxuE205059A01t025/N1/out_go,13319,67.9062294407895,[0.275],,,0.0
nstxuE205059A01t025,1,nstxuE205059A01t025/N1/egn01w.6798E+02,False,MATCHED,,True,8.244726434531541,201,eae_like,0,0,2,/p/nstxdigtwin/energetic_particles/nova/DiTw/nstxuE205059A01t025/N1/out_go,13349,67.97551398026317,[0.28],,,0.0
nstxuE205059A01t025,1,nstxuE205059A01t025/N1/egn01w.6811E+02,False,MATCHED,,True,8.25268970309234,201,eae_like,0,0,2,/p/nstxdigtwin/energetic_particles/nova/DiTw/nstxuE205059A01t025/N1/out_go,13400,68.10688733552632,[0.28],,,0.0
nstxuE205059A01t025,1,nstxuE205059A01t025/N1/egn01w.6825E+02,False,MATCHED,,True,8.261429234304499,201,eae_like,0,0,2,/p/nstxdigtwin/energetic_particles/nova/DiTw/nstxuE205059A01t025/N1/out_go,13432,68.25121299342103,[0.28],,,0.0
nstxuE205059A01t025,1,nstxuE205059A01t025/N1/egn01w.6832E+02,False,MATCHED,,True,8.265671170650077,201,eae_like,0,0,2,/p/nstxdigtwin/energetic_particles/nova/DiTw/nstxuE205059A01t025/N1/out_go,13464,68.3213199013158,[0.28500000000000003],,,5.551115123125783e-17
nstxuE205059A01t025,1,nstxuE205059A01t025/N1/egn01w.6845E+02,False,MATCHED,,True,8.273726100465638,201,eae_like,0,0,2,/p/nstxdigtwin/energetic_particles/nova/DiTw/nstxuE205059A01t025/N1/out_go,13496,68.45454358552632,[0.28500000000000003],,,5.551115123125783e-17
nstxuE205059A01t025,1,nstxuE205059A01t025/N1/egn01w.6867E+02,False,MATCHED,,True,8.286860686224593,201,eae_like,0,0,2,/p/nstxdigtwin/energetic_particles/nova/DiTw/nstxuE205059A01t025/N1/out_go,13532,68.67206003289473,[0.29],,,0.0
nstxuE205059A01t025,1,nstxuE205059A01t025/N1/egn01w.6881E+02,False,MATCHED,,True,8.29499418046495,201,eae_like,0,0,2,/p/nstxdigtwin/energetic_particles/nova/DiTw/nstxuE205059A01t025/N1/out_go,13566,68.80692845394739,[0.29],,,0.0
nstxuE205059A01t025,1,nstxuE205059A01t025/N1/egn01w.6896E+02,False,MATCHED,,True,8.303936774443034,201,eae_like,0,0,2,/p/nstxdigtwin/energetic_particles/nova/DiTw/nstxuE205059A01t025/N1/out_go,13600,68.95536595394739,[0.29],,,0.0
nstxuE205059A01t025,1,nstxuE205059A01t025/N1/egn01w.6903E+02,False,MATCHED,,True,8.308280735681405,201,eae_like,0,0,2,/p/nstxdigtwin/energetic_particles/nova/DiTw/nstxuE205059A01t025/N1/out_go,13630,69.02752878289476,[0.295],,,0.0
nstxuE205059A01t025,1,nstxuE205059A01t025/N1/egn01w.6916E+02,False,MATCHED,,True,8.31651688659381,201,eae_like,0,0,2,/p/nstxdigtwin/energetic_particles/nova/DiTw/nstxuE205059A01t025/N1/out_go,13681,69.164453125,[0.295],,,0.0
nstxuE205059A01t025,1,nstxuE205059A01t025/N1/egn01w.6937E+02,False,MATCHED,,True,8.32872007723876,201,eae_like,0,0,2,/p/nstxdigtwin/energetic_particles/nova/DiTw/nstxuE205059A01t025/N1/out_go,13717,69.36757812500002,[0.3],,,0.0
nstxuE205059A01t025,1,nstxuE205059A01t025/N1/egn01w.6953E+02,False,MATCHED,,True,8.338279918938854,201,eae_like,0,0,2,/p/nstxdigtwin/energetic_particles/nova/DiTw/nstxuE205059A01t025/N1/out_go,13751,69.52691200657895,[0.3],,,0.0
nstxuE205059A01t025,1,nstxuE205059A01t025/N1/egn01w.6989E+02,False,MATCHED,,True,8.360305992180834,201,eae_like,0,0,2,/p/nstxdigtwin/energetic_particles/nova/DiTw/nstxuE205059A01t025/N1/out_go,13793,69.89471628289476,[0.305],,,0.0
nstxuE205059A01t025,1,nstxuE205059A01t025/N1/egn01w.7012E+02,False,MATCHED,,True,8.374065884669733,201,eae_like,0,0,2,/p/nstxdigtwin/energetic_particles/nova/DiTw/nstxuE205059A01t025/N1/out_go,13846,70.12497944078947,[0.31],,,0.0
nstxuE205059A01t025,1,nstxuE205059A01t025/N1/egn01w.7026E+02,False,MATCHED,,True,8.381930802641069,201,eae_like,0,0,2,/p/nstxdigtwin/energetic_particles/nova/DiTw/nstxuE205059A01t025/N1/out_go,13878,70.25676398026314,[0.31],,,0.0
nstxuE205059A01t025,1,nstxuE205059A01t025/N1/egn01w.7027E+02,False,MATCHED,,True,8.382593032823875,201,eae_like,0,0,2,/p/nstxdigtwin/energetic_particles/nova/DiTw/nstxuE205059A01t025/N1/out_go,13908,70.26786595394736,[0.31],,,0.0
nstxuE205059A01t025,1,nstxuE205059A01t025/N1/egn01w.7039E+02,False,MATCHED,,True,8.390131411288158,201,eae_like,0,0,2,/p/nstxdigtwin/energetic_particles/nova/DiTw/nstxuE205059A01t025/N1/out_go,13940,70.39430509868421,[0.31],,,0.0
nstxuE205059A01t025,1,nstxuE205059A01t025/N1/egn01w.7050E+02,False,MATCHED,,True,8.396512286987159,201,eae_like,0,0,2,/p/nstxdigtwin/energetic_particles/nova/DiTw/nstxuE205059A01t025/N1/out_go,13972,70.50141858552632,[0.315],,,0.0
nstxuE205059A01t025,1,nstxuE205059A01t025/N1/egn01w.7061E+02,False,MATCHED,,True,8.402753748576151,201,eae_like,0,0,2,/p/nstxdigtwin/energetic_particles/nova/DiTw/nstxuE205059A01t025/N1/out_go,14004,70.60627055921054,[0.315],,,0.0
nstxuE205059A01t025,1,nstxuE205059A01t025/N1/egn01w.7066E+02,False,MATCHED,,True,8.405860512401297,201,eae_like,0,0,2,/p/nstxdigtwin/energetic_particles/nova/DiTw/nstxuE205059A01t025/N1/out_go,14034,70.65849095394739,[0.315],,,0.0
nstxuE205059A01t025,1,nstxuE205059A01t025/N1/egn01w.7081E+02,False,MATCHED,,True,8.414624203933355,201,eae_like,0,0,2,/p/nstxdigtwin/energetic_particles/nova/DiTw/nstxuE205059A01t025/N1/out_go,14068,70.80590049342106,[0.315],,,0.0
nstxuE205059A01t025,1,nstxuE205059A01t025/N1/egn01w.7088E+02,False,MATCHED,,True,8.419240720469427,201,eae_like,0,0,2,/p/nstxdigtwin/energetic_particles/nova/DiTw/nstxuE205059A01t025/N1/out_go,14098,70.88361430921054,[0.32],,,0.0
nstxuE205059A01t025,1,nstxuE205059A01t025/N1/egn01w.7093E+02,False,MATCHED,,True,8.421865387896087,201,eae_like,0,0,2,/p/nstxdigtwin/energetic_particles/nova/DiTw/nstxuE205059A01t025/N1/out_go,14128,70.9278166118421,[0.32],,,0.0
nstxuE205059A01t025,1,nstxuE205059A01t025/N1/egn01w.7098E+02,False,MATCHED,,True,8.42514812262419,201,eae_like,0,0,2,/p/nstxdigtwin/energetic_particles/nova/DiTw/nstxuE205059A01t025/N1/out_go,14158,70.98312088815791,[0.32],,,0.0
nstxuE205059A01t025,1,nstxuE205059A01t025/N1/egn01w.7103E+02,False,MATCHED,,True,8.42796610484841,201,eae_like,0,0,2,/p/nstxdigtwin/energetic_particles/nova/DiTw/nstxuE205059A01t025/N1/out_go,14188,71.0306126644737,[0.32],,,0.0
nstxuE205059A01t025,1,nstxuE205059A01t025/N1/egn01w.7142E+02,False,MATCHED,,True,8.451072173881721,201,eae_like,0,0,2,/p/nstxdigtwin/energetic_particles/nova/DiTw/nstxuE205059A01t025/N1/out_go,14249,71.42062088815791,[0.325],,,0.0
nstxuE205059A01t025,1,nstxuE205059A01t025/N1/egn01w.7148E+02,False,MATCHED,,True,8.454319249961122,201,eae_like,0,0,2,/p/nstxdigtwin/energetic_particles/nova/DiTw/nstxuE205059A01t025/N1/out_go,14279,71.47551398026317,[0.325],,,0.0
nstxuE205059A01t025,1,nstxuE205059A01t025/N1/egn01w.7162E+02,False,MATCHED,,True,8.462644065087957,201,eae_like,0,0,2,/p/nstxdigtwin/energetic_particles/nova/DiTw/nstxuE205059A01t025/N1/out_go,14311,71.61634457236843,[0.325],,,0.0
nstxuE205059A01t025,1,nstxuE205059A01t025/N1/egn01w.7167E+02,False,MATCHED,,True,8.465522423413443,201,eae_like,0,0,2,/p/nstxdigtwin/energetic_particles/nova/DiTw/nstxuE205059A01t025/N1/out_go,14341,71.6650699013158,[0.33],,,0.0
nstxuE205059A01t025,1,nstxuE205059A01t025/N1/egn01w.7182E+02,False,MATCHED,,True,8.474467020579805,201,eae_like,0,0,2,/p/nstxdigtwin/energetic_particles/nova/DiTw/nstxuE205059A01t025/N1/out_go,14375,71.81659128289476,[0.33],,,0.0
nstxuE205059A01t025,1,nstxuE205059A01t025/N1/egn01w.7198E+02,False,MATCHED,,True,8.484323052811797,201,eae_like,0,0,2,/p/nstxdigtwin/energetic_particles/nova/DiTw/nstxuE205059A01t025/N1/out_go,14409,71.9837376644737,[0.33],,,0.0
nstxuE205059A01t025,1,nstxuE205059A01t025/N1/egn01w.7206E+02,False,MATCHED,,True,8.489107523529942,201,eae_like,0,0,2,/p/nstxdigtwin/energetic_particles/nova/DiTw/nstxuE205059A01t025/N1/out_go,14441,72.06494654605265,[0.335],,,0.0
nstxuE205059A01t025,1,nstxuE205059A01t025/N1/egn01w.7211E+02,False,MATCHED,,True,8.491468483517968,201,eae_like,0,0,2,/p/nstxdigtwin/energetic_particles/nova/DiTw/nstxuE205059A01t025/N1/out_go,14488,72.10503700657895,[0.335],,,0.0
nstxuE205059A01t025,1,nstxuE205059A01t025/N1/egn01w.7247E+02,False,MATCHED,,True,8.513001617881477,201,eae_like,0,0,2,/p/nstxdigtwin/energetic_particles/nova/DiTw/nstxuE205059A01t025/N1/out_go,14576,72.47119654605265,[0.34],,,0.0
nstxuE205059A01t025,1,nstxuE205059A01t025/N1/egn01w.7276E+02,False,MATCHED,,True,8.5299624293459,201,eae_like,0,0,2,/p/nstxdigtwin/energetic_particles/nova/DiTw/nstxuE205059A01t025/N1/out_go,14637,72.76025904605262,[0.34],,,0.0
nstxuE205059A01t025,1,nstxuE205059A01t025/N1/egn01w.7453E+02,False,MATCHED,,True,8.63326620473631,201,eae_like,0,0,2,/p/nstxdigtwin/energetic_particles/nova/DiTw/nstxuE205059A01t025/N1/out_go,14997,74.5332853618421,[0.36],,,0.0
nstxuE205059A01t025,1,nstxuE205059A01t025/N1/egn01w.7503E+02,False,MATCHED,,True,8.661961943113546,201,eae_like,0,0,2,/p/nstxdigtwin/energetic_particles/nova/DiTw/nstxuE205059A01t025/N1/out_go,15066,75.02958470394739,[0.37],,,0.0
nstxuE205059A01t025,1,nstxuE205059A01t025/N1/egn01w.7506E+02,False,MATCHED,,True,8.66346898772748,201,eae_like,0,0,2,/p/nstxdigtwin/energetic_particles/nova/DiTw/nstxuE205059A01t025/N1/out_go,15096,75.0556949013158,[0.37],,,0.0
nstxuE205059A01t025,1,nstxuE205059A01t025/N1/egn01w.7523E+02,False,MATCHED,,True,8.673465803590432,201,eae_like,0,0,2,/p/nstxdigtwin/energetic_particles/nova/DiTw/nstxuE205059A01t025/N1/out_go,15147,75.22900904605262,[0.37],,,0.0
nstxuE205059A01t025,1,nstxuE205059A01t025/N1/egn01w.7547E+02,False,MATCHED,,True,8.68713199712807,201,eae_like,0,0,2,/p/nstxdigtwin/energetic_particles/nova/DiTw/nstxuE205059A01t025/N1/out_go,15183,75.46626233552632,[0.375],,,0.0
nstxuE205059A01t025,1,nstxuE205059A01t025/N1/egn01w.7551E+02,False,MATCHED,,True,8.689794045845423,201,eae_like,0,0,2,/p/nstxdigtwin/energetic_particles/nova/DiTw/nstxuE205059A01t025/N1/out_go,15213,75.51252055921054,[0.375],,,0.0
nstxuE205059A01t025,1,nstxuE205059A01t025/N1/egn01w.7569E+02,False,MATCHED,,True,8.699926033790234,201,eae_like,0,0,2,/p/nstxdigtwin/energetic_particles/nova/DiTw/nstxuE205059A01t025/N1/out_go,15249,75.68871299342106,[0.375],,,0.0
nstxuE205059A01t025,1,nstxuE205059A01t025/N1/egn01w.7590E+02,False,MATCHED,,True,8.712052346349068,201,eae_like,0,0,2,/p/nstxdigtwin/energetic_particles/nova/DiTw/nstxuE205059A01t025/N1/out_go,15285,75.89985608552632,[0.375],,,0.0
nstxuE205059A01t025,1,nstxuE205059A01t025/N1/egn01w.7635E+02,False,MATCHED,,True,8.738019288461564,201,eae_like,0,0,2,/p/nstxdigtwin/energetic_particles/nova/DiTw/nstxuE205059A01t025/N1/out_go,15369,76.35298108552632,[0.38],,,0.0
nstxuE205059A01t025,1,nstxuE205059A01t025/N1/egn01w.7637E+02,False,MATCHED,,True,8.739030953519901,201,eae_like,0,0,2,/p/nstxdigtwin/energetic_particles/nova/DiTw/nstxuE205059A01t025/N1/out_go,15399,76.37066200657895,[0.38],,,0.0
nstxuE205059A01t025,1,nstxuE205059A01t025/N1/egn01w.7663E+02,False,MATCHED,,True,8.753910075608621,201,eae_like,0,0,2,/p/nstxdigtwin/energetic_particles/nova/DiTw/nstxuE205059A01t025/N1/out_go,15437,76.63094161184213,[0.385],,,0.0
nstxuE205059A01t025,1,nstxuE205059A01t025/N1/egn01w.7683E+02,False,MATCHED,,True,8.765340171514648,201,eae_like,0,0,2,/p/nstxdigtwin/energetic_particles/nova/DiTw/nstxuE205059A01t025/N1/out_go,15471,76.83118832236843,[0.385],,,0.0
nstxuE205059A01t025,1,nstxuE205059A01t025/N1/egn01w.7685E+02,False,MATCHED,,True,8.766360409858034,201,eae_like,0,0,2,/p/nstxdigtwin/energetic_particles/nova/DiTw/nstxuE205059A01t025/N1/out_go,15501,76.84907483552632,[0.385],,,0.0
nstxuE205059A01t025,1,nstxuE205059A01t025/N1/egn01w.7711E+02,False,MATCHED,,True,8.781427348836562,201,eae_like,0,0,2,/p/nstxdigtwin/energetic_particles/nova/DiTw/nstxuE205059A01t025/N1/out_go,15556,77.11346628289473,[0.39],,,0.0
nstxuE205059A01t025,1,nstxuE205059A01t025/N1/egn01w.7742E+02,False,MATCHED,,True,8.798630135977808,201,eae_like,0,0,2,/p/nstxdigtwin/energetic_particles/nova/DiTw/nstxuE205059A01t025/N1/out_go,15596,77.41589226973684,[0.395],,,0.0
nstxuE205059A01t025,1,nstxuE205059A01t025/N1/egn01w.7760E+02,False,MATCHED,,True,8.809302098006821,201,eae_like,0,0,2,/p/nstxdigtwin/energetic_particles/nova/DiTw/nstxuE205059A01t025/N1/out_go,15630,77.60380345394736,[0.395],,,0.0
nstxuE205059A01t025,1,nstxuE205059A01t025/N1/egn01w.7785E+02,False,MATCHED,,True,8.82324722604111,201,eae_like,0,0,2,/p/nstxdigtwin/energetic_particles/nova/DiTw/nstxuE205059A01t025/N1/out_go,15668,77.84969161184213,[0.395],,,0.0
nstxuE205059A01t025,1,nstxuE205059A01t025/N1/egn01w.7791E+02,False,MATCHED,,True,8.826718419617256,201,eae_like,0,0,2,/p/nstxdigtwin/energetic_particles/nova/DiTw/nstxuE205059A01t025/N1/out_go,15698,77.91095805921054,[0.4],,,0.0
nstxuE205059A01t025,1,nstxuE205059A01t025/N1/egn01w.7810E+02,False,MATCHED,,True,8.837519308770688,201,eae_like,0,0,2,/p/nstxdigtwin/energetic_particles/nova/DiTw/nstxuE205059A01t025/N1/out_go,15751,78.10174753289473,[0.4],,,0.0
nstxuE205059A01t025,1,nstxuE205059A01t025/N1/egn01w.7819E+02,False,MATCHED,,True,8.842647434525238,201,eae_like,0,0,2,/p/nstxdigtwin/energetic_particles/nova/DiTw/nstxuE205059A01t025/N1/out_go,15781,78.19241365131577,[0.4],,,0.0
nstxuE205059A01t025,1,nstxuE205059A01t025/N1/egn01w.7836E+02,False,MATCHED,,True,8.852058701600376,201,eae_like,0,0,2,/p/nstxdigtwin/energetic_particles/nova/DiTw/nstxuE205059A01t025/N1/out_go,15815,78.35894325657893,[0.4],,,0.0
nstxuE205059A01t025,1,nstxuE205059A01t025/N1/egn01w.7841E+02,False,MATCHED,,True,8.855158742150488,201,eae_like,0,0,2,/p/nstxdigtwin/energetic_particles/nova/DiTw/nstxuE205059A01t025/N1/out_go,15845,78.41383634868421,[0.405],,,0.0
nstxuE205059A01t025,1,nstxuE205059A01t025/N1/egn01w.7861E+02,False,MATCHED,,True,8.866087305674478,201,eae_like,0,0,2,/p/nstxdigtwin/energetic_particles/nova/DiTw/nstxuE205059A01t025/N1/out_go,15881,78.60750411184213,[0.405],,,0.0
nstxuE205059A01t025,1,nstxuE205059A01t025/N1/egn01w.7882E+02,False,MATCHED,,True,8.87809087207913,201,eae_like,0,0,2,/p/nstxdigtwin/energetic_particles/nova/DiTw/nstxuE205059A01t025/N1/out_go,15917,78.82049753289476,[0.405],,,0.0
nstxuE205059A01t025,1,nstxuE205059A01t025/N1/egn01w.7888E+02,False,MATCHED,,True,8.881471185993433,201,eae_like,0,0,2,/p/nstxdigtwin/energetic_particles/nova/DiTw/nstxuE205059A01t025/N1/out_go,15947,78.88053042763161,[0.41000000000000003],,,5.551115123125783e-17
nstxuE205059A01t025,1,nstxuE205059A01t025/N1/egn01w.7896E+02,False,MATCHED,,True,8.885798887832204,201,eae_like,0,0,2,/p/nstxdigtwin/energetic_particles/nova/DiTw/nstxuE205059A01t025/N1/out_go,15979,78.95742187500002,[0.41000000000000003],,,5.551115123125783e-17
nstxuE205059A01t025,1,nstxuE205059A01t025/N1/egn01w.7912E+02,False,MATCHED,,True,8.89499115225441,201,eae_like,0,0,2,/p/nstxdigtwin/energetic_particles/nova/DiTw/nstxuE205059A01t025/N1/out_go,16030,79.12086759868421,[0.41000000000000003],,,5.551115123125783e-17
nstxuE205059A01t025,1,nstxuE205059A01t025/N1/egn01w.7922E+02,False,MATCHED,,True,8.900536602318455,201,eae_like,0,0,2,/p/nstxdigtwin/energetic_particles/nova/DiTw/nstxuE205059A01t025/N1/out_go,16062,79.21955180921054,[0.41000000000000003],,,5.551115123125783e-17
nstxuE205059A01t025,1,nstxuE205059A01t025/N1/egn01w.7941E+02,False,MATCHED,,True,8.911340304339008,201,eae_like,0,0,2,/p/nstxdigtwin/energetic_particles/nova/DiTw/nstxuE205059A01t025/N1/out_go,16096,79.41198601973684,[0.41500000000000004],,,5.551115123125783e-17
nstxuE205059A01t025,1,nstxuE205059A01t025/N1/egn01w.7944E+02,False,MATCHED,,True,8.91304738298388,201,eae_like,0,0,2,/p/nstxdigtwin/energetic_particles/nova/DiTw/nstxuE205059A01t025/N1/out_go,16126,79.4424136513158,[0.41500000000000004],,,5.551115123125783e-17
nstxuE205059A01t025,1,nstxuE205059A01t025/N1/egn01w.7964E+02,False,MATCHED,,True,8.924227585254707,201,eae_like,0,0,2,/p/nstxdigtwin/energetic_particles/nova/DiTw/nstxuE205059A01t025/N1/out_go,16162,79.64183799342106,[0.41500000000000004],,,5.551115123125783e-17
nstxuE205059A01t025,1,nstxuE205059A01t025/N1/egn01w.7991E+02,False,MATCHED,,True,8.93928142901348,201,eae_like,0,0,2,/p/nstxdigtwin/energetic_particles/nova/DiTw/nstxuE205059A01t025/N1/out_go,16200,79.91075246710528,[0.41500000000000004],,,5.551115123125783e-17
nstxuE205059A01t025,1,nstxuE205059A01t025/N1/egn01w.7997E+02,False,MATCHED,,True,8.942489176089266,201,eae_like,0,0,2,/p/nstxdigtwin/energetic_particles/nova/DiTw/nstxuE205059A01t025/N1/out_go,16230,79.9681126644737,[0.42],,,0.0
nstxuE205059A01t025,1,nstxuE205059A01t025/N1/egn01w.8071E+02,False,MATCHED,,True,8.98369662770756,201,eae_like,0,0,2,/p/nstxdigtwin/energetic_particles/nova/DiTw/nstxuE205059A01t025/N1/out_go,16303,80.70680509868421,[0.425],,,0.0
nstxuE205059A01t025,1,nstxuE205059A01t025/N1/egn01w.8084E+02,False,MATCHED,,True,8.990879653337013,201,eae_like,0,0,2,/p/nstxdigtwin/energetic_particles/nova/DiTw/nstxuE205059A01t025/N1/out_go,16335,80.83591694078947,[0.425],,,0.0
nstxuE205059A01t025,1,nstxuE205059A01t025/N1/egn01w.8104E+02,False,MATCHED,,True,9.002351438067373,201,eae_like,0,0,2,/p/nstxdigtwin/energetic_particles/nova/DiTw/nstxuE205059A01t025/N1/out_go,16394,81.0423314144737,[0.43],,,0.0
nstxuE205059A01t025,1,nstxuE205059A01t025/N1/egn01w.8117E+02,False,MATCHED,,True,9.009257163504543,201,eae_like,0,0,2,/p/nstxdigtwin/energetic_particles/nova/DiTw/nstxuE205059A01t025/N1/out_go,16445,81.16671463815791,[0.43],,,0.0
nstxuE205059A01t025,1,nstxuE205059A01t025/N1/egn01w.8125E+02,False,MATCHED,,True,9.01391126077383,201,eae_like,0,0,2,/p/nstxdigtwin/energetic_particles/nova/DiTw/nstxuE205059A01t025/N1/out_go,16475,81.25059621710525,[0.43],,,0.0
nstxuE205059A01t025,1,nstxuE205059A01t025/N1/egn01w.8129E+02,False,MATCHED,,True,9.016237408507994,201,eae_like,0,0,2,/p/nstxdigtwin/energetic_particles/nova/DiTw/nstxuE205059A01t025/N1/out_go,16505,81.29253700657895,[0.43],,,0.0
nstxuE205059A01t025,1,nstxuE205059A01t025/N1/egn01w.8156E+02,False,MATCHED,,True,9.031001294153379,201,eae_like,0,0,2,/p/nstxdigtwin/energetic_particles/nova/DiTw/nstxuE205059A01t025/N1/out_go,16543,81.558984375,[0.435],,,0.0
nstxuE205059A01t025,1,nstxuE205059A01t025/N1/egn01w.8159E+02,False,MATCHED,,True,9.032776801372934,201,eae_like,0,0,2,/p/nstxdigtwin/energetic_particles/nova/DiTw/nstxuE205059A01t025/N1/out_go,16573,81.59105674342106,[0.435],,,0.0
nstxuE205059A01t025,1,nstxuE205059A01t025/N1/egn01w.8180E+02,False,MATCHED,,True,9.044456856855824,201,eae_like,0,0,2,/p/nstxdigtwin/energetic_particles/nova/DiTw/nstxuE205059A01t025/N1/out_go,16609,81.80219983552632,[0.435],,,0.0
nstxuE205059A01t025,1,nstxuE205059A01t025/N1/egn01w.8203E+02,False,MATCHED,,True,9.057290925794186,201,eae_like,0,0,2,/p/nstxdigtwin/energetic_particles/nova/DiTw/nstxuE205059A01t025/N1/out_go,16645,82.0345189144737,[0.435],,,0.0
nstxuE205059A01t025,1,nstxuE205059A01t025/N1/egn01w.8206E+02,False,MATCHED,,True,9.058425808328952,201,eae_like,0,0,2,/p/nstxdigtwin/energetic_particles/nova/DiTw/nstxuE205059A01t025/N1/out_go,16675,82.05507812500002,[0.435],,,0.0
nstxuE205059A01t025,1,nstxuE205059A01t025/N1/egn01w.8321E+02,False,MATCHED,,True,9.122148301697242,201,eae_like,0,0,2,/p/nstxdigtwin/energetic_particles/nova/DiTw/nstxuE205059A01t025/N1/out_go,17005,83.21358963815788,"[0.065, 0.445]",,,0.0
nstxuE205059A01t025,1,nstxuE205059A01t025/N1/egn01w.8350E+02,False,MATCHED,,True,9.13810230033106,201,eae_like,0,0,2,/p/nstxdigtwin/energetic_particles/nova/DiTw/nstxuE205059A01t025/N1/out_go,17071,83.5049136513158,"[0.075, 0.45]",,,0.0
nstxuE205059A01t025,1,nstxuE205059A01t025/N1/egn01w.8604E+01,False,MATCHED,,True,2.9332744489049576,201,tae_like,1,1,2,/p/nstxdigtwin/energetic_particles/nova/DiTw/nstxuE205059A01t025/N1/out_go,501,8.604098992598683,[0.445],2.1974933514128825,1.0,0.0
nstxuE205059A01t025,1,nstxuE205059A01t025/N1/egn01w.8909E+02,False,MATCHED,,True,9.438620750810554,201,eae_like,0,0,2,/p/nstxdigtwin/energetic_particles/nova/DiTw/nstxuE205059A01t025/N1/out_go,18378,89.08756167763158,"[0.18, 0.495]",,,0.0
nstxuE205059A01t025,1,nstxuE205059A01t025/N1/egn01w.8950E+02,False,MATCHED,,True,9.460453743499555,201,eae_like,0,0,2,/p/nstxdigtwin/energetic_particles/nova/DiTw/nstxuE205059A01t025/N1/out_go,18521,89.50018503289473,"[0.185, 0.5]",,,0.0
nstxuE205059A01t025,1,nstxuE205059A01t025/N1/egn01w.8976E+02,False,MATCHED,,True,9.473961241837658,201,eae_like,0,0,2,/p/nstxdigtwin/energetic_particles/nova/DiTw/nstxuE205059A01t025/N1/out_go,18560,89.75594161184213,"[0.19, 0.5]",,,0.0
nstxuE205059A01t025,1,nstxuE205059A01t025/N1/egn01w.9004E+02,False,MATCHED,,True,9.488825448292213,201,eae_like,0,0,2,/p/nstxdigtwin/energetic_particles/nova/DiTw/nstxuE205059A01t025/N1/out_go,18626,90.03780838815791,"[0.19, 0.5]",,,0.0
nstxuE205059A01t025,1,nstxuE205059A01t025/N1/egn01w.9006E+02,False,MATCHED,,True,9.490157860494486,201,eae_like,0,0,2,/p/nstxdigtwin/energetic_particles/nova/DiTw/nstxuE205059A01t025/N1/out_go,18657,90.06309621710528,"[0.19, 0.5]",,,0.0
nstxuE205059A01t025,1,nstxuE205059A01t025/N1/egn01w.9014E+02,False,MATCHED,,True,9.493969909271774,201,eae_like,0,0,2,/p/nstxdigtwin/energetic_particles/nova/DiTw/nstxuE205059A01t025/N1/out_go,18705,90.13546463815788,"[0.19, 0.505]",,,0.0
nstxuE205059A01t025,1,nstxuE205059A01t025/N1/egn01w.9017E+02,False,MATCHED,,True,9.49603773846035,201,eae_like,0,0,2,/p/nstxdigtwin/energetic_particles/nova/DiTw/nstxuE205059A01t025/N1/out_go,18736,90.17473273026314,"[0.195, 0.505]",,,0.0
nstxuE205059A01t025,1,nstxuE205059A01t025/N1/egn01w.9043E+02,False,MATCHED,,True,9.509678458023698,201,eae_like,0,0,2,/p/nstxdigtwin/energetic_particles/nova/DiTw/nstxuE205059A01t025/N1/out_go,18802,90.433984375,"[0.195, 0.505]",,,0.0
nstxuE205059A01t025,1,nstxuE205059A01t025/N1/egn01w.9072E+02,False,MATCHED,,True,9.524724362291623,201,eae_like,0,0,2,/p/nstxdigtwin/energetic_particles/nova/DiTw/nstxuE205059A01t025/N1/out_go,18841,90.72037417763158,"[0.2, 0.505]",,,0.0
nstxuE205059A01t025,1,nstxuE205059A01t025/N1/egn01w.9075E+02,False,MATCHED,,True,9.526062544340355,201,eae_like,0,0,2,/p/nstxdigtwin/energetic_particles/nova/DiTw/nstxuE205059A01t025/N1/out_go,18872,90.74586759868424,"[0.2, 0.505]",,,0.0
nstxuE205059A01t025,1,nstxuE205059A01t025/N1/egn01w.9086E+02,False,MATCHED,,True,9.532006548921599,201,eae_like,0,0,2,/p/nstxdigtwin/energetic_particles/nova/DiTw/nstxuE205059A01t025/N1/out_go,18905,90.85914884868424,"[0.2, 0.51]",,,0.0
nstxuE205059A01t025,1,nstxuE205059A01t025/N1/egn01w.9112E+02,False,MATCHED,,True,9.545778939364274,201,eae_like,0,0,2,/p/nstxdigtwin/energetic_particles/nova/DiTw/nstxuE205059A01t025/N1/out_go,18961,91.12189555921051,"[0.2, 0.51]",,,0.0
nstxuE205059A01t025,1,nstxuE205059A01t025/N1/egn01w.9141E+02,False,MATCHED,,True,9.560983066816265,201,eae_like,0,0,2,/p/nstxdigtwin/energetic_particles/nova/DiTw/nstxuE205059A01t025/N1/out_go,19027,91.41239720394736,"[0.20500000000000002, 0.51]",,,2.7755575615628914e-17
nstxuE205059A01t025,1,nstxuE205059A01t025/N1/egn01w.9155E+02,False,MATCHED,,True,9.568334348461459,201,eae_like,0,0,2,/p/nstxdigtwin/energetic_particles/nova/DiTw/nstxuE205059A01t025/N1/out_go,19062,91.55302220394736,"[0.20500000000000002, 0.515]",,,2.7755575615628914e-17
nstxuE205059A01t025,1,nstxuE205059A01t025/N1/egn01w.9253E+02,False,MATCHED,,True,9.619005523947726,201,eae_like,0,0,2,/p/nstxdigtwin/energetic_particles/nova/DiTw/nstxuE205059A01t025/N1/out_go,19173,92.52526726973687,"[0.215, 0.52]",,,0.0
nstxuE205059A01t025,1,nstxuE205059A01t025/N1/egn01w.9267E+02,False,MATCHED,,True,9.626483352887547,201,eae_like,0,0,2,/p/nstxdigtwin/energetic_particles/nova/DiTw/nstxuE205059A01t025/N1/out_go,19206,92.66918174342106,"[0.215, 0.52]",,,0.0
nstxuE205059A01t025,1,nstxuE205059A01t025/N1/egn01w.9282E+02,False,MATCHED,,True,9.634542219685102,201,eae_like,0,0,2,/p/nstxdigtwin/energetic_particles/nova/DiTw/nstxuE205059A01t025/N1/out_go,19241,92.82440378289473,"[0.22, 0.52]",,,0.0
nstxuE205059A01t025,1,nstxuE205059A01t025/N1/egn01w.9285E+02,False,MATCHED,,True,9.63589715492352,201,eae_like,0,0,2,/p/nstxdigtwin/energetic_particles/nova/DiTw/nstxuE205059A01t025/N1/out_go,19272,92.85051398026317,"[0.22, 0.52]",,,0.0
nstxuE205059A01t025,1,nstxuE205059A01t025/N1/egn01w.9324E+02,False,MATCHED,,True,9.65611320376617,201,eae_like,0,0,2,/p/nstxdigtwin/energetic_particles/nova/DiTw/nstxuE205059A01t025/N1/out_go,19359,93.24052220394736,"[0.22, 0.525]",,,0.0
nstxuE205059A01t025,1,nstxuE205059A01t025/N1/egn01w.9369E+02,False,MATCHED,,True,9.6793461015684,201,eae_like,0,0,2,/p/nstxdigtwin/energetic_particles/nova/DiTw/nstxuE205059A01t025/N1/out_go,19460,93.68974095394739,"[0.225, 0.53]",,,0.0
nstxuE205059A01t025,1,nstxuE205059A01t025/N1/egn01w.9516E+02,False,MATCHED,,True,9.75483706768623,201,eae_like,0,0,2,/p/nstxdigtwin/energetic_particles/nova/DiTw/nstxuE205059A01t025/N1/out_go,19732,95.15684621710528,"[0.23500000000000001, 0.54]",,,2.7755575615628914e-17
nstxuE205059A01t025,1,nstxuE205059A01t025/N1/egn01w.9581E+02,False,MATCHED,,True,9.788248400169515,201,eae_like,0,0,2,/p/nstxdigtwin/energetic_particles/nova/DiTw/nstxuE205059A01t025/N1/out_go,19866,95.80980674342106,"[0.24, 0.54]",,,0.0
nstxuE205059A01t025,1,nstxuE205059A01t025/N1/egn01w.9590E+02,False,MATCHED,,True,9.792962656861521,201,eae_like,0,0,2,/p/nstxdigtwin/energetic_particles/nova/DiTw/nstxuE205059A01t025/N1/out_go,19899,95.90211759868424,"[0.24, 0.545]",,,0.0
nstxuE205059A01t025,1,nstxuE205059A01t025/N1/egn01w.9650E+02,False,MATCHED,,True,9.823555413084785,201,eae_like,0,0,2,/p/nstxdigtwin/energetic_particles/nova/DiTw/nstxuE205059A01t025/N1/out_go,19967,96.50224095394739,"[0.245, 0.545]",,,0.0
nstxuE205059A01t025,1,nstxuE205059A01t025/N1/egn01w.9665E+02,False,MATCHED,,True,9.831285445949417,201,eae_like,0,0,2,/p/nstxdigtwin/energetic_particles/nova/DiTw/nstxuE205059A01t025/N1/out_go,20002,96.65417351973684,"[0.245, 0.55]",,,0.0
nstxuE205059A01t025,1,nstxuE205059A01t025/N1/egn01w.9694E+02,False,MATCHED,,True,9.845641526704515,201,eae_like,0,0,2,/p/nstxdigtwin/energetic_particles/nova/DiTw/nstxuE205059A01t025/N1/out_go,20068,96.93665707236843,"[0.25, 0.55]",,,0.0
nstxuE205059A01t025,1,nstxuE205059A01t025/N1/egn01w.9763E+02,False,MATCHED,,True,9.880868301326453,201,eae_like,0,0,2,/p/nstxdigtwin/energetic_particles/nova/DiTw/nstxuE205059A01t025/N1/out_go,20142,97.63155838815791,"[0.255, 0.555]",,,0.0
nstxuE205059A01t025,1,nstxuE205059A01t025/N1/egn01w.9770E+02,False,MATCHED,,True,9.884144874561269,201,eae_like,0,0,2,/p/nstxdigtwin/energetic_particles/nova/DiTw/nstxuE205059A01t025/N1/out_go,20173,97.6963199013158,"[0.255, 0.555]",,,0.0
nstxuE205059A01t025,1,nstxuE205059A01t025/N1/egn01w.9802E+02,False,MATCHED,,True,9.900656834603398,201,eae_like,0,0,2,/p/nstxdigtwin/energetic_particles/nova/DiTw/nstxuE205059A01t025/N1/out_go,20214,98.02300575657895,"[0.255, 0.555]",,,0.0
nstxuE205059A01t025,1,nstxuE205059A01t025/N1/egn01w.9818E+02,False,MATCHED,,True,9.90845121235562,201,eae_like,0,0,2,/p/nstxdigtwin/energetic_particles/nova/DiTw/nstxuE205059A01t025/N1/out_go,20293,98.17740542763158,"[0.255, 0.56]",,,0.0
nstxuE205059A01t025,1,nstxuE205059A01t025/N1/egn01w.9826E+02,False,MATCHED,,True,9.912392770044557,201,eae_like,0,0,2,/p/nstxdigtwin/energetic_particles/nova/DiTw/nstxuE205059A01t025/N1/out_go,20324,98.25553042763158,"[0.255, 0.56]",,,0.0
nstxuE205059A01t025,1,nstxuE205059A01t025/N1/egn01w.9846E+02,False,MATCHED,,True,9.922778528068902,201,eae_like,0,0,2,/p/nstxdigtwin/energetic_particles/nova/DiTw/nstxuE205059A01t025/N1/out_go,20361,98.46153371710525,"[0.26, 0.56]",,,0.0
nstxuE205059A01t025,1,nstxuE205059A01t025/N1/egn01w.9890E+02,False,MATCHED,,True,9.944768320116335,201,eae_like,0,0,2,/p/nstxdigtwin/energetic_particles/nova/DiTw/nstxuE205059A01t025/N1/out_go,20408,98.89841694078947,"[0.26, 0.5650000000000001]",,,1.1102230246251565e-16
nstxuE205059A01t025,1,nstxuE205059A01t025/N1/egn01w.9895E+02,False,MATCHED,,True,9.947228149682811,201,eae_like,0,0,2,/p/nstxdigtwin/energetic_particles/nova/DiTw/nstxuE205059A01t025/N1/out_go,20439,98.94734786184213,"[0.26, 0.5650000000000001]",,,1.1102230246251565e-16
nstxuE205059A01t025,2,nstxuE205059A01t025/N2/egn02w.1004E+03,False,MATCHED,,True,10.02039347340423,201,eae_like,0,0,2,/p/nstxdigtwin/energetic_particles/nova/DiTw/nstxuE205059A01t025/N2/out_go,13803,100.4082853618421,[0.28500000000000003],,,5.551115123125783e-17
nstxuE205059A01t025,2,nstxuE205059A01t025/N2/egn02w.1005E+03,False,MATCHED,,True,10.024444834673941,201,eae_like,0,0,2,/p/nstxdigtwin/energetic_particles/nova/DiTw/nstxuE205059A01t025/N2/out_go,13835,100.48949424342106,[0.28500000000000003],,,5.551115123125783e-17
nstxuE205059A01t025,2,nstxuE205059A01t025/N2/egn02w.1030E+03,False,MATCHED,,True,10.146656906665317,201,eae_like,0,0,2,/p/nstxdigtwin/energetic_particles/nova/DiTw/nstxuE205059A01t025/N2/out_go,14579,102.95464638157898,"[0.01, 0.1, 0.395]",,,0.0
nstxuE205059A01t025,2,nstxuE205059A01t025/N2/egn02w.1035E+02,False,MATCHED,,True,3.2168040713397756,201,tae_like,1,1,2,/p/nstxdigtwin/energetic_particles/nova/DiTw/nstxuE205059A01t025/N2/out_go,1033,10.347828433388155,[0.305],1.1590238039623557,0.0,0.0
nstxuE205059A01t025,2,nstxuE205059A01t025/N2/egn02w.1069E+03,False,MATCHED,,True,10.339581665287911,201,eae_like,0,0,2,/p/nstxdigtwin/energetic_particles/nova/DiTw/nstxuE205059A01t025/N2/out_go,15194,106.90694901315791,"[0.14, 0.43]",,,0.0
nstxuE205059A01t025,2,nstxuE205059A01t025/N2/egn02w.1074E+02,False,MATCHED,,True,3.277934179885934,201,tae_like,1,1,2,/p/nstxdigtwin/energetic_particles/nova/DiTw/nstxuE205059A01t025/N2/out_go,1167,10.74485248766447,[0.29],1.2696650113627084,0.0,0.0
nstxuE205059A01t025,2,nstxuE205059A01t025/N2/egn02w.1076E+03,False,MATCHED,,True,10.370752538928128,201,eae_like,0,0,2,/p/nstxdigtwin/energetic_particles/nova/DiTw/nstxuE205059A01t025/N2/out_go,15289,107.55250822368421,"[0.145, 0.435]",,,0.0
nstxuE205059A01t025,2,nstxuE205059A01t025/N2/egn02w.1083E+03,False,MATCHED,,True,10.404438656169779,201,eae_like,0,0,2,/p/nstxdigtwin/energetic_particles/nova/DiTw/nstxuE205059A01t025/N2/out_go,15386,108.25234375,"[0.15, 0.44]",,,0.0
nstxuE205059A01t025,2,nstxuE205059A01t025/N2/egn02w.1099E+03,False,MATCHED,,True,10.482729766394971,201,eae_like,0,0,2,/p/nstxdigtwin/energetic_particles/nova/DiTw/nstxuE205059A01t025/N2/out_go,15571,109.88762335526317,"[0.16, 0.45]",,,0.0
nstxuE205059A01t025,2,nstxuE205059A01t025/N2/egn02w.1107E+03,False,MATCHED,,True,10.521080420930364,201,eae_like,0,0,2,/p/nstxdigtwin/energetic_particles/nova/DiTw/nstxuE205059A01t025/N2/out_go,15674,110.69313322368424,"[0.165, 0.45]",,,0.0
nstxuE205059A01t025,2,nstxuE205059A01t025/N2/egn02w.1116E+03,False,MATCHED,,True,10.565033953291893,201,eae_like,0,0,2,/p/nstxdigtwin/energetic_particles/nova/DiTw/nstxuE205059A01t025/N2/out_go,15805,111.61994243421054,"[0.17, 0.455]",,,0.0
nstxuE205059A01t025,2,nstxuE205059A01t025/N2/egn02w.1155E+03,False,MATCHED,,True,10.744848444352543,201,eae_like,0,0,2,/p/nstxdigtwin/energetic_particles/nova/DiTw/nstxuE205059A01t025/N2/out_go,16229,115.45176809210525,"[0.19, 0.47000000000000003]",,,5.551115123125783e-17
nstxuE205059A01t025,2,nstxuE205059A01t025/N2/egn02w.1187E+03,False,MATCHED,,True,10.89597757443689,201,eae_like,0,0,2,/p/nstxdigtwin/energetic_particles/nova/DiTw/nstxuE205059A01t025/N2/out_go,16633,118.72232730263158,"[0.20500000000000002, 0.47500000000000003, 0.93, 0.935, 0.9400000000000001, 0.9450000000000001, 0.9500000000000001, 0.9550000000000001, 0.96, 0.97]",,,1.1102230246251565e-16
nstxuE205059A01t025,2,nstxuE205059A01t025/N2/egn02w.1592E+02,False,NO_LOGGED_SINGULARITIES,,True,3.9896884720010934,201,tae_like,0,0,2,/p/nstxdigtwin/energetic_particles/nova/DiTw/nstxuE205059A01t025/N2/out_go,2950,15.917614103618419,[],,,
nstxuE205059A01t025,2,nstxuE205059A01t025/N2/egn02w.1667E+02,False,NO_LOGGED_SINGULARITIES,,True,4.0831654296619995,201,tae_like,0,0,2,/p/nstxdigtwin/energetic_particles/nova/DiTw/nstxuE205059A01t025/N2/out_go,3024,16.672239925986858,[],,,
nstxuE205059A01t025,2,nstxuE205059A01t025/N2/egn02w.2464E+02,False,MATCHED,,True,4.963798322969865,201,eae_like,2,1,2,/p/nstxdigtwin/energetic_particles/nova/DiTw/nstxuE205059A01t025/N2/out_go,4799,24.63929379111844,"[0.25, 0.9450000000000001]",-1.028024296443053,0.0,1.1102230246251565e-16
nstxuE205059A01t025,2,nstxuE205059A01t025/N2/egn02w.2479E+02,False,MATCHED,,True,4.97910983460556,201,eae_like,2,1,2,/p/nstxdigtwin/energetic_particles/nova/DiTw/nstxuE205059A01t025/N2/out_go,4836,24.79153474506581,"[0.255, 0.9450000000000001]",-1.5377973947689028,0.0,1.1102230246251565e-16
nstxuE205059A01t025,2,nstxuE205059A01t025/N2/egn02w.2821E+02,False,MATCHED,,True,5.310964367838235,201,eae_like,2,1,2,/p/nstxdigtwin/energetic_particles/nova/DiTw/nstxuE205059A01t025/N2/out_go,5400,28.20634251644738,"[0.3, 0.925]",-0.6728041469519663,0.0,0.0
nstxuE205059A01t025,2,nstxuE205059A01t025/N2/egn02w.3903E+02,False,MATCHED,,True,6.247501967892113,201,tae_like,2,1,2,/p/nstxdigtwin/energetic_particles/nova/DiTw/nstxuE205059A01t025/N2/out_go,7509,39.03128083881582,"[0.545, 0.84]",-22.725418458064382,1.0,0.0
nstxuE205059A01t025,2,nstxuE205059A01t025/N2/egn02w.3911E+02,False,MATCHED,,True,6.253422582611104,201,tae_like,2,1,2,/p/nstxdigtwin/energetic_particles/nova/DiTw/nstxuE205059A01t025/N2/out_go,7560,39.10529399671053,"[0.545, 0.84]",-22.413531258385476,1.0,0.0
nstxuE205059A01t025,2,nstxuE205059A01t025/N2/egn02w.3920E+02,False,MATCHED,,True,6.26124235586004,201,tae_like,2,1,2,/p/nstxdigtwin/energetic_particles/nova/DiTw/nstxuE205059A01t025/N2/out_go,7592,39.20315583881579,"[0.55, 0.84]",-23.00114707214319,1.0,0.0
nstxuE205059A01t025,2,nstxuE205059A01t025/N2/egn02w.3990E+02,False,MATCHED,,True,6.316604807912407,201,tae_like,6,3,2,/p/nstxdigtwin/energetic_particles/nova/DiTw/nstxuE205059A01t025/N2/out_go,7768,39.89949629934213,"[0.56, 0.81, 0.8200000000000001, 0.835]",-15.991124133120426,1.0,1.1102230246251565e-16
nstxuE205059A01t025,2,nstxuE205059A01t025/N2/egn02w.4020E+02,False,MATCHED,,True,6.340182429562384,201,mixed,4,1,2,/p/nstxdigtwin/energetic_particles/nova/DiTw/nstxuE205059A01t025/N2/out_go,7857,40.197913240131584,"[0.56, 0.81, 0.8200000000000001, 0.835]",-1.289557901095395,0.0,1.1102230246251565e-16
nstxuE205059A01t025,2,nstxuE205059A01t025/N2/egn02w.4040E+02,False,MATCHED,,True,6.356229622696727,201,mixed,4,1,2,/p/nstxdigtwin/energetic_particles/nova/DiTw/nstxuE205059A01t025/N2/out_go,7897,40.40165501644738,"[0.5650000000000001, 0.805, 0.8250000000000001, 0.835]",-1.7397399415719494,0.0,1.1102230246251565e-16
nstxuE205059A01t025,2,nstxuE205059A01t025/N2/egn02w.4064E+02,False,MATCHED,,True,6.375018543574684,201,eae_like,4,1,2,/p/nstxdigtwin/energetic_particles/nova/DiTw/nstxuE205059A01t025/N2/out_go,7969,40.64086143092108,"[0.5650000000000001, 0.805, 0.8250000000000001, 0.835]",-1.1563824718191729,0.0,1.1102230246251565e-16
nstxuE205059A01t025,2,nstxuE205059A01t025/N2/egn02w.4090E+02,False,MATCHED,,True,6.395311585810756,201,mixed,4,1,2,/p/nstxdigtwin/energetic_particles/nova/DiTw/nstxuE205059A01t025/N2/out_go,8011,40.90001027960528,"[0.5650000000000001, 0.805, 0.8250000000000001, 0.8300000000000001]",-0.5981803860088064,0.0,1.1102230246251565e-16
nstxuE205059A01t025,2,nstxuE205059A01t025/N2/egn02w.4334E+02,False,MATCHED,,True,6.583380784167214,201,tae_like,4,1,2,/p/nstxdigtwin/energetic_particles/nova/DiTw/nstxuE205059A01t025/N2/out_go,8417,43.34090254934212,"[0.585, 0.75, 0.775, 0.795]",-0.619277242680516,0.0,0.0
nstxuE205059A01t025,2,nstxuE205059A01t025/N2/egn02w.4533E+02,False,MATCHED,,True,6.732992859449262,201,eae_like,4,4,2,/p/nstxdigtwin/energetic_particles/nova/DiTw/nstxuE205059A01t025/N2/out_go,9056,45.33319284539475,"[0.6, 0.66, 0.705, 0.745]",0.10545602963911715,0.0,0.0
nstxuE205059A01t025,2,nstxuE205059A01t025/N2/egn02w.5485E+02,False,NO_LOGGED_SINGULARITIES,,True,7.405918963288046,201,eae_like,0,0,2,/p/nstxdigtwin/energetic_particles/nova/DiTw/nstxuE205059A01t025/N2/out_go,10029,54.84763569078949,[],,,
nstxuE205059A01t025,2,nstxuE205059A01t025/N2/egn02w.7866E+02,False,NO_LOGGED_SINGULARITIES,,True,8.868776774745387,201,eae_like,0,0,2,/p/nstxdigtwin/energetic_particles/nova/DiTw/nstxuE205059A01t025/N2/out_go,11610,78.65520148026317,[],,,
nstxuE205059A01t025,2,nstxuE205059A01t025/N2/egn02w.8189E+02,False,NO_LOGGED_SINGULARITIES,,True,9.049501794588648,201,eae_like,0,0,2,/p/nstxdigtwin/energetic_particles/nova/DiTw/nstxuE205059A01t025/N2/out_go,11812,81.89348273026317,[],,,
nstxuE205059A01t025,2,nstxuE205059A01t025/N2/egn02w.8559E+02,False,NO_LOGGED_SINGULARITIES,,True,9.25164347953208,201,eae_like,0,0,2,/p/nstxdigtwin/energetic_particles/nova/DiTw/nstxuE205059A01t025/N2/out_go,12113,85.59290707236843,[],,,
nstxuE205059A01t025,2,nstxuE205059A01t025/N2/egn02w.8566E+02,False,NO_LOGGED_SINGULARITIES,,True,9.255487126066864,201,eae_like,0,0,2,/p/nstxdigtwin/energetic_particles/nova/DiTw/nstxuE205059A01t025/N2/out_go,12142,85.66404194078947,[],,,
nstxuE205059A01t025,2,nstxuE205059A01t025/N2/egn02w.9658E+02,False,MATCHED,,True,9.827395039204385,201,eae_like,0,0,2,/p/nstxdigtwin/energetic_particles/nova/DiTw/nstxuE205059A01t025/N2/out_go,12821,96.57769325657895,[0.06],,,0.0
nstxuE205059A01t025,2,nstxuE205059A01t025/N2/egn02w.9709E+02,False,MATCHED,,True,9.853208175446422,201,eae_like,0,0,2,/p/nstxdigtwin/energetic_particles/nova/DiTw/nstxuE205059A01t025/N2/out_go,12921,97.08571134868421,"[0.08, 0.18, 0.20500000000000002]",,,2.7755575615628914e-17
nstxuE205059A01t025,2,nstxuE205059A01t025/N2/egn02w.9710E+02,False,MATCHED,,True,9.854042760060729,201,eae_like,0,0,2,/p/nstxdigtwin/energetic_particles/nova/DiTw/nstxuE205059A01t025/N2/out_go,12970,97.10215871710525,"[0.08, 0.17500000000000002, 0.20500000000000002]",,,2.7755575615628914e-17
nstxuE205059A01t025,2,nstxuE205059A01t025/N2/egn02w.9722E+02,False,MATCHED,,True,9.859976705094185,201,eae_like,0,0,2,/p/nstxdigtwin/energetic_particles/nova/DiTw/nstxuE205059A01t025/N2/out_go,13004,97.219140625,"[0.09, 0.165, 0.215]",,,0.0
nstxuE205059A01t025,2,nstxuE205059A01t025/N2/egn02w.9750E+02,False,MATCHED,,True,9.874062039065572,201,eae_like,0,0,2,/p/nstxdigtwin/energetic_particles/nova/DiTw/nstxuE205059A01t025/N2/out_go,13072,97.49710115131577,"[0.11, 0.135, 0.225]",,,0.0
nstxuE205059A01t025,2,nstxuE205059A01t025/N2/egn02w.9756E+02,False,MATCHED,,True,9.877205574812406,201,eae_like,0,0,2,/p/nstxdigtwin/energetic_particles/nova/DiTw/nstxuE205059A01t025/N2/out_go,13102,97.55918996710525,[0.225],,,0.0
nstxuE205059A01t025,2,nstxuE205059A01t025/N2/egn02w.9763E+02,False,MATCHED,,True,9.880545786184827,201,eae_like,0,0,2,/p/nstxdigtwin/energetic_particles/nova/DiTw/nstxuE205059A01t025/N2/out_go,13132,97.62518503289473,[0.225],,,0.0
nstxuE205059A01t025,2,nstxuE205059A01t025/N2/egn02w.9765E+02,False,MATCHED,,True,9.881929405885003,201,eae_like,0,0,2,/p/nstxdigtwin/energetic_particles/nova/DiTw/nstxuE205059A01t025/N2/out_go,13162,97.65252878289473,[0.23],,,0.0
nstxuE205059A01t025,2,nstxuE205059A01t025/N2/egn02w.9769E+02,False,MATCHED,,True,9.883728861978422,201,eae_like,0,0,2,/p/nstxdigtwin/energetic_particles/nova/DiTw/nstxuE205059A01t025/N2/out_go,13192,97.68809621710528,[0.23],,,0.0
nstxuE205059A01t025,2,nstxuE205059A01t025/N2/egn02w.9788E+02,False,MATCHED,,True,9.893282335091934,201,eae_like,0,0,2,/p/nstxdigtwin/energetic_particles/nova/DiTw/nstxuE205059A01t025/N2/out_go,13226,97.8770353618421,[0.23500000000000001],,,2.7755575615628914e-17
nstxuE205059A01t025,2,nstxuE205059A01t025/N2/egn02w.9792E+02,False,MATCHED,,True,9.895339438275183,201,eae_like,0,0,2,/p/nstxdigtwin/energetic_particles/nova/DiTw/nstxuE205059A01t025/N2/out_go,13256,97.91774259868421,[0.23500000000000001],,,2.7755575615628914e-17
nstxuE205059A01t025,2,nstxuE205059A01t025/N2/egn02w.9802E+02,False,MATCHED,,True,9.90045956037289,201,eae_like,0,0,2,/p/nstxdigtwin/energetic_particles/nova/DiTw/nstxuE205059A01t025/N2/out_go,13288,98.01909950657898,[0.23500000000000001],,,2.7755575615628914e-17
nstxuE205059A01t025,2,nstxuE205059A01t025/N2/egn02w.9812E+02,False,MATCHED,,True,9.905743076022004,201,eae_like,0,0,2,/p/nstxdigtwin/energetic_particles/nova/DiTw/nstxuE205059A01t025/N2/out_go,13337,98.12374588815788,[0.24],,,0.0
nstxuE205059A01t025,2,nstxuE205059A01t025/N2/egn02w.9818E+02,False,MATCHED,,True,9.908720947850354,201,eae_like,0,0,2,/p/nstxdigtwin/energetic_particles/nova/DiTw/nstxuE205059A01t025/N2/out_go,13367,98.1827508223684,[0.24],,,0.0
nstxuE205059A01t025,2,nstxuE205059A01t025/N2/egn02w.9851E+02,False,MATCHED,,True,9.9252023792836,201,eae_like,0,0,2,/p/nstxdigtwin/energetic_particles/nova/DiTw/nstxuE205059A01t025/N2/out_go,13453,98.50964226973684,[0.245],,,0.0
nstxuE205059A01t025,2,nstxuE205059A01t025/N2/egn02w.9857E+02,False,MATCHED,,True,9.928391845518483,201,eae_like,0,0,2,/p/nstxdigtwin/energetic_particles/nova/DiTw/nstxuE205059A01t025/N2/out_go,13483,98.57296463815791,[0.25],,,0.0
nstxuE205059A01t025,2,nstxuE205059A01t025/N2/egn02w.9879E+02,False,MATCHED,,True,9.939267676282267,201,eae_like,0,0,2,/p/nstxdigtwin/energetic_particles/nova/DiTw/nstxuE205059A01t025/N2/out_go,13521,98.7890419407895,[0.25],,,0.0
nstxuE205059A01t025,2,nstxuE205059A01t025/N2/egn02w.9902E+02,False,MATCHED,,True,9.951009726272426,201,eae_like,0,0,2,/p/nstxdigtwin/energetic_particles/nova/DiTw/nstxuE205059A01t025/N2/out_go,13557,99.02259457236843,[0.255],,,0.0
nstxuE205059A01t025,2,nstxuE205059A01t025/N2/egn02w.9922E+02,False,MATCHED,,True,9.961169469693173,201,eae_like,0,0,2,/p/nstxdigtwin/energetic_particles/nova/DiTw/nstxuE205059A01t025/N2/out_go,13610,99.22489720394736,[0.26],,,0.0
nstxuG121123R42,1,nstxuG121123R42/N1/egn01w.2756E+02,False,MATCHED,,True,5.249619610855004,201,tae_like,2,1,1,/p/nstxdigtwin/energetic_particles/nova/DiTw/nstxuG121123R42/N1/out_go,831,27.558506058673444,"[0.005, 0.405, 0.855, 0.875, 0.895, 0.91]",0.9211881601599914,0.0,0.0
nstxuG121123R42,1,nstxuG121123R42/N1/egn01w.4206E+02,False,MATCHED,,True,6.48545886257583,201,tae_like,2,1,1,/p/nstxdigtwin/energetic_particles/nova/DiTw/nstxuG121123R42/N1/out_go,4383,42.061176658163376,"[0.165, 0.68, 0.705, 0.76, 0.875, 0.895, 0.91]",2.3447271978979725,1.0,0.0
nstxuG121123R42,1,nstxuG121123R42/N1/egn01w.4359E+02,False,MATCHED,,True,6.6025768489218235,201,tae_like,3,3,1,/p/nstxdigtwin/energetic_particles/nova/DiTw/nstxuG121123R42/N1/out_go,5372,43.59402104591844,"[0.005, 0.64, 0.875, 0.895, 0.91]",12.241111735407245,1.0,0.0
nstxuG121123R42,1,nstxuG121123R42/N1/egn01w.4372E+02,False,MATCHED,,True,6.612337484982614,201,tae_like,1,1,1,/p/nstxdigtwin/energetic_particles/nova/DiTw/nstxuG121123R42/N1/out_go,5444,43.72300701530621,"[0.005, 0.64, 0.875, 0.895, 0.91]",2.786878089090794,1.0,0.0
nstxuG121123R42,1,nstxuG121123R42/N1/egn01w.4390E+02,False,MATCHED,,True,6.625369406335639,201,tae_like,1,1,1,/p/nstxdigtwin/energetic_particles/nova/DiTw/nstxuG121123R42/N1/out_go,5520,43.89551977040826,"[0.005, 0.635, 0.875, 0.895, 0.91]",3.072216862850685,1.0,0.0
nstxuG121123R42,1,nstxuG121123R42/N1/egn01w.4752E+02,False,MATCHED,,True,6.893235324562478,201,tae_like,1,1,1,/p/nstxdigtwin/energetic_particles/nova/DiTw/nstxuG121123R42/N1/out_go,6410,47.51669323979597,"[0.005, 0.5700000000000001, 0.875, 0.895, 0.91]",2.631548369754233,1.0,1.1102230246251565e-16
nstxuG121123R42,1,nstxuG121123R42/N1/egn01w.5272E+02,False,MATCHED,,True,7.260929262153714,201,tae_like,1,1,1,/p/nstxdigtwin/energetic_particles/nova/DiTw/nstxuG121123R42/N1/out_go,7450,52.72109375000008,"[0.005, 0.01, 0.045, 0.525, 0.875, 0.895, 0.91]",2.0921128658249577,1.0,0.0
nstxuG121123R42,1,nstxuG121123R42/N1/egn01w.5283E+02,False,MATCHED,,True,7.268369365944194,201,tae_like,1,1,1,/p/nstxdigtwin/energetic_particles/nova/DiTw/nstxuG121123R42/N1/out_go,7493,52.829193239796,"[0.005, 0.01, 0.045, 0.52, 0.875, 0.895, 0.91]",2.939300249051424,1.0,0.0
nstxuG121123R42,1,nstxuG121123R42/N1/egn01w.5572E+02,False,MATCHED,,True,7.464816496849251,201,mixed,3,2,1,/p/nstxdigtwin/energetic_particles/nova/DiTw/nstxuG121123R42/N1/out_go,8097,55.72348533163273,"[0.095, 0.5, 0.875, 0.895, 0.91]",-1.916076477937224,1.0,0.0
nstxuG121123R42,1,nstxuG121123R42/N1/egn01w.5608E+02,False,MATCHED,,True,7.48841260494084,201,mixed,3,2,1,/p/nstxdigtwin/energetic_particles/nova/DiTw/nstxuG121123R42/N1/out_go,8162,56.076323341836854,"[0.1, 0.5, 0.875, 0.895, 0.91]",-2.003669337105454,1.0,0.0
nstxuG121123R42,1,nstxuG121123R42/N1/egn01w.5641E+02,False,MATCHED,,True,7.510607931792345,201,mixed,2,2,1,/p/nstxdigtwin/energetic_particles/nova/DiTw/nstxuG121123R42/N1/out_go,8273,56.409231505102085,"[0.105, 0.495, 0.875, 0.895, 0.91]",-1.6610047925557718,1.0,0.0
nstxuG121123R42,1,nstxuG121123R42/N1/egn01w.5673E+02,False,MATCHED,,True,7.531742987082702,201,mixed,2,2,1,/p/nstxdigtwin/energetic_particles/nova/DiTw/nstxuG121123R42/N1/out_go,8363,56.72715242346946,"[0.11, 0.495, 0.875, 0.895, 0.91]",-1.8703715321323586,1.0,0.0
nstxuG121123R42,1,nstxuG121123R42/N1/egn01w.5693E+02,False,MATCHED,,True,7.545469100995758,201,tae_like,2,2,1,/p/nstxdigtwin/energetic_particles/nova/DiTw/nstxuG121123R42/N1/out_go,8414,56.934103954081735,"[0.115, 0.49, 0.875, 0.895, 0.91]",-1.6915969752756737,1.0,0.0
nstxuG121123R42,1,nstxuG121123R42/N1/egn01w.5702E+02,False,MATCHED,,True,7.551045465864388,201,mixed,2,2,1,/p/nstxdigtwin/energetic_particles/nova/DiTw/nstxuG121123R42/N1/out_go,8453,57.01828762755113,"[0.115, 0.49, 0.875, 0.895, 0.91]",-1.620430285451961,1.0,0.0
nstxuG121123R42,1,nstxuG121123R42/N1/egn01w.5731E+02,False,MATCHED,,True,7.570045990680667,201,eae_like,2,2,1,/p/nstxdigtwin/energetic_particles/nova/DiTw/nstxuG121123R42/N1/out_go,8560,57.305596301020444,"[0.12, 0.49, 0.875, 0.895, 0.91]",-1.8851458264226184,1.0,0.0
nstxuG121123R42,1,nstxuG121123R42/N1/egn01w.5758E+02,False,MATCHED,,True,7.58791689336489,201,eae_like,2,2,1,/p/nstxdigtwin/energetic_particles/nova/DiTw/nstxuG121123R42/N1/out_go,8617,57.576482780612295,"[0.13, 0.485, 0.875, 0.895, 0.91]",-2.16475927528426,1.0,0.0
nstxuG121123R42,1,nstxuG121123R42/N1/egn01w.5783E+02,False,MATCHED,,True,7.6049177245344906,201,eae_like,2,2,1,/p/nstxdigtwin/energetic_particles/nova/DiTw/nstxuG121123R42/N1/out_go,8703,57.83477359693886,"[0.135, 0.485, 0.875, 0.895, 0.91]",-2.4522922824594993,1.0,0.0
nstxuG121123R42,1,nstxuG121123R42/N1/egn01w.5808E+02,False,MATCHED,,True,7.6207091054841,201,eae_like,2,2,1,/p/nstxdigtwin/energetic_particles/nova/DiTw/nstxuG121123R42/N1/out_go,8756,58.07520727040827,"[0.14, 0.48, 0.875, 0.895, 0.91]",-2.25365218526023,1.0,0.0
nstxuG121123R42,1,nstxuG121123R42/N1/egn01w.5885E+02,False,MATCHED,,True,7.671224683044762,201,tae_like,2,2,1,/p/nstxdigtwin/energetic_particles/nova/DiTw/nstxuG121123R42/N1/out_go,9083,58.8476881377552,"[0.165, 0.47500000000000003, 0.875, 0.895, 0.91]",-3.5372302703289287,1.0,5.551115123125783e-17
nstxuG121123R42,1,nstxuG121123R42/N1/egn01w.5949E+02,False,MATCHED,,True,7.713166461463473,201,eae_like,2,2,1,/p/nstxdigtwin/energetic_particles/nova/DiTw/nstxuG121123R42/N1/out_go,9369,59.492936862244946,"[0.24, 0.465, 0.875, 0.895, 0.91]",-9.317224000155715,1.0,0.0
nstxuG121123R42,1,nstxuG121123R42/N1/egn01w.5962E+02,False,MATCHED,,True,7.721275561785143,201,eae_like,2,2,1,/p/nstxdigtwin/energetic_particles/nova/DiTw/nstxuG121123R42/N1/out_go,9470,59.61809630102047,"[0.245, 0.465, 0.875, 0.895, 0.91]",-9.653973664754652,1.0,0.0
nstxuG121123R42,1,nstxuG121123R42/N1/egn01w.5970E+02,False,MATCHED,,True,7.726704413716035,201,eae_like,2,2,1,/p/nstxdigtwin/energetic_particles/nova/DiTw/nstxuG121123R42/N1/out_go,9509,59.701961096938845,"[0.25, 0.465, 0.875, 0.895, 0.91]",-10.047234231178198,1.0,0.0
nstxuG121123R42,1,nstxuG121123R42/N1/egn01w.5978E+02,False,MATCHED,,True,7.7317582797795,201,eae_like,2,2,1,/p/nstxdigtwin/energetic_particles/nova/DiTw/nstxuG121123R42/N1/out_go,9548,59.78008609693886,"[0.255, 0.465, 0.875, 0.895, 0.91]",-10.43717196559896,1.0,0.0
nstxuG121123R42,1,nstxuG121123R42/N1/egn01w.5987E+02,False,MATCHED,,True,7.737509478745313,201,eae_like,2,2,1,/p/nstxdigtwin/energetic_particles/nova/DiTw/nstxuG121123R42/N1/out_go,9587,59.86905293367356,"[0.26, 0.465, 0.875, 0.895, 0.91]",-10.81183575295972,1.0,0.0
nstxuG121123R42,1,nstxuG121123R42/N1/egn01w.6007E+02,False,MATCHED,,True,7.750315785205677,201,eae_like,2,2,1,/p/nstxdigtwin/energetic_particles/nova/DiTw/nstxuG121123R42/N1/out_go,9638,60.067394770408285,"[0.27, 0.46, 0.875, 0.895, 0.91]",-11.00057421675776,1.0,0.0
nstxuG121123R42,1,nstxuG121123R42/N1/egn01w.6017E+02,False,MATCHED,,True,7.757183759100269,201,eae_like,2,2,1,/p/nstxdigtwin/energetic_particles/nova/DiTw/nstxuG121123R42/N1/out_go,9696,60.173899872448985,"[0.275, 0.46, 0.875, 0.895, 0.91]",-11.311777659566696,1.0,0.0
nstxuG121123R42,1,nstxuG121123R42/N1/egn01w.6028E+02,False,MATCHED,,True,7.76433314974339,201,eae_like,2,2,1,/p/nstxdigtwin/energetic_particles/nova/DiTw/nstxuG121123R42/N1/out_go,9739,60.284869260204104,"[0.28, 0.46, 0.875, 0.895, 0.91]",-11.611408668266838,1.0,0.0
nstxuG121123R42,1,nstxuG121123R42/N1/egn01w.6041E+02,False,MATCHED,,True,7.772091415731666,201,eae_like,2,2,1,/p/nstxdigtwin/energetic_particles/nova/DiTw/nstxuG121123R42/N1/out_go,9809,60.40540497448984,"[0.28, 0.455, 0.875, 0.895, 0.91]",-10.852345790878239,1.0,0.0
nstxuG121123R42,1,nstxuG121123R42/N1/egn01w.6052E+02,False,MATCHED,,True,7.779729228080174,201,eae_like,2,2,1,/p/nstxdigtwin/energetic_particles/nova/DiTw/nstxuG121123R42/N1/out_go,9852,60.524186862244946,"[0.28500000000000003, 0.455, 0.875, 0.895, 0.91]",-11.058717097916691,1.0,5.551115123125783e-17
nstxuG121123R42,1,nstxuG121123R42/N1/egn01w.6064E+02,False,MATCHED,,True,7.787482392616127,201,eae_like,2,2,1,/p/nstxdigtwin/energetic_particles/nova/DiTw/nstxuG121123R42/N1/out_go,9895,60.644882015306194,"[0.29, 0.455, 0.875, 0.895, 0.91]",-11.198474545078525,1.0,0.0
nstxuG121123R42,1,nstxuG121123R42/N1/egn01w.6088E+02,False,MATCHED,,True,7.802873661187209,201,eae_like,2,2,1,/p/nstxdigtwin/energetic_particles/nova/DiTw/nstxuG121123R42/N1/out_go,10008,60.884837372449084,"[0.3, 0.45, 0.875, 0.895, 0.91]",-10.559173918226023,1.0,0.0
nstxuG121123R42,1,nstxuG121123R42/N1/egn01w.6112E+02,False,MATCHED,,True,7.817959317024684,201,eae_like,2,2,1,/p/nstxdigtwin/energetic_particles/nova/DiTw/nstxuG121123R42/N1/out_go,10138,61.120487882653066,"[0.31, 0.445, 0.875, 0.895, 0.91]",-4.007506397319254,1.0,0.0
nstxuG121123R42,1,nstxuG121123R42/N1/egn01w.6124E+02,False,MATCHED,,True,7.825307868690914,201,eae_like,2,2,1,/p/nstxdigtwin/energetic_particles/nova/DiTw/nstxuG121123R42/N1/out_go,10179,61.23544323979594,"[0.315, 0.445, 0.875, 0.895, 0.91]",-3.7501488960531795,1.0,0.0
nstxuG121123R42,1,nstxuG121123R42/N1/egn01w.6146E+02,False,MATCHED,,True,7.839343678601195,201,eae_like,2,2,1,/p/nstxdigtwin/energetic_particles/nova/DiTw/nstxuG121123R42/N1/out_go,10232,61.455309311224525,"[0.325, 0.44, 0.875, 0.895, 0.91]",-3.20704154510153,1.0,0.0
nstxuG121123R42,1,nstxuG121123R42/N1/egn01w.6239E+02,False,MATCHED,,True,7.898609127432451,201,eae_like,2,2,1,/p/nstxdigtwin/energetic_particles/nova/DiTw/nstxuG121123R42/N1/out_go,10778,62.38802614795922,"[0.375, 0.41000000000000003, 0.875, 0.895, 0.91]",-2.369562067568048,1.0,5.551115123125783e-17
nstxuG121123R42,1,nstxuG121123R42/N1/egn01w.6284E+02,False,MATCHED,,True,7.927261193218645,201,eae_like,2,2,1,/p/nstxdigtwin/energetic_particles/nova/DiTw/nstxuG121123R42/N1/out_go,10851,62.841470025510304,"[0.875, 0.895, 0.91]",-97.66857880886232,1.0,0.0
nstxuG121123R42,1,nstxuG121123R42/N1/egn01w.6448E+02,False,MATCHED,,True,8.030114120024207,201,eae_like,0,0,1,/p/nstxdigtwin/energetic_particles/nova/DiTw/nstxuG121123R42/N1/out_go,11074,64.48273278061215,"[0.875, 0.895, 0.91]",,,0.0
nstxuG121123R42,1,nstxuG121123R42/N1/egn01w.6553E+02,False,MATCHED,,True,8.095232952554381,201,eae_like,0,0,1,/p/nstxdigtwin/energetic_particles/nova/DiTw/nstxuG121123R42/N1/out_go,11224,65.53279655612234,"[0.875, 0.895, 0.91]",,,0.0
nstxuG121123R42,1,nstxuG121123R42/N1/egn01w.6869E+02,False,MATCHED,,True,8.288125995996324,201,eae_like,0,0,1,/p/nstxdigtwin/energetic_particles/nova/DiTw/nstxuG121123R42/N1/out_go,11614,68.69303252551006,"[0.875, 0.895, 0.91]",,,0.0
nstxuG121123R42,1,nstxuG121123R42/N1/egn01w.7430E+02,False,MATCHED,,True,8.620004653687362,201,eae_like,0,0,1,/p/nstxdigtwin/energetic_particles/nova/DiTw/nstxuG121123R42/N1/out_go,12295,74.30448022959179,"[0.875, 0.895, 0.91]",,,0.0
nstxuG121123R42,1,nstxuG121123R42/N1/egn01w.7847E+02,False,MATCHED,,True,8.858292156136491,201,eae_like,0,0,1,/p/nstxdigtwin/energetic_particles/nova/DiTw/nstxuG121123R42/N1/out_go,12800,78.46933992346929,"[0.875, 0.895, 0.91]",,,0.0
nstxuG121123R42,2,nstxuG121123R42/N2/egn02w.1260E+03,False,MATCHED,,True,11.227118169769078,201,eae_like,0,0,1,/p/nstxdigtwin/energetic_particles/nova/DiTw/nstxuG121123R42/N2/out_go,18288,126.04818239795895,"[0.8300000000000001, 0.865]",,,1.1102230246251565e-16
nstxuG121123R42,2,nstxuG121123R42/N2/egn02w.1309E+03,False,MATCHED,,True,11.439198463161292,201,eae_like,0,0,1,/p/nstxdigtwin/energetic_particles/nova/DiTw/nstxuG121123R42/N2/out_go,18872,130.85526147959166,"[0.8300000000000001, 0.855]",,,1.1102230246251565e-16
nstxuG121123R42,2,nstxuG121123R42/N2/egn02w.1342E+03,False,MATCHED,,True,11.582626581238305,201,eae_like,0,0,1,/p/nstxdigtwin/energetic_particles/nova/DiTw/nstxuG121123R42/N2/out_go,19289,134.15723852040813,"[0.8300000000000001, 0.855]",,,1.1102230246251565e-16
nstxuG121123R42,2,nstxuG121123R42/N2/egn02w.1430E+03,False,MATCHED,,True,11.957862081543853,201,eae_like,0,0,1,/p/nstxdigtwin/energetic_particles/nova/DiTw/nstxuG121123R42/N2/out_go,20345,142.99046556122428,"[0.005, 0.8300000000000001, 0.84]",,,1.1102230246251565e-16
nstxuG121123R42,2,nstxuG121123R42/N2/egn02w.1523E+03,False,MATCHED,,True,12.33942913912924,201,eae_like,0,0,1,/p/nstxdigtwin/energetic_particles/nova/DiTw/nstxuG121123R42/N2/out_go,21475,152.2615114795918,[0.005],,,0.0
nstxuG121123R42,2,nstxuG121123R42/N2/egn02w.1698E+03,False,MATCHED,,True,13.029824990601913,201,eae_like,0,0,1,/p/nstxdigtwin/energetic_particles/nova/DiTw/nstxuG121123R42/N2/out_go,23657,169.77633928571413,"[0.005, 0.805, 0.8300000000000001]",,,1.1102230246251565e-16
nstxuG121123R42,2,nstxuG121123R42/N2/egn02w.2189E+03,False,MATCHED,,True,14.794905269678996,201,eae_like,0,0,1,/p/nstxdigtwin/energetic_particles/nova/DiTw/nstxuG121123R42/N2/out_go,30335,218.88922193877534,"[0.005, 0.625, 0.8300000000000001, 0.98]",,,1.1102230246251565e-16
nstxuG121123R42,2,nstxuG121123R42/N2/egn02w.2657E+03,False,MATCHED,,True,16.30112248858204,201,eae_like,0,0,1,/p/nstxdigtwin/energetic_particles/nova/DiTw/nstxuG121123R42/N2/out_go,36421,265.72659438775503,"[0.005, 0.525, 0.8300000000000001, 0.87]",,,1.1102230246251565e-16
nstxuG121123R42,2,nstxuG121123R42/N2/egn02w.2798E+02,False,MATCHED,,True,5.289799187722397,201,mixed,2,1,1,/p/nstxdigtwin/energetic_particles/nova/DiTw/nstxuG121123R42/N2/out_go,743,27.981975446428528,"[0.005, 0.41500000000000004, 0.8300000000000001, 0.85]",0.70536712797451,0.0,1.1102230246251565e-16
nstxuG121123R42,2,nstxuG121123R42/N2/egn02w.2831E+02,False,MATCHED,,True,5.32076862518519,201,mixed,2,1,1,/p/nstxdigtwin/energetic_particles/nova/DiTw/nstxuG121123R42/N2/out_go,852,28.310578762755092,"[0.005, 0.41000000000000003, 0.8300000000000001, 0.85]",1.0563892931830354,0.0,1.1102230246251565e-16
nstxuG121123R42,2,nstxuG121123R42/N2/egn02w.2871E+02,False,MATCHED,,True,5.357722438886026,201,mixed,2,1,1,/p/nstxdigtwin/energetic_particles/nova/DiTw/nstxuG121123R42/N2/out_go,921,28.705189732142827,"[0.005, 0.405, 0.8300000000000001, 0.85]",1.2240662095966415,0.0,1.1102230246251565e-16
nstxuG121123R42,2,nstxuG121123R42/N2/egn02w.3316E+02,False,MATCHED,,True,5.758685626104809,201,tae_like,2,1,1,/p/nstxdigtwin/energetic_particles/nova/DiTw/nstxuG121123R42/N2/out_go,2387,33.16246014030613,"[0.005, 0.245]",1.2022510965535305,0.0,0.0
nstxuG121123R42,2,nstxuG121123R42/N2/egn02w.3963E+02,False,MATCHED,,True,6.295617325787454,201,tae_like,1,0,1,/p/nstxdigtwin/energetic_particles/nova/DiTw/nstxuG121123R42/N2/out_go,3971,39.63479751275518,"[0.005, 0.785, 0.8300000000000001]",,,1.1102230246251565e-16
nstxuG121123R42,2,nstxuG121123R42/N2/egn02w.3997E+02,False,MATCHED,,True,6.322143573365366,201,tae_like,1,0,1,/p/nstxdigtwin/energetic_particles/nova/DiTw/nstxuG121123R42/N2/out_go,4032,39.969499362245,"[0.005, 0.785, 0.8300000000000001]",,,1.1102230246251565e-16
nstxuG121123R42,2,nstxuG121123R42/N2/egn02w.4027E+02,False,MATCHED,,True,6.345553993521284,201,tae_like,1,0,1,/p/nstxdigtwin/energetic_particles/nova/DiTw/nstxuG121123R42/N2/out_go,4108,40.26605548469391,"[0.005, 0.785, 0.8300000000000001]",,,1.1102230246251565e-16
nstxuG121123R42,2,nstxuG121123R42/N2/egn02w.4054E+02,False,MATCHED,,True,6.367488822374271,201,tae_like,1,0,1,/p/nstxdigtwin/energetic_particles/nova/DiTw/nstxuG121123R42/N2/out_go,4163,40.54491390306127,"[0.005, 0.78, 0.8300000000000001]",,,1.1102230246251565e-16
nstxuG121123R42,2,nstxuG121123R42/N2/egn02w.4090E+02,False,MATCHED,,True,6.395209812501734,201,tae_like,1,0,1,/p/nstxdigtwin/energetic_particles/nova/DiTw/nstxuG121123R42/N2/out_go,4228,40.89870854591847,"[0.005, 0.78, 0.8300000000000001]",,,1.1102230246251565e-16
nstxuG121123R42,2,nstxuG121123R42/N2/egn02w.4129E+02,False,MATCHED,,True,6.42609947513153,201,tae_like,3,0,1,/p/nstxdigtwin/energetic_particles/nova/DiTw/nstxuG121123R42/N2/out_go,4314,41.29475446428573,"[0.005, 0.76, 0.765, 0.775, 0.8300000000000001]",,,1.1102230246251565e-16
nstxuG121123R42,2,nstxuG121123R42/N2/egn02w.4216E+02,False,MATCHED,,True,6.493419205988004,201,tae_like,5,4,1,/p/nstxdigtwin/energetic_particles/nova/DiTw/nstxuG121123R42/N2/out_go,4476,42.16449298469388,"[0.005, 0.655, 0.68, 0.705, 0.73, 0.75, 0.8300000000000001]",0.425898110713141,0.0,1.1102230246251565e-16
nstxuG121123R42,2,nstxuG121123R42/N2/egn02w.4223E+02,False,MATCHED,,True,6.498463073791263,201,tae_like,5,4,1,/p/nstxdigtwin/energetic_particles/nova/DiTw/nstxuG121123R42/N2/out_go,4515,42.23002232142859,"[0.005, 0.65, 0.685, 0.705, 0.73, 0.75, 0.8300000000000001]",0.6936362031825016,0.0,1.1102230246251565e-16
nstxuG121123R42,2,nstxuG121123R42/N2/egn02w.4235E+02,False,MATCHED,,True,6.508012379179304,201,tae_like,5,5,1,/p/nstxdigtwin/energetic_particles/nova/DiTw/nstxuG121123R42/N2/out_go,4560,42.35422512755106,"[0.005, 0.65, 0.685, 0.7000000000000001, 0.73, 0.745, 0.8300000000000001]",0.8404472915384931,0.0,1.1102230246251565e-16
nstxuG121123R42,2,nstxuG121123R42/N2/egn02w.4238E+02,False,MATCHED,,True,6.509910762656822,201,tae_like,5,5,1,/p/nstxdigtwin/energetic_particles/nova/DiTw/nstxuG121123R42/N2/out_go,4595,42.37893813775513,"[0.005, 0.65, 0.685, 0.7000000000000001, 0.735, 0.745, 0.8300000000000001]",0.7097850595782162,0.0,1.1102230246251565e-16
nstxuG121123R42,2,nstxuG121123R42/N2/egn02w.4285E+02,False,MATCHED,,True,6.546045941978248,201,eae_like,1,1,1,/p/nstxdigtwin/energetic_particles/nova/DiTw/nstxuG121123R42/N2/out_go,4774,42.85071747448988,"[0.005, 0.645, 0.8300000000000001]",0.6114601755425886,0.0,1.1102230246251565e-16
nstxuG121123R42,2,nstxuG121123R42/N2/egn02w.4416E+02,False,MATCHED,,True,6.645265260518429,201,tae_like,1,1,1,/p/nstxdigtwin/energetic_particles/nova/DiTw/nstxuG121123R42/N2/out_go,5238,44.159550382653066,"[0.005, 0.605, 0.8300000000000001]",0.9960849802140181,0.0,1.1102230246251565e-16
nstxuG121123R42,2,nstxuG121123R42/N2/egn02w.4981E+02,False,MATCHED,,True,7.0579066695531285,201,tae_like,1,1,1,/p/nstxdigtwin/energetic_particles/nova/DiTw/nstxuG121123R42/N2/out_go,6392,49.814046556122534,"[0.005, 0.55, 0.8300000000000001]",1.3471752418018568,0.0,1.1102230246251565e-16
nstxuG121123R42,2,nstxuG121123R42/N2/egn02w.6087E+02,False,MATCHED,,True,7.802005195879499,201,mixed,2,2,1,/p/nstxdigtwin/energetic_particles/nova/DiTw/nstxuG121123R42/N2/out_go,8822,60.8712850765307,"[0.1, 0.37, 0.8300000000000001]",-0.2122891675952434,0.5,1.1102230246251565e-16
nstxuG121123R42,2,nstxuG121123R42/N2/egn02w.6116E+02,False,MATCHED,,True,7.820232907630811,201,mixed,2,2,1,/p/nstxdigtwin/energetic_particles/nova/DiTw/nstxuG121123R42/N2/out_go,8923,61.156042729591846,"[0.105, 0.365, 0.8300000000000001]",-0.09199313819240462,0.0,1.1102230246251565e-16
nstxuG121123R42,2,nstxuG121123R42/N2/egn02w.6142E+02,False,MATCHED,,True,7.8368314983591105,201,mixed,2,2,1,/p/nstxdigtwin/energetic_particles/nova/DiTw/nstxuG121123R42/N2/out_go,9005,61.4159279336735,"[0.11, 0.36, 0.8300000000000001]",0.054425461435990474,0.5,1.1102230246251565e-16
nstxuG121123R42,2,nstxuG121123R42/N2/egn02w.6223E+02,False,MATCHED,,True,7.888428985688146,201,eae_like,2,2,1,/p/nstxdigtwin/energetic_particles/nova/DiTw/nstxuG121123R42/N2/out_go,9239,62.22731186224492,"[0.125, 0.35000000000000003, 0.8300000000000001]",0.1529474585117554,0.5,1.1102230246251565e-16
nstxuG121123R42,2,nstxuG121123R42/N2/egn02w.6250E+02,False,MATCHED,,True,7.905902882192085,201,eae_like,2,2,1,/p/nstxdigtwin/energetic_particles/nova/DiTw/nstxuG121123R42/N2/out_go,9321,62.50330038265311,"[0.13, 0.35000000000000003, 0.8300000000000001]",-0.12923846627679592,0.0,1.1102230246251565e-16
nstxuG121123R42,2,nstxuG121123R42/N2/egn02w.6278E+02,False,MATCHED,,True,7.923438855119437,201,eae_like,2,2,1,/p/nstxdigtwin/energetic_particles/nova/DiTw/nstxuG121123R42/N2/out_go,9405,62.780883290816405,"[0.135, 0.34500000000000003, 0.8300000000000001]",0.08392162695857186,0.0,1.1102230246251565e-16
nstxuG121123R42,2,nstxuG121123R42/N2/egn02w.6663E+02,False,MATCHED,,True,8.162557427056784,201,eae_like,2,2,1,/p/nstxdigtwin/energetic_particles/nova/DiTw/nstxuG121123R42/N2/out_go,10715,66.62734374999987,"[0.245, 0.275, 0.8300000000000001]",-0.5519028971942288,1.0,1.1102230246251565e-16
nstxuG121123R42,2,nstxuG121123R42/N2/egn02w.6671E+02,False,MATCHED,,True,8.167517287888593,201,eae_like,2,2,1,/p/nstxdigtwin/energetic_particles/nova/DiTw/nstxuG121123R42/N2/out_go,10752,66.70833864795904,"[0.255, 0.265, 0.8300000000000001]",-0.4298445847143504,1.0,1.1102230246251565e-16
nstxuG121123R42,2,nstxuG121123R42/N2/egn02w.6677E+02,False,MATCHED,,True,8.171069352431465,201,eae_like,2,2,1,/p/nstxdigtwin/energetic_particles/nova/DiTw/nstxuG121123R42/N2/out_go,10812,66.76637436224475,[0.8300000000000001],-114.34357973873283,1.0,1.1102230246251565e-16
nstxuG121123R42,2,nstxuG121123R42/N2/egn02w.6681E+02,False,MATCHED,,True,8.173595843024163,201,eae_like,2,2,1,/p/nstxdigtwin/energetic_particles/nova/DiTw/nstxuG121123R42/N2/out_go,10843,66.80766900510189,[0.8300000000000001],-114.27718539510023,1.0,1.1102230246251565e-16
nstxuG121123R42,2,nstxuG121123R42/N2/egn02w.6693E+02,False,MATCHED,,True,8.180868556066187,201,eae_like,2,2,1,/p/nstxdigtwin/energetic_particles/nova/DiTw/nstxuG121123R42/N2/out_go,10882,66.92661033163246,[0.8300000000000001],-114.08079179066561,1.0,1.1102230246251565e-16
nstxuG121123R42,2,nstxuG121123R42/N2/egn02w.6699E+02,False,MATCHED,,True,8.184599891421257,201,eae_like,2,2,1,/p/nstxdigtwin/energetic_particles/nova/DiTw/nstxuG121123R42/N2/out_go,10915,66.98767538265285,[0.8300000000000001],-113.97725869165599,1.0,1.1102230246251565e-16
nstxuG121123R42,2,nstxuG121123R42/N2/egn02w.6723E+02,False,MATCHED,,True,8.199624921424197,201,eae_like,2,2,1,/p/nstxdigtwin/energetic_particles/nova/DiTw/nstxuG121123R42/N2/out_go,10983,67.23384885204078,[0.8300000000000001],-113.55124934294068,1.0,1.1102230246251565e-16
nstxuG121123R42,2,nstxuG121123R42/N2/egn02w.6742E+02,False,MATCHED,,True,8.211215458823645,201,eae_like,2,2,1,/p/nstxdigtwin/energetic_particles/nova/DiTw/nstxuG121123R42/N2/out_go,11028,67.42405931122441,[0.8300000000000001],-113.20587361378095,1.0,1.1102230246251565e-16
nstxuG121123R42,2,nstxuG121123R42/N2/egn02w.6794E+02,False,MATCHED,,True,8.242524248972384,201,eae_like,0,0,1,/p/nstxdigtwin/energetic_particles/nova/DiTw/nstxuG121123R42/N2/out_go,11107,67.93920599489776,[0.8300000000000001],,,1.1102230246251565e-16
nstxuG121123R42,2,nstxuG121123R42/N2/egn02w.6837E+02,False,MATCHED,,True,8.268741274850004,201,eae_like,0,0,1,/p/nstxdigtwin/energetic_particles/nova/DiTw/nstxuG121123R42/N2/out_go,11193,68.37208227040809,[0.8300000000000001],,,1.1102230246251565e-16
nstxuG121123R42,2,nstxuG121123R42/N2/egn02w.6933E+02,False,MATCHED,,True,8.326463260813286,201,eae_like,0,0,1,/p/nstxdigtwin/energetic_particles/nova/DiTw/nstxuG121123R42/N2/out_go,11331,69.32999043367342,[0.8300000000000001],,,1.1102230246251565e-16
nstxuG121123R42,2,nstxuG121123R42/N2/egn02w.7024E+02,False,MATCHED,,True,8.380754001135637,201,eae_like,0,0,1,/p/nstxdigtwin/energetic_particles/nova/DiTw/nstxuG121123R42/N2/out_go,11463,70.23703762755098,[0.8300000000000001],,,1.1102230246251565e-16
nstxuG121123R42,2,nstxuG121123R42/N2/egn02w.7134E+02,False,MATCHED,,True,8.446048201945795,201,eae_like,0,0,1,/p/nstxdigtwin/energetic_particles/nova/DiTw/nstxuG121123R42/N2/out_go,11615,71.33573022959179,[0.8300000000000001],,,1.1102230246251565e-16
nstxuG121123R42,2,nstxuG121123R42/N2/egn02w.7324E+02,False,MATCHED,,True,8.557994494646985,201,eae_like,0,0,1,/p/nstxdigtwin/energetic_particles/nova/DiTw/nstxuG121123R42/N2/out_go,11862,73.23926977040811,[0.8300000000000001],,,1.1102230246251565e-16
nstxuG121123R42,2,nstxuG121123R42/N2/egn02w.7400E+02,False,MATCHED,,True,8.602368822728115,201,eae_like,0,0,1,/p/nstxdigtwin/energetic_particles/nova/DiTw/nstxuG121123R42/N2/out_go,11965,74.00074936224469,[0.8300000000000001],,,1.1102230246251565e-16
nstxuG121123R42,2,nstxuG121123R42/N2/egn02w.7616E+02,False,MATCHED,,True,8.726980470801747,201,eae_like,0,0,1,/p/nstxdigtwin/energetic_particles/nova/DiTw/nstxuG121123R42/N2/out_go,12275,76.16018813775507,[0.8300000000000001],,,1.1102230246251565e-16
nstxuG121123R42,2,nstxuG121123R42/N2/egn02w.8134E+02,False,MATCHED,,True,9.018955025106727,201,eae_like,0,0,1,/p/nstxdigtwin/energetic_particles/nova/DiTw/nstxuG121123R42/N2/out_go,12894,81.34154974489789,[0.8300000000000001],,,1.1102230246251565e-16
nstxuG121123R42,2,nstxuG121123R42/N2/egn02w.8395E+02,False,MATCHED,,True,9.16216049570075,201,eae_like,0,0,1,/p/nstxdigtwin/energetic_particles/nova/DiTw/nstxuG121123R42/N2/out_go,13210,83.9451849489794,[0.8300000000000001],,,1.1102230246251565e-16
nstxuG121123R42,2,nstxuG121123R42/N2/egn02w.9050E+02,False,MATCHED,,True,9.51315047120327,201,eae_like,0,0,1,/p/nstxdigtwin/energetic_particles/nova/DiTw/nstxuG121123R42/N2/out_go,14042,90.500031887755,"[0.8300000000000001, 0.985]",,,1.1102230246251565e-16
nstxuG142301F62,1,nstxuG142301F62/N1/egn01w.1186E+03,False,MATCHED,,True,10.891580297715247,201,tae_like,1,1,1,/p/nstxdigtwin/energetic_particles/nova/DiTw/nstxuG142301F62/N1/out_go,12842,118.62652138157895,"[0.23500000000000001, 0.75, 0.8200000000000001, 0.85, 0.865, 0.885, 0.905, 0.92, 0.9450000000000001]",3.2744518281777326,1.0,1.1102230246251565e-16
nstxuG142301F62,1,nstxuG142301F62/N1/egn01w.1701E+03,False,MATCHED,,True,13.041537574328864,201,eae_like,0,0,1,/p/nstxdigtwin/energetic_particles/nova/DiTw/nstxuG142301F62/N1/out_go,17457,170.08170230263158,"[0.6950000000000001, 0.79, 0.8150000000000001, 0.8300000000000001, 0.84, 0.85, 0.865, 0.89, 0.895, 0.915, 0.935]",,,1.1102230246251565e-16
nstxuG142301F62,1,nstxuG142301F62/N1/egn01w.1719E+03,False,MATCHED,,True,13.111093823552634,201,eae_like,0,0,1,/p/nstxdigtwin/energetic_particles/nova/DiTw/nstxuG142301F62/N1/out_go,17635,171.90078125000002,"[0.6900000000000001, 0.79, 0.8150000000000001, 0.8300000000000001, 0.84, 0.85, 0.865, 0.89, 0.895, 0.905, 0.91, 0.915, 0.935]",,,1.1102230246251565e-16
nstxuG142301F62,1,nstxuG142301F62/N1/egn01w.1726E+03,False,MATCHED,,True,13.135955640611202,201,eae_like,0,0,1,/p/nstxdigtwin/energetic_particles/nova/DiTw/nstxuG142301F62/N1/out_go,17715,172.55333059210528,"[0.6900000000000001, 0.79, 0.8150000000000001, 0.8300000000000001, 0.84, 0.85, 0.865, 0.89, 0.895, 0.905, 0.91, 0.915, 0.9400000000000001]",,,1.1102230246251565e-16
nstxuG142301F62,1,nstxuG142301F62/N1/egn01w.1778E+03,False,MATCHED,,True,13.334954499853303,201,eae_like,0,0,1,/p/nstxdigtwin/energetic_particles/nova/DiTw/nstxuG142301F62/N1/out_go,18041,177.82101151315788,"[0.685, 0.785, 0.8150000000000001, 0.8300000000000001, 0.835, 0.85, 0.865, 0.87, 0.875, 0.88, 0.885, 0.905, 0.92, 0.925, 0.9500000000000001]",,,1.1102230246251565e-16
nstxuG142301F62,1,nstxuG142301F62/N1/egn01w.1841E+03,False,MATCHED,,True,13.567004466623,201,eae_like,0,0,1,/p/nstxdigtwin/energetic_particles/nova/DiTw/nstxuG142301F62/N1/out_go,18485,184.06361019736846,"[0.675, 0.78, 0.8150000000000001, 0.85, 0.885, 0.905, 0.92, 0.925, 0.9500000000000001]",,,1.1102230246251565e-16
nstxuG142301F62,1,nstxuG142301F62/N1/egn01w.1906E+03,False,MATCHED,,True,13.8072626412601,201,eae_like,0,0,1,/p/nstxdigtwin/energetic_particles/nova/DiTw/nstxuG142301F62/N1/out_go,18989,190.64050164473684,"[0.67, 0.775, 0.8150000000000001, 0.8250000000000001, 0.8300000000000001, 0.85, 0.855, 0.865, 0.885, 0.905, 0.92, 0.935, 0.96]",,,1.1102230246251565e-16
nstxuG142301F62,1,nstxuG142301F62/N1/egn01w.1918E+03,False,MATCHED,,True,13.84746705177521,201,eae_like,0,0,1,/p/nstxdigtwin/energetic_particles/nova/DiTw/nstxuG142301F62/N1/out_go,19087,191.75234375000002,"[0.665, 0.775, 0.8150000000000001, 0.8250000000000001, 0.8300000000000001, 0.85, 0.855, 0.865, 0.885, 0.905, 0.92, 0.935, 0.96]",,,1.1102230246251565e-16
nstxuG142301F62,1,nstxuG142301F62/N1/egn01w.3075E+03,False,MATCHED,,True,17.53488299677321,201,eae_like,0,0,1,/p/nstxdigtwin/energetic_particles/nova/DiTw/nstxuG142301F62/N1/out_go,28650,307.47212171052615,"[0.535, 0.7000000000000001, 0.755, 0.765, 0.77, 0.785, 0.81, 0.8150000000000001, 0.8200000000000001, 0.8250000000000001, 0.85, 0.86, 0.865, 0.87, 0.875, 0.89, 0.895, 0.905, 0.92, 0.9500000000000001, 0.97, 0.985]",,,1.1102230246251565e-16
nstxuG142301F62,1,nstxuG142301F62/N1/egn01w.3606E+03,False,MATCHED,,True,18.990391008557314,201,eae_like,0,0,1,/p/nstxdigtwin/energetic_particles/nova/DiTw/nstxuG142301F62/N1/out_go,34143,360.6349506578945,"[0.485, 0.675, 0.72, 0.74, 0.765, 0.78, 0.795, 0.805, 0.81, 0.8250000000000001, 0.835, 0.85, 0.855, 0.86, 0.875, 0.88, 0.885, 0.89, 0.895, 0.92, 0.93, 0.9400000000000001, 0.9500000000000001, 0.9550000000000001, 0.965, 0.97, 0.985]",,,1.1102230246251565e-16
nstxuG142301F62,1,nstxuG142301F62/N1/egn01w.5269E+02,False,MATCHED,,True,7.258614154285203,201,tae_like,1,1,1,/p/nstxdigtwin/energetic_particles/nova/DiTw/nstxuG142301F62/N1/out_go,5308,52.68747944078949,"[0.61, 0.8200000000000001, 0.8250000000000001, 0.84, 0.85, 0.865, 0.885, 0.91, 0.915, 0.9500000000000001]",1.583128890183172,0.0,1.1102230246251565e-16
nstxuG142301F62,1,nstxuG142301F62/N1/egn01w.5674E+02,False,MATCHED,,True,7.5325622628306945,201,tae_like,1,1,1,/p/nstxdigtwin/energetic_particles/nova/DiTw/nstxuG142301F62/N1/out_go,5707,56.73949424342108,"[0.595, 0.8200000000000001, 0.8250000000000001, 0.835, 0.85, 0.865, 0.885, 0.91, 0.915, 0.9550000000000001]",1.2119525313429635,0.0,1.1102230246251565e-16
nstxuG142301F62,1,nstxuG142301F62/N1/egn01w.6339E+02,False,MATCHED,,True,7.961473070603667,201,tae_like,1,1,1,/p/nstxdigtwin/energetic_particles/nova/DiTw/nstxuG142301F62/N1/out_go,6312,63.38505345394738,"[0.5700000000000001, 0.8250000000000001, 0.85, 0.865, 0.885, 0.91, 0.915, 0.97]",1.5925164718901597,0.0,1.1102230246251565e-16
nstxuG142301F62,1,nstxuG142301F62/N1/egn01w.6611E+02,False,MATCHED,,True,8.130538345207821,201,tae_like,1,1,1,/p/nstxdigtwin/energetic_particles/nova/DiTw/nstxuG142301F62/N1/out_go,6564,66.10565378289473,"[0.56, 0.8150000000000001, 0.8200000000000001, 0.8250000000000001, 0.85, 0.865, 0.885, 0.91, 0.915, 0.975]",1.6992109521099419,0.0,1.1102230246251565e-16
nstxuG142301F62,1,nstxuG142301F62/N1/egn01w.6668E+02,False,MATCHED,,True,8.16595069923695,201,tae_like,1,1,1,/p/nstxdigtwin/energetic_particles/nova/DiTw/nstxuG142301F62/N1/out_go,6623,66.68275082236843,"[0.56, 0.8150000000000001, 0.8200000000000001, 0.8250000000000001, 0.85, 0.865, 0.885, 0.91, 0.915, 0.975]",1.2846636944607859,0.0,1.1102230246251565e-16
nstxuG142301F62,1,nstxuG142301F62/N1/egn01w.7091E+02,False,MATCHED,,True,8.420949899147208,201,tae_like,1,1,1,/p/nstxdigtwin/energetic_particles/nova/DiTw/nstxuG142301F62/N1/out_go,7056,70.91239720394739,"[0.54, 0.81, 0.8200000000000001, 0.8250000000000001, 0.85, 0.865, 0.885, 0.91, 0.915]",1.9748889776484813,0.0,1.1102230246251565e-16
nstxuG142301F62,1,nstxuG142301F62/N1/egn01w.7296E+02,False,MATCHED,,True,8.54159592931771,201,tae_like,1,1,1,/p/nstxdigtwin/energetic_particles/nova/DiTw/nstxuG142301F62/N1/out_go,7269,72.95886101973687,"[0.53, 0.805, 0.8200000000000001, 0.8250000000000001, 0.85, 0.865, 0.885, 0.91, 0.915]",2.0786915940195883,1.0,1.1102230246251565e-16
nstxuG142301F62,1,nstxuG142301F62/N1/egn01w.7317E+02,False,MATCHED,,True,8.554042836500424,201,tae_like,1,1,1,/p/nstxdigtwin/energetic_particles/nova/DiTw/nstxuG142301F62/N1/out_go,7330,73.17164884868421,"[0.53, 0.805, 0.8200000000000001, 0.8250000000000001, 0.85, 0.865, 0.885, 0.91, 0.915]",1.8626159994498792,0.0,1.1102230246251565e-16
nstxuG142301F62,1,nstxuG142301F62/N1/egn01w.7354E+02,False,MATCHED,,True,8.575598653723064,201,eae_like,1,1,1,/p/nstxdigtwin/energetic_particles/nova/DiTw/nstxuG142301F62/N1/out_go,7380,73.54089226973684,"[0.53, 0.805, 0.8200000000000001, 0.8250000000000001, 0.85, 0.865, 0.885, 0.91, 0.915]",1.4758680633982335,0.0,1.1102230246251565e-16
nstxuG142301F62,2,nstxuG142301F62/N2/egn02w.1004E+03,False,MATCHED,,True,10.019234175022927,201,tae_like,3,3,1,/p/nstxdigtwin/energetic_particles/nova/DiTw/nstxuG142301F62/N2/out_go,9314,100.38505345394736,"[0.255, 0.77, 0.785, 0.795, 0.805, 0.85, 0.93]",25.19110932979467,0.6666666666666666,0.0
nstxuG142301F62,2,nstxuG142301F62/N2/egn02w.1139E+03,False,MATCHED,,True,10.673451832146801,201,tae_like,2,2,1,/p/nstxdigtwin/energetic_particles/nova/DiTw/nstxuG142301F62/N2/out_go,11033,113.92257401315791,"[0.005, 0.755, 0.785, 0.795, 0.805, 0.835, 0.9450000000000001]",22.33908100868886,1.0,1.1102230246251565e-16
nstxuG142301F62,2,nstxuG142301F62/N2/egn02w.1141E+03,False,MATCHED,,True,10.680114407158756,201,tae_like,2,2,1,/p/nstxdigtwin/energetic_particles/nova/DiTw/nstxuG142301F62/N2/out_go,11072,114.06484375000002,"[0.005, 0.755, 0.785, 0.795, 0.805, 0.835, 0.9450000000000001]",22.527863076982822,1.0,1.1102230246251565e-16
nstxuG142301F62,2,nstxuG142301F62/N2/egn02w.1200E+03,False,MATCHED,,True,10.953037835639362,201,eae_like,0,0,1,/p/nstxdigtwin/energetic_particles/nova/DiTw/nstxuG142301F62/N2/out_go,11586,119.96903782894739,"[0.005, 0.745, 0.785, 0.795, 0.805, 0.8250000000000001, 0.9500000000000001]",,,1.1102230246251565e-16
nstxuG142301F62,2,nstxuG142301F62/N2/egn02w.1205E+03,False,MATCHED,,True,10.975838821199378,201,eae_like,0,0,1,/p/nstxdigtwin/energetic_particles/nova/DiTw/nstxuG142301F62/N2/out_go,11656,120.46903782894736,"[0.005, 0.745, 0.785, 0.795, 0.805, 0.8250000000000001, 0.9500000000000001]",,,1.1102230246251565e-16
nstxuG142301F62,2,nstxuG142301F62/N2/egn02w.1317E+03,False,MATCHED,,True,11.475064140974274,201,eae_like,0,0,1,/p/nstxdigtwin/energetic_particles/nova/DiTw/nstxuG142301F62/N2/out_go,12362,131.67709703947367,"[0.005, 0.735, 0.785, 0.795, 0.805, 0.8150000000000001, 0.96]",,,1.1102230246251565e-16
nstxuG142301F62,2,nstxuG142301F62/N2/egn02w.1426E+03,False,MATCHED,,True,11.943116617511265,201,eae_like,0,0,1,/p/nstxdigtwin/energetic_particles/nova/DiTw/nstxuG142301F62/N2/out_go,13155,142.63803453947372,"[0.005, 0.72, 0.785, 0.795, 0.805, 0.81, 0.97]",,,0.0
nstxuG142301F62,2,nstxuG142301F62/N2/egn02w.1456E+03,False,MATCHED,,True,12.065127883916654,201,eae_like,0,0,1,/p/nstxdigtwin/energetic_particles/nova/DiTw/nstxuG142301F62/N2/out_go,13378,145.56731085526314,"[0.005, 0.72, 0.785, 0.795, 0.97]",,,0.0
nstxuG142301F62,2,nstxuG142301F62/N2/egn02w.2331E+03,False,MATCHED,,True,15.266737471585598,201,eae_like,0,0,1,/p/nstxdigtwin/energetic_particles/nova/DiTw/nstxuG142301F62/N2/out_go,20085,233.0732730263158,"[0.62, 0.75, 0.785, 0.795, 0.8, 0.805, 0.8250000000000001, 0.845, 0.865, 0.87, 0.88, 0.885, 0.9400000000000001, 0.9550000000000001, 0.985]",,,1.1102230246251565e-16
nstxuG142301F62,2,nstxuG142301F62/N2/egn02w.3410E+02,False,MATCHED,,True,5.839533730879458,201,eae_like,2,2,1,/p/nstxdigtwin/energetic_particles/nova/DiTw/nstxuG142301F62/N2/out_go,495,34.100154194078954,"[0.385, 0.705, 0.785, 0.795, 0.805]",0.8881987614989151,0.0,0.0
nstxuG142301F62,2,nstxuG142301F62/N2/egn02w.3957E+02,False,MATCHED,,True,6.290210288772046,201,eae_like,2,2,1,/p/nstxdigtwin/energetic_particles/nova/DiTw/nstxuG142301F62/N2/out_go,1222,39.56674547697371,"[0.36, 0.68, 0.785, 0.795, 0.805]",0.47191940505597607,0.0,0.0
nstxuG142301F62,2,nstxuG142301F62/N2/egn02w.5089E+02,False,MATCHED,,True,7.13379751766381,201,tae_like,2,2,1,/p/nstxdigtwin/energetic_particles/nova/DiTw/nstxuG142301F62/N2/out_go,2763,50.89106702302634,"[0.305, 0.63, 0.785, 0.795, 0.805, 0.845, 0.9450000000000001]",0.5158851089871019,0.0,1.1102230246251565e-16
nstxuG142301F62,2,nstxuG142301F62/N2/egn02w.5160E+02,False,MATCHED,,True,7.183635975073377,201,tae_like,2,2,1,/p/nstxdigtwin/energetic_particles/nova/DiTw/nstxuG142301F62/N2/out_go,2873,51.60462582236843,"[0.3, 0.625, 0.785, 0.795, 0.805, 0.845, 0.9500000000000001]",0.837588645390519,0.0,1.1102230246251565e-16
nstxuG142301F62,2,nstxuG142301F62/N2/egn02w.5225E+02,False,MATCHED,,True,7.228656480050699,201,tae_like,2,2,1,/p/nstxdigtwin/energetic_particles/nova/DiTw/nstxuG142301F62/N2/out_go,2980,52.253474506578954,"[0.295, 0.625, 0.785, 0.795, 0.805, 0.84, 0.9500000000000001]",0.6760807407433511,0.0,1.1102230246251565e-16
nstxuG142301F62,2,nstxuG142301F62/N2/egn02w.5281E+02,False,MATCHED,,True,7.267346817768977,201,tae_like,2,2,1,/p/nstxdigtwin/energetic_particles/nova/DiTw/nstxuG142301F62/N2/out_go,3068,52.81432976973687,"[0.29, 0.62, 0.785, 0.795, 0.805, 0.84, 0.9500000000000001]",1.0461884189312654,0.0,1.1102230246251565e-16
nstxuG142301F62,2,nstxuG142301F62/N2/egn02w.5332E+02,False,MATCHED,,True,7.301778859057493,201,tae_like,2,2,1,/p/nstxdigtwin/energetic_particles/nova/DiTw/nstxuG142301F62/N2/out_go,3171,53.315974506578954,"[0.28500000000000003, 0.62, 0.785, 0.795, 0.805, 0.84, 0.9500000000000001]",0.9146644961234573,0.0,1.1102230246251565e-16
nstxuG142301F62,2,nstxuG142301F62/N2/egn02w.5375E+02,False,MATCHED,,True,7.331143294642314,201,tae_like,2,2,1,/p/nstxdigtwin/energetic_particles/nova/DiTw/nstxuG142301F62/N2/out_go,3221,53.74566200657897,"[0.28500000000000003, 0.62, 0.785, 0.795, 0.805, 0.84, 0.9550000000000001]",0.3222906261499514,0.0,1.1102230246251565e-16
nstxuG142301F62,2,nstxuG142301F62/N2/egn02w.5388E+02,False,MATCHED,,True,7.340531909685108,201,tae_like,2,2,1,/p/nstxdigtwin/energetic_particles/nova/DiTw/nstxuG142301F62/N2/out_go,3259,53.8834087171053,"[0.28, 0.615, 0.785, 0.795, 0.805, 0.84, 0.9550000000000001]",1.122665832047809,0.0,1.1102230246251565e-16
nstxuG142301F62,2,nstxuG142301F62/N2/egn02w.5411E+02,False,MATCHED,,True,7.355878143130088,201,tae_like,2,2,1,/p/nstxdigtwin/energetic_particles/nova/DiTw/nstxuG142301F62/N2/out_go,3320,54.108943256578954,"[0.28, 0.615, 0.785, 0.795, 0.805, 0.835, 0.9550000000000001]",0.7454140099633855,0.0,1.1102230246251565e-16
nstxuG142301F62,2,nstxuG142301F62/N2/egn02w.5441E+02,False,MATCHED,,True,7.3761693430690425,201,tae_like,2,2,1,/p/nstxdigtwin/energetic_particles/nova/DiTw/nstxuG142301F62/N2/out_go,3397,54.407874177631584,"[0.005, 0.275, 0.615, 0.785, 0.795, 0.805, 0.835, 0.9550000000000001]",0.6989302396900765,0.0,1.1102230246251565e-16
nstxuG142301F62,2,nstxuG142301F62/N2/egn02w.5465E+02,False,MATCHED,,True,7.392359420107538,201,tae_like,2,2,1,/p/nstxdigtwin/energetic_particles/nova/DiTw/nstxuG142301F62/N2/out_go,3442,54.64697779605265,"[0.005, 0.27, 0.615, 0.785, 0.795, 0.805, 0.835, 0.9550000000000001]",0.7038626380127255,0.0,1.1102230246251565e-16
nstxuG142301F62,2,nstxuG142301F62/N2/egn02w.5483E+02,False,MATCHED,,True,7.40461410425248,201,tae_like,2,2,1,/p/nstxdigtwin/energetic_particles/nova/DiTw/nstxuG142301F62/N2/out_go,3483,54.82831003289476,"[0.005, 0.265, 0.61, 0.785, 0.795, 0.805, 0.835, 0.9550000000000001]",1.2749862282876778,0.0,1.1102230246251565e-16
nstxuG142301F62,2,nstxuG142301F62/N2/egn02w.5495E+02,False,MATCHED,,True,7.413091582410846,201,tae_like,2,2,1,/p/nstxdigtwin/energetic_particles/nova/DiTw/nstxuG142301F62/N2/out_go,3557,54.95392680921054,"[0.005, 0.265, 0.61, 0.785, 0.795, 0.805, 0.835, 0.9550000000000001]",0.9505084813001885,0.0,1.1102230246251565e-16
nstxuG142301F62,2,nstxuG142301F62/N2/egn02w.5503E+02,False,MATCHED,,True,7.4179988146719,201,tae_like,2,2,1,/p/nstxdigtwin/energetic_particles/nova/DiTw/nstxuG142301F62/N2/out_go,3594,55.02670641447371,"[0.005, 0.26, 0.61, 0.785, 0.795, 0.805, 0.835, 0.9550000000000001]",1.2098950781538664,0.0,1.1102230246251565e-16
nstxuG142301F62,2,nstxuG142301F62/N2/egn02w.5587E+02,False,MATCHED,,True,7.4747367824629976,201,tae_like,4,1,1,/p/nstxdigtwin/energetic_particles/nova/DiTw/nstxuG142301F62/N2/out_go,3884,55.87168996710528,"[0.005, 0.01, 0.015, 0.025, 0.6, 0.785, 0.795, 0.805, 0.835, 0.9550000000000001]",1.1358912188241588,0.0,1.1102230246251565e-16
nstxuG142301F62,2,nstxuG142301F62/N2/egn02w.5596E+02,False,MATCHED,,True,7.4804143940412136,201,tae_like,2,1,1,/p/nstxdigtwin/energetic_particles/nova/DiTw/nstxuG142301F62/N2/out_go,3923,55.95659950657898,"[0.005, 0.01, 0.6, 0.785, 0.795, 0.805, 0.835, 0.9550000000000001]",0.8916489377707171,0.0,1.1102230246251565e-16
nstxuG142301F62,2,nstxuG142301F62/N2/egn02w.5605E+02,False,MATCHED,,True,7.486513367470589,201,tae_like,2,1,1,/p/nstxdigtwin/energetic_particles/nova/DiTw/nstxuG142301F62/N2/out_go,3962,56.04788240131582,"[0.005, 0.01, 0.6, 0.785, 0.795, 0.805, 0.835, 0.9550000000000001]",0.5878465316117243,0.0,1.1102230246251565e-16
nstxuG142301F62,2,nstxuG142301F62/N2/egn02w.5615E+02,False,MATCHED,,True,7.493403074582195,201,tae_like,1,1,1,/p/nstxdigtwin/energetic_particles/nova/DiTw/nstxuG142301F62/N2/out_go,4014,56.1510896381579,"[0.595, 0.785, 0.795, 0.805, 0.835, 0.96]",1.2443582255491137,0.0,0.0
nstxuG142301F62,2,nstxuG142301F62/N2/egn02w.5630E+02,False,MATCHED,,True,7.503492881827208,201,tae_like,1,1,1,/p/nstxdigtwin/energetic_particles/nova/DiTw/nstxuG142301F62/N2/out_go,4084,56.302405427631584,"[0.595, 0.785, 0.795, 0.805, 0.835, 0.96]",0.7995168752002124,0.0,0.0
nstxuG142301F62,2,nstxuG142301F62/N2/egn02w.5648E+02,False,MATCHED,,True,7.515361187786968,201,tae_like,1,1,1,/p/nstxdigtwin/energetic_particles/nova/DiTw/nstxuG142301F62/N2/out_go,4125,56.48065378289475,"[0.595, 0.785, 0.795, 0.805, 0.835, 0.96]",0.3407421022419088,0.0,0.0
nstxuG142301F62,2,nstxuG142301F62/N2/egn02w.5665E+02,False,MATCHED,,True,7.526377682506828,201,tae_like,1,1,1,/p/nstxdigtwin/energetic_particles/nova/DiTw/nstxuG142301F62/N2/out_go,4195,56.64636101973686,"[0.59, 0.785, 0.795, 0.805, 0.8300000000000001, 0.96]",0.9467094941116194,0.0,1.1102230246251565e-16
nstxuG142301F62,2,nstxuG142301F62/N2/egn02w.5699E+02,False,MATCHED,,True,7.5494382088826235,201,tae_like,1,1,1,/p/nstxdigtwin/energetic_particles/nova/DiTw/nstxuG142301F62/N2/out_go,4271,56.99401726973687,"[0.59, 0.785, 0.795, 0.805, 0.8300000000000001, 0.96]",0.3906548503111118,0.0,1.1102230246251565e-16
nstxuG142301F62,2,nstxuG142301F62/N2/egn02w.5752E+02,False,MATCHED,,True,7.58424315561026,201,tae_like,1,1,1,/p/nstxdigtwin/energetic_particles/nova/DiTw/nstxuG142301F62/N2/out_go,4372,57.52074424342106,"[0.585, 0.785, 0.795, 0.805, 0.8300000000000001, 0.96]",0.7039428258515779,0.0,1.1102230246251565e-16
nstxuG142301F62,2,nstxuG142301F62/N2/egn02w.5838E+02,False,MATCHED,,True,7.640621132008493,201,tae_like,1,1,1,/p/nstxdigtwin/energetic_particles/nova/DiTw/nstxuG142301F62/N2/out_go,4487,58.37909128289475,"[0.58, 0.785, 0.795, 0.805, 0.8300000000000001, 0.96]",0.8566329560101282,0.0,1.1102230246251565e-16
nstxuG142301F62,2,nstxuG142301F62/N2/egn02w.6142E+02,False,MATCHED,,True,7.837340771067832,201,tae_like,1,1,1,/p/nstxdigtwin/energetic_particles/nova/DiTw/nstxuG142301F62/N2/out_go,4811,61.42391036184212,"[0.5700000000000001, 0.785, 0.795, 0.805, 0.8250000000000001, 0.97]",0.8162348246779416,0.0,1.1102230246251565e-16
nstxuG142301F62,2,nstxuG142301F62/N2/egn02w.6431E+02,False,MATCHED,,True,8.019326726809163,201,tae_like,1,1,1,/p/nstxdigtwin/energetic_particles/nova/DiTw/nstxuG142301F62/N2/out_go,5066,64.30960115131577,"[0.5650000000000001, 0.785, 0.795, 0.805, 0.8200000000000001, 0.975, 0.985]",0.2400051614807941,0.0,1.1102230246251565e-16
nstxuG142301F62,2,nstxuG142301F62/N2/egn02w.6558E+02,False,MATCHED,,True,8.098272080560733,201,eae_like,1,1,1,/p/nstxdigtwin/energetic_particles/nova/DiTw/nstxuG142301F62/N2/out_go,5229,65.58201069078947,"[0.56, 0.785, 0.795, 0.805, 0.8150000000000001]",0.5463120244507236,0.0,1.1102230246251565e-16
nstxuG142301F62,2,nstxuG142301F62/N2/egn02w.6787E+02,False,MATCHED,,True,8.238539937152254,201,tae_like,1,1,1,/p/nstxdigtwin/energetic_particles/nova/DiTw/nstxuG142301F62/N2/out_go,5441,67.87354029605265,"[0.555, 0.785, 0.795, 0.805, 0.8150000000000001]",0.21571504221791216,0.0,1.1102230246251565e-16
nstxuG142301F62,2,nstxuG142301F62/N2/egn02w.7214E+02,False,MATCHED,,True,8.493719864591597,201,tae_like,1,1,1,/p/nstxdigtwin/energetic_particles/nova/DiTw/nstxuG142301F62/N2/out_go,5868,72.14327713815788,"[0.53, 0.785, 0.795]",0.9993840064267401,0.0,0.0
nstxuG142301F62,2,nstxuG142301F62/N2/egn02w.7222E+02,False,MATCHED,,True,8.498051489126322,201,mixed,1,1,1,/p/nstxdigtwin/energetic_particles/nova/DiTw/nstxuG142301F62/N2/out_go,5902,72.2168791118421,"[0.525, 0.785, 0.795]",1.7528360971701185,0.0,0.0
nstxuG142301F62,2,nstxuG142301F62/N2/egn02w.7685E+02,False,MATCHED,,True,8.766243147122585,201,mixed,1,1,1,/p/nstxdigtwin/energetic_particles/nova/DiTw/nstxuG142301F62/N2/out_go,6516,76.8470189144737,"[0.48, 0.785, 0.795, 0.8, 0.805]",0.18844618740122554,0.0,0.0
nstxuG142301F62,2,nstxuG142301F62/N2/egn02w.8521E+02,False,MATCHED,,True,9.230920267246553,201,eae_like,1,1,1,/p/nstxdigtwin/energetic_particles/nova/DiTw/nstxuG142301F62/N2/out_go,7251,85.20988898026317,"[0.455, 0.785, 0.79, 0.795, 0.805]",0.5724677784431975,0.0,0.0
