path,shot,n,ntor,nr,nhar,omega,gamma_d,status,gap_region,signed_delta,fraction_below_upper2,p_rf_good,p_cnn_good,p_avg,final_label,tier,model_disagreement,near_threshold,large_score_gap,selected_final,rejection_reason,error_message
/global/cfs/cdirs/m314/nova2/data/nstx_120113/N2/egn02w.1239E+02,nstx_120113,2,2,201,22,3.5202827332763977,-0.0,scored,tae_like,0.946139107827074,1.0,0.5433333333333333,0.9999998807907104,0.771666607062022,good,silver_good,False,True,True,True,,
/global/cfs/cdirs/m314/nova2/data/nstx_120113/N4/egn04w.8982E+01,nstx_120113,4,4,201,40,2.997020433055356,-0.0,scored,tae_like,0.876689541278874,1.0,0.4866666666666667,1.2849590425541822e-26,0.24333333333333335,bad,flagged_borderline_or_disagreement,False,True,True,,,
/global/cfs/cdirs/m314/nova2/data/nstx_120113/N4/egn04w.9542E+01,nstx_120113,4,4,201,40,3.0890061150445933,-0.0,scored,tae_like,0.8599197284696123,1.0,0.41333333333333333,0.0,0.20666666666666667,bad,flagged_borderline_or_disagreement,False,True,True,,,
/global/cfs/cdirs/m314/nova2/data/nstx_120113/N5/egn05w.1185E+02,nstx_120113,5,5,201,49,3.4417650723607447,-0.0,scored,tae_like,0.5785228907018064,1.0,0.04666666666666667,0.9971356391906738,0.5219011529286702,bad,flagged_borderline_or_disagreement,True,False,True,,,
/global/cfs/cdirs/m314/nova2/data/nstx_120113/N6/egn06w.1418E+02,nstx_120113,6,6,201,58,3.7651837615478594,-0.0,scored,tae_like,0.984338738862784,1.0,0.5333333333333333,5.4248963845374646e-36,0.26666666666666666,good,flagged_rf_only_good,True,True,True,True,,
/global/cfs/cdirs/m314/nova2/data/nstx_120113/N7/egn07w.2630E+02,nstx_120113,7,7,201,67,5.128090972577058,-2.9530325830603828e-05,scored,tae_like,0.9769364479914256,0.9936197658944537,0.6833333333333333,6.995034027568181e-07,0.34166701641836805,good,flagged_rf_only_good,True,False,True,True,,
/global/cfs/cdirs/m314/nova2/data/nstx_120113/N8/egn08w.2765E+02,nstx_120113,8,8,201,76,5.25826905961358,-3.2237457733123115e-07,scored,tae_like,0.9749327209129669,0.9960637005281618,0.86,0.027682151645421982,0.443841075822711,good,flagged_rf_only_good,True,False,True,True,,
/global/cfs/cdirs/m314/nova2/data/nstx_120113/N9/egn09w.9464E+01,nstx_120113,9,9,201,85,3.0763678861423833,-0.0002891664249294491,scored,tae_like,0.9214464573165491,1.0,0.43,4.0584507269382764e-25,0.215,bad,flagged_borderline_or_disagreement,False,True,True,,,
