path,label,shot,ntor,omega,gap_region,final_decision,final_reason,automatic_final_decision,original_rule_decision,rule_primary_reason,decision_source,manual_decision,manual_reason,reviewer,adjudication_timestamp,selected_final,overall_rule_severity,input_fingerprint,mode_key,rf_cnn_decision,rf_decision,cnn_decision,p_rf_good,p_cnn_good
nstxuE202806A02t025/N3/egn03w.7423E+01,bad,nstxuE202806A02t025,3,2.72445663568058,tae_like,BAD,BAD_GRID_SCALE_SPIKE,BAD,BAD,BAD_GRID_SCALE_SPIKE,rule_engine,,,,,,1.5304991789457867,2fec1402fbb861b352c615d80e1b41728c27364ce9ee0d91b0aaf7931df8cbfb,nstxuE202806A02t025/N3/egn03w.7423E+01,GOOD,GOOD,BAD,0.5666666666666667,0.0
nstxuE202806A02t025/N3/egn03w.2515E+02,bad,nstxuE202806A02t025,3,5.014581431442288,tae_like,BAD,BAD_CONT_CROSS_WINDOW,BAD,BAD,BAD_CONT_CROSS_WINDOW,rule_engine,,,,,,1.4194258861352533,8be9e16371a6a989118d69beda3a49f5a35465eb7374db869548fd91a05fba39,nstxuE202806A02t025/N3/egn03w.2515E+02,GOOD,GOOD,GOOD,0.7233333333333334,0.9999974966049194
nstxuE202806A02t025/N4/egn04w.1294E+02,bad,nstxuE202806A02t025,4,3.5977602053313373,tae_like,BAD,BAD_GRID_SCALE_SPIKE,BAD,BAD,BAD_GRID_SCALE_SPIKE,rule_engine,,,,,,1.961890263971693,b0159fd2a30cd918dffd8ae15ce838b2ee61f4ed0d855ab2d296d20b8f4915c9,nstxuE202806A02t025/N4/egn04w.1294E+02,GOOD,GOOD,BAD,0.6033333333333334,0.0
nstxuE202806A02t025/N6/egn06w.9229E+01,good,nstxuE202806A02t025,6,3.0378755419516703,tae_like,GOOD,NO_GOOD_TEMPLATE,GOOD,REVIEW,NO_GOOD_TEMPLATE,rule_survivor_policy,,,,,True,0.9881678333693297,783f25289858d550cc75bfa1641b2b78d6d6d0668b9ad6e92c1af0d06e118117,nstxuE202806A02t025/N6/egn06w.9229E+01,BAD,BAD,BAD,0.2,3.5320228344210057e-16
nstxuE202806A02t025/N7/egn07w.8340E+01,bad,nstxuE202806A02t025,7,2.887961966776233,tae_like,BAD,BAD_GRID_SCALE_SPIKE,BAD,BAD,BAD_GRID_SCALE_SPIKE,rule_engine,,,,,,1.5002193928677305,f680dbc01f8108994e35f1575a4eb84e688f6d230d13db5e21d01deffdfd6f85,nstxuE202806A02t025/N7/egn07w.8340E+01,GOOD,GOOD,BAD,0.63,0.0
nstxuE202806A02t025/N7/egn07w.2445E+02,bad,nstxuE202806A02t025,7,4.945026221758747,tae_like,BAD,BAD_GRID_SCALE_SPIKE,BAD,BAD,BAD_GRID_SCALE_SPIKE,rule_engine,,,,,,1.4963492275225332,3893b12babfd5d6e98830bb120c2a8b00171e2149b4e0d66ad96436e2103a87c,nstxuE202806A02t025/N7/egn07w.2445E+02,GOOD,GOOD,BAD,0.5833333333333334,0.0
nstxuE202806A02t025/N8/egn08w.7959E+01,bad,nstxuE202806A02t025,8,2.821165834419531,tae_like,BAD,BAD_CONT_CROSS_WINDOW,BAD,BAD,BAD_CONT_CROSS_WINDOW,rule_engine,,,,,,1.3433631625302516,75d10fe839ba61b32c41b4e6a3a6195a4834bf33112abe395c6c62fc58f6d8e0,nstxuE202806A02t025/N8/egn08w.7959E+01,GOOD,GOOD,BAD,0.5,6.958390027372863e-13
nstxuE202806A02t025/N8/egn08w.9030E+01,good,nstxuE202806A02t025,8,3.0049459811295405,tae_like,GOOD,NO_GOOD_TEMPLATE,GOOD,REVIEW,NO_GOOD_TEMPLATE,rule_survivor_policy,,,,,True,0.9851959910401419,50e17b41f61158411b7324db314d13b3e5fef52169002702ff6f01aeb27e8b15,nstxuE202806A02t025/N8/egn08w.9030E+01,BAD,BAD,BAD,0.39666666666666667,7.653383704564476e-09
nstxuE202806A02t025/N8/egn08w.1016E+02,bad,nstxuE202806A02t025,8,3.1877567782279375,tae_like,BAD,BAD_GRID_SCALE_SPIKE,BAD,BAD,BAD_GRID_SCALE_SPIKE,rule_engine,,,,,,1.0315562186351064,1a914bd894a5728c1d1f6510edb0b674d5863b2e894d959cb582b458de4b83e7,nstxuE202806A02t025/N8/egn08w.1016E+02,GOOD,GOOD,BAD,0.75,0.0
nstxuE202806A02t025/N8/egn08w.1611E+02,good,nstxuE202806A02t025,8,4.0137452722111515,tae_like,GOOD,NO_GOOD_TEMPLATE,GOOD,REVIEW,NO_GOOD_TEMPLATE,rule_survivor_policy,,,,,True,0.8429459835242991,1f885e062dc5bc88436795fdf3913507ec9ec2d6f5f72f3695ce8de95c86f16d,nstxuE202806A02t025/N8/egn08w.1611E+02,BAD,BAD,GOOD,0.25333333333333335,1.0
nstxuE202806A02t025/N9/egn09w.7757E+01,bad,nstxuE202806A02t025,9,2.785103683668328,tae_like,BAD,BAD_GRID_SCALE_SPIKE,BAD,BAD,BAD_GRID_SCALE_SPIKE,rule_engine,,,,,,1.0112143708234762,7f6f9d59506f03d85e1dfb456d245a5dcda5a3736c408c6a92fabe5ffd6816ab,nstxuE202806A02t025/N9/egn09w.7757E+01,GOOD,GOOD,GOOD,0.7033333333333334,1.0
nstxuE202806A02t025/N9/egn09w.9313E+01,bad,nstxuE202806A02t025,9,3.051688168613226,tae_like,BAD,BAD_GRID_SCALE_SPIKE,BAD,BAD,BAD_GRID_SCALE_SPIKE,rule_engine,,,,,,1.1741346367634038,afcdaea58adcf195d6d38dbbc18f94909aeb719efc876a130de23185a08b40b7,nstxuE202806A02t025/N9/egn09w.9313E+01,GOOD,GOOD,BAD,0.6766666666666666,0.0
nstxuE202806A02t025/N9/egn09w.1552E+02,bad,nstxuE202806A02t025,9,3.9394647092877584,tae_like,BAD,BAD_CONT_CROSS_WINDOW,BAD,BAD,BAD_CONT_CROSS_WINDOW,rule_engine,,,,,,1.808451839681574,e87bf24c37c5b9da78b9454134d5861c8e1370cad794cb5b71581a07fc6d05c9,nstxuE202806A02t025/N9/egn09w.1552E+02,GOOD,BAD,GOOD,0.44666666666666666,0.9999998807907104
nstxuE202806A02t025/N10/egn10w.5223E+01,good,nstxuE202806A02t025,10,2.285456254205026,tae_like,GOOD,NO_GOOD_TEMPLATE,GOOD,REVIEW,NO_GOOD_TEMPLATE,rule_survivor_policy,,,,,True,0.3683468752196638,85449cbce8b30569d6d216bb2c0f732c1b9797401306f3daafd693395ba98bbe,nstxuE202806A02t025/N10/egn10w.5223E+01,BAD,BAD,BAD,0.4633333333333333,5.266993029307853e-25
nstxuE202806A02t025/N10/egn10w.7692E+01,bad,nstxuE202806A02t025,10,2.7734019410248236,tae_like,BAD,BAD_CONT_CROSS_WINDOW,BAD,BAD,BAD_CONT_CROSS_WINDOW,rule_engine,,,,,,1.030004848680204,86bdc4280e651f111ccabe49392ceedf033de653e558f48f5b52cfe5bb40f998,nstxuE202806A02t025/N10/egn10w.7692E+01,GOOD,GOOD,BAD,0.6566666666666666,2.1976069547235966e-05
nstxuE202806A02t025/N10/egn10w.1319E+02,bad,nstxuE202806A02t025,10,3.6317081477899187,tae_like,BAD,BAD_AXIS_SPIKE,BAD,BAD,BAD_AXIS_SPIKE,rule_engine,,,,,,1.2771793072915165,a1e29210221f6a319e915c8c5f810954e1fe379d5d5461db9d8af87d925087bf,nstxuE202806A02t025/N10/egn10w.1319E+02,GOOD,GOOD,BAD,0.6733333333333333,0.0007661025738343596
nstxuE202926A03t025/N4/egn04w.1699E+02,good,nstxuE202926A03t025,4,4.122127563488432,tae_like,GOOD,NO_GOOD_TEMPLATE,GOOD,REVIEW,NO_GOOD_TEMPLATE,rule_survivor_policy,,,,,True,0.7768592290958402,8980ab1455466f19b4013e6b450e8b176602fee8f9cbee9b0d6f99c08ecd2f9d,nstxuE202926A03t025/N4/egn04w.1699E+02,BAD,BAD,BAD,0.18666666666666668,0.0
nstxuE202926A03t025/N6/egn06w.3957E+01,bad,nstxuE202926A03t025,6,1.9891122097087692,tae_like,BAD,BAD_CONT_CROSS_WINDOW,BAD,BAD,BAD_CONT_CROSS_WINDOW,rule_engine,,,,,,1.4779714654017613,3d89f9643baf380bb8f1da34b45e9e9bd2506523b3a5249fd123204b81a5353e,nstxuE202926A03t025/N6/egn06w.3957E+01,GOOD,GOOD,BAD,0.6566666666666666,2.7286550663228816e-19
nstxuE202926A03t025/N8/egn08w.6500E+01,bad,nstxuE202926A03t025,8,2.5494880847423893,tae_like,BAD,BAD_INTERIOR_UNRESOLVED_ENVELOPE,BAD,BAD,BAD_INTERIOR_UNRESOLVED_ENVELOPE,rule_engine,,,,,,1.022794224628811,b10bcfd99d34f1bf2f034fd99223892507cf3437b95bc5898ffdfbab56a6c895,nstxuE202926A03t025/N8/egn08w.6500E+01,GOOD,GOOD,GOOD,0.7466666666666667,1.0
nstxuE202944A02t021/N1/egn01w.6615E+01,bad,nstxuE202944A02t021,1,2.5718734012273594,tae_like,BAD,BAD_AXIS_SPIKE,BAD,BAD,BAD_AXIS_SPIKE,rule_engine,,,,,,1.1001448351311087,8163d74259b879be9a1157646bf58236fdf94c6e211911d19160b9d45fa8ed27,nstxuE202944A02t021/N1/egn01w.6615E+01,GOOD,GOOD,BAD,0.6933333333333334,6.630949656027951e-07
nstxuE202944A02t021/N2/egn02w.6793E+01,bad,nstxuE202944A02t021,2,2.606330953715596,tae_like,BAD,BAD_AXIS_SPIKE,BAD,BAD,BAD_AXIS_SPIKE,rule_engine,,,,,,1.0126034817669085,1c84d34928f3a2eba99de3fee4044c4b9020585dbfa834381a7688ba7197a999,nstxuE202944A02t021/N2/egn02w.6793E+01,GOOD,GOOD,GOOD,0.9133333333333333,0.99997878074646
nstxuE202944A02t021/N2/egn02w.7449E+01,bad,nstxuE202944A02t021,2,2.729319574781028,tae_like,BAD,BAD_AXIS_SPIKE,BAD,BAD,BAD_AXIS_SPIKE,rule_engine,,,,,,1.7176139599871478,2e35d680efcddc2315f5fc18617ac04de2d59c0a6cfd0919a133f64355903236,nstxuE202944A02t021/N2/egn02w.7449E+01,GOOD,GOOD,BAD,0.7733333333333333,0.0
nstxuE202944A02t021/N3/egn03w.7345E+01,bad,nstxuE202944A02t021,3,2.7101663310470054,tae_like,BAD,BAD_AXIS_SPIKE,BAD,BAD,BAD_AXIS_SPIKE,rule_engine,,,,,,2.1423304029615733,4752e0dbe5b693ffa9a78f6d873fa590b3e543a543c339e90c44616bd469812b,nstxuE202944A02t021/N3/egn03w.7345E+01,GOOD,GOOD,BAD,0.8133333333333334,9.804657435238692e-27
nstxuE202944A02t021/N6/egn06w.9025E+01,bad,nstxuE202944A02t021,6,3.0041462404560217,tae_like,BAD,BAD_AXIS_SPIKE,BAD,BAD,BAD_AXIS_SPIKE,rule_engine,,,,,,2.1001568464065974,24c6b27b949724b909f145154512ecb1488906d6f80116e22cda364250e41efa,nstxuE202944A02t021/N6/egn06w.9025E+01,GOOD,GOOD,GOOD,0.76,1.0
nstxuE202944A02t021/N7/egn07w.8198E+01,bad,nstxuE202944A02t021,7,2.86327387335698,tae_like,BAD,BAD_AXIS_SPIKE,BAD,BAD,BAD_AXIS_SPIKE,rule_engine,,,,,,1.5884282174724085,01ba36958ce6f1814145d176ee9954979d5274c5a57f8e00cb00a19c2977746f,nstxuE202944A02t021/N7/egn07w.8198E+01,GOOD,GOOD,BAD,0.9966666666666667,1.4823237852023413e-13
nstxuE202944A02t021/N8/egn08w.7759E+01,bad,nstxuE202944A02t021,8,2.785463525485338,tae_like,BAD,BAD_AXIS_SPIKE,BAD,BAD,BAD_AXIS_SPIKE,rule_engine,,,,,,3.212494355099128,debbb677ae6a37eb4e2443af90029bf3c6c7955113b4d496708aa815a7e11917,nstxuE202944A02t021/N8/egn08w.7759E+01,GOOD,GOOD,BAD,0.5833333333333334,2.3583885018961427e-23
nstxuE202944A02t021/N9/egn09w.7205E+01,bad,nstxuE202944A02t021,9,2.6841592033841515,tae_like,BAD,BAD_AXIS_SPIKE,BAD,BAD,BAD_AXIS_SPIKE,rule_engine,,,,,,2.340968803086214,2b70ee4181a863876e65fbfdfda96a2231ffebdda9a3827ade2049cc78ff1903,nstxuE202944A02t021/N9/egn09w.7205E+01,GOOD,GOOD,BAD,0.9333333333333333,7.764843979158933e-30
nstxuE202944A02t021/N9/egn09w.7538E+01,bad,nstxuE202944A02t021,9,2.745490564837519,tae_like,BAD,BAD_AXIS_SPIKE,BAD,BAD,BAD_AXIS_SPIKE,rule_engine,,,,,,1.5364419473758808,b1a31cff9dabd10f15f374a3129a1cdd3219da8d8701c50f85bc1b369d204b1a,nstxuE202944A02t021/N9/egn09w.7538E+01,GOOD,GOOD,BAD,0.99,0.017776193097233772
nstxuE202944A02t021/N9/egn09w.8224E+01,bad,nstxuE202944A02t021,9,2.867686367578583,tae_like,BAD,BAD_AXIS_SPIKE,BAD,BAD,BAD_AXIS_SPIKE,rule_engine,,,,,,1.3266085626986288,90b51de7c62db3053a1c54468db6756221cc1362538143603fdcd7e053ed0a53,nstxuE202944A02t021/N9/egn09w.8224E+01,GOOD,GOOD,GOOD,0.98,1.0
nstxuE202944A02t021/N9/egn09w.1500E+02,bad,nstxuE202944A02t021,9,3.8725526811254745,tae_like,BAD,BAD_NEAR_AXIS_GRID_OSCILLATION,BAD,BAD,BAD_NEAR_AXIS_GRID_OSCILLATION,rule_engine,,,,,,1.2089267477997867,452773602f012359ceb2d1a9f7d7382760a6b712a54cc85ecf0d249e152537c3,nstxuE202944A02t021/N9/egn09w.1500E+02,GOOD,GOOD,GOOD,0.7666666666666667,0.6424185037612915
nstxuE202944A02t021/N10/egn10w.7005E+01,bad,nstxuE202944A02t021,10,2.6467210077617978,tae_like,BAD,BAD_AXIS_SPIKE,BAD,BAD,BAD_AXIS_SPIKE,rule_engine,,,,,,2.5617694625250045,3e4b433bc5dfcea9d9bc6341ef1611b5097dad4d9e737cf178f9c738f49a67f7,nstxuE202944A02t021/N10/egn10w.7005E+01,GOOD,GOOD,BAD,0.84,9.277496494603957e-24
nstxuE202944A02t021/N10/egn10w.7125E+01,bad,nstxuE202944A02t021,10,2.6691814678022943,tae_like,BAD,BAD_AXIS_SPIKE,BAD,BAD,BAD_AXIS_SPIKE,rule_engine,,,,,,4.303349904493219,b1579db4f65bedd3615cf90f904a2599132eafb3f7463c205e2db916be6dffb3,nstxuE202944A02t021/N10/egn10w.7125E+01,GOOD,GOOD,BAD,0.5166666666666667,0.0
nstxuE202944A02t021/N10/egn10w.7332E+01,bad,nstxuE202944A02t021,10,2.7078136626094627,tae_like,BAD,BAD_AXIS_SPIKE,BAD,BAD,BAD_AXIS_SPIKE,rule_engine,,,,,,1.2827357852612054,86f6ac673056a7330a5126e768970a3e4f132abf4f3b0dfa31e59eb18fedf6fb,nstxuE202944A02t021/N10/egn10w.7332E+01,GOOD,GOOD,BAD,0.9833333333333333,1.6184998862663991e-28
nstxuE202944A02t021/N10/egn10w.1626E+02,bad,nstxuE202944A02t021,10,4.0326911183786445,tae_like,BAD,BAD_AXIS_SPIKE,BAD,BAD,BAD_AXIS_SPIKE,rule_engine,,,,,,1.6464609789974207,b429b1cd1fd7aee4c25a008fab1a9bf4351f375d1cfcff91b38605c961579e5e,nstxuE202944A02t021/N10/egn10w.1626E+02,GOOD,GOOD,BAD,0.6366666666666667,8.341078695794923e-12
nstxuE202947A03t015/N4/egn04w.4655E+01,bad,nstxuE202947A03t015,4,2.1574977916109015,tae_like,BAD,BAD_CONT_CROSS_WINDOW,BAD,BAD,BAD_CONT_CROSS_WINDOW,rule_engine,,,,,,1.8002282871418833,abf0d0e63e52b4f1ced24700453388995a3338783f3d2e4efb1cb8771788aa9d,nstxuE202947A03t015/N4/egn04w.4655E+01,GOOD,GOOD,GOOD,0.5033333333333333,0.9998311996459961
nstxuE202947A03t015/N6/egn06w.1062E+01,bad,nstxuE202947A03t015,6,1.0304243417718515,tae_like,BAD,BAD_GRID_SCALE_SPIKE,BAD,BAD,BAD_GRID_SCALE_SPIKE,rule_engine,,,,,,1.0382349923708039,65632535d94ca5fb61ba1124265fbb78421814d00ef4749b0789fde679253bc3,nstxuE202947A03t015/N6/egn06w.1062E+01,GOOD,GOOD,BAD,0.56,0.0
nstxuE202947A03t015/N6/egn06w.2056E+01,good,nstxuE202947A03t015,6,1.4338557299524362,tae_like,GOOD,NO_GOOD_TEMPLATE,GOOD,REVIEW,NO_GOOD_TEMPLATE,rule_survivor_policy,,,,,True,0.5524966208570271,e09123c9800bf582aa1a7fc4e323d0dd839a64b19da8aa6e20bb989e3709a0b0,nstxuE202947A03t015/N6/egn06w.2056E+01,BAD,BAD,GOOD,0.22,0.9999997615814209
nstxuE202947A03t015/N7/egn07w.1193E+01,bad,nstxuE202947A03t015,7,1.0924320948632622,tae_like,BAD,BAD_GRID_SCALE_SPIKE,BAD,BAD,BAD_GRID_SCALE_SPIKE,rule_engine,,,,,,1.107439013776344,d12cea97d899a7792d0cdd2c5d33bef8c9ff607601f3a2608e2ee7aeb2955ae1,nstxuE202947A03t015/N7/egn07w.1193E+01,GOOD,GOOD,BAD,0.5433333333333333,0.0
nstxuE202947A03t015/N7/egn07w.3289E+01,bad,nstxuE202947A03t015,7,1.813697355755096,tae_like,BAD,BAD_CONT_CROSS_WINDOW,BAD,BAD,BAD_CONT_CROSS_WINDOW,rule_engine,,,,,,1.0787795776088578,589b1f212bd6cc39806fcf089833ab9c3c0dd86a4c99d6505ff1dc159d9d0837,nstxuE202947A03t015/N7/egn07w.3289E+01,GOOD,GOOD,BAD,0.8766666666666667,2.3303974903092625e-15
nstxuE202947A03t015/N8/egn08w.1496E+01,bad,nstxuE202947A03t015,8,1.2229850874630779,tae_like,BAD,BAD_GRID_SCALE_SPIKE,BAD,BAD,BAD_GRID_SCALE_SPIKE,rule_engine,,,,,,3.3333333333333335,47edca2deaf9fc67b180af7573add3fa8d30dc6e223b8658d4859a4e6cdbb747,nstxuE202947A03t015/N8/egn08w.1496E+01,GOOD,GOOD,BAD,0.5566666666666666,0.0
nstxuE202947A03t015/N8/egn08w.3960E+01,bad,nstxuE202947A03t015,8,1.9899389077297607,tae_like,BAD,BAD_GRID_SCALE_SPIKE,BAD,BAD,BAD_GRID_SCALE_SPIKE,rule_engine,,,,,,1.603480985574011,48d39f90c2db867d9fb6b56c1686f1eb6e40b2abd183e83913ead9dd16933840,nstxuE202947A03t015/N8/egn08w.3960E+01,GOOD,GOOD,BAD,0.8133333333333334,0.0
nstxuE202947A03t015/N9/egn09w.2108E+01,good,nstxuE202947A03t015,9,1.4520464570549125,tae_like,GOOD,NO_GOOD_TEMPLATE,GOOD,REVIEW,NO_GOOD_TEMPLATE,rule_survivor_policy,,,,,True,0.9525927953363806,90caee9e2468b4077ed1211edbd8578da4fc68820c73a4d7575d2543ac409cf9,nstxuE202947A03t015/N9/egn09w.2108E+01,BAD,BAD,BAD,0.19333333333333333,0.0
nstxuE202947A03t015/N9/egn09w.3219E+01,bad,nstxuE202947A03t015,9,1.794198163457228,tae_like,BAD,BAD_GRID_SCALE_SPIKE,BAD,BAD,BAD_GRID_SCALE_SPIKE,rule_engine,,,,,,1.6151019266822022,5a4420e9452f66751518774744e8282ef68f758f6719fe7d6607059274ceb607,nstxuE202947A03t015/N9/egn09w.3219E+01,GOOD,GOOD,BAD,0.76,0.0
nstxuE202947A03t015/N9/egn09w.4140E+01,bad,nstxuE202947A03t015,9,2.034599654606042,tae_like,BAD,BAD_GRID_SCALE_SPIKE,BAD,BAD,BAD_GRID_SCALE_SPIKE,rule_engine,,,,,,1.2572158858480476,35ed0bef788883990f80b8cab544f5ddad1c629a2f77cff35169db0fce77d814,nstxuE202947A03t015/N9/egn09w.4140E+01,GOOD,GOOD,BAD,0.81,0.0
nstxuE202947A03t015/N10/egn10w.7476E+00,bad,nstxuE202947A03t015,10,0.8646673722466218,tae_like,BAD,BAD_GRID_SCALE_SPIKE,BAD,BAD,BAD_GRID_SCALE_SPIKE,rule_engine,,,,,,1.6506265354808474,cafbb8b5d822f8d32e443b3d98d68b091e5d466b434969839560fe413c1bb9db,nstxuE202947A03t015/N10/egn10w.7476E+00,GOOD,GOOD,BAD,0.6033333333333334,0.0
nstxuE202947A03t015/N10/egn10w.3495E+01,bad,nstxuE202947A03t015,10,1.8693888765563906,tae_like,BAD,BAD_GRID_SCALE_SPIKE,BAD,BAD,BAD_GRID_SCALE_SPIKE,rule_engine,,,,,,1.166029073111764,e145adfbd48b0542482a880e9104f75537c95de23fa29f8e2d5ab31888ebfa27,nstxuE202947A03t015/N10/egn10w.3495E+01,GOOD,GOOD,BAD,0.8233333333333334,2.937789744805741e-08
nstxuE202947A03t015/N10/egn10w.3915E+01,bad,nstxuE202947A03t015,10,1.9785350374268484,tae_like,BAD,BAD_GRID_SCALE_SPIKE,BAD,BAD,BAD_GRID_SCALE_SPIKE,rule_engine,,,,,,1.6173101563154144,94b206205a013e2de14cf3ba73556200a6d6036c9f6499f05e4ea82465a7c1f0,nstxuE202947A03t015/N10/egn10w.3915E+01,GOOD,GOOD,BAD,0.83,0.0
nstxuE203262A04t018/N3/egn03w.1291E+02,good,nstxuE203262A04t018,3,3.593078455562715,tae_like,GOOD,NO_GOOD_TEMPLATE,GOOD,REVIEW,NO_GOOD_TEMPLATE,rule_survivor_policy,,,,,True,0.9465243944205121,dc0dbe66a74fe5e8e63a5592c644b991b38ddcfef663d46d16be46c629cd5973,nstxuE203262A04t018/N3/egn03w.1291E+02,BAD,BAD,BAD,0.4766666666666667,4.112856984457172e-26
nstxuE203262A04t018/N4/egn04w.8929E+01,bad,nstxuE203262A04t018,4,2.9881021779421073,tae_like,BAD,BAD_GRID_SCALE_SPIKE,BAD,BAD,BAD_GRID_SCALE_SPIKE,rule_engine,,,,,,1.3972082857170396,8c0bcb1ccd153462c4046849bc599a64b44ecab449716975c882e158b3860293,nstxuE203262A04t018/N4/egn04w.8929E+01,GOOD,GOOD,BAD,0.5566666666666666,3.0441564013059534e-38
nstxuE203262A04t018/N4/egn04w.1263E+02,good,nstxuE203262A04t018,4,3.5535715245045703,tae_like,GOOD,NO_GOOD_TEMPLATE,GOOD,REVIEW,NO_GOOD_TEMPLATE,rule_survivor_policy,,,,,True,0.606075979694346,133cc8ecfd2fa650ca0d4ff17cad0d6079db5aef56ba8b2e4207912ebda03212,nstxuE203262A04t018/N4/egn04w.1263E+02,BAD,BAD,BAD,0.39666666666666667,0.0
nstxuE203262A04t018/N5/egn05w.1322E+02,bad,nstxuE203262A04t018,5,3.6359019651702584,tae_like,BAD,BAD_CONT_CROSS_WINDOW,BAD,BAD,BAD_CONT_CROSS_WINDOW,rule_engine,,,,,,1.7924560571754489,1e1c7958fc3aff0ad2be07d404d05f23a7bf0a76d01e2c9f95ebce8b4300b372,nstxuE203262A04t018/N5/egn05w.1322E+02,GOOD,GOOD,BAD,0.53,2.303781696213617e-24
nstxuE203262A04t018/N6/egn06w.4322E+01,bad,nstxuE203262A04t018,6,2.0790426965621194,tae_like,BAD,BAD_CONT_CROSS_WINDOW,BAD,BAD,BAD_CONT_CROSS_WINDOW,rule_engine,,,,,,1.1363012307526008,4f820e7ecdf64ed433fc448724b250c0516b57d9e250e34b24a1b0d1124ae696,nstxuE203262A04t018/N6/egn06w.4322E+01,GOOD,GOOD,GOOD,0.6633333333333333,0.9956865310668945
nstxuE203262A04t018/N7/egn07w.2226E+01,good,nstxuE203262A04t018,7,1.491833968867219,tae_like,GOOD,NO_GOOD_TEMPLATE,GOOD,REVIEW,NO_GOOD_TEMPLATE,rule_survivor_policy,,,,,True,0.6458169070078721,e93291bfa9d7d33f290f285b8399e864e704f55c6b4f8492d39ea48c08a1f8ca,nstxuE203262A04t018/N7/egn07w.2226E+01,BAD,BAD,BAD,0.37666666666666665,1.2014831352047395e-09
nstxuE203262A04t018/N8/egn08w.4882E+01,good,nstxuE203262A04t018,8,2.2095223118647804,tae_like,GOOD,NO_GOOD_TEMPLATE,GOOD,REVIEW,NO_GOOD_TEMPLATE,rule_survivor_policy,,,,,True,0.8494352052006349,9c518affdf8c4df6555c196c6a552c152820a9622295bc04763320d0388af964,nstxuE203262A04t018/N8/egn08w.4882E+01,BAD,BAD,BAD,0.49333333333333335,0.0
nstxuE203262A04t018/N9/egn09w.2705E+01,bad,nstxuE203262A04t018,9,1.6446404885427934,tae_like,BAD,BAD_CONT_CROSS_WINDOW,BAD,BAD,BAD_CONT_CROSS_WINDOW,rule_engine,,,,,,2.110127397226679,a61ca57b154763e828882efd077cf380119eedeff10f811f40d95efbc557fdbd,nstxuE203262A04t018/N9/egn09w.2705E+01,GOOD,GOOD,BAD,0.56,9.482590712650563e-09
nstxuE203262A04t018/N9/egn09w.4938E+01,good,nstxuE203262A04t018,9,2.222166858005733,tae_like,GOOD,NO_GOOD_TEMPLATE,GOOD,REVIEW,NO_GOOD_TEMPLATE,rule_survivor_policy,,,,,True,0.6120931164897991,c6de0026acbb86085b5e97fb256b25cc3cbe8727f96f0375e4d2446dfa4e0734,nstxuE203262A04t018/N9/egn09w.4938E+01,BAD,BAD,BAD,0.31333333333333335,0.0
nstxuE203262A04t018/N9/egn09w.7920E+01,good,nstxuE203262A04t018,9,2.814247903496691,tae_like,GOOD,NO_GOOD_TEMPLATE,GOOD,REVIEW,NO_GOOD_TEMPLATE,rule_survivor_policy,,,,,True,0.4372861756547818,064a35d0b209400b94cd5ec952db7b4fc54b0536b9652f5e30dc9c6f34f4fd35,nstxuE203262A04t018/N9/egn09w.7920E+01,BAD,BAD,GOOD,0.22,1.0
nstxuE203262A04t018/N9/egn09w.8000E+01,good,nstxuE203262A04t018,9,2.8283667023787764,tae_like,GOOD,NO_GOOD_TEMPLATE,GOOD,REVIEW,NO_GOOD_TEMPLATE,rule_survivor_policy,,,,,True,0.7090554376760567,67cb4013256b8951a1ac605b8b8996b6c8cc84034becf34e2605358b1eefcac7,nstxuE203262A04t018/N9/egn09w.8000E+01,BAD,BAD,GOOD,0.10666666666666667,1.0
nstxuE203262A04t018/N9/egn09w.1738E+02,good,nstxuE203262A04t018,9,4.168401434374107,tae_like,GOOD,NO_GOOD_TEMPLATE,GOOD,REVIEW,NO_GOOD_TEMPLATE,rule_survivor_policy,,,,,True,0.8947845131375457,250a9937b8764ac4e79944ca864a94b3b87695bdc257f15992156dc1208497ef,nstxuE203262A04t018/N9/egn09w.1738E+02,BAD,BAD,BAD,0.48333333333333334,2.8751073535908207e-25
nstxuE203262A04t018/N10/egn10w.2741E+01,bad,nstxuE203262A04t018,10,1.655515330170421,tae_like,BAD,BAD_CONT_CROSS_WINDOW,BAD,BAD,BAD_CONT_CROSS_WINDOW,rule_engine,,,,,,1.8446847544780005,643e8acda7d139367939fb742b75209814a4e6395dabcc8353776a9f3584f475,nstxuE203262A04t018/N10/egn10w.2741E+01,GOOD,GOOD,BAD,0.58,3.4271181448275456e-08
nstxuE203262A04t018/N10/egn10w.3061E+01,bad,nstxuE203262A04t018,10,1.7496186952424173,tae_like,BAD,BAD_CONT_CROSS_WINDOW,BAD,BAD,BAD_CONT_CROSS_WINDOW,rule_engine,,,,,,8.321571465414802,b820e44d0d2d3f9706d5a9cf51b7f46fd4176f6e6d78f2cc02bf18b39f62446c,nstxuE203262A04t018/N10/egn10w.3061E+01,GOOD,BAD,GOOD,0.49666666666666665,0.9081981778144836
nstxuE203262A04t018/N10/egn10w.3973E+01,bad,nstxuE203262A04t018,10,1.9933421898754622,tae_like,BAD,BAD_CONT_CROSS_WINDOW,BAD,BAD,BAD_CONT_CROSS_WINDOW,rule_engine,,,,,,1.2516402732115188,2c0709e623a3fec074d259fa94ad6091c5f248b301d574d9c387a85658ef118c,nstxuE203262A04t018/N10/egn10w.3973E+01,GOOD,GOOD,BAD,0.54,2.88689506078299e-07
nstxuE203262A04t018/N10/egn10w.4444E+01,bad,nstxuE203262A04t018,10,2.1079853487807596,tae_like,BAD,BAD_GRID_SCALE_SPIKE,BAD,BAD,BAD_GRID_SCALE_SPIKE,rule_engine,,,,,,1.0624002229782064,b7696d5c96e0e41707bce45de810b3616330287266e914d35f04d3af59d7d627,nstxuE203262A04t018/N10/egn10w.4444E+01,GOOD,GOOD,BAD,0.75,1.0865749189292728e-08
nstxuE203262A04t018/N10/egn10w.4510E+01,bad,nstxuE203262A04t018,10,2.123623598841357,tae_like,BAD,BAD_GRID_SCALE_SPIKE,BAD,BAD,BAD_GRID_SCALE_SPIKE,rule_engine,,,,,,4.938413270730381,c133df069e83ad45fb9634cd664dac26badb69295b75cf4fa5260f7498774b41,nstxuE203262A04t018/N10/egn10w.4510E+01,GOOD,GOOD,BAD,0.5133333333333333,0.0
nstxuE203262A04t018/N10/egn10w.5558E+01,bad,nstxuE203262A04t018,10,2.3576449412489375,tae_like,BAD,BAD_GRID_SCALE_SPIKE,BAD,BAD,BAD_GRID_SCALE_SPIKE,rule_engine,,,,,,1.7817071907461883,22d3e8ac5743206b7465cf0300e9577e24fbdfde3d6af6fdd80856b756232b2a,nstxuE203262A04t018/N10/egn10w.5558E+01,GOOD,GOOD,BAD,0.6233333333333333,0.0
nstxuE203262A04t018/N10/egn10w.6516E+01,bad,nstxuE203262A04t018,10,2.552626094719081,tae_like,BAD,BAD_GRID_SCALE_SPIKE,BAD,BAD,BAD_GRID_SCALE_SPIKE,rule_engine,,,,,,1.2793105809612408,38eae558a619898e404243c829ddbc19b3ed08882d5e3835c0785d43ad1095da,nstxuE203262A04t018/N10/egn10w.6516E+01,GOOD,GOOD,GOOD,0.7766666666666666,0.999995231628418
nstxuE203262A04t018/N10/egn10w.6623E+01,good,nstxuE203262A04t018,10,2.5735515655144425,tae_like,GOOD,NO_GOOD_TEMPLATE,GOOD,REVIEW,NO_GOOD_TEMPLATE,rule_survivor_policy,,,,,True,0.9261956138912095,808f10bc348d37f80692580cd92b1f0d2cbe124e2ba413ea39b51814f8784471,nstxuE203262A04t018/N10/egn10w.6623E+01,BAD,BAD,BAD,0.30666666666666664,3.618154495628467e-13
nstxuE203262A04t018/N10/egn10w.8331E+01,good,nstxuE203262A04t018,10,2.886310791939162,tae_like,GOOD,NO_GOOD_TEMPLATE,GOOD,REVIEW,NO_GOOD_TEMPLATE,rule_survivor_policy,,,,,True,0.4583010838476217,d957dfde9f7232bc4988fd3307e905caef795228bdafac1fca8276afeb90cef1,nstxuE203262A04t018/N10/egn10w.8331E+01,BAD,BAD,GOOD,0.24666666666666667,1.0
nstxuE203262A04t018/N10/egn10w.8504E+01,good,nstxuE203262A04t018,10,2.91610921403688,tae_like,GOOD,NO_GOOD_TEMPLATE,GOOD,REVIEW,NO_GOOD_TEMPLATE,rule_survivor_policy,,,,,True,0.955381328443242,78760303f9daaab49c5ede08da5e7989264dd291260497b827359541429a9888,nstxuE203262A04t018/N10/egn10w.8504E+01,BAD,BAD,GOOD,0.38333333333333336,1.0
nstxuE203262A04t018/N10/egn10w.1770E+02,good,nstxuE203262A04t018,10,4.207520996484186,tae_like,GOOD,NO_GOOD_TEMPLATE,GOOD,REVIEW,NO_GOOD_TEMPLATE,rule_survivor_policy,,,,,True,0.9211160839362139,19fe53325a4381dfe9d4cb7da64056c75e51012ef87f1e8034eaedf17321934c,nstxuE203262A04t018/N10/egn10w.1770E+02,BAD,BAD,BAD,0.21,4.39817793296271e-10
nstxuE203609A01t020/N6/egn06w.2835E+01,bad,nstxuE203609A01t020,6,1.6838168336601929,tae_like,BAD,BAD_GRID_SCALE_SPIKE,BAD,BAD,BAD_GRID_SCALE_SPIKE,rule_engine,,,,,,1.755571076349934,91e925976018acffede5271418e311095b1044f15e2728f1902c61463eaec080,nstxuE203609A01t020/N6/egn06w.2835E+01,GOOD,GOOD,BAD,0.8366666666666667,0.0
nstxuE203609A01t020/N6/egn06w.3722E+01,bad,nstxuE203609A01t020,6,1.929285096813373,tae_like,BAD,BAD_GRID_SCALE_SPIKE,BAD,BAD,BAD_GRID_SCALE_SPIKE,rule_engine,,,,,,1.2579405051951507,fdbfbb1f0f8f957a3ae154dfb4889e64e54eeacb295e37456af112b6fd1ad9b3,nstxuE203609A01t020/N6/egn06w.3722E+01,GOOD,GOOD,BAD,0.6233333333333333,1.2651752460112036e-22
nstxuE203609A01t020/N7/egn07w.2711E+01,good,nstxuE203609A01t020,7,1.6463779538677958,tae_like,GOOD,NO_GOOD_TEMPLATE,GOOD,REVIEW,NO_GOOD_TEMPLATE,rule_survivor_policy,,,,,True,0.9413941562151383,25e3c674aff442608df9d7c411966face4f668cbce34f733d8c98d03fc52a6d2,nstxuE203609A01t020/N7/egn07w.2711E+01,BAD,BAD,BAD,0.36666666666666664,0.0
nstxuE203609A01t020/N7/egn07w.2944E+01,bad,nstxuE203609A01t020,7,1.7158324145424022,tae_like,BAD,BAD_CONT_CROSS_WINDOW,BAD,BAD,BAD_CONT_CROSS_WINDOW,rule_engine,,,,,,1.031407295474245,0e199d0bc8dde119dd7bb65c654bcec6aacf1926d2bfb704ede9ad41c5304038,nstxuE203609A01t020/N7/egn07w.2944E+01,GOOD,BAD,GOOD,0.45,1.0
nstxuE203609A01t020/N7/egn07w.9477E+01,good,nstxuE203609A01t020,7,3.078455599398358,tae_like,GOOD,NO_GOOD_TEMPLATE,GOOD,REVIEW,NO_GOOD_TEMPLATE,rule_survivor_policy,,,,,True,0.9535914631544841,5dd0e552aceb1f164da6e61edbc9551d4810a34479bc56b4f47bfee4f72fdff0,nstxuE203609A01t020/N7/egn07w.9477E+01,BAD,BAD,BAD,0.31333333333333335,0.0
nstxuE203609A01t020/N8/egn08w.3324E+01,bad,nstxuE203609A01t020,8,1.8231837601946492,tae_like,BAD,BAD_AXIS_SPIKE,BAD,BAD,BAD_AXIS_SPIKE,rule_engine,,,,,,1.6276167692479615,6d28a0382ab207416529bdf732b77d72946c3fc17b6fb3d152bf62301a6e3c37,nstxuE203609A01t020/N8/egn08w.3324E+01,GOOD,GOOD,BAD,0.9366666666666666,2.712076657002127e-12
nstxuE203609A01t020/N8/egn08w.4721E+01,bad,nstxuE203609A01t020,8,2.172759014051361,tae_like,BAD,BAD_AXIS_SPIKE,BAD,BAD,BAD_AXIS_SPIKE,rule_engine,,,,,,2.007892609872112,4af202fa6c96d73c04712680dd200635410ea8fb7c710876433cddf71c4f983e,nstxuE203609A01t020/N8/egn08w.4721E+01,GOOD,GOOD,BAD,0.96,3.761365663379479e-10
nstxuE203609A01t020/N8/egn08w.5439E+01,bad,nstxuE203609A01t020,8,2.332100709480871,tae_like,BAD,BAD_NEAR_AXIS_GRID_OSCILLATION,BAD,BAD,BAD_NEAR_AXIS_GRID_OSCILLATION,rule_engine,,,,,,1.1619572838820034,54ce246f91ed2e209c268d4f694c8393e9a9da4493ef8c22a65953fb99855d19,nstxuE203609A01t020/N8/egn08w.5439E+01,GOOD,GOOD,GOOD,0.9733333333333334,0.6856855154037476
nstxuE203609A01t020/N8/egn08w.5685E+01,bad,nstxuE203609A01t020,8,2.3842603722360374,tae_like,BAD,BAD_NEAR_AXIS_GRID_OSCILLATION,BAD,BAD,BAD_NEAR_AXIS_GRID_OSCILLATION,rule_engine,,,,,,1.0950481899785116,aa97bcf71ef7b474ac1745e23d9081d4cfdddd226d72cda07af95278f1f355fe,nstxuE203609A01t020/N8/egn08w.5685E+01,GOOD,GOOD,GOOD,0.97,1.0
nstxuE203609A01t020/N10/egn10w.4899E+01,bad,nstxuE203609A01t020,10,2.2133891523825775,tae_like,BAD,BAD_AXIS_SPIKE,BAD,BAD,BAD_AXIS_SPIKE,rule_engine,,,,,,1.8104499393140276,21b401662960722cd0653b28e389c3c32943da8b5e5d921b381e0f0ffa853adc,nstxuE203609A01t020/N10/egn10w.4899E+01,GOOD,GOOD,BAD,0.93,1.2783934703365683e-25
nstxuE203609A01t020/N10/egn10w.7894E+01,bad,nstxuE203609A01t020,10,2.809550262374604,tae_like,BAD,BAD_AXIS_SPIKE,BAD,BAD,BAD_AXIS_SPIKE,rule_engine,,,,,,3.963790808574836,e2ba65cda785908781727dfa39fd90ec2786324460f44b51e7ca334e9f5ea7d2,nstxuE203609A01t020/N10/egn10w.7894E+01,GOOD,GOOD,BAD,0.56,0.0
nstxuE203653A02t025/N6/egn06w.9409E+01,bad,nstxuE203653A02t025,6,3.0674750641063855,tae_like,BAD,BAD_NEAR_AXIS_GRID_OSCILLATION,BAD,BAD,BAD_NEAR_AXIS_GRID_OSCILLATION,rule_engine,,,,,,1.174125246646217,f4fbae9d7774720ee220bd1f1cafcf44bbbcd701154305e977533acbc1664d59,nstxuE203653A02t025/N6/egn06w.9409E+01,GOOD,GOOD,GOOD,0.8966666666666666,0.9999964237213135
nstxuE203653A02t025/N6/egn06w.1464E+02,bad,nstxuE203653A02t025,6,3.8258643298038923,tae_like,BAD,BAD_NEAR_AXIS_GRID_OSCILLATION,BAD,BAD,BAD_NEAR_AXIS_GRID_OSCILLATION,rule_engine,,,,,,1.1660220909859946,dd2a6c8a5f796cd9f2f7b289ca774a0bf36ffd14fa029d2ec67ee28bcfeb8230,nstxuE203653A02t025/N6/egn06w.1464E+02,GOOD,GOOD,GOOD,0.81,1.0
nstxuE203653A02t025/N6/egn06w.1872E+02,bad,nstxuE203653A02t025,6,4.32697501585449,tae_like,BAD,BAD_NEAR_AXIS_GRID_OSCILLATION,BAD,BAD,BAD_NEAR_AXIS_GRID_OSCILLATION,rule_engine,,,,,,1.1410626404570177,8ba93c471de8b3711cd67f704c3ea8fada480bad5c81123166fa9e0732b172ab,nstxuE203653A02t025/N6/egn06w.1872E+02,GOOD,GOOD,BAD,0.9266666666666666,0.049602847546339035
nstxuE203653A02t025/N6/egn06w.2822E+02,bad,nstxuE203653A02t025,6,5.312164269577297,tae_like,BAD,BAD_CONTINUUM_CROSSING_TAIL,BAD,BAD,BAD_CONTINUUM_CROSSING_TAIL,rule_engine,,,,,,1.0921532431153727,c57cc2cac70c952fd8c83ccef6275f6630a59ded0c6baf4477f858f18829f173,nstxuE203653A02t025/N6/egn06w.2822E+02,GOOD,GOOD,GOOD,0.6866666666666666,0.7296245694160461
nstxuE203653A02t025/N7/egn07w.3243E+02,bad,nstxuE203653A02t025,7,5.694863112640245,tae_like,BAD,BAD_CONTINUUM_CROSSING_TAIL,BAD,BAD,BAD_CONTINUUM_CROSSING_TAIL,rule_engine,,,,,,1.3894943094713144,337102b3ddcc848aeccc9907430ae534514a54ed28c25aa7648cb20c1eb6ed91,nstxuE203653A02t025/N7/egn07w.3243E+02,GOOD,BAD,GOOD,0.4266666666666667,0.9999998807907104
nstxuE203653A02t025/N9/egn09w.8446E+01,bad,nstxuE203653A02t025,9,2.9061779313361944,tae_like,BAD,BAD_AXIS_SPIKE,BAD,BAD,BAD_AXIS_SPIKE,rule_engine,,,,,,2.429994858597486,41a1269d5634235f631206d3e6f443793747fed97be4ca20c7a3b0f72b3213fa,nstxuE203653A02t025/N9/egn09w.8446E+01,GOOD,GOOD,BAD,0.7733333333333333,0.0
nstxuE203653A02t025/N9/egn09w.1057E+02,bad,nstxuE203653A02t025,9,3.2511017078779774,tae_like,BAD,BAD_AXIS_SPIKE,BAD,BAD,BAD_AXIS_SPIKE,rule_engine,,,,,,1.3879264436600292,9680afdc89ac3db76b302bdd79130f8237d52459247d4cbcc86c8899a953dd5e,nstxuE203653A02t025/N9/egn09w.1057E+02,GOOD,GOOD,BAD,0.99,7.909293879559964e-12
nstxuE203653A02t025/N10/egn10w.9117E+01,bad,nstxuE203653A02t025,10,3.01947106118095,tae_like,BAD,BAD_AXIS_SPIKE,BAD,BAD,BAD_AXIS_SPIKE,rule_engine,,,,,,2.7654806062979285,11be7ac1e1aad6c2df232c816a0c9696632bd5f033513455daae55f44c7b9a94,nstxuE203653A02t025/N10/egn10w.9117E+01,GOOD,GOOD,BAD,0.9466666666666667,1.4992930508217484e-10
nstxuE203653A02t025/N10/egn10w.9963E+01,bad,nstxuE203653A02t025,10,3.1564889663314784,tae_like,BAD,BAD_AXIS_SPIKE,BAD,BAD,BAD_AXIS_SPIKE,rule_engine,,,,,,2.353673829974315,c9bebacf8a02f0db6b2ce430f37b67ee722de18617aaca8c0cba781ebca29c12,nstxuE203653A02t025/N10/egn10w.9963E+01,GOOD,GOOD,BAD,0.9766666666666667,7.502128477298178e-29
nstxuE203653A02t025/N10/egn10w.1129E+02,bad,nstxuE203653A02t025,10,3.3600182982594244,tae_like,BAD,BAD_AXIS_SPIKE,BAD,BAD,BAD_AXIS_SPIKE,rule_engine,,,,,,2.056358550017025,977adbf9baff04dc2f1617d9cb930d51e36bf75e7bdd53215052a6cac44fe65b,nstxuE203653A02t025/N10/egn10w.1129E+02,GOOD,GOOD,BAD,0.9733333333333334,2.148212803677697e-24
nstxuE203653A02t025/N10/egn10w.1194E+02,bad,nstxuE203653A02t025,10,3.45559568673253,tae_like,BAD,BAD_AXIS_SPIKE,BAD,BAD,BAD_AXIS_SPIKE,rule_engine,,,,,,3.2702029256631033,e6bccbfa7e15f46ae0bff360baed147931fa99906f506ffc3907f0eade9c0e82,nstxuE203653A02t025/N10/egn10w.1194E+02,GOOD,GOOD,BAD,0.7066666666666667,0.0
nstxuE203655F01t025/N1/egn01w.8493E+01,good,nstxuE203655F01t025,1,2.9142314885035345,tae_like,GOOD,NO_GOOD_TEMPLATE,GOOD,REVIEW,NO_GOOD_TEMPLATE,rule_survivor_policy,,,,,True,0.6351283802513149,954089d2233dd5d1e5f99782a6a99341be2f51d161f793e6c6000609b1fa5325,nstxuE203655F01t025/N1/egn01w.8493E+01,BAD,BAD,BAD,0.35333333333333333,8.338670430240691e-21
nstxuE203655F01t025/N1/egn01w.8834E+01,good,nstxuE203655F01t025,1,2.972222259583196,tae_like,GOOD,NO_GOOD_TEMPLATE,GOOD,REVIEW,NO_GOOD_TEMPLATE,rule_survivor_policy,,,,,True,0.14037200148819773,12cb238a7813bc470b9d539d23b7428b38a27e9344a91e754cdc1f3495738517,nstxuE203655F01t025/N1/egn01w.8834E+01,BAD,BAD,GOOD,0.37,1.0
nstxuE203655F01t025/N1/egn01w.1170E+02,good,nstxuE203655F01t025,1,3.4198736937808785,tae_like,GOOD,NO_GOOD_TEMPLATE,GOOD,REVIEW,NO_GOOD_TEMPLATE,rule_survivor_policy,,,,,True,0.13459101467060702,ca8e408999d678236bf8354bce1b424e39b3b342a519131acd7ccfa749175fcd,nstxuE203655F01t025/N1/egn01w.1170E+02,BAD,BAD,GOOD,0.30333333333333334,0.9999991655349731
nstxuE203655F01t025/N3/egn03w.1987E+02,bad,nstxuE203655F01t025,3,4.457603069291308,tae_like,BAD,BAD_EDGE_SPIKE,BAD,BAD,BAD_EDGE_SPIKE,rule_engine,,,,,,1.0147231617285024,6d4bd6a767bcd3206bc2208125e85bb992c2f2b592b374e1ae7a97b9f5d9f9fc,nstxuE203655F01t025/N3/egn03w.1987E+02,GOOD,GOOD,BAD,0.8733333333333333,0.02370789460837841
nstxuE203655F01t025/N5/egn05w.8681E+01,bad,nstxuE203655F01t025,5,2.9463607786544777,tae_like,BAD,BAD_GRID_SCALE_SPIKE,BAD,BAD,BAD_GRID_SCALE_SPIKE,rule_engine,,,,,,1.649859495800592,326505bc09f4c1a57890c2e3b3421be9a1e5c55a25f2f7c117ebac792ae2ad48,nstxuE203655F01t025/N5/egn05w.8681E+01,GOOD,GOOD,BAD,0.5033333333333333,0.0
nstxuE203655F01t025/N7/egn07w.8438E+01,bad,nstxuE203655F01t025,7,2.904829077514263,tae_like,BAD,BAD_GRID_SCALE_SPIKE,BAD,BAD,BAD_GRID_SCALE_SPIKE,rule_engine,,,,,,1.809972395753989,4ad59c0092f4faa373b9390ad3632758d79b5675f0980cc1cab69561e57afd61,nstxuE203655F01t025/N7/egn07w.8438E+01,GOOD,GOOD,BAD,0.5,0.0
nstxuE203655F01t025/N8/egn08w.8908E+01,bad,nstxuE203655F01t025,8,2.9846815425371327,tae_like,BAD,BAD_AXIS_SPIKE,BAD,BAD,BAD_AXIS_SPIKE,rule_engine,,,,,,2.95746194714394,ec18791f3c07470e593ce82d28a003ea5077c013f8f5ab3d8e0d9b85319faa69,nstxuE203655F01t025/N8/egn08w.8908E+01,GOOD,GOOD,BAD,0.5233333333333333,0.0
nstxuE203655F01t025/N8/egn08w.1015E+02,bad,nstxuE203655F01t025,8,3.186365816663034,tae_like,BAD,BAD_NEAR_AXIS_GRID_OSCILLATION,BAD,BAD,BAD_NEAR_AXIS_GRID_OSCILLATION,rule_engine,,,,,,1.5698712819938017,a3bb4bb489697b9e69b3ac2835696ffbba26162cb26d8e0604b27d0a4ae8ba0e,nstxuE203655F01t025/N8/egn08w.1015E+02,GOOD,GOOD,BAD,0.9733333333333334,2.4456721099252315e-14
nstxuE203655F01t025/N8/egn08w.1049E+02,bad,nstxuE203655F01t025,8,3.239556141294465,tae_like,BAD,BAD_AXIS_SPIKE,BAD,BAD,BAD_AXIS_SPIKE,rule_engine,,,,,,3.1418355042787516,e337d03d71dc476210ba3c3352f1804e3785240df14a038a1d307df2dec16f75,nstxuE203655F01t025/N8/egn08w.1049E+02,GOOD,GOOD,BAD,0.7733333333333333,0.0
nstxuE203655F01t025/N8/egn08w.1073E+02,bad,nstxuE203655F01t025,8,3.27581277266361,tae_like,BAD,BAD_AXIS_SPIKE,BAD,BAD,BAD_AXIS_SPIKE,rule_engine,,,,,,10.0,d477bd241a22c087da1be743f5843503db0e948b99b3091c83275169dbf7f6d2,nstxuE203655F01t025/N8/egn08w.1073E+02,GOOD,GOOD,BAD,0.7166666666666667,0.0
nstxuE203655F01t025/N8/egn08w.1547E+02,bad,nstxuE203655F01t025,8,3.9335957303802567,tae_like,BAD,BAD_AXIS_SPIKE,BAD,BAD,BAD_AXIS_SPIKE,rule_engine,,,,,,2.9130153816893247,183097bbe9407ac34ebc298ab96072c7839fe415e14125068fcc88e2df59bf99,nstxuE203655F01t025/N8/egn08w.1547E+02,GOOD,GOOD,BAD,0.6366666666666667,4.09757012675982e-06
nstxuE203655F01t025/N9/egn09w.9260E+01,bad,nstxuE203655F01t025,9,3.0429934790141053,tae_like,BAD,BAD_AXIS_SPIKE,BAD,BAD,BAD_AXIS_SPIKE,rule_engine,,,,,,2.9901343836443863,061c68f24d0ffdd06a88f459eb182314ad9e99cc7ab6da0a714232f4257b5842,nstxuE203655F01t025/N9/egn09w.9260E+01,GOOD,GOOD,BAD,0.5366666666666666,0.0
nstxuE203655F01t025/N9/egn09w.9525E+01,bad,nstxuE203655F01t025,9,3.0862303117244143,tae_like,BAD,BAD_AXIS_SPIKE,BAD,BAD,BAD_AXIS_SPIKE,rule_engine,,,,,,1.1304175057987604,07b91b37b8769ef5ecd8756dbd103ff622b79cbc70e516558869fa767b91971d,nstxuE203655F01t025/N9/egn09w.9525E+01,GOOD,GOOD,BAD,0.8566666666666667,9.338697282146313e-08
nstxuE203655F01t025/N9/egn09w.1107E+02,bad,nstxuE203655F01t025,9,3.3276817409293313,tae_like,BAD,BAD_AXIS_SPIKE,BAD,BAD,BAD_AXIS_SPIKE,rule_engine,,,,,,2.1621867049495043,99d02ec6aae0ca3b1b7233601a39df4f50621a6e4fd87b5fc28232c88ef49bf0,nstxuE203655F01t025/N9/egn09w.1107E+02,GOOD,GOOD,BAD,0.9866666666666667,2.430087110271567e-13
nstxuE203655F01t025/N9/egn09w.1166E+02,bad,nstxuE203655F01t025,9,3.4146282313099925,tae_like,BAD,BAD_AXIS_SPIKE,BAD,BAD,BAD_AXIS_SPIKE,rule_engine,,,,,,6.271765186347438,eeaad49dadaa3333a2ac221fa5f1bfbfba8d5c83885963105a0b954204ea2463,nstxuE203655F01t025/N9/egn09w.1166E+02,GOOD,GOOD,BAD,0.9366666666666666,0.0
nstxuE203655F01t025/N9/egn09w.1467E+02,bad,nstxuE203655F01t025,9,3.8304427060084265,tae_like,BAD,BAD_AXIS_SPIKE,BAD,BAD,BAD_AXIS_SPIKE,rule_engine,,,,,,2.90102986935163,ef8b3db5e5d25bd151a3e673c3f63f225b66822dac6bc7205f715d15bf90b461,nstxuE203655F01t025/N9/egn09w.1467E+02,GOOD,GOOD,BAD,0.89,3.349931221308111e-09
nstxuE203655F01t025/N9/egn09w.1591E+02,bad,nstxuE203655F01t025,9,3.988445096091893,tae_like,BAD,BAD_AXIS_SPIKE,BAD,BAD,BAD_AXIS_SPIKE,rule_engine,,,,,,2.8854651771138085,6f6eee62e730aa1369453eb6680dbccc4108436ad7965329c3d8ed16aa587284,nstxuE203655F01t025/N9/egn09w.1591E+02,GOOD,GOOD,BAD,0.5933333333333334,4.4556594525069215e-11
nstxuE203655F01t025/N9/egn09w.1872E+02,bad,nstxuE203655F01t025,9,4.326743378662831,tae_like,BAD,BAD_NEAR_AXIS_GRID_OSCILLATION,BAD,BAD,BAD_NEAR_AXIS_GRID_OSCILLATION,rule_engine,,,,,,1.1742302328199588,8a278c92170363cad4db9bed62bf2776f0a29fdb09cf282b0d16806e3cfaf90f,nstxuE203655F01t025/N9/egn09w.1872E+02,GOOD,GOOD,GOOD,0.8966666666666666,1.0
nstxuE203655F01t025/N10/egn10w.9290E+01,bad,nstxuE203655F01t025,10,3.047875173222495,tae_like,BAD,BAD_AXIS_SPIKE,BAD,BAD,BAD_AXIS_SPIKE,rule_engine,,,,,,2.385281970653861,4bb97364868e77a5425b13e535677adeb82d07be9c75834a22cd60b39334cf0d,nstxuE203655F01t025/N10/egn10w.9290E+01,GOOD,GOOD,BAD,0.53,1.2375518061978678e-37
nstxuE203655F01t025/N10/egn10w.1071E+02,bad,nstxuE203655F01t025,10,3.2733445651611035,tae_like,BAD,BAD_AXIS_SPIKE,BAD,BAD,BAD_AXIS_SPIKE,rule_engine,,,,,,1.978579327154126,bda4e1a88ee781f50cbf6e3ec3f3761c8deb7989b368215aa161bc34ca67f699,nstxuE203655F01t025/N10/egn10w.1071E+02,GOOD,GOOD,BAD,0.9333333333333333,1.7596940983567444e-22
nstxuE203655F01t025/N10/egn10w.1224E+02,bad,nstxuE203655F01t025,10,3.4989083559573486,tae_like,BAD,BAD_AXIS_SPIKE,BAD,BAD,BAD_AXIS_SPIKE,rule_engine,,,,,,1.6409207411886515,7e7d0fbabe2f9f4e18d8757d64f57e25218e01604baf0fcea6dfe8da8ac732a0,nstxuE203655F01t025/N10/egn10w.1224E+02,GOOD,GOOD,BAD,0.9933333333333333,7.302224431821685e-21
nstxuE203655F01t025/N10/egn10w.1313E+02,bad,nstxuE203655F01t025,10,3.6232137443395542,tae_like,BAD,BAD_AXIS_SPIKE,BAD,BAD,BAD_AXIS_SPIKE,rule_engine,,,,,,1.6487810045355151,bcda54c254b6141471c917bd91452d2b15ec7e38cbea05cc72187c1d080bf826,nstxuE203655F01t025/N10/egn10w.1313E+02,GOOD,GOOD,BAD,0.9566666666666667,5.513170673387235e-19
nstxuE203655F01t025/N10/egn10w.1739E+02,bad,nstxuE203655F01t025,10,4.170170470333886,tae_like,BAD,BAD_NEAR_AXIS_GRID_OSCILLATION,BAD,BAD,BAD_NEAR_AXIS_GRID_OSCILLATION,rule_engine,,,,,,1.3622714116598893,7a6eab6f6b442f786f81eabf5917464466e3c5b047542676825115a2a3cd0ed7,nstxuE203655F01t025/N10/egn10w.1739E+02,GOOD,GOOD,GOOD,0.9766666666666667,0.9998871088027954
nstxuE203655F01t025/N10/egn10w.1897E+02,bad,nstxuE203655F01t025,10,4.3554963527270285,tae_like,BAD,BAD_NEAR_AXIS_GRID_OSCILLATION,BAD,BAD,BAD_NEAR_AXIS_GRID_OSCILLATION,rule_engine,,,,,,1.2914923991254081,4ea77235f07cc96f95f84aab38f5080ae12befbc08a2378134608c532c72107e,nstxuE203655F01t025/N10/egn10w.1897E+02,GOOD,GOOD,GOOD,0.89,0.9997239708900452
nstxuE203656A02t030/N2/egn02w.8304E+01,good,nstxuE203656A02t030,2,2.8817083313674146,tae_like,GOOD,NO_GOOD_TEMPLATE,GOOD,REVIEW,NO_GOOD_TEMPLATE,rule_survivor_policy,,,,,True,0.43878154131985436,ec338dc99ed15c4d5372e9e1a6aac8a8b4205ea31dab2628717bd988eb9fd77c,nstxuE203656A02t030/N2/egn02w.8304E+01,BAD,BAD,BAD,0.36666666666666664,1.0720963480448624e-27
nstxuE203656A02t030/N2/egn02w.8376E+01,good,nstxuE203656A02t030,2,2.894131052977596,tae_like,GOOD,NO_GOOD_TEMPLATE,GOOD,REVIEW,NO_GOOD_TEMPLATE,rule_survivor_policy,,,,,True,0.3752471372748663,43f45cd3c4f9f68ffe333258970c78f3e1191ad5986b814a775c4ddcbfaa40cb,nstxuE203656A02t030/N2/egn02w.8376E+01,BAD,BAD,BAD,0.4866666666666667,0.03914802148938179
nstxuE203656A02t030/N7/egn07w.8629E+01,bad,nstxuE203656A02t030,7,2.9374943134043496,tae_like,BAD,BAD_AXIS_SPIKE,BAD,BAD,BAD_AXIS_SPIKE,rule_engine,,,,,,1.3976946895923392,34ca4b17ddc2ffc9d5ef762472ef9d2968859df653cb24e9ae570dae0a2358f8,nstxuE203656A02t030/N7/egn07w.8629E+01,GOOD,GOOD,BAD,0.8066666666666666,2.0375700366764837e-22
nstxuE203656A02t030/N8/egn08w.7553E+01,bad,nstxuE203656A02t030,8,2.748250508846491,tae_like,BAD,BAD_INTERIOR_UNRESOLVED_ENVELOPE,BAD,BAD,BAD_INTERIOR_UNRESOLVED_ENVELOPE,rule_engine,,,,,,1.0161181338663565,f3dceebc8626e53f93330bfe678925556dbb312e63d6dd7fb1f3982e188ac884,nstxuE203656A02t030/N8/egn08w.7553E+01,GOOD,BAD,GOOD,0.44333333333333336,1.0
nstxuE203656A02t030/N8/egn08w.7626E+01,good,nstxuE203656A02t030,8,2.7615063742040746,tae_like,GOOD,NO_GOOD_TEMPLATE,GOOD,REVIEW,NO_GOOD_TEMPLATE,rule_survivor_policy,,,,,True,0.9795446731967083,9f0038e27222c3fde489a1257abf3d3d4fd80cd73373b862309fb55953061a88,nstxuE203656A02t030/N8/egn08w.7626E+01,BAD,BAD,BAD,0.44666666666666666,3.03490621522684e-10
nstxuE203656A02t030/N8/egn08w.9190E+01,bad,nstxuE203656A02t030,8,3.031541206169553,tae_like,BAD,BAD_NEAR_AXIS_GRID_OSCILLATION,BAD,BAD,BAD_NEAR_AXIS_GRID_OSCILLATION,rule_engine,,,,,,1.737397356141996,9a480659914b5af6b56c626a5a940352522992a6465a4a62007aab2ff449a5e9,nstxuE203656A02t030/N8/egn08w.9190E+01,GOOD,GOOD,BAD,0.5166666666666667,4.968421507545173e-14
nstxuE203656A02t030/N10/egn10w.8654E+01,bad,nstxuE203656A02t030,10,2.9418216914539888,tae_like,BAD,BAD_AXIS_SPIKE,BAD,BAD,BAD_AXIS_SPIKE,rule_engine,,,,,,1.0266773648445824,ff4dfa649e3945326fa1dc9c6c2503fcc7474d17737be9d447f5cc219dd9254d,nstxuE203656A02t030/N10/egn10w.8654E+01,GOOD,GOOD,BAD,0.5766666666666667,4.990169704476215e-18
nstxuE203656A02t030/N10/egn10w.9010E+01,bad,nstxuE203656A02t030,10,3.001677248381968,tae_like,BAD,BAD_GRID_SCALE_SPIKE,BAD,BAD,BAD_GRID_SCALE_SPIKE,rule_engine,,,,,,8.248700087828697,c49b1891aa355b48ab15861b31bca2baf601cbd2c2cfd63a1287dd5f5747d3cb,nstxuE203656A02t030/N10/egn10w.9010E+01,GOOD,GOOD,BAD,0.51,0.0
nstxuE203963A01t025/N2/egn02w.4449E+01,bad,nstxuE203963A01t025,2,2.109179754609191,tae_like,BAD,BAD_AXIS_SPIKE,BAD,BAD,BAD_AXIS_SPIKE,rule_engine,,,,,,1.8315446015183583,beb3fa0709eae4dd8b0ca6d15f3f519059386c343564f5e06df0aea42f5eaf45,nstxuE203963A01t025/N2/egn02w.4449E+01,GOOD,GOOD,GOOD,0.8366666666666667,0.9999992847442627
nstxuE203963A01t025/N5/egn05w.4440E+01,bad,nstxuE203963A01t025,5,2.107159228532919,tae_like,BAD,BAD_AXIS_SPIKE,BAD,BAD,BAD_AXIS_SPIKE,rule_engine,,,,,,2.05167201327935,8a092a52cdb54d567530170bf3ed1745d8df924b32fbe16c71d24286a8aaef3d,nstxuE203963A01t025/N5/egn05w.4440E+01,GOOD,GOOD,BAD,0.53,1.5429671429423308e-13
nstxuE203963A01t025/N6/egn06w.4492E+01,bad,nstxuE203963A01t025,6,2.1194444721381527,tae_like,BAD,BAD_AXIS_SPIKE,BAD,BAD,BAD_AXIS_SPIKE,rule_engine,,,,,,1.0083193448063663,77f1a526c55d3a5d6bf280864a58ee5b4badda743853260affc27784f913108f,nstxuE203963A01t025/N6/egn06w.4492E+01,GOOD,GOOD,BAD,0.7766666666666666,0.029030265286564827
nstxuE203963A01t025/N6/egn06w.4648E+01,good,nstxuE203963A01t025,6,2.156014301095798,tae_like,GOOD,NO_GOOD_TEMPLATE,GOOD,REVIEW,NO_GOOD_TEMPLATE,rule_survivor_policy,,,,,True,0.8445112163028288,ea86a3f416307f5a87bbc6f31fe205386672b9178c1fe122ffbf4ec4db1b2caa,nstxuE203963A01t025/N6/egn06w.4648E+01,BAD,BAD,BAD,0.39666666666666667,9.769605640030932e-07
nstxuE203963A01t025/N6/egn06w.7633E+01,good,nstxuE203963A01t025,6,2.7627949763626094,tae_like,GOOD,NO_GOOD_TEMPLATE,GOOD,REVIEW,NO_GOOD_TEMPLATE,rule_survivor_policy,,,,,True,0.3845599117780322,08887cd33b0c75b692af183a4796bb1e08a512ee6e3218a4b7abd5f335a44011,nstxuE203963A01t025/N6/egn06w.7633E+01,BAD,BAD,GOOD,0.24333333333333335,0.9999998807907104
nstxuE203963A01t025/N7/egn07w.7672E+01,good,nstxuE203963A01t025,7,2.7697532747746676,tae_like,GOOD,NO_GOOD_TEMPLATE,GOOD,REVIEW,NO_GOOD_TEMPLATE,rule_survivor_policy,,,,,True,0.42723751340078475,5edc283ac6620fafe5b566a5b8854ff7ddccc8f52e6ce6c1cf00fcf7d598a120,nstxuE203963A01t025/N7/egn07w.7672E+01,BAD,BAD,GOOD,0.21,0.9999992847442627
nstxuE203963A01t025/N8/egn08w.9371E+01,bad,nstxuE203963A01t025,8,3.061206174736262,tae_like,BAD,BAD_CONT_CROSS_WINDOW,BAD,BAD,BAD_CONT_CROSS_WINDOW,rule_engine,,,,,,3.4857664195941473,f1d556c8327db69de5c960238d21dcd0a574836a8414b0f2dfcf9c31db29c0e0,nstxuE203963A01t025/N8/egn08w.9371E+01,GOOD,GOOD,GOOD,0.8266666666666667,1.0
nstxuE203963A01t025/N9/egn09w.4623E+01,bad,nstxuE203963A01t025,9,2.150079067835431,tae_like,BAD,BAD_NEAR_AXIS_GRID_OSCILLATION,BAD,BAD,BAD_NEAR_AXIS_GRID_OSCILLATION,rule_engine,,,,,,2.096481111616377,0a08f43bbaaaf37bf9e9fd493f4b5b220a5e37967b73fda22ea3d754a3cf013e,nstxuE203963A01t025/N9/egn09w.4623E+01,GOOD,GOOD,BAD,0.73,2.1711281649543355e-35
nstxuE203963A01t025/N9/egn09w.8470E+01,bad,nstxuE203963A01t025,9,2.9103531978128934,tae_like,BAD,BAD_AXIS_SPIKE,BAD,BAD,BAD_AXIS_SPIKE,rule_engine,,,,,,2.2610371177884643,e6dea7de0665a8f6a1f0c327d337fb434467d6ce29ed5363112c22f1759c39aa,nstxuE203963A01t025/N9/egn09w.8470E+01,GOOD,GOOD,BAD,0.5233333333333333,0.0
nstxuE203963A01t025/N10/egn10w.1077E+02,bad,nstxuE203963A01t025,10,3.281272321352648,tae_like,BAD,BAD_CONT_CROSS_WINDOW,BAD,BAD,BAD_CONT_CROSS_WINDOW,rule_engine,,,,,,6.120681591325559,7edb050c2b0f740e09fb9282d6f2ffb82da87009d6489b2d2249549e24d88ab4,nstxuE203963A01t025/N10/egn10w.1077E+02,GOOD,GOOD,BAD,0.77,0.06148049980401993
nstxuE203981A01t025/N3/egn03w.6409E+01,bad,nstxuE203981A01t025,3,2.531683736799354,tae_like,BAD,BAD_AXIS_SPIKE,BAD,BAD,BAD_AXIS_SPIKE,rule_engine,,,,,,2.4288397754404665,630cd120af3f763124af6ebc5ecd6fd12f6187dd0eb493ea0811d11f97cc93f9,nstxuE203981A01t025/N3/egn03w.6409E+01,GOOD,GOOD,BAD,0.9233333333333333,2.2866112018391567e-25
nstxuE203981A01t025/N3/egn03w.6660E+01,good,nstxuE203981A01t025,3,2.580626776586047,tae_like,GOOD,NO_GOOD_TEMPLATE,GOOD,REVIEW,NO_GOOD_TEMPLATE,rule_survivor_policy,,,,,True,0.9275518808899347,649b0cfcac7d9bf83c2472ae0f7916c312894984de726e636fb697b66c7387d2,nstxuE203981A01t025/N3/egn03w.6660E+01,BAD,BAD,GOOD,0.29,1.0
nstxuE203981A01t025/N7/egn07w.6969E+01,bad,nstxuE203981A01t025,7,2.639939766277322,tae_like,BAD,BAD_NEAR_AXIS_GRID_OSCILLATION,BAD,BAD,BAD_NEAR_AXIS_GRID_OSCILLATION,rule_engine,,,,,,1.0204941869741755,f6fe76259186fb2383ec5b75d8fb82b42e197c05bde6f3bcb71bdb0bf7812657,nstxuE203981A01t025/N7/egn07w.6969E+01,GOOD,GOOD,GOOD,0.9733333333333334,0.9991126656532288
nstxuE203981A01t025/N7/egn07w.1264E+02,bad,nstxuE203981A01t025,7,3.5550645946598416,tae_like,BAD,BAD_AXIS_SPIKE,BAD,BAD,BAD_AXIS_SPIKE,rule_engine,,,,,,1.1425972435896758,4c0be278913dd195f0e6d234dafa52c94bfbbcbfdbb8dcff765342b461fa3924,nstxuE203981A01t025/N7/egn07w.1264E+02,GOOD,GOOD,GOOD,0.5766666666666667,1.0
nstxuE203981A01t025/N9/egn09w.6457E+01,bad,nstxuE203981A01t025,9,2.541006720207201,tae_like,BAD,BAD_NEAR_AXIS_GRID_OSCILLATION,BAD,BAD,BAD_NEAR_AXIS_GRID_OSCILLATION,rule_engine,,,,,,1.47471160768022,a2a94a7a785e630cbce1478c5cd901884b55470091411626b5d009c55acafd3d,nstxuE203981A01t025/N9/egn09w.6457E+01,GOOD,GOOD,BAD,0.8966666666666666,1.3880206097383052e-05
nstxuE203981A01t025/N9/egn09w.7760E+01,bad,nstxuE203981A01t025,9,2.7857541330200255,tae_like,BAD,BAD_AXIS_SPIKE,BAD,BAD,BAD_AXIS_SPIKE,rule_engine,,,,,,1.6396527614994103,b333b283df342d08c4b5fffbf6c8ca2062592145d3a894a1d84279c3eb560d03,nstxuE203981A01t025/N9/egn09w.7760E+01,GOOD,GOOD,BAD,0.9566666666666667,4.093125516648632e-16
nstxuE203981A01t025/N9/egn09w.8250E+01,bad,nstxuE203981A01t025,9,2.872235244572504,tae_like,BAD,BAD_AXIS_SPIKE,BAD,BAD,BAD_AXIS_SPIKE,rule_engine,,,,,,1.6264543065323773,c6be24c3fdb1d2846b85d0aab86552b109900488f76ba67ae8be6804e6595cc0,nstxuE203981A01t025/N9/egn09w.8250E+01,GOOD,GOOD,BAD,0.99,8.920018457739214e-21
nstxuE203981A01t025/N9/egn09w.9278E+01,bad,nstxuE203981A01t025,9,3.0460364905577233,tae_like,BAD,BAD_AXIS_SPIKE,BAD,BAD,BAD_AXIS_SPIKE,rule_engine,,,,,,1.6815267585683,88872b728a60b10ef2e324d544a58605f9c19f3e4b00e73e8a587f145408150f,nstxuE203981A01t025/N9/egn09w.9278E+01,GOOD,GOOD,BAD,0.7733333333333333,1.0971881891919111e-07
nstxuE203981A01t025/N9/egn09w.2070E+02,bad,nstxuE203981A01t025,9,4.549357535794132,tae_like,BAD,BAD_CONTINUUM_CROSSING_TAIL,BAD,BAD,BAD_CONTINUUM_CROSSING_TAIL,rule_engine,,,,,,1.0240744252540939,e6be299a96e5293f6d33134bcbf96d4508f136b149b6c9d6d72fe3bae1906844,nstxuE203981A01t025/N9/egn09w.2070E+02,GOOD,GOOD,GOOD,0.8166666666666667,0.9999963045120239
nstxuE203981A01t025/N10/egn10w.7641E+01,bad,nstxuE203981A01t025,10,2.764152708020412,tae_like,BAD,BAD_AXIS_SPIKE,BAD,BAD,BAD_AXIS_SPIKE,rule_engine,,,,,,4.204151044744645,611130c20be606b5e38280834038423e13eafd861c4c76676af860a40503668a,nstxuE203981A01t025/N10/egn10w.7641E+01,GOOD,GOOD,BAD,0.9433333333333334,0.0
nstxuE203981A01t025/N10/egn10w.2212E+02,bad,nstxuE203981A01t025,10,4.703585886230286,tae_like,BAD,BAD_CONTINUUM_CROSSING_TAIL,BAD,BAD,BAD_CONTINUUM_CROSSING_TAIL,rule_engine,,,,,,1.2958945201866527,9235d01b1620d652822c28f967654725ba157ecc07abfe2d802bfc8f1bae1729,nstxuE203981A01t025/N10/egn10w.2212E+02,GOOD,GOOD,GOOD,0.76,0.9999998807907104
nstxuE204186A01t020/N2/egn02w.7370E+01,good,nstxuE204186A01t020,2,2.7147519567499403,tae_like,GOOD,NO_GOOD_TEMPLATE,GOOD,REVIEW,NO_GOOD_TEMPLATE,rule_survivor_policy,,,,,True,0.772165441237754,f5501735f3962acb0d84f211d9766463c5b5b5f8230143a8ec1678484c76b292,nstxuE204186A01t020/N2/egn02w.7370E+01,BAD,BAD,BAD,0.3933333333333333,6.4856891413001e-08
nstxuE204186A01t020/N2/egn02w.7426E+01,good,nstxuE204186A01t020,2,2.725003678021419,tae_like,GOOD,NO_GOOD_TEMPLATE,GOOD,REVIEW,NO_GOOD_TEMPLATE,rule_survivor_policy,,,,,True,0.9755122407057867,df03626e492332b00b163d33700d79100e2f08896da42e8d3b86455c66ea06e5,nstxuE204186A01t020/N2/egn02w.7426E+01,BAD,BAD,BAD,0.36,2.61283643375812e-14
nstxuE204186A01t020/N2/egn02w.7489E+01,good,nstxuE204186A01t020,2,2.736649430014018,tae_like,GOOD,NO_GOOD_TEMPLATE,GOOD,REVIEW,NO_GOOD_TEMPLATE,rule_survivor_policy,,,,,True,0.6412127140476304,d7fdc6ad864b4e1aacca7a2c6a6b3d177b5f85f22dbb1c391664324906c7c8ca,nstxuE204186A01t020/N2/egn02w.7489E+01,BAD,BAD,BAD,0.3933333333333333,8.865774311925202e-21
nstxuE204186A01t020/N3/egn03w.7833E+01,bad,nstxuE204186A01t020,3,2.798763512666892,tae_like,BAD,BAD_AXIS_SPIKE,BAD,BAD,BAD_AXIS_SPIKE,rule_engine,,,,,,1.7543362397925597,a664e13522b63513e66912d15f950844223e1539d22708ecf52953867cf6db52,nstxuE204186A01t020/N3/egn03w.7833E+01,GOOD,GOOD,BAD,0.89,7.257945329811055e-13
nstxuE204186A01t020/N4/egn04w.1164E+02,good,nstxuE204186A01t020,4,3.411857483010537,tae_like,GOOD,NO_GOOD_TEMPLATE,GOOD,REVIEW,NO_GOOD_TEMPLATE,rule_survivor_policy,,,,,True,0.6321657487406424,8e7c36f4dc5a706521b778f727624f5c3d6664c6bb1d19e2886ecd90dcc071cb,nstxuE204186A01t020/N4/egn04w.1164E+02,BAD,BAD,GOOD,0.37666666666666665,1.0
nstxuE204186A01t020/N4/egn04w.1317E+02,bad,nstxuE204186A01t020,4,3.62869947908882,tae_like,BAD,BAD_NEAR_AXIS_GRID_OSCILLATION,BAD,BAD,BAD_NEAR_AXIS_GRID_OSCILLATION,rule_engine,,,,,,1.0374944789043223,f1a698d4adeef18185f77cd8e037d5026bb5fdf56879e4814fca83fdfce27848,nstxuE204186A01t020/N4/egn04w.1317E+02,GOOD,GOOD,GOOD,0.8166666666666667,0.9432275891304016
nstxuE204186A01t020/N4/egn04w.1588E+02,good,nstxuE204186A01t020,4,3.9854735972538933,tae_like,GOOD,NO_GOOD_TEMPLATE,GOOD,REVIEW,NO_GOOD_TEMPLATE,rule_survivor_policy,,,,,True,0.47852276163850443,4c1bd9c0b62c563ed394bdc533eec9701265f1d913a73d64abeef0f3f8d48d08,nstxuE204186A01t020/N4/egn04w.1588E+02,BAD,BAD,GOOD,0.13666666666666666,1.0
nstxuE204186A01t020/N5/egn05w.7725E+01,good,nstxuE204186A01t020,5,2.7793537481582495,tae_like,GOOD,NO_GOOD_TEMPLATE,GOOD,REVIEW,NO_GOOD_TEMPLATE,rule_survivor_policy,,,,,True,0.4867089214620874,fc24067fe9f529fe9c8f9a3009cf0bf52ed5f8c52e12e24dbca4edc13fef1f27,nstxuE204186A01t020/N5/egn05w.7725E+01,BAD,BAD,GOOD,0.23666666666666666,1.0
nstxuE204186A01t020/N5/egn05w.1279E+02,good,nstxuE204186A01t020,5,3.5769224881201622,tae_like,GOOD,NO_GOOD_TEMPLATE,GOOD,REVIEW,NO_GOOD_TEMPLATE,rule_survivor_policy,,,,,True,0.5107873987839191,d29af99cb6aa1fd193e8d1a73239142f6aa3dd3ef828be6eeb66e72b9e4258cb,nstxuE204186A01t020/N5/egn05w.1279E+02,BAD,BAD,GOOD,0.39,1.0
nstxuE204186A01t020/N5/egn05w.1538E+02,good,nstxuE204186A01t020,5,3.9213202716301265,tae_like,GOOD,NO_GOOD_TEMPLATE,GOOD,REVIEW,NO_GOOD_TEMPLATE,rule_survivor_policy,,,,,True,0.5724964289538728,a96f0707915143cfd4bc18edc2e06f3d02c773d429d4470d5bffcc1cb4418fca,nstxuE204186A01t020/N5/egn05w.1538E+02,BAD,BAD,GOOD,0.24666666666666667,0.9999998807907104
nstxuE204186A01t020/N5/egn05w.2034E+02,bad,nstxuE204186A01t020,5,4.509983557160189,tae_like,BAD,BAD_CONT_CROSS_WINDOW,BAD,BAD,BAD_CONT_CROSS_WINDOW,rule_engine,,,,,,1.0751958211238184,a315c986c031a27d669ca706ba827914300e397498f65cd0623eda5f4209a799,nstxuE204186A01t020/N5/egn05w.2034E+02,GOOD,GOOD,GOOD,0.7966666666666666,0.9999998807907104
nstxuE204186A01t020/N7/egn07w.1188E+02,good,nstxuE204186A01t020,7,3.4473457234525484,tae_like,GOOD,NO_GOOD_TEMPLATE,GOOD,REVIEW,NO_GOOD_TEMPLATE,rule_survivor_policy,,,,,True,0.6029585170852393,bff9bde83596f4bcd37592debe3a12db70207b5dcc3f9cd056babdddbedcc992,nstxuE204186A01t020/N7/egn07w.1188E+02,BAD,BAD,GOOD,0.3,1.0
nstxuE204186A01t020/N8/egn08w.1291E+02,good,nstxuE204186A01t020,8,3.5929926261423297,tae_like,GOOD,NO_GOOD_TEMPLATE,GOOD,REVIEW,NO_GOOD_TEMPLATE,rule_survivor_policy,,,,,True,0.5870383733063937,324a44cfb932e3e41bae795f6a1ec16b7ff4b39b7342e1a944de722ee8a127f5,nstxuE204186A01t020/N8/egn08w.1291E+02,BAD,BAD,GOOD,0.25,1.0
nstxuE204186A01t020/N8/egn08w.2514E+02,good,nstxuE204186A01t020,8,5.014258555051574,tae_like,GOOD,NO_GOOD_TEMPLATE,GOOD,REVIEW,NO_GOOD_TEMPLATE,rule_survivor_policy,,,,,True,0.7633354555364512,9c7338267ac491364a8540bacd15ebb8950a3f45837e1bd358c71b6c254ffc6d,nstxuE204186A01t020/N8/egn08w.2514E+02,BAD,BAD,BAD,0.13,2.2082898794906214e-05
nstxuE204621A03t030/N2/egn02w.6973E+01,bad,nstxuE204621A03t030,2,2.640728158994019,tae_like,BAD,BAD_AXIS_SPIKE,BAD,BAD,BAD_AXIS_SPIKE,rule_engine,,,,,,1.3068951981132788,cd42d7e33ea62a39bdd8275de8a146bcba4304a27aa6932def449d9c7a05bcf5,nstxuE204621A03t030/N2/egn02w.6973E+01,GOOD,GOOD,BAD,0.6166666666666667,1.9702946888497212e-14
nstxuE204621A03t030/N2/egn02w.7034E+01,bad,nstxuE204621A03t030,2,2.6522304145520605,tae_like,BAD,BAD_AXIS_SPIKE,BAD,BAD,BAD_AXIS_SPIKE,rule_engine,,,,,,1.0708729272744992,1f364e5608a11614fa0004290df0834c98cb407b81a71401da4446b46cc34c32,nstxuE204621A03t030/N2/egn02w.7034E+01,GOOD,GOOD,BAD,0.61,2.539602404180133e-21
nstxuE204621A03t030/N2/egn02w.7108E+01,good,nstxuE204621A03t030,2,2.6660119574753067,tae_like,GOOD,NO_GOOD_TEMPLATE,GOOD,REVIEW,NO_GOOD_TEMPLATE,rule_survivor_policy,,,,,True,0.965438836010322,0bb013b37d62efa1ac61943b44e04efa39f0fe962270ed73cea32bb0796579d3,nstxuE204621A03t030/N2/egn02w.7108E+01,BAD,BAD,BAD,0.38,0.0
nstxuE204621A03t030/N4/egn04w.7070E+01,good,nstxuE204621A03t030,4,2.6589513160551306,tae_like,GOOD,NO_GOOD_TEMPLATE,GOOD,REVIEW,NO_GOOD_TEMPLATE,rule_survivor_policy,,,,,True,0.4453114683444497,5c408b70c1374c32049dac6a472549e3ffe90ab7671feed3dc0567084d0fe30d,nstxuE204621A03t030/N4/egn04w.7070E+01,BAD,BAD,GOOD,0.32666666666666666,1.0
nstxuE204621A03t030/N5/egn05w.7084E+01,good,nstxuE204621A03t030,5,2.6616465111831467,tae_like,GOOD,NO_GOOD_TEMPLATE,GOOD,REVIEW,NO_GOOD_TEMPLATE,rule_survivor_policy,,,,,True,0.9389101483137684,9878cc7cd96e0ea2baf71af04a09a6c3c1395cd681759226bb739768178d01bd,nstxuE204621A03t030/N5/egn05w.7084E+01,BAD,BAD,GOOD,0.13,0.9999840259552002
nstxuE204621A03t030/N6/egn06w.7163E+01,good,nstxuE204621A03t030,6,2.6764215702827907,tae_like,GOOD,NO_GOOD_TEMPLATE,GOOD,REVIEW,NO_GOOD_TEMPLATE,rule_survivor_policy,,,,,True,0.5900135811132136,755314264dbdb57d0951d63476235f273a8d1cf5b6322bd5806ebb3bc53ffbd9,nstxuE204621A03t030/N6/egn06w.7163E+01,BAD,BAD,BAD,0.26,6.583457872822232e-14
nstxuE204621A03t030/N7/egn07w.7235E+01,good,nstxuE204621A03t030,7,2.689835563325435,tae_like,GOOD,NO_GOOD_TEMPLATE,GOOD,REVIEW,NO_GOOD_TEMPLATE,rule_survivor_policy,,,,,True,0.6238860076755404,50e296af7d6b30fb7cc358fdd2f92e92869fa1866e9ffd77a47192834a1176e4,nstxuE204621A03t030/N7/egn07w.7235E+01,BAD,BAD,BAD,0.21,8.800947101031913e-20
nstxuE204621A03t030/N7/egn07w.1409E+02,good,nstxuE204621A03t030,7,3.7535762826322667,tae_like,GOOD,NO_GOOD_TEMPLATE,GOOD,REVIEW,NO_GOOD_TEMPLATE,rule_survivor_policy,,,,,True,0.7924287375583173,d9146a0380e5049f26c1992d6971fdb8975e1d9d24a3e96832ea5d0f5c39935d,nstxuE204621A03t030/N7/egn07w.1409E+02,BAD,BAD,BAD,0.33666666666666667,0.09375203400850296
nstxuE204621A03t030/N8/egn08w.6362E+01,bad,nstxuE204621A03t030,8,2.5222817185725694,tae_like,BAD,BAD_INTERIOR_UNRESOLVED_ENVELOPE,BAD,BAD,BAD_INTERIOR_UNRESOLVED_ENVELOPE,rule_engine,,,,,,1.4757766228160116,050eb6e0182691818bb81ab6eed084780b9bfaf6f00398cde824a9d26df32726,nstxuE204621A03t030/N8/egn08w.6362E+01,GOOD,GOOD,GOOD,0.5266666666666666,1.0
nstxuE204621A03t030/N10/egn10w.1358E+02,bad,nstxuE204621A03t030,10,3.685290791167031,tae_like,BAD,BAD_NEAR_AXIS_GRID_OSCILLATION,BAD,BAD,BAD_NEAR_AXIS_GRID_OSCILLATION,rule_engine,,,,,,1.0820689425077876,79767d1c7ad23ee57459cbf2bc4b04091d4d85da44d9555f65256109f01ebae2,nstxuE204621A03t030/N10/egn10w.1358E+02,GOOD,BAD,GOOD,0.4266666666666667,0.9898603558540344
nstxuE204636A01t020/N1/egn01w.3867E+01,good,nstxuE204636A01t020,1,1.9664868597298417,tae_like,GOOD,NO_GOOD_TEMPLATE,GOOD,REVIEW,NO_GOOD_TEMPLATE,rule_survivor_policy,,,,,True,0.6321300910893713,70ae7cd4a8379775e697eac79f5358dbdc37dc42c45159de9cf026d3b9cfd751,nstxuE204636A01t020/N1/egn01w.3867E+01,BAD,BAD,BAD,0.26666666666666666,1.0348415616899014e-30
nstxuE204636A01t020/N1/egn01w.4008E+01,good,nstxuE204636A01t020,1,2.0020064077472846,tae_like,GOOD,NO_GOOD_TEMPLATE,GOOD,REVIEW,NO_GOOD_TEMPLATE,rule_survivor_policy,,,,,True,0.7278360808213058,8803504fd7e0fd1bdc1ec816843c32b286b187971d13025e5d96e000edb23e59,nstxuE204636A01t020/N1/egn01w.4008E+01,BAD,BAD,BAD,0.43666666666666665,3.7182666025223214e-18
nstxuE204636A01t020/N1/egn01w.4063E+01,good,nstxuE204636A01t020,1,2.0157139285768095,tae_like,GOOD,NO_GOOD_TEMPLATE,GOOD,REVIEW,NO_GOOD_TEMPLATE,rule_survivor_policy,,,,,True,0.8829439527547297,09c72aafe5451552ba717595c438dd7671baf3defdcf78cb156bf927e91a058e,nstxuE204636A01t020/N1/egn01w.4063E+01,BAD,BAD,BAD,0.14,0.0
nstxuE204636A01t020/N1/egn01w.4105E+01,good,nstxuE204636A01t020,1,2.026065308739974,tae_like,GOOD,NO_GOOD_TEMPLATE,GOOD,REVIEW,NO_GOOD_TEMPLATE,rule_survivor_policy,,,,,True,0.7753043283136446,cbfcab9da0e6604cdf3bbeb773ab0ffa55e216051a04a0cce9b54a941aee2441,nstxuE204636A01t020/N1/egn01w.4105E+01,BAD,BAD,BAD,0.15,0.0
nstxuE204636A01t020/N1/egn01w.4322E+01,good,nstxuE204636A01t020,1,2.0790550575092053,tae_like,GOOD,NO_GOOD_TEMPLATE,GOOD,REVIEW,NO_GOOD_TEMPLATE,rule_survivor_policy,,,,,True,0.8038444915612928,c55246c31f6612121ee211053546d976ca0406722ae8864ac8fc490189b901a9,nstxuE204636A01t020/N1/egn01w.4322E+01,BAD,BAD,GOOD,0.2866666666666667,1.0
nstxuE204636A01t020/N5/egn05w.3943E+01,good,nstxuE204636A01t020,5,1.9856110815533599,tae_like,GOOD,NO_GOOD_TEMPLATE,GOOD,REVIEW,NO_GOOD_TEMPLATE,rule_survivor_policy,,,,,True,0.9999540189698594,09c030fa43d7b123ab3ec95df71bd596bad937235706c31cf642203d703ff338,nstxuE204636A01t020/N5/egn05w.3943E+01,BAD,BAD,BAD,0.10333333333333333,0.0
nstxuE204636A01t020/N5/egn05w.4002E+01,good,nstxuE204636A01t020,5,2.0003979738704833,tae_like,GOOD,NO_GOOD_TEMPLATE,GOOD,REVIEW,NO_GOOD_TEMPLATE,rule_survivor_policy,,,,,True,0.6412270497511334,3bf8b7a375ecd44d389731387dba6becabde039b1e2af0ff2b0530ca9b1b0029,nstxuE204636A01t020/N5/egn05w.4002E+01,BAD,BAD,GOOD,0.15666666666666668,1.0
nstxuE204636A01t020/N5/egn05w.4093E+01,good,nstxuE204636A01t020,5,2.0232252289084007,tae_like,GOOD,NO_GOOD_TEMPLATE,GOOD,REVIEW,NO_GOOD_TEMPLATE,rule_survivor_policy,,,,,True,0.6830106350683479,0a0f90702f900ed1cc81ceddd465b4478b20015f189c02cc130d33caeeb819c7,nstxuE204636A01t020/N5/egn05w.4093E+01,BAD,BAD,GOOD,0.34,0.9762791395187378
nstxuE204636A01t020/N5/egn05w.4170E+01,good,nstxuE204636A01t020,5,2.0419408060336606,tae_like,GOOD,NO_GOOD_TEMPLATE,GOOD,REVIEW,NO_GOOD_TEMPLATE,rule_survivor_policy,,,,,True,0.4894326854068605,023e6474dbc474d0684491da48a9661231c9d3a2e5cd3249c687e5fe13f0991e,nstxuE204636A01t020/N5/egn05w.4170E+01,BAD,BAD,BAD,0.41333333333333333,5.809891445096582e-05
nstxuE204636A01t020/N8/egn08w.1265E+02,good,nstxuE204636A01t020,8,3.557142280647449,tae_like,GOOD,NO_GOOD_TEMPLATE,GOOD,REVIEW,NO_GOOD_TEMPLATE,rule_survivor_policy,,,,,True,0.7578804469973547,6f37e5407c513b76ea1d38291a18960f86d9cedf730bfecad062c5aef37ad8b5,nstxuE204636A01t020/N8/egn08w.1265E+02,BAD,BAD,GOOD,0.39666666666666667,0.9019264578819275
nstxuE204636A01t020/N9/egn09w.6910E+01,good,nstxuE204636A01t020,9,2.6286965865697427,tae_like,GOOD,NO_GOOD_TEMPLATE,GOOD,REVIEW,NO_GOOD_TEMPLATE,rule_survivor_policy,,,,,True,0.7037420899082379,f6d2b6775d799e9df24f6de1b56bd3d45a90db223c4b4d16bec73c4a612a8fba,nstxuE204636A01t020/N9/egn09w.6910E+01,BAD,BAD,GOOD,0.2733333333333333,1.0
nstxuE204636A01t020/N10/egn10w.6931E+01,good,nstxuE204636A01t020,10,2.632735996662976,tae_like,GOOD,NO_GOOD_TEMPLATE,GOOD,REVIEW,NO_GOOD_TEMPLATE,rule_survivor_policy,,,,,True,0.46711300649618426,420b95feab39446d38e53be923824c595322ec60eb0f8aeb77fdde547831aa53,nstxuE204636A01t020/N10/egn10w.6931E+01,BAD,BAD,GOOD,0.26666666666666666,0.9999997615814209
nstxuE204636A01t020/N10/egn10w.1687E+02,good,nstxuE204636A01t020,10,4.107894782938993,tae_like,GOOD,NO_GOOD_TEMPLATE,GOOD,REVIEW,NO_GOOD_TEMPLATE,rule_survivor_policy,,,,,True,0.6085619627316867,3bd5db95d3f60dadada54b434b0eff9b8513652e71cbced9de50d1e9d7aa0354,nstxuE204636A01t020/N10/egn10w.1687E+02,BAD,BAD,BAD,0.25666666666666665,0.03983248397707939
nstxuE204645A16t015/N5/egn05w.8551E+01,good,nstxuE204645A16t015,5,2.92424966829662,tae_like,GOOD,NO_GOOD_TEMPLATE,GOOD,REVIEW,NO_GOOD_TEMPLATE,rule_survivor_policy,,,,,True,0.6039828944987631,e14f705a433865dd3283864911b68fefd8aefbfd71f5b1ec41a4707612ce74c8,nstxuE204645A16t015/N5/egn05w.8551E+01,BAD,BAD,GOOD,0.49666666666666665,0.8374233841896057
nstxuE204645A16t015/N6/egn06w.4765E+01,good,nstxuE204645A16t015,6,2.1828689819106177,tae_like,GOOD,NO_GOOD_TEMPLATE,GOOD,REVIEW,NO_GOOD_TEMPLATE,rule_survivor_policy,,,,,True,0.8335335238905683,06e7f8ec5bdc198aa098fdc5b828aafaca837d032e6bf593c3187fa78d0570c4,nstxuE204645A16t015/N6/egn06w.4765E+01,BAD,BAD,BAD,0.41333333333333333,3.019061107627746e-38
nstxuE204645A16t015/N6/egn06w.6181E+01,bad,nstxuE204645A16t015,6,2.486210169182282,tae_like,BAD,BAD_INTERIOR_UNRESOLVED_ENVELOPE,BAD,BAD,BAD_INTERIOR_UNRESOLVED_ENVELOPE,rule_engine,,,,,,1.2363258771712402,160dac163b13980bb24090b2ac7f4b67335cfbe17139cecdeb398fd39351886a,nstxuE204645A16t015/N6/egn06w.6181E+01,GOOD,GOOD,BAD,0.6233333333333333,0.00021433626534417272
nstxuE204645A16t015/N7/egn07w.2244E+01,good,nstxuE204645A16t015,7,1.4981127193165276,tae_like,GOOD,NO_GOOD_TEMPLATE,GOOD,REVIEW,NO_GOOD_TEMPLATE,rule_survivor_policy,,,,,True,0.7395811651608283,fa563e31608dbf75c68d16f70ee4e9c085b8184b49960de4ad769d78f2fb6258,nstxuE204645A16t015/N7/egn07w.2244E+01,BAD,BAD,BAD,0.14,0.0
nstxuE204645A16t015/N7/egn07w.2265E+01,good,nstxuE204645A16t015,7,1.504990797846824,tae_like,GOOD,NO_GOOD_TEMPLATE,GOOD,REVIEW,NO_GOOD_TEMPLATE,rule_survivor_policy,,,,,True,0.8412535753792119,c5f5a37c0ac9c01bf0c5619908d101dfc49d8d848244aca2ea05a47a2c8bf4f0,nstxuE204645A16t015/N7/egn07w.2265E+01,BAD,BAD,GOOD,0.13,1.0
nstxuE204645A16t015/N8/egn08w.3611E+01,bad,nstxuE204645A16t015,8,1.90031194688582,tae_like,BAD,BAD_GRID_SCALE_SPIKE,BAD,BAD,BAD_GRID_SCALE_SPIKE,rule_engine,,,,,,1.0346476554416992,9a764cf5f4ec3cab01420714a8644c44685c739be062185fe4cbec59047b0b8a,nstxuE204645A16t015/N8/egn08w.3611E+01,GOOD,GOOD,BAD,0.5233333333333333,1.934801366587635e-05
nstxuE204645A16t015/N9/egn09w.4306E+01,bad,nstxuE204645A16t015,9,2.0751855819237806,tae_like,BAD,BAD_AXIS_SPIKE,BAD,BAD,BAD_AXIS_SPIKE,rule_engine,,,,,,2.079497493770218,4519295e1a65688ce90b227fff06b866fd45a2d66ab9aee867d7b43854ac2c68,nstxuE204645A16t015/N9/egn09w.4306E+01,GOOD,GOOD,BAD,0.5866666666666667,0.0
nstxuE204645A16t015/N9/egn09w.5126E+01,bad,nstxuE204645A16t015,9,2.263990733171156,tae_like,BAD,BAD_AXIS_SPIKE,BAD,BAD,BAD_AXIS_SPIKE,rule_engine,,,,,,1.8877954592995796,135efb99c0a800abfa433a68572ee7cff836cc773b2fecaa152608994c5720c8,nstxuE204645A16t015/N9/egn09w.5126E+01,GOOD,GOOD,BAD,0.6066666666666667,0.0
nstxuE204645A16t015/N9/egn09w.5606E+01,bad,nstxuE204645A16t015,9,2.3676519704566448,tae_like,BAD,BAD_AXIS_SPIKE,BAD,BAD,BAD_AXIS_SPIKE,rule_engine,,,,,,2.2615628579539035,6b606e1134a5ed365537afc791ede563ebbee2e88acf118da272e6ab9cec753f,nstxuE204645A16t015/N9/egn09w.5606E+01,GOOD,GOOD,BAD,0.6133333333333333,0.0
nstxuE204645A16t015/N10/egn10w.3812E+01,bad,nstxuE204645A16t015,10,1.9523350376140354,tae_like,BAD,BAD_GRID_SCALE_SPIKE,BAD,BAD,BAD_GRID_SCALE_SPIKE,rule_engine,,,,,,2.3065846612704095,be847a5163fbb80c6fb82f2ebfd972ecc6593bd3c2fc66f1fce54f511f7b46c8,nstxuE204645A16t015/N10/egn10w.3812E+01,GOOD,GOOD,BAD,0.61,0.12280832231044769
nstxuE204645A16t015/N10/egn10w.5190E+01,bad,nstxuE204645A16t015,10,2.2781468281930204,tae_like,BAD,BAD_GRID_SCALE_SPIKE,BAD,BAD,BAD_GRID_SCALE_SPIKE,rule_engine,,,,,,1.0103863424009665,16c30475939061b03733fbe123d07b45955365e374bb3b81fcdf41a15282ed94,nstxuE204645A16t015/N10/egn10w.5190E+01,GOOD,GOOD,BAD,0.7733333333333333,5.284269590367756e-14
nstxuE204645A16t015/N10/egn10w.5446E+01,bad,nstxuE204645A16t015,10,2.3336677330769695,tae_like,BAD,BAD_GRID_SCALE_SPIKE,BAD,BAD,BAD_GRID_SCALE_SPIKE,rule_engine,,,,,,1.0742767492843297,a736222ed675e370707ccfec72851cba2a4e9f42b5763516fa31010e88f86098,nstxuE204645A16t015/N10/egn10w.5446E+01,GOOD,GOOD,BAD,0.7633333333333333,3.685661340568913e-06
nstxuE204645A16t015/N10/egn10w.5761E+01,bad,nstxuE204645A16t015,10,2.4001891479912296,tae_like,BAD,BAD_GRID_SCALE_SPIKE,BAD,BAD,BAD_GRID_SCALE_SPIKE,rule_engine,,,,,,1.0954440235470968,5c604a8625a768ea12b84071ff9c63a3a934acc1764672b5dd974f753ed8a8eb,nstxuE204645A16t015/N10/egn10w.5761E+01,GOOD,GOOD,GOOD,0.71,1.0
nstxuE204645A16t015/N10/egn10w.6587E+01,bad,nstxuE204645A16t015,10,2.56659703363407,tae_like,BAD,BAD_GRID_SCALE_SPIKE,BAD,BAD,BAD_GRID_SCALE_SPIKE,rule_engine,,,,,,1.3253695247451098,cf00c22ed14e0aabeee84035675029350d63c6906161e65b9524e554145fe99f,nstxuE204645A16t015/N10/egn10w.6587E+01,GOOD,GOOD,BAD,0.6566666666666666,0.0
nstxuE204645A16t015/N10/egn10w.8871E+01,good,nstxuE204645A16t015,10,2.9783678174606845,tae_like,GOOD,NO_GOOD_TEMPLATE,GOOD,REVIEW,NO_GOOD_TEMPLATE,rule_survivor_policy,,,,,True,0.6968072041924189,80842102c9f6dcc19fc1d2451dd6cc3a218dc739761e29b83260f47b076daed8,nstxuE204645A16t015/N10/egn10w.8871E+01,BAD,BAD,BAD,0.47333333333333333,1.3012876178800435e-17
nstxuE204645A16t015/N10/egn10w.9701E+01,good,nstxuE204645A16t015,10,3.114656813881198,tae_like,GOOD,NO_GOOD_TEMPLATE,GOOD,REVIEW,NO_GOOD_TEMPLATE,rule_survivor_policy,,,,,True,0.7012891828020574,73c7681e9a238ff8b90f2c7021ebf84e099b87b9597fcbb8def5b299782262ae,nstxuE204645A16t015/N10/egn10w.9701E+01,BAD,BAD,BAD,0.4866666666666667,8.900474700180515e-21
nstxuE204678M01t017/N1/egn01w.1699E+01,good,nstxuE204678M01t017,1,1.303292667570776,tae_like,GOOD,NO_GOOD_TEMPLATE,GOOD,REVIEW,NO_GOOD_TEMPLATE,rule_survivor_policy,,,,,True,0.7174427256407426,a3eb2b1d8d0e803d11fa10d8a30e202809ba4f9c345cc4792434c60f649a2ad1,nstxuE204678M01t017/N1/egn01w.1699E+01,BAD,BAD,BAD,0.47333333333333333,2.869177801253097e-19
nstxuE204678M01t017/N2/egn02w.1648E+01,bad,nstxuE204678M01t017,2,1.2838055687218564,tae_like,BAD,BAD_AXIS_SPIKE,BAD,BAD,BAD_AXIS_SPIKE,rule_engine,,,,,,1.2900972497013434,1ddcfd9980ac7c1736b887bb256001c7799b5dedbf42910456bd7b903a51169c,nstxuE204678M01t017/N2/egn02w.1648E+01,GOOD,GOOD,GOOD,0.9666666666666667,1.0
nstxuE204678M01t017/N5/egn05w.1572E+01,bad,nstxuE204678M01t017,5,1.2537901267142826,tae_like,BAD,BAD_GRID_SCALE_SPIKE,BAD,BAD,BAD_GRID_SCALE_SPIKE,rule_engine,,,,,,1.280474996087514,29f30a403dfcb6dcf85612994414bb8d9b00ff9315035fa1e2bc16692fdcd73e,nstxuE204678M01t017/N5/egn05w.1572E+01,GOOD,GOOD,BAD,0.5333333333333333,0.0
nstxuE204678M01t017/N8/egn08w.1522E+01,bad,nstxuE204678M01t017,8,1.2337777275436326,tae_like,BAD,BAD_CONT_CROSS_WINDOW,BAD,BAD,BAD_CONT_CROSS_WINDOW,rule_engine,,,,,,1.0006469926814916,af97dc37289570d7a51fdd76c9a0a3961eca10021b5aea6b6a7984aae634b7bf,nstxuE204678M01t017/N8/egn08w.1522E+01,GOOD,GOOD,BAD,0.5733333333333334,4.061910530150925e-11
nstxuE204678M01t017/N9/egn09w.1827E+01,bad,nstxuE204678M01t017,9,1.3518400802574466,tae_like,BAD,BAD_GRID_SCALE_SPIKE,BAD,BAD,BAD_GRID_SCALE_SPIKE,rule_engine,,,,,,1.0906113231863939,b74c30f39e2800e8e114a3f0611370e20e40b3a7bfacd1dc20c0a44fe1d39d0c,nstxuE204678M01t017/N9/egn09w.1827E+01,GOOD,GOOD,BAD,0.7466666666666667,3.453169066627575e-22
nstxuE204678M01t017/N9/egn09w.2438E+01,good,nstxuE204678M01t017,9,1.5613200725789156,tae_like,GOOD,NO_GOOD_TEMPLATE,GOOD,REVIEW,NO_GOOD_TEMPLATE,rule_survivor_policy,,,,,True,0.8966436629153524,6a7593278b8d87061bb0775433e6d3bd9ad37780c1d9a355cdc90ff1f4005ccd,nstxuE204678M01t017/N9/egn09w.2438E+01,BAD,BAD,GOOD,0.44,0.8360401391983032
nstxuE204678M01t017/N9/egn09w.3282E+01,good,nstxuE204678M01t017,9,1.8115529654947335,tae_like,GOOD,NO_GOOD_TEMPLATE,GOOD,REVIEW,NO_GOOD_TEMPLATE,rule_survivor_policy,,,,,True,0.5204026522719066,fa5ec328a31d9772bea4febd88b29592ac2e456fb97236242cdc119fc83d7d6b,nstxuE204678M01t017/N9/egn09w.3282E+01,BAD,BAD,GOOD,0.19666666666666666,1.0
nstxuE204678M01t017/N9/egn09w.1081E+02,good,nstxuE204678M01t017,9,3.2871293661145073,tae_like,GOOD,NO_GOOD_TEMPLATE,GOOD,REVIEW,NO_GOOD_TEMPLATE,rule_survivor_policy,,,,,True,0.8568418349751441,2ed976a57c0f373ca7e1b2d15b1abe9d74ee6f22f57c2bc192275b61af0d81a4,nstxuE204678M01t017/N9/egn09w.1081E+02,BAD,BAD,BAD,0.19666666666666666,0.0
nstxuE204678M01t017/N10/egn10w.2958E+01,good,nstxuE204678M01t017,10,1.7200284942918793,tae_like,GOOD,NO_GOOD_TEMPLATE,GOOD,REVIEW,NO_GOOD_TEMPLATE,rule_survivor_policy,,,,,True,0.9215426108852742,7fbcd3169ccda33d3aabef7d245d944b9b734dd4699a2cd31955504faaad945e,nstxuE204678M01t017/N10/egn10w.2958E+01,BAD,BAD,BAD,0.14333333333333334,1.766320811362077e-27
nstxuE204678M01t017/N10/egn10w.3398E+01,good,nstxuE204678M01t017,10,1.843359333611464,tae_like,GOOD,NO_GOOD_TEMPLATE,GOOD,REVIEW,NO_GOOD_TEMPLATE,rule_survivor_policy,,,,,True,0.9184736429366979,ac753e1a524277db945151b0488dc9496782d340c465cf59dce0c03d271dfece,nstxuE204678M01t017/N10/egn10w.3398E+01,BAD,BAD,GOOD,0.09666666666666666,1.0
nstxuE204707A04t030/N1/egn01w.1470E+02,bad,nstxuE204707A04t030,1,3.8346805442754595,tae_like,BAD,BAD_AXIS_SPIKE,BAD,BAD,BAD_AXIS_SPIKE,rule_engine,,,,,,2.8117473580831147,b171c1f896857aeaeba5cadba07b1f3e0e39dd41c65ab7383e41b0aa1d0f8159,nstxuE204707A04t030/N1/egn01w.1470E+02,GOOD,GOOD,BAD,0.5133333333333333,4.3206636185511016e-12
nstxuE204707A04t030/N1/egn01w.1509E+02,bad,nstxuE204707A04t030,1,3.8846051637149075,tae_like,BAD,BAD_AXIS_SPIKE,BAD,BAD,BAD_AXIS_SPIKE,rule_engine,,,,,,2.7850768446412077,8a125fe7c15dabcf05cf0bf0662a8dd6cf784e5c3681c5750108daf3c4dce234,nstxuE204707A04t030/N1/egn01w.1509E+02,GOOD,GOOD,BAD,0.5033333333333333,7.088803936211585e-12
nstxuE204707A04t030/N3/egn03w.1308E+02,bad,nstxuE204707A04t030,3,3.6172081923643664,tae_like,BAD,BAD_AXIS_SPIKE,BAD,BAD,BAD_AXIS_SPIKE,rule_engine,,,,,,2.440991525978866,67415819ef04f01914b28cad1c3937d56ea68e284ab5eef5cfe32df17d839f2f,nstxuE204707A04t030/N3/egn03w.1308E+02,GOOD,GOOD,BAD,0.8133333333333334,9.410754651096948e-35
nstxuE204707A04t030/N5/egn05w.1090E+02,bad,nstxuE204707A04t030,5,3.301389868173347,tae_like,BAD,BAD_AXIS_SPIKE,BAD,BAD,BAD_AXIS_SPIKE,rule_engine,,,,,,4.313113669779182,b360f165f0c1c956dc0dad1394fa1465b1d5558ff019f5e6226e5828ddfc1180,nstxuE204707A04t030/N5/egn05w.1090E+02,GOOD,GOOD,BAD,0.5566666666666666,8.378855704503827e-19
nstxuE204707A04t030/N5/egn05w.1099E+02,bad,nstxuE204707A04t030,5,3.3147363199639504,tae_like,BAD,BAD_AXIS_SPIKE,BAD,BAD,BAD_AXIS_SPIKE,rule_engine,,,,,,2.449233659987072,611265c77c5583c0328ca5d7ce003d1cdea1813d38fe18f9d2e9e1e47ef8f8c6,nstxuE204707A04t030/N5/egn05w.1099E+02,GOOD,GOOD,BAD,0.5466666666666666,3.5071967031952145e-13
nstxuE204707A04t030/N5/egn05w.1136E+02,bad,nstxuE204707A04t030,5,3.3710064853848296,tae_like,BAD,BAD_AXIS_SPIKE,BAD,BAD,BAD_AXIS_SPIKE,rule_engine,,,,,,1.0507556495324801,96b366eba86229197d2dd5d0242be23b5f53d89329ff626f7b4a610a743aafef,nstxuE204707A04t030/N5/egn05w.1136E+02,GOOD,GOOD,GOOD,0.93,0.9999997615814209
nstxuE204707A04t030/N5/egn05w.1201E+02,bad,nstxuE204707A04t030,5,3.4659583805764536,tae_like,BAD,BAD_AXIS_SPIKE,BAD,BAD,BAD_AXIS_SPIKE,rule_engine,,,,,,1.570743210588543,0a6fb68e0c1dd6abe0726a8e57610ea57316afd1ab42982b17271f69ec09a54b,nstxuE204707A04t030/N5/egn05w.1201E+02,GOOD,GOOD,GOOD,0.9866666666666667,0.9999973773956299
nstxuE204707A04t030/N6/egn06w.1157E+02,bad,nstxuE204707A04t030,6,3.400785921041866,tae_like,BAD,BAD_CONT_CROSS_WINDOW,BAD,BAD,BAD_CONT_CROSS_WINDOW,rule_engine,,,,,,1.401350275394088,902c520b7715adbed2ba64cace7f4988dd4f97823d177517c9fc596bc8962208,nstxuE204707A04t030/N6/egn06w.1157E+02,GOOD,GOOD,BAD,0.7866666666666666,1.7268822008164984e-16
nstxuE204707A04t030/N7/egn07w.1391E+02,bad,nstxuE204707A04t030,7,3.729439937184374,tae_like,BAD,BAD_AXIS_SPIKE,BAD,BAD,BAD_AXIS_SPIKE,rule_engine,,,,,,2.9034096298752723,2a0501b937fe9e7887d300baa9f49c6d31db8c97a70eca9df626fc0763b38da8,nstxuE204707A04t030/N7/egn07w.1391E+02,GOOD,GOOD,BAD,0.74,2.8299325622606655e-37
nstxuE204707A04t030/N7/egn07w.1395E+02,bad,nstxuE204707A04t030,7,3.7355471211601503,tae_like,BAD,BAD_AXIS_SPIKE,BAD,BAD,BAD_AXIS_SPIKE,rule_engine,,,,,,2.2345835791124222,a9e79b6a00d3288d098293e7702969f2d70cc913e98187fe476afd013c0bc8ef,nstxuE204707A04t030/N7/egn07w.1395E+02,GOOD,GOOD,BAD,0.86,1.8758900682813717e-12
nstxuE204707A04t030/N8/egn08w.2608E+02,bad,nstxuE204707A04t030,8,5.106375618502508,tae_like,BAD,BAD_CONT_CROSS_WINDOW,BAD,BAD,BAD_CONT_CROSS_WINDOW,rule_engine,,,,,,10.974698575892191,ce7341a29e6e528f6f087d3567d238b1d822f408ffa740de2ead7d84147cf6e2,nstxuE204707A04t030/N8/egn08w.2608E+02,GOOD,GOOD,GOOD,0.5533333333333333,0.994785487651825
nstxuE204707A04t030/N10/egn10w.2762E+02,bad,nstxuE204707A04t030,10,5.255052197835308,tae_like,BAD,BAD_CONT_CROSS_WINDOW,BAD,BAD,BAD_CONT_CROSS_WINDOW,rule_engine,,,,,,1.8028300932399917,26a81e2eef29e7ca0af0805cc1a86012f2a91990429dbe6b5a64a4b4d95c42c7,nstxuE204707A04t030/N10/egn10w.2762E+02,GOOD,GOOD,GOOD,0.5066666666666667,0.9989472031593323
nstxuE204707A04t030/N10/egn10w.3524E+02,good,nstxuE204707A04t030,10,5.936532989120927,tae_like,GOOD,NO_GOOD_TEMPLATE,GOOD,REVIEW,NO_GOOD_TEMPLATE,rule_survivor_policy,,,,,True,0.526384979990759,44c49b90ea62accdf6703993c4cbebb0069b1e0660e077858afcf0fafff2b1ae,nstxuE204707A04t030/N10/egn10w.3524E+02,BAD,BAD,GOOD,0.20666666666666667,0.9998903274536133
nstxuE204708F03t017/N2/egn02w.8409E+01,good,nstxuE204708F03t017,2,2.899839509652805,tae_like,GOOD,NO_GOOD_TEMPLATE,GOOD,REVIEW,NO_GOOD_TEMPLATE,rule_survivor_policy,,,,,True,0.3686868971734878,3f3cf2ec08d601af58611da55a5688585b5d04e4dc4c74656be09cc91404ec44,nstxuE204708F03t017/N2/egn02w.8409E+01,BAD,BAD,BAD,0.34,1.8403322883386863e-06
nstxuE204708F03t017/N3/egn03w.1167E+02,bad,nstxuE204708F03t017,3,3.416035331927973,tae_like,BAD,BAD_INTERIOR_UNRESOLVED_ENVELOPE,BAD,BAD,BAD_INTERIOR_UNRESOLVED_ENVELOPE,rule_engine,,,,,,1.47827949386656,98178fb73fad8871fda42aba9d55fc23fa7e75b22e6ec3d6424a41ab47a644e3,nstxuE204708F03t017/N3/egn03w.1167E+02,GOOD,GOOD,BAD,0.7166666666666667,2.0479295415043453e-07
nstxuE204708F03t017/N8/egn08w.5958E+01,good,nstxuE204708F03t017,8,2.440881752870611,tae_like,GOOD,NO_GOOD_TEMPLATE,GOOD,REVIEW,NO_GOOD_TEMPLATE,rule_survivor_policy,,,,,True,0.9785485695891029,aefad1d03941c84e131e9ba28cb37046c410e73cde4d4a89a5e7ed59078f1773,nstxuE204708F03t017/N8/egn08w.5958E+01,BAD,BAD,GOOD,0.3466666666666667,1.0
nstxuE204708F03t017/N8/egn08w.6836E+01,good,nstxuE204708F03t017,8,2.6146643129802274,tae_like,GOOD,NO_GOOD_TEMPLATE,GOOD,REVIEW,NO_GOOD_TEMPLATE,rule_survivor_policy,,,,,True,0.9865904213977339,233349d3f9978cfff399766f24cc30252b22c56d280969e5b463d594f5eeda77,nstxuE204708F03t017/N8/egn08w.6836E+01,BAD,BAD,BAD,0.4033333333333333,0.0
nstxuE204708F03t017/N8/egn08w.1106E+02,good,nstxuE204708F03t017,8,3.3258895692444757,tae_like,GOOD,NO_GOOD_TEMPLATE,GOOD,REVIEW,NO_GOOD_TEMPLATE,rule_survivor_policy,,,,,True,0.7245111869115667,18a9dccf0c1e851d2ce61971f0b6fc0775a26393919cc694ff80f7c80930e0f9,nstxuE204708F03t017/N8/egn08w.1106E+02,BAD,BAD,GOOD,0.2633333333333333,1.0
nstxuE204708F03t017/N8/egn08w.1616E+02,good,nstxuE204708F03t017,8,4.019561159643976,tae_like,GOOD,NO_GOOD_TEMPLATE,GOOD,REVIEW,NO_GOOD_TEMPLATE,rule_survivor_policy,,,,,True,0.8663467723113438,27a2163371dff8bb8b635283e9092debee7189dfb8d474673a698404d001d2d3,nstxuE204708F03t017/N8/egn08w.1616E+02,BAD,BAD,BAD,0.37333333333333335,1.4163857345543316e-26
nstxuE204708F03t017/N9/egn09w.9734E+01,bad,nstxuE204708F03t017,9,3.119891795394049,tae_like,BAD,BAD_GRID_SCALE_SPIKE,BAD,BAD,BAD_GRID_SCALE_SPIKE,rule_engine,,,,,,1.207736583440928,0d273e5326d2eca6ec001a1ffb76634ae317108c031982dd14cb411c063ba4c4,nstxuE204708F03t017/N9/egn09w.9734E+01,GOOD,GOOD,GOOD,0.7333333333333333,1.0
nstxuE204708F03t017/N10/egn10w.7424E+01,good,nstxuE204708F03t017,10,2.724635851302692,tae_like,GOOD,NO_GOOD_TEMPLATE,GOOD,REVIEW,NO_GOOD_TEMPLATE,rule_survivor_policy,,,,,True,0.9027732752479198,1c68f194d97b7503af072f5fc6f3f5c89bf043569b86f46c77d34ef97214ea60,nstxuE204708F03t017/N10/egn10w.7424E+01,BAD,BAD,BAD,0.3933333333333333,0.0
nstxuE204708F03t017/N10/egn10w.9714E+01,bad,nstxuE204708F03t017,10,3.1167807205565317,tae_like,BAD,BAD_GRID_SCALE_SPIKE,BAD,BAD,BAD_GRID_SCALE_SPIKE,rule_engine,,,,,,1.18656458806992,7ff7d40cf944edd2ca836d89f91078894f9ca3c1ff18d4e8d85044125e534466,nstxuE204708F03t017/N10/egn10w.9714E+01,GOOD,GOOD,GOOD,0.76,1.0
nstxuE204944A01t017/N1/egn01w.4986E+01,bad,nstxuE204944A01t017,1,2.2329969641768486,tae_like,BAD,BAD_AXIS_SPIKE,BAD,BAD,BAD_AXIS_SPIKE,rule_engine,,,,,,1.2573493758688974,ea0b3714a37ca58b7cb99bcfbc6032e78f54f123a5e0813c4a8590f99cc2dffa,nstxuE204944A01t017/N1/egn01w.4986E+01,GOOD,GOOD,BAD,0.8,1.2292531437196885e-09
nstxuE204944A01t017/N2/egn02w.4105E+01,bad,nstxuE204944A01t017,2,2.0260875059645516,tae_like,BAD,BAD_AXIS_SPIKE,BAD,BAD,BAD_AXIS_SPIKE,rule_engine,,,,,,2.5515223610247637,c5c7beb20356793f5264880c81d36b56313a38d418c30b96268af0d7d0c616f8,nstxuE204944A01t017/N2/egn02w.4105E+01,GOOD,GOOD,BAD,0.8933333333333333,4.385435876395909e-33
nstxuE204944A01t017/N4/egn04w.4109E+01,bad,nstxuE204944A01t017,4,2.0269751956222266,tae_like,BAD,BAD_AXIS_SPIKE,BAD,BAD,BAD_AXIS_SPIKE,rule_engine,,,,,,2.8234760613571916,765772529ebd150f3e1b978bc9a2d226f54cc953fa5e7b9025b5b16a60ec9470,nstxuE204944A01t017/N4/egn04w.4109E+01,GOOD,GOOD,BAD,0.5933333333333334,1.1587992777627589e-23
nstxuE204944A01t017/N5/egn05w.4175E+01,bad,nstxuE204944A01t017,5,2.043255576058804,tae_like,BAD,BAD_AXIS_SPIKE,BAD,BAD,BAD_AXIS_SPIKE,rule_engine,,,,,,2.992496990269709,381fc9dd6cddfe740b5917395c2a3870005dd953eab914b8f63c56351fb850a2,nstxuE204944A01t017/N5/egn05w.4175E+01,GOOD,GOOD,BAD,0.6033333333333334,0.0
nstxuE204944A01t017/N5/egn05w.4466E+01,bad,nstxuE204944A01t017,5,2.113291016552487,tae_like,BAD,BAD_AXIS_SPIKE,BAD,BAD,BAD_AXIS_SPIKE,rule_engine,,,,,,2.85538159144785,4d74dfa3f42920e2f6526b1ed8492e4fbb1f97db2949ffdbbe6d04b260572d9e,nstxuE204944A01t017/N5/egn05w.4466E+01,GOOD,GOOD,BAD,0.9266666666666666,0.0
nstxuE204944A01t017/N5/egn05w.4661E+01,bad,nstxuE204944A01t017,5,2.1590397785158593,tae_like,BAD,BAD_AXIS_SPIKE,BAD,BAD,BAD_AXIS_SPIKE,rule_engine,,,,,,6.667547703762328,4286982caca000763e7fb0bb61917db5a8ce35c74488dac7363ee71e42c7586d,nstxuE204944A01t017/N5/egn05w.4661E+01,GOOD,GOOD,BAD,0.5066666666666667,0.0
nstxuE204944A01t017/N5/egn05w.5014E+01,bad,nstxuE204944A01t017,5,2.239145682197112,tae_like,BAD,BAD_NEAR_AXIS_GRID_OSCILLATION,BAD,BAD,BAD_NEAR_AXIS_GRID_OSCILLATION,rule_engine,,,,,,1.392300751400629,ee912730de345b658dafc1578e10f4633597a46452c36e37945b3028e1641353,nstxuE204944A01t017/N5/egn05w.5014E+01,GOOD,GOOD,GOOD,0.92,0.9999631643295288
nstxuE204944A01t017/N6/egn06w.4096E+01,bad,nstxuE204944A01t017,6,2.0238538803960333,tae_like,BAD,BAD_AXIS_SPIKE,BAD,BAD,BAD_AXIS_SPIKE,rule_engine,,,,,,1.9325296165938686,3c07c2408e13fa7905787c5c0db800855b9a04674f60c84a865e46dcbb3a8c51,nstxuE204944A01t017/N6/egn06w.4096E+01,GOOD,GOOD,BAD,0.7666666666666667,0.0
nstxuE204944A01t017/N6/egn06w.4343E+01,bad,nstxuE204944A01t017,6,2.084058296286137,tae_like,BAD,BAD_AXIS_SPIKE,BAD,BAD,BAD_AXIS_SPIKE,rule_engine,,,,,,3.0857309628201723,e2d5e1e3e0154ee1360ea1f06a5d06c6e7e22f3eb5ed6688d4389602da1cea53,nstxuE204944A01t017/N6/egn06w.4343E+01,GOOD,GOOD,BAD,0.9366666666666666,0.0
nstxuE204944A01t017/N6/egn06w.1108E+02,good,nstxuE204944A01t017,6,3.328797498154116,tae_like,GOOD,NO_GOOD_TEMPLATE,GOOD,REVIEW,NO_GOOD_TEMPLATE,rule_survivor_policy,,,,,True,0.7694455372671061,c66f9459ec40e4da0202c95e451b5f1d60563440454f77b15c9b744d23c5ef81,nstxuE204944A01t017/N6/egn06w.1108E+02,BAD,BAD,GOOD,0.24666666666666667,1.0
nstxuE204944A01t017/N7/egn07w.4418E+01,bad,nstxuE204944A01t017,7,2.1019022727192858,tae_like,BAD,BAD_NEAR_AXIS_GRID_OSCILLATION,BAD,BAD,BAD_NEAR_AXIS_GRID_OSCILLATION,rule_engine,,,,,,1.807685996115521,b810d06dd8a7196e0fc6ca34f93f17517283e7132fd39507be184588651b487c,nstxuE204944A01t017/N7/egn07w.4418E+01,GOOD,GOOD,BAD,0.9366666666666666,0.0009236710611730814
nstxuE204944A01t017/N7/egn07w.4703E+01,bad,nstxuE204944A01t017,7,2.1685945857593727,tae_like,BAD,BAD_AXIS_SPIKE,BAD,BAD,BAD_AXIS_SPIKE,rule_engine,,,,,,4.189748363639709,4016d4d017427b8c4fb2a8754713ed9e3cc2383fe7e7cde5f4e4fc89a9fd0962,nstxuE204944A01t017/N7/egn07w.4703E+01,GOOD,GOOD,BAD,0.71,0.0
nstxuE204944A01t017/N8/egn08w.3968E+01,bad,nstxuE204944A01t017,8,1.992075106478663,tae_like,BAD,BAD_AXIS_SPIKE,BAD,BAD,BAD_AXIS_SPIKE,rule_engine,,,,,,1.0776746895163678,b85d7a2117167f565ec76dea309585693419b789200a08cd46c34f84fabf33c4,nstxuE204944A01t017/N8/egn08w.3968E+01,GOOD,GOOD,BAD,0.74,8.351470626166702e-09
nstxuE204944A01t017/N8/egn08w.4224E+01,bad,nstxuE204944A01t017,8,2.055141315952794,tae_like,BAD,BAD_AXIS_SPIKE,BAD,BAD,BAD_AXIS_SPIKE,rule_engine,,,,,,2.563946146792837,7b9a31b22e99e8f86feabd427b22fabc2b2b217623f8d495eae484649b78f3b8,nstxuE204944A01t017/N8/egn08w.4224E+01,GOOD,GOOD,BAD,0.7833333333333333,9.746168707147992e-38
nstxuE204944A01t017/N8/egn08w.4683E+01,bad,nstxuE204944A01t017,8,2.1639738783393074,tae_like,BAD,BAD_AXIS_SPIKE,BAD,BAD,BAD_AXIS_SPIKE,rule_engine,,,,,,2.635496776707752,44f9178f9340a8ae8e8a73789956b3ba13d5e9ac0dabb4955483615b6c1fdf9c,nstxuE204944A01t017/N8/egn08w.4683E+01,GOOD,GOOD,BAD,0.5433333333333333,0.0
nstxuE204954A01t022/N2/egn02w.7512E+01,bad,nstxuE204954A01t022,2,2.74077352865242,tae_like,BAD,BAD_AXIS_SPIKE,BAD,BAD,BAD_AXIS_SPIKE,rule_engine,,,,,,1.2531493666498372,aa49c543a9849757d3caee0eef44e6cda2039d1a56e83f583f1d781244f94665,nstxuE204954A01t022/N2/egn02w.7512E+01,GOOD,GOOD,BAD,0.51,8.258787431714154e-09
nstxuE204954A01t022/N10/egn10w.1050E+02,bad,nstxuE204954A01t022,10,3.2398536106721743,tae_like,BAD,BAD_NEAR_AXIS_GRID_OSCILLATION,BAD,BAD,BAD_NEAR_AXIS_GRID_OSCILLATION,rule_engine,,,,,,1.2687646631635918,f99c2ec8e2a6f0a9ae626ff300dabfbfa4f11314ed24825cb24e5908ed5db6c9,nstxuE204954A01t022/N10/egn10w.1050E+02,GOOD,GOOD,BAD,0.89,4.1403905175882385e-18
nstxuE204955F02t017/N6/egn06w.5072E+01,bad,nstxuE204955F02t017,6,2.2520518444919513,tae_like,BAD,BAD_AXIS_SPIKE,BAD,BAD,BAD_AXIS_SPIKE,rule_engine,,,,,,1.9063464806752495,176dc251046667b909c781ce1e33de8203965c07ab2638be6d35b04056f3ddec,nstxuE204955F02t017/N6/egn06w.5072E+01,GOOD,GOOD,BAD,0.8966666666666666,6.267955374412786e-28
nstxuE204955F02t017/N6/egn06w.5363E+01,bad,nstxuE204955F02t017,6,2.3157396959129435,tae_like,BAD,BAD_AXIS_SPIKE,BAD,BAD,BAD_AXIS_SPIKE,rule_engine,,,,,,1.8907157843913158,4f3acc442e5ec940b92bcef36c48e28b3261d3a988fc5b87009ac84418cfea76,nstxuE204955F02t017/N6/egn06w.5363E+01,GOOD,GOOD,BAD,0.9566666666666667,1.2468866366460322e-30
nstxuE204955F02t017/N6/egn06w.6529E+01,bad,nstxuE204955F02t017,6,2.555136745265618,tae_like,BAD,BAD_AXIS_SPIKE,BAD,BAD,BAD_AXIS_SPIKE,rule_engine,,,,,,1.9621068367191346,d4e139940e2af728de03e7fbad7674a8da2297245431efca66501d520cc63e37,nstxuE204955F02t017/N6/egn06w.6529E+01,GOOD,GOOD,BAD,0.95,1.1463339416820162e-17
nstxuE204955F02t017/N6/egn06w.7141E+01,bad,nstxuE204955F02t017,6,2.6723279856081423,tae_like,BAD,BAD_AXIS_SPIKE,BAD,BAD,BAD_AXIS_SPIKE,rule_engine,,,,,,2.3030100982439263,ab45b97424e8941745b8c0adfade799ef410e6391939ee294c29774100373b4e,nstxuE204955F02t017/N6/egn06w.7141E+01,GOOD,GOOD,BAD,0.8566666666666667,0.0
nstxuE204955F02t017/N6/egn06w.7591E+01,bad,nstxuE204955F02t017,6,2.755208229695219,tae_like,BAD,BAD_AXIS_SPIKE,BAD,BAD,BAD_AXIS_SPIKE,rule_engine,,,,,,1.8093841000140043,904fb062b09528a44ccb886b714f83d7bdd4dc60661a71d3e67b6d121f7fe1ab,nstxuE204955F02t017/N6/egn06w.7591E+01,GOOD,GOOD,BAD,0.75,3.175639424922276e-32
nstxuE204955F02t017/N6/egn06w.7911E+01,bad,nstxuE204955F02t017,6,2.812667666785909,tae_like,BAD,BAD_AXIS_SPIKE,BAD,BAD,BAD_AXIS_SPIKE,rule_engine,,,,,,1.1054696600134388,149b3f31730c41758b267442dabd9f167b0d82edccd36d623cda95d26a4952f8,nstxuE204955F02t017/N6/egn06w.7911E+01,GOOD,GOOD,BAD,0.8333333333333334,0.22764171659946442
nstxuE204955F02t017/N7/egn07w.4960E+01,bad,nstxuE204955F02t017,7,2.227108226058099,tae_like,BAD,BAD_GRID_SCALE_SPIKE,BAD,BAD,BAD_GRID_SCALE_SPIKE,rule_engine,,,,,,1.310971135750548,bc0cc67aa78d4b4bb3019d21db07e6e1c8488994f4edfb54548532b1e61e515a,nstxuE204955F02t017/N7/egn07w.4960E+01,GOOD,GOOD,BAD,0.5866666666666667,0.0
nstxuE204955F02t017/N8/egn08w.4847E+01,bad,nstxuE204955F02t017,8,2.2015348054456942,tae_like,BAD,BAD_AXIS_SPIKE,BAD,BAD,BAD_AXIS_SPIKE,rule_engine,,,,,,3.047956351777982,fd7e88ed3c090fb692940ef6d00dd284f8788deb040c32fa6cf57c483ba9bf1e,nstxuE204955F02t017/N8/egn08w.4847E+01,GOOD,GOOD,BAD,0.7633333333333333,6.986378643986553e-37
nstxuE204955F02t017/N9/egn09w.9714E+01,bad,nstxuE204955F02t017,9,3.116702388548334,tae_like,BAD,BAD_NEAR_AXIS_GRID_OSCILLATION,BAD,BAD,BAD_NEAR_AXIS_GRID_OSCILLATION,rule_engine,,,,,,1.1790335322608223,97b9abec4001ddb44fd5e4b8a39086c88f3d6e4af0280eed45e8a295216614a4,nstxuE204955F02t017/N9/egn09w.9714E+01,GOOD,GOOD,GOOD,0.5966666666666667,1.0
nstxuE204955F02t017/N9/egn09w.1180E+02,bad,nstxuE204955F02t017,9,3.435576989027155,tae_like,BAD,BAD_AXIS_SPIKE,BAD,BAD,BAD_AXIS_SPIKE,rule_engine,,,,,,1.968251015868154,efb0a009b0c674dc5c30ef43a628140779759e59903dd17c9df3307deb0c7636,nstxuE204955F02t017/N9/egn09w.1180E+02,GOOD,GOOD,BAD,0.67,2.878925378742332e-26
nstxuE204955F02t017/N10/egn10w.5496E+01,bad,nstxuE204955F02t017,10,2.3443061291957723,tae_like,BAD,BAD_AXIS_SPIKE,BAD,BAD,BAD_AXIS_SPIKE,rule_engine,,,,,,1.9596979684225357,0486b1c2eb30142ffa5a13b391727090effd64bdd4ce63a28bd171ae91213330,nstxuE204955F02t017/N10/egn10w.5496E+01,GOOD,GOOD,BAD,0.6,1.503810476212283e-20
nstxuE205017A01t025/N4/egn04w.6333E+01,bad,nstxuE205017A01t025,4,2.5165056994658443,tae_like,BAD,BAD_AXIS_SPIKE,BAD,BAD,BAD_AXIS_SPIKE,rule_engine,,,,,,3.0427046927071437,0257035e91caa1575013828ebb5d54d125188a761a8549844095e5c6ae580c99,nstxuE205017A01t025/N4/egn04w.6333E+01,GOOD,GOOD,BAD,0.8866666666666667,0.0
nstxuE205017A01t025/N5/egn05w.5892E+01,good,nstxuE205017A01t025,5,2.42730953293307,tae_like,GOOD,NO_GOOD_TEMPLATE,GOOD,REVIEW,NO_GOOD_TEMPLATE,rule_survivor_policy,,,,,True,0.9550582200876911,0f0668db29460bdd2e992927271355966ea9b7fa1923296141182f76fe54e430,nstxuE205017A01t025/N5/egn05w.5892E+01,BAD,BAD,BAD,0.47,1.950511204995564e-06
nstxuE205017A01t025/N6/egn06w.5615E+01,good,nstxuE205017A01t025,6,2.369602213123016,tae_like,GOOD,NO_GOOD_TEMPLATE,GOOD,REVIEW,NO_GOOD_TEMPLATE,rule_survivor_policy,,,,,True,0.9013421693005668,3e78fd0719792d9f62f97d1f51efcb988dca51ba1da443104821300fe4b72d24,nstxuE205017A01t025/N6/egn06w.5615E+01,BAD,BAD,BAD,0.3466666666666667,7.082401835240395e-26
nstxuE205017A01t025/N6/egn06w.1929E+02,good,nstxuE205017A01t025,6,4.391674638067435,tae_like,GOOD,NO_GOOD_TEMPLATE,GOOD,REVIEW,NO_GOOD_TEMPLATE,rule_survivor_policy,,,,,True,0.5172246773562811,20a1c6a5cae280cd8e2eafd7b092ae6242f95f9e989492aa9b8b946993897165,nstxuE205017A01t025/N6/egn06w.1929E+02,BAD,BAD,GOOD,0.09,0.9999983310699463
nstxuE205017A01t025/N10/egn10w.4651E+01,bad,nstxuE205017A01t025,10,2.1566787212046,tae_like,BAD,BAD_CONT_CROSS_WINDOW,BAD,BAD,BAD_CONT_CROSS_WINDOW,rule_engine,,,,,,1.9364796321119577,308e6cae842c500c867d4096e1a73990d05449c8cd25e55a3a04d0650656d750,nstxuE205017A01t025/N10/egn10w.4651E+01,GOOD,GOOD,BAD,0.5066666666666667,5.827405780145511e-10
nstxuE205040A01t016/N1/egn01w.1749E+01,good,nstxuE205040A01t016,1,1.3223614784651805,tae_like,GOOD,NO_GOOD_TEMPLATE,GOOD,REVIEW,NO_GOOD_TEMPLATE,rule_survivor_policy,,,,,True,0.5908619198747534,c3e0e307840e1793e4380e1d9b8586296393093ebadddb223934c74c5982498a,nstxuE205040A01t016/N1/egn01w.1749E+01,BAD,BAD,GOOD,0.31666666666666665,1.0
nstxuE205040A01t016/N2/egn02w.2491E+01,good,nstxuE205040A01t016,2,1.5784329509984574,tae_like,GOOD,NO_GOOD_TEMPLATE,GOOD,REVIEW,NO_GOOD_TEMPLATE,rule_survivor_policy,,,,,True,0.5335601281597476,245a279b7e265d8d27fbf6dd2218d3f6b738cfc020f3b13a839552a15a3bfdb3,nstxuE205040A01t016/N2/egn02w.2491E+01,BAD,BAD,BAD,0.48,1.5701678846014033e-09
nstxuE205040A01t016/N3/egn03w.1594E+01,bad,nstxuE205040A01t016,3,1.2625641950116806,tae_like,BAD,BAD_GRID_SCALE_SPIKE,BAD,BAD,BAD_GRID_SCALE_SPIKE,rule_engine,,,,,,1.046561538156202,90b8e05c804e1516b375263f19da25740bc0e3696129e0a6c89f465f483152ad,nstxuE205040A01t016/N3/egn03w.1594E+01,GOOD,GOOD,BAD,0.5266666666666666,0.0
nstxuE205040A01t016/N3/egn03w.2998E+01,good,nstxuE205040A01t016,3,1.7313612907773772,tae_like,GOOD,NO_GOOD_TEMPLATE,GOOD,REVIEW,NO_GOOD_TEMPLATE,rule_survivor_policy,,,,,True,0.2514659654612853,bd6f3428aabfa92be4d2be19db9dc4528c31955935d5b53ae5633e071cbe1b81,nstxuE205040A01t016/N3/egn03w.2998E+01,BAD,BAD,GOOD,0.37666666666666665,0.9999996423721313
nstxuE205040A01t016/N3/egn03w.3081E+01,good,nstxuE205040A01t016,3,1.7552005448119674,tae_like,GOOD,NO_GOOD_TEMPLATE,GOOD,REVIEW,NO_GOOD_TEMPLATE,rule_survivor_policy,,,,,True,0.30335945949808746,ffbc4224a19e61bb07c247efd92ec16f6d7a3248a5785439daa288432f275804,nstxuE205040A01t016/N3/egn03w.3081E+01,BAD,BAD,GOOD,0.32666666666666666,0.999995231628418
nstxuE205040A01t016/N4/egn04w.1656E+01,good,nstxuE205040A01t016,4,1.2869769812260015,tae_like,GOOD,NO_GOOD_TEMPLATE,GOOD,REVIEW,NO_GOOD_TEMPLATE,rule_survivor_policy,,,,,True,0.6682375218640207,d32fbe7a7b83438ccbaa569c2cb1653c5d5c089b26dc13881d0370858e8bffce,nstxuE205040A01t016/N4/egn04w.1656E+01,BAD,BAD,BAD,0.43333333333333335,4.905080913886195e-06
nstxuE205040A01t016/N4/egn04w.2740E+01,bad,nstxuE205040A01t016,4,1.6551893093772223,tae_like,BAD,BAD_GRID_SCALE_SPIKE,BAD,BAD,BAD_GRID_SCALE_SPIKE,rule_engine,,,,,,1.1014729610390186,6b54f894cadddc0305862dd77df111e31e5a8c26691960f03d932763a1a8dc58,nstxuE205040A01t016/N4/egn04w.2740E+01,GOOD,GOOD,BAD,0.7,8.871045477068045e-30
nstxuE205040A01t016/N4/egn04w.4525E+01,bad,nstxuE205040A01t016,4,2.127087850582433,tae_like,BAD,BAD_CONT_CROSS_WINDOW,BAD,BAD,BAD_CONT_CROSS_WINDOW,rule_engine,,,,,,1.2598216031881695,7e10bca0edc7b7e99d1e9c003ffc6a9602055f07990142104791aca1325d2158,nstxuE205040A01t016/N4/egn04w.4525E+01,GOOD,GOOD,GOOD,0.6366666666666667,1.0
nstxuE205040A01t016/N6/egn06w.1666E+01,good,nstxuE205040A01t016,6,1.2909172262992887,tae_like,GOOD,NO_GOOD_TEMPLATE,GOOD,REVIEW,NO_GOOD_TEMPLATE,rule_survivor_policy,,,,,True,0.5736533103587342,c2acb09f0f2a6fac6a68bb30c90de7721598c3c5db399f2be1b87c9b43951077,nstxuE205040A01t016/N6/egn06w.1666E+01,BAD,BAD,BAD,0.3933333333333333,0.0
nstxuE205040A01t016/N8/egn08w.1512E+01,good,nstxuE205040A01t016,8,1.2297719544411876,tae_like,GOOD,NO_GOOD_TEMPLATE,GOOD,REVIEW,NO_GOOD_TEMPLATE,rule_survivor_policy,,,,,True,0.8615884046525278,2cc4eb1607d205866416dbe28b852d3a4403bc244622e1970017f946a08a64a6,nstxuE205040A01t016/N8/egn08w.1512E+01,BAD,BAD,BAD,0.3933333333333333,0.0
nstxuE205040A01t016/N10/egn10w.1381E+01,bad,nstxuE205040A01t016,10,1.1749604392573827,tae_like,BAD,BAD_CONT_CROSS_WINDOW,BAD,BAD,BAD_CONT_CROSS_WINDOW,rule_engine,,,,,,9.475084676032006,038bcbc7a57414c3d26dcbd925252ad00a997fdf0dc37872d4dfd3694f521621,nstxuE205040A01t016/N10/egn10w.1381E+01,GOOD,GOOD,BAD,0.6166666666666667,0.0
nstxuE205042A01t022/N4/egn04w.2713E+01,good,nstxuE205042A01t022,4,1.6470412208261003,tae_like,GOOD,NO_GOOD_TEMPLATE,GOOD,REVIEW,NO_GOOD_TEMPLATE,rule_survivor_policy,,,,,True,0.41318803164375406,c6bc72cbbe283cfd9aaee1cc3d1ca0333b690a93ffd570d66da9072580c85d58,nstxuE205042A01t022/N4/egn04w.2713E+01,BAD,BAD,BAD,0.37333333333333335,1.846006399889281e-17
nstxuE205042A01t022/N5/egn05w.3125E+01,bad,nstxuE205042A01t022,5,1.76780565878862,tae_like,BAD,BAD_NEAR_AXIS_GRID_OSCILLATION,BAD,BAD,BAD_NEAR_AXIS_GRID_OSCILLATION,rule_engine,,,,,,1.0871406604490863,a4cf52e0880f55f1bfc4b4c44e73cd49abe254e1b90b289f15bbfe58f5b7d3c0,nstxuE205042A01t022/N5/egn05w.3125E+01,GOOD,GOOD,BAD,0.7566666666666667,3.2429232910136108e-12
nstxuE205042A01t022/N5/egn05w.3521E+01,bad,nstxuE205042A01t022,5,1.8763629229623369,tae_like,BAD,BAD_AXIS_SPIKE,BAD,BAD,BAD_AXIS_SPIKE,rule_engine,,,,,,1.569570365653206,f7c2e3b55e9c7238ade26cd057927b6fba424111522b6885bb415c3e344f68da,nstxuE205042A01t022/N5/egn05w.3521E+01,GOOD,GOOD,BAD,0.7833333333333333,2.315104150498153e-30
nstxuE205042A01t022/N6/egn06w.3067E+01,good,nstxuE205042A01t022,6,1.7513712393816527,tae_like,GOOD,NO_GOOD_TEMPLATE,GOOD,REVIEW,NO_GOOD_TEMPLATE,rule_survivor_policy,,,,,True,0.5147410977768824,b7e252e65ca2ae5d7ebf8ea232091acf86ed0fddb13dbb4befb0f81799ac25be,nstxuE205042A01t022/N6/egn06w.3067E+01,BAD,BAD,GOOD,0.38666666666666666,1.0
nstxuE205042A01t022/N7/egn07w.3424E+01,bad,nstxuE205042A01t022,7,1.8504071803636757,tae_like,BAD,BAD_AXIS_SPIKE,BAD,BAD,BAD_AXIS_SPIKE,rule_engine,,,,,,3.761774468732493,fc343f4b1755350f7000ed2ae5a1db656312dd1bf9fa3b313962c3fc6a6f74e4,nstxuE205042A01t022/N7/egn07w.3424E+01,GOOD,GOOD,BAD,0.6566666666666666,0.0
nstxuE205042A01t022/N8/egn08w.3059E+01,bad,nstxuE205042A01t022,8,1.7489612680285826,tae_like,BAD,BAD_GRID_SCALE_SPIKE,BAD,BAD,BAD_GRID_SCALE_SPIKE,rule_engine,,,,,,5.488292259614252,4d3639ecf4ad3451b8796d431be7f9e38bf9b03fe51b689214011237efd9db36,nstxuE205042A01t022/N8/egn08w.3059E+01,GOOD,GOOD,BAD,0.5,0.0
nstxuE205042A01t022/N8/egn08w.3507E+01,bad,nstxuE205042A01t022,8,1.872651009409592,tae_like,BAD,BAD_GRID_SCALE_SPIKE,BAD,BAD,BAD_GRID_SCALE_SPIKE,rule_engine,,,,,,1.978258866016428,b6070a6a74d4c1d31a93c0814c63b57634737cfe2feb74949a257138d77e4110,nstxuE205042A01t022/N8/egn08w.3507E+01,GOOD,GOOD,BAD,0.5133333333333333,2.34892570075574e-15
nstxuE205042A01t022/N8/egn08w.3631E+01,bad,nstxuE205042A01t022,8,1.905514782182267,tae_like,BAD,BAD_GRID_SCALE_SPIKE,BAD,BAD,BAD_GRID_SCALE_SPIKE,rule_engine,,,,,,1.1057337081762442,8854d4a206b13a5c1ac40f4f178e0f730899d2f2ae651b94712e5e862870d20a,nstxuE205042A01t022/N8/egn08w.3631E+01,GOOD,GOOD,BAD,0.6433333333333333,0.0
nstxuE205045A01t022/N3/egn03w.9903E+01,good,nstxuE205045A01t022,3,3.1469284085782925,tae_like,GOOD,NO_GOOD_TEMPLATE,GOOD,REVIEW,NO_GOOD_TEMPLATE,rule_survivor_policy,,,,,True,0.33927604618632345,77865118bba1245bcb6f95a6e77b9399a1921f1c8d1ac4a92bb9a6cc5b936c03,nstxuE205045A01t022/N3/egn03w.9903E+01,BAD,BAD,GOOD,0.20333333333333334,1.0
nstxuE205045A01t022/N4/egn04w.1205E+02,good,nstxuE205045A01t022,4,3.4709856030734865,tae_like,GOOD,NO_GOOD_TEMPLATE,GOOD,REVIEW,NO_GOOD_TEMPLATE,rule_survivor_policy,,,,,True,0.2982749053152311,875531ab5b113b82767595bca6eeb2f788ce9346e3f5b35cfe7906a734d6e208,nstxuE205045A01t022/N4/egn04w.1205E+02,BAD,BAD,GOOD,0.30333333333333334,1.0
nstxuE205045A01t022/N4/egn04w.3243E+02,bad,nstxuE205045A01t022,4,5.694808960394962,tae_like,BAD,BAD_CONTINUUM_CROSSING_TAIL,BAD,BAD,BAD_CONTINUUM_CROSSING_TAIL,rule_engine,,,,,,1.3263766643633292,f072098c48caa2cb8e9df3623cef709fe2e73eec9a642e5ee98424ace4077a46,nstxuE205045A01t022/N4/egn04w.3243E+02,GOOD,BAD,GOOD,0.49,0.9997342228889465
nstxuE205045A01t022/N6/egn06w.1239E+02,good,nstxuE205045A01t022,6,3.5193080123357756,tae_like,GOOD,NO_GOOD_TEMPLATE,GOOD,REVIEW,NO_GOOD_TEMPLATE,rule_survivor_policy,,,,,True,0.4240787706996696,4129f2ee3512a8661bda9ed6a3b1840b0599130c99fbefc625b1b0a1161ca09c,nstxuE205045A01t022/N6/egn06w.1239E+02,BAD,BAD,GOOD,0.07333333333333333,1.0
nstxuE205045A01t022/N7/egn07w.1432E+02,good,nstxuE205045A01t022,7,3.783567553153546,tae_like,GOOD,NO_GOOD_TEMPLATE,GOOD,REVIEW,NO_GOOD_TEMPLATE,rule_survivor_policy,,,,,True,0.5706664862860676,c23b500c8a634855cc3ead336db11987234d037d07fd568c19259f580af7a5ec,nstxuE205045A01t022/N7/egn07w.1432E+02,BAD,BAD,GOOD,0.27666666666666667,1.0
nstxuE205045A01t022/N7/egn07w.1773E+02,good,nstxuE205045A01t022,7,4.210824060453265,tae_like,GOOD,NO_GOOD_TEMPLATE,GOOD,REVIEW,NO_GOOD_TEMPLATE,rule_survivor_policy,,,,,True,0.49934065857119636,9b3e1d7672da297c1252533b3c7b0763ae5e8e5aa817050c3281bf36ac5b3f2f,nstxuE205045A01t022/N7/egn07w.1773E+02,BAD,BAD,GOOD,0.16,1.0
nstxuE205045A01t022/N7/egn07w.2662E+02,good,nstxuE205045A01t022,7,5.159725702559963,tae_like,GOOD,NO_GOOD_TEMPLATE,GOOD,REVIEW,NO_GOOD_TEMPLATE,rule_survivor_policy,,,,,True,0.5211883619455641,8bd689d101a3b0eace28078a37c439c4c59225240da910b93dc098e7c8d3640c,nstxuE205045A01t022/N7/egn07w.2662E+02,BAD,BAD,GOOD,0.14666666666666667,1.0
nstxuE205045A01t022/N7/egn07w.2845E+02,good,nstxuE205045A01t022,7,5.333475425567422,tae_like,GOOD,NO_GOOD_TEMPLATE,GOOD,REVIEW,NO_GOOD_TEMPLATE,rule_survivor_policy,,,,,True,0.4369938498429241,76862c87061215fa8f54e7e7b7859edcb47217d441251654f2331e74285234d3,nstxuE205045A01t022/N7/egn07w.2845E+02,BAD,BAD,GOOD,0.21666666666666667,1.0
nstxuE205045A01t022/N8/egn08w.1465E+02,good,nstxuE205045A01t022,8,3.827187385175959,tae_like,GOOD,NO_GOOD_TEMPLATE,GOOD,REVIEW,NO_GOOD_TEMPLATE,rule_survivor_policy,,,,,True,0.5675766970000413,a9a1bbcbeaf80994cc8688bc771852ae6212d247ae5e4449ef3b7a11afe4986f,nstxuE205045A01t022/N8/egn08w.1465E+02,BAD,BAD,GOOD,0.34,1.0
nstxuE205045A01t022/N8/egn08w.2462E+02,good,nstxuE205045A01t022,8,4.962063628401257,tae_like,GOOD,NO_GOOD_TEMPLATE,GOOD,REVIEW,NO_GOOD_TEMPLATE,rule_survivor_policy,,,,,True,0.6700982284490196,225f49d8a47db541cd2bae01145845e139082800ab32461d8c90db8d8bd035e2,nstxuE205045A01t022/N8/egn08w.2462E+02,BAD,BAD,GOOD,0.18,0.9999282360076904
nstxuE205045A01t022/N8/egn08w.2732E+02,good,nstxuE205045A01t022,8,5.227122577870061,tae_like,GOOD,NO_GOOD_TEMPLATE,GOOD,REVIEW,NO_GOOD_TEMPLATE,rule_survivor_policy,,,,,True,0.8689123382932439,adaf4da979b38301f2fbb48bf5835581bfc2b74df72b430a806ea97b5c29e07d,nstxuE205045A01t022/N8/egn08w.2732E+02,BAD,BAD,GOOD,0.26666666666666666,1.0
nstxuE205045A01t022/N9/egn09w.1779E+02,good,nstxuE205045A01t022,9,4.217282273924826,tae_like,GOOD,NO_GOOD_TEMPLATE,GOOD,REVIEW,NO_GOOD_TEMPLATE,rule_survivor_policy,,,,,True,0.6036188879395287,3eba768cb0cb2b544f556ba1973004e23aca8b18b99f7fc6136f07f6efc0b081,nstxuE205045A01t022/N9/egn09w.1779E+02,BAD,BAD,GOOD,0.08,1.0
nstxuE205045A01t022/N9/egn09w.2606E+02,good,nstxuE205045A01t022,9,5.104543375822947,tae_like,GOOD,NO_GOOD_TEMPLATE,GOOD,REVIEW,NO_GOOD_TEMPLATE,rule_survivor_policy,,,,,True,0.58200515995727,8f097901b61887e4c45a04a48d4da2ffc0136fdfa5431cd1bbe5a9d673ea1f54,nstxuE205045A01t022/N9/egn09w.2606E+02,BAD,BAD,GOOD,0.39666666666666667,1.0
nstxuE205045A01t022/N10/egn10w.1795E+02,good,nstxuE205045A01t022,10,4.2362278064288,tae_like,GOOD,NO_GOOD_TEMPLATE,GOOD,REVIEW,NO_GOOD_TEMPLATE,rule_survivor_policy,,,,,True,0.6923232380506593,238962f7fc31e6763d817ed45a9b56107d959c5815c4edd45b08fbbe76ee6a1e,nstxuE205045A01t022/N10/egn10w.1795E+02,BAD,BAD,GOOD,0.03333333333333333,1.0
nstxuE205054A01t037/N2/egn02w.2132E+02,bad,nstxuE205054A01t037,2,4.616847477795178,tae_like,BAD,BAD_AXIS_SPIKE,BAD,BAD,BAD_AXIS_SPIKE,rule_engine,,,,,,2.6453123264855614,00a0f71d69aab2b1fe636849c75546049f6577cc431e373bab535df91c38175c,nstxuE205054A01t037/N2/egn02w.2132E+02,GOOD,GOOD,BAD,0.6166666666666667,0.0
nstxuE205054A01t037/N3/egn03w.1389E+02,bad,nstxuE205054A01t037,3,3.726779119683361,tae_like,BAD,BAD_AXIS_SPIKE,BAD,BAD,BAD_AXIS_SPIKE,rule_engine,,,,,,2.288244077227065,f9ed7630e2b088cddba34399032246ff987d1cacefd931b0aeb24b2cbdb886eb,nstxuE205054A01t037/N3/egn03w.1389E+02,GOOD,GOOD,GOOD,0.8933333333333333,1.0
nstxuE205054A01t037/N3/egn03w.2785E+02,bad,nstxuE205054A01t037,3,5.277071299187699,tae_like,BAD,BAD_CONT_CROSS_WINDOW,BAD,BAD,BAD_CONT_CROSS_WINDOW,rule_engine,,,,,,5.425610503700421,a63d49c189363d81346a9c3919f37ef2bf15e8891cd5d23a8886d1b99322fc16,nstxuE205054A01t037/N3/egn03w.2785E+02,GOOD,GOOD,GOOD,0.6,1.0
nstxuE205054A01t037/N7/egn07w.2561E+02,bad,nstxuE205054A01t037,7,5.060246107267752,tae_like,BAD,BAD_NEAR_AXIS_GRID_OSCILLATION,BAD,BAD,BAD_NEAR_AXIS_GRID_OSCILLATION,rule_engine,,,,,,1.7675496614201949,7b7d846c61b4811405236738bd10f6ff6a347aad4296d52bf3c491fb4af70027,nstxuE205054A01t037/N7/egn07w.2561E+02,GOOD,GOOD,BAD,0.8733333333333333,1.743609242432043e-31
nstxuE205054A01t037/N8/egn08w.4715E+02,bad,nstxuE205054A01t037,8,6.866698786199577,tae_like,BAD,BAD_CONTINUUM_CROSSING_TAIL,BAD,BAD,BAD_CONTINUUM_CROSSING_TAIL,rule_engine,,,,,,1.2469140459613886,bf5165029aad2eb8bfad5cd8b39334f2cc03e0dd620ad05cb581c3a7de4029d1,nstxuE205054A01t037/N8/egn08w.4715E+02,GOOD,GOOD,GOOD,0.5066666666666667,0.9648623466491699
nstxuE205055A01t022/N4/egn04w.8091E+01,bad,nstxuE205055A01t022,4,2.8444669968006577,tae_like,BAD,BAD_EDGE_SPIKE,BAD,BAD,BAD_EDGE_SPIKE,rule_engine,,,,,,4.255136561100106,01797f0c9da578e85962b7f665b6ad7a703d4961751f72a52f5b66643b2c6507,nstxuE205055A01t022/N4/egn04w.8091E+01,GOOD,BAD,GOOD,0.43666666666666665,1.0
nstxuE205055A01t022/N6/egn06w.1619E+02,bad,nstxuE205055A01t022,6,4.024187382214086,tae_like,BAD,BAD_CONT_CROSS_WINDOW,BAD,BAD,BAD_CONT_CROSS_WINDOW,rule_engine,,,,,,3.0842713198486025,3376fb44e07d5714e3fd8d0f949a8319f7ba23dfd7cca948251807013914aa46,nstxuE205055A01t022/N6/egn06w.1619E+02,GOOD,GOOD,GOOD,0.5933333333333334,0.9970735311508179
nstxuE205055A01t022/N7/egn07w.6879E+01,good,nstxuE205055A01t022,7,2.6228291266239783,tae_like,GOOD,NO_GOOD_TEMPLATE,GOOD,REVIEW,NO_GOOD_TEMPLATE,rule_survivor_policy,,,,,True,0.5235976586549416,c9419b96cd42fdb2a6908710c832be3e022c81cd91c56d1933814d29ad70d855,nstxuE205055A01t022/N7/egn07w.6879E+01,BAD,BAD,GOOD,0.15333333333333332,1.0
nstxuE205055A01t022/N10/egn10w.8919E+01,bad,nstxuE205055A01t022,10,2.986523579011794,tae_like,BAD,BAD_AXIS_SPIKE,BAD,BAD,BAD_AXIS_SPIKE,rule_engine,,,,,,1.9306214611950117,df3c1c9c0410974cdf6d1f4ec5a35b293353ef90c69efe74e44c0d987a04fac8,nstxuE205055A01t022/N10/egn10w.8919E+01,GOOD,GOOD,BAD,0.9166666666666666,2.324588817877865e-13
nstxuE205055A01t022/N10/egn10w.1736E+02,bad,nstxuE205055A01t022,10,4.166280067042959,tae_like,BAD,BAD_AXIS_SPIKE,BAD,BAD,BAD_AXIS_SPIKE,rule_engine,,,,,,1.0005955434200404,c7945684b7e7ccb778953feaf77e87b5a2a5e2eb8d46acd2ef2a2bbcba6fa22a,nstxuE205055A01t022/N10/egn10w.1736E+02,GOOD,GOOD,BAD,0.69,1.2252839005640467e-19
nstxuE205057A01t020/N4/egn04w.6876E+01,good,nstxuE205057A01t020,4,2.6221578637954788,tae_like,GOOD,NO_GOOD_TEMPLATE,GOOD,REVIEW,NO_GOOD_TEMPLATE,rule_survivor_policy,,,,,True,0.4490489465345397,a566acba0f7b831d2680f62120002a66dbedb873067da42e39e25de88d0209b7,nstxuE205057A01t020/N4/egn04w.6876E+01,BAD,BAD,GOOD,0.26,1.0
nstxuE205057A01t020/N4/egn04w.8295E+01,good,nstxuE205057A01t020,4,2.8800669558588843,tae_like,GOOD,NO_GOOD_TEMPLATE,GOOD,REVIEW,NO_GOOD_TEMPLATE,rule_survivor_policy,,,,,True,0.48667838622973175,e64d216e8a2d1143cc9107bb164b246283dacb64e888bfdbbaf01ac0c9a6370d,nstxuE205057A01t020/N4/egn04w.8295E+01,BAD,BAD,GOOD,0.2733333333333333,1.0
nstxuE205057A01t020/N4/egn04w.8440E+01,good,nstxuE205057A01t020,4,2.9051962046761095,tae_like,GOOD,NO_GOOD_TEMPLATE,GOOD,REVIEW,NO_GOOD_TEMPLATE,rule_survivor_policy,,,,,True,0.552055692920911,9cb0bbbe865443aef3c80f8e3510a765387a0742c5e73cd04309431edef98d42,nstxuE205057A01t020/N4/egn04w.8440E+01,BAD,BAD,GOOD,0.19333333333333333,1.0
nstxuE205057A01t020/N4/egn04w.9259E+01,good,nstxuE205057A01t020,4,3.0428245681925294,tae_like,GOOD,NO_GOOD_TEMPLATE,GOOD,REVIEW,NO_GOOD_TEMPLATE,rule_survivor_policy,,,,,True,0.7678842930335248,267d4fa45df2d6da42d31d31ae6c4bfbc185cf4af33ecc4a2976a5a487787ff6,nstxuE205057A01t020/N4/egn04w.9259E+01,BAD,BAD,GOOD,0.22666666666666666,0.9998965263366699
nstxuE205057A01t020/N5/egn05w.8554E+01,good,nstxuE205057A01t020,5,2.9246451124396446,tae_like,GOOD,NO_GOOD_TEMPLATE,GOOD,REVIEW,NO_GOOD_TEMPLATE,rule_survivor_policy,,,,,True,0.6378820018432336,90519a143ad980b9fb6a56ec90fbf49db08f4e2878a13a7498a5be2ff6c3b53c,nstxuE205057A01t020/N5/egn05w.8554E+01,BAD,BAD,GOOD,0.3433333333333333,1.0
nstxuE205057A01t020/N6/egn06w.7003E+01,good,nstxuE205057A01t020,6,2.646386000004484,tae_like,GOOD,NO_GOOD_TEMPLATE,GOOD,REVIEW,NO_GOOD_TEMPLATE,rule_survivor_policy,,,,,True,0.49487123336533556,fe73a0de878caf09f87d84ee706fd1f4c72c6d85eae73b92bb65e15a9bddf82d,nstxuE205057A01t020/N6/egn06w.7003E+01,BAD,BAD,GOOD,0.25333333333333335,0.9999842643737793
nstxuE205057A01t020/N6/egn06w.9006E+01,good,nstxuE205057A01t020,6,3.0010179365388048,tae_like,GOOD,NO_GOOD_TEMPLATE,GOOD,REVIEW,NO_GOOD_TEMPLATE,rule_survivor_policy,,,,,True,0.6264207020455258,422aaf44f41c3f8946b239d4329a06f51ca8aeffa100f66313dabc4f2b9271b9,nstxuE205057A01t020/N6/egn06w.9006E+01,BAD,BAD,GOOD,0.30666666666666664,1.0
nstxuE205057A01t020/N6/egn06w.1430E+02,good,nstxuE205057A01t020,6,3.7809244368328065,tae_like,GOOD,NO_GOOD_TEMPLATE,GOOD,REVIEW,NO_GOOD_TEMPLATE,rule_survivor_policy,,,,,True,0.5698547052597176,43e5b64f786f14721f386b1d99deda0e33f0a3035f016f07c0e4f12b0c8f1dcd,nstxuE205057A01t020/N6/egn06w.1430E+02,BAD,BAD,GOOD,0.28,1.0
nstxuE205057A01t020/N9/egn09w.8529E+01,good,nstxuE205057A01t020,9,2.9204858786287144,tae_like,GOOD,NO_GOOD_TEMPLATE,GOOD,REVIEW,NO_GOOD_TEMPLATE,rule_survivor_policy,,,,,True,0.4838094422970576,f8bc20fca116aba5a205efe408a1f3a9c343822ae5061ef04c26e4eca4adf7b4,nstxuE205057A01t020/N9/egn09w.8529E+01,BAD,BAD,GOOD,0.38666666666666666,1.0
nstxuE205057A01t020/N9/egn09w.8768E+01,good,nstxuE205057A01t020,9,2.9611645647903013,tae_like,GOOD,NO_GOOD_TEMPLATE,GOOD,REVIEW,NO_GOOD_TEMPLATE,rule_survivor_policy,,,,,True,0.5205274418956626,ca8ea3327092ef1ea8a85f7e905ea6715aaaf23606ff594eb63d03efaaacabef,nstxuE205057A01t020/N9/egn09w.8768E+01,BAD,BAD,GOOD,0.24333333333333335,1.0
nstxuE205057A01t020/N9/egn09w.1212E+02,good,nstxuE205057A01t020,9,3.4816457330823867,tae_like,GOOD,NO_GOOD_TEMPLATE,GOOD,REVIEW,NO_GOOD_TEMPLATE,rule_survivor_policy,,,,,True,0.5393139216154451,528a922ce876ddfc9b4bd1df94f44f23f6d01814ef58ac627b3b1f554f50ff4e,nstxuE205057A01t020/N9/egn09w.1212E+02,BAD,BAD,GOOD,0.29333333333333333,0.9999963045120239
nstxuE205057A01t020/N10/egn10w.9789E+01,good,nstxuE205057A01t020,10,3.128804016949649,tae_like,GOOD,NO_GOOD_TEMPLATE,GOOD,REVIEW,NO_GOOD_TEMPLATE,rule_survivor_policy,,,,,True,0.5156426746756432,d797855629cc9e15ede8d01a5a8fa118ee99fc50411cf91b18e7f4c330484131,nstxuE205057A01t020/N10/egn10w.9789E+01,BAD,BAD,GOOD,0.37,1.0
nstxuE205057A01t020/N10/egn10w.1265E+02,good,nstxuE205057A01t020,10,3.5566618107461005,tae_like,GOOD,NO_GOOD_TEMPLATE,GOOD,REVIEW,NO_GOOD_TEMPLATE,rule_survivor_policy,,,,,True,0.543568836878486,4a6fa4b36040a63bb7599e1f5840a9f6310f80ac447f45c3e20fcd9e722d2ae5,nstxuE205057A01t020/N10/egn10w.1265E+02,BAD,BAD,GOOD,0.05,0.9999810457229614
nstxuE205057A01t020/N10/egn10w.2032E+02,good,nstxuE205057A01t020,10,4.508136946159572,tae_like,GOOD,NO_GOOD_TEMPLATE,GOOD,REVIEW,NO_GOOD_TEMPLATE,rule_survivor_policy,,,,,True,0.5854472941731126,be6d4289f2a4c22a2ddc796adbbe4c619436ec99b2ff81a1ac75028ae2bcddec,nstxuE205057A01t020/N10/egn10w.2032E+02,BAD,BAD,GOOD,0.07666666666666666,0.9999990463256836
nstxuG121123K34/N6/egn06w.7044E+02,good,nstxuG121123K34,6,8.392928829692158,tae_like,GOOD,NO_GOOD_TEMPLATE,GOOD,REVIEW,NO_GOOD_TEMPLATE,rule_survivor_policy,,,,,True,0.7299328514967707,8cb78a7cd5721af7c6c8c5604eafa159d0f48d8c803752bb844b2fff76e700c1,nstxuG121123K34/N6/egn06w.7044E+02,BAD,BAD,BAD,0.14333333333333334,0.0
nstxuG121123K34/N9/egn09w.6028E+02,bad,nstxuG121123K34,9,7.764020416049493,tae_like,BAD,BAD_GRID_SCALE_SPIKE,BAD,BAD,BAD_GRID_SCALE_SPIKE,rule_engine,,,,,,3.3333333333333335,91a38ed55ac3fe0f8b6e62c53ca21993d3a24afdcab3a476477783b092dc1851,nstxuG121123K34/N9/egn09w.6028E+02,GOOD,GOOD,BAD,0.5,0.0
nstxuG121123K70/N2/egn02w.2546E+02,good,nstxuG121123K70,2,5.046145028048364,tae_like,GOOD,NO_GOOD_TEMPLATE,GOOD,REVIEW,NO_GOOD_TEMPLATE,rule_survivor_policy,,,,,True,0.6534967730729511,99e406f1695b68aea4ccb0b370ebb0caf2c10d22ae022b5dec447639338ea9b2,nstxuG121123K70/N2/egn02w.2546E+02,BAD,BAD,BAD,0.04,0.0
nstxuG121123K70/N2/egn02w.2596E+02,good,nstxuG121123K70,2,5.094898579604734,tae_like,GOOD,NO_GOOD_TEMPLATE,GOOD,REVIEW,NO_GOOD_TEMPLATE,rule_survivor_policy,,,,,True,0.9393453878830317,49a2be1a28ccb60f015209cbca66147a62a03d402ce91713e38dc15265efdef4,nstxuG121123K70/N2/egn02w.2596E+02,BAD,BAD,BAD,0.03666666666666667,0.0
nstxuG121123K70/N7/egn07w.2519E+02,good,nstxuG121123K70,7,5.019059269044405,tae_like,GOOD,NO_GOOD_TEMPLATE,GOOD,REVIEW,NO_GOOD_TEMPLATE,rule_survivor_policy,,,,,True,0.8869557907208865,279568f85bcce7e48fb79f2983fcd227404372f4a699f78510a0d2cc2f06baaf,nstxuG121123K70/N7/egn07w.2519E+02,BAD,BAD,BAD,0.36666666666666664,2.385586617137392e-09
nstxuG121123K70/N7/egn07w.2651E+02,bad,nstxuG121123K70,7,5.148419453896884,tae_like,BAD,BAD_AXIS_SPIKE,BAD,BAD,BAD_AXIS_SPIKE,rule_engine,,,,,,1.630909924486328,6eb804f498e60479605f567427a13e1ec9dd7c700bcf94891f4b467924eb2971,nstxuG121123K70/N7/egn07w.2651E+02,GOOD,GOOD,BAD,0.53,0.07558152824640274
nstxuG121123K70/N10/egn10w.2862E+02,bad,nstxuG121123K70,10,5.350072405078583,tae_like,BAD,BAD_AXIS_SPIKE,BAD,BAD,BAD_AXIS_SPIKE,rule_engine,,,,,,1.437314805523855,af36f7ebb717abbb8ad3eb3fdf28995bdd6c08f35888874943c24bb7220e2c10,nstxuG121123K70/N10/egn10w.2862E+02,GOOD,GOOD,BAD,0.5366666666666666,8.257548116709277e-19
nstxuG121123K70/N10/egn10w.3121E+02,bad,nstxuG121123K70,10,5.586248655863691,tae_like,BAD,BAD_INTERIOR_UNRESOLVED_ENVELOPE,BAD,BAD,BAD_INTERIOR_UNRESOLVED_ENVELOPE,rule_engine,,,,,,1.0369433233984862,fccc021bbfbe5f2aedf51fa8dc9bba7b3f5c2e921fd12ae1acdec89e939b05fc,nstxuG121123K70/N10/egn10w.3121E+02,GOOD,BAD,GOOD,0.41333333333333333,1.0
nstxuG121123N80/N3/egn03w.4007E+02,good,nstxuG121123N80,3,6.330155281303666,tae_like,GOOD,NO_GOOD_TEMPLATE,GOOD,REVIEW,NO_GOOD_TEMPLATE,rule_survivor_policy,,,,,True,0.8960079196470451,a01c932edcbd9033fd297ba4a6c6c34682940fc5a4225be9999881e4018aedc1,nstxuG121123N80/N3/egn03w.4007E+02,BAD,BAD,BAD,0.26666666666666666,0.0
nstxuG121123N80/N6/egn06w.1723E+02,good,nstxuG121123N80,6,4.150944948685045,tae_like,GOOD,NO_GOOD_TEMPLATE,GOOD,REVIEW,NO_GOOD_TEMPLATE,rule_survivor_policy,,,,,True,0.8517133929551469,bb58494dca77989726a7cb894c375a4bb9b7f7822c6b65bd7ff555608bb56b50,nstxuG121123N80/N6/egn06w.1723E+02,BAD,BAD,BAD,0.10333333333333333,6.766570874139853e-16
nstxuG121123N80/N7/egn07w.3397E+02,bad,nstxuG121123N80,7,5.828654187324608,tae_like,BAD,BAD_GRID_SCALE_SPIKE,BAD,BAD,BAD_GRID_SCALE_SPIKE,rule_engine,,,,,,1.4559050872243977,b2863f5d9d2cccd1869294803371d21e93e8142f2d918e65e80cc06537661170,nstxuG121123N80/N7/egn07w.3397E+02,GOOD,GOOD,BAD,0.6333333333333333,2.5377019499070342e-23
nstxuG142301C50/N10/egn10w.5344E+02,bad,nstxuG142301C50,10,7.310600574274247,tae_like,BAD,BAD_GRID_SCALE_SPIKE,BAD,BAD,BAD_GRID_SCALE_SPIKE,rule_engine,,,,,,3.3333333333333335,d22cbdd3364b288b5370412fc5d097617fefef20f39a1ce5ebaf88fdb524d75e,nstxuG142301C50/N10/egn10w.5344E+02,GOOD,GOOD,BAD,0.5266666666666666,0.0
nstxuG142301H56/N10/egn10w.2416E+02,good,nstxuG142301H56,10,4.915784922700545,tae_like,GOOD,NO_GOOD_TEMPLATE,GOOD,REVIEW,NO_GOOD_TEMPLATE,rule_survivor_policy,,,,,True,0.7190286778524649,1947facc3a384cbb04bc6795bef83c59cc1183976ad9a127757bf8bf9e44e1a4,nstxuG142301H56/N10/egn10w.2416E+02,BAD,BAD,GOOD,0.36666666666666664,0.9999996423721313
nstxuG142301L94/N3/egn03w.1927E+02,good,nstxuG142301L94,3,4.389602627269233,tae_like,GOOD,NO_GOOD_TEMPLATE,GOOD,REVIEW,NO_GOOD_TEMPLATE,rule_survivor_policy,,,,,True,0.897773102879938,9b7e21f1dbdd71138c7d475458f18325584f55bdd83cc80f7dd5e86d08dd37df,nstxuG142301L94/N3/egn03w.1927E+02,BAD,BAD,GOOD,0.2633333333333333,0.9999990463256836
nstxuG142301L94/N3/egn03w.2346E+02,bad,nstxuG142301L94,3,4.843219941286072,tae_like,BAD,BAD_AXIS_SPIKE,BAD,BAD,BAD_AXIS_SPIKE,rule_engine,,,,,,2.2820429799520845,6d49b5fbc1fec8c0bbfa35387c0d9cd4cdad4bcb4487ae3faf943e174bc81bd2,nstxuG142301L94/N3/egn03w.2346E+02,GOOD,BAD,GOOD,0.47,0.9968852400779724
nstxuG142301L94/N5/egn05w.1941E+02,bad,nstxuG142301L94,5,4.405258963764669,tae_like,BAD,BAD_AXIS_SPIKE,BAD,BAD,BAD_AXIS_SPIKE,rule_engine,,,,,,1.8630208358260296,4840c45020cdd4cf1a95eb8a4c75e909a8e407a8494ba1d5b9a63dc690dc1a11,nstxuG142301L94/N5/egn05w.1941E+02,GOOD,GOOD,BAD,0.5733333333333334,1.262174392779869e-11
nstxuG142301U84/N2/egn02w.2512E+02,good,nstxuG142301U84,2,5.011700434161675,tae_like,GOOD,NO_GOOD_TEMPLATE,GOOD,REVIEW,NO_GOOD_TEMPLATE,rule_survivor_policy,,,,,True,0.9628342238682573,e3b22bc2de4a88f66738c7386709c2ba9d3be3fcd715264d1b419929a0e3057b,nstxuG142301U84/N2/egn02w.2512E+02,BAD,BAD,BAD,0.03,0.0
nstxuG142301U84/N2/egn02w.2556E+02,good,nstxuG142301U84,2,5.055754623283776,tae_like,GOOD,NO_GOOD_TEMPLATE,GOOD,REVIEW,NO_GOOD_TEMPLATE,rule_survivor_policy,,,,,True,0.9315657159543567,73d9bb7c6c749b99f64db95f5210d0cf5779f71290ff31c4c3907a53894bd83e,nstxuG142301U84/N2/egn02w.2556E+02,BAD,BAD,BAD,0.043333333333333335,0.0
nstxuG142301U84/N4/egn04w.2567E+02,good,nstxuG142301U84,4,5.066220104090635,tae_like,GOOD,NO_GOOD_TEMPLATE,GOOD,REVIEW,NO_GOOD_TEMPLATE,rule_survivor_policy,,,,,True,0.8846271557126038,a3a6ff2b485a999bc0cdf71666e7765dfeeb55cc1d729083e968954c92320dcc,nstxuG142301U84/N4/egn04w.2567E+02,BAD,BAD,BAD,0.2633333333333333,0.0
nstxuG142301U84/N4/egn04w.2604E+02,good,nstxuG142301U84,4,5.103143582571642,tae_like,GOOD,NO_GOOD_TEMPLATE,GOOD,REVIEW,NO_GOOD_TEMPLATE,rule_survivor_policy,,,,,True,0.6463025477758635,7af03310986271b8155707099d629f3418a7b7c4c1bbdce15e90416eb72b5db3,nstxuG142301U84/N4/egn04w.2604E+02,BAD,BAD,BAD,0.24666666666666667,2.7214151834530975e-30
nstxuG142301U84/N4/egn04w.2651E+02,good,nstxuG142301U84,4,5.148846359354381,tae_like,GOOD,NO_GOOD_TEMPLATE,GOOD,REVIEW,NO_GOOD_TEMPLATE,rule_survivor_policy,,,,,True,0.6170001969758641,a8dd471b2c9ec5c39fea2e5030805c743be8b0437b660919ae1eb4ee6dd8dc91,nstxuG142301U84/N4/egn04w.2651E+02,BAD,BAD,BAD,0.3233333333333333,0.0
nstxuG142301U84/N5/egn05w.2702E+02,good,nstxuG142301U84,5,5.1983903996054925,tae_like,GOOD,NO_GOOD_TEMPLATE,GOOD,REVIEW,NO_GOOD_TEMPLATE,rule_survivor_policy,,,,,True,0.6798097713763243,fdb3e2e782e0074aed3c1a2476a9876b91d81a3c93987c380dffc6c42e330513,nstxuG142301U84/N5/egn05w.2702E+02,BAD,BAD,BAD,0.41,4.625869022950205e-18
nstxuG142301U84/N6/egn06w.2579E+02,good,nstxuG142301U84,6,5.077942051360345,tae_like,GOOD,NO_GOOD_TEMPLATE,GOOD,REVIEW,NO_GOOD_TEMPLATE,rule_survivor_policy,,,,,True,0.8313339123367381,bd80235da7734e039ce67eb72d2c827caf253286531c726bf6d00d8cd920e653,nstxuG142301U84/N6/egn06w.2579E+02,BAD,BAD,BAD,0.22666666666666666,1.2942919758051663e-25
nstxuG142301U84/N9/egn09w.2860E+02,bad,nstxuG142301U84,9,5.348276399371947,tae_like,BAD,BAD_NEAR_AXIS_GRID_OSCILLATION,BAD,BAD,BAD_NEAR_AXIS_GRID_OSCILLATION,rule_engine,,,,,,1.1526914910446824,195ab8ef493e989ffd85e35813c3b251b78c1bc89be3ce3b224cca7b0ad0be35,nstxuG142301U84/N9/egn09w.2860E+02,GOOD,GOOD,BAD,0.7033333333333334,0.14853666722774506
nstxuG142301U84/N10/egn10w.2541E+02,good,nstxuG142301U84,10,5.040364925013132,tae_like,GOOD,NO_GOOD_TEMPLATE,GOOD,REVIEW,NO_GOOD_TEMPLATE,rule_survivor_policy,,,,,True,0.6576584609212187,dd947bcd63487179af6820ca1dcea9d8bb21971de7cbcb6d288d07d8e4adb95b,nstxuG142301U84/N10/egn10w.2541E+02,BAD,BAD,BAD,0.24666666666666667,0.0
nstxuG142301U84/N10/egn10w.2566E+02,good,nstxuG142301U84,10,5.065824424221539,tae_like,GOOD,NO_GOOD_TEMPLATE,GOOD,REVIEW,NO_GOOD_TEMPLATE,rule_survivor_policy,,,,,True,0.528679176345424,f8442cd8fd09f0c0d9ea0a50ac225f10a9296a26fa7753bfe8d336faa3b83e02,nstxuG142301U84/N10/egn10w.2566E+02,BAD,BAD,BAD,0.30333333333333334,0.0
nstxuG142301V21/N2/egn02w.2259E+02,good,nstxuG142301V21,2,4.753067201368365,tae_like,GOOD,NO_GOOD_TEMPLATE,GOOD,REVIEW,NO_GOOD_TEMPLATE,rule_survivor_policy,,,,,True,0.5933709007320679,05574c2ed435b0c943992ad625787cac155e53d07cab7976f3a66ff6f18957bb,nstxuG142301V21/N2/egn02w.2259E+02,BAD,BAD,BAD,0.13,1.690085009063095e-14
nstxuG142301V21/N10/egn10w.1605E+02,bad,nstxuG142301V21,10,4.0058813926410615,tae_like,BAD,BAD_INTERIOR_UNRESOLVED_ENVELOPE,BAD,BAD,BAD_INTERIOR_UNRESOLVED_ENVELOPE,rule_engine,,,,,,1.5162022589189583,8dcf6d8cb6363a9a1bebbe00439b30bb11e2895ce37751af20bfdcafb9f2b205,nstxuG142301V21/N10/egn10w.1605E+02,GOOD,GOOD,GOOD,0.5366666666666666,1.0
