path,manual_label,manual_reason,shot,n,omega,nr,gap_region,problem_crossings,max_abs_offset_grid,crossing_details,audit_status,n_interior_crossings,input_fingerprint,review_reason
nstxuG133964U37/N2/egn02w.1893E+02,,,nstxuG133964U37,2,4.350667177927097,201,eae_like,1,2.0235387288997986,"[{""boundary"": ""high"", ""crossing_r"": ""0.739882306355501"", ""singularity_r"": ""0.75"", ""offset_grid"": ""-2.0235387288997986""}]",MATCHED,3,3ee01511f7bbc891ba1057c0c55165af826031c74b52415798f5baab120df0d9,Potential EAE crossing issue only: upper EAE boundary is unavailable; nearest-log correspondence is ambiguous
nstxuG133964U37/N2/egn02w.1948E+02,,,nstxuG133964U37,2,4.414111477953705,201,eae_like,1,3.2851440475636373,"[{""boundary"": ""high"", ""crossing_r"": ""0.5464257202378182"", ""singularity_r"": ""0.53"", ""offset_grid"": ""3.2851440475636373""}]",MATCHED,2,2334bdf05b220e555f1dc146b4dbdafb30a4d8ed3bfb30ba29e68f6b4855afce,Potential EAE crossing issue only: upper EAE boundary is unavailable; nearest-log correspondence is ambiguous
nstxuG133964U37/N2/egn02w.1956E+02,,,nstxuG133964U37,2,4.423155442749406,201,eae_like,1,2.8040675045574837,"[{""boundary"": ""high"", ""crossing_r"": ""0.5390203375227874"", ""singularity_r"": ""0.525"", ""offset_grid"": ""2.8040675045574837""}]",MATCHED,2,5d1e577805621c86f3f832c35c9024b1ffbef62febfd3ee85169bd2b77f4bcac,Potential EAE crossing issue only: upper EAE boundary is unavailable; nearest-log correspondence is ambiguous
nstxuG133964U37/N2/egn02w.1961E+02,,,nstxuG133964U37,2,4.4283698466089385,201,eae_like,1,2.168866775488598,"[{""boundary"": ""high"", ""crossing_r"": ""0.535844333877443"", ""singularity_r"": ""0.525"", ""offset_grid"": ""2.168866775488598""}]",MATCHED,2,13b1def387f88983d47dedaa62eb96f538ffc0fe50ef7edcdc2c335d64067a7a,Potential EAE crossing issue only: upper EAE boundary is unavailable; nearest-log correspondence is ambiguous
nstxuG133964U37/N2/egn02w.2005E+02,,,nstxuG133964U37,2,4.4778850548160305,201,eae_like,1,2.362542498907594,"[{""boundary"": ""high"", ""crossing_r"": ""0.516812712494538"", ""singularity_r"": ""0.505"", ""offset_grid"": ""2.362542498907594""}]",MATCHED,2,ecc309491c3fd987a58ec74002acfb6ebfe987af8539fc77962424b2c8e5d44a,Potential EAE crossing issue only: upper EAE boundary is unavailable; nearest-log correspondence is ambiguous
nstxuG133964U37/N2/egn02w.2035E+02,,,nstxuG133964U37,2,4.5114591624740505,201,eae_like,1,2.100218959960043,"[{""boundary"": ""high"", ""crossing_r"": ""0.5055010947998002"", ""singularity_r"": ""0.495"", ""offset_grid"": ""2.100218959960043""}]",MATCHED,2,622969d769ec2500709931fcb754049f1b692d82da916c674225c43b459f26ab,Potential EAE crossing issue only: upper EAE boundary is unavailable; nearest-log correspondence is ambiguous
nstxuG133964U37/N2/egn02w.2051E+02,,,nstxuG133964U37,2,4.528918978463499,201,eae_like,1,15.60662885966505,"[{""boundary"": ""high"", ""crossing_r"": ""0.49803314429832524"", ""singularity_r"": ""0.42"", ""offset_grid"": ""15.60662885966505""}]",MATCHED,2,eee9d8762d5d6c0c95a61843d58acc4ad03dfbd57bff6c3b716617451c5cac6e,Potential EAE crossing issue only: upper EAE boundary is unavailable; nearest-log correspondence is ambiguous
nstxuG133964U37/N2/egn02w.2088E+02,,,nstxuG133964U37,2,4.5697046801173995,201,eae_like,2,79.54827227179427,"[{""boundary"": ""high"", ""crossing_r"": ""0.3633275640121799"", ""singularity_r"": ""0.005"", ""offset_grid"": ""71.66551280243598""}, {""boundary"": ""high"", ""crossing_r"": ""0.4027413613589714"", ""singularity_r"": ""0.005"", ""offset_grid"": ""79.54827227179427""}]",MATCHED,2,1fc65f135f193ff8291021d9592224e5a87481ce84943838a7da68d1ef8edfdb,Potential EAE crossing issue only: upper EAE boundary is unavailable; nearest-log correspondence is ambiguous
nstxuG133964U37/N2/egn02w.2093E+02,,,nstxuG133964U37,2,4.574403744039967,201,eae_like,2,78.36243543879009,"[{""boundary"": ""high"", ""crossing_r"": ""0.36891236353274015"", ""singularity_r"": ""0.005"", ""offset_grid"": ""72.78247270654803""}, {""boundary"": ""high"", ""crossing_r"": ""0.39681217719395045"", ""singularity_r"": ""0.005"", ""offset_grid"": ""78.36243543879009""}]",MATCHED,2,9a7bab9cc96aea94717a04a44df0fdc245f2fbb8667cc66fafa1a58e9093a804,Potential EAE crossing issue only: upper EAE boundary is unavailable; nearest-log correspondence is ambiguous
nstxuG121123N22/N1/egn01w.2223E+02,,,nstxuG121123N22,1,4.714707771089987,201,eae_like,1,2.200864093810484,"[{""boundary"": ""high"", ""crossing_r"": ""0.3660043204690524"", ""singularity_r"": ""0.355"", ""offset_grid"": ""2.200864093810484""}]",MATCHED,1,a89f2abc9b22a2c75387b798b31c863547c7b3b2e8331d5ad9d3f558649d3097,Potential EAE crossing issue only: upper EAE boundary is unavailable; nearest-log correspondence is ambiguous
nstxuG121123N22/N1/egn01w.2251E+02,,,nstxuG121123N22,1,4.7442242195878235,201,eae_like,1,2.8600288275283714,"[{""boundary"": ""high"", ""crossing_r"": ""0.37930014413764185"", ""singularity_r"": ""0.365"", ""offset_grid"": ""2.8600288275283714""}]",MATCHED,1,450013c82dcaffbc2d9ee6ca6ec11c83d3ae28dcb26c110b92caf43ffd834881,Potential EAE crossing issue only: upper EAE boundary is unavailable; nearest-log correspondence is ambiguous
nstxuG121123N22/N1/egn01w.2276E+02,,,nstxuG121123N22,1,4.770822500083466,201,eae_like,1,3.496501426635945,"[{""boundary"": ""high"", ""crossing_r"": ""0.3924825071331797"", ""singularity_r"": ""0.375"", ""offset_grid"": ""3.496501426635945""}]",MATCHED,1,bee8218f2b69fc4162d351bef1d37934f66df4d7b491a2719e637bddbc09ba20,Potential EAE crossing issue only: upper EAE boundary is unavailable; nearest-log correspondence is ambiguous
nstxuG121123N22/N1/egn01w.2288E+02,,,nstxuG121123N22,1,4.783443017016038,201,eae_like,1,2.8167477363242654,"[{""boundary"": ""high"", ""crossing_r"": ""0.39908373868162134"", ""singularity_r"": ""0.385"", ""offset_grid"": ""2.8167477363242654""}]",MATCHED,1,132be08cb41a4fd75007b845c049d29fe0e5f7b0b1bac3f336216a74a601191d,Potential EAE crossing issue only: upper EAE boundary is unavailable; nearest-log correspondence is ambiguous
nstxuG121123N22/N1/egn01w.2300E+02,,,nstxuG121123N22,1,4.795757037990377,201,eae_like,1,3.1394897933632593,"[{""boundary"": ""high"", ""crossing_r"": ""0.4056974489668163"", ""singularity_r"": ""0.39"", ""offset_grid"": ""3.1394897933632593""}]",MATCHED,1,e308c3949aea8253c54952e01b6a513a4a76a1e2da391e62149ceef590320446,Potential EAE crossing issue only: upper EAE boundary is unavailable; nearest-log correspondence is ambiguous
nstxuG121123N22/N1/egn01w.2567E+02,,,nstxuG121123N22,1,5.0664737287790125,201,eae_like,1,2.6415462260586664,"[{""boundary"": ""high"", ""crossing_r"": ""0.4982077311302933"", ""singularity_r"": ""0.485"", ""offset_grid"": ""2.6415462260586664""}]",MATCHED,1,ffefc4c8ebb39a5dc179a2795340fe3e90fd87b62b9983fa7baed7a5a713c70c,Potential EAE crossing issue only: upper EAE boundary is unavailable; nearest-log correspondence is ambiguous
nstxuG121123N22/N1/egn01w.2661E+02,,,nstxuG121123N22,1,5.158868952118438,201,eae_like,1,2.971408522826091,"[{""boundary"": ""high"", ""crossing_r"": ""0.5148570426141305"", ""singularity_r"": ""0.5"", ""offset_grid"": ""2.971408522826091""}]",MATCHED,1,625280232b27d7767a70876de9320a65406a72a7dfc1f767580357e51abaeaf3,Potential EAE crossing issue only: upper EAE boundary is unavailable; nearest-log correspondence is ambiguous
nstxuG121123N22/N1/egn01w.2688E+02,,,nstxuG121123N22,1,5.184162885083663,201,eae_like,1,2.7671900455697562,"[{""boundary"": ""high"", ""crossing_r"": ""0.5188359502278488"", ""singularity_r"": ""0.505"", ""offset_grid"": ""2.7671900455697562""}]",MATCHED,1,a93a71908dab60d281493c86e9f9df97ca20ebe1bff180a1fac8176dcadd5371,Potential EAE crossing issue only: upper EAE boundary is unavailable; nearest-log correspondence is ambiguous
nstxuG121123N22/N1/egn01w.2953E+02,,,nstxuG121123N22,1,5.434429903100281,201,eae_like,1,2.4096500390574205,"[{""boundary"": ""high"", ""crossing_r"": ""0.5520482501952871"", ""singularity_r"": ""0.54"", ""offset_grid"": ""2.4096500390574205""}]",MATCHED,1,c8bafc2685395a635b94bc3f51ba7c577cb46095b9259afbc9784229b8338e23,Potential EAE crossing issue only: upper EAE boundary is unavailable; nearest-log correspondence is ambiguous
nstxuG121123N22/N1/egn01w.2995E+02,,,nstxuG121123N22,1,5.472900680494089,201,eae_like,1,2.321303461178781,"[{""boundary"": ""high"", ""crossing_r"": ""0.5566065173058939"", ""singularity_r"": ""0.545"", ""offset_grid"": ""2.321303461178781""}]",MATCHED,1,1adc410a48000036296116b186c9dd6cb901221090c9e81f5b24689dcdd4ed99,Potential EAE crossing issue only: upper EAE boundary is unavailable; nearest-log correspondence is ambiguous
nstxuG121123N22/N1/egn01w.3036E+02,,,nstxuG121123N22,1,5.510328780846595,201,eae_like,1,2.1971575712537383,"[{""boundary"": ""high"", ""crossing_r"": ""0.5609857878562687"", ""singularity_r"": ""0.55"", ""offset_grid"": ""2.1971575712537383""}]",MATCHED,1,e50d296bac27009c785776297af5b066471a250d232e3082beb4854db2b36f2f,Potential EAE crossing issue only: upper EAE boundary is unavailable; nearest-log correspondence is ambiguous
nstxuG121123N22/N1/egn01w.3232E+02,,,nstxuG121123N22,1,5.684754795839113,201,eae_like,1,2.174782799443009,"[{""boundary"": ""high"", ""crossing_r"": ""0.5808739139972151"", ""singularity_r"": ""0.5700000000000001"", ""offset_grid"": ""2.174782799443009""}]",MATCHED,1,e6de358bed4c2e17cf5b27cd32147ae197a1c4dd319dc01fde270859cc79984f,Potential EAE crossing issue only: upper EAE boundary is unavailable; nearest-log correspondence is ambiguous
nstxuG121123N22/N1/egn01w.3637E+02,,,nstxuG121123N22,1,6.031137509177292,201,eae_like,1,2.0339576368038736,"[{""boundary"": ""high"", ""crossing_r"": ""0.6201697881840194"", ""singularity_r"": ""0.61"", ""offset_grid"": ""2.0339576368038736""}]",MATCHED,1,ae1e8235870e0e860d93e12ef3740897658ac8baf46cff1cdd94019538bd7940,Potential EAE crossing issue only: upper EAE boundary is unavailable; nearest-log correspondence is ambiguous
nstxuG121123N22/N1/egn01w.3857E+02,,,nstxuG121123N22,1,6.210477835936452,201,eae_like,1,3.2549188512820404,"[{""boundary"": ""high"", ""crossing_r"": ""0.6462745942564102"", ""singularity_r"": ""0.63"", ""offset_grid"": ""3.2549188512820404""}]",MATCHED,1,e79e99c271e1d603e7335fce13e628c787482f08142d1204b622eaee0c33c54b,Potential EAE crossing issue only: upper EAE boundary is unavailable; nearest-log correspondence is ambiguous
nstxuG121123N22/N1/egn01w.3934E+02,,,nstxuG121123N22,1,6.27210974143092,201,eae_like,1,3.634584158854426,"[{""boundary"": ""high"", ""crossing_r"": ""0.6581729207942721"", ""singularity_r"": ""0.64"", ""offset_grid"": ""3.634584158854426""}]",MATCHED,1,ffca48987f8f77b7657eeb9859d7fc350f786de211ae9d6aa2b859313c9ede9d,Potential EAE crossing issue only: upper EAE boundary is unavailable; nearest-log correspondence is ambiguous
nstxuG121123N22/N2/egn02w.2211E+02,,,nstxuG121123N22,2,4.701640404345734,201,eae_like,1,3.8450357212189257,"[{""boundary"": ""high"", ""crossing_r"": ""0.3057748213939054"", ""singularity_r"": ""0.325"", ""offset_grid"": ""-3.8450357212189257""}]",MATCHED,1,aabc58ce60d9311d8530aff3309759883e7a3167c4d9ff6ad5392af14da10452,Potential EAE crossing issue only: upper EAE boundary is unavailable; nearest-log correspondence is ambiguous
nstxuG121123N22/N2/egn02w.2229E+02,,,nstxuG121123N22,2,4.721576249300708,201,eae_like,1,3.8049118453492348,"[{""boundary"": ""high"", ""crossing_r"": ""0.31097544077325384"", ""singularity_r"": ""0.33"", ""offset_grid"": ""-3.8049118453492348""}]",MATCHED,1,5855ed4371804a6a1b05ddab9f944e3e8b7765bddb056894db81037b33830132,Potential EAE crossing issue only: upper EAE boundary is unavailable; nearest-log correspondence is ambiguous
nstxuG121123N22/N2/egn02w.2246E+02,,,nstxuG121123N22,2,4.738793372089067,201,eae_like,1,4.852765383916124,"[{""boundary"": ""high"", ""crossing_r"": ""0.3157361730804194"", ""singularity_r"": ""0.34"", ""offset_grid"": ""-4.852765383916124""}]",MATCHED,1,bcfcf485afc734d4cba8bbf2376ba4b7db614ca134cbf9415ffcd64eb25037bb,Potential EAE crossing issue only: upper EAE boundary is unavailable; nearest-log correspondence is ambiguous
nstxuG121123N22/N2/egn02w.2260E+02,,,nstxuG121123N22,2,4.753894373958052,201,eae_like,1,4.967688131083959,"[{""boundary"": ""high"", ""crossing_r"": ""0.32016155934458024"", ""singularity_r"": ""0.34500000000000003"", ""offset_grid"": ""-4.967688131083959""}]",MATCHED,1,a114309fbe98ccc9ad3ff43c22408bca779baeb044e703e691c5d4a8251a711f,Potential EAE crossing issue only: upper EAE boundary is unavailable; nearest-log correspondence is ambiguous
nstxuG121123N22/N2/egn02w.2272E+02,,,nstxuG121123N22,2,4.766937103668242,201,eae_like,1,7.148241098465258,"[{""boundary"": ""high"", ""crossing_r"": ""0.3242587945076737"", ""singularity_r"": ""0.36"", ""offset_grid"": ""-7.148241098465258""}]",MATCHED,1,49c44977a1975b289ca5168b85d2cdf4704a34fb40515b7b73b19724802a6af0,Potential EAE crossing issue only: upper EAE boundary is unavailable; nearest-log correspondence is ambiguous
nstxuG121123N22/N2/egn02w.2283E+02,,,nstxuG121123N22,2,4.777771675088329,201,eae_like,1,19.423085744859435,"[{""boundary"": ""high"", ""crossing_r"": ""0.3278845712757028"", ""singularity_r"": ""0.425"", ""offset_grid"": ""-19.423085744859435""}]",MATCHED,1,28a7e4494c084d74053a2325c907907fad05a303c961fb7488b9475f7a55ce84,Potential EAE crossing issue only: upper EAE boundary is unavailable; nearest-log correspondence is ambiguous
nstxuG121123N22/N2/egn02w.2292E+02,,,nstxuG121123N22,2,4.7878947420401055,201,eae_like,1,19.70866209675294,"[{""boundary"": ""high"", ""crossing_r"": ""0.3314566895162353"", ""singularity_r"": ""0.43"", ""offset_grid"": ""-19.70866209675294""}]",MATCHED,1,3c8c984242bd5735f764666beee9982b45982423490a875a31b832a1ecda7b98,Potential EAE crossing issue only: upper EAE boundary is unavailable; nearest-log correspondence is ambiguous
nstxuG121123N22/N2/egn02w.2308E+02,,,nstxuG121123N22,2,4.804564009431419,201,eae_like,1,20.408880387913452,"[{""boundary"": ""high"", ""crossing_r"": ""0.33795559806043274"", ""singularity_r"": ""0.44"", ""offset_grid"": ""-20.408880387913452""}]",MATCHED,1,d03f42e9d0b04d38775e0f4095ed98a84d5ca33c38ba359069e8fba103e33ca7,Potential EAE crossing issue only: upper EAE boundary is unavailable; nearest-log correspondence is ambiguous
nstxuG121123N22/N2/egn02w.2314E+02,,,nstxuG121123N22,2,4.8099953966153155,201,eae_like,1,19.95483092021998,"[{""boundary"": ""high"", ""crossing_r"": ""0.3402258453989001"", ""singularity_r"": ""0.44"", ""offset_grid"": ""-19.95483092021998""}]",MATCHED,1,eae03f0412d8d03d167cd837c95f2f905700d3e354c3726aa4a8cacc046c7e95,Potential EAE crossing issue only: upper EAE boundary is unavailable; nearest-log correspondence is ambiguous
nstxuG121123N22/N2/egn02w.2319E+02,,,nstxuG121123N22,2,4.815900947129809,201,eae_like,1,20.403911219329274,"[{""boundary"": ""high"", ""crossing_r"": ""0.34298044390335364"", ""singularity_r"": ""0.445"", ""offset_grid"": ""-20.403911219329274""}]",MATCHED,1,386fb8341044bb69bdf79604bb341dcc88256a4f32ba055c09dcfa874066e56e,Potential EAE crossing issue only: upper EAE boundary is unavailable; nearest-log correspondence is ambiguous
nstxuG121123N22/N2/egn02w.2324E+02,,,nstxuG121123N22,2,4.8209677511435185,201,eae_like,1,19.91979409201067,"[{""boundary"": ""high"", ""crossing_r"": ""0.34540102953994667"", ""singularity_r"": ""0.445"", ""offset_grid"": ""-19.91979409201067""}]",MATCHED,1,07b9f5b7650160a9a8ab08369b6b44d83eb5c7b5963ad3bffcd2f32dcf62fb7c,Potential EAE crossing issue only: upper EAE boundary is unavailable; nearest-log correspondence is ambiguous
nstxuG121123N22/N2/egn02w.2332E+02,,,nstxuG121123N22,2,4.829180656606744,201,eae_like,1,20.030841225446128,"[{""boundary"": ""high"", ""crossing_r"": ""0.3498457938727694"", ""singularity_r"": ""0.45"", ""offset_grid"": ""-20.030841225446128""}]",MATCHED,1,c87d198cae2cc43c4aceac28a327b83d756d8624a4107dc002210f2c9c4889f4,Potential EAE crossing issue only: upper EAE boundary is unavailable; nearest-log correspondence is ambiguous
nstxuG121123N22/N2/egn02w.2340E+02,,,nstxuG121123N22,2,4.8378471035202715,201,eae_like,3,18.889407006262772,"[{""boundary"": ""high"", ""crossing_r"": ""0.35555296496868616"", ""singularity_r"": ""0.45"", ""offset_grid"": ""-18.889407006262772""}, {""boundary"": ""high"", ""crossing_r"": ""0.41023236787493245"", ""singularity_r"": ""0.45"", ""offset_grid"": ""-7.9535264250135125""}, {""boundary"": ""high"", ""crossing_r"": ""0.42631122984539166"", ""singularity_r"": ""0.45"", ""offset_grid"": ""-4.73775403092167""}]",MATCHED,3,33b40f108b7ef0ef07a36c1d09557942e42ae34518c219ac71cad0f16075c260,Potential EAE crossing issue only: upper EAE boundary is unavailable; nearest-log correspondence is ambiguous
nstxuG121123N22/N2/egn02w.2350E+02,,,nstxuG121123N22,2,4.84746302933026,201,eae_like,3,18.085618271717752,"[{""boundary"": ""high"", ""crossing_r"": ""0.36457190864141126"", ""singularity_r"": ""0.455"", ""offset_grid"": ""-18.085618271717752""}, {""boundary"": ""high"", ""crossing_r"": ""0.39367291589699666"", ""singularity_r"": ""0.455"", ""offset_grid"": ""-12.265416820600672""}, {""boundary"": ""high"", ""crossing_r"": ""0.4361330216930504"", ""singularity_r"": ""0.455"", ""offset_grid"": ""-3.773395661389922""}]",MATCHED,3,b45e892a41bd953275aa4a2244b1476b5e3ff1c86575a1e47ac2931015d2a6f9,Potential EAE crossing issue only: upper EAE boundary is unavailable; nearest-log correspondence is ambiguous
nstxuG121123N22/N2/egn02w.2360E+02,,,nstxuG121123N22,2,4.858022795870496,201,eae_like,1,3.5187351660982413,"[{""boundary"": ""high"", ""crossing_r"": ""0.4424063241695088"", ""singularity_r"": ""0.46"", ""offset_grid"": ""-3.5187351660982413""}]",MATCHED,1,f75a1f9bcbe3cc683982a44a7d8bd8e8176339b79303ecfd25bebd11464fb0a2,Potential EAE crossing issue only: upper EAE boundary is unavailable; nearest-log correspondence is ambiguous
nstxuG121123N22/N2/egn02w.2371E+02,,,nstxuG121123N22,2,4.8695677603558805,201,eae_like,1,2.441880081069936,"[{""boundary"": ""high"", ""crossing_r"": ""0.44779059959465034"", ""singularity_r"": ""0.46"", ""offset_grid"": ""-2.441880081069936""}]",MATCHED,1,fcb6ca47696c884487a5ed5aaa671b9d7d3a3bc1edfafcb76f039a161157a59c,Potential EAE crossing issue only: upper EAE boundary is unavailable; nearest-log correspondence is ambiguous
nstxuG121123N22/N2/egn02w.2389E+02,,,nstxuG121123N22,2,4.888082879329829,201,eae_like,1,2.008672270033207,"[{""boundary"": ""high"", ""crossing_r"": ""0.454956638649834"", ""singularity_r"": ""0.465"", ""offset_grid"": ""-2.008672270033207""}]",MATCHED,1,18f78e76ceafae077a8ff3bd9f272cf13bc8a86a33f42ad1609bc939f88e22e9,Potential EAE crossing issue only: upper EAE boundary is unavailable; nearest-log correspondence is ambiguous
nstxuG121123N22/N2/egn02w.2403E+02,,,nstxuG121123N22,2,4.901942984640996,201,eae_like,1,2.091971709384921,"[{""boundary"": ""high"", ""crossing_r"": ""0.4595401414530754"", ""singularity_r"": ""0.47000000000000003"", ""offset_grid"": ""-2.091971709384921""}]",MATCHED,1,d37098ced3bb08442d175df5cf40d874a46eec428ec8c9c18e4009ec1c4f8c13,Potential EAE crossing issue only: upper EAE boundary is unavailable; nearest-log correspondence is ambiguous
nstxuG121123N22/N2/egn02w.4117E+02,,,nstxuG121123N22,2,6.4161572942332175,201,eae_like,2,25.289594929217362,"[{""boundary"": ""high"", ""crossing_r"": ""0.6935520253539132"", ""singularity_r"": ""0.8200000000000001"", ""offset_grid"": ""-25.289594929217362""}, {""boundary"": ""high"", ""crossing_r"": ""0.7144469656456658"", ""singularity_r"": ""0.8200000000000001"", ""offset_grid"": ""-21.110606870866853""}]",MATCHED,2,8b9909ddaa9828f131ea620e284798c261078700ebf8a9e3fccecb90543590f8,Potential EAE crossing issue only: upper EAE boundary is unavailable; nearest-log correspondence is ambiguous
nstxuG121123N22/N2/egn02w.4121E+02,,,nstxuG121123N22,2,6.41920064527836,201,eae_like,2,25.15035842723876,"[{""boundary"": ""high"", ""crossing_r"": ""0.6942482078638063"", ""singularity_r"": ""0.8200000000000001"", ""offset_grid"": ""-25.15035842723876""}, {""boundary"": ""high"", ""crossing_r"": ""0.7136275031165115"", ""singularity_r"": ""0.8200000000000001"", ""offset_grid"": ""-21.27449937669772""}]",MATCHED,2,cb4b67ba0a8eb687af8343011319a364cde0023f5a32b1576af911254601db47,Potential EAE crossing issue only: upper EAE boundary is unavailable; nearest-log correspondence is ambiguous
nstxuG121123N22/N2/egn02w.4139E+02,,,nstxuG121123N22,2,6.433261411202597,201,eae_like,2,24.22844897725294,"[{""boundary"": ""high"", ""crossing_r"": ""0.6988577551137354"", ""singularity_r"": ""0.8200000000000001"", ""offset_grid"": ""-24.22844897725294""}, {""boundary"": ""high"", ""crossing_r"": ""0.7096016227228706"", ""singularity_r"": ""0.8200000000000001"", ""offset_grid"": ""-22.079675455425885""}]",MATCHED,2,2ae83dcb315fb67c4a5cf2d51fb9eba3b61dcc44c8c2c8da742caeaa7ee0521e,Potential EAE crossing issue only: upper EAE boundary is unavailable; nearest-log correspondence is ambiguous
nstxuG142301E77/N1/egn01w.1600E+02,,,nstxuG142301E77,1,4.000103437190553,201,eae_like,1,2.0484497113314513,"[{""boundary"": ""high"", ""crossing_r"": ""0.17024224855665726"", ""singularity_r"": ""0.16"", ""offset_grid"": ""2.0484497113314513""}]",MATCHED,2,b094fdcce4ba65fa3719d697558917a9ddebeec0b0a89c0a37e2d4db0b6e5f9b,Potential EAE crossing issue only: upper EAE boundary is unavailable; nearest-log correspondence is ambiguous
nstxuG142301E77/N1/egn01w.1619E+02,,,nstxuG142301E77,1,4.023708393409912,201,eae_like,1,2.0627523286213867,"[{""boundary"": ""high"", ""crossing_r"": ""0.17531376164310694"", ""singularity_r"": ""0.165"", ""offset_grid"": ""2.0627523286213867""}]",MATCHED,2,79461ad649f7568f0795d5a62b6b2a8e748b0ca36d2093c7bfd1eb509252e2a9,Potential EAE crossing issue only: upper EAE boundary is unavailable; nearest-log correspondence is ambiguous
nstxuG142301E77/N1/egn01w.1656E+02,,,nstxuG142301E77,1,4.069857330722322,201,eae_like,1,2.0657869555431194,"[{""boundary"": ""high"", ""crossing_r"": ""0.18532893477771561"", ""singularity_r"": ""0.17500000000000002"", ""offset_grid"": ""2.0657869555431194""}]",MATCHED,2,0d59ce77371495a2b7ecfc8a76307c6e761612002124642c07968e31fa6c6bfa,Potential EAE crossing issue only: upper EAE boundary is unavailable; nearest-log correspondence is ambiguous
nstxuG142301E77/N1/egn01w.1711E+02,,,nstxuG142301E77,1,4.136615797355879,201,eae_like,1,2.0129962575037466,"[{""boundary"": ""high"", ""crossing_r"": ""0.20006498128751873"", ""singularity_r"": ""0.19"", ""offset_grid"": ""2.0129962575037466""}]",MATCHED,2,37439686d50f54c0169fe7ec7e132cd2578ad44542426f5e63a02ccfc333d9d3,Potential EAE crossing issue only: upper EAE boundary is unavailable; nearest-log correspondence is ambiguous
nstxuG142301E77/N1/egn01w.2091E+02,,,nstxuG142301E77,1,4.572521325775428,201,eae_like,2,2.13067035353538,"[{""boundary"": ""high"", ""crossing_r"": ""0.3152218209132366"", ""singularity_r"": ""0.305"", ""offset_grid"": ""2.044364182647318""}, {""boundary"": ""high"", ""crossing_r"": ""0.5743466482323231"", ""singularity_r"": ""0.585"", ""offset_grid"": ""-2.13067035353538""}]",MATCHED,2,fb581aab1542c30afc4b399307a6c05742be5924269fbc4cfd09218c2f3348cc,Potential EAE crossing issue only: upper EAE boundary is unavailable; nearest-log correspondence is ambiguous
nstxuG142301E77/N1/egn01w.2129E+02,,,nstxuG142301E77,1,4.613963204837259,201,eae_like,1,2.003678323232516,"[{""boundary"": ""high"", ""crossing_r"": ""0.5649816083838375"", ""singularity_r"": ""0.5750000000000001"", ""offset_grid"": ""-2.003678323232516""}]",MATCHED,2,473bb27a916d398f1bb15809305a4b75c7c1bae3a0ec7c772d90a76c0f5384cf,Potential EAE crossing issue only: upper EAE boundary is unavailable; nearest-log correspondence is ambiguous
nstxuG142301E77/N1/egn01w.2152E+02,,,nstxuG142301E77,1,4.639076086093631,201,eae_like,1,2.303183007315157,"[{""boundary"": ""high"", ""crossing_r"": ""0.5584840849634243"", ""singularity_r"": ""0.5700000000000001"", ""offset_grid"": ""-2.303183007315157""}]",MATCHED,2,f6de43fdef5abf99236316bc6a3e8188dcf0a991c363be3b79a4d17ad0c172f9,Potential EAE crossing issue only: upper EAE boundary is unavailable; nearest-log correspondence is ambiguous
nstxuG142301E77/N1/egn01w.2174E+02,,,nstxuG142301E77,1,4.662202019721731,201,eae_like,1,2.6497782747117338,"[{""boundary"": ""high"", ""crossing_r"": ""0.5517511086264414"", ""singularity_r"": ""0.5650000000000001"", ""offset_grid"": ""-2.6497782747117338""}]",MATCHED,2,98e776598e6a3c01c4ad5e14daf8f9a554d94ad12b49b925c7d78cb209938e5e,Potential EAE crossing issue only: upper EAE boundary is unavailable; nearest-log correspondence is ambiguous
nstxuG142301E77/N2/egn02w.2323E+02,,,nstxuG142301E77,2,4.819426939788644,201,eae_like,2,70.51370239863822,"[{""boundary"": ""high"", ""crossing_r"": ""0.37743148800680887"", ""singularity_r"": ""0.73"", ""offset_grid"": ""-70.51370239863822""}, {""boundary"": ""high"", ""crossing_r"": ""0.44269108958598063"", ""singularity_r"": ""0.73"", ""offset_grid"": ""-57.46178208280387""}]",MATCHED,2,14aa5edb184aa1988c16c4e00fc91660e5370c5610937c842b6205a23fcad059,Potential EAE crossing issue only: upper EAE boundary is unavailable; nearest-log correspondence is ambiguous
nstxuG142301E77/N2/egn02w.2328E+02,,,nstxuG142301E77,2,4.824644514958972,201,eae_like,2,69.97479670624315,"[{""boundary"": ""high"", ""crossing_r"": ""0.38012601646878424"", ""singularity_r"": ""0.73"", ""offset_grid"": ""-69.97479670624315""}, {""boundary"": ""high"", ""crossing_r"": ""0.43995972354623375"", ""singularity_r"": ""0.73"", ""offset_grid"": ""-58.00805529075325""}]",MATCHED,2,ca9de5191b07596491b7c59a0b88e053b15de49fd4e6fca6bbac3d5e8c2453e5,Potential EAE crossing issue only: upper EAE boundary is unavailable; nearest-log correspondence is ambiguous
nstxuG142301E77/N2/egn02w.2338E+02,,,nstxuG142301E77,2,4.8350680894147,201,eae_like,2,68.70547024593097,"[{""boundary"": ""high"", ""crossing_r"": ""0.38647264877034515"", ""singularity_r"": ""0.73"", ""offset_grid"": ""-68.70547024593097""}, {""boundary"": ""high"", ""crossing_r"": ""0.4336398860231057"", ""singularity_r"": ""0.73"", ""offset_grid"": ""-59.27202279537885""}]",MATCHED,2,69c9fe0e7efe524ffe22167d18998d38b927b8a50be810f52becd98e04abb9f8,Potential EAE crossing issue only: upper EAE boundary is unavailable; nearest-log correspondence is ambiguous
nstxuG142301E77/N2/egn02w.2348E+02,,,nstxuG142301E77,2,4.84524117539028,201,eae_like,2,67.11150785660168,"[{""boundary"": ""high"", ""crossing_r"": ""0.39444246071699157"", ""singularity_r"": ""0.73"", ""offset_grid"": ""-67.11150785660168""}, {""boundary"": ""high"", ""crossing_r"": ""0.4257569056513434"", ""singularity_r"": ""0.73"", ""offset_grid"": ""-60.84861886973132""}]",MATCHED,2,73d931b0bbc2add2e91f2a7cb0c8ec034c1c8454f5156f6f1b104907257d8e62,Potential EAE crossing issue only: upper EAE boundary is unavailable; nearest-log correspondence is ambiguous
nstxuG142301L89/N1/egn01w.3655E+02,,,nstxuG142301L89,1,6.0453186746679854,201,eae_like,1,2.1558151769200173,"[{""boundary"": ""high"", ""crossing_r"": ""0.3407790758846001"", ""singularity_r"": ""0.33"", ""offset_grid"": ""2.1558151769200173""}]",MATCHED,2,e51764a79bcf575a5a6463848c72c8b0fbcbe6f834033c0c24789aa615552be5,Potential EAE crossing issue only: upper EAE boundary is unavailable; nearest-log correspondence is ambiguous
nstxuG133964R48/N1/egn01w.1747E+02,,,nstxuG133964R48,1,4.179622025283468,201,eae_like,3,5.2071838969011575,"[{""boundary"": ""low"", ""crossing_r"": ""0.2630086601367268"", ""singularity_r"": ""0.28"", ""offset_grid"": ""-3.398267972654645""}, {""boundary"": ""low"", ""crossing_r"": ""0.4293476062116158"", ""singularity_r"": ""0.41500000000000004"", ""offset_grid"": ""2.8695212423231475""}, {""boundary"": ""high"", ""crossing_r"": ""0.5810359194845058"", ""singularity_r"": ""0.555"", ""offset_grid"": ""5.2071838969011575""}]",MATCHED,4,6188d2e4d3ee36a0ac4c129a890fc8d16e2c1636a7cdfbfe3daa77d2f52f08d2,Potential EAE crossing issue only: upper EAE boundary is unavailable; nearest-log correspondence is ambiguous
nstxuG133964R48/N1/egn01w.1927E+02,,,nstxuG133964R48,1,4.3894545293294716,201,eae_like,2,14.67770551406974,"[{""boundary"": ""high"", ""crossing_r"": ""0.27661147242965134"", ""singularity_r"": ""0.35000000000000003"", ""offset_grid"": ""-14.67770551406974""}, {""boundary"": ""high"", ""crossing_r"": ""0.4972288823365156"", ""singularity_r"": ""0.48"", ""offset_grid"": ""3.445776467303119""}]",MATCHED,2,c21ce92392dd01cfbc3d56c088472e9d90883c0b7759a258ae37c419aabe5a48,Potential EAE crossing issue only: upper EAE boundary is unavailable; nearest-log correspondence is ambiguous
nstxuG133964R48/N1/egn01w.1933E+02,,,nstxuG133964R48,1,4.396948860213946,201,eae_like,2,14.314315984125358,"[{""boundary"": ""high"", ""crossing_r"": ""0.2834284200793732"", ""singularity_r"": ""0.355"", ""offset_grid"": ""-14.314315984125358""}, {""boundary"": ""high"", ""crossing_r"": ""0.49568562320438697"", ""singularity_r"": ""0.48"", ""offset_grid"": ""3.137124640877398""}]",MATCHED,2,826a94ab3943d55dc9d1c2b4904e74443713826cfe927a1004ffb4b51ec7dadb,Potential EAE crossing issue only: upper EAE boundary is unavailable; nearest-log correspondence is ambiguous
nstxuG133964R48/N1/egn01w.1948E+02,,,nstxuG133964R48,1,4.41402194874817,201,eae_like,2,11.872485450378855,"[{""boundary"": ""high"", ""crossing_r"": ""0.3006375727481057"", ""singularity_r"": ""0.36"", ""offset_grid"": ""-11.872485450378855""}, {""boundary"": ""high"", ""crossing_r"": ""0.492115809274441"", ""singularity_r"": ""0.47500000000000003"", ""offset_grid"": ""3.4231618548881904""}]",MATCHED,2,4108134d84c506592fb7f0f54616ea4868547b261a1404196e52fedfe09aac47,Potential EAE crossing issue only: upper EAE boundary is unavailable; nearest-log correspondence is ambiguous
nstxuG133964R48/N1/egn01w.1963E+02,,,nstxuG133964R48,1,4.430543465737097,201,eae_like,2,8.72406582074886,"[{""boundary"": ""high"", ""crossing_r"": ""0.3263796708962557"", ""singularity_r"": ""0.37"", ""offset_grid"": ""-8.72406582074886""}, {""boundary"": ""high"", ""crossing_r"": ""0.48857892951428245"", ""singularity_r"": ""0.47000000000000003"", ""offset_grid"": ""3.7157859028564832""}]",MATCHED,2,4cc9cef6a7ebae507a9be7531cac4dfcaf5133793e4b51bf5b8838f63becf238,Potential EAE crossing issue only: upper EAE boundary is unavailable; nearest-log correspondence is ambiguous
nstxuG133964R48/N1/egn01w.1972E+02,,,nstxuG133964R48,1,4.440729368899448,201,eae_like,2,6.120590382097236,"[{""boundary"": ""high"", ""crossing_r"": ""0.3443970480895138"", ""singularity_r"": ""0.375"", ""offset_grid"": ""-6.120590382097236""}, {""boundary"": ""high"", ""crossing_r"": ""0.48633525177000664"", ""singularity_r"": ""0.465"", ""offset_grid"": ""4.267050354001323""}]",MATCHED,2,df482f98758c7a0852499abd47dddea33a66cd3115b8b6296cf2a34fa0f43504,Potential EAE crossing issue only: upper EAE boundary is unavailable; nearest-log correspondence is ambiguous
nstxuG133964R48/N1/egn01w.2000E+02,,,nstxuG133964R48,1,4.471662655043441,201,eae_like,2,4.805891920601757,"[{""boundary"": ""high"", ""crossing_r"": ""0.3662516830906603"", ""singularity_r"": ""0.39"", ""offset_grid"": ""-4.749663381867942""}, {""boundary"": ""high"", ""crossing_r"": ""0.4790294596030088"", ""singularity_r"": ""0.455"", ""offset_grid"": ""4.805891920601757""}]",MATCHED,2,0c3c76a105a479a749b1e09084f126740012a789d6b51e14d53de12fadf5642d,Potential EAE crossing issue only: upper EAE boundary is unavailable; nearest-log correspondence is ambiguous
nstxuG133964R48/N1/egn01w.2008E+02,,,nstxuG133964R48,1,4.481528308751693,201,eae_like,2,5.293421614905791,"[{""boundary"": ""high"", ""crossing_r"": ""0.3717128326513414"", ""singularity_r"": ""0.395"", ""offset_grid"": ""-4.6574334697317195""}, {""boundary"": ""high"", ""crossing_r"": ""0.47646710807452897"", ""singularity_r"": ""0.45"", ""offset_grid"": ""5.293421614905791""}]",MATCHED,2,1b40e0dccc5a80657bf78f16a0633abbd28a0cfa8fdcdf5db6c3dd579f60c56a,Potential EAE crossing issue only: upper EAE boundary is unavailable; nearest-log correspondence is ambiguous
nstxuG133964R48/N1/egn01w.2031E+02,,,nstxuG133964R48,1,4.506637501383658,201,eae_like,2,29.911905007228945,"[{""boundary"": ""high"", ""crossing_r"": ""0.3854404749638553"", ""singularity_r"": ""0.535"", ""offset_grid"": ""-29.911905007228945""}, {""boundary"": ""high"", ""crossing_r"": ""0.46920926101010024"", ""singularity_r"": ""0.535"", ""offset_grid"": ""-13.158147797979957""}]",MATCHED,2,fe2aa3d9d85064fab6d7c4c2a4905f7e0d4e9e4c3bb7af0637534a41372a398b,Potential EAE crossing issue only: upper EAE boundary is unavailable; nearest-log correspondence is ambiguous
nstxuG133964R48/N1/egn01w.2033E+02,,,nstxuG133964R48,1,4.508768561517271,201,eae_like,2,29.67108851463748,"[{""boundary"": ""high"", ""crossing_r"": ""0.38664455742681264"", ""singularity_r"": ""0.535"", ""offset_grid"": ""-29.67108851463748""}, {""boundary"": ""high"", ""crossing_r"": ""0.4684920919262716"", ""singularity_r"": ""0.535"", ""offset_grid"": ""-13.301581614745682""}]",MATCHED,2,b1ad007b58c0034b8ec229068000540138e4dfbc2e64698e9a2ab299d31ce1df,Potential EAE crossing issue only: upper EAE boundary is unavailable; nearest-log correspondence is ambiguous
nstxuG133964R48/N1/egn01w.2064E+02,,,nstxuG133964R48,1,4.543519191706814,201,eae_like,2,25.22596112645101,"[{""boundary"": ""high"", ""crossing_r"": ""0.40887019436774497"", ""singularity_r"": ""0.535"", ""offset_grid"": ""-25.22596112645101""}, {""boundary"": ""high"", ""crossing_r"": ""0.4538814052039572"", ""singularity_r"": ""0.535"", ""offset_grid"": ""-16.223718959208565""}]",MATCHED,2,6d247962e220d61fefbe0d267fab652ea8201b63a8aa4f8fd805871629dc3375,Potential EAE crossing issue only: upper EAE boundary is unavailable; nearest-log correspondence is ambiguous
nstxuG133964R48/N1/egn01w.2077E+02,,,nstxuG133964R48,1,4.557656605893523,201,eae_like,2,22.207984548417258,"[{""boundary"": ""high"", ""crossing_r"": ""0.42396007725791374"", ""singularity_r"": ""0.535"", ""offset_grid"": ""-22.207984548417258""}, {""boundary"": ""high"", ""crossing_r"": ""0.4415381073596269"", ""singularity_r"": ""0.535"", ""offset_grid"": ""-18.692378528074627""}]",MATCHED,2,f6efdf125f94c6d21af44196dc7bff07ed79bc77352d869ddddb0ffeb2f68f39,Potential EAE crossing issue only: upper EAE boundary is unavailable; nearest-log correspondence is ambiguous
nstxuG133964R48/N2/egn02w.1999E+02,,,nstxuG133964R48,2,4.471109962690399,201,eae_like,3,17.97858032219478,"[{""boundary"": ""high"", ""crossing_r"": ""0.3694406761418307"", ""singularity_r"": ""0.355"", ""offset_grid"": ""2.88813522836614""}, {""boundary"": ""high"", ""crossing_r"": ""0.4397120613801931"", ""singularity_r"": ""0.355"", ""offset_grid"": ""16.94241227603862""}, {""boundary"": ""high"", ""crossing_r"": ""0.4451070983890261"", ""singularity_r"": ""0.535"", ""offset_grid"": ""-17.97858032219478""}]",MATCHED,4,ba4fcfe2c6323115b2e9ec5510c47aa5be00b33ab2f4d7229ce6e56f86404f8f,Potential EAE crossing issue only: upper EAE boundary is unavailable; nearest-log correspondence is ambiguous
nstxuG133964R48/N2/egn02w.2003E+02,,,nstxuG133964R48,2,4.475485059505517,201,eae_like,1,2.51930320265924,"[{""boundary"": ""high"", ""crossing_r"": ""0.3675965160132962"", ""singularity_r"": ""0.355"", ""offset_grid"": ""2.51930320265924""}]",MATCHED,2,3ebe24ec54647be51b6fd0099e7bb9dc543ad8473eabcbc3fbe7368104cca912,Potential EAE crossing issue only: upper EAE boundary is unavailable; nearest-log correspondence is ambiguous
nstxuG133964R48/N2/egn02w.2017E+02,,,nstxuG133964R48,2,4.491212543934647,201,eae_like,2,44.135129934847164,"[{""boundary"": ""high"", ""crossing_r"": ""0.3143243503257642"", ""singularity_r"": ""0.535"", ""offset_grid"": ""-44.135129934847164""}, {""boundary"": ""high"", ""crossing_r"": ""0.3599568882604092"", ""singularity_r"": ""0.535"", ""offset_grid"": ""-35.00862234791816""}]",MATCHED,2,a896bdeedb87aa61ef6bac677e304ae44df2811dd1d9baa0457239b5f58cc72c,Potential EAE crossing issue only: upper EAE boundary is unavailable; nearest-log correspondence is ambiguous
nstxuG133964R48/N2/egn02w.2023E+02,,,nstxuG133964R48,2,4.497987964305908,201,eae_like,2,42.8966872662419,"[{""boundary"": ""high"", ""crossing_r"": ""0.32051656366879056"", ""singularity_r"": ""0.535"", ""offset_grid"": ""-42.8966872662419""}, {""boundary"": ""high"", ""crossing_r"": ""0.35527423545560377"", ""singularity_r"": ""0.535"", ""offset_grid"": ""-35.94515290887925""}]",MATCHED,2,48ea65589d5a22a2b70d22d02aa1d44be21a5ebdb32394e97522954a61edd0e0,Potential EAE crossing issue only: upper EAE boundary is unavailable; nearest-log correspondence is ambiguous
nstxuG133964R48/N2/egn02w.2026E+02,,,nstxuG133964R48,2,4.501203601793182,201,eae_like,2,42.17433202389257,"[{""boundary"": ""high"", ""crossing_r"": ""0.3241283398805372"", ""singularity_r"": ""0.535"", ""offset_grid"": ""-42.17433202389257""}, {""boundary"": ""high"", ""crossing_r"": ""0.35222129575573574"", ""singularity_r"": ""0.535"", ""offset_grid"": ""-36.55574084885286""}]",MATCHED,2,687cad31a69a21793a7f1dae187b9e691cd567023c1cb8e7cb7b4dd74214b95a,Potential EAE crossing issue only: upper EAE boundary is unavailable; nearest-log correspondence is ambiguous
nstxuG133964R48/N2/egn02w.2028E+02,,,nstxuG133964R48,2,4.503160206953533,201,eae_like,2,41.64150567355331,"[{""boundary"": ""high"", ""crossing_r"": ""0.32679247163223346"", ""singularity_r"": ""0.535"", ""offset_grid"": ""-41.64150567355331""}, {""boundary"": ""high"", ""crossing_r"": ""0.3502917431649771"", ""singularity_r"": ""0.535"", ""offset_grid"": ""-36.94165136700459""}]",MATCHED,2,5a5c4c28df9e3a0a1e550d267565884d4ba8b02578ac1f5b8ab57354676c0962,Potential EAE crossing issue only: upper EAE boundary is unavailable; nearest-log correspondence is ambiguous
nstxuG133964U27/N1/egn01w.2448E+02,,,nstxuG133964U27,1,4.947847356393592,201,eae_like,2,63.61749905344419,"[{""boundary"": ""high"", ""crossing_r"": ""0.3756585998371952"", ""singularity_r"": ""0.19"", ""offset_grid"": ""37.13171996743904""}, {""boundary"": ""high"", ""crossing_r"": ""0.508087495267221"", ""singularity_r"": ""0.19"", ""offset_grid"": ""63.61749905344419""}]",MATCHED,2,3bf8b4ed1cae9a89fb33187d8f647fb6304256bade143367cd530a41a20d5773,Potential EAE crossing issue only: upper EAE boundary is unavailable; nearest-log correspondence is ambiguous
nstxuG133964U27/N2/egn02w.2269E+02,,,nstxuG133964U27,2,4.762924439748128,201,eae_like,2,79.23871446346783,"[{""boundary"": ""high"", ""crossing_r"": ""0.2890450311328387"", ""singularity_r"": ""0.08"", ""offset_grid"": ""41.80900622656773""}, {""boundary"": ""high"", ""crossing_r"": ""0.47619357231733916"", ""singularity_r"": ""0.08"", ""offset_grid"": ""79.23871446346783""}]",MATCHED,2,a0cca4fc02d9a1432ebdbe676d0b36d6e73e1d9ac0c4202e946eff5d2cfa3ea0,Potential EAE crossing issue only: upper EAE boundary is unavailable; nearest-log correspondence is ambiguous
nstxuG121123Q62/N1/egn01w.2619E+02,,,nstxuG121123Q62,1,5.117231388073206,201,eae_like,1,2.677740859515476,"[{""boundary"": ""high"", ""crossing_r"": ""0.4083887042975774"", ""singularity_r"": ""0.395"", ""offset_grid"": ""2.677740859515476""}]",MATCHED,1,683cb88fe46e4abe6b9988b822f7bd0cd7ee5b997c5dab14a4c610d190e9ef2b,Potential EAE crossing issue only: upper EAE boundary is unavailable; nearest-log correspondence is ambiguous
nstxuG121123Q62/N1/egn01w.2627E+02,,,nstxuG121123Q62,1,5.125248096284645,201,eae_like,1,4.750499113275786,"[{""boundary"": ""high"", ""crossing_r"": ""0.4437524955663789"", ""singularity_r"": ""0.42"", ""offset_grid"": ""4.750499113275786""}]",MATCHED,1,5313d057e62f37647a8d2336afcd7a763f2a035ac50110295bd92c5acbd6b2f8,Potential EAE crossing issue only: upper EAE boundary is unavailable; nearest-log correspondence is ambiguous
nstxuG121123Q62/N1/egn01w.2633E+02,,,nstxuG121123Q62,1,5.131761188462315,201,eae_like,1,2.528206321119786,"[{""boundary"": ""high"", ""crossing_r"": ""0.45264103160559893"", ""singularity_r"": ""0.44"", ""offset_grid"": ""2.528206321119786""}]",MATCHED,1,f43fd427cb95a488e9efe4a03d670341befdad28345ba80db31c811fdabbbc56,Potential EAE crossing issue only: upper EAE boundary is unavailable; nearest-log correspondence is ambiguous
nstxuG121123Q62/N1/egn01w.2636E+02,,,nstxuG121123Q62,1,5.134525586405132,201,eae_like,1,2.1174528093421574,"[{""boundary"": ""high"", ""crossing_r"": ""0.4555872640467108"", ""singularity_r"": ""0.445"", ""offset_grid"": ""2.1174528093421574""}]",MATCHED,1,dbed75d53b2b81392188c090faa8ea1ad319300f1babb16b7c51fc44363e28b3,Potential EAE crossing issue only: upper EAE boundary is unavailable; nearest-log correspondence is ambiguous
nstxuG121123Q62/N1/egn01w.2639E+02,,,nstxuG121123Q62,1,5.137280737910089,201,eae_like,1,2.6168141597411987,"[{""boundary"": ""high"", ""crossing_r"": ""0.458084070798706"", ""singularity_r"": ""0.445"", ""offset_grid"": ""2.6168141597411987""}]",MATCHED,1,b32bbe69dd882883a337ecb7ddec205602f49078bc2e27f5aef0757955e411a2,Potential EAE crossing issue only: upper EAE boundary is unavailable; nearest-log correspondence is ambiguous
nstxuG121123Q62/N1/egn01w.2643E+02,,,nstxuG121123Q62,1,5.140825336490836,201,eae_like,1,2.2170012582962806,"[{""boundary"": ""high"", ""crossing_r"": ""0.4610850062914814"", ""singularity_r"": ""0.45"", ""offset_grid"": ""2.2170012582962806""}]",MATCHED,1,9e09f0a88bbd60dac791bcb5fc346f391f8c7b81c3c42997f7b0c07271af1e00,Potential EAE crossing issue only: upper EAE boundary is unavailable; nearest-log correspondence is ambiguous
nstxuG121123Q62/N1/egn01w.2658E+02,,,nstxuG121123Q62,1,5.155845299516947,201,eae_like,1,2.2416754357418633,"[{""boundary"": ""high"", ""crossing_r"": ""0.47120837717870934"", ""singularity_r"": ""0.46"", ""offset_grid"": ""2.2416754357418633""}]",MATCHED,1,725c3e73997273b4dc45493f7d7c53da96f1d5d8664492f8684fa5637027c133,Potential EAE crossing issue only: upper EAE boundary is unavailable; nearest-log correspondence is ambiguous
nstxuG121123Q62/N1/egn01w.4089E+02,,,nstxuG121123Q62,1,6.39465253186516,201,eae_like,1,2.1556107666873547,"[{""boundary"": ""high"", ""crossing_r"": ""0.7492219461665632"", ""singularity_r"": ""0.76"", ""offset_grid"": ""-2.1556107666873547""}]",MATCHED,2,8ce49b809a41f871b36ee5e1fa41cef8c9e1022f27b9933e3a7130e2a4eff9af,Potential EAE crossing issue only: upper EAE boundary is unavailable; nearest-log correspondence is ambiguous
nstxuG121123Q62/N1/egn01w.4138E+02,,,nstxuG121123Q62,1,6.432422467417863,201,eae_like,1,2.1351745261651844,"[{""boundary"": ""high"", ""crossing_r"": ""0.7443241273691741"", ""singularity_r"": ""0.755"", ""offset_grid"": ""-2.1351745261651844""}]",MATCHED,2,69b17d904129152be29018755212f832bd4cbdba4c5996d9d58a96adbe746821,Potential EAE crossing issue only: upper EAE boundary is unavailable; nearest-log correspondence is ambiguous
nstxuG121123Q62/N1/egn01w.4146E+02,,,nstxuG121123Q62,1,6.438683941971782,201,eae_like,1,2.305828798947074,"[{""boundary"": ""high"", ""crossing_r"": ""0.7434708560052646"", ""singularity_r"": ""0.755"", ""offset_grid"": ""-2.305828798947074""}]",MATCHED,2,015dac95c596e00d2404c1952db24edb7e21f84dd2381e553b31294e05438427,Potential EAE crossing issue only: upper EAE boundary is unavailable; nearest-log correspondence is ambiguous
nstxuG121123Q62/N1/egn01w.4185E+02,,,nstxuG121123Q62,1,6.469241018740348,201,eae_like,1,2.1537151185433645,"[{""boundary"": ""high"", ""crossing_r"": ""0.7392314244072832"", ""singularity_r"": ""0.75"", ""offset_grid"": ""-2.1537151185433645""}]",MATCHED,2,f0cff359d0f3ec7e8b4a9881bc7c281c115a2fbf64261ccf2666a785bbb554b8,Potential EAE crossing issue only: upper EAE boundary is unavailable; nearest-log correspondence is ambiguous
nstxuG121123Q62/N1/egn01w.4193E+02,,,nstxuG121123Q62,1,6.475427204714193,201,eae_like,1,2.338528333871537,"[{""boundary"": ""high"", ""crossing_r"": ""0.7383073583306423"", ""singularity_r"": ""0.75"", ""offset_grid"": ""-2.338528333871537""}]",MATCHED,2,a11d768147cad74e57dde9691c5452e6fd14f32d9fd2de42247f766292b07cf9,Potential EAE crossing issue only: upper EAE boundary is unavailable; nearest-log correspondence is ambiguous
nstxuG121123Q62/N1/egn01w.4241E+02,,,nstxuG121123Q62,1,6.512207823782315,201,eae_like,2,2.498778504864707,"[{""boundary"": ""high"", ""crossing_r"": ""0.6760391568543962"", ""singularity_r"": ""0.665"", ""offset_grid"": ""2.207831370879232""}, {""boundary"": ""high"", ""crossing_r"": ""0.7325061074756765"", ""singularity_r"": ""0.745"", ""offset_grid"": ""-2.498778504864707""}]",MATCHED,2,e241bab70d3544fb7721aee9ff79dd2d0975d3c530810c197201272087a7bdc1,Potential EAE crossing issue only: upper EAE boundary is unavailable; nearest-log correspondence is ambiguous
nstxuG121123Q62/N1/egn01w.4286E+02,,,nstxuG121123Q62,1,6.546536819239462,201,eae_like,2,2.7901571550337456,"[{""boundary"": ""high"", ""crossing_r"": ""0.6829552267877234"", ""singularity_r"": ""0.67"", ""offset_grid"": ""2.5910453575446635""}, {""boundary"": ""high"", ""crossing_r"": ""0.7260492142248313"", ""singularity_r"": ""0.74"", ""offset_grid"": ""-2.7901571550337456""}]",MATCHED,2,19904f607401d5ad49fed1989681f1c59d85fe60162a1413e3c2b57cce4bf584,Potential EAE crossing issue only: upper EAE boundary is unavailable; nearest-log correspondence is ambiguous
nstxuG121123Q62/N1/egn01w.4329E+02,,,nstxuG121123Q62,1,6.5791713366482325,201,eae_like,2,3.536711193319775,"[{""boundary"": ""high"", ""crossing_r"": ""0.6919676110497237"", ""singularity_r"": ""0.68"", ""offset_grid"": ""2.3935222099447317""}, {""boundary"": ""high"", ""crossing_r"": ""0.7173164440334011"", ""singularity_r"": ""0.735"", ""offset_grid"": ""-3.536711193319775""}]",MATCHED,2,2fd5ce896fce7a4ba3100fd4adee34d341679cc74f02f1a8e7841b22de137583,Potential EAE crossing issue only: upper EAE boundary is unavailable; nearest-log correspondence is ambiguous
nstxuG121123Q62/N2/egn02w.2352E+02,,,nstxuG121123Q62,2,4.849758863403751,201,eae_like,1,2.799730756692287,"[{""boundary"": ""high"", ""crossing_r"": ""0.30100134621653857"", ""singularity_r"": ""0.315"", ""offset_grid"": ""-2.799730756692287""}]",MATCHED,1,a1842aa1e70048689bd722605b7377043511bfc20f1325448b19f8d20e95917c,Potential EAE crossing issue only: upper EAE boundary is unavailable; nearest-log correspondence is ambiguous
nstxuG121123Q62/N2/egn02w.2435E+02,,,nstxuG121123Q62,2,4.934535567077726,201,eae_like,1,6.777638701556732,"[{""boundary"": ""high"", ""crossing_r"": ""0.3211118064922163"", ""singularity_r"": ""0.355"", ""offset_grid"": ""-6.777638701556732""}]",MATCHED,1,cca90ec226c0eed89aeec29e032d5c244ebec8d332e3f7e94a83b568fa60a291,Potential EAE crossing issue only: upper EAE boundary is unavailable; nearest-log correspondence is ambiguous
nstxuG121123Q62/N2/egn02w.2455E+02,,,nstxuG121123Q62,2,4.954399038650768,201,eae_like,1,8.505739105492827,"[{""boundary"": ""high"", ""crossing_r"": ""0.32747130447253586"", ""singularity_r"": ""0.37"", ""offset_grid"": ""-8.505739105492827""}]",MATCHED,1,6efe4c83dd7c5fd7faf10b62f60383a3f4ea6c2f0721c439c8f77a7bcd2c961b,Potential EAE crossing issue only: upper EAE boundary is unavailable; nearest-log correspondence is ambiguous
nstxuG121123Q62/N2/egn02w.2463E+02,,,nstxuG121123Q62,2,4.962518152693882,201,eae_like,1,9.936902495102661,"[{""boundary"": ""high"", ""crossing_r"": ""0.3303154875244867"", ""singularity_r"": ""0.38"", ""offset_grid"": ""-9.936902495102661""}]",MATCHED,1,c53fcf0409333af849e73b6113baa2df3f2a1ae482a6f0d278d6d7b974a81b75,Potential EAE crossing issue only: upper EAE boundary is unavailable; nearest-log correspondence is ambiguous
nstxuG121123Q62/N2/egn02w.2470E+02,,,nstxuG121123Q62,2,4.969613501530256,201,eae_like,1,11.379468339069144,"[{""boundary"": ""high"", ""crossing_r"": ""0.3331026583046543"", ""singularity_r"": ""0.39"", ""offset_grid"": ""-11.379468339069144""}]",MATCHED,1,b59388bc574805fac9fc880121ce712359f0318fb802d860c67497a3dd2655da,Potential EAE crossing issue only: upper EAE boundary is unavailable; nearest-log correspondence is ambiguous
nstxuG121123Q62/N2/egn02w.2476E+02,,,nstxuG121123Q62,2,4.976114023820313,201,eae_like,1,11.849236811441266,"[{""boundary"": ""high"", ""crossing_r"": ""0.3357538159427937"", ""singularity_r"": ""0.395"", ""offset_grid"": ""-11.849236811441266""}]",MATCHED,1,0660576d7f030174cf8d332fa11aaa83d3aadfce7575c1482c229a2b3ed6b3bd,Potential EAE crossing issue only: upper EAE boundary is unavailable; nearest-log correspondence is ambiguous
nstxuG121123Q62/N2/egn02w.2489E+02,,,nstxuG121123Q62,2,4.988865951510705,201,eae_like,1,12.655791956222073,"[{""boundary"": ""high"", ""crossing_r"": ""0.34172104021888966"", ""singularity_r"": ""0.405"", ""offset_grid"": ""-12.655791956222073""}]",MATCHED,1,890ea4b3008ce8928d68c6ab560eac6d1a6308f323c7ec76df82b90d4d973c95,Potential EAE crossing issue only: upper EAE boundary is unavailable; nearest-log correspondence is ambiguous
nstxuG121123Q62/N2/egn02w.3089E+02,,,nstxuG121123Q62,2,5.558139738435307,201,eae_like,1,2.163828640500265,"[{""boundary"": ""high"", ""crossing_r"": ""0.5491808567974987"", ""singularity_r"": ""0.56"", ""offset_grid"": ""-2.163828640500265""}]",MATCHED,1,7ea5cc651b3e3065482fc6566a6b1ca10180b1f0a055a83987cec3ddbfc07c89,Potential EAE crossing issue only: upper EAE boundary is unavailable; nearest-log correspondence is ambiguous
nstxuG121123Q62/N2/egn02w.4134E+02,,,nstxuG121123Q62,2,6.429721124088714,201,eae_like,1,4.320994327286232,"[{""boundary"": ""high"", ""crossing_r"": ""0.7466049716364311"", ""singularity_r"": ""0.725"", ""offset_grid"": ""4.320994327286232""}]",MATCHED,2,407c7a91e7f4ba57c44d854dbb06c6c1f9269047f18999d69b6f4a547b19f645,Potential EAE crossing issue only: upper EAE boundary is unavailable; nearest-log correspondence is ambiguous
nstxuG121123Q62/N2/egn02w.4181E+02,,,nstxuG121123Q62,2,6.465688634865303,201,eae_like,1,2.7174753157000797,"[{""boundary"": ""high"", ""crossing_r"": ""0.7285873765785004"", ""singularity_r"": ""0.715"", ""offset_grid"": ""2.7174753157000797""}]",MATCHED,2,190b009d7c6fde5048128271cba4ddbd1757f4b3d24d8df6e0335890290d399c,Potential EAE crossing issue only: upper EAE boundary is unavailable; nearest-log correspondence is ambiguous
nstxuG121123Q62/N2/egn02w.4227E+02,,,nstxuG121123Q62,2,6.501306959950438,201,eae_like,1,2.2242119460118337,"[{""boundary"": ""high"", ""crossing_r"": ""0.7211210597300591"", ""singularity_r"": ""0.71"", ""offset_grid"": ""2.2242119460118337""}]",MATCHED,2,f12725edb740a3fcb063379a3a2d93daa0942b01f4759d0f2b4ca12b1954d03c,Potential EAE crossing issue only: upper EAE boundary is unavailable; nearest-log correspondence is ambiguous
nstxuG121123Q62/N2/egn02w.4264E+02,,,nstxuG121123Q62,2,6.529784524584254,201,eae_like,2,3.1731643861062864,"[{""boundary"": ""high"", ""crossing_r"": ""0.6803908187269587"", ""singularity_r"": ""0.6950000000000001"", ""offset_grid"": ""-2.9218362546082677""}, {""boundary"": ""high"", ""crossing_r"": ""0.7158658219305315"", ""singularity_r"": ""0.7000000000000001"", ""offset_grid"": ""3.1731643861062864""}]",MATCHED,2,7ac1c567d3f5cabc79ac87e6235419bc2de31c91bd3f7f8748b793605958cd6d,Potential EAE crossing issue only: upper EAE boundary is unavailable; nearest-log correspondence is ambiguous
nstxuG121123Q62/N2/egn02w.4275E+02,,,nstxuG121123Q62,2,6.538413661373595,201,eae_like,2,33.59605417713083,"[{""boundary"": ""high"", ""crossing_r"": ""0.6820197291143458"", ""singularity_r"": ""0.85"", ""offset_grid"": ""-33.59605417713083""}, {""boundary"": ""high"", ""crossing_r"": ""0.7141926969427184"", ""singularity_r"": ""0.85"", ""offset_grid"": ""-27.161460611456324""}]",MATCHED,2,8bb54820580f8392a95e948a47c59a6d87cee86617e63f66bddeeabd404785fe,Potential EAE crossing issue only: upper EAE boundary is unavailable; nearest-log correspondence is ambiguous
nstxuG121123Q62/N2/egn02w.4291E+02,,,nstxuG121123Q62,2,6.550555389018957,201,eae_like,2,33.13693011899041,"[{""boundary"": ""high"", ""crossing_r"": ""0.6843153494050479"", ""singularity_r"": ""0.85"", ""offset_grid"": ""-33.13693011899041""}, {""boundary"": ""high"", ""crossing_r"": ""0.7116804334338659"", ""singularity_r"": ""0.85"", ""offset_grid"": ""-27.663913313226818""}]",MATCHED,2,6e872c5eda2143fa196519873114984e90dcdf034d1acdbdb3dde39a8937b268,Potential EAE crossing issue only: upper EAE boundary is unavailable; nearest-log correspondence is ambiguous
nstxuG121123Q62/N2/egn02w.4300E+02,,,nstxuG121123Q62,2,6.5575741224717055,201,eae_like,2,32.82372638491553,"[{""boundary"": ""high"", ""crossing_r"": ""0.6858813680754223"", ""singularity_r"": ""0.85"", ""offset_grid"": ""-32.82372638491553""}, {""boundary"": ""high"", ""crossing_r"": ""0.7102260506134115"", ""singularity_r"": ""0.85"", ""offset_grid"": ""-27.954789877317697""}]",MATCHED,2,d23425f78d7d56bdf813807a272e026830289837904e605ed7e6fd86880af80c,Potential EAE crossing issue only: upper EAE boundary is unavailable; nearest-log correspondence is ambiguous
nstxuG121123Q62/N2/egn02w.4334E+02,,,nstxuG121123Q62,2,6.583240252367731,201,eae_like,2,31.07413260312186,"[{""boundary"": ""high"", ""crossing_r"": ""0.6946293369843907"", ""singularity_r"": ""0.85"", ""offset_grid"": ""-31.07413260312186""}, {""boundary"": ""high"", ""crossing_r"": ""0.7009983866139459"", ""singularity_r"": ""0.85"", ""offset_grid"": ""-29.800322677210822""}]",MATCHED,2,ad88ba085ae2f6d4e2198ae8c6af5936d6e7f9c41b75de6612b846a06d232334,Potential EAE crossing issue only: upper EAE boundary is unavailable; nearest-log correspondence is ambiguous
nstxuG142301E34/N2/egn02w.2302E+02,,,nstxuG142301E34,2,4.798403504545469,201,eae_like,1,2.292902876464753,"[{""boundary"": ""high"", ""crossing_r"": ""0.5714645143823238"", ""singularity_r"": ""0.56"", ""offset_grid"": ""2.292902876464753""}]",MATCHED,1,25c7b9330038680d8b67cabcd402f00cba5df9503cda6fb23b52bb4d508607d2,Potential EAE crossing issue only: upper EAE boundary is unavailable; nearest-log correspondence is ambiguous
nstxuG142301M32/N2/egn02w.2827E+02,,,nstxuG142301M32,2,5.316593817387121,201,eae_like,1,2.2922725224069627,"[{""boundary"": ""high"", ""crossing_r"": ""0.08853863738796519"", ""singularity_r"": ""0.1"", ""offset_grid"": ""-2.2922725224069627""}]",MATCHED,2,8408a78d652e89095a96408a406350495ed3667abe7b0f7ff45e31b0ba28bd1b,Potential EAE crossing issue only: upper EAE boundary is unavailable; nearest-log correspondence is ambiguous
nstxuG142301M32/N2/egn02w.2836E+02,,,nstxuG142301M32,2,5.325277783401984,201,eae_like,1,2.2479977209079043,"[{""boundary"": ""high"", ""crossing_r"": ""0.09376001139546047"", ""singularity_r"": ""0.105"", ""offset_grid"": ""-2.2479977209079043""}]",MATCHED,2,d0f4f54b5d067a609618d7bedb97de1cb1bb78957b69b0b6a96bf58f422f434f,Potential EAE crossing issue only: upper EAE boundary is unavailable; nearest-log correspondence is ambiguous
nstxuG142301M32/N2/egn02w.3895E+02,,,nstxuG142301M32,2,6.240809855141105,201,eae_like,2,2.4764802623950644,"[{""boundary"": ""high"", ""crossing_r"": ""0.36800326875739614"", ""singularity_r"": ""0.38"", ""offset_grid"": ""-2.399346248520773""}, {""boundary"": ""high"", ""crossing_r"": ""0.47738240131197535"", ""singularity_r"": ""0.465"", ""offset_grid"": ""2.4764802623950644""}]",MATCHED,2,865601ab4e9b0e1d241df55f82914464fb8946268e4a5dc1714525e84a547beb,Potential EAE crossing issue only: upper EAE boundary is unavailable; nearest-log correspondence is ambiguous
nstxuG142301M32/N2/egn02w.3931E+02,,,nstxuG142301M32,2,6.269782016115494,201,eae_like,2,2.6075688527142815,"[{""boundary"": ""high"", ""crossing_r"": ""0.3769621557364286"", ""singularity_r"": ""0.39"", ""offset_grid"": ""-2.6075688527142815""}, {""boundary"": ""high"", ""crossing_r"": ""0.47265075309997195"", ""singularity_r"": ""0.46"", ""offset_grid"": ""2.530150619994387""}]",MATCHED,2,7de16bc53e35c5924175798d3fe8a8a6a62970c2e259026c4dd839e889c61de1,Potential EAE crossing issue only: upper EAE boundary is unavailable; nearest-log correspondence is ambiguous
nstxuG142301M32/N2/egn02w.3964E+02,,,nstxuG142301M32,2,6.296188703295035,201,eae_like,2,3.5766422694498923,"[{""boundary"": ""high"", ""crossing_r"": ""0.385360139120833"", ""singularity_r"": ""0.4"", ""offset_grid"": ""-2.9279721758334043""}, {""boundary"": ""high"", ""crossing_r"": ""0.4678832113472495"", ""singularity_r"": ""0.45"", ""offset_grid"": ""3.5766422694498923""}]",MATCHED,2,0863d17c3fd6a468a22ec201c252d1d8ee9ee2d1df2494a4a3dcbe4379598fbe,Potential EAE crossing issue only: upper EAE boundary is unavailable; nearest-log correspondence is ambiguous
nstxuG142301M32/N2/egn02w.3979E+02,,,nstxuG142301M32,2,6.307590749967769,201,eae_like,2,4.135045438836404,"[{""boundary"": ""high"", ""crossing_r"": ""0.38912924027710366"", ""singularity_r"": ""0.405"", ""offset_grid"": ""-3.174151944579273""}, {""boundary"": ""high"", ""crossing_r"": ""0.46567522719418203"", ""singularity_r"": ""0.445"", ""offset_grid"": ""4.135045438836404""}]",MATCHED,2,6fda7a4fe6ef5346c0e34af7e2f1ed126fc15deba9dc2480ab0a290dd857e95f,Potential EAE crossing issue only: upper EAE boundary is unavailable; nearest-log correspondence is ambiguous
nstxuG142301M32/N2/egn02w.4008E+02,,,nstxuG142301M32,2,6.330617402282259,201,eae_like,2,53.43726544691842,"[{""boundary"": ""high"", ""crossing_r"": ""0.3971863272345921"", ""singularity_r"": ""0.13"", ""offset_grid"": ""53.43726544691842""}, {""boundary"": ""high"", ""crossing_r"": ""0.460590097040465"", ""singularity_r"": ""0.71"", ""offset_grid"": ""-49.881980591906995""}]",MATCHED,2,17293aebf5ffdf62bb4ca0f2f82039da8e211024c28e6b0cad2e0fe61610fcb5,Potential EAE crossing issue only: upper EAE boundary is unavailable; nearest-log correspondence is ambiguous
nstxuG142301F66/N2/egn02w.7988E+02,,,nstxuG142301F66,2,8.937360828875956,201,eae_like,2,4.093488253541977,"[{""boundary"": ""high"", ""crossing_r"": ""0.08080521891316585"", ""singularity_r"": ""0.095"", ""offset_grid"": ""-2.838956217366831""}, {""boundary"": ""high"", ""crossing_r"": ""0.3254674412677099"", ""singularity_r"": ""0.305"", ""offset_grid"": ""4.093488253541977""}]",MATCHED,2,7165f7768260238f123e65f0704ec4d251c527445b360b9be1d7bf18601205c0,Potential EAE crossing issue only: upper EAE boundary is unavailable; nearest-log correspondence is ambiguous
nstxuG142301F66/N2/egn02w.8046E+02,,,nstxuG142301F66,2,8.969978024308585,201,eae_like,2,4.262747689316448,"[{""boundary"": ""high"", ""crossing_r"": ""0.084941392733833"", ""singularity_r"": ""0.1"", ""offset_grid"": ""-3.0117214532334016""}, {""boundary"": ""high"", ""crossing_r"": ""0.32131373844658223"", ""singularity_r"": ""0.3"", ""offset_grid"": ""4.262747689316448""}]",MATCHED,2,109618bb2d173fdf37ba764e719bb2baf62977119b59123c1baf3b823fd89c79,Potential EAE crossing issue only: upper EAE boundary is unavailable; nearest-log correspondence is ambiguous
nstxuG142301F66/N2/egn02w.8101E+02,,,nstxuG142301F66,2,9.000284397918827,201,eae_like,2,4.482071573215363,"[{""boundary"": ""high"", ""crossing_r"": ""0.08886798034270542"", ""singularity_r"": ""0.105"", ""offset_grid"": ""-3.2264039314589157""}, {""boundary"": ""high"", ""crossing_r"": ""0.3174103578660768"", ""singularity_r"": ""0.295"", ""offset_grid"": ""4.482071573215363""}]",MATCHED,2,5bb57a0c403343bd66181356fccd5914dd6738088684e561684de13483eb1a23,Potential EAE crossing issue only: upper EAE boundary is unavailable; nearest-log correspondence is ambiguous
nstxuG142301B37/N2/egn02w.5527E+02,,,nstxuG142301B37,2,7.434457305522145,201,eae_like,2,2.759149654099291,"[{""boundary"": ""low"", ""crossing_r"": ""0.16838050548330255"", ""singularity_r"": ""0.155"", ""offset_grid"": ""2.6761010966605103""}, {""boundary"": ""low"", ""crossing_r"": ""0.3487957482704965"", ""singularity_r"": ""0.335"", ""offset_grid"": ""2.759149654099291""}]",MATCHED,4,dd60aeb4133fc7bc4cad15d08da1bfbfd7316ed41c0c3ea822f1aff5500e905b,Potential EAE crossing issue only: upper EAE boundary is unavailable; nearest-log correspondence is ambiguous
nstxuG142301B37/N2/egn02w.1292E+03,,,nstxuG142301B37,2,11.366460429587057,201,eae_like,1,5.4129216551777715,"[{""boundary"": ""high"", ""crossing_r"": ""0.3120646082758889"", ""singularity_r"": ""0.28500000000000003"", ""offset_grid"": ""5.4129216551777715""}]",MATCHED,1,f63b323481ec3ece3c4c9e22f1c84576aa38aee37adf303ac05011310f9fe18b,Potential EAE crossing issue only: upper EAE boundary is unavailable; nearest-log correspondence is ambiguous
nstxuG142301B37/N2/egn02w.1460E+03,,,nstxuG142301B37,2,12.082938779099798,201,eae_like,1,6.994841526081003,"[{""boundary"": ""high"", ""crossing_r"": ""0.269974207630405"", ""singularity_r"": ""0.23500000000000001"", ""offset_grid"": ""6.994841526081003""}]",MATCHED,1,88513ea17f8b17b167909d2609038a5fccdda4d37c01e27893edd85ddda4ad47,Potential EAE crossing issue only: upper EAE boundary is unavailable; nearest-log correspondence is ambiguous
nstxuG142301B37/N2/egn02w.1638E+03,,,nstxuG142301B37,2,12.797780376525825,201,eae_like,1,90.91900121839036,"[{""boundary"": ""high"", ""crossing_r"": ""0.21040499390804823"", ""singularity_r"": ""0.665"", ""offset_grid"": ""-90.91900121839036""}]",MATCHED,1,379f47d6a2d6e25baf75aaa9dcdee3bb299fdc4806f6ae859c8eb6053e900b48,Potential EAE crossing issue only: upper EAE boundary is unavailable; nearest-log correspondence is ambiguous
nstxuG142301B37/N2/egn02w.1641E+03,,,nstxuG142301B37,2,12.811139208866141,201,eae_like,1,91.27308639781303,"[{""boundary"": ""high"", ""crossing_r"": ""0.20863456801093488"", ""singularity_r"": ""0.665"", ""offset_grid"": ""-91.27308639781303""}]",MATCHED,1,130b49d324303e09743138aa0d16e8ef532854f9ba219e3ada2733c5a6694e0f,Potential EAE crossing issue only: upper EAE boundary is unavailable; nearest-log correspondence is ambiguous
nstxuG142301B37/N2/egn02w.1651E+03,,,nstxuG142301B37,2,12.847772372446927,201,eae_like,1,92.29254856843896,"[{""boundary"": ""high"", ""crossing_r"": ""0.20353725715780524"", ""singularity_r"": ""0.665"", ""offset_grid"": ""-92.29254856843896""}]",MATCHED,1,1b49d5c312f936b6d2927a354fc7e846f90bf6393831fd66034384b89904ea49,Potential EAE crossing issue only: upper EAE boundary is unavailable; nearest-log correspondence is ambiguous
nstxuG142301B37/N2/egn02w.1673E+03,,,nstxuG142301B37,2,12.93402254307363,201,eae_like,1,95.2201675745772,"[{""boundary"": ""high"", ""crossing_r"": ""0.18889916212711402"", ""singularity_r"": ""0.665"", ""offset_grid"": ""-95.2201675745772""}]",MATCHED,1,be8f4c67f841009932ae6adadc93bfc4d7e19b7ba660de05ef79ceac55340b92,Potential EAE crossing issue only: upper EAE boundary is unavailable; nearest-log correspondence is ambiguous
nstxuG142301B37/N2/egn02w.1679E+03,,,nstxuG142301B37,2,12.955796876200571,201,eae_like,2,126.10938316195421,"[{""boundary"": ""high"", ""crossing_r"": ""0.03445308419022894"", ""singularity_r"": ""0.665"", ""offset_grid"": ""-126.10938316195421""}, {""boundary"": ""high"", ""crossing_r"": ""0.1842805898208295"", ""singularity_r"": ""0.665"", ""offset_grid"": ""-96.14388203583411""}]",MATCHED,2,d3dfe5b7b5c31fb8f767a72d36dd1e29c8b262bc599e7c1a7be9dfdc81101914,Potential EAE crossing issue only: upper EAE boundary is unavailable; nearest-log correspondence is ambiguous
nstxuG142301B37/N2/egn02w.1698E+03,,,nstxuG142301B37,2,13.0298193553944,201,eae_like,2,113.42396548121016,"[{""boundary"": ""high"", ""crossing_r"": ""0.09788017259394921"", ""singularity_r"": ""0.665"", ""offset_grid"": ""-113.42396548121016""}, {""boundary"": ""high"", ""crossing_r"": ""0.16134608475953297"", ""singularity_r"": ""0.665"", ""offset_grid"": ""-100.73078304809341""}]",MATCHED,2,8a309602e834201e41444e305fcaada0b9903acff1045e3d4747722969dd9db4,Potential EAE crossing issue only: upper EAE boundary is unavailable; nearest-log correspondence is ambiguous
nstxuG142301U85/N1/egn01w.3817E+02,,,nstxuG142301U85,1,6.178541328184101,201,eae_like,1,2.4626915409080685,"[{""boundary"": ""high"", ""crossing_r"": ""0.07231345770454034"", ""singularity_r"": ""0.06"", ""offset_grid"": ""2.4626915409080685""}]",MATCHED,2,393cd8c3e76a6e4efc8b1e656f0c3d34d4f3e61263ca5a778b21cf83d952c9c6,Potential EAE crossing issue only: upper EAE boundary is unavailable; nearest-log correspondence is ambiguous
nstxuG142301U85/N1/egn01w.3966E+02,,,nstxuG142301U85,1,6.297527351280945,201,eae_like,1,2.8852781527619555,"[{""boundary"": ""high"", ""crossing_r"": ""0.08442639076380978"", ""singularity_r"": ""0.07"", ""offset_grid"": ""2.8852781527619555""}]",MATCHED,2,6b7610ec206d101d13fd73f2758f0c8ce3f74a2c630370c0b52d475704a46894,Potential EAE crossing issue only: upper EAE boundary is unavailable; nearest-log correspondence is ambiguous
nstxuG142301U85/N1/egn01w.4078E+02,,,nstxuG142301U85,1,6.385941816074547,201,eae_like,1,2.986110645677681,"[{""boundary"": ""high"", ""crossing_r"": ""0.0949305532283884"", ""singularity_r"": ""0.08"", ""offset_grid"": ""2.986110645677681""}]",MATCHED,2,6c4a65c1dbc0837e668474947f5dc8277641e449ea8a14f49c7140c13aa24092,Potential EAE crossing issue only: upper EAE boundary is unavailable; nearest-log correspondence is ambiguous
nstxuG142301U85/N1/egn01w.4131E+02,,,nstxuG142301U85,1,6.427346521381982,201,eae_like,1,3.1386457724023877,"[{""boundary"": ""high"", ""crossing_r"": ""0.10069322886201194"", ""singularity_r"": ""0.085"", ""offset_grid"": ""3.1386457724023877""}]",MATCHED,2,fe09a1e7b6abdc9d2dcafe21fd5a8950e571390b1fcfdfe3f3a097dcb73664cd,Potential EAE crossing issue only: upper EAE boundary is unavailable; nearest-log correspondence is ambiguous
nstxuG142301U85/N1/egn01w.4181E+02,,,nstxuG142301U85,1,6.466411985314253,201,eae_like,1,3.3297034799733423,"[{""boundary"": ""high"", ""crossing_r"": ""0.10664851739986671"", ""singularity_r"": ""0.09"", ""offset_grid"": ""3.3297034799733423""}]",MATCHED,2,b18f2bf510b0f1e21cbe86bb51c5ab21e627b5dbb20556373168e96642a29d78,Potential EAE crossing issue only: upper EAE boundary is unavailable; nearest-log correspondence is ambiguous
nstxuG142301U85/N1/egn01w.4228E+02,,,nstxuG142301U85,1,6.50261128595153,201,eae_like,1,3.489454135754777,"[{""boundary"": ""high"", ""crossing_r"": ""0.11244727067877389"", ""singularity_r"": ""0.095"", ""offset_grid"": ""3.489454135754777""}]",MATCHED,2,18d05b78887b24fd593549ddba457135e865676a49742f5b20d47252de6305af,Potential EAE crossing issue only: upper EAE boundary is unavailable; nearest-log correspondence is ambiguous
nstxuG142301U85/N1/egn01w.4271E+02,,,nstxuG142301U85,1,6.535630298953979,201,eae_like,1,3.568349638674953,"[{""boundary"": ""high"", ""crossing_r"": ""0.11784174819337477"", ""singularity_r"": ""0.1"", ""offset_grid"": ""3.568349638674953""}]",MATCHED,2,69cba290d574ce264804f855385047eccea9321f7f6ec5be95454c221d60ee3e,Potential EAE crossing issue only: upper EAE boundary is unavailable; nearest-log correspondence is ambiguous
nstxuG142301U85/N1/egn01w.4311E+02,,,nstxuG142301U85,1,6.56600235488399,201,eae_like,1,3.5700879637943492,"[{""boundary"": ""high"", ""crossing_r"": ""0.12285043981897174"", ""singularity_r"": ""0.105"", ""offset_grid"": ""3.5700879637943492""}]",MATCHED,2,9e3bfb5f9636063a3f6c46fc73facb3333c1a79c6e376ab717705b98530de841,Potential EAE crossing issue only: upper EAE boundary is unavailable; nearest-log correspondence is ambiguous
nstxuG142301U85/N1/egn01w.4349E+02,,,nstxuG142301U85,1,6.594629213021522,201,eae_like,1,3.5279918612113077,"[{""boundary"": ""high"", ""crossing_r"": ""0.12763995930605654"", ""singularity_r"": ""0.11"", ""offset_grid"": ""3.5279918612113077""}]",MATCHED,2,85c45c37dc1498a747b3a16f08f0b2beae4aed0e62b999aba454c1c9e7a0c528,Potential EAE crossing issue only: upper EAE boundary is unavailable; nearest-log correspondence is ambiguous
nstxuG142301U85/N1/egn01w.4386E+02,,,nstxuG142301U85,1,6.622480435736338,201,eae_like,2,3.4843696769185613,"[{""boundary"": ""high"", ""crossing_r"": ""0.1324218483845928"", ""singularity_r"": ""0.115"", ""offset_grid"": ""3.4843696769185613""}, {""boundary"": ""high"", ""crossing_r"": ""0.5323107291294746"", ""singularity_r"": ""0.545"", ""offset_grid"": ""-2.537854174105081""}]",MATCHED,2,a314e672df4db1a99afe4b5a2f34930015bb837f6ef8d892b8fbc3f1a996174a,Potential EAE crossing issue only: upper EAE boundary is unavailable; nearest-log correspondence is ambiguous
nstxuG142301U85/N1/egn01w.4422E+02,,,nstxuG142301U85,1,6.649650793413298,201,eae_like,2,3.8097819707770375,"[{""boundary"": ""high"", ""crossing_r"": ""0.13726665283465317"", ""singularity_r"": ""0.12"", ""offset_grid"": ""3.4533305669306347""}, {""boundary"": ""high"", ""crossing_r"": ""0.5209510901461148"", ""singularity_r"": ""0.54"", ""offset_grid"": ""-3.8097819707770375""}]",MATCHED,2,4edfa3100bbc269a494acaee4afc042b04f29a7f12a9d65a7d3922070c59dd4f,Potential EAE crossing issue only: upper EAE boundary is unavailable; nearest-log correspondence is ambiguous
nstxuG142301U85/N2/egn02w.4373E+02,,,nstxuG142301U85,2,6.612888476052696,201,eae_like,1,2.894331868570854,"[{""boundary"": ""high"", ""crossing_r"": ""0.14552834065714573"", ""singularity_r"": ""0.16"", ""offset_grid"": ""-2.894331868570854""}]",MATCHED,2,1b211774841bd5f94675f26551fd132e481e59aad82832c13aa9790e7b900fd0,Potential EAE crossing issue only: upper EAE boundary is unavailable; nearest-log correspondence is ambiguous
nstxuG142301U85/N2/egn02w.4527E+02,,,nstxuG142301U85,2,6.72838049084661,201,eae_like,1,7.81969173601012,"[{""boundary"": ""high"", ""crossing_r"": ""0.1709015413199494"", ""singularity_r"": ""0.21"", ""offset_grid"": ""-7.81969173601012""}]",MATCHED,2,301e08b192989f14c9719e9e2f5073c448d51dfdbca89756ddfc728ac0981283,Potential EAE crossing issue only: upper EAE boundary is unavailable; nearest-log correspondence is ambiguous
nstxuG142301U85/N2/egn02w.4536E+02,,,nstxuG142301U85,2,6.73504602683253,201,eae_like,1,8.405195273662914,"[{""boundary"": ""high"", ""crossing_r"": ""0.17297402363168543"", ""singularity_r"": ""0.215"", ""offset_grid"": ""-8.405195273662914""}]",MATCHED,2,b132baf216b045b045a13d5d6fe302866c90e79de1c840c488f066f8812ed5f6,Potential EAE crossing issue only: upper EAE boundary is unavailable; nearest-log correspondence is ambiguous
nstxuG142301U85/N2/egn02w.4550E+02,,,nstxuG142301U85,2,6.745393926745398,201,eae_like,2,16.265849585801067,"[{""boundary"": ""high"", ""crossing_r"": ""0.17632924792900534"", ""singularity_r"": ""0.095"", ""offset_grid"": ""16.265849585801067""}, {""boundary"": ""high"", ""crossing_r"": ""0.4906182141236783"", ""singularity_r"": ""0.48"", ""offset_grid"": ""2.123642824735661""}]",MATCHED,2,3e68102ac56bb6d8882d871c25aba1a04767d2864f2ee8d11a062fedcde7b094,Potential EAE crossing issue only: upper EAE boundary is unavailable; nearest-log correspondence is ambiguous
nstxuG142301U85/N2/egn02w.4609E+02,,,nstxuG142301U85,2,6.7892097960370394,201,eae_like,4,19.903716238550306,"[{""boundary"": ""high"", ""crossing_r"": ""0.19451858119275153"", ""singularity_r"": ""0.095"", ""offset_grid"": ""19.903716238550306""}, {""boundary"": ""high"", ""crossing_r"": ""0.28772779174850516"", ""singularity_r"": ""0.365"", ""offset_grid"": ""-15.454441650298968""}, {""boundary"": ""high"", ""crossing_r"": ""0.3481066157007039"", ""singularity_r"": ""0.365"", ""offset_grid"": ""-3.37867685985922""}, {""boundary"": ""high"", ""crossing_r"": ""0.4855214043379988"", ""singularity_r"": ""0.47500000000000003"", ""offset_grid"": ""2.1042808675997504""}]",MATCHED,4,e5cb848de130156a58ac1716dfb1d36e1541aa61ff189e67e4db9f5adc02a41a,Potential EAE crossing issue only: upper EAE boundary is unavailable; nearest-log correspondence is ambiguous
nstxuG142301U85/N2/egn02w.4840E+02,,,nstxuG142301U85,2,6.956930323283849,201,eae_like,2,3.5896749004436512,"[{""boundary"": ""high"", ""crossing_r"": ""0.4007237132234216"", ""singularity_r"": ""0.41500000000000004"", ""offset_grid"": ""-2.855257355315688""}, {""boundary"": ""high"", ""crossing_r"": ""0.46294837450221826"", ""singularity_r"": ""0.445"", ""offset_grid"": ""3.5896749004436512""}]",MATCHED,2,282cc22211b046addfca720dc0969099ee64e4fd35a499e4303b0dc07841e2c0,Potential EAE crossing issue only: upper EAE boundary is unavailable; nearest-log correspondence is ambiguous
nstxuG142301U85/N2/egn02w.4898E+02,,,nstxuG142301U85,2,6.998812604884453,201,eae_like,2,55.3043338074539,"[{""boundary"": ""high"", ""crossing_r"": ""0.41347833096273057"", ""singularity_r"": ""0.6900000000000001"", ""offset_grid"": ""-55.3043338074539""}, {""boundary"": ""high"", ""crossing_r"": ""0.4541079748861797"", ""singularity_r"": ""0.6900000000000001"", ""offset_grid"": ""-47.17840502276407""}]",MATCHED,2,8b8977f06ea0e3a641c078fb3b40745ca648fa9f0ebd73b115133c76495950e5,Potential EAE crossing issue only: upper EAE boundary is unavailable; nearest-log correspondence is ambiguous
nstxuG142301U85/N2/egn02w.4923E+02,,,nstxuG142301U85,2,7.016606095682847,201,eae_like,2,53.898628737819934,"[{""boundary"": ""high"", ""crossing_r"": ""0.4205068563109004"", ""singularity_r"": ""0.6900000000000001"", ""offset_grid"": ""-53.898628737819934""}, {""boundary"": ""high"", ""crossing_r"": ""0.44844262491780434"", ""singularity_r"": ""0.6900000000000001"", ""offset_grid"": ""-48.31147501643914""}]",MATCHED,2,10aebdcc3f77fd431d8fb98e671fb50c246109d95c9807ab945dbcfb41997de9,Potential EAE crossing issue only: upper EAE boundary is unavailable; nearest-log correspondence is ambiguous
nstxuG142301D46/N2/egn02w.4065E+02,,,nstxuG142301D46,2,6.375881163302266,201,eae_like,2,3.92623130072593,"[{""boundary"": ""high"", ""crossing_r"": ""0.09536884349637036"", ""singularity_r"": ""0.115"", ""offset_grid"": ""-3.92623130072593""}, {""boundary"": ""high"", ""crossing_r"": ""0.5618030930542565"", ""singularity_r"": ""0.55"", ""offset_grid"": ""2.360618610851284""}]",MATCHED,2,ae5be9ac0e52b5095f66da82b9e6c2c580cd955d3cf4e34176b4719ece8823ab,Potential EAE crossing issue only: upper EAE boundary is unavailable; nearest-log correspondence is ambiguous
nstxuG142301D46/N2/egn02w.4101E+02,,,nstxuG142301D46,2,6.403760748729899,201,eae_like,2,4.106046705783134,"[{""boundary"": ""high"", ""crossing_r"": ""0.09946976647108433"", ""singularity_r"": ""0.12"", ""offset_grid"": ""-4.106046705783134""}, {""boundary"": ""high"", ""crossing_r"": ""0.5557614872951685"", ""singularity_r"": ""0.545"", ""offset_grid"": ""2.152297459033692""}]",MATCHED,2,f8666951070dd44a36e8e8acf9dd77553c75e0e2646f1c808947a5f813f9c381,Potential EAE crossing issue only: upper EAE boundary is unavailable; nearest-log correspondence is ambiguous
nstxuG142301D46/N2/egn02w.4139E+02,,,nstxuG142301D46,2,6.4336768476202835,201,eae_like,2,4.157185163859866,"[{""boundary"": ""high"", ""crossing_r"": ""0.10421407418070067"", ""singularity_r"": ""0.125"", ""offset_grid"": ""-4.157185163859866""}, {""boundary"": ""high"", ""crossing_r"": ""0.5502734460350878"", ""singularity_r"": ""0.54"", ""offset_grid"": ""2.054689207017546""}]",MATCHED,2,8b10b23b7e2e6d72d9edbac247b8db1c3094041f7c2f062bc45cf0caf178132e,Potential EAE crossing issue only: upper EAE boundary is unavailable; nearest-log correspondence is ambiguous
nstxuG142301D46/N2/egn02w.4173E+02,,,nstxuG142301D46,2,6.459851176334851,201,eae_like,2,4.2812397998619,"[{""boundary"": ""high"", ""crossing_r"": ""0.1085938010006905"", ""singularity_r"": ""0.13"", ""offset_grid"": ""-4.2812397998619""}, {""boundary"": ""high"", ""crossing_r"": ""0.5459434344699984"", ""singularity_r"": ""0.535"", ""offset_grid"": ""2.1886868939996695""}]",MATCHED,2,086a35d59a2e9ca1e88a989e7c7230bcd67a5e3b0e834f6a44c79c8c70980bfc,Potential EAE crossing issue only: upper EAE boundary is unavailable; nearest-log correspondence is ambiguous
nstxuG142301D46/N2/egn02w.4219E+02,,,nstxuG142301D46,2,6.495651854115061,201,eae_like,2,4.047172339698607,"[{""boundary"": ""high"", ""crossing_r"": ""0.11476413830150697"", ""singularity_r"": ""0.135"", ""offset_grid"": ""-4.047172339698607""}, {""boundary"": ""high"", ""crossing_r"": ""0.5403161558060731"", ""singularity_r"": ""0.53"", ""offset_grid"": ""2.063231161214607""}]",MATCHED,2,616747b45407e8dc9ab793dac0ab3869aa15276f6f3cb86b1d863dc019394176,Potential EAE crossing issue only: upper EAE boundary is unavailable; nearest-log correspondence is ambiguous
nstxuG142301D46/N2/egn02w.4377E+02,,,nstxuG142301D46,2,6.616136542326689,201,eae_like,1,3.270687275908757,"[{""boundary"": ""high"", ""crossing_r"": ""0.5213534363795438"", ""singularity_r"": ""0.505"", ""offset_grid"": ""3.270687275908757""}]",MATCHED,2,ba932bdd5478aff3ca4ee12470c7e90de03e791c91e4aa0f58caba1e1cbcfe7a,Potential EAE crossing issue only: upper EAE boundary is unavailable; nearest-log correspondence is ambiguous
nstxuG142301F83/N1/egn01w.2741E+02,,,nstxuG142301F83,1,5.235110661186488,201,eae_like,1,12.623352363274698,"[{""boundary"": ""high"", ""crossing_r"": ""0.6268832381836266"", ""singularity_r"": ""0.6900000000000001"", ""offset_grid"": ""-12.623352363274698""}]",MATCHED,2,cc0377ffc5b988d9ac66f9efd087b6c9b43d6154e890df5315d136e04557f8d9,Potential EAE crossing issue only: upper EAE boundary is unavailable; nearest-log correspondence is ambiguous
nstxuG142301F83/N1/egn01w.2789E+02,,,nstxuG142301F83,1,5.281004743604545,201,eae_like,1,13.171292345094177,"[{""boundary"": ""high"", ""crossing_r"": ""0.6241435382745292"", ""singularity_r"": ""0.6900000000000001"", ""offset_grid"": ""-13.171292345094177""}]",MATCHED,2,59e49c37ad2b1a8858dfdd0cbc86e3069c0a7a6813ca27b551b23518d3a3929e,Potential EAE crossing issue only: upper EAE boundary is unavailable; nearest-log correspondence is ambiguous
nstxuG142301F83/N1/egn01w.2790E+02,,,nstxuG142301F83,1,5.2824060553456755,201,eae_like,1,13.189411627171687,"[{""boundary"": ""high"", ""crossing_r"": ""0.6240529418641416"", ""singularity_r"": ""0.6900000000000001"", ""offset_grid"": ""-13.189411627171687""}]",MATCHED,2,406adc3dfe4eb73b4f5eb1ee653607cdb60558b3849ce0ce72d1261d52b756e2,Potential EAE crossing issue only: upper EAE boundary is unavailable; nearest-log correspondence is ambiguous
nstxuG142301F83/N2/egn02w.3508E+02,,,nstxuG142301F83,2,5.922664117330187,201,eae_like,2,7.697237995234585,"[{""boundary"": ""low"", ""crossing_r"": ""0.2518882428011936"", ""singularity_r"": ""0.24"", ""offset_grid"": ""2.377648560238721""}, {""boundary"": ""high"", ""crossing_r"": ""0.563486189976173"", ""singularity_r"": ""0.525"", ""offset_grid"": ""7.697237995234585""}]",MATCHED,2,df461c387cafc3ec18ca6e0412c6545f69c508070ff12c3a140656be11cfca4d,Potential EAE crossing issue only: upper EAE boundary is unavailable; nearest-log correspondence is ambiguous
nstxuG142301F83/N2/egn02w.5896E+02,,,nstxuG142301F83,2,7.678601235953688,201,eae_like,2,4.042280994269312,"[{""boundary"": ""high"", ""crossing_r"": ""0.10521140497134657"", ""singularity_r"": ""0.085"", ""offset_grid"": ""4.042280994269312""}, {""boundary"": ""high"", ""crossing_r"": ""0.3573446339452063"", ""singularity_r"": ""0.34"", ""offset_grid"": ""3.46892678904126""}]",MATCHED,2,5ca0f0b09a8b07c2ae1e6134629fc87381f7b38237f0f4efdcaea268101c9a8a,Potential EAE crossing issue only: upper EAE boundary is unavailable; nearest-log correspondence is ambiguous
nstxuG142301F83/N2/egn02w.5906E+02,,,nstxuG142301F83,2,7.685305367096766,201,eae_like,2,4.776303635378487,"[{""boundary"": ""high"", ""crossing_r"": ""0.10888151817689244"", ""singularity_r"": ""0.085"", ""offset_grid"": ""4.776303635378487""}, {""boundary"": ""high"", ""crossing_r"": ""0.3567450116038412"", ""singularity_r"": ""0.34"", ""offset_grid"": ""3.349002320768235""}]",MATCHED,2,87b52504121330fdf81f2a54a18975e97d60e157ffa80bb3d26417461189594b,Potential EAE crossing issue only: upper EAE boundary is unavailable; nearest-log correspondence is ambiguous
nstxuG142301F83/N2/egn02w.5913E+02,,,nstxuG142301F83,2,7.689437336115863,201,eae_like,2,5.223683884345556,"[{""boundary"": ""high"", ""crossing_r"": ""0.11111841942172779"", ""singularity_r"": ""0.085"", ""offset_grid"": ""5.223683884345556""}, {""boundary"": ""high"", ""crossing_r"": ""0.35637518465078405"", ""singularity_r"": ""0.34"", ""offset_grid"": ""3.275036930156805""}]",MATCHED,2,2edc2531dc6f4191a424ea76c3e2852ac0531565b19893a0b1e38b1d84afb235,Potential EAE crossing issue only: upper EAE boundary is unavailable; nearest-log correspondence is ambiguous
nstxuG142301F83/N2/egn02w.5921E+02,,,nstxuG142301F83,2,7.694889740925467,201,eae_like,2,5.807512314911289,"[{""boundary"": ""high"", ""crossing_r"": ""0.11403756157455645"", ""singularity_r"": ""0.085"", ""offset_grid"": ""5.807512314911289""}, {""boundary"": ""high"", ""crossing_r"": ""0.3558868694506304"", ""singularity_r"": ""0.34"", ""offset_grid"": ""3.1773738901260784""}]",MATCHED,2,309656558cba78c8701e6fe134d26aa3c43ea11a7b96f63edb9cf43121588e4a,Potential EAE crossing issue only: upper EAE boundary is unavailable; nearest-log correspondence is ambiguous
nstxuG142301F83/N2/egn02w.6296E+02,,,nstxuG142301F83,2,7.934454710063739,201,eae_like,2,39.29970206724136,"[{""boundary"": ""high"", ""crossing_r"": ""0.21022417449941921"", ""singularity_r"": ""0.085"", ""offset_grid"": ""25.04483489988384""}, {""boundary"": ""high"", ""crossing_r"": ""0.3285014896637932"", ""singularity_r"": ""0.525"", ""offset_grid"": ""-39.29970206724136""}]",MATCHED,2,afa1d58f15b19b376a0653affafaca87d2c327ef020627576f97adddfbeab8ff,Potential EAE crossing issue only: upper EAE boundary is unavailable; nearest-log correspondence is ambiguous
nstxuG142301F83/N2/egn02w.6306E+02,,,nstxuG142301F83,2,7.940800443131134,201,eae_like,2,39.504121997436606,"[{""boundary"": ""high"", ""crossing_r"": ""0.21247281222563458"", ""singularity_r"": ""0.085"", ""offset_grid"": ""25.49456244512691""}, {""boundary"": ""high"", ""crossing_r"": ""0.327479390012817"", ""singularity_r"": ""0.525"", ""offset_grid"": ""-39.504121997436606""}]",MATCHED,2,b1c57e5e2cf3b34b3e80e6dd6b1ff151005c838ebd4abf12f6bb6ac6aa0fe5b3,Potential EAE crossing issue only: upper EAE boundary is unavailable; nearest-log correspondence is ambiguous
nstxuG142301F83/N2/egn02w.6313E+02,,,nstxuG142301F83,2,7.9454593848012545,201,eae_like,2,39.65430806860041,"[{""boundary"": ""high"", ""crossing_r"": ""0.21412487259591467"", ""singularity_r"": ""0.085"", ""offset_grid"": ""25.82497451918293""}, {""boundary"": ""high"", ""crossing_r"": ""0.326728459656998"", ""singularity_r"": ""0.525"", ""offset_grid"": ""-39.65430806860041""}]",MATCHED,2,46f8232b12afa684fdc2f994dc03ffa98b6da077d4f5f7b5a19f9699ad00d6c8,Potential EAE crossing issue only: upper EAE boundary is unavailable; nearest-log correspondence is ambiguous
nstxuG142301F83/N2/egn02w.6320E+02,,,nstxuG142301F83,2,7.949818197606786,201,eae_like,2,39.79489891855097,"[{""boundary"": ""high"", ""crossing_r"": ""0.21568070534475062"", ""singularity_r"": ""0.085"", ""offset_grid"": ""26.136141068950124""}, {""boundary"": ""high"", ""crossing_r"": ""0.3260255054072452"", ""singularity_r"": ""0.525"", ""offset_grid"": ""-39.79489891855097""}]",MATCHED,2,d938ae12a2d10bfee0c0f2cc3a348d005dc20d32ba8b3ca6189a4f6716fdadc7,Potential EAE crossing issue only: upper EAE boundary is unavailable; nearest-log correspondence is ambiguous
nstxuG142301F83/N2/egn02w.6335E+02,,,nstxuG142301F83,2,7.959096965521839,201,eae_like,2,40.109071708154595,"[{""boundary"": ""high"", ""crossing_r"": ""0.21902139090824022"", ""singularity_r"": ""0.085"", ""offset_grid"": ""26.804278181648044""}, {""boundary"": ""high"", ""crossing_r"": ""0.32445464145922703"", ""singularity_r"": ""0.525"", ""offset_grid"": ""-40.109071708154595""}]",MATCHED,2,b84044132734ff87370bc76ef6d426ac98fc16decb749d4ca2a2ffd28e0c7676,Potential EAE crossing issue only: upper EAE boundary is unavailable; nearest-log correspondence is ambiguous
nstxuG142301F83/N2/egn02w.6344E+02,,,nstxuG142301F83,2,7.964635805844286,201,eae_like,2,40.31577899572998,"[{""boundary"": ""high"", ""crossing_r"": ""0.22103856521597848"", ""singularity_r"": ""0.085"", ""offset_grid"": ""27.207713043195692""}, {""boundary"": ""high"", ""crossing_r"": ""0.32342110502135013"", ""singularity_r"": ""0.525"", ""offset_grid"": ""-40.31577899572998""}]",MATCHED,2,54e62cb7591f1c4e5551d12478d6782e30b22bd606746894007330e17c66425f,Potential EAE crossing issue only: upper EAE boundary is unavailable; nearest-log correspondence is ambiguous
nstxuG142301F83/N2/egn02w.6388E+02,,,nstxuG142301F83,2,7.992722584276934,201,eae_like,2,41.430871305571415,"[{""boundary"": ""high"", ""crossing_r"": ""0.23163429315282408"", ""singularity_r"": ""0.085"", ""offset_grid"": ""29.32685863056481""}, {""boundary"": ""high"", ""crossing_r"": ""0.31784564347214295"", ""singularity_r"": ""0.525"", ""offset_grid"": ""-41.430871305571415""}]",MATCHED,2,c4a2ee82fb744f4790afbb33a6aeb246936b42b38420a028b1a2857f4a8de47e,Potential EAE crossing issue only: upper EAE boundary is unavailable; nearest-log correspondence is ambiguous
nstxuG142301F83/N2/egn02w.6392E+02,,,nstxuG142301F83,2,7.99497297854293,201,eae_like,2,41.53008917453459,"[{""boundary"": ""high"", ""crossing_r"": ""0.23252185662267222"", ""singularity_r"": ""0.085"", ""offset_grid"": ""29.50437132453444""}, {""boundary"": ""high"", ""crossing_r"": ""0.31734955412732707"", ""singularity_r"": ""0.525"", ""offset_grid"": ""-41.53008917453459""}]",MATCHED,2,bcc72ba04a4a9866567d8883997b17d2264a4f6bc67a0de8e2546d0dd3c4db20,Potential EAE crossing issue only: upper EAE boundary is unavailable; nearest-log correspondence is ambiguous
nstxuG142301F83/N2/egn02w.6399E+02,,,nstxuG142301F83,2,7.999664620848343,201,eae_like,2,41.73702930122914,"[{""boundary"": ""high"", ""crossing_r"": ""0.234373060431212"", ""singularity_r"": ""0.085"", ""offset_grid"": ""29.8746120862424""}, {""boundary"": ""high"", ""crossing_r"": ""0.3163148534938543"", ""singularity_r"": ""0.525"", ""offset_grid"": ""-41.73702930122914""}]",MATCHED,2,85ed42d643ec0949bd95d876d71c179d1b507a1502af3269783c42ad3431e1d9,Potential EAE crossing issue only: upper EAE boundary is unavailable; nearest-log correspondence is ambiguous
nstxuG142301F83/N2/egn02w.6418E+02,,,nstxuG142301F83,2,8.011413784243603,201,eae_like,2,42.307822964492836,"[{""boundary"": ""high"", ""crossing_r"": ""0.23921671847654866"", ""singularity_r"": ""0.085"", ""offset_grid"": ""30.843343695309734""}, {""boundary"": ""high"", ""crossing_r"": ""0.31346088517753584"", ""singularity_r"": ""0.525"", ""offset_grid"": ""-42.307822964492836""}]",MATCHED,2,73250ca42f6267d5078eb08c9340708908bcaff251f9c4b0b5dbd264db426454,Potential EAE crossing issue only: upper EAE boundary is unavailable; nearest-log correspondence is ambiguous
nstxuG142301F83/N2/egn02w.6453E+02,,,nstxuG142301F83,2,8.033146023376815,201,eae_like,2,43.57566443195423,"[{""boundary"": ""high"", ""crossing_r"": ""0.24911500250899046"", ""singularity_r"": ""0.085"", ""offset_grid"": ""32.82300050179809""}, {""boundary"": ""high"", ""crossing_r"": ""0.30712167784022887"", ""singularity_r"": ""0.525"", ""offset_grid"": ""-43.57566443195423""}]",MATCHED,2,d084b76c34a9f84d656b040db05538b0fdeecbc30d8c634191d36222fba01036,Potential EAE crossing issue only: upper EAE boundary is unavailable; nearest-log correspondence is ambiguous
nstxuG142301K79/N2/egn02w.6642E+02,,,nstxuG142301K79,2,8.149708129662326,201,eae_like,1,2.1495450065299293,"[{""boundary"": ""high"", ""crossing_r"": ""0.47074772503264967"", ""singularity_r"": ""0.46"", ""offset_grid"": ""2.1495450065299293""}]",MATCHED,1,eefef2024576649ea6521d31b50e132866c7f8847cbd8b632fb6ea86c48e3c58,Potential EAE crossing issue only: upper EAE boundary is unavailable; nearest-log correspondence is ambiguous
nstxuG142301K79/N2/egn02w.8440E+02,,,nstxuG142301K79,2,9.186805156324105,201,eae_like,1,13.10597862961923,"[{""boundary"": ""high"", ""crossing_r"": ""0.21052989314809614"", ""singularity_r"": ""0.145"", ""offset_grid"": ""13.10597862961923""}]",MATCHED,2,50d36c958664eddc09a37e180b636827d85af80fbf9cb272e45a3b5d4dcd1922,Potential EAE crossing issue only: upper EAE boundary is unavailable; nearest-log correspondence is ambiguous
nstxuG121123N75/N2/egn02w.3006E+02,,,nstxuG121123N75,2,5.483033977224176,201,eae_like,1,4.366782999539631,"[{""boundary"": ""low"", ""crossing_r"": ""0.09183391499769816"", ""singularity_r"": ""0.07"", ""offset_grid"": ""4.366782999539631""}]",MATCHED,1,2d940c7c5df266346437c9a3771fc18f723e1cabeaff138bc27e57439ccdfba2,Potential EAE crossing issue only: upper EAE boundary is unavailable; nearest-log correspondence is ambiguous
nstxuG121123N75/N2/egn02w.3132E+02,,,nstxuG121123N75,2,5.596724437056206,201,eae_like,1,3.753173974197474,"[{""boundary"": ""low"", ""crossing_r"": ""0.07876586987098737"", ""singularity_r"": ""0.06"", ""offset_grid"": ""3.753173974197474""}]",MATCHED,1,6534c776417af94efba78326f440b9a0c13be9bfc08b055fd76c403fba8dd6d0,Potential EAE crossing issue only: upper EAE boundary is unavailable; nearest-log correspondence is ambiguous
nstxuG121123N75/N2/egn02w.4161E+02,,,nstxuG121123N75,2,6.4507584149687,201,eae_like,1,6.4882712612600955,"[{""boundary"": ""high"", ""crossing_r"": ""0.11755864369369952"", ""singularity_r"": ""0.15"", ""offset_grid"": ""-6.4882712612600955""}]",MATCHED,1,755d0b9e2781eb9ce00b82c8afe6910a415723232e3ffd23d9b586d82e1a8fdd,Potential EAE crossing issue only: upper EAE boundary is unavailable; nearest-log correspondence is ambiguous
nstxuG121123N75/N2/egn02w.4175E+02,,,nstxuG121123N75,2,6.461171826002741,201,eae_like,1,6.771374230418467,"[{""boundary"": ""high"", ""crossing_r"": ""0.12114312884790766"", ""singularity_r"": ""0.155"", ""offset_grid"": ""-6.771374230418467""}]",MATCHED,1,ca5b74f0764170e0e6f1b08543443552091ddb90980f000a9fad1dd7738e4ab7,Potential EAE crossing issue only: upper EAE boundary is unavailable; nearest-log correspondence is ambiguous
nstxuG121123N75/N2/egn02w.4656E+02,,,nstxuG121123N75,2,6.823757146572169,201,eae_like,1,4.675646031755903,"[{""boundary"": ""high"", ""crossing_r"": ""0.22662176984122048"", ""singularity_r"": ""0.25"", ""offset_grid"": ""-4.675646031755903""}]",MATCHED,1,fc5e4f08582ace653c3d77ad41a298b5e9ddaae6b873c6f670b5c8595921739d,Potential EAE crossing issue only: upper EAE boundary is unavailable; nearest-log correspondence is ambiguous
nstxuG121123N75/N2/egn02w.5355E+02,,,nstxuG121123N75,2,7.317627812973993,201,eae_like,3,63.656715713816034,"[{""boundary"": ""high"", ""crossing_r"": ""0.3232835785690802"", ""singularity_r"": ""0.005"", ""offset_grid"": ""63.656715713816034""}, {""boundary"": ""high"", ""crossing_r"": ""0.4380408578233736"", ""singularity_r"": ""0.645"", ""offset_grid"": ""-41.39182843532529""}, {""boundary"": ""high"", ""crossing_r"": ""0.5853035243196734"", ""singularity_r"": ""0.645"", ""offset_grid"": ""-11.939295136065331""}]",MATCHED,3,9997f283079254ec1156f8809210456c31a929184658cd874a2f532cdda73646,Potential EAE crossing issue only: upper EAE boundary is unavailable; nearest-log correspondence is ambiguous
nstxuG121123N75/N2/egn02w.5420E+02,,,nstxuG121123N75,2,7.362108212701463,201,eae_like,3,65.80903970368345,"[{""boundary"": ""high"", ""crossing_r"": ""0.33404519851841724"", ""singularity_r"": ""0.005"", ""offset_grid"": ""65.80903970368345""}, {""boundary"": ""high"", ""crossing_r"": ""0.4278481681025737"", ""singularity_r"": ""0.68"", ""offset_grid"": ""-50.43036637948527""}, {""boundary"": ""high"", ""crossing_r"": ""0.5988556871707744"", ""singularity_r"": ""0.68"", ""offset_grid"": ""-16.228862565845127""}]",MATCHED,3,913cadde87074fbb96b3ada680043f8d6a383938bc74b08273df3ee37a7e6937,Potential EAE crossing issue only: upper EAE boundary is unavailable; nearest-log correspondence is ambiguous
nstxuG121123N75/N2/egn02w.5440E+02,,,nstxuG121123N75,2,7.3756118724768225,201,eae_like,3,66.54645162298051,"[{""boundary"": ""high"", ""crossing_r"": ""0.3377322581149026"", ""singularity_r"": ""0.005"", ""offset_grid"": ""66.54645162298051""}, {""boundary"": ""high"", ""crossing_r"": ""0.42444280254973893"", ""singularity_r"": ""0.685"", ""offset_grid"": ""-52.11143949005223""}, {""boundary"": ""high"", ""crossing_r"": ""0.6042019821446853"", ""singularity_r"": ""0.685"", ""offset_grid"": ""-16.15960357106294""}]",MATCHED,3,421dd455627d5f90973318e1a5a490c96ff82237d79b6e429e191addd311bd2f,Potential EAE crossing issue only: upper EAE boundary is unavailable; nearest-log correspondence is ambiguous
nstxuG121123N75/N2/egn02w.5492E+02,,,nstxuG121123N75,2,7.410595133338696,201,eae_like,3,68.25013450685022,"[{""boundary"": ""high"", ""crossing_r"": ""0.348749327465749"", ""singularity_r"": ""0.6900000000000001"", ""offset_grid"": ""-68.25013450685022""}, {""boundary"": ""high"", ""crossing_r"": ""0.414125800300167"", ""singularity_r"": ""0.6900000000000001"", ""offset_grid"": ""-55.17483993996662""}, {""boundary"": ""high"", ""crossing_r"": ""0.663725395114876"", ""singularity_r"": ""0.6900000000000001"", ""offset_grid"": ""-5.254920977024802""}]",MATCHED,4,090bea679226ff36b99f590a25e08441ea024c507ec15afd8db1ef361f65427d,Potential EAE crossing issue only: upper EAE boundary is unavailable; nearest-log correspondence is ambiguous
nstxuG121123N75/N2/egn02w.5524E+02,,,nstxuG121123N75,2,7.432175504538571,201,eae_like,4,67.47084967715926,"[{""boundary"": ""high"", ""crossing_r"": ""0.35764575161420376"", ""singularity_r"": ""0.6950000000000001"", ""offset_grid"": ""-67.47084967715926""}, {""boundary"": ""high"", ""crossing_r"": ""0.4058027618561306"", ""singularity_r"": ""0.6950000000000001"", ""offset_grid"": ""-57.83944762877389""}, {""boundary"": ""high"", ""crossing_r"": ""0.6760797721589693"", ""singularity_r"": ""0.6950000000000001"", ""offset_grid"": ""-3.7840455682061513""}, {""boundary"": ""high"", ""crossing_r"": ""0.7471616849759338"", ""singularity_r"": ""0.735"", ""offset_grid"": ""2.432336995186768""}]",MATCHED,4,363535856f36461846123fa16ba33febc9c1e4d4c0af4d106264220666f4144d,Potential EAE crossing issue only: upper EAE boundary is unavailable; nearest-log correspondence is ambiguous
nstxuG121123N75/N2/egn02w.5559E+02,,,nstxuG121123N75,2,7.456065119912005,201,eae_like,4,65.03305693423886,"[{""boundary"": ""high"", ""crossing_r"": ""0.3748347153288058"", ""singularity_r"": ""0.7000000000000001"", ""offset_grid"": ""-65.03305693423886""}, {""boundary"": ""high"", ""crossing_r"": ""0.3889879531194097"", ""singularity_r"": ""0.7000000000000001"", ""offset_grid"": ""-62.20240937611807""}, {""boundary"": ""high"", ""crossing_r"": ""0.6828893134620678"", ""singularity_r"": ""0.7000000000000001"", ""offset_grid"": ""-3.422137307586448""}, {""boundary"": ""high"", ""crossing_r"": ""0.7454725050853672"", ""singularity_r"": ""0.735"", ""offset_grid"": ""2.094501017073447""}]",MATCHED,4,afb7511b37824d97347b08b615821bd99da01b4543eec9f250c5a1b4695c280f,Potential EAE crossing issue only: upper EAE boundary is unavailable; nearest-log correspondence is ambiguous
nstxuG121123N75/N2/egn02w.5632E+02,,,nstxuG121123N75,2,7.504890127268249,201,eae_like,2,2.5005622413380113,"[{""boundary"": ""high"", ""crossing_r"": ""0.6924971887933099"", ""singularity_r"": ""0.705"", ""offset_grid"": ""-2.5005622413380113""}, {""boundary"": ""high"", ""crossing_r"": ""0.7417999554139544"", ""singularity_r"": ""0.73"", ""offset_grid"": ""2.35999108279088""}]",MATCHED,2,325f716a053dad36ecbc59baba18a6c2964e53971e7495ed652a1abe7aa9833d,Potential EAE crossing issue only: upper EAE boundary is unavailable; nearest-log correspondence is ambiguous
nstxuG121123N75/N2/egn02w.5780E+02,,,nstxuG121123N75,2,7.602640588274163,201,eae_like,2,54.35832769047868,"[{""boundary"": ""high"", ""crossing_r"": ""0.7082083615476066"", ""singularity_r"": ""0.98"", ""offset_grid"": ""-54.35832769047868""}, {""boundary"": ""high"", ""crossing_r"": ""0.7323816158000208"", ""singularity_r"": ""0.98"", ""offset_grid"": ""-49.52367683999584""}]",MATCHED,2,68b8db842fc46cd7d1046b319f10d85db7ed95144a586a8ab43578bd70217f43,Potential EAE crossing issue only: upper EAE boundary is unavailable; nearest-log correspondence is ambiguous
nstxuG121123N75/N2/egn02w.5842E+02,,,nstxuG121123N75,2,7.643150044234655,201,eae_like,2,52.207690736857295,"[{""boundary"": ""high"", ""crossing_r"": ""0.7189615463157135"", ""singularity_r"": ""0.98"", ""offset_grid"": ""-52.207690736857295""}, {""boundary"": ""high"", ""crossing_r"": ""0.7228823599379057"", ""singularity_r"": ""0.98"", ""offset_grid"": ""-51.42352801241885""}]",MATCHED,2,ab85cef05795d6fdf8b1d2eab895e2069f30d06659613d32eafc5cda28ef031e,Potential EAE crossing issue only: upper EAE boundary is unavailable; nearest-log correspondence is ambiguous
nstxuG142301B85/N2/egn02w.4870E+02,,,nstxuG142301B85,2,6.978617335673534,201,eae_like,1,2.891736365341556,"[{""boundary"": ""high"", ""crossing_r"": ""0.04554131817329222"", ""singularity_r"": ""0.06"", ""offset_grid"": ""-2.891736365341556""}]",MATCHED,2,cec1addd5986da4ec201b2184fce164f89c3d4bf06fda042c155b021a7cf2fb0,Potential EAE crossing issue only: upper EAE boundary is unavailable; nearest-log correspondence is ambiguous
nstxuG142301B85/N2/egn02w.4899E+02,,,nstxuG142301B85,2,6.999635064500452,201,eae_like,1,2.222868413252299,"[{""boundary"": ""high"", ""crossing_r"": ""0.0488856579337385"", ""singularity_r"": ""0.06"", ""offset_grid"": ""-2.222868413252299""}]",MATCHED,2,bf8e28105e912d3518fe908fee1094b5713ff760fc7eea807d865e4565fb73fd,Potential EAE crossing issue only: upper EAE boundary is unavailable; nearest-log correspondence is ambiguous
nstxuG142301B85/N2/egn02w.4924E+02,,,nstxuG142301B85,2,7.017441118525591,201,eae_like,1,2.6864940192362905,"[{""boundary"": ""high"", ""crossing_r"": ""0.05156752990381855"", ""singularity_r"": ""0.065"", ""offset_grid"": ""-2.6864940192362905""}]",MATCHED,2,1ac3b70bb8ff1d5e76ccd89c4dde3d5e52600e340fb9181afed1a072099c119d,Potential EAE crossing issue only: upper EAE boundary is unavailable; nearest-log correspondence is ambiguous
nstxuG142301B85/N2/egn02w.5437E+02,,,nstxuG142301B85,2,7.373660393500925,201,eae_like,2,6.047411627401722,"[{""boundary"": ""high"", ""crossing_r"": ""0.09775624989681746"", ""singularity_r"": ""0.12"", ""offset_grid"": ""-4.448750020636508""}, {""boundary"": ""high"", ""crossing_r"": ""0.3552370581370086"", ""singularity_r"": ""0.325"", ""offset_grid"": ""6.047411627401722""}]",MATCHED,2,e198edf23cb7b6ef527a4483fc9d9bc63cbfe0c8c67a9f86ef76588c9b9c5b12,Potential EAE crossing issue only: upper EAE boundary is unavailable; nearest-log correspondence is ambiguous
nstxuE205059A01t025/N1/egn01w.2534E+02,,,nstxuE205059A01t025,1,5.034094794792857,201,eae_like,1,13.738540425765638,"[{""boundary"": ""high"", ""crossing_r"": ""0.19130729787117182"", ""singularity_r"": ""0.26"", ""offset_grid"": ""-13.738540425765638""}]",MATCHED,1,ca03c578f6146914b25b1965e5ebe644372c51e0904ac86f955988f8032b7193,Potential EAE crossing issue only: upper EAE boundary is unavailable; nearest-log correspondence is ambiguous
nstxuE205059A01t025/N1/egn01w.2542E+02,,,nstxuE205059A01t025,1,5.041914673742768,201,eae_like,1,13.264797150632852,"[{""boundary"": ""high"", ""crossing_r"": ""0.19367601424683575"", ""singularity_r"": ""0.26"", ""offset_grid"": ""-13.264797150632852""}]",MATCHED,1,79f8928433cacd8d0c6b4cdba2deaccdbc13135769aa257eb9f2901f3892b47f,Potential EAE crossing issue only: upper EAE boundary is unavailable; nearest-log correspondence is ambiguous
nstxuE205059A01t025/N1/egn01w.2584E+02,,,nstxuE205059A01t025,1,5.083627332776533,201,eae_like,1,12.8573172025164,"[{""boundary"": ""high"", ""crossing_r"": ""0.20571341398741802"", ""singularity_r"": ""0.27"", ""offset_grid"": ""-12.8573172025164""}]",MATCHED,1,3607ecab2a4c5a07bc4a4d9e0e66d9e41f5a67674844da2714a480cf5e336833,Potential EAE crossing issue only: upper EAE boundary is unavailable; nearest-log correspondence is ambiguous
nstxuE205059A01t025/N1/egn01w.2606E+02,,,nstxuE205059A01t025,1,5.1044628225932716,201,eae_like,1,12.727144343157237,"[{""boundary"": ""high"", ""crossing_r"": ""0.21136427828421384"", ""singularity_r"": ""0.275"", ""offset_grid"": ""-12.727144343157237""}]",MATCHED,1,d7c3b7ecd87ab91ad368b8a4c9b2eeea90438a70366396a0434f49331e98d12f,Potential EAE crossing issue only: upper EAE boundary is unavailable; nearest-log correspondence is ambiguous
nstxuE205059A01t025/N1/egn01w.2786E+02,,,nstxuE205059A01t025,1,5.277967291822928,201,eae_like,1,13.464737130832049,"[{""boundary"": ""high"", ""crossing_r"": ""0.25267631434583976"", ""singularity_r"": ""0.32"", ""offset_grid"": ""-13.464737130832049""}]",MATCHED,1,1cf1039b776d0bbc39adf65ee8bf0b2dd79c9f1f00e089e92cd818a407da524e,Potential EAE crossing issue only: upper EAE boundary is unavailable; nearest-log correspondence is ambiguous
nstxuE205059A01t025/N1/egn01w.2971E+02,,,nstxuE205059A01t025,1,5.45094658456338,201,eae_like,1,14.765706231833942,"[{""boundary"": ""high"", ""crossing_r"": ""0.2911714688408303"", ""singularity_r"": ""0.365"", ""offset_grid"": ""-14.765706231833942""}]",MATCHED,1,e0bfd8676ee6dc50cfe04981af79f9b7cfac43777e8dc072e3909cfbd476bdcf,Potential EAE crossing issue only: upper EAE boundary is unavailable; nearest-log correspondence is ambiguous
nstxuE205059A01t025/N1/egn01w.3014E+02,,,nstxuE205059A01t025,1,5.4903033916384665,201,eae_like,1,14.882494468554574,"[{""boundary"": ""high"", ""crossing_r"": ""0.3005875276572271"", ""singularity_r"": ""0.375"", ""offset_grid"": ""-14.882494468554574""}]",MATCHED,1,075715fa6f2289d0d10ccd7cd5a8908aaf17a09ec218b4f96126d6965cd6d5f0,Potential EAE crossing issue only: upper EAE boundary is unavailable; nearest-log correspondence is ambiguous
nstxuE205059A01t025/N1/egn01w.3036E+02,,,nstxuE205059A01t025,1,5.510412728416993,201,eae_like,1,14.891285139774835,"[{""boundary"": ""high"", ""crossing_r"": ""0.30554357430112583"", ""singularity_r"": ""0.38"", ""offset_grid"": ""-14.891285139774835""}]",MATCHED,1,139886a865a511e8881cc0bb0ca7cc984d2817bf7bd1bd85cb0f17827b995305,Potential EAE crossing issue only: upper EAE boundary is unavailable; nearest-log correspondence is ambiguous
nstxuE205059A01t025/N1/egn01w.3059E+02,,,nstxuE205059A01t025,1,5.530727748166792,201,eae_like,1,14.870147381888287,"[{""boundary"": ""high"", ""crossing_r"": ""0.31064926309055857"", ""singularity_r"": ""0.385"", ""offset_grid"": ""-14.870147381888287""}]",MATCHED,1,99c62fd1230edde62a4c68ee55ceff5c084827242a815603cf12c310e3485a06,Potential EAE crossing issue only: upper EAE boundary is unavailable; nearest-log correspondence is ambiguous
nstxuE205059A01t025/N1/egn01w.3082E+02,,,nstxuE205059A01t025,1,5.5511906395337745,201,eae_like,1,14.822049206426758,"[{""boundary"": ""high"", ""crossing_r"": ""0.3158897539678662"", ""singularity_r"": ""0.39"", ""offset_grid"": ""-14.822049206426758""}]",MATCHED,1,36d5e5ebc2250524a0ae49a77a5a7ff0d86a1c2eac849a8e03d715fbacb73f96,Potential EAE crossing issue only: upper EAE boundary is unavailable; nearest-log correspondence is ambiguous
nstxuE205059A01t025/N1/egn01w.3129E+02,,,nstxuE205059A01t025,1,5.59360114474096,201,eae_like,1,14.5934018763628,"[{""boundary"": ""high"", ""crossing_r"": ""0.327032990618186"", ""singularity_r"": ""0.4"", ""offset_grid"": ""-14.5934018763628""}]",MATCHED,1,f5b00fa22ce9ef799dc0550f050dcd21941bdb4fa7887c4aa24ea17e503088e3,Potential EAE crossing issue only: upper EAE boundary is unavailable; nearest-log correspondence is ambiguous
nstxuE205059A01t025/N1/egn01w.3143E+02,,,nstxuE205059A01t025,1,5.605872999704488,201,eae_like,1,14.937154125356244,"[{""boundary"": ""high"", ""crossing_r"": ""0.3303142293732188"", ""singularity_r"": ""0.405"", ""offset_grid"": ""-14.937154125356244""}]",MATCHED,1,6ca01435ce72149f04756fda30a703301b67d44974c25ad068f1bc4cd919aeea,Potential EAE crossing issue only: upper EAE boundary is unavailable; nearest-log correspondence is ambiguous
nstxuE205059A01t025/N1/egn01w.4793E+02,,,nstxuE205059A01t025,1,6.923166350672139,201,eae_like,2,8.470831143654745,"[{""boundary"": ""high"", ""crossing_r"": ""0.5776458442817263"", ""singularity_r"": ""0.62"", ""offset_grid"": ""-8.470831143654745""}, {""boundary"": ""high"", ""crossing_r"": ""0.6886574231029414"", ""singularity_r"": ""0.655"", ""offset_grid"": ""6.7314846205882795""}]",MATCHED,2,3444b1e5df3a389642fce4d10e0e39575b3479ee2ed120d2f9d6fbcb69989c9b,Potential EAE crossing issue only: upper EAE boundary is unavailable; nearest-log correspondence is ambiguous
nstxuG142301F62/N2/egn02w.1180E+03,,,nstxuG142301F62,2,10.863872483094939,201,eae_like,1,103.1390084882363,"[{""boundary"": ""high"", ""crossing_r"": ""0.20930495755881845"", ""singularity_r"": ""0.725"", ""offset_grid"": ""-103.1390084882363""}]",MATCHED,1,4650e20e61ff88f84cd6ae8af38b646c0c2bdb81091b07201208a88f35108891,Potential EAE crossing issue only: upper EAE boundary is unavailable; nearest-log correspondence is ambiguous
nstxuG142301F62/N2/egn02w.1206E+03,,,nstxuG142301F62,2,10.982149466652453,201,eae_like,1,106.25175764929624,"[{""boundary"": ""high"", ""crossing_r"": ""0.19374121175351883"", ""singularity_r"": ""0.725"", ""offset_grid"": ""-106.25175764929624""}]",MATCHED,1,11c21e66047c35d7e95641be8a637a9618dcbdb5019e39e18ed610046e87f47a,Potential EAE crossing issue only: upper EAE boundary is unavailable; nearest-log correspondence is ambiguous
nstxuG142301F62/N2/egn02w.1246E+03,,,nstxuG142301F62,2,11.16344075719819,201,eae_like,1,113.2298444196992,"[{""boundary"": ""high"", ""crossing_r"": ""0.15885077790150393"", ""singularity_r"": ""0.725"", ""offset_grid"": ""-113.2298444196992""}]",MATCHED,1,d87e263b90eed74e96d659f0aae11d41727b7e0e6b6b5fbe8bbd1ee130878683,Potential EAE crossing issue only: upper EAE boundary is unavailable; nearest-log correspondence is ambiguous
nstxuG121123R42/N1/egn01w.6147E+02,,,nstxuG121123R42,1,7.839984308280322,201,eae_like,1,5.349757896017893,"[{""boundary"": ""high"", ""crossing_r"": ""0.26674878948008945"", ""singularity_r"": ""0.24"", ""offset_grid"": ""5.349757896017893""}]",MATCHED,2,8d106d79f5076cfb28043b06e18493e6c00154336a40e046a62399294294c758,Potential EAE crossing issue only: upper EAE boundary is unavailable; nearest-log correspondence is ambiguous
nstxuG121123R42/N1/egn01w.6151E+02,,,nstxuG121123R42,1,7.84276993023329,201,eae_like,1,4.797261883939441,"[{""boundary"": ""high"", ""crossing_r"": ""0.2689863094196972"", ""singularity_r"": ""0.245"", ""offset_grid"": ""4.797261883939441""}]",MATCHED,2,8194f323c0c6d4dd116838c3b287fe23e6b61b7b9c14b207e859686f5e1afcc9,Potential EAE crossing issue only: upper EAE boundary is unavailable; nearest-log correspondence is ambiguous
nstxuG121123R42/N1/egn01w.6156E+02,,,nstxuG121123R42,1,7.846093082430473,201,eae_like,1,4.309810513192125,"[{""boundary"": ""high"", ""crossing_r"": ""0.2715490525659606"", ""singularity_r"": ""0.25"", ""offset_grid"": ""4.309810513192125""}]",MATCHED,2,158f6eb2accb980e05545bc9d6e977d5f476ea2b20166cc6b129f838a43184e4,Potential EAE crossing issue only: upper EAE boundary is unavailable; nearest-log correspondence is ambiguous
nstxuG121123R42/N1/egn01w.6178E+02,,,nstxuG121123R42,1,7.860274335387481,201,eae_like,1,3.351061448296011,"[{""boundary"": ""high"", ""crossing_r"": ""0.28175530724148007"", ""singularity_r"": ""0.265"", ""offset_grid"": ""3.351061448296011""}]",MATCHED,2,85e26ffda131fb677e7bb7b0995bd325519401b61f5aaf822a4ee98c6d7477fc,Potential EAE crossing issue only: upper EAE boundary is unavailable; nearest-log correspondence is ambiguous
nstxuG121123R42/N1/egn01w.6185E+02,,,nstxuG121123R42,1,7.864745712834657,201,eae_like,1,2.9615326352884663,"[{""boundary"": ""high"", ""crossing_r"": ""0.28480766317644235"", ""singularity_r"": ""0.27"", ""offset_grid"": ""2.9615326352884663""}]",MATCHED,2,0d63cd00f9886f25f749392c97ad1833e81bec5a852a3f6bcfca332f9bcd90aa,Potential EAE crossing issue only: upper EAE boundary is unavailable; nearest-log correspondence is ambiguous
nstxuG121123R42/N1/egn01w.6186E+02,,,nstxuG121123R42,1,7.86513088263765,201,eae_like,1,3.0136808292400175,"[{""boundary"": ""high"", ""crossing_r"": ""0.2850684041462001"", ""singularity_r"": ""0.27"", ""offset_grid"": ""3.0136808292400175""}]",MATCHED,2,3dd10e6787cd81cbf3a9d3bd442f10560cd7af1d8910851997e18fbf842475ee,Potential EAE crossing issue only: upper EAE boundary is unavailable; nearest-log correspondence is ambiguous
nstxuG121123R42/N1/egn01w.6191E+02,,,nstxuG121123R42,1,7.868373669900519,201,eae_like,1,2.442401967579544,"[{""boundary"": ""high"", ""crossing_r"": ""0.28721200983789774"", ""singularity_r"": ""0.275"", ""offset_grid"": ""2.442401967579544""}]",MATCHED,2,957da6600ac6ad90cbd521321e32be5c58f2a25ded943f5f0a6ab2a64b2ec5ca,Potential EAE crossing issue only: upper EAE boundary is unavailable; nearest-log correspondence is ambiguous
nstxuG121123R42/N1/egn01w.6222E+02,,,nstxuG121123R42,1,7.8882268658257235,201,eae_like,1,2.013537564012413,"[{""boundary"": ""high"", ""crossing_r"": ""0.30006768782006205"", ""singularity_r"": ""0.29"", ""offset_grid"": ""2.013537564012413""}]",MATCHED,2,0d5fa4bb04a7a58946a11f6590a685fa50be7fd4da792a6a32f22ce6869013a7,Potential EAE crossing issue only: upper EAE boundary is unavailable; nearest-log correspondence is ambiguous
nstxuG121123R42/N1/egn01w.6239E+02,,,nstxuG121123R42,1,7.899043107573611,201,eae_like,1,2.40432962770758,"[{""boundary"": ""high"", ""crossing_r"": ""0.3070216481385379"", ""singularity_r"": ""0.295"", ""offset_grid"": ""2.40432962770758""}]",MATCHED,2,5c03165f771d765eaff5ac8ba6bbffbd3b63a08a606b1a9229aab9c48ef6592f,Potential EAE crossing issue only: upper EAE boundary is unavailable; nearest-log correspondence is ambiguous
nstxuG121123R42/N1/egn01w.6254E+02,,,nstxuG121123R42,1,7.908433442553978,201,eae_like,1,2.6362960045508754,"[{""boundary"": ""high"", ""crossing_r"": ""0.31318148002275437"", ""singularity_r"": ""0.3"", ""offset_grid"": ""2.6362960045508754""}]",MATCHED,2,00eb5ca77a5630f18f481e1de12a30ab2c0ea67ff96a38946f05de0ed303bf6d,Potential EAE crossing issue only: upper EAE boundary is unavailable; nearest-log correspondence is ambiguous
nstxuG121123R42/N1/egn01w.6259E+02,,,nstxuG121123R42,1,7.91138641936612,201,eae_like,1,2.0287842023501867,"[{""boundary"": ""high"", ""crossing_r"": ""0.3151439210117509"", ""singularity_r"": ""0.305"", ""offset_grid"": ""2.0287842023501867""}]",MATCHED,2,8b7ffc3f8abd9e61cd0fa82495215dc0dcf4e74863ba9f3f7ced9becca2bef6c,Potential EAE crossing issue only: upper EAE boundary is unavailable; nearest-log correspondence is ambiguous
nstxuG121123R42/N1/egn01w.6261E+02,,,nstxuG121123R42,1,7.912827233134099,201,eae_like,1,2.2249358860445767,"[{""boundary"": ""high"", ""crossing_r"": ""0.3161246794302229"", ""singularity_r"": ""0.305"", ""offset_grid"": ""2.2249358860445767""}]",MATCHED,2,8b15239e63fd5470bfd635d83769376ccc0d908e5528384a44a96d76af8e1954,Potential EAE crossing issue only: upper EAE boundary is unavailable; nearest-log correspondence is ambiguous
nstxuG121123R42/N1/egn01w.6272E+02,,,nstxuG121123R42,1,7.919624738262416,201,eae_like,1,2.154844567776859,"[{""boundary"": ""high"", ""crossing_r"": ""0.3207742228388843"", ""singularity_r"": ""0.31"", ""offset_grid"": ""2.154844567776859""}]",MATCHED,2,40e8cbe6ce886d7fed333d28070eb9b3328a25f5f00891eef7db5fe708c4920a,Potential EAE crossing issue only: upper EAE boundary is unavailable; nearest-log correspondence is ambiguous
nstxuG121123R42/N2/egn02w.4315E+02,,,nstxuG121123R42,2,6.569107460807188,201,eae_like,3,10.320850430434515,"[{""boundary"": ""high"", ""crossing_r"": ""0.6926130502886614"", ""singularity_r"": ""0.645"", ""offset_grid"": ""9.522610057732273""}, {""boundary"": ""high"", ""crossing_r"": ""0.7033957478478274"", ""singularity_r"": ""0.755"", ""offset_grid"": ""-10.320850430434515""}, {""boundary"": ""high"", ""crossing_r"": ""0.7364743482662133"", ""singularity_r"": ""0.755"", ""offset_grid"": ""-3.705130346757346""}]",MATCHED,5,7a5f05158bf61280876a9c4054f2be134495bdf00f653eece5f839484bb41d72,Potential EAE crossing issue only: upper EAE boundary is unavailable; nearest-log correspondence is ambiguous
nstxuG121123R42/N2/egn02w.4334E+02,,,nstxuG121123R42,2,6.583012160640665,201,eae_like,1,2.336624016532607,"[{""boundary"": ""high"", ""crossing_r"": ""0.651683120082663"", ""singularity_r"": ""0.64"", ""offset_grid"": ""2.336624016532607""}]",MATCHED,1,2c24e973e066946425f52662c128d3523a46ff177e18d44a783f8660488f1380,Potential EAE crossing issue only: upper EAE boundary is unavailable; nearest-log correspondence is ambiguous
nstxuG121123R42/N2/egn02w.6497E+02,,,nstxuG121123R42,2,8.06053409033349,201,eae_like,2,9.340221768011677,"[{""boundary"": ""high"", ""crossing_r"": ""0.1032988911599416"", ""singularity_r"": ""0.15"", ""offset_grid"": ""-9.340221768011677""}, {""boundary"": ""high"", ""crossing_r"": ""0.3725624087163695"", ""singularity_r"": ""0.34"", ""offset_grid"": ""6.51248174327389""}]",MATCHED,2,79a5ebb351d116c287f8e984ffb287c359c8c2127405f29150bed64843d6dcdf,Potential EAE crossing issue only: upper EAE boundary is unavailable; nearest-log correspondence is ambiguous
nstxuG121123R42/N2/egn02w.6528E+02,,,nstxuG121123R42,2,8.079846076971453,201,eae_like,2,9.35961308235995,"[{""boundary"": ""high"", ""crossing_r"": ""0.10820193458820025"", ""singularity_r"": ""0.155"", ""offset_grid"": ""-9.35961308235995""}, {""boundary"": ""high"", ""crossing_r"": ""0.3699689609687564"", ""singularity_r"": ""0.34"", ""offset_grid"": ""5.993792193751279""}]",MATCHED,2,d4318a51aad86b25728d48eea52af86294fe43d17ffeb834d5e7ba2a1ea2fc7a,Potential EAE crossing issue only: upper EAE boundary is unavailable; nearest-log correspondence is ambiguous
nstxuG121123R42/N2/egn02w.6559E+02,,,nstxuG121123R42,2,8.098974212257762,201,eae_like,2,9.384123498585675,"[{""boundary"": ""high"", ""crossing_r"": ""0.11307938250707163"", ""singularity_r"": ""0.16"", ""offset_grid"": ""-9.384123498585675""}, {""boundary"": ""high"", ""crossing_r"": ""0.3675106315931579"", ""singularity_r"": ""0.335"", ""offset_grid"": ""6.502126318631573""}]",MATCHED,2,f7f7be843801c50b87be230b1a927e5ce85e2fa99f406e75d66be049e567aa1a,Potential EAE crossing issue only: upper EAE boundary is unavailable; nearest-log correspondence is ambiguous
nstxuG121123R42/N2/egn02w.6589E+02,,,nstxuG121123R42,2,8.117517158677794,201,eae_like,2,9.449862866671236,"[{""boundary"": ""high"", ""crossing_r"": ""0.11775068566664383"", ""singularity_r"": ""0.165"", ""offset_grid"": ""-9.449862866671236""}, {""boundary"": ""high"", ""crossing_r"": ""0.36512196121583773"", ""singularity_r"": ""0.33"", ""offset_grid"": ""7.024392243167544""}]",MATCHED,2,975f37d29c334886f6836324b276ec4da6a3e1250d54c391efdf7f8ae4abe410,Potential EAE crossing issue only: upper EAE boundary is unavailable; nearest-log correspondence is ambiguous
nstxuG121123R42/N2/egn02w.6619E+02,,,nstxuG121123R42,2,8.135439721630643,201,eae_like,2,9.566725403506135,"[{""boundary"": ""high"", ""crossing_r"": ""0.12216637298246934"", ""singularity_r"": ""0.17"", ""offset_grid"": ""-9.566725403506135""}, {""boundary"": ""high"", ""crossing_r"": ""0.3628680190648495"", ""singularity_r"": ""0.33"", ""offset_grid"": ""6.573603812969897""}]",MATCHED,2,fa7951641ddfaeef4ee95cebc3f2b1d19424fe05913330c12e2837c12bccd202,Potential EAE crossing issue only: upper EAE boundary is unavailable; nearest-log correspondence is ambiguous
nstxuG121123R42/N2/egn02w.6646E+02,,,nstxuG121123R42,2,8.15257976104521,201,eae_like,2,9.741971128818655,"[{""boundary"": ""high"", ""crossing_r"": ""0.12629014435590674"", ""singularity_r"": ""0.17500000000000002"", ""offset_grid"": ""-9.741971128818655""}, {""boundary"": ""high"", ""crossing_r"": ""0.36071103663390336"", ""singularity_r"": ""0.325"", ""offset_grid"": ""7.142207326780669""}]",MATCHED,2,9251fe0c6c1fd0e1f39a8c87dde677d65506303b3a2f55d46f25fe1eaaef4a3c,Potential EAE crossing issue only: upper EAE boundary is unavailable; nearest-log correspondence is ambiguous
nstxuG121123R42/N2/egn02w.6673E+02,,,nstxuG121123R42,2,8.169010514169516,201,eae_like,2,10.967899318061159,"[{""boundary"": ""high"", ""crossing_r"": ""0.1301605034096942"", ""singularity_r"": ""0.185"", ""offset_grid"": ""-10.967899318061159""}, {""boundary"": ""high"", ""crossing_r"": ""0.35865266949002433"", ""singularity_r"": ""0.32"", ""offset_grid"": ""7.7305338980048655""}]",MATCHED,2,95d22c982b7ceef2e583f7289af846adc21e550a860905e369048a522f0e73fe,Potential EAE crossing issue only: upper EAE boundary is unavailable; nearest-log correspondence is ambiguous
nstxuG121123R42/N2/egn02w.6723E+02,,,nstxuG121123R42,2,8.19910962220525,201,eae_like,2,11.586668600260714,"[{""boundary"": ""high"", ""crossing_r"": ""0.13706665699869644"", ""singularity_r"": ""0.195"", ""offset_grid"": ""-11.586668600260714""}, {""boundary"": ""high"", ""crossing_r"": ""0.3548835842704757"", ""singularity_r"": ""0.315"", ""offset_grid"": ""7.9767168540951445""}]",MATCHED,2,0671d4b3cceeb9be053d7f5c0ff55d4e0b435cdff6ef7e1f0661bb1822fe00cd,Potential EAE crossing issue only: upper EAE boundary is unavailable; nearest-log correspondence is ambiguous
nstxuG121123R42/N2/egn02w.6745E+02,,,nstxuG121123R42,2,8.212933700845863,201,eae_like,2,11.95774143068612,"[{""boundary"": ""high"", ""crossing_r"": ""0.1402112928465694"", ""singularity_r"": ""0.2"", ""offset_grid"": ""-11.95774143068612""}, {""boundary"": ""high"", ""crossing_r"": ""0.35313721823435296"", ""singularity_r"": ""0.31"", ""offset_grid"": ""8.627443646870592""}]",MATCHED,2,6d7c986f1c788ef1cc12020278b65600684e336944ec49670421113beb15b0de,Potential EAE crossing issue only: upper EAE boundary is unavailable; nearest-log correspondence is ambiguous
nstxuG121123R42/N2/egn02w.6911E+02,,,nstxuG121123R42,2,8.313019778133134,201,eae_like,2,118.30821862220509,"[{""boundary"": ""high"", ""crossing_r"": ""0.16345890688897458"", ""singularity_r"": ""0.755"", ""offset_grid"": ""-118.30821862220509""}, {""boundary"": ""high"", ""crossing_r"": ""0.34002878578474643"", ""singularity_r"": ""0.755"", ""offset_grid"": ""-82.99424284305071""}]",MATCHED,2,68753b3e1420f29a879790a29c38b0aef13514f8d1c8eadc7fdc7293408f3d2d,Potential EAE crossing issue only: upper EAE boundary is unavailable; nearest-log correspondence is ambiguous
